Timestamp,Credited Energy Volume Battery MWh Output,Battery SoC,Day Ahead Price (EPEX),GB-ISEM Intraday 1 Price,DA HH Price,SSP,SBP,IDC Price,Imbalance Revenue,Imbalance Charge,DA MW,EPEX DA Revenues,EPEX 30 DA MW,EPEX 30 DA Revenue,IDA1 MW,IDA1 Revenue,IDC MW,IDC Revenue,SFFR Availability,SFFR Clearing Price,SFFR revenues,DCL Availability,DCL Clearing Price,DCL revenues,DCH Availability,DCH Clearing Price,DCH revenues,DML Availability,DML Clearing Price,DML revenues,DMH Availability,DMH Clearing Price,DMH revenues,DRL Availability,DRL Clearing Price,DRL revenues,DRH Availability,DRH Clearing Price,DRH revenues,Power_MW,SOC,SCADA_Daily_Import_kWh,SCADA_Daily_Cycles,SCADA_Cumulative_Cycles,SCADA_Export_Cycles,SCADA_Daily_Export_kWh,SCADA_SOH,SCADA_Import_Cycles,SCADA_RTE,SCADA_Availability,SCADA_Inverter_Availability,SCADA_SOC_calculated
2026-05-01 00:30:00,-0.081,,83.3,82.2,89.49,95.2,95.2,,68.4488,0.0,0.0,,0.0,0.0,-1.6,-65.76,0.0,0.0,7.0,2.09,7.3149999999999995,0.0,1.61,0.0,0.0,10.44,0.0,0.0,5.06,0.0,0.0,-0.02,0.0,0.0,14.0,0.0,0.0,-8.94,0.0,-2.3463242266666664,,1178.82617,0.0594660105,190.437483,0.0,0.0,99.861534,0.119506229,83.9480041,73.0769185,75.0,False
2026-05-01 01:00:00,0.0,,87.0,81.8,87.0,75.06,75.06,,18.765,0.0,0.0,,0.0,0.0,-0.5,-20.45,0.0,0.0,7.0,2.09,7.3149999999999995,0.0,1.61,0.0,0.0,10.44,0.0,0.0,5.06,0.0,0.0,-0.02,0.0,0.0,14.0,0.0,0.0,-8.94,0.0,-0.16386180433333333,,1258.08587,0.0636189785,190.441539,0.0,0.0,99.861534,0.127541364,83.9399698,73.0769185,75.0,False
2026-05-01 01:30:00,0.0,,87.0,82.2,87.0,72.85,72.85,,0.0,0.0,0.0,,0.0,0.0,0.0,0.0,0.0,0.0,7.0,2.09,7.3149999999999995,0.0,1.61,0.0,0.0,10.44,0.0,0.0,5.06,0.0,0.0,-0.02,0.0,0.0,14.0,0.0,0.0,-8.94,0.0,-0.007289611133333333,,1259.51478,0.0638037285,190.441843,0.0,0.0,99.861534,0.127686223,83.93992,73.0769185,75.0,False
2026-05-01 02:00:00,0.0,,87.0,83.91,85.84,73.08,73.08,,0.0,0.0,0.0,,0.0,0.0,0.0,0.0,0.0,0.0,7.0,2.09,7.3149999999999995,0.0,1.61,0.0,0.0,10.44,0.0,0.0,5.06,0.0,0.0,-0.02,0.0,0.0,14.0,0.0,0.0,-8.94,0.0,-0.007365694533333332,,1260.96496,0.063990407,190.441944,0.0,0.0,99.861534,0.127833238,83.9398864,73.0769185,75.0,False
2026-05-01 02:30:00,0.0,,87.0,83.9,85.26,75.67,75.67,,0.0,0.0,0.0,,0.0,0.0,0.0,0.0,0.0,0.0,7.0,2.09,7.3149999999999995,0.0,1.61,0.0,0.0,10.44,0.0,0.0,5.06,0.0,0.0,-0.02,0.0,0.0,14.0,0.0,0.0,-8.94,0.0,-0.0073628333,,1262.34687,0.0641770135,190.442147,0.0,0.0,99.861534,0.127973333,83.9398397,73.0769185,75.0,False
2026-05-01 03:00:00,0.0,,88.0,80.39,85.44,76.03,76.03,,3.8015000000000003,0.0,0.0,,0.0,0.0,-0.1,-4.0195,0.0,0.0,7.0,2.2,7.700000000000001,0.0,0.99,0.0,0.0,0.66,0.0,0.0,4.67,0.0,0.0,-1.03,0.0,0.0,16.3,0.0,0.0,-8.72,0.0,-0.007301361100000001,,1263.71114,0.0643620615,190.442249,0.0,0.0,99.861534,0.128111639,83.9397977,73.0769185,75.0,False
2026-05-01 03:30:00,0.0,,88.0,80.0,84.0,74.8,74.8,,0.0,0.0,0.0,,0.0,0.0,0.0,0.0,0.0,0.0,7.0,2.2,7.700000000000001,0.0,0.99,0.0,0.0,0.66,0.0,0.0,4.67,0.0,0.0,-1.03,0.0,0.0,16.3,0.0,0.0,-8.72,0.0,-0.007385694433333333,,1265.11567,0.0645492465,190.442502,0.0,0.0,99.861534,0.128254026,83.9397447,73.0769185,75.0,False
2026-05-01 04:00:00,0.0,,90.8,82.8,82.8,72.83,72.83,,0.0,0.0,0.0,,0.0,0.0,0.0,0.0,0.0,0.0,7.0,2.2,7.700000000000001,0.0,0.99,0.0,0.0,0.66,0.0,0.0,4.67,0.0,0.0,-1.03,0.0,0.0,16.3,0.0,0.0,-8.72,0.0,-0.007400361,,1266.55017,0.0647368035,190.442604,0.0,0.0,99.861534,0.128399452,83.9396995,73.0769185,75.0,False
2026-05-01 04:30:00,0.0,,90.8,82.87,84.08,78.58,78.58,,0.0,0.0,0.0,,0.0,0.0,0.0,0.0,0.0,0.0,7.0,2.2,7.700000000000001,0.0,0.99,0.0,0.0,0.66,0.0,0.0,4.67,0.0,0.0,-1.03,0.0,0.0,16.3,0.0,0.0,-8.72,0.0,-0.007373472266666667,,1267.99104,0.0649236795,190.442755,0.0,0.0,99.861534,0.128545523,83.9396529,73.0769185,75.0,False
2026-05-01 05:00:00,0.0,,94.5,84.0,86.0,77.0,77.0,,0.0,0.0,0.0,,0.0,0.0,0.0,0.0,0.0,0.0,7.0,2.2,7.700000000000001,0.0,0.99,0.0,0.0,0.66,0.0,0.0,4.67,0.0,0.0,-1.03,0.0,0.0,16.3,0.0,0.0,-8.72,0.0,-0.0073519723,,1269.39867,0.0651100105,190.442907,0.0,0.0,99.861534,0.128688225,83.9396402,73.0769185,75.0,False
2026-05-01 05:30:00,0.0,,94.5,87.55,89.29,92.33,92.33,,0.0,0.0,0.0,,0.0,0.0,0.0,0.0,0.0,0.0,7.0,2.2,7.700000000000001,0.0,0.99,0.0,0.0,0.66,0.0,0.0,4.67,0.0,0.0,-1.03,0.0,0.0,16.3,0.0,0.0,-8.72,0.0,-0.007315527799999999,,1270.86108,0.0652954175,190.44311,0.0,0.0,99.861534,0.12883648,83.9395981,73.0769185,75.0,False
2026-05-01 06:00:00,0.0,,104.4,91.1,90.0,96.17,96.17,,0.0,0.0,0.0,,0.0,0.0,0.0,0.0,0.0,0.0,7.0,2.2,7.700000000000001,0.0,0.99,0.0,0.0,0.66,0.0,0.0,4.67,0.0,0.0,-1.03,0.0,0.0,16.3,0.0,0.0,-8.72,0.0,-0.007342916566666666,,1272.27772,0.065481519,190.443262,0.0,0.0,99.861534,0.128980096,83.9395815,73.0769185,75.0,False
2026-05-01 06:30:00,0.041,,104.4,103.91,105.0,144.0,144.0,,0.0,5.904,0.0,,0.0,0.0,0.0,0.0,0.0,0.0,7.0,2.2,7.700000000000001,0.0,0.99,0.0,0.0,0.66,0.0,0.0,4.67,0.0,0.0,-1.03,0.0,0.0,16.3,0.0,0.0,-8.72,0.0,-0.0073612777333333336,,1273.61364,0.0656680855,190.443415,0.0,0.0,99.861534,0.129115528,83.939564,73.0769185,75.0,False
2026-05-01 07:00:00,1.824,,115.74,117.09,118.01,144.0,144.0,,-75.744,0.0,0.0,,0.0,0.0,4.7,275.16150000000005,0.0,0.0,7.0,9.09,31.814999999999998,0.0,2.52,0.0,0.0,1.32,0.0,0.0,6.22,0.0,0.0,-1.81,0.0,0.0,17.97,0.0,0.0,-13.25,0.0,0.09700702913333333,,1274.50083,0.0683736723,190.446303,0.00533522605,52.6274167,99.861534,0.129205468,83.9396389,73.0769185,75.0,False
2026-05-01 07:30:00,1.735,,115.74,120.24,118.43,95.01,95.01,,-58.43115,0.0,0.0,,0.0,0.0,4.7,282.564,0.0,0.0,7.0,9.09,31.814999999999998,0.0,2.52,0.0,0.0,1.32,0.0,0.0,6.22,0.0,0.0,-1.81,0.0,0.0,17.97,0.0,0.0,-13.25,0.0,3.5165572666666667,,1274.50083,0.157498453,190.535921,0.184717958,1822.0838,99.861534,0.129205468,84.0100039,73.0769185,75.0,False
2026-05-01 08:00:00,0.407,,118.6,124.53,118.68,145.6,145.6,,-93.6208,0.0,0.0,,0.0,0.0,2.1,130.75650000000002,0.0,0.0,7.0,9.09,31.814999999999998,0.0,2.52,0.0,0.0,1.32,0.0,0.0,6.22,0.0,0.0,-1.81,0.0,0.0,17.97,0.0,0.0,-13.25,0.0,3.3146541999999997,,1274.50083,0.241506137,190.620368,0.353652619,3488.47895,99.861534,0.129205468,84.0891032,73.0769185,75.0,False
2026-05-01 08:30:00,0.292,,118.6,118.4,113.61,145.6,145.6,,-1.164800000000001,0.0,0.0,,0.0,0.0,0.6,35.52,0.0,0.0,7.0,9.09,31.814999999999998,0.0,2.52,0.0,0.0,1.32,0.0,0.0,6.22,0.0,0.0,-1.81,0.0,0.0,17.97,0.0,0.0,-13.25,0.0,0.7598070886666667,,1274.50083,0.260884696,190.639883,0.392393951,3870.62887,99.861534,0.129205468,84.1159914,73.0769185,75.0,False
2026-05-01 09:00:00,0.054,,112.75,120.0,119.1,145.6,145.6,,0.5823999999999995,0.0,0.0,,0.0,0.0,0.1,6.0,0.0,0.0,7.0,9.09,31.814999999999998,0.0,2.52,0.0,0.0,1.32,0.0,0.0,6.22,0.0,0.0,-1.81,0.0,0.0,17.97,0.0,0.0,-13.25,0.0,0.5429917833333333,,1274.50083,0.274832122,190.653975,0.420179886,4144.71322,99.861534,0.129205468,84.1292393,73.0769185,74.5,False
2026-05-01 09:30:00,0.0,,112.75,110.0,107.4,145.6,145.6,,0.0,0.0,0.0,,0.0,0.0,0.0,0.0,0.0,0.0,7.0,9.09,31.814999999999998,0.0,2.52,0.0,0.0,1.32,0.0,0.0,6.22,0.0,0.0,-1.81,0.0,0.0,17.97,0.0,0.0,-13.25,0.0,0.095415195,,1274.50083,0.277434301,190.656661,0.425366553,4195.87523,99.861534,0.129205468,84.1329841,73.0769185,75.0,False
2026-05-01 10:00:00,0.0,,104.0,108.0,102.51,145.6,145.6,,0.0,0.0,0.0,,0.0,0.0,0.0,0.0,0.0,0.0,7.0,9.09,31.814999999999998,0.0,2.52,0.0,0.0,1.32,0.0,0.0,6.22,0.0,0.0,-1.81,0.0,0.0,17.97,0.0,0.0,-13.25,0.0,-0.007263694433333333,,1275.52466,0.277618394,190.656763,0.425366553,4195.87523,99.861534,0.129309262,84.1332792,73.0769185,75.0,False
2026-05-01 10:30:00,0.0,,104.0,100.0,95.8,145.6,145.6,,0.0,0.0,0.0,,0.0,0.0,0.0,0.0,0.0,0.0,7.0,9.09,31.814999999999998,0.0,2.52,0.0,0.0,1.32,0.0,0.0,6.22,0.0,0.0,-1.81,0.0,0.0,17.97,0.0,0.0,-13.25,0.0,-0.007208555499999999,,1276.51337,0.277801091,190.656915,0.425366553,4195.87523,99.861534,0.129409494,84.1332736,73.0769185,75.0,False
2026-05-01 11:00:00,0.0,,97.86,93.86,97.3,85.15,85.15,,0.0,0.0,0.0,,0.0,0.0,0.0,0.0,0.0,0.0,7.0,3.65,12.775,0.0,2.18,0.0,0.0,1.63,0.0,0.0,5.59,0.0,0.0,-0.69,0.0,0.0,21.51,0.0,0.0,-8.81,0.0,-0.007201694466666666,,1277.48921,0.277983613,190.657066,0.425366553,4195.87523,99.861534,0.129508422,84.1332486,73.0769185,75.0,False
2026-05-01 11:30:00,0.0,,97.86,89.09,92.76,145.6,145.6,,0.0,0.0,0.0,,0.0,0.0,0.0,0.0,0.0,0.0,7.0,3.65,12.775,0.0,2.18,0.0,0.0,1.63,0.0,0.0,5.59,0.0,0.0,-0.69,0.0,0.0,21.51,0.0,0.0,-8.81,0.0,-0.007196694399999999,,1278.47009,0.278166009,190.657168,0.425366553,4195.87523,99.861534,0.129607861,84.1332088,73.0769185,75.0,False
2026-05-01 12:00:00,0.0,,90.74,87.95,91.28,80.32,80.32,,0.0,0.0,0.0,,0.0,0.0,0.0,0.0,0.0,0.0,7.0,3.65,12.775,0.0,2.18,0.0,0.0,1.63,0.0,0.0,5.59,0.0,0.0,-0.69,0.0,0.0,21.51,0.0,0.0,-8.81,0.0,-0.007214666633333334,,1279.38957,0.278348859,190.657371,0.425366553,4195.87523,99.861534,0.129701076,84.1331761,73.0769185,75.0,False
2026-05-01 12:30:00,-0.032,,90.74,85.83,90.0,116.9,116.9,,0.0,-3.7408,0.0,,0.0,0.0,0.0,0.0,0.0,0.0,7.0,3.65,12.775,0.0,2.18,0.0,0.0,1.63,0.0,0.0,5.59,0.0,0.0,-0.69,0.0,0.0,21.51,0.0,0.0,-8.81,0.0,-0.00719525,,1280.32859,0.278531217,190.657472,0.425366553,4195.87523,99.861534,0.129796271,84.1331416,73.0769185,75.0,False
2026-05-01 13:00:00,-1.478,,86.1,83.11,90.0,113.0,113.0,,58.986000000000004,0.0,0.0,,0.0,0.0,-4.0,-166.22,0.0,0.0,7.0,3.65,12.775,0.0,2.18,0.0,0.0,1.63,0.0,0.0,5.59,0.0,0.0,-0.69,0.0,0.0,21.51,0.0,0.0,-8.81,0.0,-0.0934589467,,1325.38449,0.280899872,190.659905,0.425366553,4195.87523,99.861534,0.134363917,84.1330234,73.0769185,75.0,False
2026-05-01 13:30:00,-1.455,,86.1,82.21,89.76,111.43,111.43,,60.72935,0.0,0.0,,0.0,0.0,-4.0,-164.42,0.0,0.0,7.0,3.65,12.775,0.0,2.18,0.0,0.0,1.63,0.0,0.0,5.59,0.0,0.0,-0.69,0.0,0.0,21.51,0.0,0.0,-8.81,0.0,-2.995634966666666,,2835.07429,0.356822227,190.735939,0.425366553,4195.87523,99.861534,0.287412211,84.0824925,73.0769185,75.0,False
2026-05-01 14:00:00,-1.399,,82.99,81.19,90.0,117.9,117.9,,70.8579,0.0,0.0,,0.0,0.0,-4.0,-162.38,0.0,0.0,7.0,3.65,12.775,0.0,2.18,0.0,0.0,1.63,0.0,0.0,5.59,0.0,0.0,-0.69,0.0,0.0,21.51,0.0,0.0,-8.81,0.0,-2.9516894333333332,,4322.56884,0.431630813,190.810907,0.425366553,4195.87523,99.861534,0.438210411,84.0247866,73.0769185,75.0,False
2026-05-01 14:30:00,-0.447,,82.99,81.79,89.37,113.0,113.0,,39.889,0.0,0.0,,0.0,0.0,-1.6,-65.432,0.0,0.0,7.0,3.65,12.775,0.0,2.18,0.0,0.0,1.63,0.0,0.0,5.59,0.0,0.0,-0.69,0.0,0.0,21.51,0.0,0.0,-8.81,0.0,-2.8113070866666665,,5740.57677,0.502881501,190.882276,0.425366553,4195.87523,99.861534,0.581964243,83.9676705,73.0769185,75.0,False
2026-05-01 15:00:00,0.0,,87.5,86.54,86.94,0.05,0.05,,0.0125,0.0,0.0,,0.0,0.0,-0.5,-21.635,0.0,0.0,7.0,2.5,8.75,0.0,2.05,0.0,0.0,1.29,0.0,0.0,5.7,0.0,0.0,-2.07,0.0,0.0,17.98,0.0,0.0,-7.04,0.0,-0.89423779,,6189.03514,0.525545357,190.904986,0.425366553,4195.87523,99.861534,0.627427747,83.9431132,73.0769185,75.0,False
2026-05-01 15:30:00,0.0,,87.5,91.1,88.96,128.0,128.0,,6.4,0.0,0.0,,0.0,0.0,-0.1,-4.555,0.0,0.0,7.0,2.5,8.75,0.0,2.05,0.0,0.0,1.29,0.0,0.0,5.7,0.0,0.0,-2.07,0.0,0.0,17.98,0.0,0.0,-7.04,0.0,-0.010558055500000002,,6191.63346,0.525812944,190.905188,0.425366553,4195.87523,99.861534,0.627691158,83.9427652,73.0769185,75.0,False
2026-05-01 16:00:00,0.0,,96.0,91.2,89.18,144.0,144.0,,0.0,0.0,0.0,,0.0,0.0,0.0,0.0,0.0,0.0,7.0,2.5,8.75,0.0,2.05,0.0,0.0,1.29,0.0,0.0,5.7,0.0,0.0,-2.07,0.0,0.0,17.98,0.0,0.0,-7.04,0.0,-0.010713861166666666,,6194.29611,0.52608448,190.90534,0.425366553,4195.87523,99.861534,0.62796109,83.9427473,73.0769185,75.0,False
2026-05-01 16:30:00,0.005,,96.0,97.86,94.93,145.0,145.0,,0.0,0.725,0.0,,0.0,0.0,0.0,0.0,0.0,0.0,7.0,2.5,8.75,0.0,2.05,0.0,0.0,1.29,0.0,0.0,5.7,0.0,0.0,-2.07,0.0,0.0,17.98,0.0,0.0,-7.04,0.0,-0.010749527766666668,,6197.00314,0.526356919,190.905542,0.425366553,4195.87523,99.861534,0.628235522,83.9427178,73.0769185,75.0,False
2026-05-01 17:00:00,0.529,,106.5,99.4,94.0,148.07,148.07,,4.294030000000004,0.0,0.0,,0.0,0.0,1.0,49.7,0.0,0.0,7.0,2.5,8.75,0.0,2.05,0.0,0.0,1.29,0.0,0.0,5.7,0.0,0.0,-2.07,0.0,0.0,17.98,0.0,0.0,-7.04,0.0,0.006873944333333336,,6198.81942,0.527011383,190.906252,0.426191347,4204.01111,99.861534,0.628419651,83.9426875,73.0769185,75.0,False
2026-05-01 17:30:00,1.119,,106.5,108.0,111.0,147.0,147.0,,-180.95700000000002,0.0,0.0,,0.0,0.0,4.7,253.8,0.0,0.0,7.0,2.5,8.75,0.0,2.05,0.0,0.0,1.29,0.0,0.0,5.7,0.0,0.0,-2.07,0.0,0.0,17.98,0.0,0.0,-7.04,0.0,1.0280874913333333,,6198.81942,0.553429126,190.932762,0.478780983,4722.76265,99.861534,0.628419651,83.9622968,73.0769185,75.0,False
2026-05-01 18:00:00,0.439,,120.0,131.2,128.3,153.99,153.99,,-294.27489,0.0,0.0,,0.0,0.0,4.7,308.32,0.0,0.0,7.0,2.5,8.75,0.0,2.05,0.0,0.0,1.29,0.0,0.0,5.7,0.0,0.0,-2.07,0.0,0.0,17.98,0.0,0.0,-7.04,0.0,2.1735261766666665,,6198.81942,0.60888058,190.988418,0.590144185,5821.26486,99.861534,0.628419651,84.0091282,73.0769185,75.0,False
2026-05-01 18:30:00,0.0,,120.0,130.54,130.0,175.0,175.0,,-122.49999999999999,0.0,0.0,,0.0,0.0,1.4,91.37799999999999,0.0,0.0,7.0,2.5,8.75,0.0,2.05,0.0,0.0,1.29,0.0,0.0,5.7,0.0,0.0,-2.07,0.0,0.0,17.98,0.0,0.0,-7.04,0.0,0.837057429,,6199.81479,0.630528995,191.010113,0.633216066,6246.13193,99.861534,0.628520559,84.0371849,73.0769185,75.0,False
2026-05-01 19:00:00,0.0,,134.35,139.15,138.61,178.0,178.0,,-35.6,0.0,0.0,,0.0,0.0,0.4,27.830000000000002,0.0,0.0,7.0,9.36,32.76,0.0,9.7,0.0,0.0,1.0,0.0,0.0,7.48,0.0,0.0,-3.22,0.0,0.0,21.84,0.0,0.0,-10.2,0.0,-0.011400083466666667,,6202.88587,0.630817922,191.010418,0.633216066,6246.13193,99.861534,0.628831897,84.0370522,73.0769185,75.0,False
2026-05-01 19:30:00,0.0,,134.35,143.15,138.23,197.33,197.33,,-9.866500000000002,0.0,0.0,,0.0,0.0,0.1,7.157500000000001,0.0,0.0,7.0,9.36,32.76,0.0,9.7,0.0,0.0,1.0,0.0,0.0,7.48,0.0,0.0,-3.22,0.0,0.0,21.84,0.0,0.0,-10.2,0.0,-0.011392833400000002,,6205.98888,0.631106666,191.010621,0.633216066,6246.13193,99.861534,0.629146472,84.0369,73.0769185,75.0,False
2026-05-01 20:00:00,0.0,,128.86,126.92,122.0,178.0,178.0,,0.0,0.0,0.0,,0.0,0.0,0.0,0.0,0.0,0.0,7.0,9.36,32.76,0.0,9.7,0.0,0.0,1.0,0.0,0.0,7.48,0.0,0.0,-3.22,0.0,0.0,21.84,0.0,0.0,-10.2,0.0,-0.011469444533333333,,6209.08984,0.631397351,191.010874,0.633216066,6246.13193,99.861534,0.629460839,84.0367728,73.0769185,75.0,False
2026-05-01 20:30:00,0.0,,128.86,123.34,123.01,150.33,150.33,,0.0,0.0,0.0,,0.0,0.0,0.0,0.0,0.0,0.0,7.0,9.36,32.76,0.0,9.7,0.0,0.0,1.0,0.0,0.0,7.48,0.0,0.0,-3.22,0.0,0.0,21.84,0.0,0.0,-10.2,0.0,-0.011561638866666668,,6212.19719,0.631690373,191.011077,0.633216066,6246.13193,99.861534,0.629775854,84.0366526,73.0769185,75.0,False
2026-05-01 21:00:00,0.0,,123.76,117.27,122.0,98.16,98.16,,0.0,0.0,0.0,,0.0,0.0,0.0,0.0,0.0,0.0,7.0,9.36,32.76,0.0,9.7,0.0,0.0,1.0,0.0,0.0,7.48,0.0,0.0,-3.22,0.0,0.0,21.84,0.0,0.0,-10.2,0.0,-0.011557222233333332,,6215.41852,0.631983283,191.01128,0.633216066,6246.13193,99.861534,0.630102424,84.0365479,73.0769185,75.0,False
2026-05-01 21:30:00,0.0,,123.76,108.28,110.0,113.88,113.88,,0.0,0.0,0.0,,0.0,0.0,0.0,0.0,0.0,0.0,7.0,9.36,32.76,0.0,9.7,0.0,0.0,1.0,0.0,0.0,7.48,0.0,0.0,-3.22,0.0,0.0,21.84,0.0,0.0,-10.2,0.0,-0.011786222666666667,,6218.71261,0.632281998,191.011584,0.633216066,6246.13193,99.861534,0.63043637,84.0364308,73.0769185,75.0,False
2026-05-01 22:00:00,-0.013,,111.05,101.78,103.5,116.82,116.82,,0.0,-1.51866,0.0,,0.0,0.0,0.0,0.0,0.0,0.0,7.0,9.36,32.76,0.0,9.7,0.0,0.0,1.0,0.0,0.0,7.48,0.0,0.0,-3.22,0.0,0.0,21.84,0.0,0.0,-10.2,0.0,-0.011668055433333333,,6221.96926,0.632577716,191.011735,0.633216066,6246.13193,99.861534,0.63076652,84.0363021,73.0769185,75.0,False
2026-05-01 22:30:00,-0.826,,111.05,106.0,91.28,90.26,90.26,,2.166240000000002,0.0,0.0,,0.0,0.0,-1.7,-90.1,0.0,0.0,7.0,9.36,32.76,0.0,9.7,0.0,0.0,1.0,0.0,0.0,7.48,0.0,0.0,-3.22,0.0,0.0,21.84,0.0,0.0,-10.2,0.0,-0.049032750433333334,,6244.4358,0.633820419,191.013003,0.633216066,6246.13193,99.861534,0.633044117,84.0361749,73.0769185,75.0,False
2026-05-01 23:00:00,0.0,,101.46,106.54,105.05,89.44,89.44,,0.0,0.0,0.0,,0.0,0.0,0.0,0.0,0.0,0.0,7.0,1.74,6.09,0.0,0.88,0.0,0.0,0.23,0.0,0.0,4.78,0.0,0.0,-2.86,0.0,0.0,16.76,0.0,0.0,-13.14,0.0,-1.6432903933333334,,7070.29072,0.675468509,191.054618,0.633216066,6246.13193,99.861534,0.716767069,84.008013,73.0769185,75.0,False
2026-05-01 23:30:00,0.0,,101.46,105.64,102.09,90.0,90.0,,0.0,0.0,0.0,,0.0,0.0,0.0,0.0,0.0,0.0,7.0,1.74,6.09,0.0,0.88,0.0,0.0,0.23,0.0,0.0,4.78,0.0,0.0,-2.86,0.0,0.0,16.76,0.0,0.0,-13.14,0.0,-0.011544861133333334,,7073.54459,0.675761106,191.054871,0.633216066,6246.13193,99.861534,0.717096938,84.0033674,73.0769185,75.0,False
2026-05-02 00:00:00,0.0,,97.42,99.04,97.8,89.5,89.5,,0.0,0.0,0.0,,0.0,0.0,0.0,0.0,0.0,0.0,7.0,1.74,6.09,0.0,0.88,0.0,0.0,0.23,0.0,0.0,4.78,0.0,0.0,-2.86,0.0,0.0,16.76,0.0,0.0,-13.14,0.0,-0.0115475,,7076.83823,0.67605377,191.055074,0.633216066,6246.13193,99.861534,0.717430838,84.0032845,73.0769185,75.0,False
2026-05-02 00:30:00,0.0,,97.42,97.59,96.31,90.06,90.06,,0.0,0.0,0.0,,0.0,0.0,0.0,0.0,0.0,0.0,7.0,1.74,6.09,0.0,0.88,0.0,0.0,0.23,0.0,0.0,4.78,0.0,0.0,-2.86,0.0,0.0,16.76,0.0,0.0,-13.14,0.0,-0.0116548889,,3.31479892,0.000295385327,191.055379,0.0,0.0,99.861534,0.000336045405,84.0031822,73.0769185,75.0,False
2026-05-02 01:00:00,0.0,,95.8,98.27,97.48,101.48,101.48,,0.0,0.0,0.0,,0.0,0.0,0.0,0.0,0.0,0.0,7.0,1.74,6.09,0.0,0.88,0.0,0.0,0.23,0.0,0.0,4.78,0.0,0.0,-2.86,0.0,0.0,16.76,0.0,0.0,-13.14,0.0,-0.0117396386,,6.59419325,0.00059291858,191.055531,0.0,0.0,99.861534,0.000668501588,84.003087,73.0769185,75.0,False
2026-05-02 01:30:00,0.0,,95.8,99.2,99.4,93.45,93.45,,0.0,0.0,0.0,,0.0,0.0,0.0,0.0,0.0,0.0,7.0,1.74,6.09,0.0,0.88,0.0,0.0,0.23,0.0,0.0,4.78,0.0,0.0,-2.86,0.0,0.0,16.76,0.0,0.0,-13.14,0.0,-0.008475638866666666,,8.28958593,0.00080772795,191.055835,0.0,0.0,99.861534,0.000840375941,84.0030048,73.0769185,75.0,False
2026-05-02 02:00:00,0.0,,94.68,94.84,97.1,99.84,99.84,,0.0,0.0,0.0,,0.0,0.0,0.0,0.0,0.0,0.0,7.0,1.74,6.09,0.0,0.88,0.0,0.0,0.23,0.0,0.0,4.78,0.0,0.0,-2.86,0.0,0.0,16.76,0.0,0.0,-13.14,0.0,-0.0073838056000000004,,9.43512613,0.000994865545,191.055936,0.0,0.0,99.861534,0.000956507727,84.0029505,73.0769185,75.0,False
2026-05-02 02:30:00,0.0,,94.68,94.1,95.46,90.94,90.94,,0.0,0.0,0.0,,0.0,0.0,0.0,0.0,0.0,0.0,7.0,1.74,6.09,0.0,0.88,0.0,0.0,0.23,0.0,0.0,4.78,0.0,0.0,-2.86,0.0,0.0,16.76,0.0,0.0,-13.14,0.0,-0.007366527766666668,,10.5268967,0.00118156524,191.056038,0.0,0.0,99.861534,0.00106718849,84.002893,73.0769185,75.0,False
2026-05-02 03:00:00,0.0,,95.2,92.34,95.29,96.23,96.23,,0.0,0.0,0.0,,0.0,0.0,0.0,0.0,0.0,0.0,7.0,1.61,5.635000000000001,0.0,0.97,0.0,0.0,0.65,0.0,0.0,4.29,0.0,0.0,-2.01,0.0,0.0,16.65,0.0,0.0,-9.95,0.0,-0.007423333333333333,,11.6325186,0.00136970463,191.056241,0.0,0.0,99.861534,0.00117927347,84.0028355,73.0769185,75.0,False
2026-05-02 03:30:00,0.0,,95.2,90.4,95.11,97.3,97.3,,0.0,0.0,0.0,,0.0,0.0,0.0,0.0,0.0,0.0,7.0,1.61,5.635000000000001,0.0,0.97,0.0,0.0,0.65,0.0,0.0,4.29,0.0,0.0,-2.01,0.0,0.0,16.65,0.0,0.0,-9.95,0.0,-0.0073253055666666666,,12.7772978,0.00155535958,191.056342,0.0,0.0,99.861534,0.00129532811,84.0027812,73.0769185,75.0,False
2026-05-02 04:00:00,0.0,,94.4,94.19,98.7,98.28,98.28,,0.0,0.0,0.0,,0.0,0.0,0.0,0.0,0.0,0.0,7.0,1.61,5.635000000000001,0.0,0.97,0.0,0.0,0.65,0.0,0.0,4.29,0.0,0.0,-2.01,0.0,0.0,16.65,0.0,0.0,-9.95,0.0,-0.007335583366666666,,13.9142045,0.00174127501,191.056646,0.0,0.0,99.861534,0.00141058465,84.0027314,73.0769185,75.0,False
2026-05-02 04:30:00,0.0,,94.4,94.39,101.01,87.78,87.78,,0.0,0.0,0.0,,0.0,0.0,0.0,0.0,0.0,0.0,7.0,1.61,5.635000000000001,0.0,0.97,0.0,0.0,0.65,0.0,0.0,4.29,0.0,0.0,-2.01,0.0,0.0,16.65,0.0,0.0,-9.95,0.0,-0.0073349721,,15.0604514,0.00192717495,191.056696,0.0,0.0,99.861534,0.00152678808,84.002694,73.0769185,75.0,False
2026-05-02 05:00:00,0.0,,96.6,97.5,100.0,96.3,96.3,,0.0,0.0,0.0,,0.0,0.0,0.0,0.0,0.0,0.0,7.0,1.61,5.635000000000001,0.0,0.97,0.0,0.0,0.65,0.0,0.0,4.29,0.0,0.0,-2.01,0.0,0.0,16.65,0.0,0.0,-9.95,0.0,-0.007372888833333334,,16.2319771,0.00211403586,191.056899,0.0,0.0,99.861534,0.00164555421,84.0026397,73.0769185,75.0,False
2026-05-02 05:30:00,0.0,,96.6,97.93,96.18,84.3,84.3,,0.0,0.0,0.0,,0.0,0.0,0.0,0.0,0.0,0.0,7.0,1.61,5.635000000000001,0.0,0.97,0.0,0.0,0.65,0.0,0.0,4.29,0.0,0.0,-2.01,0.0,0.0,16.65,0.0,0.0,-9.95,0.0,-0.007347500033333333,,17.3570729,0.00230025331,191.057101,0.0,0.0,99.861534,0.0017596134,84.0026047,73.0769185,75.0,False
2026-05-02 06:00:00,0.0,,100.05,95.52,96.12,80.01,80.01,,0.0,0.0,0.0,,0.0,0.0,0.0,0.0,0.0,0.0,7.0,1.61,5.635000000000001,0.0,0.97,0.0,0.0,0.65,0.0,0.0,4.29,0.0,0.0,-2.01,0.0,0.0,16.65,0.0,0.0,-9.95,0.0,-0.007344638866666667,,18.5013498,0.00248639825,191.057203,0.0,0.0,99.861534,0.00187561711,84.002562,73.0769185,75.0,False
2026-05-02 06:30:00,0.0,,100.05,97.5,97.27,80.01,80.01,,0.0,0.0,0.0,,0.0,0.0,0.0,0.0,0.0,0.0,7.0,1.61,5.635000000000001,0.0,0.97,0.0,0.0,0.65,0.0,0.0,4.29,0.0,0.0,-2.01,0.0,0.0,16.65,0.0,0.0,-9.95,0.0,-0.0073278611,,19.75842,0.00267211797,191.057457,0.0,0.0,99.861534,0.00200305551,84.0025076,73.0769185,75.0,False
2026-05-02 07:00:00,0.0,,107.23,108.0,103.2,80.0,80.0,,0.0,0.0,0.0,,0.0,0.0,0.0,0.0,0.0,0.0,7.0,8.67,30.345,0.0,1.16,0.0,0.0,0.25,0.0,0.0,6.03,0.0,0.0,-3.42,0.0,0.0,21.01,0.0,0.0,-12.78,0.0,-0.007317805566666666,,20.9092165,0.00285758283,191.057558,0.0,0.0,99.861534,0.00211972017,84.0024301,73.0769185,75.0,False
2026-05-02 07:30:00,0.0,,107.23,110.0,107.01,80.01,80.01,,0.0,0.0,0.0,,0.0,0.0,0.0,0.0,0.0,0.0,7.0,8.67,30.345,0.0,1.16,0.0,0.0,0.25,0.0,0.0,6.03,0.0,0.0,-3.42,0.0,0.0,21.01,0.0,0.0,-12.78,0.0,-0.007371416666666668,,22.0702687,0.00304440643,191.057761,0.0,0.0,99.861534,0.00223742452,84.0023919,73.0769185,75.0,False
2026-05-02 08:00:00,0.0,,111.1,119.0,109.44,84.0,84.0,,0.0,0.0,0.0,,0.0,0.0,0.0,0.0,0.0,0.0,7.0,8.67,30.345,0.0,1.16,0.0,0.0,0.25,0.0,0.0,6.03,0.0,0.0,-3.42,0.0,0.0,21.01,0.0,0.0,-12.78,0.0,-0.0073068888666666665,,23.1439157,0.00322959462,191.057963,0.0,0.0,99.861534,0.00234626797,84.0023523,73.0769185,75.0,False
2026-05-02 08:30:00,0.0,,111.1,119.0,113.73,80.0,80.0,,0.0,0.0,0.0,,0.0,0.0,0.0,0.0,0.0,0.0,7.0,8.67,30.345,0.0,1.16,0.0,0.0,0.25,0.0,0.0,6.03,0.0,0.0,-3.42,0.0,0.0,21.01,0.0,0.0,-12.78,0.0,-0.007315972233333333,,24.2151745,0.00341501303,191.058014,0.0,0.0,99.861534,0.0024548693,84.0023149,73.0769185,75.0,False
2026-05-02 09:00:00,0.0,,108.6,117.1,114.8,80.0,80.0,,0.0,0.0,0.0,,0.0,0.0,0.0,0.0,0.0,0.0,7.0,8.67,30.345,0.0,1.16,0.0,0.0,0.25,0.0,0.0,6.03,0.0,0.0,-3.42,0.0,0.0,21.01,0.0,0.0,-12.78,0.0,-0.007258027766666667,,25.2865991,0.00359896286,191.058268,0.0,0.0,99.861534,0.00256348745,84.0022814,73.0769185,75.0,False
2026-05-02 09:30:00,0.0,,108.6,110.1,107.22,80.0,80.0,,0.0,0.0,0.0,,0.0,0.0,0.0,0.0,0.0,0.0,7.0,8.67,30.345,0.0,1.16,0.0,0.0,0.25,0.0,0.0,6.03,0.0,0.0,-3.42,0.0,0.0,21.01,0.0,0.0,-12.78,0.0,-0.0072440555,,26.3642894,0.00378255858,191.05842,0.0,0.0,99.861534,0.0026727408,84.0022587,73.0769185,75.0,False
2026-05-02 10:00:00,0.0,,103.0,108.64,105.3,73.5,73.5,,0.0,0.0,0.0,,0.0,0.0,0.0,0.0,0.0,0.0,7.0,8.67,30.345,0.0,1.16,0.0,0.0,0.25,0.0,0.0,6.03,0.0,0.0,-3.42,0.0,0.0,21.01,0.0,0.0,-12.78,0.0,-0.007286222166666666,,27.3663736,0.00396722298,191.058521,0.0,0.0,99.861534,0.0027743294,84.002216,73.0769185,75.0,False
2026-05-02 10:30:00,0.0,,103.0,97.78,94.68,67.73,67.73,,0.0,0.0,0.0,,0.0,0.0,0.0,0.0,0.0,0.0,7.0,8.67,30.345,0.0,1.16,0.0,0.0,0.25,0.0,0.0,6.03,0.0,0.0,-3.42,0.0,0.0,21.01,0.0,0.0,-12.78,0.0,-0.007554166633333332,,28.5110083,0.00415867826,191.058723,0.0,0.0,99.861534,0.00289036939,84.0022003,73.0769185,75.0,False
2026-05-02 11:00:00,-0.001,,98.03,93.1,95.0,-24.0,-24.0,,0.0,0.024,0.0,,0.0,0.0,0.0,0.0,0.0,0.0,7.0,3.37,11.795,0.0,0.33,0.0,0.0,2.79,0.0,0.0,3.74,0.0,0.0,0.83,0.0,0.0,14.25,0.0,0.0,-11.32,0.0,-0.0075596668,,29.6593732,0.00435027293,191.058876,0.0,0.0,99.861534,0.00300678754,84.0021731,73.0769185,75.0,False
2026-05-02 11:30:00,0.0,,98.03,95.8,91.88,-24.0,-24.0,,0.0,0.0,0.0,,0.0,0.0,0.0,0.0,0.0,0.0,7.0,3.37,11.795,0.0,0.33,0.0,0.0,2.79,0.0,0.0,3.74,0.0,0.0,0.83,0.0,0.0,14.25,0.0,0.0,-11.32,0.0,-0.009498972166666668,,31.8018153,0.00459101801,191.059078,0.0,0.0,99.861534,0.00322398256,84.0021165,73.0769185,75.0,False
2026-05-02 12:00:00,0.0,,95.0,96.0,92.1,0.01,0.01,,0.0,0.0,0.0,,0.0,0.0,0.0,0.0,0.0,0.0,7.0,3.37,11.795,0.0,0.33,0.0,0.0,2.79,0.0,0.0,3.74,0.0,0.0,0.83,0.0,0.0,14.25,0.0,0.0,-11.32,0.0,-0.008502638866666667,,33.4360946,0.00480651167,191.05918,0.0,0.0,99.861534,0.0033896614,84.002053,73.0769185,75.0,False
2026-05-02 12:30:00,0.0,,95.0,90.85,95.27,0.01,0.01,,0.0,0.0,0.0,,0.0,0.0,0.0,0.0,0.0,0.0,7.0,3.37,11.795,0.0,0.33,0.0,0.0,2.79,0.0,0.0,3.74,0.0,0.0,0.83,0.0,0.0,14.25,0.0,0.0,-11.32,0.0,-0.008787166666666665,,35.1663485,0.0050292165,191.059434,0.0,0.0,99.861534,0.00356506989,84.0019916,73.0769185,75.0,False
2026-05-02 13:00:00,0.0,,96.5,93.6,98.79,55.0,55.0,,0.0,0.0,0.0,,0.0,0.0,0.0,0.0,0.0,0.0,7.0,3.37,11.795,0.0,0.33,0.0,0.0,2.79,0.0,0.0,3.74,0.0,0.0,0.83,0.0,0.0,14.25,0.0,0.0,-11.32,0.0,-0.007770277566666667,,36.3467951,0.00522614895,191.059585,0.0,0.0,99.861534,0.00368474039,84.0019419,73.0769185,75.0,False
2026-05-02 13:30:00,0.0,,96.5,95.01,96.64,55.0,55.0,,0.0,0.0,0.0,,0.0,0.0,0.0,0.0,0.0,0.0,7.0,3.37,11.795,0.0,0.33,0.0,0.0,2.79,0.0,0.0,3.74,0.0,0.0,0.83,0.0,0.0,14.25,0.0,0.0,-11.32,0.0,-0.008741333166666667,,38.0077255,0.0054476922,191.059687,0.0,0.0,99.861534,0.00385312105,84.0018946,73.0769185,75.0,False
2026-05-02 14:00:00,0.0,,93.0,90.85,101.8,0.01,0.01,,0.0,0.0,0.0,,0.0,0.0,0.0,0.0,0.0,0.0,7.0,3.37,11.795,0.0,0.33,0.0,0.0,2.79,0.0,0.0,3.74,0.0,0.0,0.83,0.0,0.0,14.25,0.0,0.0,-11.32,0.0,-0.007939027766666667,,39.3419918,0.00564890155,191.059991,0.0,0.0,99.861534,0.00398838538,84.0018596,73.0769185,75.0,False
2026-05-02 14:30:00,0.0,,93.0,93.4,94.4,0.01,0.01,,0.0,0.0,0.0,,0.0,0.0,0.0,0.0,0.0,0.0,7.0,3.37,11.795,0.0,0.33,0.0,0.0,2.79,0.0,0.0,3.74,0.0,0.0,0.83,0.0,0.0,14.25,0.0,0.0,-11.32,0.0,-0.007551777866666667,,40.5039014,0.00584029625,191.059991,0.0,0.0,99.861534,0.00410617666,84.0018315,73.0769185,75.0,False
2026-05-02 15:00:00,0.0,,98.05,96.0,99.0,113.0,113.0,,0.0,0.0,0.0,,0.0,0.0,0.0,0.0,0.0,0.0,7.0,4.2,14.700000000000001,0.0,1.83,0.0,0.0,2.4,0.0,0.0,5.7,0.0,0.0,-0.61,0.0,0.0,17.28,0.0,0.0,-9.05,0.0,-0.007245611133333334,,41.5213777,0.0060239314,191.060295,0.0,0.0,99.861534,0.00420932567,84.0018144,73.0769185,75.0,False
2026-05-02 15:30:00,0.0,,98.05,100.3,100.33,130.0,130.0,,0.0,0.0,0.0,,0.0,0.0,0.0,0.0,0.0,0.0,7.0,4.2,14.700000000000001,0.0,1.83,0.0,0.0,2.4,0.0,0.0,5.7,0.0,0.0,-0.61,0.0,0.0,17.28,0.0,0.0,-9.05,0.0,-0.008075916666666667,,42.9064833,0.00622861005,191.060447,0.0,0.0,99.861534,0.00434974395,84.0017895,73.0769185,75.0,False
2026-05-02 16:00:00,0.0,,108.0,102.94,102.54,130.0,130.0,,0.0,0.0,0.0,,0.0,0.0,0.0,0.0,0.0,0.0,7.0,4.2,14.700000000000001,0.0,1.83,0.0,0.0,2.4,0.0,0.0,5.7,0.0,0.0,-0.61,0.0,0.0,17.28,0.0,0.0,-9.05,0.0,-0.007230416633333334,,43.8459362,0.00641186015,191.060498,0.0,0.0,99.861534,0.00444498316,84.0017816,73.0769185,75.0,False
2026-05-02 16:30:00,0.0,,108.0,107.0,102.0,137.51,137.51,,0.0,0.0,0.0,,0.0,0.0,0.0,0.0,0.0,0.0,7.0,4.2,14.700000000000001,0.0,1.83,0.0,0.0,2.4,0.0,0.0,5.7,0.0,0.0,-0.61,0.0,0.0,17.28,0.0,0.0,-9.05,0.0,-0.007326722266666666,,44.7884101,0.006597551,191.060752,0.0,0.0,99.861534,0.00454052863,84.0017776,73.0769185,75.0,False
2026-05-02 17:00:00,0.0,,115.9,111.65,114.0,146.89,146.89,,0.0,0.0,0.0,,0.0,0.0,0.0,0.0,0.0,0.0,7.0,4.2,14.700000000000001,0.0,1.83,0.0,0.0,2.4,0.0,0.0,5.7,0.0,0.0,-0.61,0.0,0.0,17.28,0.0,0.0,-9.05,0.0,-0.007300083266666667,,45.7348841,0.0067825667,191.060802,0.0,0.0,99.861534,0.00463647962,84.0017472,73.0769185,75.0,False
2026-05-02 17:30:00,0.0,,115.9,121.0,126.3,139.9,139.9,,0.0,0.0,0.0,,0.0,0.0,0.0,0.0,0.0,0.0,7.0,4.2,14.700000000000001,0.0,1.83,0.0,0.0,2.4,0.0,0.0,5.7,0.0,0.0,-0.61,0.0,0.0,17.28,0.0,0.0,-9.05,0.0,-0.0072714722,,46.6051467,0.00696685725,191.061005,0.0,0.0,99.861534,0.00472470451,84.0016989,73.0769185,75.0,False
2026-05-02 18:00:00,0.0,,134.53,125.2,129.0,139.9,139.9,,0.0,0.0,0.0,,0.0,0.0,0.0,0.0,0.0,0.0,7.0,4.2,14.700000000000001,0.0,1.83,0.0,0.0,2.4,0.0,0.0,5.7,0.0,0.0,-0.61,0.0,0.0,17.28,0.0,0.0,-9.05,0.0,-0.0072569722666666675,,47.5186508,0.00715078035,191.061106,0.0,0.0,99.861534,0.0048173131,84.0016538,73.0769185,75.0,False
2026-05-02 18:30:00,0.04,,134.53,129.25,128.02,164.9,164.9,,0.0,6.596,0.0,,0.0,0.0,0.0,0.0,0.0,0.0,7.0,4.2,14.700000000000001,0.0,1.83,0.0,0.0,2.4,0.0,0.0,5.7,0.0,0.0,-0.61,0.0,0.0,17.28,0.0,0.0,-9.05,0.0,-0.007235611166666667,,48.4895167,0.00733416205,191.06136,0.0,0.0,99.861534,0.00491573687,84.00159,73.0769185,75.0,False
2026-05-02 19:00:00,1.557,,136.93,134.57,133.26,158.8,158.8,,-125.92840000000004,0.0,0.0,,4.7,313.161,0.0,0.0,0.0,0.0,7.0,8.25,28.875,0.0,1.84,0.0,0.0,0.25,0.0,0.0,7.15,0.0,0.0,-3.07,0.0,0.0,20.6,0.0,0.0,-13.95,0.0,0.09727358666666668,,49.1140372,0.0100465565,191.064198,0.00537197397,52.9899033,99.861534,0.00497904908,84.0016262,73.0769185,75.0,False
2026-05-02 19:30:00,0.536,,136.93,135.1,131.32,139.9,139.9,,-71.9086,0.0,0.0,,2.1,137.886,0.0,0.0,0.0,0.0,7.0,8.25,28.875,0.0,1.84,0.0,0.0,0.25,0.0,0.0,7.15,0.0,0.0,-3.07,0.0,0.0,20.6,0.0,0.0,-13.95,0.0,3.0940938433333334,,49.1140372,0.0885255208,191.14312,0.163547516,1613.25559,99.861534,0.00497904908,84.0681029,73.06196183333334,75.0,False
2026-05-02 20:00:00,0.0,,129.1,129.65,129.73,169.0,169.0,,0.0,0.0,0.0,,0.0,0.0,0.0,0.0,0.0,0.0,7.0,8.25,28.875,0.0,1.84,0.0,0.0,0.25,0.0,0.0,7.15,0.0,0.0,-3.07,0.0,0.0,20.6,0.0,0.0,-13.95,0.0,1.0502563966666667,,49.1140372,0.115330431,191.170087,0.217257048,2143.05394,99.861534,0.00497904908,84.0997789,73.0769185,75.0,False
2026-05-02 20:30:00,0.0,,129.1,126.64,131.0,169.0,169.0,,0.0,0.0,0.0,,0.0,0.0,0.0,0.0,0.0,0.0,7.0,8.25,28.875,0.0,1.84,0.0,0.0,0.25,0.0,0.0,7.15,0.0,0.0,-3.07,0.0,0.0,20.6,0.0,0.0,-13.95,0.0,-0.007365361133333334,,49.9670765,0.115517101,191.170239,0.217257048,2143.05394,99.861534,0.00506552791,84.1002034,73.0769185,75.0,False
2026-05-02 21:00:00,0.0,,121.11,117.66,122.01,139.9,139.9,,0.0,0.0,0.0,,0.0,0.0,0.0,0.0,0.0,0.0,7.0,8.25,28.875,0.0,1.84,0.0,0.0,0.25,0.0,0.0,7.15,0.0,0.0,-3.07,0.0,0.0,20.6,0.0,0.0,-13.95,0.0,-0.0073411666999999995,,50.883162,0.115703158,191.170391,0.217257048,2143.05394,99.861534,0.0051583982,84.1001536,73.0769185,75.0,False
2026-05-02 21:30:00,0.0,,121.11,110.0,114.8,139.9,139.9,,0.0,0.0,0.0,,0.0,0.0,0.0,0.0,0.0,0.0,7.0,8.25,28.875,0.0,1.84,0.0,0.0,0.25,0.0,0.0,7.15,0.0,0.0,-3.07,0.0,0.0,20.6,0.0,0.0,-13.95,0.0,-0.007366722266666667,,51.7930688,0.115889863,191.170594,0.217257048,2143.05394,99.861534,0.0052506421,84.1001154,73.0769185,75.0,False
2026-05-02 22:00:00,-0.002,,107.46,100.78,104.0,86.14,86.14,,0.0,-0.17228000000000002,0.0,,0.0,0.0,0.0,0.0,0.0,0.0,7.0,8.25,28.875,0.0,1.84,0.0,0.0,0.25,0.0,0.0,7.15,0.0,0.0,-3.07,0.0,0.0,20.6,0.0,0.0,-13.95,0.0,-0.0072905277666666666,,52.7530249,0.116074636,191.170746,0.217257048,2143.05394,99.861534,0.00534795987,84.1000757,73.0769185,75.0,False
2026-05-02 22:30:00,-0.349,,107.46,91.13,96.86,139.9,139.9,,0.13990000000000014,0.0,0.0,,-0.7,-33.900999999999996,0.0,0.0,0.0,0.0,7.0,8.25,28.875,0.0,1.84,0.0,0.0,0.25,0.0,0.0,7.15,0.0,0.0,-3.07,0.0,0.0,20.6,0.0,0.0,-13.95,0.0,-0.016266250166666666,,58.4359512,0.116486894,191.171354,0.217257048,2143.05394,99.861534,0.00592407967,84.100036,73.0769185,75.0,False
2026-05-02 23:00:00,0.0,,106.7,98.64,101.27,105.35,105.35,,0.0,0.0,0.0,,0.0,0.0,0.0,0.0,0.0,0.0,7.0,2,7,0.0,0.5,0.0,0.0,0.6,0.0,0.0,4.22,0.0,0.0,-2.4,0.0,0.0,18.01,0.0,0.0,-14.37,0.0,-0.6896315766666666,,400.071028,0.133965142,191.18874,0.217257048,2143.05394,99.861534,0.0405581255,84.0884997,73.0769185,75.0,False
2026-05-02 23:30:00,0.0,,106.7,106.52,108.0,110.76,110.76,,0.0,0.0,0.0,,0.0,0.0,0.0,0.0,0.0,0.0,7.0,2,7,0.0,0.5,0.0,0.0,0.6,0.0,0.0,4.22,0.0,0.0,-2.4,0.0,0.0,18.01,0.0,0.0,-14.37,0.0,-0.007317750033333333,,401.094747,0.134150606,191.188994,0.217257048,2143.05394,99.861534,0.0406619074,84.0865762,73.0769185,75.0,False
2026-05-03 00:00:00,0.0,,105.56,101.17,106.4,109.27,109.27,,0.0,0.0,0.0,,0.0,0.0,0.0,0.0,0.0,0.0,7.0,2,7,0.0,0.5,0.0,0.0,0.6,0.0,0.0,4.22,0.0,0.0,-2.4,0.0,0.0,18.01,0.0,0.0,-14.37,0.0,-0.007326499966666667,,402.070216,0.134336291,191.189045,0.217257048,2143.05394,99.861534,0.0407607978,84.0865436,73.0769185,75.0,False
2026-05-03 00:30:00,0.0,,105.56,102.1,106.58,106.92,106.92,,0.0,0.0,0.0,,0.0,0.0,0.0,0.0,0.0,0.0,7.0,2,7,0.0,0.5,0.0,0.0,0.6,0.0,0.0,4.22,0.0,0.0,-2.4,0.0,0.0,18.01,0.0,0.0,-14.37,0.0,-0.0073483056000000005,,0.954326083,0.000186237867,191.189298,0.0,0.0,99.861534,9.67470132e-05,84.0864877,73.0769185,75.0,False
2026-05-03 01:00:00,0.0,,103.5,103.53,104.0,81.83,81.83,,0.0,0.0,0.0,,0.0,0.0,0.0,0.0,0.0,0.0,7.0,2,7,0.0,0.5,0.0,0.0,0.6,0.0,0.0,4.22,0.0,0.0,-2.4,0.0,0.0,18.01,0.0,0.0,-14.37,0.0,-0.007319916633333333,,1.90278145,0.000371756236,191.1894,0.0,0.0,99.861534,0.000192898869,84.0864379,73.0769185,75.0,False
2026-05-03 01:30:00,0.0,,103.5,99.67,102.6,80.25,80.25,,0.0,0.0,0.0,,0.0,0.0,0.0,0.0,0.0,0.0,7.0,2,7,0.0,0.5,0.0,0.0,0.6,0.0,0.0,4.22,0.0,0.0,-2.4,0.0,0.0,18.01,0.0,0.0,-14.37,0.0,-0.007345,,2.90192697,0.000557910325,191.189551,0.0,0.0,99.861534,0.000294189556,84.0863665,73.0769185,75.0,False
2026-05-03 02:00:00,0.0,,99.1,97.72,99.95,81.86,81.86,,0.0,0.0,0.0,,0.0,0.0,0.0,0.0,0.0,0.0,7.0,2,7,0.0,0.5,0.0,0.0,0.6,0.0,0.0,4.22,0.0,0.0,-2.4,0.0,0.0,18.01,0.0,0.0,-14.37,0.0,-0.0073245555,,3.96764337,0.000743546265,191.189855,0.0,0.0,99.861534,0.00040222902,84.0863152,73.0769185,75.0,False
2026-05-03 02:30:00,0.0,,99.1,100.0,91.0,99.97,99.97,,0.0,0.0,0.0,,0.0,0.0,0.0,0.0,0.0,0.0,7.0,2,7,0.0,0.5,0.0,0.0,0.6,0.0,0.0,4.22,0.0,0.0,-2.4,0.0,0.0,18.01,0.0,0.0,-14.37,0.0,-0.007307499966666666,,5.0745716,0.00092874994,191.189855,0.0,0.0,99.861534,0.000514446429,84.0862562,73.0769185,75.0,False
2026-05-03 03:00:00,0.0,,94.8,101.79,95.15,103.3,103.3,,0.0,0.0,0.0,,0.0,0.0,0.0,0.0,0.0,0.0,7.0,2.2,7.700000000000001,0.0,-0.32,0.0,0.0,2.02,0.0,0.0,3.5,0.0,0.0,-0.24,0.0,0.0,16.06,0.0,0.0,-10.22,0.0,-0.007359000033333334,,6.1156744,0.00111525885,191.190159,0.0,0.0,99.861534,0.000619990633,84.0862018,73.0769185,75.0,False
2026-05-03 03:30:00,0.0,,94.8,97.9,89.86,100.75,100.75,,0.0,0.0,0.0,,0.0,0.0,0.0,0.0,0.0,0.0,7.0,2.2,7.700000000000001,0.0,-0.32,0.0,0.0,2.02,0.0,0.0,3.5,0.0,0.0,-0.24,0.0,0.0,16.06,0.0,0.0,-10.22,0.0,-0.007342611133333333,,7.1617963,0.00130135239,191.19021,0.0,0.0,99.861534,0.000726043659,84.0861428,73.0769185,75.0,False
2026-05-03 04:00:00,0.0,,92.4,99.71,92.8,103.29,103.29,,0.0,0.0,0.0,,0.0,0.0,0.0,0.0,0.0,0.0,7.0,2.2,7.700000000000001,0.0,-0.32,0.0,0.0,2.02,0.0,0.0,3.5,0.0,0.0,-0.24,0.0,0.0,16.06,0.0,0.0,-10.22,0.0,-0.007335805566666667,,8.2035002,0.00148727346,191.190464,0.0,0.0,99.861534,0.000831648801,84.0860792,73.0769185,75.0,False
2026-05-03 04:30:00,0.0,,92.4,97.09,87.82,101.7,101.7,,0.0,0.0,0.0,,0.0,0.0,0.0,0.0,0.0,0.0,7.0,2.2,7.700000000000001,0.0,-0.32,0.0,0.0,2.02,0.0,0.0,3.5,0.0,0.0,-0.24,0.0,0.0,16.06,0.0,0.0,-10.22,0.0,-0.007274138833333332,,9.23521155,0.00167163162,191.190667,0.0,0.0,99.861534,0.000936240924,84.0860279,73.0769185,75.0,False
2026-05-03 05:00:00,-0.007,,89.8,95.42,85.89,102.87,102.87,,0.0,-0.72009,0.0,,0.0,0.0,0.0,0.0,0.0,0.0,7.0,2.2,7.700000000000001,0.0,-0.32,0.0,0.0,2.02,0.0,0.0,3.5,0.0,0.0,-0.24,0.0,0.0,16.06,0.0,0.0,-10.22,0.0,-0.0073460277000000004,,10.28411,0.00185781175,191.190819,0.0,0.0,99.861534,0.00104257543,84.0859735,73.0769185,75.0,False
2026-05-03 05:30:00,-0.378,,89.8,92.0,83.0,102.58,102.58,,-2.8722400000000023,0.0,0.0,,0.0,0.0,-0.7,-32.199999999999996,0.0,0.0,7.0,2.2,7.700000000000001,0.0,-0.32,0.0,0.0,2.02,0.0,0.0,3.5,0.0,0.0,-0.24,0.0,0.0,16.06,0.0,0.0,-10.22,0.0,-0.026862221633333332,,21.3240972,0.00253861671,191.191478,0.0,0.0,99.861534,0.00216177966,84.085899,73.0769185,75.0,False
2026-05-03 06:00:00,-1.506,,86.21,88.0,84.85,104.14,104.14,,51.44516,0.0,0.0,,-4.0,-169.7,0.0,0.0,0.0,0.0,7.0,2.2,7.700000000000001,0.0,-0.32,0.0,0.0,2.02,0.0,0.0,3.5,0.0,0.0,-0.24,0.0,0.0,16.06,0.0,0.0,-10.22,0.0,-0.7801655166666667,,409.061485,0.0223113875,191.211196,0.0,0.0,99.861534,0.0414695539,84.0741048,73.0769185,75.0,False
2026-05-03 06:30:00,-1.501,,86.21,90.0,87.5,103.89,103.89,,51.841110000000015,0.0,0.0,,-4.0,-175.0,0.0,0.0,0.0,0.0,7.0,2.2,7.700000000000001,0.0,-0.32,0.0,0.0,2.02,0.0,0.0,3.5,0.0,0.0,-0.24,0.0,0.0,16.06,0.0,0.0,-10.22,0.0,-2.9929118,,1912.53457,0.098164726,191.287279,0.0,0.0,99.861534,0.193887614,84.0221256,73.0769185,75.0,False
2026-05-03 07:00:00,-0.869,,83.0,88.0,85.5,93.45,93.45,,105.69195,0.0,0.0,,-4.0,-171.0,0.0,0.0,0.0,0.0,7.0,2.5,8.75,0.0,1.08,0.0,0.0,2.14,0.0,0.0,4.65,0.0,0.0,-2.99,0.0,0.0,12.65,0.0,0.0,-13.5,0.0,-3.0129106333333335,,3425.57304,0.174524922,191.363718,0.0,0.0,99.861534,0.347275387,83.9636515,73.0769185,75.0,False
2026-05-03 07:30:00,-0.009,,83.0,92.72,85.47,105.37,105.37,,62.27367000000001,0.0,0.0,,-1.6,-68.376,0.4,18.544,0.0,0.0,7.0,2.5,8.75,0.0,1.08,0.0,0.0,2.14,0.0,0.0,4.65,0.0,0.0,-2.99,0.0,0.0,12.65,0.0,0.0,-13.5,0.0,-1.74310961,,4302.72808,0.218702864,191.40802,0.0,0.0,99.861534,0.436199008,83.9216068,73.0769185,75.0,False
2026-05-03 08:00:00,0.0,,95.2,90.5,83.3,104.03,104.03,,20.806,0.0,0.0,,-0.5,-20.825,0.1,4.525,0.0,0.0,7.0,2.5,8.75,0.0,1.08,0.0,0.0,2.14,0.0,0.0,4.65,0.0,0.0,-2.99,0.0,0.0,12.65,0.0,0.0,-13.5,0.0,-0.02876752786666667,,4314.50429,0.219431957,191.408679,0.0,0.0,99.861534,0.437392848,83.9195945,73.0769185,75.0,False
2026-05-03 08:30:00,0.0,,95.2,94.0,87.25,106.45,106.45,,5.322500000000001,0.0,0.0,,-0.1,-4.3625,0.0,0.0,0.0,0.0,7.0,2.5,8.75,0.0,1.08,0.0,0.0,2.14,0.0,0.0,4.65,0.0,0.0,-2.99,0.0,0.0,12.65,0.0,0.0,-13.5,0.0,-0.011079250200000001,,4317.48605,0.219712753,191.408881,0.0,0.0,99.861534,0.437695131,83.9195844,73.0769185,75.0,False
2026-05-03 09:00:00,0.0,,109.93,103.0,96.1,95.54,95.54,,0.0,0.0,0.0,,0.0,0.0,0.0,0.0,0.0,0.0,7.0,2.5,8.75,0.0,1.08,0.0,0.0,2.14,0.0,0.0,4.65,0.0,0.0,-2.99,0.0,0.0,12.65,0.0,0.0,-13.5,0.0,-0.0099442498,,4319.86831,0.219964784,191.409033,0.0,0.0,99.861534,0.437936638,83.9195813,73.0769185,75.0,False
2026-05-03 09:30:00,0.0,,109.93,99.0,97.02,86.0,86.0,,0.0,0.0,0.0,,0.0,0.0,0.0,0.0,0.0,0.0,7.0,2.5,8.75,0.0,1.08,0.0,0.0,2.14,0.0,0.0,4.65,0.0,0.0,-2.99,0.0,0.0,12.65,0.0,0.0,-13.5,0.0,-0.007239666666666668,,4320.9541,0.220148268,191.409287,0.0,0.0,99.861534,0.438046713,83.9195789,73.0769185,75.0,False
2026-05-03 10:00:00,0.0,,112.0,104.0,94.8,73.47,73.47,,0.0,0.0,0.0,,0.0,0.0,0.0,0.0,0.0,0.0,7.0,2.5,8.75,0.0,1.08,0.0,0.0,2.14,0.0,0.0,4.65,0.0,0.0,-2.99,0.0,0.0,12.65,0.0,0.0,-13.5,0.0,-0.007286250033333333,,4322.05987,0.220332933,191.409439,0.0,0.0,99.861534,0.438158813,83.9195734,73.0769185,75.0,False
2026-05-03 10:30:00,0.0,,112.0,104.13,92.7,75.24,75.24,,0.0,0.0,0.0,,0.0,0.0,0.0,0.0,0.0,0.0,7.0,2.5,8.75,0.0,1.08,0.0,0.0,2.14,0.0,0.0,4.65,0.0,0.0,-2.99,0.0,0.0,12.65,0.0,0.0,-13.5,0.0,-0.007267444466666666,,4323.18948,0.220517121,191.409591,0.0,0.0,99.861534,0.438273329,83.9195771,73.0769185,75.0,False
2026-05-03 11:00:00,0.0,,111.14,109.13,100.08,78.04,78.04,,0.0,0.0,0.0,,0.0,0.0,0.0,0.0,0.0,0.0,7.0,3.83,13.405000000000001,0.0,0.81,0.0,0.0,0.82,0.0,0.0,9.93,0.0,0.0,-1.48,0.0,0.0,13.27,0.0,0.0,-13.97,0.0,-0.0073170833,,4324.26251,0.220702568,191.409794,0.0,0.0,99.861534,0.43838211,83.9195716,73.0769185,75.0,False
2026-05-03 11:30:00,0.0,,111.14,113.0,105.1,77.94,77.94,,0.0,0.0,0.0,,0.0,0.0,0.0,0.0,0.0,0.0,7.0,3.83,13.405000000000001,0.0,0.81,0.0,0.0,0.82,0.0,0.0,9.93,0.0,0.0,-1.48,0.0,0.0,13.27,0.0,0.0,-13.97,0.0,-0.007249444433333333,,4325.41601,0.2208863,191.409895,0.0,0.0,99.861534,0.438499049,83.9195731,73.0769185,75.0,False
2026-05-03 12:00:00,0.0,,107.8,109.29,102.81,133.0,133.0,,0.0,0.0,0.0,,0.0,0.0,0.0,0.0,0.0,0.0,7.0,3.83,13.405000000000001,0.0,0.81,0.0,0.0,0.82,0.0,0.0,9.93,0.0,0.0,-1.48,0.0,0.0,13.27,0.0,0.0,-13.97,0.0,-0.007308305533333333,,4326.52735,0.221071524,191.410098,0.0,0.0,99.861534,0.438611714,83.9195823,73.0769185,75.0,False
2026-05-03 12:30:00,0.0,,107.8,106.11,107.0,133.0,133.0,,0.0,0.0,0.0,,0.0,0.0,0.0,0.0,0.0,0.0,7.0,3.83,13.405000000000001,0.0,0.81,0.0,0.0,0.82,0.0,0.0,9.93,0.0,0.0,-1.48,0.0,0.0,13.27,0.0,0.0,-13.97,0.0,-0.007263249966666666,,4327.69074,0.221255606,191.41025,0.0,0.0,99.861534,0.438729655,83.9195891,73.0769185,75.0,False
2026-05-03 13:00:00,0.0,,103.9,106.33,106.0,133.0,133.0,,0.0,0.0,0.0,,0.0,0.0,0.0,0.0,0.0,0.0,7.0,3.83,13.405000000000001,0.0,0.81,0.0,0.0,0.82,0.0,0.0,9.93,0.0,0.0,-1.48,0.0,0.0,13.27,0.0,0.0,-13.97,0.0,-0.0072989444333333335,,4328.7983,0.221440594,191.410351,0.0,0.0,99.861534,0.438841937,83.9195867,73.0769185,75.0,False
2026-05-03 13:30:00,0.0,,103.9,102.81,104.0,88.98,88.98,,0.0,0.0,0.0,,0.0,0.0,0.0,0.0,0.0,0.0,7.0,3.83,13.405000000000001,0.0,0.81,0.0,0.0,0.82,0.0,0.0,9.93,0.0,0.0,-1.48,0.0,0.0,13.27,0.0,0.0,-13.97,0.0,-0.007379527733333333,,4330.05888,0.221627623,191.410553,0.0,0.0,99.861534,0.438969731,83.9195851,73.0769185,75.0,False
2026-05-03 14:00:00,0.0,,97.1,99.54,97.4,80.81,80.81,,0.0,0.0,0.0,,0.0,0.0,0.0,0.0,0.0,0.0,7.0,3.83,13.405000000000001,0.0,0.81,0.0,0.0,0.82,0.0,0.0,9.93,0.0,0.0,-1.48,0.0,0.0,13.27,0.0,0.0,-13.97,0.0,-0.007243027700000001,,4331.25786,0.221811193,191.410706,0.0,0.0,99.861534,0.43909128,83.9195873,73.0769185,75.0,False
2026-05-03 14:30:00,0.0,,97.1,98.95,98.59,80.9,80.9,,0.0,0.0,0.0,,0.0,0.0,0.0,0.0,0.0,0.0,7.0,3.83,13.405000000000001,0.0,0.81,0.0,0.0,0.82,0.0,0.0,9.93,0.0,0.0,-1.48,0.0,0.0,13.27,0.0,0.0,-13.97,0.0,-0.0072876111,,4332.40955,0.221995891,191.410909,0.0,0.0,99.861534,0.439208035,83.9195818,73.0769185,75.0,False
2026-05-03 15:00:00,0.0,,99.1,98.1,96.11,80.9,80.9,,0.0,0.0,0.0,,0.0,0.0,0.0,0.0,0.0,0.0,7.0,4.7,16.45,0.0,1.94,0.0,0.0,0.89,0.0,0.0,5.88,0.0,0.0,-3.2,0.0,0.0,12.92,0.0,0.0,-9.69,0.0,-0.0072350555666666665,,4333.59476,0.22217926,191.411061,0.0,0.0,99.861534,0.439328189,83.9195739,73.0769185,75.0,False
2026-05-03 15:30:00,0.0,,99.1,102.1,101.01,80.95,80.95,,0.0,0.0,0.0,,0.0,0.0,0.0,0.0,0.0,0.0,7.0,4.7,16.45,0.0,1.94,0.0,0.0,0.89,0.0,0.0,5.88,0.0,0.0,-3.2,0.0,0.0,12.92,0.0,0.0,-9.69,0.0,-0.0072405,,4334.79517,0.222362766,191.411213,0.0,0.0,99.861534,0.439449883,83.919546,73.0769185,75.0,False
2026-05-03 16:00:00,0.0,,104.94,103.63,103.0,82.73,82.73,,0.0,0.0,0.0,,0.0,0.0,0.0,0.0,0.0,0.0,7.0,4.7,16.45,0.0,1.94,0.0,0.0,0.89,0.0,0.0,5.88,0.0,0.0,-3.2,0.0,0.0,12.92,0.0,0.0,-9.69,0.0,-0.007269083333333333,,4335.94901,0.222546995,191.411365,0.0,0.0,99.861534,0.439566856,83.9195336,73.0769185,75.0,False
2026-05-03 16:30:00,0.0,,104.94,122.57,109.0,80.95,80.95,,0.0,0.0,0.0,,0.0,0.0,0.0,0.0,0.0,0.0,7.0,4.7,16.45,0.0,1.94,0.0,0.0,0.89,0.0,0.0,5.88,0.0,0.0,-3.2,0.0,0.0,12.92,0.0,0.0,-9.69,0.0,-0.007289611166666667,,4337.13873,0.222731745,191.411567,0.0,0.0,99.861534,0.439687467,83.919525,73.0769185,75.0,False
2026-05-03 17:00:00,0.0,,110.0,122.47,112.0,134.0,134.0,,0.0,0.0,0.0,,0.0,0.0,0.0,0.0,0.0,0.0,7.0,4.7,16.45,0.0,1.94,0.0,0.0,0.89,0.0,0.0,5.88,0.0,0.0,-3.2,0.0,0.0,12.92,0.0,0.0,-9.69,0.0,-0.0073014722,,4338.3337,0.222916796,191.411618,0.0,0.0,99.861534,0.43980861,83.9195163,73.0769185,75.0,False
2026-05-03 17:30:00,0.01,,110.0,127.03,118.0,150.0,150.0,,0.0,1.5,0.0,,0.0,0.0,0.0,0.0,0.0,0.0,7.0,4.7,16.45,0.0,1.94,0.0,0.0,0.89,0.0,0.0,5.88,0.0,0.0,-3.2,0.0,0.0,12.92,0.0,0.0,-9.69,0.0,-0.007274361133333333,,4339.58257,0.22310116,191.411923,0.0,0.0,99.861534,0.439935217,83.9194938,73.0769185,75.0,False
2026-05-03 18:00:00,0.488,,122.87,124.0,124.0,150.0,150.0,,-1.8000000000000016,0.0,0.0,,0.0,0.0,1.0,62.0,0.0,0.0,7.0,4.7,16.45,0.0,1.94,0.0,0.0,0.89,0.0,0.0,5.88,0.0,0.0,-3.2,0.0,0.0,12.92,0.0,0.0,-9.69,0.0,0.020152917766666667,,4340.42463,0.223869047,191.412784,0.00137899655,13.602615,99.861534,0.440020583,83.9194911,73.0769185,75.0,False
2026-05-03 18:30:00,0.04,,122.87,123.22,120.0,97.0,97.0,,0.0,3.88,0.0,,1.0,60.0,-1.0,-61.61,0.0,0.0,7.0,4.7,16.45,0.0,1.94,0.0,0.0,0.89,0.0,0.0,5.88,0.0,0.0,-3.2,0.0,0.0,12.92,0.0,0.0,-9.69,0.0,0.97247805,,4340.42463,0.24851585,191.437673,0.0509441033,502.519767,99.861534,0.440020583,83.9393988,73.0769185,75.0,False
2026-05-03 19:00:00,1.857,,121.0,131.0,123.5,93.87,93.87,,-46.27791000000001,0.0,0.0,,0.0,0.0,4.7,307.85,0.0,0.0,7.0,9.02,31.57,0.0,2.45,0.0,0.0,0.12,0.0,0.0,7.44,0.0,0.0,-3.53,0.0,0.0,21.24,0.0,0.0,-16.0,0.0,0.0990575,,4341.31368,0.251272253,191.440562,0.0563882513,556.221605,99.861534,0.440110712,83.9426595,73.0769185,75.0,False
2026-05-03 19:30:00,1.303,,121.0,131.0,123.48,91.46,91.46,,-95.75862000000001,0.0,0.0,,0.0,0.0,4.7,307.85,0.0,0.0,7.0,9.02,31.57,0.0,2.45,0.0,0.0,0.12,0.0,0.0,7.44,0.0,0.0,-3.53,0.0,0.0,21.24,0.0,0.0,-16.0,0.0,3.687793166666667,,4341.31368,0.344736893,191.534436,0.244747958,2414.22812,99.861534,0.440110712,84.0170504,73.0769185,75.0,False
2026-05-03 20:00:00,0.111,,120.92,127.13,120.69,91.0,91.0,,-8.099,0.0,0.0,,0.0,0.0,0.4,25.426000000000002,0.0,0.0,7.0,9.02,31.57,0.0,2.45,0.0,0.0,0.12,0.0,0.0,7.44,0.0,0.0,-3.53,0.0,0.0,21.24,0.0,0.0,-16.0,0.0,2.6027977266666666,,4341.31368,0.410703052,191.600788,0.377366462,3722.39561,99.861534,0.440110712,84.0870989,73.0769185,75.0,False
2026-05-03 20:30:00,0.0,,120.92,126.05,120.99,150.0,150.0,,0.0,0.0,0.0,,0.0,0.0,0.0,0.0,0.0,0.0,7.0,9.02,31.57,0.0,2.45,0.0,0.0,0.12,0.0,0.0,7.44,0.0,0.0,-3.53,0.0,0.0,21.24,0.0,0.0,-16.0,0.0,0.21165377780000003,,4341.74692,0.416315512,191.606516,0.388398901,3831.22114,99.861534,0.440154633,84.0955653,73.0769185,75.0,False
2026-05-03 21:00:00,0.0,,114.21,125.8,120.6,90.0,90.0,,0.0,0.0,0.0,,0.0,0.0,0.0,0.0,0.0,0.0,7.0,9.02,31.57,0.0,2.45,0.0,0.0,0.12,0.0,0.0,7.44,0.0,0.0,-3.53,0.0,0.0,21.24,0.0,0.0,-16.0,0.0,-0.007424222233333333,,4342.93454,0.416503675,191.606617,0.388398901,3831.22114,99.861534,0.440275031,84.0955644,73.0769185,75.0,False
2026-05-03 21:30:00,0.0,,114.21,112.52,111.64,87.73,87.73,,0.0,0.0,0.0,,0.0,0.0,0.0,0.0,0.0,0.0,7.0,9.02,31.57,0.0,2.45,0.0,0.0,0.12,0.0,0.0,7.44,0.0,0.0,-3.53,0.0,0.0,21.24,0.0,0.0,-16.0,0.0,-0.0074479167,,4344.21657,0.416692437,191.606871,0.388398901,3831.22114,99.861534,0.440404999,84.0955487,73.0769185,75.0,False
2026-05-03 22:00:00,0.0,,101.0,116.58,108.0,85.0,85.0,,0.0,0.0,0.0,,0.0,0.0,0.0,0.0,0.0,0.0,7.0,9.02,31.57,0.0,2.45,0.0,0.0,0.12,0.0,0.0,7.44,0.0,0.0,-3.53,0.0,0.0,21.24,0.0,0.0,-16.0,0.0,-0.007364611133333333,,4345.51092,0.416879088,191.606972,0.388398901,3831.22114,99.861534,0.440536217,84.0955137,73.0769185,75.0,False
2026-05-03 22:30:00,0.0,,101.0,105.22,97.29,83.38,83.38,,0.0,0.0,0.0,,0.0,0.0,0.0,0.0,0.0,0.0,7.0,9.02,31.57,0.0,2.45,0.0,0.0,0.12,0.0,0.0,7.44,0.0,0.0,-3.53,0.0,0.0,21.24,0.0,0.0,-16.0,0.0,-0.007305138866666667,,4346.78414,0.417064231,191.607175,0.388398901,3831.22114,99.861534,0.440665293,84.0954959,73.0769185,75.0,False
2026-05-03 23:00:00,0.0,,98.3,99.54,104.6,97.35,97.35,,0.0,0.0,0.0,,0.0,0.0,0.0,0.0,0.0,0.0,7.0,1.73,6.055,0.0,0.65,0.0,0.0,0.45,0.0,0.0,4.72,0.0,0.0,-2.48,0.0,0.0,16.91,0.0,0.0,-10.49,0.0,-0.007379666666666666,,4348.0556,0.417251264,191.607327,0.388398901,3831.22114,99.861534,0.44079419,84.0954756,73.0769185,75.0,False
2026-05-03 23:30:00,0.0,,98.3,101.63,102.04,89.32,89.32,,0.0,0.0,0.0,,0.0,0.0,0.0,0.0,0.0,0.0,7.0,1.73,6.055,0.0,0.65,0.0,0.0,0.45,0.0,0.0,4.72,0.0,0.0,-2.48,0.0,0.0,16.91,0.0,0.0,-10.49,0.0,-0.007349944466666667,,4349.44121,0.417437544,191.607479,0.388398901,3831.22114,99.861534,0.440934659,84.0954346,73.0769185,75.0,False
2026-05-04 00:00:00,0.0,,95.27,100.0,100.5,115.63,115.63,,0.0,0.0,0.0,,0.0,0.0,0.0,0.0,0.0,0.0,7.0,1.73,6.055,0.0,0.65,0.0,0.0,0.45,0.0,0.0,4.72,0.0,0.0,-2.48,0.0,0.0,16.91,0.0,0.0,-10.49,0.0,-0.007376694433333333,,4350.7874,0.417624501,191.607682,0.388398901,3831.22114,99.861534,0.441071132,84.0953904,73.0769185,75.0,False
2026-05-04 00:30:00,0.0,,95.27,97.0,99.61,85.96,85.96,,0.0,0.0,0.0,,0.0,0.0,0.0,0.0,0.0,0.0,7.0,1.73,6.055,0.0,0.65,0.0,0.0,0.45,0.0,0.0,4.72,0.0,0.0,-2.48,0.0,0.0,16.91,0.0,0.0,-10.49,0.0,-0.007341166633333333,,1.32438532,0.000186056936,191.607935,0.0,0.0,99.861534,0.000134262624,84.0953655,73.0769185,75.0,False
2026-05-04 01:00:00,0.0,,93.42,99.62,97.55,86.51,86.51,,0.0,0.0,0.0,,0.0,0.0,0.0,0.0,0.0,0.0,7.0,1.73,6.055,0.0,0.65,0.0,0.0,0.45,0.0,0.0,4.72,0.0,0.0,-2.48,0.0,0.0,16.91,0.0,0.0,-10.49,0.0,-0.007335194400000001,,2.66665065,0.000371962509,191.607986,0.0,0.0,99.861534,0.000270337875,84.0953214,73.0769185,75.0,False
2026-05-04 01:30:00,-0.031,,93.42,97.9,98.5,86.46,86.46,,0.0,-2.6802599999999996,0.0,,0.0,0.0,0.0,0.0,0.0,0.0,7.0,1.73,6.055,0.0,0.65,0.0,0.0,0.45,0.0,0.0,4.72,0.0,0.0,-2.48,0.0,0.0,16.91,0.0,0.0,-10.49,0.0,-0.007316111166666667,,4.02528388,0.00055738443,191.608291,0.0,0.0,99.861534,0.00040807246,84.0952818,73.0769185,75.0,False
2026-05-04 02:00:00,-1.619,,93.33,99.69,100.0,86.69,86.69,,33.02889,0.0,0.0,,0.0,0.0,-4.0,-199.38,0.0,0.0,7.0,1.73,6.055,0.0,0.65,0.0,0.0,0.45,0.0,0.0,4.72,0.0,0.0,-2.48,0.0,0.0,16.91,0.0,0.0,-10.49,0.0,-0.09298211223333334,,49.1564704,0.00291395359,191.610571,0.0,0.0,99.861534,0.00498335084,84.0951533,73.0769185,75.0,False
2026-05-04 02:30:00,-1.684,,93.33,99.0,98.42,86.7,86.7,,27.397200000000005,0.0,0.0,,0.0,0.0,-4.0,-198.0,0.0,0.0,7.0,1.73,6.055,0.0,0.65,0.0,0.0,0.45,0.0,0.0,4.72,0.0,0.0,-2.48,0.0,0.0,16.91,0.0,0.0,-10.49,0.0,-3.3545739999999995,,1739.34159,0.0879333775,191.695779,0.0,0.0,99.861534,0.176329775,84.0390707,73.0769185,75.0,False
2026-05-04 03:00:00,-0.003,,91.94,99.0,100.0,83.6,83.6,,0.0,-0.25079999999999997,0.0,,0.0,0.0,0.0,0.0,0.0,0.0,7.0,1.9,6.6499999999999995,0.0,1.65,0.0,0.0,2.47,0.0,0.0,5.38,0.0,0.0,-1.89,0.0,0.0,17.72,0.0,0.0,-10.49,0.0,-3.4668233333333336,,3484.94967,0.175797685,191.783825,0.0,0.0,99.861534,0.353294831,83.9705284,73.0769185,75.0,False
2026-05-04 03:30:00,-0.003,,91.94,99.0,98.02,83.6,83.6,,0.0,-0.25079999999999997,0.0,,0.0,0.0,0.0,0.0,0.0,0.0,7.0,1.9,6.6499999999999995,0.0,1.65,0.0,0.0,2.47,0.0,0.0,5.38,0.0,0.0,-1.89,0.0,0.0,17.72,0.0,0.0,-10.49,0.0,-0.011841749966666667,,3488.50535,0.176097807,191.784028,0.0,0.0,99.861534,0.353655296,83.9608604,73.0769185,75.0,False
2026-05-04 04:00:00,-0.003,,92.32,100.3,106.0,95.05,95.05,,0.0,-0.28515,0.0,,0.0,0.0,0.0,0.0,0.0,0.0,7.0,1.9,6.6499999999999995,0.0,1.65,0.0,0.0,2.47,0.0,0.0,5.38,0.0,0.0,-1.89,0.0,0.0,17.72,0.0,0.0,-10.49,0.0,-0.0118795559,,3492.09497,0.176398886,191.784281,0.0,0.0,99.861534,0.354019202,83.9607879,73.0769185,75.0,False
2026-05-04 04:30:00,-0.003,,92.32,102.2,102.0,88.26,88.26,,0.0,-0.26478,0.0,,0.0,0.0,0.0,0.0,0.0,0.0,7.0,1.9,6.6499999999999995,0.0,1.65,0.0,0.0,2.47,0.0,0.0,5.38,0.0,0.0,-1.89,0.0,0.0,17.72,0.0,0.0,-10.49,0.0,-0.0118830276,,3495.68643,0.176700053,191.784484,0.0,0.0,99.861534,0.354383294,83.9607232,73.0769185,75.0,False
2026-05-04 05:00:00,-0.003,,102.7,110.04,112.29,107.0,107.0,,0.0,-0.321,0.0,,0.0,0.0,0.0,0.0,0.0,0.0,7.0,1.9,6.6499999999999995,0.0,1.65,0.0,0.0,2.47,0.0,0.0,5.38,0.0,0.0,-1.89,0.0,0.0,17.72,0.0,0.0,-10.49,0.0,-0.011920972333333333,,3499.27729,0.177002182,191.784788,0.0,0.0,99.861534,0.354747326,83.960663,73.0769185,75.0,False
2026-05-04 05:30:00,-0.003,,102.7,112.2,110.97,87.22,87.22,,0.0,-0.26166,0.0,,0.0,0.0,0.0,0.0,0.0,0.0,7.0,1.9,6.6499999999999995,0.0,1.65,0.0,0.0,2.47,0.0,0.0,5.38,0.0,0.0,-1.89,0.0,0.0,17.72,0.0,0.0,-10.49,0.0,-0.011819944666666665,,3502.83882,0.17730175,191.785041,0.0,0.0,99.861534,0.355108385,83.9606091,73.0769185,75.0,False
2026-05-04 06:00:00,-0.002,,110.0,119.84,122.7,89.95,89.95,,0.0,-0.1799,0.0,,0.0,0.0,0.0,0.0,0.0,0.0,7.0,1.9,6.6499999999999995,0.0,1.65,0.0,0.0,2.47,0.0,0.0,5.38,0.0,0.0,-1.89,0.0,0.0,17.72,0.0,0.0,-10.49,0.0,-0.011828944433333334,,3506.41341,0.177601548,191.785295,0.0,0.0,99.861534,0.355470767,83.9605443,73.0769185,75.0,False
2026-05-04 06:30:00,0.0,,110.0,123.45,125.02,90.57,90.57,,0.0,0.0,0.0,,0.0,0.0,0.0,0.0,0.0,0.0,7.0,1.9,6.6499999999999995,0.0,1.65,0.0,0.0,2.47,0.0,0.0,5.38,0.0,0.0,-1.89,0.0,0.0,17.72,0.0,0.0,-10.49,0.0,-0.011122750266666667,,3509.60397,0.177883446,191.785497,0.0,0.0,99.861534,0.355794217,83.9605027,73.0769185,75.0,False
2026-05-04 07:00:00,0.0,,109.0,120.4,116.6,109.36,109.36,,0.0,0.0,0.0,,0.0,0.0,0.0,0.0,0.0,0.0,7.0,6.14,21.49,0.0,1.46,0.0,0.0,0.47,0.0,0.0,6.6,0.0,0.0,-1.87,0.0,0.0,16.19,0.0,0.0,-16.11,0.0,-0.007385111166666666,,3510.94784,0.178070617,191.78565,0.0,0.0,99.861534,0.355930455,83.9604888,73.0769185,75.0,False
2026-05-04 07:30:00,0.0,,109.0,119.73,117.6,153.0,153.0,,0.0,0.0,0.0,,0.0,0.0,0.0,0.0,0.0,0.0,7.0,6.14,21.49,0.0,1.46,0.0,0.0,0.47,0.0,0.0,6.6,0.0,0.0,-1.87,0.0,0.0,16.19,0.0,0.0,-16.11,0.0,-0.007395861100000001,,3512.25567,0.17825806,191.785853,0.0,0.0,99.861534,0.356063039,83.9604686,73.0769185,75.0,False
2026-05-04 08:00:00,0.0,,98.59,107.34,109.83,110.88,110.88,,0.0,0.0,0.0,,0.0,0.0,0.0,0.0,0.0,0.0,7.0,6.14,21.49,0.0,1.46,0.0,0.0,0.47,0.0,0.0,6.6,0.0,0.0,-1.87,0.0,0.0,16.19,0.0,0.0,-16.11,0.0,-0.0074182222666666665,,3513.61321,0.178446069,191.785954,0.0,0.0,99.861534,0.356200663,83.9604422,73.0769185,75.0,False
2026-05-04 08:30:00,0.0,,98.59,109.78,110.46,129.78,129.78,,0.0,0.0,0.0,,0.0,0.0,0.0,0.0,0.0,0.0,7.0,6.14,21.49,0.0,1.46,0.0,0.0,0.47,0.0,0.0,6.6,0.0,0.0,-1.87,0.0,0.0,16.19,0.0,0.0,-16.11,0.0,-0.0074183055,,3514.98374,0.178634082,191.786157,0.0,0.0,99.861534,0.356339604,83.9604019,73.0769185,75.0,False
2026-05-04 09:00:00,0.0,,106.8,107.56,103.1,85.18,85.18,,0.0,0.0,0.0,,0.0,0.0,0.0,0.0,0.0,0.0,7.0,6.14,21.49,0.0,1.46,0.0,0.0,0.47,0.0,0.0,6.6,0.0,0.0,-1.87,0.0,0.0,16.19,0.0,0.0,-16.11,0.0,-0.0073758888333333335,,3516.31822,0.178821019,191.786309,0.0,0.0,99.861534,0.35647489,83.9603601,73.0769185,75.0,False
2026-05-04 09:30:00,0.0,,106.8,101.56,100.0,106.91,106.91,,0.0,0.0,0.0,,0.0,0.0,0.0,0.0,0.0,0.0,7.0,6.14,21.49,0.0,1.46,0.0,0.0,0.47,0.0,0.0,6.6,0.0,0.0,-1.87,0.0,0.0,16.19,0.0,0.0,-16.11,0.0,-0.007342777766666667,,3517.7005,0.179007116,191.786512,0.0,0.0,99.861534,0.356615022,83.9603106,73.0769185,75.0,False
2026-05-04 10:00:00,0.0,,100.0,101.5,96.4,92.94,92.94,,0.0,0.0,0.0,,0.0,0.0,0.0,0.0,0.0,0.0,7.0,6.14,21.49,0.0,1.46,0.0,0.0,0.47,0.0,0.0,6.6,0.0,0.0,-1.87,0.0,0.0,16.19,0.0,0.0,-16.11,0.0,-0.0073809721333333335,,3518.99969,0.179194182,191.786664,0.0,0.0,99.861534,0.35674673,83.960251,73.0769185,75.0,False
2026-05-04 10:30:00,0.0,,100.0,100.0,94.0,93.4,93.4,,0.0,0.0,0.0,,0.0,0.0,0.0,0.0,0.0,0.0,7.0,6.14,21.49,0.0,1.46,0.0,0.0,0.47,0.0,0.0,6.6,0.0,0.0,-1.87,0.0,0.0,16.19,0.0,0.0,-16.11,0.0,-0.0073555834,,3520.32623,0.179380605,191.786816,0.0,0.0,99.861534,0.356881211,83.9602037,73.0769185,75.0,False
2026-05-04 11:00:00,0.0,,93.25,98.57,93.0,92.65,92.65,,0.0,0.0,0.0,,0.0,0.0,0.0,0.0,0.0,0.0,7.0,3.25,11.375,0.0,1.7,0.0,0.0,1.28,0.0,0.0,3.87,0.0,0.0,0.15,0.0,0.0,12.5,0.0,0.0,-11.6,0.0,-0.007289027766666667,,3521.66567,0.17956534,191.786968,0.0,0.0,99.861534,0.357017,83.9601541,73.0769185,75.0,False
2026-05-04 11:30:00,0.0,,93.25,95.92,93.0,93.74,93.74,,0.0,0.0,0.0,,0.0,0.0,0.0,0.0,0.0,0.0,7.0,3.25,11.375,0.0,1.7,0.0,0.0,1.28,0.0,0.0,3.87,0.0,0.0,0.15,0.0,0.0,12.5,0.0,0.0,-11.6,0.0,-0.0072808611333333335,,3523.01056,0.179749868,191.787171,0.0,0.0,99.861534,0.357153341,83.9600969,73.0769185,75.0,False
2026-05-04 12:00:00,0.0,,91.7,97.0,93.0,100.0,100.0,,0.0,0.0,0.0,,-4.0,-186.0,4.0,194.0,0.0,0.0,7.0,3.25,11.375,0.0,1.7,0.0,0.0,1.28,0.0,0.0,3.87,0.0,0.0,0.15,0.0,0.0,12.5,0.0,0.0,-11.6,0.0,-0.007255972233333334,,3524.32113,0.179933767,191.787323,0.0,0.0,99.861534,0.357286203,83.9600566,73.0769185,75.0,False
2026-05-04 12:30:00,0.0,,91.7,95.11,93.0,74.31,74.31,,0.0,0.0,0.0,,-4.0,-186.0,4.0,190.22,0.0,0.0,7.0,3.25,11.375,0.0,1.7,0.0,0.0,1.28,0.0,0.0,3.87,0.0,0.0,0.15,0.0,0.0,12.5,0.0,0.0,-11.6,0.0,-0.007349833399999999,,3525.61058,0.180120043,191.787525,0.0,0.0,99.861534,0.357416924,83.9599994,73.0769185,75.0,False
2026-05-04 13:00:00,-0.028,,89.8,95.8,93.0,114.19,114.19,,0.0,-3.19732,0.0,,0.0,0.0,0.0,0.0,0.0,0.0,7.0,3.25,11.375,0.0,1.7,0.0,0.0,1.28,0.0,0.0,3.87,0.0,0.0,0.15,0.0,0.0,12.5,0.0,0.0,-11.6,0.0,-0.007321305566666668,,3526.89648,0.180305596,191.787576,0.0,0.0,99.861534,0.357547285,83.9599313,73.0769185,75.0,False
2026-05-04 13:30:00,-1.206,,89.8,95.92,93.0,117.42,117.42,,93.23148,0.0,0.0,,0.0,0.0,-4.0,-191.84,0.0,0.0,7.0,3.25,11.375,0.0,1.7,0.0,0.0,1.28,0.0,0.0,3.87,0.0,0.0,0.15,0.0,0.0,12.5,0.0,0.0,-11.6,0.0,-0.0809399723,,3565.75325,0.182356965,191.789756,0.0,0.0,99.861534,0.36148648,83.9598325,73.0769185,75.0,False
2026-05-04 14:00:00,-0.147,,87.3,95.91,93.0,119.0,119.0,,77.70700000000001,0.0,0.0,,0.0,0.0,-1.6,-76.728,0.0,0.0,7.0,3.25,11.375,0.0,1.7,0.0,0.0,1.28,0.0,0.0,3.87,0.0,0.0,0.15,0.0,0.0,12.5,0.0,0.0,-11.6,0.0,-2.3987971900000002,,4771.92727,0.243152869,191.850582,0.0,0.0,99.861534,0.48376516,83.9174453,73.0769185,75.0,False
2026-05-04 14:30:00,0.0,,87.3,93.77,93.0,123.6,123.6,,30.9,0.0,0.0,,0.0,0.0,-0.5,-23.4425,0.0,0.0,7.0,3.25,11.375,0.0,1.7,0.0,0.0,1.28,0.0,0.0,3.87,0.0,0.0,0.15,0.0,0.0,12.5,0.0,0.0,-11.6,0.0,-0.29348077643333337,,4916.3206,0.250590941,191.857982,0.0,0.0,99.861534,0.498403368,83.9064124,73.0769185,75.0,False
2026-05-04 15:00:00,0.0,,91.0,95.11,92.0,123.6,123.6,,6.18,0.0,0.0,,0.0,0.0,-0.1,-4.7555000000000005,0.0,0.0,7.0,6.74,23.59,0.0,1.76,0.0,0.0,1.5,0.0,0.0,4.04,0.0,0.0,0.0,0.0,0.0,20.8,0.0,0.0,-6.87,0.0,-0.007192638899999999,,4917.46394,0.250773234,191.858084,0.0,0.0,99.861534,0.498519277,83.906356,73.0769185,75.0,False
2026-05-04 15:30:00,0.0,,91.0,95.93,94.1,123.6,123.6,,0.0,0.0,0.0,,0.0,0.0,0.0,0.0,0.0,0.0,7.0,6.74,23.59,0.0,1.76,0.0,0.0,1.5,0.0,0.0,4.04,0.0,0.0,0.0,0.0,0.0,20.8,0.0,0.0,-6.87,0.0,-0.007253944466666666,,4918.70517,0.25095708,191.858338,0.0,0.0,99.861534,0.498645109,83.9063089,73.0769185,75.0,False
2026-05-04 16:00:00,0.0,,97.12,98.62,95.59,122.0,122.0,,0.0,0.0,0.0,,0.0,0.0,0.0,0.0,0.0,0.0,7.0,6.74,23.59,0.0,1.76,0.0,0.0,1.5,0.0,0.0,4.04,0.0,0.0,0.0,0.0,0.0,20.8,0.0,0.0,-6.87,0.0,-0.007256083366666667,,4919.92855,0.251140982,191.858439,0.0,0.0,99.861534,0.498769132,83.906258,73.0769185,75.0,False
2026-05-04 16:30:00,0.008,,97.12,102.0,107.9,127.53,127.53,,0.0,1.02024,0.0,,0.0,0.0,0.0,0.0,0.0,0.0,7.0,6.74,23.59,0.0,1.76,0.0,0.0,1.5,0.0,0.0,4.04,0.0,0.0,0.0,0.0,0.0,20.8,0.0,0.0,-6.87,0.0,-0.007224222233333333,,4921.16258,0.251324074,191.858641,0.0,0.0,99.861534,0.498894235,83.9062187,73.0769185,75.0,False
2026-05-04 17:00:00,0.534,,115.2,119.32,115.76,123.6,123.6,,4.2024000000000035,0.0,0.0,,0.0,0.0,1.0,59.66,0.0,0.0,7.0,6.74,23.59,0.0,1.76,0.0,0.0,1.5,0.0,0.0,4.04,0.0,0.0,0.0,0.0,0.0,20.8,0.0,0.0,-6.87,0.0,0.017289861033333336,,4921.9582,0.252028549,191.859401,0.00123594893,12.1915733,99.861534,0.498974893,83.9061806,73.0769185,75.0,False
2026-05-04 17:30:00,1.558,,115.2,129.5,125.0,152.9,152.9,,-121.09680000000002,0.0,0.0,,0.0,0.0,4.7,304.325,0.0,0.0,7.0,6.74,23.59,0.0,1.76,0.0,0.0,1.5,0.0,0.0,4.04,0.0,0.0,0.0,0.0,0.0,20.8,0.0,0.0,-6.87,0.0,1.0824651266666667,,4921.9582,0.2794629,191.88728,0.0564568721,556.89849,99.861534,0.498974893,83.9262312,73.0769185,75.0,False
2026-05-04 18:00:00,1.239,,132.91,139.0,146.0,145.0,145.0,,-161.095,0.0,0.0,,4.7,343.1,0.0,0.0,0.0,0.0,7.0,6.74,23.59,0.0,1.76,0.0,0.0,1.5,0.0,0.0,4.04,0.0,0.0,0.0,0.0,0.0,20.8,0.0,0.0,-6.87,0.0,3.2135162333333334,,4921.9582,0.360907309,191.969142,0.220452909,2174.57836,99.861534,0.498974893,83.9934621,73.0769185,75.0,False
2026-05-04 18:30:00,0.369,,132.91,142.34,137.0,145.0,145.0,,-47.995,0.0,0.0,,1.4,95.89999999999999,0.0,0.0,0.0,0.0,7.0,6.74,23.59,0.0,1.76,0.0,0.0,1.5,0.0,0.0,4.04,0.0,0.0,0.0,0.0,0.0,20.8,0.0,0.0,-6.87,0.0,2.47849625,,4921.9582,0.423723132,192.032352,0.346730046,3420.19372,99.861534,0.498974893,84.0590609,73.0769185,75.0,False
2026-05-04 19:00:00,0.083,,139.7,142.0,139.0,152.9,152.9,,-17.889300000000002,0.0,0.0,,0.4,27.8,0.0,0.0,0.0,0.0,7.0,8.3,29.050000000000004,0.0,1.85,0.0,0.0,0.67,0.0,0.0,8.34,0.0,0.0,-3.14,0.0,0.0,21.16,0.0,0.0,-15.28,0.0,0.7383042923333333,,4921.9582,0.442620693,192.05131,0.384381891,3791.59679,99.861534,0.498974893,84.0788501,73.0769185,75.0,False
2026-05-04 19:30:00,0.0,,139.7,142.37,137.38,159.9,159.9,,-7.995000000000001,0.0,0.0,,0.1,6.869,0.0,0.0,0.0,0.0,7.0,8.3,29.050000000000004,0.0,1.85,0.0,0.0,0.67,0.0,0.0,8.34,0.0,0.0,-3.14,0.0,0.0,21.16,0.0,0.0,-15.28,0.0,0.164969858,,4921.9582,0.446988681,192.05582,0.393010896,3876.7145,99.861534,0.498974893,84.0836025,73.0769185,75.0,False
2026-05-04 20:00:00,0.0,,137.0,140.0,137.02,169.0,169.0,,0.0,0.0,0.0,,0.0,0.0,0.0,0.0,0.0,0.0,7.0,8.3,29.050000000000004,0.0,1.85,0.0,0.0,0.67,0.0,0.0,8.34,0.0,0.0,-3.14,0.0,0.0,21.16,0.0,0.0,-15.28,0.0,-0.0073933889,,4923.1728,0.447176061,192.056023,0.393010896,3876.7145,99.861534,0.499098026,84.0839105,73.0769185,75.0,False
2026-05-04 20:30:00,0.0,,137.0,139.0,139.27,159.9,159.9,,0.0,0.0,0.0,,0.0,0.0,0.0,0.0,0.0,0.0,7.0,8.3,29.050000000000004,0.0,1.85,0.0,0.0,0.67,0.0,0.0,8.34,0.0,0.0,-3.14,0.0,0.0,21.16,0.0,0.0,-15.28,0.0,-0.007344361099999999,,4924.34809,0.4473622,192.056175,0.393010896,3876.7145,99.861534,0.499217174,84.0838903,73.0769185,75.0,False
2026-05-04 21:00:00,0.0,,127.4,135.01,130.6,109.92,109.92,,0.0,0.0,0.0,,0.0,0.0,0.0,0.0,0.0,0.0,7.0,8.3,29.050000000000004,0.0,1.85,0.0,0.0,0.67,0.0,0.0,8.34,0.0,0.0,-3.14,0.0,0.0,21.16,0.0,0.0,-15.28,0.0,-0.0072974167,,4925.60781,0.447547148,192.056429,0.393010896,3876.7145,99.861534,0.499344881,84.0838546,73.0769185,75.0,False
2026-05-04 21:30:00,0.0,,127.4,124.9,118.93,110.06,110.06,,0.0,0.0,0.0,,0.0,0.0,0.0,0.0,0.0,0.0,7.0,8.3,29.050000000000004,0.0,1.85,0.0,0.0,0.67,0.0,0.0,8.34,0.0,0.0,-3.14,0.0,0.0,21.16,0.0,0.0,-15.28,0.0,-0.007328916633333334,,4926.91665,0.447732894,192.05648,0.393010896,3876.7145,99.861534,0.499477567,84.0837913,73.0769185,75.0,False
2026-05-04 22:00:00,-0.017,,111.9,122.75,114.8,96.78,96.78,,0.0,-1.6452600000000002,0.0,,0.0,0.0,0.0,0.0,0.0,0.0,7.0,8.3,29.050000000000004,0.0,1.85,0.0,0.0,0.67,0.0,0.0,8.34,0.0,0.0,-3.14,0.0,0.0,21.16,0.0,0.0,-15.28,0.0,-0.007376972200000001,,4928.13976,0.447919858,192.056783,0.393010896,3876.7145,99.861534,0.499601563,84.0837402,73.0769185,75.0,False
2026-05-04 22:30:00,-0.823,,111.9,111.7,99.01,169.0,169.0,,4.563000000000004,0.0,0.0,,-1.7,-84.1585,0.0,0.0,0.0,0.0,7.0,8.3,29.050000000000004,0.0,1.85,0.0,0.0,0.67,0.0,0.0,8.34,0.0,0.0,-3.14,0.0,0.0,21.16,0.0,0.0,-15.28,0.0,-0.05422152886666667,,4953.36234,0.449294066,192.058051,0.393010896,3876.7145,99.861534,0.50215856,84.0836506,73.0769185,75.0,False
2026-05-04 23:00:00,0.0,,107.76,116.0,113.31,113.87,113.87,,0.0,0.0,0.0,,0.0,0.0,0.0,0.0,0.0,0.0,7.0,2.08,7.28,0.0,0.43,0.0,0.0,0.65,0.0,0.0,4.34,0.0,0.0,-2.01,0.0,0.0,16.06,0.0,0.0,-12.82,0.0,-1.6529488700000001,,5778.31093,0.491186945,192.100122,0.393010896,3876.7145,99.861534,0.585789631,84.0554227,73.0769185,75.0,False
2026-05-04 23:30:00,0.0,,107.76,114.0,110.4,116.8,116.8,,0.0,0.0,0.0,,0.0,0.0,0.0,0.0,0.0,0.0,7.0,2.08,7.28,0.0,0.43,0.0,0.0,0.65,0.0,0.0,4.34,0.0,0.0,-2.01,0.0,0.0,16.06,0.0,0.0,-12.82,0.0,-0.007346611133333333,,5779.58219,0.49137314,192.100375,0.393010896,3876.7145,99.861534,0.585918508,84.0509101,73.0769185,75.0,False
2026-05-05 00:00:00,0.0,,101.84,112.96,107.0,97.29,97.29,,0.0,0.0,0.0,,0.0,0.0,0.0,0.0,0.0,0.0,7.0,2.08,7.28,0.0,0.43,0.0,0.0,0.65,0.0,0.0,4.34,0.0,0.0,-2.01,0.0,0.0,16.06,0.0,0.0,-12.82,0.0,-0.007433055500000001,,5780.80164,0.491561525,192.100477,0.393010896,3876.7145,99.861534,0.586042132,84.0508692,73.0769185,75.0,False
2026-05-05 00:30:00,0.0,,101.84,109.51,106.88,99.61,99.61,,0.0,0.0,0.0,,0.0,0.0,0.0,0.0,0.0,0.0,7.0,2.08,7.28,0.0,0.43,0.0,0.0,0.65,0.0,0.0,4.34,0.0,0.0,-2.01,0.0,0.0,16.06,0.0,0.0,-12.82,0.0,-0.007349305633333333,,1.26096845,0.000186263213,192.10068,0.0,0.0,99.861534,0.000127833592,84.0508198,73.0769185,75.0,False
2026-05-05 01:00:00,0.0,,99.5,108.5,104.3,99.64,99.64,,0.0,0.0,0.0,,0.0,0.0,0.0,0.0,0.0,0.0,7.0,2.08,7.28,0.0,0.43,0.0,0.0,0.65,0.0,0.0,4.34,0.0,0.0,-2.01,0.0,0.0,16.06,0.0,0.0,-12.82,0.0,-0.0073501389,,2.51745523,0.000372547544,192.100832,0.0,0.0,99.861534,0.000255212845,84.0507551,73.0769185,75.0,False
2026-05-05 01:30:00,0.0,,99.5,105.78,105.0,104.58,104.58,,0.0,0.0,0.0,,0.0,0.0,0.0,0.0,0.0,0.0,7.0,2.08,7.28,0.0,0.43,0.0,0.0,0.65,0.0,0.0,4.34,0.0,0.0,-2.01,0.0,0.0,16.06,0.0,0.0,-12.82,0.0,-0.0073523332333333335,,3.80265938,0.00055888749,192.100933,0.0,0.0,99.861534,0.000385503387,84.0507111,73.0769185,75.0,False
2026-05-05 02:00:00,0.0,,98.91,106.25,104.0,105.15,105.15,,0.0,0.0,0.0,,0.0,0.0,0.0,0.0,0.0,0.0,7.0,2.08,7.28,0.0,0.43,0.0,0.0,0.65,0.0,0.0,4.34,0.0,0.0,-2.01,0.0,0.0,16.06,0.0,0.0,-12.82,0.0,-0.007341027766666667,,5.07323055,0.000744940905,192.101186,0.0,0.0,99.861534,0.000514310477,84.0506593,73.0769185,75.0,False
2026-05-05 02:30:00,0.0,,98.91,105.38,101.8,104.39,104.39,,0.0,0.0,0.0,,0.0,0.0,0.0,0.0,0.0,0.0,7.0,2.08,7.28,0.0,0.43,0.0,0.0,0.65,0.0,0.0,4.34,0.0,0.0,-2.01,0.0,0.0,16.06,0.0,0.0,-12.82,0.0,-0.007330000000000001,,6.3685451,0.00093071483,192.101288,0.0,0.0,99.861534,0.000645625985,84.0506069,73.0769185,75.0,False
2026-05-05 03:00:00,0.0,,96.9,107.03,103.67,99.64,99.64,,0.0,0.0,0.0,,0.0,0.0,0.0,0.0,0.0,0.0,7.0,2,7,0.0,1.16,0.0,0.0,0.25,0.0,0.0,4.88,0.0,0.0,-1.5,0.0,0.0,19.35,0.0,0.0,-10.27,0.0,-0.0073862222000000005,,7.80085282,0.00111791367,192.101541,0.0,0.0,99.861534,0.000790829491,84.0505597,73.0769185,75.0,False
2026-05-05 03:30:00,0.0,,96.9,105.38,99.65,97.86,97.86,,0.0,0.0,0.0,,0.0,0.0,0.0,0.0,0.0,0.0,7.0,2,7,0.0,1.16,0.0,0.0,0.25,0.0,0.0,4.88,0.0,0.0,-1.5,0.0,0.0,19.35,0.0,0.0,-10.27,0.0,-0.007395527766666667,,9.14292695,0.00130534835,192.101694,0.0,0.0,99.861534,0.000926885359,84.0505203,73.0769185,75.0,False
2026-05-05 04:00:00,0.0,,100.3,106.5,106.56,88.2,88.2,,0.0,0.0,0.0,,0.0,0.0,0.0,0.0,0.0,0.0,7.0,2,7,0.0,1.16,0.0,0.0,0.25,0.0,0.0,4.88,0.0,0.0,-1.5,0.0,0.0,19.35,0.0,0.0,-10.27,0.0,-0.007408472233333334,,10.4687078,0.00149311109,192.101845,0.0,0.0,99.861534,0.00106128946,84.050457,73.0769185,75.0,False
2026-05-05 04:30:00,0.0,,100.3,105.49,105.0,145.0,145.0,,0.0,0.0,0.0,,0.0,0.0,0.0,0.0,0.0,0.0,7.0,2,7,0.0,1.16,0.0,0.0,0.25,0.0,0.0,4.88,0.0,0.0,-1.5,0.0,0.0,19.35,0.0,0.0,-10.27,0.0,-0.007455749966666667,,11.8017151,0.00168207207,192.101997,0.0,0.0,99.861534,0.00119642616,84.0504245,73.0769185,75.0,False
2026-05-05 05:00:00,0.0,,101.33,115.0,114.0,91.73,91.73,,0.0,0.0,0.0,,0.0,0.0,0.0,0.0,0.0,0.0,7.0,2,7,0.0,1.16,0.0,0.0,0.25,0.0,0.0,4.88,0.0,0.0,-1.5,0.0,0.0,19.35,0.0,0.0,-10.27,0.0,-0.007353722166666667,,13.1171337,0.00186844722,192.10215,0.0,0.0,99.861534,0.00132977976,84.0503643,73.0769185,75.0,False
2026-05-05 05:30:00,0.0,,101.33,115.12,110.8,126.58,126.58,,0.0,0.0,0.0,,0.0,0.0,0.0,0.0,0.0,0.0,7.0,2,7,0.0,1.16,0.0,0.0,0.25,0.0,0.0,4.88,0.0,0.0,-1.5,0.0,0.0,19.35,0.0,0.0,-10.27,0.0,-0.007370055566666666,,14.5106846,0.00205523633,192.102302,0.0,0.0,99.861534,0.0014710542,84.0503133,73.0769185,75.0,False
2026-05-05 06:00:00,0.0,,120.4,116.5,121.89,122.53,122.53,,0.0,0.0,0.0,,0.0,0.0,0.0,0.0,0.0,0.0,7.0,2,7,0.0,1.16,0.0,0.0,0.25,0.0,0.0,4.88,0.0,0.0,-1.5,0.0,0.0,19.35,0.0,0.0,-10.27,0.0,-0.0074336943999999995,,15.7607845,0.00224363832,192.102555,0.0,0.0,99.861534,0.00159778597,84.05029,73.0769185,75.0,False
2026-05-05 06:30:00,0.0,,120.4,126.36,134.44,91.76,91.76,,0.0,0.0,0.0,,0.0,0.0,0.0,0.0,0.0,0.0,7.0,2,7,0.0,1.16,0.0,0.0,0.25,0.0,0.0,4.88,0.0,0.0,-1.5,0.0,0.0,19.35,0.0,0.0,-10.27,0.0,-0.0074058333,,17.2131159,0.00243133418,192.102656,0.0,0.0,99.861534,0.00174501942,84.0502282,73.0769185,75.0,False
2026-05-05 07:00:00,0.0,,126.35,125.08,125.0,133.9,133.9,,0.0,0.0,0.0,,0.0,0.0,0.0,0.0,0.0,0.0,7.0,6.18,21.63,0.0,2.19,0.0,0.0,0.89,0.0,0.0,6.83,0.0,0.0,-2.37,0.0,0.0,17.39,0.0,0.0,-16.0,0.0,-0.007414944533333333,,18.5757806,0.00261926097,192.10286,0.0,0.0,99.861534,0.00188316271,84.0501762,73.0769185,75.0,False
2026-05-05 07:30:00,0.0,,126.35,128.0,128.0,92.85,92.85,,0.0,0.0,0.0,,0.0,0.0,0.0,0.0,0.0,0.0,7.0,6.18,21.63,0.0,2.19,0.0,0.0,0.89,0.0,0.0,6.83,0.0,0.0,-2.37,0.0,0.0,17.39,0.0,0.0,-16.0,0.0,-0.007417027833333333,,19.9464661,0.00280724055,192.103012,0.0,0.0,99.861534,0.00202211912,84.0501197,73.0769185,75.0,False
2026-05-05 08:00:00,0.0,,115.55,120.5,120.53,89.3,89.3,,0.0,0.0,0.0,,0.0,0.0,0.0,0.0,0.0,0.0,7.0,6.18,21.63,0.0,2.19,0.0,0.0,0.89,0.0,0.0,6.83,0.0,0.0,-2.37,0.0,0.0,17.39,0.0,0.0,-16.0,0.0,-0.007371166666666666,,21.281334,0.00299405782,192.103163,0.0,0.0,99.861534,0.00215744444,84.0500863,73.0769185,75.0,False
2026-05-05 08:30:00,0.0,,115.55,115.08,115.34,91.52,91.52,,0.0,0.0,0.0,,0.0,0.0,0.0,0.0,0.0,0.0,7.0,6.18,21.63,0.0,2.19,0.0,0.0,0.89,0.0,0.0,6.83,0.0,0.0,-2.37,0.0,0.0,17.39,0.0,0.0,-16.0,0.0,-0.007317972166666666,,22.4658932,0.00317952692,192.103316,0.0,0.0,99.861534,0.00227753187,84.0500606,73.0769185,75.0,False
2026-05-05 09:00:00,0.0,,101.23,104.0,111.91,89.3,89.3,,0.0,0.0,0.0,,0.0,0.0,0.0,0.0,0.0,0.0,7.0,6.18,21.63,0.0,2.19,0.0,0.0,0.89,0.0,0.0,6.83,0.0,0.0,-2.37,0.0,0.0,17.39,0.0,0.0,-16.0,0.0,-0.007348638933333333,,23.5845039,0.00336577322,192.103519,0.0,0.0,99.861534,0.00239093361,84.0500157,73.0769185,75.0,False
2026-05-05 09:30:00,-0.03,,101.23,101.64,103.73,65.07,65.07,,0.0,-1.9520999999999997,0.0,,0.0,0.0,0.0,0.0,0.0,0.0,7.0,6.18,21.63,0.0,2.19,0.0,0.0,0.89,0.0,0.0,6.83,0.0,0.0,-2.37,0.0,0.0,17.39,0.0,0.0,-16.0,0.0,-0.0073622777,,24.6895634,0.00355236521,192.103671,0.0,0.0,99.861534,0.00250296158,84.0499738,73.0769185,75.0,False
2026-05-05 10:00:00,-1.527,,95.25,102.78,102.54,80.36,80.36,,-122.70971999999999,0.0,0.0,,0.0,0.0,0.0,0.0,0.0,0.0,7.0,6.18,21.63,0.0,2.19,0.0,0.0,0.89,0.0,0.0,6.83,0.0,0.0,-2.37,0.0,0.0,17.39,0.0,0.0,-16.0,0.0,-0.08539333443333331,,65.5837151,0.0057166019,192.10585,0.0,0.0,99.861534,0.00664870076,84.0498781,73.0769185,75.0,False
2026-05-05 10:30:00,-0.002,,95.25,99.84,97.75,86.28,86.28,,0.0,-0.17256000000000002,0.0,,0.0,0.0,0.0,0.0,0.0,0.0,7.0,6.18,21.63,0.0,2.19,0.0,0.0,0.89,0.0,0.0,6.83,0.0,0.0,-2.37,0.0,0.0,17.39,0.0,0.0,-16.0,0.0,-2.9446974333333333,,1545.93133,0.0803479795,192.180464,0.0,0.0,99.861534,0.156722363,83.9997301,73.0769185,75.0,False
2026-05-05 11:00:00,-0.503,,95.2,98.56,97.0,89.15,89.15,,-44.84245000000001,0.0,0.0,,0.0,0.0,0.0,0.0,0.0,0.0,7.0,3.42,11.969999999999999,0.0,1.87,0.0,0.0,0.71,0.0,0.0,6.23,0.0,0.0,-1.92,0.0,0.0,12.6,0.0,0.0,-11.86,0.0,-0.010370722233333332,,1548.44341,0.0806108185,192.180819,0.0,0.0,99.861534,0.156977031,83.9913146,73.0769185,75.0,False
2026-05-05 11:30:00,-0.747,,95.2,98.57,98.1,87.52,87.52,,-65.37743999999999,0.0,0.0,,0.0,0.0,0.0,0.0,0.0,0.0,7.0,3.42,11.969999999999999,0.0,1.87,0.0,0.0,0.71,0.0,0.0,6.23,0.0,0.0,-1.92,0.0,0.0,12.6,0.0,0.0,-11.86,0.0,-0.9831316366666667,,2040.65597,0.105527629,192.205758,0.0,0.0,99.861534,0.206876217,83.9803902,73.0769185,75.0,False
2026-05-05 12:00:00,-0.244,,92.87,98.57,96.08,86.05,86.05,,-20.996199999999998,0.0,0.0,,0.0,0.0,0.0,0.0,0.0,0.0,7.0,3.42,11.969999999999999,0.0,1.87,0.0,0.0,0.71,0.0,0.0,6.23,0.0,0.0,-1.92,0.0,0.0,12.6,0.0,0.0,-11.86,0.0,-1.4543252722,,2770.42524,0.142386526,192.242659,0.0,0.0,99.861534,0.280858264,83.9521981,73.0769185,75.0,False
2026-05-05 12:30:00,-0.837,,92.87,98.55,95.1,88.41,88.41,,-73.99916999999999,0.0,0.0,,0.0,0.0,0.0,0.0,0.0,0.0,7.0,3.42,11.969999999999999,0.0,1.87,0.0,0.0,0.71,0.0,0.0,6.23,0.0,0.0,-1.92,0.0,0.0,12.6,0.0,0.0,-11.86,0.0,-0.4811974832666667,,3009.4074,0.154582153,192.254874,0.0,0.0,99.861534,0.305085633,83.941184,73.0769185,75.0,False
2026-05-05 13:00:00,-0.116,,91.0,98.58,96.98,52.82,52.82,,-6.127120000000001,0.0,0.0,,0.0,0.0,0.0,0.0,0.0,0.0,7.0,3.42,11.969999999999999,0.0,1.87,0.0,0.0,0.71,0.0,0.0,6.23,0.0,0.0,-1.92,0.0,0.0,12.6,0.0,0.0,-11.86,0.0,-1.6197143699999998,,3826.0674,0.195632725,192.295932,0.0,0.0,99.861534,0.387876429,83.9081118,73.0769185,75.0,False
2026-05-05 13:30:00,0.0,,91.0,98.59,97.51,86.71,86.71,,0.0,0.0,0.0,,0.0,0.0,0.0,0.0,0.0,0.0,7.0,3.42,11.969999999999999,0.0,1.87,0.0,0.0,0.71,0.0,0.0,6.23,0.0,0.0,-1.92,0.0,0.0,12.6,0.0,0.0,-11.86,0.0,-0.23208371660000002,,3939.79464,0.201514731,192.301812,0.0,0.0,99.861534,0.399405791,83.8998511,73.0769185,75.0,False
2026-05-05 14:00:00,0.92,,90.44,99.53,99.0,127.71,127.71,,117.4932,0.0,0.0,,0.0,0.0,0.0,0.0,0.0,0.0,7.0,3.42,11.969999999999999,0.0,1.87,0.0,0.0,0.71,0.0,0.0,6.23,0.0,0.0,-1.92,0.0,0.0,12.6,0.0,0.0,-11.86,0.0,-0.007249861033333333,,3940.81906,0.201698474,192.301964,0.0,0.0,99.861534,0.399509644,83.8993673,73.0769185,75.0,False
2026-05-05 14:30:00,1.103,,90.44,99.2,102.3,122.52,122.52,,135.13956,0.0,0.0,,0.0,0.0,0.0,0.0,0.0,0.0,7.0,3.42,11.969999999999999,0.0,1.87,0.0,0.0,0.71,0.0,0.0,6.23,0.0,0.0,-1.92,0.0,0.0,12.6,0.0,0.0,-11.86,0.0,1.7821809944666664,,3941.14405,0.246990172,192.347534,0.0911540236,899.15605,99.861534,0.399542591,83.9290596,73.0769185,75.0,False
2026-05-05 15:00:00,0.0,,91.0,104.8,100.88,89.45,89.45,,0.0,0.0,0.0,,0.0,0.0,0.0,0.0,0.0,0.0,7.0,7.32,25.62,0.0,1.58,0.0,0.0,1.33,0.0,0.0,6.37,0.0,0.0,-1.99,0.0,0.0,16.77,0.0,0.0,-7.3,0.0,2.1410562266666666,,3941.14405,0.301253804,192.402277,0.200482442,1977.58688,99.861534,0.399542591,83.9809292,73.0769185,75.0,False
2026-05-05 15:30:00,0.0,,91.0,114.01,110.0,109.11,109.11,,0.0,0.0,0.0,,0.0,0.0,0.0,0.0,0.0,0.0,7.0,7.32,25.62,0.0,1.58,0.0,0.0,1.33,0.0,0.0,6.37,0.0,0.0,-1.99,0.0,0.0,16.77,0.0,0.0,-7.3,0.0,-0.007188138833333333,,3942.159,0.301435982,192.40248,0.200482442,1977.58688,99.861534,0.399645484,83.989815,73.0769185,75.0,False
2026-05-05 16:00:00,0.0,,104.0,114.05,110.0,143.48,143.48,,0.0,0.0,0.0,,0.0,0.0,0.0,0.0,0.0,0.0,7.0,7.32,25.62,0.0,1.58,0.0,0.0,1.33,0.0,0.0,6.37,0.0,0.0,-1.99,0.0,0.0,16.77,0.0,0.0,-7.3,0.0,-0.007319722166666667,,3943.128,0.301621496,192.402531,0.200482442,1977.58688,99.861534,0.399743718,83.9898055,73.0769185,75.0,False
2026-05-05 16:30:00,0.564,,104.0,116.0,124.0,147.29,147.29,,83.07155999999999,0.0,0.0,,0.0,0.0,0.0,0.0,0.0,0.0,7.0,7.32,25.62,0.0,1.58,0.0,0.0,1.33,0.0,0.0,6.37,0.0,0.0,-1.99,0.0,0.0,16.77,0.0,0.0,-7.3,0.0,-0.007312805533333334,,3944.12399,0.301806833,192.402784,0.200482442,1977.58688,99.861534,0.399844689,83.9897876,73.0769185,75.0,False
2026-05-05 17:00:00,0.757,,116.0,117.4,114.0,146.97,146.97,,111.25629,0.0,0.0,,0.0,0.0,0.0,0.0,0.0,0.0,7.0,7.32,25.62,0.0,1.58,0.0,0.0,1.33,0.0,0.0,6.37,0.0,0.0,-1.99,0.0,0.0,16.77,0.0,0.0,-7.3,0.0,1.1093762555999997,,3944.4649,0.330047354,192.431271,0.257406184,2539.09064,99.861534,0.399879249,84.0038189,73.0769185,75.0,False
2026-05-05 17:30:00,0.0,,116.0,127.2,125.0,143.57,143.57,,0.0,0.0,0.0,,0.0,0.0,0.0,0.0,0.0,0.0,7.0,7.32,25.62,0.0,1.58,0.0,0.0,1.33,0.0,0.0,6.37,0.0,0.0,-1.99,0.0,0.0,16.77,0.0,0.0,-7.3,0.0,1.452548141,,3944.4649,0.366983226,192.468426,0.331450425,3269.4734,99.861534,0.399879249,84.0456906,73.0769185,75.0,False
2026-05-05 18:00:00,0.0,,131.0,128.97,126.0,160.0,160.0,,0.0,0.0,0.0,,0.0,0.0,0.0,0.0,0.0,0.0,7.0,7.32,25.62,0.0,1.58,0.0,0.0,1.33,0.0,0.0,6.37,0.0,0.0,-1.99,0.0,0.0,16.77,0.0,0.0,-7.3,0.0,-0.007300000000000001,,3945.504,0.367168239,192.468578,0.331450425,3269.4734,99.861534,0.399984591,84.0488547,73.0769185,75.0,False
2026-05-05 18:30:00,0.0,,131.0,130.39,124.4,160.0,160.0,,0.0,0.0,0.0,,0.0,0.0,0.0,0.0,0.0,0.0,7.0,7.32,25.62,0.0,1.58,0.0,0.0,1.33,0.0,0.0,6.37,0.0,0.0,-1.99,0.0,0.0,16.77,0.0,0.0,-7.3,0.0,-0.007273305533333333,,3946.51613,0.367352577,192.46878,0.331450425,3269.4734,99.861534,0.400087198,84.0488171,73.0769185,75.0,False
2026-05-05 19:00:00,0.0,,130.17,132.0,125.4,165.0,165.0,,0.0,0.0,0.0,,0.0,0.0,0.0,0.0,0.0,0.0,7.0,9.08,31.78,0.0,1.85,0.0,0.0,0.04,0.0,0.0,6.92,0.0,0.0,-3.35,0.0,0.0,20.49,0.0,0.0,-15.46,0.0,-0.007264250033333333,,3947.53722,0.367536684,192.468882,0.331450425,3269.4734,99.861534,0.400190713,84.0487658,73.0769185,75.0,False
2026-05-05 19:30:00,0.0,,130.17,132.0,129.0,172.11,172.11,,0.0,0.0,0.0,,0.0,0.0,0.0,0.0,0.0,0.0,7.0,9.08,31.78,0.0,1.85,0.0,0.0,0.04,0.0,0.0,6.92,0.0,0.0,-3.35,0.0,0.0,20.49,0.0,0.0,-15.46,0.0,-0.007339833366666666,,3948.56468,0.367722707,192.469085,0.331450425,3269.4734,99.861534,0.400294874,84.0487237,73.0769185,75.0,False
2026-05-05 20:00:00,0.0,,128.0,128.33,124.88,89.52,89.52,,0.0,0.0,0.0,,0.0,0.0,0.0,0.0,0.0,0.0,7.0,9.08,31.78,0.0,1.85,0.0,0.0,0.04,0.0,0.0,6.92,0.0,0.0,-3.35,0.0,0.0,20.49,0.0,0.0,-15.46,0.0,-0.0073656111,,3949.60566,0.367909384,192.469186,0.331450425,3269.4734,99.861534,0.400400406,84.0486678,73.0769185,75.0,False
2026-05-05 20:30:00,0.0,,128.0,126.73,124.0,150.43,150.43,,0.0,0.0,0.0,,0.0,0.0,0.0,0.0,0.0,0.0,7.0,9.08,31.78,0.0,1.85,0.0,0.0,0.04,0.0,0.0,6.92,0.0,0.0,-3.35,0.0,0.0,20.49,0.0,0.0,-15.46,0.0,-0.0073985000666666675,,3950.5884,0.368096894,192.469338,0.331450425,3269.4734,99.861534,0.400500033,84.0486366,73.0769185,75.0,False
2026-05-05 21:00:00,0.0,,113.0,120.2,116.2,137.16,137.16,,0.0,0.0,0.0,,0.0,0.0,0.0,0.0,0.0,0.0,7.0,9.08,31.78,0.0,1.85,0.0,0.0,0.04,0.0,0.0,6.92,0.0,0.0,-3.35,0.0,0.0,20.49,0.0,0.0,-15.46,0.0,-0.007386000033333333,,3951.60305,0.368284086,192.469592,0.331450425,3269.4734,99.861534,0.400602896,84.0486009,73.0769185,75.0,False
2026-05-05 21:30:00,0.0,,113.0,111.91,110.0,129.0,129.0,,0.0,0.0,0.0,,0.0,0.0,0.0,0.0,0.0,0.0,7.0,9.08,31.78,0.0,1.85,0.0,0.0,0.04,0.0,0.0,6.92,0.0,0.0,-3.35,0.0,0.0,20.49,0.0,0.0,-15.46,0.0,-0.0073560000000000006,,3952.67804,0.36847052,192.469694,0.331450425,3269.4734,99.861534,0.400711876,84.0485483,73.0769185,75.0,False
2026-05-05 22:00:00,0.0,,101.99,113.39,111.0,129.0,129.0,,0.0,0.0,0.0,,0.0,0.0,0.0,0.0,0.0,0.0,7.0,9.08,31.78,0.0,1.85,0.0,0.0,0.04,0.0,0.0,6.92,0.0,0.0,-3.35,0.0,0.0,20.49,0.0,0.0,-15.46,0.0,-0.007445861033333334,,3953.72027,0.36865923,192.469947,0.331450425,3269.4734,99.861534,0.400817534,84.0485112,73.0769185,75.0,False
2026-05-05 22:30:00,0.0,,101.99,99.0,95.0,129.0,129.0,,0.0,0.0,0.0,,0.0,0.0,0.0,0.0,0.0,0.0,7.0,9.08,31.78,0.0,1.85,0.0,0.0,0.04,0.0,0.0,6.92,0.0,0.0,-3.35,0.0,0.0,20.49,0.0,0.0,-15.46,0.0,-0.0074331944,,3954.86154,0.368847619,192.469997,0.331450425,3269.4734,99.861534,0.400933233,84.0484586,73.0769185,75.0,False
2026-05-05 23:00:00,0.0,,100.58,99.59,101.0,123.48,123.48,,0.0,0.0,0.0,,0.0,0.0,0.0,0.0,0.0,0.0,7.0,2.22,7.7700000000000005,0.0,1.14,0.0,0.0,0.1,0.0,0.0,4.58,0.0,0.0,-2.48,0.0,0.0,17.0,0.0,0.0,-13.17,0.0,-0.007379249966666667,,3956.00461,0.369034641,192.4702,0.331450425,3269.4734,99.861534,0.401049114,84.0484046,73.0769185,75.0,False
2026-05-05 23:30:00,0.0,,100.58,97.76,98.32,111.34,111.34,,0.0,0.0,0.0,,0.0,0.0,0.0,0.0,0.0,0.0,7.0,2.22,7.7700000000000005,0.0,1.14,0.0,0.0,0.1,0.0,0.0,4.58,0.0,0.0,-2.48,0.0,0.0,17.0,0.0,0.0,-13.17,0.0,-0.007310305533333333,,3957.14571,0.369219916,192.470453,0.331450425,3269.4734,99.861534,0.401164796,84.0483628,73.0769185,75.0,False
2026-05-06 00:00:00,-0.021,,96.58,97.44,95.69,96.79,96.79,,0.0,-2.0325900000000003,0.0,,0.0,0.0,0.0,0.0,0.0,0.0,7.0,2.22,7.7700000000000005,0.0,1.14,0.0,0.0,0.1,0.0,0.0,4.58,0.0,0.0,-2.48,0.0,0.0,17.0,0.0,0.0,-13.17,0.0,-0.007359305566666666,,3958.24936,0.369406433,192.470555,0.331450425,3269.4734,99.861534,0.401276681,84.0483273,73.0769185,75.0,False
2026-05-06 00:30:00,-1.05,,96.58,97.65,96.49,97.02,97.02,,0.0,-101.871,0.0,,0.0,0.0,-2.1,-102.53250000000001,0.0,0.0,7.0,2.22,7.7700000000000005,0.0,1.14,0.0,0.0,0.1,0.0,0.0,4.58,0.0,0.0,-2.48,0.0,0.0,17.0,0.0,0.0,-13.17,0.0,-0.06327638996666667,,29.6891773,0.00160369758,192.472126,0.0,0.0,99.861534,0.003009809,84.0482348,73.0769185,75.0,False
2026-05-06 01:00:00,0.0,,96.78,96.74,97.51,103.94,103.94,,0.0,0.0,0.0,,0.0,0.0,0.0,0.0,0.0,0.0,7.0,2.22,7.7700000000000005,0.0,1.14,0.0,0.0,0.1,0.0,0.0,4.58,0.0,0.0,-2.48,0.0,0.0,17.0,0.0,0.0,-13.17,0.0,-2.0321751433333333,,1048.95853,0.053107811,192.523676,0.0,0.0,99.861534,0.106340596,84.0135809,73.0769185,75.0,False
2026-05-06 01:30:00,-0.021,,96.78,97.75,96.49,102.63,102.63,,0.0,-2.15523,0.0,,0.0,0.0,0.0,0.0,0.0,0.0,7.0,2.22,7.7700000000000005,0.0,1.14,0.0,0.0,0.1,0.0,0.0,4.58,0.0,0.0,-2.48,0.0,0.0,17.0,0.0,0.0,-13.17,0.0,-0.0074347500666666665,,1050.06366,0.0532962395,192.523778,0.0,0.0,99.861534,0.106452631,84.0079431,73.0769185,75.0,False
2026-05-06 02:00:00,-1.046,,96.0,98.83,99.2,106.41,106.41,,0.42564000000000035,0.0,0.0,,0.0,0.0,-2.1,-103.7715,0.0,0.0,7.0,2.22,7.7700000000000005,0.0,1.14,0.0,0.0,0.1,0.0,0.0,4.58,0.0,0.0,-2.48,0.0,0.0,17.0,0.0,0.0,-13.17,0.0,-0.0638708033,,1080.03134,0.054915002,192.525451,0.0,0.0,99.861534,0.109490674,84.0078608,73.0769185,75.0,False
2026-05-06 02:30:00,-1.0,,96.0,97.26,96.9,104.14,104.14,,5.207000000000004,0.0,0.0,,0.0,0.0,-2.1,-102.123,0.0,0.0,7.0,2.22,7.7700000000000005,0.0,1.14,0.0,0.0,0.1,0.0,0.0,4.58,0.0,0.0,-2.48,0.0,0.0,17.0,0.0,0.0,-13.17,0.0,-2.0435729666666664,,2101.00949,0.106707986,192.577255,0.0,0.0,99.861534,0.212994695,83.9740992,73.0769185,75.0,False
2026-05-06 03:00:00,-0.829,,95.5,95.24,96.7,102.38,102.38,,12.387979999999999,0.0,0.0,,0.0,0.0,-1.9,-90.478,0.0,0.0,7.0,1.4,4.8999999999999995,0.0,0.96,0.0,0.0,1.18,0.0,0.0,3.66,0.0,0.0,-0.26,0.0,0.0,17.62,0.0,0.0,-9.77,0.0,-1.9557773666666665,,3076.98909,0.156275849,192.626879,0.0,0.0,99.861534,0.311936883,83.9363496,73.0769185,75.0,False
2026-05-06 03:30:00,-0.031,,95.5,95.24,96.2,137.66,137.66,,57.67954,0.0,0.0,,0.0,0.0,-0.9,-42.858,0.0,0.0,7.0,1.4,4.8999999999999995,0.0,0.96,0.0,0.0,1.18,0.0,0.0,3.66,0.0,0.0,-0.26,0.0,0.0,17.62,0.0,0.0,-9.77,0.0,-1.6081344733333334,,3880.82544,0.197032937,192.667683,0.0,0.0,99.861534,0.393427652,83.9031396,73.0769185,75.0,False
2026-05-06 04:00:00,0.0,,97.2,98.35,100.0,120.0,120.0,,30.0,0.0,0.0,,0.0,0.0,-0.5,-24.5875,0.0,0.0,7.0,1.4,4.8999999999999995,0.0,0.96,0.0,0.0,1.18,0.0,0.0,3.66,0.0,0.0,-0.26,0.0,0.0,17.62,0.0,0.0,-9.77,0.0,-0.06399341763333334,,3910.14259,0.198654807,192.669305,0.0,0.0,99.861534,0.396399746,83.8981634,73.0769185,75.0,False
2026-05-06 04:30:00,0.0,,97.2,99.34,95.5,93.12,93.12,,9.312000000000001,0.0,0.0,,0.0,0.0,-0.2,-9.934000000000001,0.0,0.0,7.0,1.4,4.8999999999999995,0.0,0.96,0.0,0.0,1.18,0.0,0.0,3.66,0.0,0.0,-0.26,0.0,0.0,17.62,0.0,0.0,-9.77,0.0,-0.0073952221666666665,,3911.38863,0.198842233,192.669406,0.0,0.0,99.861534,0.396526066,83.8981159,73.0769185,75.0,False
2026-05-06 05:00:00,0.0,,104.67,110.53,100.0,98.57,98.57,,0.0,0.0,0.0,,0.0,0.0,0.0,0.0,0.0,0.0,7.0,1.4,4.8999999999999995,0.0,0.96,0.0,0.0,1.18,0.0,0.0,3.66,0.0,0.0,-0.26,0.0,0.0,17.62,0.0,0.0,-9.77,0.0,-0.007367527733333334,,3912.70554,0.199028959,192.669559,0.0,0.0,99.861534,0.396659571,83.8980713,73.0769185,75.0,False
2026-05-06 05:30:00,0.0,,104.67,105.2,100.0,140.0,140.0,,0.0,0.0,0.0,,0.0,0.0,0.0,0.0,0.0,0.0,7.0,1.4,4.8999999999999995,0.0,0.96,0.0,0.0,1.18,0.0,0.0,3.66,0.0,0.0,-0.26,0.0,0.0,17.62,0.0,0.0,-9.77,0.0,-0.0073381944,,3914.07313,0.19921494,192.669761,0.0,0.0,99.861534,0.396798214,83.8980352,73.0769185,75.0,False
2026-05-06 06:00:00,0.0,,116.7,107.28,112.0,106.2,106.2,,0.0,0.0,0.0,,0.0,0.0,0.0,0.0,0.0,0.0,7.0,1.4,4.8999999999999995,0.0,0.96,0.0,0.0,1.18,0.0,0.0,3.66,0.0,0.0,-0.26,0.0,0.0,17.62,0.0,0.0,-9.77,0.0,-0.0073800556,,3915.40456,0.199401983,192.669862,0.0,0.0,99.861534,0.39693319,83.8980037,73.0769185,75.0,False
2026-05-06 06:30:00,0.0,,116.7,121.38,128.0,143.0,143.0,,0.0,0.0,0.0,,0.0,0.0,0.0,0.0,0.0,0.0,7.0,1.4,4.8999999999999995,0.0,0.96,0.0,0.0,1.18,0.0,0.0,3.66,0.0,0.0,-0.26,0.0,0.0,17.62,0.0,0.0,-9.77,0.0,-0.00745125,,3916.67417,0.19959083,192.670065,0.0,0.0,99.861534,0.3970619,83.8979775,73.0769185,75.0,False
2026-05-06 07:00:00,0.0,,119.2,124.0,120.0,130.0,130.0,,0.0,0.0,0.0,,0.0,0.0,0.0,0.0,0.0,0.0,7.0,8.5,29.75,0.0,1.82,0.0,0.0,0.1,0.0,0.0,6.9,0.0,0.0,-3.34,0.0,0.0,16.51,0.0,0.0,-16.81,0.0,-0.0074285,,3918.02633,0.199779101,192.670167,0.0,0.0,99.861534,0.397198978,83.8979282,73.0769185,75.0,False
2026-05-06 07:30:00,0.0,,119.2,127.51,125.0,139.49,139.49,,0.0,0.0,0.0,,0.0,0.0,0.0,0.0,0.0,0.0,7.0,8.5,29.75,0.0,1.82,0.0,0.0,0.1,0.0,0.0,6.9,0.0,0.0,-3.34,0.0,0.0,16.51,0.0,0.0,-16.81,0.0,-0.0073949722,,3919.37133,0.19996652,192.67042,0.0,0.0,99.861534,0.397335331,83.8979035,73.0769185,75.0,False
2026-05-06 08:00:00,0.0,,113.04,119.85,118.78,96.0,96.0,,0.0,0.0,0.0,,0.0,0.0,0.0,0.0,0.0,0.0,7.0,8.5,29.75,0.0,1.82,0.0,0.0,0.1,0.0,0.0,6.9,0.0,0.0,-3.34,0.0,0.0,16.51,0.0,0.0,-16.81,0.0,-0.007276138866666667,,3920.70447,0.200150929,192.670522,0.0,0.0,99.861534,0.397470481,83.8978758,73.0769185,75.0,False
2026-05-06 08:30:00,0.0,,113.04,114.54,113.9,86.45,86.45,,0.0,0.0,0.0,,0.0,0.0,0.0,0.0,0.0,0.0,7.0,8.5,29.75,0.0,1.82,0.0,0.0,0.1,0.0,0.0,6.9,0.0,0.0,-3.34,0.0,0.0,16.51,0.0,0.0,-16.81,0.0,-0.007311416633333334,,3922.00677,0.200336232,192.670674,0.0,0.0,99.861534,0.397602505,83.8978457,73.0769185,75.0,False
2026-05-06 09:00:00,0.0,,107.3,110.92,108.8,86.35,86.35,,0.0,0.0,0.0,,0.0,0.0,0.0,0.0,0.0,0.0,7.0,8.5,29.75,0.0,1.82,0.0,0.0,0.1,0.0,0.0,6.9,0.0,0.0,-3.34,0.0,0.0,16.51,0.0,0.0,-16.81,0.0,-0.0073259444,,3923.41463,0.200521903,192.670927,0.0,0.0,99.861534,0.39774523,83.8978233,73.0769185,75.0,False
2026-05-06 09:30:00,0.0,,107.3,104.89,101.1,84.6,84.6,,0.0,0.0,0.0,,0.0,0.0,0.0,0.0,0.0,0.0,7.0,8.5,29.75,0.0,1.82,0.0,0.0,0.1,0.0,0.0,6.9,0.0,0.0,-3.34,0.0,0.0,16.51,0.0,0.0,-16.81,0.0,-0.007426833266666666,,3924.75869,0.200710132,192.671028,0.0,0.0,99.861534,0.397881487,83.8977923,73.0769185,75.0,False
2026-05-06 10:00:00,0.0,,102.89,102.3,100.8,84.6,84.6,,0.0,0.0,0.0,,0.0,0.0,0.0,0.0,0.0,0.0,7.0,8.5,29.75,0.0,1.82,0.0,0.0,0.1,0.0,0.0,6.9,0.0,0.0,-3.34,0.0,0.0,16.51,0.0,0.0,-16.81,0.0,-0.0073443888,,3926.1022,0.200896271,192.671231,0.0,0.0,99.861534,0.398017688,83.8977583,73.0769185,75.0,False
2026-05-06 10:30:00,0.0,,102.89,100.5,97.65,83.15,83.15,,0.0,0.0,0.0,,0.0,0.0,0.0,0.0,0.0,0.0,7.0,8.5,29.75,0.0,1.82,0.0,0.0,0.1,0.0,0.0,6.9,0.0,0.0,-3.34,0.0,0.0,16.51,0.0,0.0,-16.81,0.0,-0.007351388900000001,,3927.48756,0.201082586,192.671383,0.0,0.0,99.861534,0.398158132,83.8977228,73.0769185,75.0,False
2026-05-06 11:00:00,0.0,,102.64,100.9,99.42,83.01,83.01,,0.0,0.0,0.0,,0.0,0.0,0.0,0.0,0.0,0.0,7.0,3.88,13.58,0.0,2.0,0.0,0.0,0.89,0.0,0.0,4.73,0.0,0.0,-0.61,0.0,0.0,15.25,0.0,0.0,-11.81,0.0,-0.007366499966666666,,3928.82668,0.201269286,192.671485,0.0,0.0,99.861534,0.398293889,83.8977042,73.0769185,75.0,False
2026-05-06 11:30:00,0.0,,102.64,100.4,99.0,80.0,80.0,,0.0,0.0,0.0,,0.0,0.0,0.0,0.0,0.0,0.0,7.0,3.88,13.58,0.0,2.0,0.0,0.0,0.89,0.0,0.0,4.73,0.0,0.0,-0.61,0.0,0.0,15.25,0.0,0.0,-11.81,0.0,-0.007264722166666667,,3930.10089,0.201453405,192.671738,0.0,0.0,99.861534,0.398423065,83.8976918,73.0769185,75.0,False
2026-05-06 12:00:00,0.0,,101.0,100.99,100.41,80.0,80.0,,0.0,0.0,0.0,,0.0,0.0,0.0,0.0,0.0,0.0,7.0,3.88,13.58,0.0,2.0,0.0,0.0,0.89,0.0,0.0,4.73,0.0,0.0,-0.61,0.0,0.0,15.25,0.0,0.0,-11.81,0.0,-0.0081989722,,3931.76765,0.201661202,192.671789,0.0,0.0,99.861534,0.398592036,83.8976794,73.0769185,75.0,False
2026-05-06 12:30:00,0.0,,101.0,103.1,100.92,75.5,75.5,,0.0,0.0,0.0,,0.0,0.0,0.0,0.0,0.0,0.0,7.0,3.88,13.58,0.0,2.0,0.0,0.0,0.89,0.0,0.0,4.73,0.0,0.0,-0.61,0.0,0.0,15.25,0.0,0.0,-11.81,0.0,-0.0078995832,,3933.33351,0.201861412,192.671991,0.0,0.0,99.861534,0.398750779,83.8976548,73.0769185,75.0,False
2026-05-06 13:00:00,-0.05,,100.56,103.01,102.55,75.0,75.0,,0.0,-3.75,0.0,,0.0,0.0,-0.1,-5.150500000000001,0.0,0.0,7.0,3.88,13.58,0.0,2.0,0.0,0.0,0.89,0.0,0.0,4.73,0.0,0.0,-0.61,0.0,0.0,15.25,0.0,0.0,-11.81,0.0,-0.009854694633333333,,3935.95111,0.202111173,192.672194,0.0,0.0,99.861534,0.399016144,83.8976262,73.0769185,75.0,False
2026-05-06 13:30:00,0.0,,100.56,102.74,101.01,72.3,72.3,,0.0,0.0,0.0,,0.0,0.0,0.0,0.0,0.0,0.0,7.0,3.88,13.58,0.0,2.0,0.0,0.0,0.89,0.0,0.0,4.73,0.0,0.0,-0.61,0.0,0.0,15.25,0.0,0.0,-11.81,0.0,-0.10276158166666667,,3984.929,0.204715596,192.674678,0.0,0.0,99.861534,0.403981391,83.8959835,73.0769185,75.0,False
2026-05-06 14:00:00,0.0,,101.27,101.86,100.68,75.0,75.0,,0.0,0.0,0.0,,0.0,0.0,0.0,0.0,0.0,0.0,7.0,3.88,13.58,0.0,2.0,0.0,0.0,0.89,0.0,0.0,4.73,0.0,0.0,-0.61,0.0,0.0,15.25,0.0,0.0,-11.81,0.0,-0.007265083333333333,,3986.30943,0.204899724,192.67483,0.0,0.0,99.861534,0.404121335,83.8956752,73.0769185,75.0,False
2026-05-06 14:30:00,0.0,,101.27,99.08,99.0,75.0,75.0,,0.0,0.0,0.0,,0.0,0.0,0.0,0.0,0.0,0.0,7.0,3.88,13.58,0.0,2.0,0.0,0.0,0.89,0.0,0.0,4.73,0.0,0.0,-0.61,0.0,0.0,15.25,0.0,0.0,-11.81,0.0,-0.007286944466666667,,3987.62967,0.205084408,192.675083,0.0,0.0,99.861534,0.404255178,83.8956351,73.0769185,75.0,False
2026-05-06 15:00:00,0.0,,102.4,100.7,97.6,75.0,75.0,,0.0,0.0,0.0,,0.0,0.0,0.0,0.0,0.0,0.0,7.0,7.52,26.32,0.0,2.25,0.0,0.0,0.85,0.0,0.0,6.76,0.0,0.0,-0.51,0.0,0.0,16.22,0.0,0.0,-6.74,0.0,-0.007321777733333333,,3988.96886,0.205269974,192.675083,0.0,0.0,99.861534,0.404390941,83.8955996,73.0769185,75.0,False
2026-05-06 15:30:00,0.0,,102.4,102.6,102.0,76.41,76.41,,0.0,0.0,0.0,,0.0,0.0,0.0,0.0,0.0,0.0,7.0,7.52,26.32,0.0,2.25,0.0,0.0,0.85,0.0,0.0,6.76,0.0,0.0,-0.51,0.0,0.0,16.22,0.0,0.0,-6.74,0.0,-0.0072965556,,3990.31998,0.2054549,192.675387,0.0,0.0,99.861534,0.404527914,83.8955549,73.0769185,75.0,False
2026-05-06 16:00:00,0.0,,109.63,104.9,100.92,78.01,78.01,,0.0,0.0,0.0,,0.0,0.0,0.0,0.0,0.0,0.0,7.0,7.52,26.32,0.0,2.25,0.0,0.0,0.85,0.0,0.0,6.76,0.0,0.0,-0.51,0.0,0.0,16.22,0.0,0.0,-6.74,0.0,-0.007258444433333334,,3991.69332,0.205638859,192.675387,0.0,0.0,99.861534,0.40466714,83.8955216,73.0769185,75.0,False
2026-05-06 16:30:00,0.019,,109.63,115.5,116.01,78.03,78.03,,0.0,1.48257,0.0,,0.0,0.0,0.0,0.0,0.0,0.0,7.0,7.52,26.32,0.0,2.25,0.0,0.0,0.85,0.0,0.0,6.76,0.0,0.0,-0.51,0.0,0.0,16.22,0.0,0.0,-6.74,0.0,-0.0073446388999999996,,3993.0602,0.205825004,192.67559,0.0,0.0,99.861534,0.40480571,83.8955058,73.0769185,75.0,False
2026-05-06 17:00:00,1.062,,121.6,123.5,117.64,78.04,78.04,,0.9364800000000009,0.0,0.0,,0.0,0.0,2.1,129.675,0.0,0.0,7.0,7.52,26.32,0.0,2.25,0.0,0.0,0.85,0.0,0.0,6.76,0.0,0.0,-0.51,0.0,0.0,16.22,0.0,0.0,-6.74,0.0,0.046603166366666664,,3993.98548,0.207254402,192.677162,0.00273905564,27.0184283,99.861534,0.404899513,83.8955488,73.0769185,75.0,False
2026-05-06 17:30:00,1.077,,121.6,131.0,127.0,99.71,99.71,,2.692169999999991,0.0,0.0,,0.0,0.0,2.1,137.55,0.0,0.0,7.0,7.52,26.32,0.0,2.25,0.0,0.0,0.85,0.0,0.0,6.76,0.0,0.0,-0.51,0.0,0.0,16.22,0.0,0.0,-6.74,0.0,2.0800870633333335,,3993.98548,0.259972811,192.730182,0.108455705,1069.82226,99.861534,0.404899513,83.9363182,73.0769185,75.0,False
2026-05-06 18:00:00,1.07,,135.0,137.99,133.04,133.96,133.96,,2.6792000000000025,0.0,0.0,,0.0,0.0,2.1,144.88950000000003,0.0,0.0,7.0,7.52,26.32,0.0,2.25,0.0,0.0,0.85,0.0,0.0,6.76,0.0,0.0,-0.51,0.0,0.0,16.22,0.0,0.0,-6.74,0.0,2.1059106666666665,,3993.98548,0.313345701,192.783862,0.215423417,2124.96674,99.861534,0.404899513,83.9845054,73.0769185,75.0,False
2026-05-06 18:30:00,0.472,,135.0,139.93,135.01,106.44,106.44,,-61.52232000000001,0.0,0.0,,0.0,0.0,2.1,146.9265,0.0,0.0,7.0,7.52,26.32,0.0,2.25,0.0,0.0,0.85,0.0,0.0,6.76,0.0,0.0,-0.51,0.0,0.0,16.22,0.0,0.0,-6.74,0.0,2.0941252833333333,,3993.98548,0.3664199,192.837287,0.321761525,3173.90073,99.861534,0.404899513,84.0324689,73.0769185,75.0,False
2026-05-06 19:00:00,0.05,,138.6,142.0,136.0,107.12,107.12,,-91.052,0.0,0.0,,0.0,0.0,1.8,127.8,0.0,0.0,7.0,9.27,32.445,0.0,2.45,0.0,0.0,0.29,0.0,0.0,8.48,0.0,0.0,-3.39,0.0,0.0,19.84,0.0,0.0,-13.18,0.0,0.9077932066666666,,3993.98548,0.389427309,192.860756,0.367869281,3628.71409,99.861534,0.404899513,84.0603004,73.0769185,75.0,False
2026-05-06 19:30:00,0.0,,138.6,140.44,136.68,136.42,136.42,,-20.462999999999997,0.0,0.0,,0.0,0.0,0.3,21.066,0.0,0.0,7.0,9.27,32.445,0.0,2.45,0.0,0.0,0.29,0.0,0.0,8.48,0.0,0.0,-3.39,0.0,0.0,19.84,0.0,0.0,-13.18,0.0,0.09141475066666667,,3994.43924,0.391871117,192.863291,0.372777901,3677.1334,99.861534,0.404945514,84.0635853,73.0769185,75.0,False
2026-05-06 20:00:00,0.0,,132.02,140.9,135.0,133.06,133.06,,0.0,0.0,0.0,,0.0,0.0,0.0,0.0,0.0,0.0,7.0,9.27,32.445,0.0,2.45,0.0,0.0,0.29,0.0,0.0,8.48,0.0,0.0,-3.39,0.0,0.0,19.84,0.0,0.0,-13.18,0.0,-0.007490111233333333,,3995.82323,0.392060949,192.863494,0.372777901,3677.1334,99.861534,0.405085819,84.0635871,73.0769185,75.0,False
2026-05-06 20:30:00,0.0,,132.02,139.9,134.1,133.06,133.06,,0.0,0.0,0.0,,0.0,0.0,0.0,0.0,0.0,0.0,7.0,9.27,32.445,0.0,2.45,0.0,0.0,0.29,0.0,0.0,8.48,0.0,0.0,-3.39,0.0,0.0,19.84,0.0,0.0,-13.18,0.0,-0.0074854723000000005,,3997.10643,0.392250663,192.863646,0.372777901,3677.1334,99.861534,0.405215906,84.0635889,73.0769185,75.0,False
2026-05-06 21:00:00,0.0,,121.6,134.6,132.1,117.55,117.55,,0.0,0.0,0.0,,0.0,0.0,0.0,0.0,0.0,0.0,7.0,9.27,32.445,0.0,2.45,0.0,0.0,0.29,0.0,0.0,8.48,0.0,0.0,-3.39,0.0,0.0,19.84,0.0,0.0,-13.18,0.0,-0.007392611066666666,,3998.41694,0.392438024,192.863798,0.372777901,3677.1334,99.861534,0.405348762,84.0635655,73.0769185,75.0,False
2026-05-06 21:30:00,0.0,,121.6,126.8,122.0,122.0,122.0,,0.0,0.0,0.0,,0.0,0.0,0.0,0.0,0.0,0.0,7.0,9.27,32.445,0.0,2.45,0.0,0.0,0.29,0.0,0.0,8.48,0.0,0.0,-3.39,0.0,0.0,19.84,0.0,0.0,-13.18,0.0,-0.007509777733333334,,3999.89951,0.392628354,192.864001,0.372777901,3677.1334,99.861534,0.405499061,84.0635437,73.0769185,75.0,False
2026-05-06 22:00:00,0.0,,109.5,126.48,125.2,119.0,119.0,,0.0,0.0,0.0,,0.0,0.0,0.0,0.0,0.0,0.0,7.0,9.27,32.445,0.0,2.45,0.0,0.0,0.29,0.0,0.0,8.48,0.0,0.0,-3.39,0.0,0.0,19.84,0.0,0.0,-13.18,0.0,-0.007443166633333334,,4001.26049,0.392816996,192.864152,0.372777901,3677.1334,99.861534,0.405637034,84.0635142,73.0769185,75.0,False
2026-05-06 22:30:00,0.0,,109.5,108.46,110.34,91.74,91.74,,0.0,0.0,0.0,,0.0,0.0,0.0,0.0,0.0,0.0,7.0,9.27,32.445,0.0,2.45,0.0,0.0,0.29,0.0,0.0,8.48,0.0,0.0,-3.39,0.0,0.0,19.84,0.0,0.0,-13.18,0.0,-0.007397055566666667,,4002.74085,0.393004469,192.864254,0.372777901,3677.1334,99.861534,0.405787109,84.0634879,73.0769185,75.0,False
2026-05-06 23:00:00,0.0,,105.85,112.0,115.13,83.52,83.52,,0.0,0.0,0.0,,0.0,0.0,0.0,0.0,0.0,0.0,7.0,2.22,7.7700000000000005,0.0,1.7,0.0,0.0,0.87,0.0,0.0,4.37,0.0,0.0,-1.85,0.0,0.0,13.43,0.0,0.0,-12.25,0.0,-0.0074285278,,4004.12055,0.39319274,192.864457,0.372777901,3677.1334,99.861534,0.405926979,84.0634563,73.0769185,75.0,False
2026-05-06 23:30:00,0.0,,105.85,107.26,102.85,102.46,102.46,,0.0,0.0,0.0,,0.0,0.0,0.0,0.0,0.0,0.0,7.0,2.22,7.7700000000000005,0.0,1.7,0.0,0.0,0.87,0.0,0.0,4.37,0.0,0.0,-1.85,0.0,0.0,13.43,0.0,0.0,-12.25,0.0,-0.0074024166,,4005.57235,0.39338035,192.864609,0.372777901,3677.1334,99.861534,0.406074159,84.0634261,73.0769185,75.0,False
2026-05-07 00:00:00,0.0,,100.59,104.07,105.0,93.61,93.61,,0.0,0.0,0.0,,0.0,0.0,0.0,0.0,0.0,0.0,7.0,2.22,7.7700000000000005,0.0,1.7,0.0,0.0,0.87,0.0,0.0,4.37,0.0,0.0,-1.85,0.0,0.0,13.43,0.0,0.0,-12.25,0.0,-0.0074358889,,4007.07572,0.393568808,192.864812,0.372777901,3677.1334,99.861534,0.406226566,84.0633753,73.0769185,75.0,False
2026-05-07 00:30:00,-0.01,,100.59,102.91,102.51,118.0,118.0,,0.0,-1.18,0.0,,0.0,0.0,0.0,0.0,0.0,0.0,7.0,2.22,7.7700000000000005,0.0,1.7,0.0,0.0,0.87,0.0,0.0,4.37,0.0,0.0,-1.85,0.0,0.0,13.43,0.0,0.0,-12.25,0.0,-0.0074774166333333334,,1.52396408,0.0001895101,192.864913,0.0,0.0,99.861534,0.000154495382,84.063342,73.0769185,75.0,False
2026-05-07 01:00:00,-0.476,,98.7,103.9,101.0,118.0,118.0,,20.532000000000004,0.0,0.0,,-1.3,-65.65,0.0,0.0,0.0,0.0,7.0,2.22,7.7700000000000005,0.0,1.7,0.0,0.0,0.87,0.0,0.0,4.37,0.0,0.0,-1.85,0.0,0.0,13.43,0.0,0.0,-12.25,0.0,-0.034558556133333335,,16.6438184,0.00106537348,192.865774,0.0,0.0,99.861534,0.00168730557,84.0632995,73.0769185,75.0,False
2026-05-07 01:30:00,-0.019,,98.7,102.49,104.0,118.0,118.0,,0.0,-2.242,0.0,,0.0,0.0,0.0,0.0,0.0,0.0,7.0,2.22,7.7700000000000005,0.0,1.7,0.0,0.0,0.87,0.0,0.0,4.37,0.0,0.0,-1.85,0.0,0.0,13.43,0.0,0.0,-12.25,0.0,-0.9246908633333334,,475.257443,0.0245010421,192.889294,0.0,0.0,99.861534,0.0481803222,84.0476912,73.0769185,75.0,False
2026-05-07 02:00:00,-0.784,,95.3,106.0,105.0,118.0,118.0,,31.388,0.0,0.0,,-2.1,-110.25,0.0,0.0,0.0,0.0,7.0,2.22,7.7700000000000005,0.0,1.7,0.0,0.0,0.87,0.0,0.0,4.37,0.0,0.0,-1.85,0.0,0.0,13.43,0.0,0.0,-12.25,0.0,-0.05417544283333333,,500.467869,0.0258740823,192.890663,0.0,0.0,99.861534,0.0507360874,84.0451286,73.0769185,75.0,False
2026-05-07 02:30:00,-0.79,,95.3,106.0,101.1,125.0,125.0,,32.5,0.0,0.0,,-2.1,-106.155,0.0,0.0,0.0,0.0,7.0,2.22,7.7700000000000005,0.0,1.7,0.0,0.0,0.87,0.0,0.0,4.37,0.0,0.0,-1.85,0.0,0.0,13.43,0.0,0.0,-12.25,0.0,-1.5263483666666666,,1260.51712,0.064558356,192.929389,0.0,0.0,99.861534,0.127787838,84.0199406,73.0769185,75.0,False
2026-05-07 03:00:00,-0.811,,97.77,104.54,105.1,121.0,121.0,,28.919,0.0,0.0,,-2.1,-110.355,0.0,0.0,0.0,0.0,7.0,2,7,0.0,1.74,0.0,0.0,1.37,0.0,0.0,5.88,0.0,0.0,-0.07,0.0,0.0,19.36,0.0,0.0,-9.04,0.0,-1.54061018,,2027.71269,0.103604085,192.968469,0.0,0.0,99.861534,0.205564062,83.9906396,73.0769185,75.0,False
2026-05-07 03:30:00,-0.785,,97.77,102.32,105.0,132.97,132.97,,35.23705,0.0,0.0,,-2.1,-110.25,0.0,0.0,0.0,0.0,7.0,2,7,0.0,1.74,0.0,0.0,1.37,0.0,0.0,5.88,0.0,0.0,-0.07,0.0,0.0,19.36,0.0,0.0,-9.04,0.0,-1.5788310566666668,,2813.942,0.143618498,193.008565,0.0,0.0,99.861534,0.285269877,83.9605705,73.0769185,75.0,False
2026-05-07 04:00:00,0.0,,100.99,112.0,108.0,133.0,133.0,,0.0,0.0,0.0,,0.0,0.0,0.0,0.0,0.0,0.0,7.0,2,7,0.0,1.74,0.0,0.0,1.37,0.0,0.0,5.88,0.0,0.0,-0.07,0.0,0.0,19.36,0.0,0.0,-9.04,0.0,-1.51706466,,3568.52649,0.182067482,193.046987,0.0,0.0,99.861534,0.361767624,83.9307812,73.0769185,75.0,False
2026-05-07 04:30:00,0.0,,100.99,109.7,106.0,117.43,117.43,,0.0,0.0,0.0,,0.0,0.0,0.0,0.0,0.0,0.0,7.0,2,7,0.0,1.74,0.0,0.0,1.37,0.0,0.0,5.88,0.0,0.0,-0.07,0.0,0.0,19.36,0.0,0.0,-9.04,0.0,-0.0073878333666666665,,3569.95513,0.182254721,193.047239,0.0,0.0,99.861534,0.361912456,83.9266052,73.0769185,75.0,False
2026-05-07 05:00:00,0.0,,110.8,111.05,115.3,137.0,137.0,,0.0,0.0,0.0,,0.0,0.0,0.0,0.0,0.0,0.0,7.0,2,7,0.0,1.74,0.0,0.0,1.37,0.0,0.0,5.88,0.0,0.0,-0.07,0.0,0.0,19.36,0.0,0.0,-9.04,0.0,-0.007325277766666667,,3571.39645,0.182440377,193.047392,0.0,0.0,99.861534,0.362058573,83.9265943,73.0769185,75.0,False
2026-05-07 05:30:00,0.0,,110.8,113.7,120.16,137.0,137.0,,0.0,0.0,0.0,,0.0,0.0,0.0,0.0,0.0,0.0,7.0,2,7,0.0,1.74,0.0,0.0,1.37,0.0,0.0,5.88,0.0,0.0,-0.07,0.0,0.0,19.36,0.0,0.0,-9.04,0.0,-0.0073601667,,3573.00402,0.182626915,193.047544,0.0,0.0,99.861534,0.362221544,83.9265697,73.0769185,74.98611133333333,False
2026-05-07 06:00:00,0.017,,128.0,122.69,128.99,137.0,137.0,,0.0,2.329,0.0,,0.0,0.0,0.0,0.0,0.0,0.0,7.0,2,7,0.0,1.74,0.0,0.0,1.37,0.0,0.0,5.88,0.0,0.0,-0.07,0.0,0.0,19.36,0.0,0.0,-9.04,0.0,-0.007356027766666666,,3574.37912,0.182813349,193.047645,0.0,0.0,99.861534,0.362360948,83.9265382,73.0769185,75.0,False
2026-05-07 06:30:00,0.926,,128.0,127.07,133.25,157.0,157.0,,-19.468,0.0,0.0,,2.1,139.9125,0.0,0.0,0.0,0.0,7.0,2,7,0.0,1.74,0.0,0.0,1.37,0.0,0.0,5.88,0.0,0.0,-0.07,0.0,0.0,19.36,0.0,0.0,-9.04,0.0,0.0367363895,,3575.33451,0.183993228,193.049065,0.00223076028,22.0045317,99.861534,0.362457803,83.9265576,73.0769185,75.0,False
2026-05-07 07:00:00,0.976,,132.0,126.39,132.0,135.0,135.0,,-9.990000000000009,0.0,0.0,,0.0,0.0,2.1,132.70950000000002,0.0,0.0,7.0,5.88,20.58,0.0,4.06,0.0,0.0,2.46,0.0,0.0,7.23,0.0,0.0,-1.16,0.0,0.0,19.29,0.0,0.0,-16.79,0.0,1.7904089799999998,,3575.33451,0.229369941,193.094786,0.0930712323,918.067665,99.861534,0.362457803,83.9612289,73.0769185,75.0,False
2026-05-07 07:30:00,0.953,,132.0,125.34,135.21,135.0,135.0,,-13.095000000000011,0.0,0.0,,2.1,141.97050000000002,0.0,0.0,0.0,0.0,7.0,5.88,20.58,0.0,4.06,0.0,0.0,2.46,0.0,0.0,7.23,0.0,0.0,-1.16,0.0,0.0,19.29,0.0,0.0,-16.79,0.0,1.8830255466666668,,3575.33451,0.277093958,193.142788,0.188633378,1860.70605,99.861534,0.362457803,84.0041402,73.0769185,75.0,False
2026-05-07 08:00:00,0.321,,118.47,117.74,120.5,135.0,135.0,,-24.165,0.0,0.0,,0.0,0.0,1.0,58.87,0.0,0.0,7.0,5.88,20.58,0.0,4.06,0.0,0.0,2.46,0.0,0.0,7.23,0.0,0.0,-1.16,0.0,0.0,19.29,0.0,0.0,-16.79,0.0,1.8308076733333334,,3575.33451,0.323494549,193.189573,0.281531343,2777.06458,99.861534,0.362457803,84.046664,73.0769185,75.0,False
2026-05-07 08:30:00,0.272,,118.47,110.0,114.2,135.0,135.0,,2.9700000000000024,0.0,0.0,,0.0,0.0,0.5,27.5,0.0,0.0,7.0,5.88,20.58,0.0,4.06,0.0,0.0,2.46,0.0,0.0,7.23,0.0,0.0,-1.16,0.0,0.0,19.29,0.0,0.0,-16.79,0.0,0.6157258033333334,,3575.33451,0.339099705,193.205388,0.312928213,3086.7677,99.861534,0.362457803,84.0648798,73.0769185,75.0,False
2026-05-07 09:00:00,0.0,,107.42,104.81,106.0,133.39,133.39,,0.0,0.0,0.0,,0.0,0.0,0.0,0.0,0.0,0.0,7.0,5.88,20.58,0.0,4.06,0.0,0.0,2.46,0.0,0.0,7.23,0.0,0.0,-1.16,0.0,0.0,19.29,0.0,0.0,-16.79,0.0,0.5138775833666667,,3575.75425,0.352247753,193.218771,0.339202606,3345.94199,99.861534,0.362500355,84.0791294,73.0769185,75.0,False
2026-05-07 09:30:00,0.0,,107.42,100.99,90.92,123.95,123.95,,0.0,0.0,0.0,,0.0,0.0,0.0,0.0,0.0,0.0,7.0,5.88,20.58,0.0,4.06,0.0,0.0,2.46,0.0,0.0,7.23,0.0,0.0,-1.16,0.0,0.0,19.29,0.0,0.0,-16.79,0.0,-0.007250944433333333,,3577.00833,0.352431523,193.218872,0.339202606,3345.94199,99.861534,0.36262749,84.0791075,73.0769185,75.0,False
2026-05-07 10:00:00,0.0,,97.85,102.46,97.85,101.75,101.75,,0.0,0.0,0.0,,0.0,0.0,0.0,0.0,0.0,0.0,7.0,5.88,20.58,0.0,4.06,0.0,0.0,2.46,0.0,0.0,7.23,0.0,0.0,-1.16,0.0,0.0,19.29,0.0,0.0,-16.79,0.0,-0.007286861066666667,,3578.25,0.352616204,193.219074,0.339202606,3345.94199,99.861534,0.362753367,84.0790719,73.0769185,75.0,False
2026-05-07 10:30:00,-0.017,,97.85,93.7,88.8,96.44,96.44,,0.0,-1.63948,0.0,,0.0,0.0,0.0,0.0,0.0,0.0,7.0,5.88,20.58,0.0,4.06,0.0,0.0,2.46,0.0,0.0,7.23,0.0,0.0,-1.16,0.0,0.0,19.29,0.0,0.0,-16.79,0.0,-0.007044749933333334,,3579.32561,0.352794749,193.219176,0.339202606,3345.94199,99.861534,0.36286241,84.0790353,73.0769185,75.0,False
2026-05-07 11:00:00,-0.756,,90.41,91.4,87.91,89.84,89.84,,26.412960000000005,0.0,0.0,,-2.1,-92.3055,0.0,0.0,0.0,0.0,7.0,3.71,12.985,0.0,1.62,0.0,0.0,2.2,0.0,0.0,6.36,0.0,0.0,0.0,0.0,0.0,13.29,0.0,0.0,-11.64,0.0,-0.051261636433333334,,3602.92715,0.35409394,193.220544,0.339202606,3345.94199,99.861534,0.36525507,84.078976,73.0769185,75.0,False
2026-05-07 11:30:00,-0.766,,90.41,89.1,91.11,90.5,90.5,,25.702,0.0,0.0,,-2.1,-95.66550000000001,0.0,0.0,0.0,0.0,7.0,3.71,12.985,0.0,1.62,0.0,0.0,2.2,0.0,0.0,6.36,0.0,0.0,0.0,0.0,0.0,13.29,0.0,0.0,-11.64,0.0,-1.4705339833333335,,4336.28648,0.391363635,193.257902,0.339202606,3345.94199,99.861534,0.439601068,84.0548446,73.0769185,75.0,False
2026-05-07 12:00:00,-0.765,,91.14,91.16,92.5,89.72,89.72,,25.570200000000003,0.0,0.0,,-2.1,-97.125,0.0,0.0,0.0,0.0,7.0,3.71,12.985,0.0,1.62,0.0,0.0,2.2,0.0,0.0,6.36,0.0,0.0,0.0,0.0,0.0,13.29,0.0,0.0,-11.64,0.0,-1.4896069566666668,,5079.21371,0.429116723,193.295665,0.339202606,3345.94199,99.861534,0.514917034,84.0263653,73.0769185,75.0,False
2026-05-07 12:30:00,-0.783,,91.14,89.02,92.5,86.63,86.63,,23.13021,0.0,0.0,,-2.1,-97.125,0.0,0.0,0.0,0.0,7.0,3.71,12.985,0.0,1.62,0.0,0.0,2.2,0.0,0.0,6.36,0.0,0.0,0.0,0.0,0.0,13.29,0.0,0.0,-11.64,0.0,-1.486928383333333,,5820.63701,0.466801924,193.333377,0.339202606,3345.94199,99.861534,0.590080535,83.9980085,73.0769185,75.0,False
2026-05-07 13:00:00,-0.772,,90.31,90.48,92.5,84.3,84.3,,23.4354,0.0,0.0,,-2.1,-97.125,0.0,0.0,0.0,0.0,7.0,3.71,12.985,0.0,1.62,0.0,0.0,2.2,0.0,0.0,6.36,0.0,0.0,0.0,0.0,0.0,13.29,0.0,0.0,-11.64,0.0,-1.52568606,,6581.16423,0.505469412,193.372104,0.339202606,3345.94199,99.861534,0.667180741,83.9689306,73.0769185,75.0,False
2026-05-07 13:30:00,-0.526,,90.31,89.51,90.0,92.07,92.07,,16.020179999999993,0.0,0.0,,-1.4,-62.99999999999999,0.0,0.0,0.0,0.0,7.0,3.71,12.985,0.0,1.62,0.0,0.0,2.2,0.0,0.0,6.36,0.0,0.0,0.0,0.0,0.0,13.29,0.0,0.0,-11.64,0.0,-1.5013423466666669,,7329.54878,0.543519925,193.41017,0.339202606,3345.94199,99.861534,0.743049955,83.9400396,73.0769185,75.0,False
2026-05-07 14:00:00,-0.359,,92.4,90.61,92.5,110.0,110.0,,-0.9900000000000009,0.0,0.0,,-0.7,-32.375,0.0,0.0,0.0,0.0,7.0,3.71,12.985,0.0,1.62,0.0,0.0,2.2,0.0,0.0,6.36,0.0,0.0,0.0,0.0,0.0,13.29,0.0,0.0,-11.64,0.0,-1.0223304533333335,,7838.83211,0.569430203,193.436174,0.339202606,3345.94199,99.861534,0.79467973,83.9192822,73.0769185,75.0,False
2026-05-07 14:30:00,-0.029,,92.4,90.48,89.1,110.0,110.0,,13.309999999999999,0.0,0.0,,-0.3,-13.364999999999998,0.0,0.0,0.0,0.0,7.0,3.71,12.985,0.0,1.62,0.0,0.0,2.2,0.0,0.0,6.36,0.0,0.0,0.0,0.0,0.0,13.29,0.0,0.0,-11.64,0.0,-0.701044611,,8186.84003,0.587197708,193.453915,0.339202606,3345.94199,99.861534,0.829959837,83.9047673,73.0769185,75.0,False
2026-05-07 15:00:00,0.0,,94.3,98.06,99.88,115.0,115.0,,5.75,0.0,0.0,,-0.1,-4.994,0.0,0.0,0.0,0.0,7.0,7.44,26.040000000000003,0.0,0.97,0.0,0.0,2.43,0.0,0.0,8.06,0.0,0.0,1.71,0.0,0.0,20.0,0.0,0.0,-5.74,0.0,-0.062091947966666665,,8215.42747,0.588771387,193.455436,0.339202606,3345.94199,99.861534,0.832857955,83.9016082,73.0769185,75.0,False
2026-05-07 15:30:00,0.0,,94.3,98.71,102.86,115.0,115.0,,0.0,0.0,0.0,,0.0,0.0,0.0,0.0,0.0,0.0,7.0,7.44,26.040000000000003,0.0,0.97,0.0,0.0,2.43,0.0,0.0,8.06,0.0,0.0,1.71,0.0,0.0,20.0,0.0,0.0,-5.74,0.0,-0.007351083300000001,,8216.58094,0.588957695,193.455588,0.339202606,3345.94199,99.861534,0.832974891,83.9015743,73.0769185,75.0,False
2026-05-07 16:00:00,0.0,,104.94,104.0,108.0,124.95,124.95,,0.0,0.0,0.0,,0.0,0.0,0.0,0.0,0.0,0.0,7.0,7.44,26.040000000000003,0.0,0.97,0.0,0.0,2.43,0.0,0.0,8.06,0.0,0.0,1.71,0.0,0.0,20.0,0.0,0.0,-5.74,0.0,-0.007342722166666667,,8217.78161,0.589143791,193.45574,0.339202606,3345.94199,99.861534,0.833096612,83.9015434,73.0769185,75.0,False
2026-05-07 16:30:00,0.019,,104.94,106.4,117.62,104.11,104.11,,0.0,1.97809,0.0,,0.0,0.0,0.0,0.0,0.0,0.0,7.0,7.44,26.040000000000003,0.0,0.97,0.0,0.0,2.43,0.0,0.0,8.06,0.0,0.0,1.71,0.0,0.0,20.0,0.0,0.0,-5.74,0.0,-0.007293972200000001,,8218.93086,0.589328652,193.455892,0.339202606,3345.94199,99.861534,0.833213119,83.901508,73.0769185,75.0,False
2026-05-07 17:00:00,1.062,,119.6,112.44,111.02,111.03,111.03,,1.332360000000001,0.0,0.0,,0.0,0.0,2.1,118.062,0.0,0.0,7.0,7.44,26.040000000000003,0.0,0.97,0.0,0.0,2.43,0.0,0.0,8.06,0.0,0.0,1.71,0.0,0.0,20.0,0.0,0.0,-5.74,0.0,0.0442786389,,8219.71491,0.590699379,193.457413,0.341836177,3371.91991,99.861534,0.833292604,83.9015014,73.0769185,75.0,False
2026-05-07 17:30:00,1.063,,119.6,123.0,118.87,153.99,153.99,,2.0018699999999847,0.0,0.0,,0.0,0.0,2.1,129.15,0.0,0.0,7.0,7.44,26.040000000000003,0.0,0.97,0.0,0.0,2.43,0.0,0.0,8.06,0.0,0.0,1.71,0.0,0.0,20.0,0.0,0.0,-5.74,0.0,2.0495291466666665,,8219.71491,0.642643319,193.509724,0.446063669,4400.03448,99.861534,0.833292604,83.9416013,73.0769185,75.0,False
2026-05-07 18:00:00,1.069,,135.0,127.96,127.5,99.0,99.0,,1.8809999999999907,0.0,0.0,,0.0,0.0,2.1,134.358,0.0,0.0,7.0,7.44,26.040000000000003,0.0,0.97,0.0,0.0,2.43,0.0,0.0,8.06,0.0,0.0,1.71,0.0,0.0,20.0,0.0,0.0,-5.74,0.0,2.05525937,,8219.71491,0.694732486,193.562186,0.550519385,5430.40029,99.861534,0.833292604,83.9883748,73.0769185,75.0,False
2026-05-07 18:30:00,0.699,,135.0,133.0,131.01,130.0,130.0,,-45.63000000000001,0.0,0.0,,0.0,0.0,2.1,139.65,0.0,0.0,7.0,7.44,26.040000000000003,0.0,0.97,0.0,0.0,2.43,0.0,0.0,8.06,0.0,0.0,1.71,0.0,0.0,20.0,0.0,0.0,-5.74,0.0,2.06215021,,8219.71491,0.746996297,193.614851,0.655318177,6464.15024,99.861534,0.833292604,84.0354622,73.0769185,75.0,False
2026-05-07 19:00:00,0.09,,136.4,131.8,131.99,99.0,99.0,,-80.19000000000001,0.0,0.0,,0.0,0.0,1.8,118.62000000000002,0.0,0.0,7.0,9.27,32.445,0.0,3.45,0.0,0.0,0.9,0.0,0.0,8.75,0.0,0.0,-2.67,0.0,0.0,20.96,0.0,0.0,-15.88,0.0,1.3344131366666667,,8219.71491,0.780816101,193.649066,0.723105121,7132.81015,99.861534,0.833292604,84.0723262,73.0769185,75.0,False
2026-05-07 19:30:00,0.025,,136.4,133.0,132.0,130.0,130.0,,-55.25,0.0,0.0,,0.0,0.0,0.9,59.85,0.0,0.0,7.0,9.27,32.445,0.0,3.45,0.0,0.0,0.9,0.0,0.0,8.75,0.0,0.0,-2.67,0.0,0.0,20.96,0.0,0.0,-15.88,0.0,0.16889702766666667,,8219.71491,0.785096683,193.653729,0.731899229,7219.55646,99.861534,0.833292604,84.0774263,73.0769185,75.0,False
2026-05-07 20:00:00,0.0,,132.88,134.0,133.0,120.0,120.0,,0.0,0.0,0.0,,0.0,0.0,0.0,0.0,0.0,0.0,7.0,9.27,32.445,0.0,3.45,0.0,0.0,0.9,0.0,0.0,8.75,0.0,0.0,-2.67,0.0,0.0,20.96,0.0,0.0,-15.88,0.0,0.04184427833333334,,8219.71491,0.786345081,193.655098,0.734258145,7242.82514,99.861534,0.833292604,84.0787105,73.0769185,75.0,False
2026-05-07 20:30:00,0.0,,132.88,132.95,133.04,120.0,120.0,,0.0,0.0,0.0,,0.0,0.0,0.0,0.0,0.0,0.0,7.0,9.27,32.445,0.0,3.45,0.0,0.0,0.9,0.0,0.0,8.75,0.0,0.0,-2.67,0.0,0.0,20.96,0.0,0.0,-15.88,0.0,-0.007423277733333333,,8220.8158,0.786533219,193.655301,0.734258145,7242.82514,99.861534,0.83340421,84.0787523,73.0769185,75.0,False
2026-05-07 21:00:00,0.0,,122.92,131.88,131.51,130.0,130.0,,0.0,0.0,0.0,,0.0,0.0,0.0,0.0,0.0,0.0,7.0,9.27,32.445,0.0,3.45,0.0,0.0,0.9,0.0,0.0,8.75,0.0,0.0,-2.67,0.0,0.0,20.96,0.0,0.0,-15.88,0.0,-0.007395944433333333,,8222.0221,0.786720663,193.655453,0.734258145,7242.82514,99.861534,0.833526501,84.0786854,73.0769185,75.0,False
2026-05-07 21:30:00,0.0,,122.92,126.11,126.9,120.0,120.0,,0.0,0.0,0.0,,0.0,0.0,0.0,0.0,0.0,0.0,7.0,9.27,32.445,0.0,3.45,0.0,0.0,0.9,0.0,0.0,8.75,0.0,0.0,-2.67,0.0,0.0,20.96,0.0,0.0,-15.88,0.0,-0.007392222233333333,,8223.19176,0.786908015,193.655605,0.734258145,7242.82514,99.861534,0.833645078,84.0786338,73.0769185,75.0,False
2026-05-07 22:00:00,-0.007,,110.0,125.94,127.56,133.03,133.03,,0.0,-0.93121,0.0,,0.0,0.0,0.0,0.0,0.0,0.0,7.0,9.27,32.445,0.0,3.45,0.0,0.0,0.9,0.0,0.0,8.75,0.0,0.0,-2.67,0.0,0.0,20.96,0.0,0.0,-15.88,0.0,-0.0074664722,,8224.3533,0.787097247,193.655807,0.734258145,7242.82514,99.861534,0.833762832,84.0785846,73.0769185,75.0,False
2026-05-07 22:30:00,-0.356,,110.0,117.12,116.0,123.73,123.73,,-0.7423800000000007,0.0,0.0,,0.0,0.0,-0.7,-40.992,0.0,0.0,7.0,9.27,32.445,0.0,3.45,0.0,0.0,0.9,0.0,0.0,8.75,0.0,0.0,-2.67,0.0,0.0,20.96,0.0,0.0,-15.88,0.0,-0.0266417222,,8235.44252,0.787772464,193.656467,0.734258145,7242.82514,99.861534,0.834887027,84.0785132,73.0769185,75.0,False
2026-05-07 23:00:00,0.0,,103.73,120.0,121.23,109.03,109.03,,0.0,0.0,0.0,,0.0,0.0,0.0,0.0,0.0,0.0,7.0,2.29,8.015,0.0,2.95,0.0,0.0,0.6,0.0,0.0,4.12,0.0,0.0,-2.34,0.0,0.0,23.02,0.0,0.0,-13.64,0.0,-0.69264944,,8578.39378,0.805327198,193.674208,0.734258145,7242.82514,99.861534,0.869654504,84.0668733,73.0769185,75.0,False
2026-05-07 23:30:00,-0.02,,103.73,108.8,108.81,120.0,120.0,,0.0,-2.4,0.0,,0.0,0.0,0.0,0.0,0.0,0.0,7.0,2.29,8.015,0.0,2.95,0.0,0.0,0.6,0.0,0.0,4.12,0.0,0.0,-2.34,0.0,0.0,23.02,0.0,0.0,-13.64,0.0,-0.0073691388,,8579.68261,0.805513965,193.674309,0.734258145,7242.82514,99.861534,0.869785162,84.0649651,73.0769185,75.0,False
2026-05-08 00:00:00,-0.901,,97.9,104.75,101.23,120.0,120.0,,17.880000000000003,0.0,0.0,,0.0,0.0,-2.1,-109.98750000000001,0.0,0.0,7.0,2.29,8.015,0.0,2.95,0.0,0.0,0.6,0.0,0.0,4.12,0.0,0.0,-2.34,0.0,0.0,23.02,0.0,0.0,-13.64,0.0,-0.0600254194,,8607.78608,0.807035268,193.67583,0.734258145,7242.82514,99.861534,0.872634216,84.0648868,73.0769185,75.0,False
2026-05-08 00:30:00,-0.844,,97.9,103.3,103.3,120.0,120.0,,24.72000000000001,0.0,0.0,,0.0,0.0,-2.1,-108.465,0.0,0.0,7.0,2.29,8.015,0.0,2.95,0.0,0.0,0.6,0.0,0.0,4.12,0.0,0.0,-2.34,0.0,0.0,23.02,0.0,0.0,-13.64,0.0,-1.74275209,,868.352217,0.0441688806,193.720234,0.0,0.0,99.861534,0.0880312138,84.0361014,73.0769185,75.0,False
2026-05-08 01:00:00,-0.664,,95.8,101.17,97.3,120.0,120.0,,16.32,0.0,0.0,,0.0,0.0,-1.6,-80.936,0.0,0.0,7.0,2.29,8.015,0.0,2.95,0.0,0.0,0.6,0.0,0.0,4.12,0.0,0.0,-2.34,0.0,0.0,23.02,0.0,0.0,-13.64,0.0,-1.6305462766666665,,1680.06437,0.0854939805,193.761646,0.0,0.0,99.861534,0.17032041,84.004735,73.0769185,75.0,False
2026-05-08 01:30:00,0.0,,95.8,103.54,96.37,135.0,135.0,,0.0,0.0,0.0,,0.0,0.0,0.0,0.0,0.0,0.0,7.0,2.29,8.015,0.0,2.95,0.0,0.0,0.6,0.0,0.0,4.12,0.0,0.0,-2.34,0.0,0.0,23.02,0.0,0.0,-13.64,0.0,-1.2780737899999999,,2314.92768,0.117885902,193.793986,0.0,0.0,99.861534,0.234681146,83.9788681,73.0769185,75.0,False
2026-05-08 02:00:00,0.0,,95.33,102.36,97.38,140.0,140.0,,0.0,0.0,0.0,,0.0,0.0,0.0,0.0,0.0,0.0,7.0,2.29,8.015,0.0,2.95,0.0,0.0,0.6,0.0,0.0,4.12,0.0,0.0,-2.34,0.0,0.0,23.02,0.0,0.0,-13.64,0.0,-0.0074128055666666665,,2316.26478,0.118073775,193.794188,0.0,0.0,99.861534,0.234816698,83.9753622,73.0769185,75.0,False
2026-05-08 02:30:00,0.0,,95.33,103.26,96.3,140.0,140.0,,0.0,0.0,0.0,,0.0,0.0,0.0,0.0,0.0,0.0,7.0,2.29,8.015,0.0,2.95,0.0,0.0,0.6,0.0,0.0,4.12,0.0,0.0,-2.34,0.0,0.0,23.02,0.0,0.0,-13.64,0.0,-0.0074145,,2317.50576,0.11826169,193.79439,0.0,0.0,99.861534,0.234942505,83.9752864,73.0769185,75.0,False
2026-05-08 03:00:00,0.0,,95.7,102.72,97.6,120.0,120.0,,0.0,0.0,0.0,,0.0,0.0,0.0,0.0,0.0,0.0,7.0,2,7,0.0,1.86,0.0,0.0,0.85,0.0,0.0,5.69,0.0,0.0,-0.61,0.0,0.0,18.94,0.0,0.0,-10.23,0.0,-0.007390111033333334,,2318.79566,0.118448988,193.794492,0.0,0.0,99.861534,0.235073271,83.9752138,73.0769185,75.0,False
2026-05-08 03:30:00,0.0,,95.7,102.7,98.0,120.0,120.0,,0.0,0.0,0.0,,0.0,0.0,0.0,0.0,0.0,0.0,7.0,2,7,0.0,1.86,0.0,0.0,0.85,0.0,0.0,5.69,0.0,0.0,-0.61,0.0,0.0,18.94,0.0,0.0,-10.23,0.0,-0.0073955555666666666,,2320.10032,0.118636423,193.794644,0.0,0.0,99.861534,0.235205534,83.9751526,73.0769185,75.0,False
2026-05-08 04:00:00,0.0,,98.9,108.14,102.8,100.88,100.88,,0.0,0.0,0.0,,0.0,0.0,0.0,0.0,0.0,0.0,7.0,2,7,0.0,1.86,0.0,0.0,0.85,0.0,0.0,5.69,0.0,0.0,-0.61,0.0,0.0,18.94,0.0,0.0,-10.23,0.0,-0.0073962777666666665,,2321.41086,0.118823876,193.794897,0.0,0.0,99.861534,0.235338393,83.9750921,73.0769185,75.0,False
2026-05-08 04:30:00,0.0,,98.9,110.97,104.01,102.07,102.07,,0.0,0.0,0.0,,0.0,0.0,0.0,0.0,0.0,0.0,7.0,2,7,0.0,1.86,0.0,0.0,0.85,0.0,0.0,5.69,0.0,0.0,-0.61,0.0,0.0,18.94,0.0,0.0,-10.23,0.0,-0.0073654166999999994,,2322.84369,0.119010548,193.794999,0.0,0.0,99.861534,0.23548365,83.975027,73.0769185,75.0,False
2026-05-08 05:00:00,0.0,,111.5,115.4,111.15,120.0,120.0,,0.0,0.0,0.0,,0.0,0.0,0.0,0.0,0.0,0.0,7.0,2,7,0.0,1.86,0.0,0.0,0.85,0.0,0.0,5.69,0.0,0.0,-0.61,0.0,0.0,18.94,0.0,0.0,-10.23,0.0,-0.007355277766666667,,2324.15335,0.119196963,193.795252,0.0,0.0,99.861534,0.23561642,83.9749658,73.0769185,75.0,False
2026-05-08 05:30:00,0.0,,111.5,119.0,117.29,120.0,120.0,,0.0,0.0,0.0,,0.0,0.0,0.0,0.0,0.0,0.0,7.0,2,7,0.0,1.86,0.0,0.0,0.85,0.0,0.0,5.69,0.0,0.0,-0.61,0.0,0.0,18.94,0.0,0.0,-10.23,0.0,-0.007301388866666667,,2325.52398,0.119382011,193.795303,0.0,0.0,99.861534,0.23575537,83.9749122,73.0769185,75.0,False
2026-05-08 06:00:00,0.0,,119.05,119.3,118.0,135.93,135.93,,0.0,0.0,0.0,,0.0,0.0,0.0,0.0,0.0,0.0,7.0,2,7,0.0,1.86,0.0,0.0,0.85,0.0,0.0,5.69,0.0,0.0,-0.61,0.0,0.0,18.94,0.0,0.0,-10.23,0.0,-0.0073611666,,2326.88633,0.119568575,193.795506,0.0,0.0,99.861534,0.235893482,83.9748723,73.0769185,75.0,False
2026-05-08 06:30:00,0.0,,119.05,125.3,128.53,120.0,120.0,,0.0,0.0,0.0,,0.0,0.0,0.0,0.0,0.0,0.0,7.0,2,7,0.0,1.86,0.0,0.0,0.85,0.0,0.0,5.69,0.0,0.0,-0.61,0.0,0.0,18.94,0.0,0.0,-10.23,0.0,-0.007366805533333333,,2328.36996,0.119755282,193.795708,0.0,0.0,99.861534,0.236043888,83.9748187,73.0769185,75.0,False
2026-05-08 07:00:00,0.017,,121.0,122.9,118.33,139.0,139.0,,0.0,2.363,0.0,,0.0,0.0,0.0,0.0,0.0,0.0,7.0,5.89,20.615,0.0,2.09,0.0,0.0,0.35,0.0,0.0,5.63,0.0,0.0,-1.25,0.0,0.0,16.66,0.0,0.0,-16.95,0.0,-0.007416388933333333,,2329.72457,0.119943246,193.795861,0.0,0.0,99.861534,0.236181215,83.9747651,73.0769185,75.0,False
2026-05-08 07:30:00,0.845,,121.0,125.34,128.0,139.0,139.0,,-28.49500000000001,0.0,0.0,,0.0,0.0,2.1,131.607,0.0,0.0,7.0,5.89,20.615,0.0,2.09,0.0,0.0,0.35,0.0,0.0,5.63,0.0,0.0,-1.25,0.0,0.0,16.66,0.0,0.0,-16.95,0.0,0.03868119503333334,,2330.65025,0.121174084,193.797229,0.00233367582,23.019705,99.861534,0.236275058,83.9747555,73.0769185,75.0,False
2026-05-08 08:00:00,0.0,,117.89,122.36,121.7,120.0,120.0,,0.0,0.0,0.0,,0.0,0.0,0.0,0.0,0.0,0.0,7.0,5.89,20.615,0.0,2.09,0.0,0.0,0.35,0.0,0.0,5.63,0.0,0.0,-1.25,0.0,0.0,16.66,0.0,0.0,-16.95,0.0,1.6157450866666665,,2330.65025,0.162124057,193.83849,0.0843194529,831.738888,99.861534,0.236275058,84.0072134,73.0769185,75.0,False
2026-05-08 08:30:00,0.0,,117.89,115.14,114.13,120.0,120.0,,0.0,0.0,0.0,,0.0,0.0,0.0,0.0,0.0,0.0,7.0,5.89,20.615,0.0,2.09,0.0,0.0,0.35,0.0,0.0,5.63,0.0,0.0,-1.25,0.0,0.0,16.66,0.0,0.0,-16.95,0.0,-0.007317472233333333,,2331.73729,0.162309514,193.83854,0.0843194529,831.738888,99.861534,0.236385259,84.0125061,73.0769185,75.0,False
2026-05-08 09:00:00,0.0,,106.83,106.0,101.07,68.99,68.99,,0.0,0.0,0.0,,0.0,0.0,0.0,0.0,0.0,0.0,7.0,5.89,20.615,0.0,2.09,0.0,0.0,0.35,0.0,0.0,5.63,0.0,0.0,-1.25,0.0,0.0,16.66,0.0,0.0,-16.95,0.0,-0.007240472233333333,,2332.7795,0.162493018,193.838794,0.0843194529,831.738888,99.861534,0.236490916,84.0124907,73.0769185,75.0,False
2026-05-08 09:30:00,0.0,,106.83,95.56,93.47,115.0,115.0,,0.0,0.0,0.0,,0.0,0.0,0.0,0.0,0.0,0.0,7.0,5.89,20.615,0.0,2.09,0.0,0.0,0.35,0.0,0.0,5.63,0.0,0.0,-1.25,0.0,0.0,16.66,0.0,0.0,-16.95,0.0,-0.007262694466666667,,2333.86022,0.162677087,193.838844,0.0843194529,831.738888,99.861534,0.236600476,84.0124783,73.0769185,75.0,False
2026-05-08 10:00:00,0.0,,99.17,93.46,95.1,81.98,81.98,,0.0,0.0,0.0,,0.0,0.0,0.0,0.0,0.0,0.0,7.0,5.89,20.615,0.0,2.09,0.0,0.0,0.35,0.0,0.0,5.63,0.0,0.0,-1.25,0.0,0.0,16.66,0.0,0.0,-16.95,0.0,-0.0072720277,,2334.8191,0.162861391,193.839098,0.0843194529,831.738888,99.861534,0.236697685,84.0124798,73.0769185,75.0,False
2026-05-08 10:30:00,-0.016,,99.17,90.53,93.0,89.19,89.19,,0.0,-1.42704,0.0,,0.0,0.0,0.0,0.0,0.0,0.0,7.0,5.89,20.615,0.0,2.09,0.0,0.0,0.35,0.0,0.0,5.63,0.0,0.0,-1.25,0.0,0.0,16.66,0.0,0.0,-16.95,0.0,-0.007239527766666667,,2335.80428,0.163044872,193.83925,0.0843194529,831.738888,99.861534,0.23679756,84.0124812,73.0769185,75.0,False
2026-05-08 11:00:00,-0.712,,96.96,89.59,86.7,92.34,92.34,,31.21092000000001,0.0,0.0,,0.0,0.0,-2.1,-94.0695,0.0,0.0,7.0,4,14,0.0,1.0,0.0,0.0,0.81,0.0,0.0,3.69,0.0,0.0,-0.82,0.0,0.0,16.39,0.0,0.0,-13.07,0.0,-0.049061723333333335,,2358.11499,0.164288308,193.840416,0.0843194529,831.738888,99.861534,0.239059359,84.0124171,73.0769185,75.0,False
2026-05-08 11:30:00,-0.721,,96.96,89.55,89.35,46.0,46.0,,15.134000000000004,0.0,0.0,,0.0,0.0,-2.1,-94.0275,0.0,0.0,7.0,4,14,0.0,1.0,0.0,0.0,0.81,0.0,0.0,3.69,0.0,0.0,-0.82,0.0,0.0,16.39,0.0,0.0,-13.07,0.0,-1.3727166066666667,,3042.76012,0.199078889,193.87529,0.0843194529,831.738888,99.861534,0.308466843,83.9899104,73.0769185,75.0,False
2026-05-08 12:00:00,0.0,,95.0,92.06,92.5,82.5,82.5,,0.0,0.0,0.0,,0.0,0.0,0.0,0.0,0.0,0.0,7.0,4,14,0.0,1.0,0.0,0.0,0.81,0.0,0.0,3.69,0.0,0.0,-0.82,0.0,0.0,16.39,0.0,0.0,-13.07,0.0,-1.3803907433333331,,3731.05617,0.234063964,193.910315,0.0843194529,831.738888,99.861534,0.378244446,83.9629473,73.0769185,75.0,False
2026-05-08 12:30:00,0.0,,95.0,91.93,92.0,82.4,82.4,,0.0,0.0,0.0,,0.0,0.0,0.0,0.0,0.0,0.0,7.0,4,14,0.0,1.0,0.0,0.0,0.81,0.0,0.0,3.69,0.0,0.0,-0.82,0.0,0.0,16.39,0.0,0.0,-13.07,0.0,-0.007215888899999999,,3732.08077,0.234246846,193.910417,0.0843194529,831.738888,99.861534,0.378348317,83.9592158,73.0769185,75.0,False
2026-05-08 13:00:00,0.0,,93.5,89.9,90.0,78.66,78.66,,0.0,0.0,0.0,,0.0,0.0,0.0,0.0,0.0,0.0,7.0,4,14,0.0,1.0,0.0,0.0,0.81,0.0,0.0,3.69,0.0,0.0,-0.82,0.0,0.0,16.39,0.0,0.0,-13.07,0.0,-0.0073401111666666664,,3733.10447,0.234432876,193.910569,0.0843194529,831.738888,99.861534,0.378452097,83.9591982,73.0769185,75.0,False
2026-05-08 13:30:00,-0.016,,93.5,89.9,90.0,82.6,82.6,,0.0,-1.3215999999999999,0.0,,0.0,0.0,0.0,0.0,0.0,0.0,7.0,4,14,0.0,1.0,0.0,0.0,0.81,0.0,0.0,3.69,0.0,0.0,-0.82,0.0,0.0,16.39,0.0,0.0,-13.07,0.0,-0.007226583433333333,,3734.08346,0.234616029,193.91067,0.0843194529,831.738888,99.861534,0.378551345,83.9591646,73.0769185,75.0,False
2026-05-08 14:00:00,-0.735,,93.54,89.7,90.0,82.5,82.5,,25.987500000000004,0.0,0.0,,0.0,0.0,-2.1,-94.185,0.0,0.0,7.0,4,14,0.0,1.0,0.0,0.0,0.81,0.0,0.0,3.69,0.0,0.0,-0.82,0.0,0.0,16.39,0.0,0.0,-13.07,0.0,-0.04833822103333333,,3756.05178,0.235841129,193.911938,0.0843194529,831.738888,99.861534,0.380778434,83.9590814,73.0769185,75.0,False
2026-05-08 14:30:00,-0.81,,93.54,89.9,90.0,82.5,82.5,,19.8,0.0,0.0,,0.0,0.0,-2.1,-94.39500000000001,0.0,0.0,7.0,4,14,0.0,1.0,0.0,0.0,0.81,0.0,0.0,3.69,0.0,0.0,-0.82,0.0,0.0,16.39,0.0,0.0,-13.07,0.0,-1.4166976633333332,,4463.1026,0.27174638,193.947774,0.0843194529,831.738888,99.861534,0.452457345,83.9359328,73.0769185,75.0,False
2026-05-08 15:00:00,-0.006,,95.0,89.9,92.01,82.6,82.6,,40.804399999999994,0.0,0.0,,0.0,0.0,-1.0,-44.95,0.0,0.0,7.0,7.37,25.795,0.0,1.47,0.0,0.0,1.89,0.0,0.0,7.92,0.0,0.0,0.11,0.0,0.0,17.87,0.0,0.0,-6.48,0.0,-1.5369269,,5237.07743,0.310698759,193.986805,0.0843194529,831.738888,99.861534,0.530920833,83.9042337,73.0769185,75.0,False
2026-05-08 15:30:00,0.0,,95.0,93.47,94.0,82.6,82.6,,20.65,0.0,0.0,,0.0,0.0,-0.5,-23.3675,0.0,0.0,7.0,7.37,25.795,0.0,1.47,0.0,0.0,1.89,0.0,0.0,7.92,0.0,0.0,0.11,0.0,0.0,17.87,0.0,0.0,-6.48,0.0,-0.017309638966666666,,5243.0155,0.31113746,193.987159,0.0843194529,831.738888,99.861534,0.531522819,83.9016563,73.0769185,75.0,False
2026-05-08 16:00:00,0.0,,99.7,96.65,95.0,82.91,82.91,,8.291,0.0,0.0,,0.0,0.0,-0.2,-9.665000000000001,0.0,0.0,7.0,7.37,25.795,0.0,1.47,0.0,0.0,1.89,0.0,0.0,7.92,0.0,0.0,0.11,0.0,0.0,17.87,0.0,0.0,-6.48,0.0,-0.007245111066666666,,5243.9702,0.311321083,193.987413,0.0843194529,831.738888,99.861534,0.531619604,83.901638,73.0769185,75.0,False
2026-05-08 16:30:00,0.014,,99.7,99.0,102.5,82.85,82.85,,5.3024,0.0,0.0,,0.0,0.0,-0.1,-4.95,0.0,0.0,7.0,7.37,25.795,0.0,1.47,0.0,0.0,1.89,0.0,0.0,7.92,0.0,0.0,0.11,0.0,0.0,17.87,0.0,0.0,-6.48,0.0,-0.0071930555333333335,,5244.91834,0.311503386,193.987463,0.0843194529,831.738888,99.861534,0.531715724,83.9016273,73.0769185,75.0,False
2026-05-08 17:00:00,1.059,,112.21,108.64,104.01,82.6,82.6,,0.7433999999999914,0.0,0.0,,0.0,0.0,2.1,114.072,0.0,0.0,7.0,7.37,25.795,0.0,1.47,0.0,0.0,1.89,0.0,0.0,7.92,0.0,0.0,0.11,0.0,0.0,17.87,0.0,0.0,-6.48,0.0,0.036568389433333334,,5245.5735,0.31267211,193.988781,0.0865604356,853.844255,99.861534,0.531782142,83.9016208,73.0769185,75.0,False
2026-05-08 17:30:00,0.917,,112.21,117.81,114.0,89.0,89.0,,-11.837,0.0,0.0,,0.0,0.0,2.1,123.7005,0.0,0.0,7.0,7.37,25.795,0.0,1.47,0.0,0.0,1.89,0.0,0.0,7.92,0.0,0.0,0.11,0.0,0.0,17.87,0.0,0.0,-6.48,0.0,2.0322671700000003,,5245.5735,0.364178556,194.040636,0.190079024,1874.9661,99.861534,0.531782142,83.9412926,73.0769185,75.0,False
2026-05-08 18:00:00,0.934,,131.3,122.94,119.7,86.64,86.64,,-10.050239999999999,0.0,0.0,,0.0,0.0,2.1,129.087,0.0,0.0,7.0,7.37,25.795,0.0,1.47,0.0,0.0,1.89,0.0,0.0,7.92,0.0,0.0,0.11,0.0,0.0,17.87,0.0,0.0,-6.48,0.0,1.7579047,,5245.5735,0.408731469,194.085445,0.27956729,2757.69089,99.861534,0.531782142,83.982542,73.0769185,75.0,False
2026-05-08 18:30:00,0.912,,131.3,125.06,122.05,89.0,89.0,,-12.282000000000002,0.0,0.0,,0.0,0.0,2.1,131.31300000000002,0.0,0.0,7.0,7.37,25.795,0.0,1.47,0.0,0.0,1.89,0.0,0.0,7.92,0.0,0.0,0.11,0.0,0.0,17.87,0.0,0.0,-6.48,0.0,1.79896341,,5245.5735,0.454324988,194.131318,0.371104617,3660.6279,99.861534,0.531782142,84.0225526,73.0769185,75.0,False
2026-05-08 19:00:00,0.206,,133.0,131.89,129.0,125.62,125.62,,-87.18028000000001,0.0,0.0,,0.0,0.0,1.8,118.701,0.0,0.0,7.0,9.27,32.445,0.0,2.65,0.0,0.0,-0.72,0.0,0.0,6.77,0.0,0.0,-3.55,0.0,0.0,16.07,0.0,0.0,-13.47,0.0,1.7412399800000002,,5245.5735,0.498455545,194.175822,0.459696076,4534.50645,99.861534,0.531782142,84.0655488,73.06196183333334,75.0,False
2026-05-08 19:30:00,0.06,,133.0,130.11,130.83,124.61,124.61,,-48.5979,0.0,0.0,,0.0,0.0,0.9,58.54950000000001,0.0,0.0,7.0,9.27,32.445,0.0,2.65,0.0,0.0,-0.72,0.0,0.0,6.77,0.0,0.0,-3.55,0.0,0.0,16.07,0.0,0.0,-13.47,0.0,0.39204711,,5245.5735,0.508577743,194.186011,0.47983014,4733.11168,99.861534,0.531782142,84.0778624,73.0769185,75.0,False
2026-05-08 20:00:00,0.0,,128.0,128.35,128.55,99.41,99.41,,0.0,0.0,0.0,,0.0,0.0,0.0,0.0,0.0,0.0,7.0,9.27,32.445,0.0,2.65,0.0,0.0,-0.72,0.0,0.0,6.77,0.0,0.0,-3.55,0.0,0.0,16.07,0.0,0.0,-13.47,0.0,0.10805622123333332,,5245.5735,0.511504026,194.189205,0.485561395,4789.64558,99.861534,0.531782142,84.08099,73.0769185,75.0,False
2026-05-08 20:30:00,0.0,,128.0,122.76,127.92,131.03,131.03,,0.0,0.0,0.0,,0.0,0.0,0.0,0.0,0.0,0.0,7.0,9.27,32.445,0.0,2.65,0.0,0.0,-0.72,0.0,0.0,6.77,0.0,0.0,-3.55,0.0,0.0,16.07,0.0,0.0,-13.47,0.0,-0.007439500066666667,,5246.68529,0.511692575,194.189255,0.485561395,4789.64558,99.861534,0.531894852,84.0811826,73.0769185,75.0,False
2026-05-08 21:00:00,0.0,,120.0,120.79,123.81,145.0,145.0,,0.0,0.0,0.0,,0.0,0.0,0.0,0.0,0.0,0.0,7.0,9.27,32.445,0.0,2.65,0.0,0.0,-0.72,0.0,0.0,6.77,0.0,0.0,-3.55,0.0,0.0,16.07,0.0,0.0,-13.47,0.0,-0.007372388866666667,,5247.77346,0.511879423,194.189458,0.485561395,4789.64558,99.861534,0.532005168,84.0811441,73.0769185,75.0,False
2026-05-08 21:30:00,0.0,,120.0,116.28,114.0,135.0,135.0,,0.0,0.0,0.0,,0.0,0.0,0.0,0.0,0.0,0.0,7.0,9.27,32.445,0.0,2.65,0.0,0.0,-0.72,0.0,0.0,6.77,0.0,0.0,-3.55,0.0,0.0,16.07,0.0,0.0,-13.47,0.0,-0.007391777733333334,,5248.9162,0.512066763,194.18956,0.485561395,4789.64558,99.861534,0.532121016,84.0810972,73.0769185,75.0,False
2026-05-08 22:00:00,-0.006,,107.0,115.2,115.6,129.0,129.0,,0.0,-0.774,0.0,,0.0,0.0,0.0,0.0,0.0,0.0,7.0,9.27,32.445,0.0,2.65,0.0,0.0,-0.72,0.0,0.0,6.77,0.0,0.0,-3.55,0.0,0.0,16.07,0.0,0.0,-13.47,0.0,-0.0073784166,,5250.09107,0.512253764,194.189762,0.485561395,4789.64558,99.861534,0.532240121,84.0810435,73.0769185,75.0,False
2026-05-08 22:30:00,-0.354,,107.0,110.17,110.1,129.0,129.0,,-0.5160000000000005,0.0,0.0,,0.0,0.0,-0.7,-38.5595,0.0,0.0,7.0,9.27,32.445,0.0,2.65,0.0,0.0,-0.72,0.0,0.0,6.77,0.0,0.0,-3.55,0.0,0.0,16.07,0.0,0.0,-13.47,0.0,-0.025888555466666668,,5260.74358,0.512909891,194.190422,0.485561395,4789.64558,99.861534,0.533320044,84.0809785,73.0769185,75.0,False
2026-05-08 23:00:00,0.0,,107.7,105.07,108.0,106.4,106.4,,0.0,0.0,0.0,,0.0,0.0,0.0,0.0,0.0,0.0,7.0,1.93,6.755,0.0,1.18,0.0,0.0,0.11,0.0,0.0,4.41,0.0,0.0,-3.21,0.0,0.0,16.29,0.0,0.0,-15.39,0.0,-0.68690783,,5600.78572,0.530319109,194.207808,0.485561395,4789.64558,99.861534,0.567792602,84.0694937,73.0769185,75.0,False
2026-05-08 23:30:00,0.0,,107.7,97.67,99.9,83.58,83.58,,0.0,0.0,0.0,,0.0,0.0,0.0,0.0,0.0,0.0,7.0,1.93,6.755,0.0,1.18,0.0,0.0,0.11,0.0,0.0,4.41,0.0,0.0,-3.21,0.0,0.0,16.29,0.0,0.0,-15.39,0.0,-0.007328222200000001,,5602.04027,0.530504838,194.20796,0.485561395,4789.64558,99.861534,0.567919785,84.0675972,73.0769185,75.0,False
2026-05-09 00:00:00,0.0,,106.64,99.37,103.91,104.11,104.11,,0.0,0.0,0.0,,0.0,0.0,0.0,0.0,0.0,0.0,7.0,1.93,6.755,0.0,1.18,0.0,0.0,0.11,0.0,0.0,4.41,0.0,0.0,-3.21,0.0,0.0,16.29,0.0,0.0,-15.39,0.0,-0.0073434445,,5603.38552,0.530690953,194.20806,0.485561395,4789.64558,99.861534,0.568056163,84.0675512,73.0769185,75.0,False
2026-05-09 00:30:00,0.0,,106.64,97.15,102.33,96.42,96.42,,0.0,0.0,0.0,,0.0,0.0,0.0,0.0,0.0,0.0,7.0,1.93,6.755,0.0,1.18,0.0,0.0,0.11,0.0,0.0,4.41,0.0,0.0,-3.21,0.0,0.0,16.29,0.0,0.0,-15.39,0.0,-0.007365861033333334,,1.30212567,0.000186682798,194.208315,0.0,0.0,99.861534,0.000132006001,84.0674962,73.0769185,75.0,False
2026-05-09 01:00:00,0.0,,102.9,94.54,100.56,87.57,87.57,,0.0,0.0,0.0,,0.0,0.0,0.0,0.0,0.0,0.0,7.0,1.93,6.755,0.0,1.18,0.0,0.0,0.11,0.0,0.0,4.41,0.0,0.0,-3.21,0.0,0.0,16.29,0.0,0.0,-15.39,0.0,-0.007374361133333333,,2.63102072,0.000373581027,194.208416,0.0,0.0,99.861534,0.000266725809,84.0674777,73.0769185,75.0,False
2026-05-09 01:30:00,0.0,,102.9,93.0,98.0,97.64,97.64,,0.0,0.0,0.0,,0.0,0.0,0.0,0.0,0.0,0.0,7.0,1.93,6.755,0.0,1.18,0.0,0.0,0.11,0.0,0.0,4.41,0.0,0.0,-3.21,0.0,0.0,16.29,0.0,0.0,-15.39,0.0,-0.0073019999999999995,,4.08077598,0.00055864531,194.208568,0.0,0.0,99.861534,0.0004136981,84.0674386,73.0769185,75.0,False
2026-05-09 02:00:00,0.0,,103.64,96.96,100.16,99.22,99.22,,0.0,0.0,0.0,,0.0,0.0,0.0,0.0,0.0,0.0,7.0,1.93,6.755,0.0,1.18,0.0,0.0,0.11,0.0,0.0,4.41,0.0,0.0,-3.21,0.0,0.0,16.29,0.0,0.0,-15.39,0.0,-0.007369055566666667,,5.50947518,0.000745409075,194.20877,0.0,0.0,99.861534,0.000558535785,84.0674055,73.0769185,75.0,False
2026-05-09 02:30:00,0.0,,103.64,92.0,94.0,111.14,111.14,,0.0,0.0,0.0,,0.0,0.0,0.0,0.0,0.0,0.0,7.0,1.93,6.755,0.0,1.18,0.0,0.0,0.11,0.0,0.0,4.41,0.0,0.0,-3.21,0.0,0.0,16.29,0.0,0.0,-15.39,0.0,-0.007350305533333334,,7.01360163,0.000931697625,194.208872,0.0,0.0,99.861534,0.000711020082,84.0673336,73.0769185,75.0,False
2026-05-09 03:00:00,0.0,,101.9,98.4,101.0,103.16,103.16,,0.0,0.0,0.0,,0.0,0.0,0.0,0.0,0.0,0.0,7.0,2,7,0.0,1.45,0.0,0.0,0.51,0.0,0.0,5.63,0.0,0.0,-1.53,0.0,0.0,19.05,0.0,0.0,-10.87,0.0,-0.007335027833333334,,8.61324363,0.00111759898,194.209125,0.0,0.0,99.861534,0.000873187488,84.0672914,73.0769185,75.0,False
2026-05-09 03:30:00,0.0,,101.9,97.22,100.4,100.31,100.31,,0.0,0.0,0.0,,0.0,0.0,0.0,0.0,0.0,0.0,7.0,2,7,0.0,1.45,0.0,0.0,0.51,0.0,0.0,5.63,0.0,0.0,-1.53,0.0,0.0,19.05,0.0,0.0,-10.87,0.0,-0.007389888866666666,,10.1209412,0.00130489075,194.209227,0.0,0.0,99.861534,0.00102603382,84.0672333,73.0769185,75.0,False
2026-05-09 04:00:00,0.0,,101.6,100.43,101.22,107.97,107.97,,0.0,0.0,0.0,,0.0,0.0,0.0,0.0,0.0,0.0,7.0,2,7,0.0,1.45,0.0,0.0,0.51,0.0,0.0,5.63,0.0,0.0,-1.53,0.0,0.0,19.05,0.0,0.0,-10.87,0.0,-0.007392861066666667,,11.6905348,0.00149225784,194.209379,0.0,0.0,99.861534,0.001185155,84.0671988,73.0769185,75.0,False
2026-05-09 04:30:00,0.0,,101.6,99.41,99.89,103.72,103.72,,0.0,0.0,0.0,,0.0,0.0,0.0,0.0,0.0,0.0,7.0,2,7,0.0,1.45,0.0,0.0,0.51,0.0,0.0,5.63,0.0,0.0,-1.53,0.0,0.0,19.05,0.0,0.0,-10.87,0.0,-0.007385416666666666,,13.2352636,0.00167943626,194.20953,0.0,0.0,99.861534,0.00134175545,84.0671528,73.0769185,75.0,False
2026-05-09 05:00:00,0.0,,103.64,96.32,100.82,102.18,102.18,,0.0,0.0,0.0,,0.0,0.0,0.0,0.0,0.0,0.0,7.0,2,7,0.0,1.45,0.0,0.0,0.51,0.0,0.0,5.63,0.0,0.0,-1.53,0.0,0.0,19.05,0.0,0.0,-10.87,0.0,-0.007379444466666667,,14.7458113,0.00186646332,194.209682,0.0,0.0,99.861534,0.00149489072,84.0671297,73.0769185,75.0,False
2026-05-09 05:30:00,0.0,,103.64,96.83,100.88,90.44,90.44,,0.0,0.0,0.0,,0.0,0.0,0.0,0.0,0.0,0.0,7.0,2,7,0.0,1.45,0.0,0.0,0.51,0.0,0.0,5.63,0.0,0.0,-1.53,0.0,0.0,19.05,0.0,0.0,-10.87,0.0,-0.007349139,,16.2481344,0.00205272231,194.209885,0.0,0.0,99.861534,0.00164719219,84.0670761,73.0769185,75.0,False
2026-05-09 06:00:00,0.0,,100.01,97.99,98.76,86.29,86.29,,0.0,0.0,0.0,,0.0,0.0,0.0,0.0,0.0,0.0,7.0,2,7,0.0,1.45,0.0,0.0,0.51,0.0,0.0,5.63,0.0,0.0,-1.53,0.0,0.0,19.05,0.0,0.0,-10.87,0.0,-0.007397750066666667,,17.8724012,0.00224021332,194.210037,0.0,0.0,99.861534,0.001811856,84.0670416,73.0769185,75.0,False
2026-05-09 06:30:00,0.0,,100.01,97.64,101.5,80.21,80.21,,0.0,0.0,0.0,,0.0,0.0,0.0,0.0,0.0,0.0,7.0,2,7,0.0,1.45,0.0,0.0,0.51,0.0,0.0,5.63,0.0,0.0,-1.53,0.0,0.0,19.05,0.0,0.0,-10.87,0.0,-0.007388972200000001,,19.4993815,0.00242748186,194.21024,0.0,0.0,99.861534,0.00197679489,84.0669971,73.0769185,75.0,False
2026-05-09 07:00:00,0.0,,104.25,95.0,95.92,63.56,63.56,,0.0,0.0,0.0,,0.0,0.0,0.0,0.0,0.0,0.0,7.0,5.8,20.3,0.0,2.38,0.0,0.0,0.53,0.0,0.0,5.2,0.0,0.0,-4.26,0.0,0.0,14.11,0.0,0.0,-15.99,0.0,-0.007369638866666667,,20.9916003,0.00261426039,194.210341,0.0,0.0,99.861534,0.00212807202,84.0669321,73.0769185,75.0,False
2026-05-09 07:30:00,0.0,,104.25,96.7,96.7,119.95,119.95,,0.0,0.0,0.0,,0.0,0.0,0.0,0.0,0.0,0.0,7.0,5.8,20.3,0.0,2.38,0.0,0.0,0.53,0.0,0.0,5.2,0.0,0.0,-4.26,0.0,0.0,14.11,0.0,0.0,-15.99,0.0,-0.0073667500333333335,,22.3687104,0.00280096573,194.210544,0.0,0.0,99.861534,0.00226767974,84.0668608,73.0769185,75.0,False
2026-05-09 08:00:00,0.0,,109.0,99.14,94.55,119.95,119.95,,0.0,0.0,0.0,,0.0,0.0,0.0,0.0,0.0,0.0,7.0,5.8,20.3,0.0,2.38,0.0,0.0,0.53,0.0,0.0,5.2,0.0,0.0,-4.26,0.0,0.0,14.11,0.0,0.0,-15.99,0.0,-0.007261805533333333,,23.7141176,0.00298501131,194.210645,0.0,0.0,99.861534,0.0024040735,84.0667913,73.0769185,75.0,False
2026-05-09 08:30:00,0.0,,109.0,97.28,96.83,124.9,124.9,,0.0,0.0,0.0,,0.0,0.0,0.0,0.0,0.0,0.0,7.0,5.8,20.3,0.0,2.38,0.0,0.0,0.53,0.0,0.0,5.2,0.0,0.0,-4.26,0.0,0.0,14.11,0.0,0.0,-15.99,0.0,-0.007253111033333333,,25.0403483,0.00316883653,194.210899,0.0,0.0,99.861534,0.00253852321,84.0667422,73.0769185,75.0,False
2026-05-09 09:00:00,0.0,,101.83,92.06,97.0,124.45,124.45,,0.0,0.0,0.0,,0.0,0.0,0.0,0.0,0.0,0.0,7.0,5.8,20.3,0.0,2.38,0.0,0.0,0.53,0.0,0.0,5.2,0.0,0.0,-4.26,0.0,0.0,14.11,0.0,0.0,-15.99,0.0,-0.007239222333333333,,26.3260397,0.00335230976,194.211001,0.0,0.0,99.861534,0.00266886314,84.0666932,73.0769185,75.0,False
2026-05-09 09:30:00,0.0,,101.83,85.0,90.75,64.7,64.7,,0.0,0.0,0.0,,0.0,0.0,0.0,0.0,0.0,0.0,7.0,5.8,20.3,0.0,2.38,0.0,0.0,0.53,0.0,0.0,5.2,0.0,0.0,-4.26,0.0,0.0,14.11,0.0,0.0,-15.99,0.0,-0.007171472200000001,,27.5598129,0.00353406591,194.211102,0.0,0.0,99.861534,0.00279393976,84.0666701,73.0769185,75.0,False
2026-05-09 10:00:00,0.0,,92.01,87.94,88.0,77.3,77.3,,0.0,0.0,0.0,,0.0,0.0,0.0,0.0,0.0,0.0,7.0,5.8,20.3,0.0,2.38,0.0,0.0,0.53,0.0,0.0,5.2,0.0,0.0,-4.26,0.0,0.0,14.11,0.0,0.0,-15.99,0.0,-0.0072030832999999996,,28.7325839,0.00371662322,194.211305,0.0,0.0,99.861534,0.00291283213,84.0666623,73.0769185,75.0,False
2026-05-09 10:30:00,0.0,,92.01,81.48,83.0,77.37,77.37,,0.0,0.0,0.0,,0.0,0.0,0.0,0.0,0.0,0.0,7.0,5.8,20.3,0.0,2.38,0.0,0.0,0.53,0.0,0.0,5.2,0.0,0.0,-4.26,0.0,0.0,14.11,0.0,0.0,-15.99,0.0,-0.007449361000000001,,29.9991754,0.00390542226,194.211457,0.0,0.0,99.861534,0.00304123577,84.0666582,73.0769185,75.0,False
2026-05-09 11:00:00,0.0,,85.22,80.0,81.17,65.12,65.12,,0.0,0.0,0.0,,0.0,0.0,0.0,0.0,0.0,0.0,7.0,2.83,9.905000000000001,0.0,1.25,0.0,0.0,1.45,0.0,0.0,6.06,0.0,0.0,0.0,0.0,0.0,11.82,0.0,0.0,-11.14,0.0,-0.008198583333333334,,31.5230467,0.00411320985,194.211659,0.0,0.0,99.861534,0.00319572175,84.0666406,73.0769185,75.0,False
2026-05-09 11:30:00,-0.019,,85.22,80.0,82.6,65.0,65.0,,0.0,-1.2349999999999999,0.0,,0.0,0.0,0.0,0.0,0.0,0.0,7.0,2.83,9.905000000000001,0.0,1.25,0.0,0.0,1.45,0.0,0.0,6.06,0.0,0.0,0.0,0.0,0.0,11.82,0.0,0.0,-11.14,0.0,-0.007749000033333332,,32.872945,0.00430960304,194.211812,0.0,0.0,99.861534,0.00333257081,84.0666092,73.0769185,75.0,False
2026-05-09 12:00:00,-0.871,,83.0,80.0,82.0,58.33,58.33,,10.441070000000002,0.0,0.0,,-2.1,-86.10000000000001,0.0,0.0,0.0,0.0,7.0,2.83,9.905000000000001,0.0,1.25,0.0,0.0,1.45,0.0,0.0,6.06,0.0,0.0,0.0,0.0,0.0,11.82,0.0,0.0,-11.14,0.0,-0.05759688776666667,,59.6408045,0.00576935745,194.213231,0.0,0.0,99.861534,0.00604622446,84.0665244,73.0769185,75.0,False
2026-05-09 12:30:00,-0.832,,83.0,80.0,80.0,53.57,53.57,,11.678260000000005,0.0,0.0,,-2.1,-84.0,0.0,0.0,0.0,0.0,7.0,2.83,9.905000000000001,0.0,1.25,0.0,0.0,1.45,0.0,0.0,6.06,0.0,0.0,0.0,0.0,0.0,11.82,0.0,0.0,-11.14,0.0,-1.6640185799999998,,891.521054,0.0479427902,194.255454,0.0,0.0,99.861534,0.0903800082,84.0391127,73.0769185,75.0,False
2026-05-09 13:00:00,-0.801,,81.0,74.37,79.2,67.82,67.82,,16.887179999999997,0.0,0.0,,-2.1,-83.16000000000001,0.0,0.0,0.0,0.0,7.0,2.83,9.905000000000001,0.0,1.25,0.0,0.0,1.45,0.0,0.0,6.06,0.0,0.0,0.0,0.0,0.0,11.82,0.0,0.0,-11.14,0.0,-1.5898358633333334,,1686.08624,0.088236112,194.295701,0.0,0.0,99.861534,0.170930891,84.008634,73.0769185,75.0,False
2026-05-09 13:30:00,-0.816,,81.0,74.65,78.8,46.88,46.88,,10.969920000000005,0.0,0.0,,-2.1,-82.74,0.0,0.0,0.0,0.0,7.0,2.83,9.905000000000001,0.0,1.25,0.0,0.0,1.45,0.0,0.0,6.06,0.0,0.0,0.0,0.0,0.0,11.82,0.0,0.0,-11.14,0.0,-1.5323248433333332,,2451.71902,0.127071855,194.334579,0.0,0.0,99.861534,0.248548684,83.9793838,73.0769185,75.0,False
2026-05-09 14:00:00,-0.824,,81.2,74.27,80.0,24.13,24.13,,5.453380000000002,0.0,0.0,,-2.1,-84.0,0.0,0.0,0.0,0.0,7.0,2.83,9.905000000000001,0.0,1.25,0.0,0.0,1.45,0.0,0.0,6.06,0.0,0.0,0.0,0.0,0.0,11.82,0.0,0.0,-11.14,0.0,-1.5624581299999998,,3232.43707,0.166671307,194.374218,0.0,0.0,99.861534,0.327695782,83.9496595,73.0769185,75.0,False
2026-05-09 14:30:00,-0.447,,81.2,74.97,78.1,-13.9,-13.9,,-5.6017,0.0,0.0,,-1.7,-66.38499999999999,0.0,0.0,0.0,0.0,7.0,2.83,9.905000000000001,0.0,1.25,0.0,0.0,1.45,0.0,0.0,6.06,0.0,0.0,0.0,0.0,0.0,11.82,0.0,0.0,-11.14,0.0,-1.57889649,,4023.48692,0.206687377,194.414262,0.0,0.0,99.861534,0.407890289,83.9204921,73.0769185,75.0,False
2026-05-09 15:00:00,0.0,,81.0,75.99,76.0,21.0,21.0,,8.4,0.0,0.0,,-0.8,-30.400000000000002,0.0,0.0,0.0,0.0,7.0,7.2,25.2,0.0,1.67,0.0,0.0,1.51,0.0,0.0,6.83,0.0,0.0,0.46,0.0,0.0,9.25,0.0,0.0,-3.27,0.0,-0.8355152623,,4443.76095,0.22786295,194.4355,0.0,0.0,99.861534,0.450496541,83.8986527,73.0769185,75.0,False
2026-05-09 15:30:00,0.0,,81.0,76.13,78.14,50.03,50.03,,10.006,0.0,0.0,,-0.4,-15.628,0.0,0.0,0.0,0.0,7.0,7.2,25.2,0.0,1.67,0.0,0.0,1.51,0.0,0.0,6.83,0.0,0.0,0.46,0.0,0.0,9.25,0.0,0.0,-3.27,0.0,-0.007269111066666667,,4444.83477,0.228047181,194.435602,0.0,0.0,99.861534,0.450605402,83.8986306,73.0769185,75.0,False
2026-05-09 16:00:00,0.0,,94.5,80.0,82.78,78.68,78.68,,0.0,0.0,0.0,,0.0,0.0,0.0,0.0,0.0,0.0,7.0,7.2,25.2,0.0,1.67,0.0,0.0,1.51,0.0,0.0,6.83,0.0,0.0,0.46,0.0,0.0,9.25,0.0,0.0,-3.27,0.0,-0.007261166733333334,,4445.95509,0.22823121,194.435703,0.0,0.0,99.861534,0.450718977,83.8986017,73.0769185,75.0,False
2026-05-09 16:30:00,0.0,,94.5,89.9,90.0,86.94,86.94,,0.0,0.0,0.0,,0.0,0.0,0.0,0.0,0.0,0.0,7.0,7.2,25.2,0.0,1.67,0.0,0.0,1.51,0.0,0.0,6.83,0.0,0.0,0.46,0.0,0.0,9.25,0.0,0.0,-3.27,0.0,-0.007263055566666667,,4447.14768,0.228415288,194.435957,0.0,0.0,99.861534,0.450839879,83.8985659,73.0769185,75.0,False
2026-05-09 17:00:00,0.0,,109.0,101.0,101.5,130.0,130.0,,0.0,0.0,0.0,,0.0,0.0,0.0,0.0,0.0,0.0,7.0,7.2,25.2,0.0,1.67,0.0,0.0,1.51,0.0,0.0,6.83,0.0,0.0,0.46,0.0,0.0,9.25,0.0,0.0,-3.27,0.0,-0.007201583300000001,,4448.3212,0.228597807,194.436007,0.0,0.0,99.861534,0.450958847,83.8985285,73.0769185,75.0,False
2026-05-09 17:30:00,0.019,,109.0,106.0,108.0,96.76,96.76,,0.0,1.83844,0.0,,0.0,0.0,0.0,0.0,0.0,0.0,7.0,7.2,25.2,0.0,1.67,0.0,0.0,1.51,0.0,0.0,6.83,0.0,0.0,0.46,0.0,0.0,9.25,0.0,0.0,-3.27,0.0,-0.0072185555,,4449.50169,0.228780756,194.43621,0.0,0.0,99.861534,0.451078522,83.8984576,73.0769185,75.0,False
2026-05-09 18:00:00,1.083,,115.3,110.5,112.2,130.0,130.0,,4.289999999999989,0.0,0.0,,0.0,0.0,2.1,116.025,0.0,0.0,7.0,7.2,25.2,0.0,1.67,0.0,0.0,1.51,0.0,0.0,6.83,0.0,0.0,0.46,0.0,0.0,9.25,0.0,0.0,-3.27,0.0,0.043981694866666664,,4450.33357,0.230142877,194.43763,0.00261487958,25.7935383,99.861534,0.451162856,83.8984282,73.0769185,75.0,False
2026-05-09 18:30:00,1.096,,115.3,115.3,115.39,130.93,130.93,,6.022780000000005,0.0,0.0,,0.0,0.0,2.1,121.065,0.0,0.0,7.0,7.2,25.2,0.0,1.67,0.0,0.0,1.51,0.0,0.0,6.83,0.0,0.0,0.46,0.0,0.0,9.25,0.0,0.0,-3.27,0.0,2.0729022166666664,,4450.33357,0.282679191,194.490548,0.108173951,1067.043,99.861534,0.451162856,83.9387353,73.0769185,75.0,False
2026-05-09 19:00:00,1.092,,120.2,114.76,118.0,140.0,140.0,,5.880000000000005,0.0,0.0,,0.0,0.0,2.1,120.498,0.0,0.0,7.0,8.42,29.47,0.0,2.45,0.0,0.0,0.01,0.0,0.0,6.7,0.0,0.0,-4.12,0.0,0.0,18.52,0.0,0.0,-16.58,0.0,2.1010579333333332,,4450.33357,0.335929092,194.544127,0.215077586,2121.55542,99.861534,0.451162856,83.986491,73.0769185,75.0,False
2026-05-09 19:30:00,0.622,,120.2,118.14,116.22,157.9,157.9,,-67.58120000000001,0.0,0.0,,0.0,0.0,2.1,124.04700000000001,0.0,0.0,7.0,8.42,29.47,0.0,2.45,0.0,0.0,0.01,0.0,0.0,6.7,0.0,0.0,-4.12,0.0,0.0,18.52,0.0,0.0,-16.58,0.0,2.09701611,,4450.33357,0.389076557,194.597654,0.321743585,3173.72377,99.861534,0.451162856,84.0341289,73.0769185,75.0,False
2026-05-09 20:00:00,0.084,,115.4,117.07,117.4,157.9,157.9,,-10.421400000000004,0.0,0.0,,0.2,11.740000000000002,0.1,5.8535,0.0,0.0,7.0,8.42,29.47,0.0,2.45,0.0,0.0,0.01,0.0,0.0,6.7,0.0,0.0,-4.12,0.0,0.0,18.52,0.0,0.0,-16.58,0.0,1.1805241266666666,,4450.33357,0.418996147,194.627914,0.381776572,3765.89755,99.861534,0.451162856,84.067776,73.0769185,75.0,False
2026-05-09 20:30:00,0.012,,115.4,115.9,115.99,174.0,174.0,,-128.412,0.0,0.0,,1.5,86.99249999999999,0.0,0.0,0.0,0.0,7.0,8.42,29.47,0.0,2.45,0.0,0.0,0.01,0.0,0.0,6.7,0.0,0.0,-4.12,0.0,0.0,18.52,0.0,0.0,-16.58,0.0,0.15425305433333333,,4450.33357,0.422905587,194.632071,0.389919938,3846.22486,99.861534,0.451162856,84.072193,73.0769185,75.0,False
2026-05-09 21:00:00,0.0,,110.62,117.83,117.13,174.0,174.0,,0.0,0.0,0.0,,0.0,0.0,0.0,0.0,0.0,0.0,7.0,8.42,29.47,0.0,2.45,0.0,0.0,0.01,0.0,0.0,6.7,0.0,0.0,-4.12,0.0,0.0,18.52,0.0,0.0,-16.58,0.0,0.017540416666666666,,4451.13432,0.423600865,194.632882,0.391143376,3858.29302,99.861534,0.451244033,84.0731069,73.0769185,75.0,False
2026-05-09 21:30:00,0.0,,110.62,115.59,113.86,169.36,169.36,,0.0,0.0,0.0,,0.0,0.0,0.0,0.0,0.0,0.0,7.0,8.42,29.47,0.0,2.45,0.0,0.0,0.01,0.0,0.0,6.7,0.0,0.0,-4.12,0.0,0.0,18.52,0.0,0.0,-16.58,0.0,-0.0074367499,,4452.33358,0.423789343,194.633085,0.391143376,3858.29302,99.861534,0.451365611,84.0730649,73.0769185,75.0,False
2026-05-09 22:00:00,0.0,,103.48,113.0,112.85,135.78,135.78,,0.0,0.0,0.0,,0.0,0.0,0.0,0.0,0.0,0.0,7.0,8.42,29.47,0.0,2.45,0.0,0.0,0.01,0.0,0.0,6.7,0.0,0.0,-4.12,0.0,0.0,18.52,0.0,0.0,-16.58,0.0,-0.007353583433333334,,4453.6256,0.423975716,194.633186,0.391143376,3858.29302,99.861534,0.451496593,84.0730304,73.0769185,75.0,False
2026-05-09 22:30:00,0.0,,103.48,106.26,107.75,85.42,85.42,,0.0,0.0,0.0,,0.0,0.0,0.0,0.0,0.0,0.0,7.0,8.42,29.47,0.0,2.45,0.0,0.0,0.01,0.0,0.0,6.7,0.0,0.0,-4.12,0.0,0.0,18.52,0.0,0.0,-16.58,0.0,-0.0073868611,,4454.95931,0.42416293,194.633389,0.391143376,3858.29302,99.861534,0.451631801,84.0729755,73.0769185,75.0,False
2026-05-09 23:00:00,0.0,,103.91,103.86,107.0,144.0,144.0,,0.0,0.0,0.0,,0.0,0.0,0.0,0.0,0.0,0.0,7.0,2.06,7.21,0.0,1.34,0.0,0.0,0.33,0.0,0.0,5.13,0.0,0.0,-2.49,0.0,0.0,15.24,0.0,0.0,-12.31,0.0,-0.007239833366666667,,4456.35921,0.424346419,194.633541,0.391143376,3858.29302,99.861534,0.451773719,84.0729379,73.0769185,75.0,False
2026-05-09 23:30:00,0.0,,103.91,107.0,108.0,86.58,86.58,,0.0,0.0,0.0,,0.0,0.0,0.0,0.0,0.0,0.0,7.0,2.06,7.21,0.0,1.34,0.0,0.0,0.33,0.0,0.0,5.13,0.0,0.0,-2.49,0.0,0.0,15.24,0.0,0.0,-12.31,0.0,-0.007356888833333334,,4457.68513,0.424532874,194.633744,0.391143376,3858.29302,99.861534,0.451908137,84.0729066,73.0769185,75.0,False
2026-05-10 00:00:00,0.0,,100.5,101.69,108.14,83.5,83.5,,0.0,0.0,0.0,,0.0,0.0,0.0,0.0,0.0,0.0,7.0,2.06,7.21,0.0,1.34,0.0,0.0,0.33,0.0,0.0,5.13,0.0,0.0,-2.49,0.0,0.0,15.24,0.0,0.0,-12.31,0.0,-0.007358416666666666,,4459.04115,0.424719369,194.633896,0.391143376,3858.29302,99.861534,0.452045607,84.072879,73.0769185,75.0,False
2026-05-10 00:30:00,0.0,,100.5,98.34,104.25,84.18,84.18,,0.0,0.0,0.0,,0.0,0.0,0.0,0.0,0.0,0.0,7.0,2.06,7.21,0.0,1.34,0.0,0.0,0.33,0.0,0.0,5.13,0.0,0.0,-2.49,0.0,0.0,15.24,0.0,0.0,-12.31,0.0,-0.007347777866666666,,1.38847445,0.000186224493,194.634099,0.0,0.0,99.861534,0.000140759808,84.0728331,73.0769185,75.0,False
2026-05-10 01:00:00,0.0,,99.19,100.62,103.0,113.67,113.67,,0.0,0.0,0.0,,0.0,0.0,0.0,0.0,0.0,0.0,7.0,2.06,7.21,0.0,1.34,0.0,0.0,0.33,0.0,0.0,5.13,0.0,0.0,-2.49,0.0,0.0,15.24,0.0,0.0,-12.31,0.0,-0.0073757777333333325,,2.76248603,0.000373158623,194.634251,0.0,0.0,99.861534,0.000280053409,84.0728056,73.0769185,75.0,False
2026-05-10 01:30:00,0.0,,99.19,99.5,103.0,98.16,98.16,,0.0,0.0,0.0,,0.0,0.0,0.0,0.0,0.0,0.0,7.0,2.06,7.21,0.0,1.34,0.0,0.0,0.33,0.0,0.0,5.13,0.0,0.0,-2.49,0.0,0.0,15.24,0.0,0.0,-12.31,0.0,-0.0074431945,,4.26579873,0.00056180139,194.634403,0.0,0.0,99.861534,0.000432455209,84.0727825,73.0769185,75.0,False
2026-05-10 02:00:00,0.0,,98.0,98.36,100.34,82.4,82.4,,0.0,0.0,0.0,,0.0,0.0,0.0,0.0,0.0,0.0,7.0,2.06,7.21,0.0,1.34,0.0,0.0,0.33,0.0,0.0,5.13,0.0,0.0,-2.49,0.0,0.0,15.24,0.0,0.0,-12.31,0.0,-0.0073539443999999995,,5.66800978,0.00074818217,194.634555,0.0,0.0,99.861534,0.000574607597,84.0727397,73.0769185,75.0,False
2026-05-10 02:30:00,0.0,,98.0,97.0,96.8,116.97,116.97,,0.0,0.0,0.0,,0.0,0.0,0.0,0.0,0.0,0.0,7.0,2.06,7.21,0.0,1.34,0.0,0.0,0.33,0.0,0.0,5.13,0.0,0.0,-2.49,0.0,0.0,15.24,0.0,0.0,-12.31,0.0,-0.0073818889,,7.03632122,0.00093527118,194.634758,0.0,0.0,99.861534,0.000713323333,84.0727167,73.0769185,75.0,False
2026-05-10 03:00:00,0.0,,91.07,100.0,99.5,82.4,82.4,,0.0,0.0,0.0,,0.0,0.0,0.0,0.0,0.0,0.0,7.0,2,7,0.0,2.45,0.0,0.0,0.74,0.0,0.0,6.13,0.0,0.0,-2.9,0.0,0.0,19.11,0.0,0.0,-8.63,0.0,-0.0073891388,,8.48463708,0.00112254394,194.634859,0.0,0.0,99.861534,0.000860149702,84.0726801,73.0769185,75.0,False
2026-05-10 03:30:00,0.0,,91.07,100.0,99.0,86.2,86.2,,0.0,0.0,0.0,,0.0,0.0,0.0,0.0,0.0,0.0,7.0,2,7,0.0,2.45,0.0,0.0,0.74,0.0,0.0,6.13,0.0,0.0,-2.9,0.0,0.0,19.11,0.0,0.0,-8.63,0.0,-0.007401222166666666,,10.0323909,0.00131012294,194.635113,0.0,0.0,99.861534,0.00101705682,84.0726601,73.0769185,75.0,False
2026-05-10 04:00:00,0.0,,87.3,101.1,101.63,86.81,86.81,,0.0,0.0,0.0,,0.0,0.0,0.0,0.0,0.0,0.0,7.0,2,7,0.0,2.45,0.0,0.0,0.74,0.0,0.0,6.13,0.0,0.0,-2.9,0.0,0.0,19.11,0.0,0.0,-8.63,0.0,-0.0073493890000000004,,11.3976509,0.00149638826,194.635214,0.0,0.0,99.861534,0.00115546321,84.0726128,73.0769185,75.0,False
2026-05-10 04:30:00,0.0,,87.3,100.82,98.8,66.79,66.79,,0.0,0.0,0.0,,0.0,0.0,0.0,0.0,0.0,0.0,7.0,2,7,0.0,2.45,0.0,0.0,0.74,0.0,0.0,6.13,0.0,0.0,-2.9,0.0,0.0,19.11,0.0,0.0,-8.63,0.0,-0.007372194433333333,,12.7713332,0.00168323158,194.635417,0.0,0.0,99.861534,0.00129472343,84.0725731,73.0769185,75.0,False
2026-05-10 05:00:00,0.0,,84.0,101.51,99.3,60.77,60.77,,0.0,0.0,0.0,,0.0,0.0,0.0,0.0,0.0,0.0,7.0,2,7,0.0,2.45,0.0,0.0,0.74,0.0,0.0,6.13,0.0,0.0,-2.9,0.0,0.0,19.11,0.0,0.0,-8.63,0.0,-0.0073924444,,14.2908628,0.00187058812,194.63562,0.0,0.0,99.861534,0.00144876926,84.0725372,73.0769185,75.0,False
2026-05-10 05:30:00,0.0,,84.0,98.03,99.19,54.39,54.39,,0.0,0.0,0.0,,0.0,0.0,0.0,0.0,0.0,0.0,7.0,2,7,0.0,2.45,0.0,0.0,0.74,0.0,0.0,6.13,0.0,0.0,-2.9,0.0,0.0,19.11,0.0,0.0,-8.63,0.0,-0.0073808889,,15.7695872,0.00205765178,194.635671,0.0,0.0,99.861534,0.00159867836,84.0724982,73.0769185,75.0,False
2026-05-10 06:00:00,0.0,,71.78,93.0,94.13,50.0,50.0,,0.0,0.0,0.0,,0.0,0.0,0.0,0.0,0.0,0.0,7.0,2,7,0.0,2.45,0.0,0.0,0.74,0.0,0.0,6.13,0.0,0.0,-2.9,0.0,0.0,19.11,0.0,0.0,-8.63,0.0,-0.0074315834,,17.1229529,0.00224600027,194.635923,0.0,0.0,99.861534,0.00173587894,84.0724737,73.0769185,75.0,False
2026-05-10 06:30:00,0.0,,71.78,98.12,101.27,41.82,41.82,,0.0,0.0,0.0,,0.0,0.0,0.0,0.0,0.0,0.0,7.0,2,7,0.0,2.45,0.0,0.0,0.74,0.0,0.0,6.13,0.0,0.0,-2.9,0.0,0.0,19.11,0.0,0.0,-8.63,0.0,-0.0073794166999999996,,18.5060033,0.00243302663,194.636076,0.0,0.0,99.861534,0.00187608887,84.0724347,73.0769185,75.0,False
2026-05-10 07:00:00,0.0,,69.0,79.3,77.0,24.0,24.0,,0.0,0.0,0.0,,0.0,0.0,0.0,0.0,0.0,0.0,7.0,6.14,21.49,0.0,2.45,0.0,0.0,0.01,0.0,0.0,5.33,0.0,0.0,-2.17,0.0,0.0,14.07,0.0,0.0,-10.7,0.0,-0.007388861066666666,,19.8435474,0.00262029235,194.636228,0.0,0.0,99.861534,0.0020116855,84.0723927,73.0769185,75.0,False
2026-05-10 07:30:00,0.0,,69.0,78.7,74.0,30.76,30.76,,0.0,0.0,0.0,,0.0,0.0,0.0,0.0,0.0,0.0,7.0,6.14,21.49,0.0,2.45,0.0,0.0,0.01,0.0,0.0,5.33,0.0,0.0,-2.17,0.0,0.0,14.07,0.0,0.0,-10.7,0.0,-0.007337138866666666,,21.1416511,0.00280624721,194.636481,0.0,0.0,99.861534,0.00214328376,84.0723392,73.0769185,75.0,False
2026-05-10 08:00:00,0.0,,69.03,76.24,70.0,19.91,19.91,,0.0,0.0,0.0,,0.0,0.0,0.0,0.0,0.0,0.0,7.0,6.14,21.49,0.0,2.45,0.0,0.0,0.01,0.0,0.0,5.33,0.0,0.0,-2.17,0.0,0.0,14.07,0.0,0.0,-10.7,0.0,-0.007373083366666667,,22.4585894,0.00299311305,194.636532,0.0,0.0,99.861534,0.00227679143,84.0722629,73.0769185,75.0,False
2026-05-10 08:30:00,0.0,,69.03,78.2,71.2,42.07,42.07,,0.0,0.0,0.0,,0.0,0.0,0.0,0.0,0.0,0.0,7.0,6.14,21.49,0.0,2.45,0.0,0.0,0.01,0.0,0.0,5.33,0.0,0.0,-2.17,0.0,0.0,14.07,0.0,0.0,-10.7,0.0,-0.007336833333333334,,23.8416064,0.00317906016,194.636786,0.0,0.0,99.861534,0.00241699797,84.0722208,73.0769185,75.0,False
2026-05-10 09:00:00,0.0,,76.58,79.0,75.0,112.0,112.0,,0.0,0.0,0.0,,0.0,0.0,0.0,0.0,0.0,0.0,7.0,6.14,21.49,0.0,2.45,0.0,0.0,0.01,0.0,0.0,5.33,0.0,0.0,-2.17,0.0,0.0,14.07,0.0,0.0,-10.7,0.0,-0.007276222266666667,,25.2256293,0.00336347113,194.636887,0.0,0.0,99.861534,0.0025573065,84.0721742,73.0769185,75.0,False
2026-05-10 09:30:00,0.0,,76.58,72.75,70.0,6.0,6.0,,0.0,0.0,0.0,,0.0,0.0,0.0,0.0,0.0,0.0,7.0,6.14,21.49,0.0,2.45,0.0,0.0,0.01,0.0,0.0,5.33,0.0,0.0,-2.17,0.0,0.0,14.07,0.0,0.0,-10.7,0.0,-0.007324166666666666,,26.5079518,0.0035490972,194.63709,0.0,0.0,99.861534,0.0026873049,84.0721404,73.0769185,75.0,False
2026-05-10 10:00:00,0.0,,74.07,69.18,70.58,6.0,6.0,,0.0,0.0,0.0,,0.0,0.0,0.0,0.0,0.0,0.0,7.0,6.14,21.49,0.0,2.45,0.0,0.0,0.01,0.0,0.0,5.33,0.0,0.0,-2.17,0.0,0.0,14.07,0.0,0.0,-10.7,0.0,-0.007323111100000001,,27.8625269,0.00373469654,194.637191,0.0,0.0,99.861534,0.00282462809,84.072125,73.0769185,75.0,False
2026-05-10 10:30:00,0.0,,74.07,70.0,69.7,0.0,0.0,,0.0,0.0,0.0,,0.0,0.0,0.0,0.0,0.0,0.0,7.0,6.14,21.49,0.0,2.45,0.0,0.0,0.01,0.0,0.0,5.33,0.0,0.0,-2.17,0.0,0.0,14.07,0.0,0.0,-10.7,0.0,-0.007331888833333334,,29.1242349,0.00392051833,194.637444,0.0,0.0,99.861534,0.00295253665,84.072102,73.0769185,75.0,False
2026-05-10 11:00:00,0.0,,65.8,69.27,70.0,3.02,3.02,,0.0,0.0,0.0,,0.0,0.0,0.0,0.0,0.0,0.0,7.0,4,14,0.0,1.13,0.0,0.0,2.35,0.0,0.0,4.01,0.0,0.0,1.78,0.0,0.0,12.17,0.0,0.0,-8.04,0.0,-0.007360499966666666,,30.4223003,0.00410706526,194.637597,0.0,0.0,99.861534,0.00308413103,84.072082,73.0769185,75.0,False
2026-05-10 11:30:00,-0.017,,65.8,69.28,66.51,21.66,21.66,,0.0,-0.36822000000000005,0.0,,0.0,0.0,0.0,0.0,0.0,0.0,7.0,4,14,0.0,1.13,0.0,0.0,2.35,0.0,0.0,4.01,0.0,0.0,1.78,0.0,0.0,12.17,0.0,0.0,-8.04,0.0,-0.007280916566666667,,31.7107537,0.0042915952,194.637748,0.0,0.0,99.861534,0.00321475098,84.0720787,73.0769185,75.0,False
2026-05-10 12:00:00,-0.841,,64.83,73.65,70.99,3.03,3.03,,0.6332700000000002,0.0,0.0,,0.0,0.0,-2.1,-77.33250000000001,0.0,0.0,7.0,4,14,0.0,1.13,0.0,0.0,2.35,0.0,0.0,4.01,0.0,0.0,1.78,0.0,0.0,12.17,0.0,0.0,-8.04,0.0,-0.05431349776666666,,56.9677694,0.0056681343,194.639117,0.0,0.0,99.861534,0.00577523934,84.0720207,73.0769185,75.0,False
2026-05-10 12:30:00,-0.824,,64.83,70.54,70.55,25.96,25.96,,5.866960000000002,0.0,0.0,,0.0,0.0,-2.1,-74.06700000000001,0.0,0.0,7.0,4,14,0.0,1.13,0.0,0.0,2.35,0.0,0.0,4.01,0.0,0.0,1.78,0.0,0.0,12.17,0.0,0.0,-8.04,0.0,-1.6441206800000001,,877.556269,0.0473372681,194.680935,0.0,0.0,99.861534,0.0889642958,84.0451556,73.0769185,75.0,False
2026-05-10 13:00:00,-0.794,,60.31,68.47,65.0,20.9,20.9,,5.3504,0.0,0.0,,-2.1,-68.25,0.0,0.0,0.0,0.0,7.0,4,14,0.0,1.13,0.0,0.0,2.35,0.0,0.0,4.01,0.0,0.0,1.78,0.0,0.0,12.17,0.0,0.0,-8.04,0.0,-1.6080827,,1679.86399,0.0880930435,194.721841,0.0,0.0,99.861534,0.170300096,84.014392,73.0769185,75.0,False
2026-05-10 13:30:00,-0.799,,60.31,64.73,64.0,3.09,3.09,,0.77559,0.0,0.0,,0.0,0.0,-2.1,-67.96650000000001,0.0,0.0,7.0,4,14,0.0,1.13,0.0,0.0,2.35,0.0,0.0,4.01,0.0,0.0,1.78,0.0,0.0,12.17,0.0,0.0,-8.04,0.0,-1.5505926733333333,,2453.19147,0.127391773,194.761175,0.0,0.0,99.861534,0.248697957,83.9849558,73.0769185,75.0,False
2026-05-10 14:00:00,-0.775,,58.39,64.91,65.8,-1.0,-1.0,,-0.275,0.0,0.0,,0.0,0.0,-2.1,-68.1555,0.0,0.0,7.0,4,14,0.0,1.13,0.0,0.0,2.35,0.0,0.0,4.01,0.0,0.0,1.78,0.0,0.0,12.17,0.0,0.0,-8.04,0.0,-1.5588309933333333,,3230.65544,0.166899297,194.800713,0.0,0.0,99.861534,0.327515165,83.955358,73.0769185,75.0,False
2026-05-10 14:30:00,-0.702,,58.39,63.0,64.0,-1.0,-1.0,,-0.14800000000000002,0.0,0.0,,0.0,0.0,-1.7,-53.55,0.0,0.0,7.0,4,14,0.0,1.13,0.0,0.0,2.35,0.0,0.0,4.01,0.0,0.0,1.78,0.0,0.0,12.17,0.0,0.0,-8.04,0.0,-1.5092288566666667,,3983.1709,0.205149688,194.839033,0.0,0.0,99.861534,0.40380316,83.9261717,73.0769185,75.0,False
2026-05-10 15:00:00,-0.027,,61.52,63.7,70.22,-1.0,-1.0,,-0.373,0.0,0.0,,-0.8,-28.088,0.0,0.0,0.0,0.0,7.0,7.2,25.2,0.0,2.34,0.0,0.0,5.25,0.0,0.0,7.11,0.0,0.0,3.89,0.0,0.0,16.44,0.0,0.0,-1.1,0.0,-1.3571043099999998,,4663.78097,0.239544585,194.8734,0.0,0.0,99.861534,0.472801579,83.8993521,73.0769185,75.0,False
2026-05-10 15:30:00,0.0,,61.52,68.47,69.28,-7.0,-7.0,,-1.4000000000000001,0.0,0.0,,-0.4,-13.856000000000002,0.0,0.0,0.0,0.0,7.0,7.2,25.2,0.0,2.34,0.0,0.0,5.25,0.0,0.0,7.11,0.0,0.0,3.89,0.0,0.0,16.44,0.0,0.0,-1.1,0.0,-0.05571602773333333,,4689.06301,0.24095667,194.874769,0.0,0.0,99.861534,0.475364605,83.8950848,73.0769185,75.0,False
2026-05-10 16:00:00,0.0,,80.01,71.85,79.68,-15.0,-15.0,,-1.5,0.0,0.0,,0.0,0.0,-0.2,-7.185,0.0,0.0,7.0,7.2,25.2,0.0,2.34,0.0,0.0,5.25,0.0,0.0,7.11,0.0,0.0,3.89,0.0,0.0,16.44,0.0,0.0,-1.1,0.0,-0.007277916633333333,,4690.2928,0.241141124,194.874921,0.0,0.0,99.861534,0.475489277,83.895068,73.0769185,75.0,False
2026-05-10 16:30:00,0.0,,80.01,80.06,80.5,-13.9,-13.9,,-0.6950000000000001,0.0,0.0,,0.0,0.0,-0.1,-4.003,0.0,0.0,7.0,7.2,25.2,0.0,2.34,0.0,0.0,5.25,0.0,0.0,7.11,0.0,0.0,3.89,0.0,0.0,16.44,0.0,0.0,-1.1,0.0,-0.007275583366666667,,4691.51563,0.241325519,194.875124,0.0,0.0,99.861534,0.475613245,83.8950695,73.0769185,75.0,False
2026-05-10 17:00:00,0.0,,100.54,96.68,97.83,111.45,111.45,,0.0,0.0,0.0,,0.0,0.0,0.0,0.0,0.0,0.0,7.0,7.2,25.2,0.0,2.34,0.0,0.0,5.25,0.0,0.0,7.11,0.0,0.0,3.89,0.0,0.0,16.44,0.0,0.0,-1.1,0.0,-0.007262166633333333,,4692.77623,0.241509574,194.875275,0.0,0.0,99.861534,0.475741041,83.8950572,73.0769185,75.0,False
2026-05-10 17:30:00,0.0,,100.54,104.97,106.43,115.0,115.0,,0.0,0.0,0.0,,0.0,0.0,0.0,0.0,0.0,0.0,7.0,7.2,25.2,0.0,2.34,0.0,0.0,5.25,0.0,0.0,7.11,0.0,0.0,3.89,0.0,0.0,16.44,0.0,0.0,-1.1,0.0,-0.00729525,,4694.00355,0.241694467,194.875428,0.0,0.0,99.861534,0.475865463,83.8950405,73.0769185,75.0,False
2026-05-10 18:00:00,0.0,,110.57,106.93,110.57,119.0,119.0,,0.0,0.0,0.0,,0.0,0.0,0.0,0.0,0.0,0.0,7.0,7.2,25.2,0.0,2.34,0.0,0.0,5.25,0.0,0.0,7.11,0.0,0.0,3.89,0.0,0.0,16.44,0.0,0.0,-1.1,0.0,-0.007266555533333333,,4695.2485,0.241878633,194.875529,0.0,0.0,99.861534,0.475991673,83.895013,73.0769185,75.0,False
2026-05-10 18:30:00,0.005,,110.57,110.93,109.95,120.99,120.99,,0.0,0.60495,0.0,,0.0,0.0,0.0,0.0,0.0,0.0,7.0,7.2,25.2,0.0,2.34,0.0,0.0,5.25,0.0,0.0,7.11,0.0,0.0,3.89,0.0,0.0,16.44,0.0,0.0,-1.1,0.0,-0.0073022501,,4696.44801,0.242063704,194.875782,0.0,0.0,99.861534,0.476113276,83.8950008,73.0769185,75.0,False
2026-05-10 19:00:00,0.327,,111.9,117.18,112.39,117.98,117.98,,3.1854599999999964,0.0,0.0,,2.1,118.0095,-1.5,-87.885,0.0,0.0,7.0,9.23,32.305,0.0,2.05,0.0,0.0,0.73,0.0,0.0,5.57,0.0,0.0,-2.49,0.0,0.0,21.38,0.0,0.0,-12.87,0.0,0.0077491106,,4697.25364,0.242567797,194.876238,0.000735201244,7.252128,99.861534,0.476194949,83.8949824,73.0769185,75.0,False
2026-05-10 19:30:00,0.913,,111.9,120.0,112.7,124.0,124.0,,-16.988,0.0,0.0,,0.0,0.0,2.1,126.0,0.0,0.0,7.0,9.23,32.305,0.0,2.05,0.0,0.0,0.73,0.0,0.0,5.57,0.0,0.0,-2.49,0.0,0.0,21.38,0.0,0.0,-12.87,0.0,0.6365610633333333,,4697.25364,0.258701009,194.892764,0.0332714535,328.194275,99.861534,0.476194949,83.9067392,73.0769185,75.0,False
2026-05-10 20:00:00,0.936,,113.99,117.16,113.9,119.0,119.0,,-13.565999999999999,0.0,0.0,,2.1,119.59500000000001,0.0,0.0,0.0,0.0,7.0,9.23,32.305,0.0,2.05,0.0,0.0,0.73,0.0,0.0,5.57,0.0,0.0,-2.49,0.0,0.0,21.38,0.0,0.0,-12.87,0.0,1.7640719666666669,,4697.25364,0.303410228,194.937775,0.122819492,1211.50866,99.861534,0.476194949,83.9429992,73.0769185,75.0,False
2026-05-10 20:30:00,0.98,,113.99,118.0,113.6,113.6,113.6,,-7.952000000000007,0.0,0.0,,2.1,119.28,0.0,0.0,0.0,0.0,7.0,9.23,32.305,0.0,2.05,0.0,0.0,0.73,0.0,0.0,5.57,0.0,0.0,-2.49,0.0,0.0,21.38,0.0,0.0,-12.87,0.0,1.8094423466666667,,4697.25364,0.349269328,194.983952,0.214631097,2117.15119,99.861534,0.476194949,83.9835512,73.0769185,75.0,False
2026-05-10 21:00:00,0.705,,112.9,116.0,113.65,127.94,127.94,,-44.13930000000001,0.0,0.0,,0.0,0.0,2.1,121.80000000000001,0.0,0.0,7.0,9.23,32.305,0.0,2.05,0.0,0.0,0.73,0.0,0.0,5.57,0.0,0.0,-2.49,0.0,0.0,21.38,0.0,0.0,-12.87,0.0,1.8932716366666666,,4697.25364,0.397253025,195.032309,0.31065973,3064.39107,99.861534,0.476194949,84.0263213,73.0769185,75.0,False
2026-05-10 21:30:00,0.082,,112.9,115.0,110.6,44.87,44.87,,-29.97316,0.0,0.0,,0.0,0.0,1.5,86.25,0.0,0.0,7.0,9.23,32.305,0.0,2.05,0.0,0.0,0.73,0.0,0.0,5.57,0.0,0.0,-2.49,0.0,0.0,21.38,0.0,0.0,-12.87,0.0,1.35712765,,4697.25364,0.431648513,195.06698,0.379468911,3743.13446,99.861534,0.476194949,84.06257,73.0769185,75.0,False
2026-05-10 22:00:00,0.0,,104.1,116.1,112.5,121.04,121.04,,0.0,0.0,0.0,,0.0,0.0,0.0,0.0,0.0,0.0,7.0,9.23,32.305,0.0,2.05,0.0,0.0,0.73,0.0,0.0,5.57,0.0,0.0,-2.49,0.0,0.0,21.38,0.0,0.0,-12.87,0.0,0.1462994976666667,,4697.25364,0.435356377,195.071035,0.387092872,3818.33828,99.861534,0.476194949,84.0673095,73.0769185,75.0,False
2026-05-10 22:30:00,0.0,,104.1,108.1,105.0,80.04,80.04,,0.0,0.0,0.0,,0.0,0.0,0.0,0.0,0.0,0.0,7.0,9.23,32.305,0.0,2.05,0.0,0.0,0.73,0.0,0.0,5.57,0.0,0.0,-2.49,0.0,0.0,21.38,0.0,0.0,-12.87,0.0,-0.007398305599999999,,4698.51869,0.435543882,195.071137,0.387092872,3818.33828,99.861534,0.476323196,84.0675003,73.0769185,75.0,False
2026-05-10 23:00:00,0.0,,99.2,97.7,98.0,109.95,109.95,,0.0,0.0,0.0,,0.0,0.0,0.0,0.0,0.0,0.0,7.0,2.3,8.049999999999999,0.0,0.71,0.0,0.0,0.7,0.0,0.0,4.31,0.0,0.0,-2.43,0.0,0.0,14.99,0.0,0.0,-11.64,0.0,-0.007477944433333334,,4699.83539,0.435733405,195.07134,0.387092872,3818.33828,99.861534,0.476456679,84.067453,73.0769185,75.0,False
2026-05-10 23:30:00,0.0,,99.2,91.2,90.0,81.82,81.82,,0.0,0.0,0.0,,0.0,0.0,0.0,0.0,0.0,0.0,7.0,2.3,8.049999999999999,0.0,0.71,0.0,0.0,0.7,0.0,0.0,4.31,0.0,0.0,-2.43,0.0,0.0,14.99,0.0,0.0,-11.64,0.0,-0.007436916666666667,,4701.12223,0.435921889,195.071542,0.387092872,3818.33828,99.861534,0.476587136,84.0674196,73.0769185,75.0,False
2026-05-11 00:00:00,0.0,,96.4,89.65,91.69,97.03,97.03,,0.0,0.0,0.0,,0.0,0.0,0.0,0.0,0.0,0.0,7.0,2.3,8.049999999999999,0.0,0.71,0.0,0.0,0.7,0.0,0.0,4.31,0.0,0.0,-2.43,0.0,0.0,14.99,0.0,0.0,-11.64,0.0,-0.0073497222,,4702.4197,0.436108163,195.071593,0.387092872,3818.33828,99.861534,0.47671867,84.0673861,73.0769185,75.0,False
2026-05-11 00:30:00,0.0,,96.4,88.94,89.33,77.2,77.2,,0.0,0.0,0.0,,0.0,0.0,0.0,0.0,0.0,0.0,7.0,2.3,8.049999999999999,0.0,0.71,0.0,0.0,0.7,0.0,0.0,4.31,0.0,0.0,-2.43,0.0,0.0,14.99,0.0,0.0,-11.64,0.0,-0.007352944400000001,,1.32765603,0.000186355435,195.071846,0.0,0.0,99.861534,0.0001345942,84.0673527,73.0769185,75.0,False
2026-05-11 01:00:00,0.0,,95.0,89.38,87.63,92.09,92.09,,0.0,0.0,0.0,,0.0,0.0,0.0,0.0,0.0,0.0,7.0,2.3,8.049999999999999,0.0,0.71,0.0,0.0,0.7,0.0,0.0,4.31,0.0,0.0,-2.43,0.0,0.0,14.99,0.0,0.0,-11.64,0.0,-0.0073739721999999995,,2.64666488,0.000373243806,195.0721,0.0,0.0,99.861534,0.000268311772,84.067313,73.0769185,75.0,False
2026-05-11 01:30:00,0.0,,95.0,89.4,86.99,114.9,114.9,,0.0,0.0,0.0,,0.0,0.0,0.0,0.0,0.0,0.0,7.0,2.3,8.049999999999999,0.0,0.71,0.0,0.0,0.7,0.0,0.0,4.31,0.0,0.0,-2.43,0.0,0.0,14.99,0.0,0.0,-11.64,0.0,-0.0073763888000000005,,3.9448458,0.000560193425,195.07215,0.0,0.0,99.861534,0.000399917864,84.0672727,73.0769185,75.0,False
2026-05-11 02:00:00,-0.012,,92.5,88.75,89.37,81.78,81.78,,0.0,-0.98136,0.0,,0.0,0.0,0.0,0.0,0.0,0.0,7.0,2.3,8.049999999999999,0.0,0.71,0.0,0.0,0.7,0.0,0.0,4.31,0.0,0.0,-2.43,0.0,0.0,14.99,0.0,0.0,-11.64,0.0,-0.007417944466666666,,5.25458142,0.00074819624,195.072404,0.0,0.0,99.861534,0.000532695341,84.0672369,73.0769185,75.0,False
2026-05-11 02:30:00,-0.599,,92.5,86.2,87.92,77.2,77.2,,15.517200000000006,0.0,0.0,,-1.6,-70.336,0.0,0.0,0.0,0.0,7.0,2.3,8.049999999999999,0.0,0.71,0.0,0.0,0.7,0.0,0.0,4.31,0.0,0.0,-2.43,0.0,0.0,14.99,0.0,0.0,-11.64,0.0,-0.03934041606666667,,22.8677865,0.00174525264,195.073265,0.0,0.0,99.861534,0.00231827473,84.06717,73.0769185,75.0,False
2026-05-11 03:00:00,-0.78,,91.0,86.2,89.11,77.2,77.2,,20.844,0.0,0.0,,0.0,0.0,-2.1,-90.51,0.0,0.0,7.0,1.4,4.8999999999999995,0.0,1.35,0.0,0.0,1.45,0.0,0.0,5.3,0.0,0.0,0.41,0.0,0.0,16.11,0.0,0.0,-7.84,0.0,-1.1707182533333333,,603.821586,0.0314163202,195.10302,0.0,0.0,99.861534,0.0612138094,84.0483362,73.0769185,75.0,False
2026-05-11 03:30:00,-0.777,,91.0,88.26,86.71,81.78,81.78,,22.325940000000003,0.0,0.0,,0.0,0.0,-2.1,-92.67300000000002,0.0,0.0,7.0,1.4,4.8999999999999995,0.0,1.35,0.0,0.0,1.45,0.0,0.0,5.3,0.0,0.0,0.41,0.0,0.0,16.11,0.0,0.0,-7.84,0.0,-1.5191868566666666,,1358.75482,0.0699190905,195.141543,0.0,0.0,99.861534,0.137746912,84.0206629,73.0769185,75.0,False
2026-05-11 04:00:00,-0.017,,91.75,90.68,94.83,114.95,114.95,,0.0,-1.9541500000000003,0.0,,0.0,0.0,0.0,0.0,0.0,0.0,7.0,1.4,4.8999999999999995,0.0,1.35,0.0,0.0,1.45,0.0,0.0,5.3,0.0,0.0,0.41,0.0,0.0,16.11,0.0,0.0,-7.84,0.0,-1.5020467966666669,,2104.94344,0.107987456,195.17961,0.0,0.0,99.861534,0.213393508,83.9916315,73.0769185,75.0,False
2026-05-11 04:30:00,-0.774,,91.75,90.0,92.0,77.2,77.2,,21.3072,0.0,0.0,,0.0,0.0,-2.1,-94.5,0.0,0.0,7.0,1.4,4.8999999999999995,0.0,1.35,0.0,0.0,1.45,0.0,0.0,5.3,0.0,0.0,0.41,0.0,0.0,16.11,0.0,0.0,-7.84,0.0,-0.05335239126666667,,2129.81655,0.109339638,195.180979,0.0,0.0,99.861534,0.215915077,83.9874167,73.0769185,75.0,False
2026-05-11 05:00:00,0.0,,99.9,88.29,88.18,77.14,77.14,,0.0,0.0,0.0,,0.0,0.0,0.0,0.0,0.0,0.0,7.0,1.4,4.8999999999999995,0.0,1.35,0.0,0.0,1.45,0.0,0.0,5.3,0.0,0.0,0.41,0.0,0.0,16.11,0.0,0.0,-7.84,0.0,-1.4958364666666668,,2872.75615,0.147250608,195.219097,0.0,0.0,99.861534,0.291232297,83.9623939,73.0769185,75.0,False
2026-05-11 05:30:00,0.0,,99.9,92.4,82.0,77.13,77.13,,0.0,0.0,0.0,,0.0,0.0,0.0,0.0,0.0,0.0,7.0,1.4,4.8999999999999995,0.0,1.35,0.0,0.0,1.45,0.0,0.0,5.3,0.0,0.0,0.41,0.0,0.0,16.11,0.0,0.0,-7.84,0.0,-0.0073860278,,2874.06882,0.147437801,195.219198,0.0,0.0,99.861534,0.291365372,83.9583873,73.0769185,75.0,False
2026-05-11 06:00:00,0.0,,108.5,94.93,98.0,82.0,82.0,,0.0,0.0,0.0,,0.0,0.0,0.0,0.0,0.0,0.0,7.0,1.4,4.8999999999999995,0.0,1.35,0.0,0.0,1.45,0.0,0.0,5.3,0.0,0.0,0.41,0.0,0.0,16.11,0.0,0.0,-7.84,0.0,-0.0073481111,,2875.42748,0.147624035,195.219401,0.0,0.0,99.861534,0.291503109,83.9583599,73.0769185,75.0,False
2026-05-11 06:30:00,0.0,,108.5,120.0,119.76,129.6,129.6,,0.0,0.0,0.0,,0.0,0.0,0.0,0.0,0.0,0.0,7.0,1.4,4.8999999999999995,0.0,1.35,0.0,0.0,1.45,0.0,0.0,5.3,0.0,0.0,0.41,0.0,0.0,16.11,0.0,0.0,-7.84,0.0,-0.007454305633333334,,2876.77564,0.147812959,195.219503,0.0,0.0,99.861534,0.291639782,83.9583022,73.0769185,75.0,False
2026-05-11 07:00:00,0.018,,114.99,126.2,122.23,130.0,130.0,,0.0,2.34,0.0,,0.0,0.0,0.0,0.0,0.0,0.0,7.0,8.82,30.87,0.0,1.88,0.0,0.0,0.1,0.0,0.0,5.4,0.0,0.0,-4.36,0.0,0.0,16.41,0.0,0.0,-17.38,0.0,-0.007418472233333333,,2878.05475,0.148000975,195.219705,0.0,0.0,99.861534,0.291769455,83.9582686,73.0769185,75.0,False
2026-05-11 07:30:00,0.901,,114.99,129.5,125.51,141.0,141.0,,-21.009000000000004,0.0,0.0,,2.1,131.7855,0.0,0.0,0.0,0.0,7.0,8.82,30.87,0.0,1.88,0.0,0.0,0.1,0.0,0.0,5.4,0.0,0.0,-4.36,0.0,0.0,16.41,0.0,0.0,-17.38,0.0,0.041862084433333335,,2878.90402,0.149312798,195.221175,0.00249283939,24.5897167,99.861534,0.291855552,83.9582719,73.0769185,75.0,False
2026-05-11 08:00:00,0.0,,108.71,123.0,119.82,127.5,127.5,,0.0,0.0,0.0,,0.0,0.0,0.0,0.0,0.0,0.0,7.0,8.82,30.87,0.0,1.88,0.0,0.0,0.1,0.0,0.0,5.4,0.0,0.0,-4.36,0.0,0.0,16.41,0.0,0.0,-17.38,0.0,1.7309853833333335,,2878.90402,0.19318346,195.265325,0.0902613558,890.35065,99.861534,0.291855552,83.9927001,73.0769185,75.0,False
2026-05-11 08:30:00,0.0,,108.71,120.0,115.7,125.0,125.0,,0.0,0.0,0.0,,0.0,0.0,0.0,0.0,0.0,0.0,7.0,8.82,30.87,0.0,1.88,0.0,0.0,0.1,0.0,0.0,5.4,0.0,0.0,-4.36,0.0,0.0,16.41,0.0,0.0,-17.38,0.0,-0.007329777766666667,,2880.05342,0.193369228,195.265477,0.0902613558,890.35065,99.861534,0.291972075,83.9983793,73.0769185,75.0,False
2026-05-11 09:00:00,0.0,,102.0,119.39,113.0,87.43,87.43,,0.0,0.0,0.0,,0.0,0.0,0.0,0.0,0.0,0.0,7.0,8.82,30.87,0.0,1.88,0.0,0.0,0.1,0.0,0.0,5.4,0.0,0.0,-4.36,0.0,0.0,16.41,0.0,0.0,-17.38,0.0,-0.0073495001,,2881.17622,0.193555496,195.26568,0.0902613558,890.35065,99.861534,0.292085901,83.998342,73.0769185,75.0,False
2026-05-11 09:30:00,0.0,,102.0,116.0,110.0,114.57,114.57,,0.0,0.0,0.0,,0.0,0.0,0.0,0.0,0.0,0.0,7.0,8.82,30.87,0.0,1.88,0.0,0.0,0.1,0.0,0.0,5.4,0.0,0.0,-4.36,0.0,0.0,16.41,0.0,0.0,-17.38,0.0,-0.007317999933333333,,2882.29604,0.193740966,195.265781,0.0902613558,890.35065,99.861534,0.292199425,83.9982977,73.0769185,75.0,False
2026-05-11 10:00:00,0.0,,98.44,111.99,104.15,112.9,112.9,,0.0,0.0,0.0,,0.0,0.0,0.0,0.0,0.0,0.0,7.0,8.82,30.87,0.0,1.88,0.0,0.0,0.1,0.0,0.0,5.4,0.0,0.0,-4.36,0.0,0.0,16.41,0.0,0.0,-17.38,0.0,-0.006646055533333334,,2883.05926,0.193909405,195.266034,0.0902613558,890.35065,99.861534,0.292276799,83.9982746,73.0769185,75.0,False
2026-05-11 10:30:00,0.0,,98.44,110.05,106.11,145.0,145.0,,0.0,0.0,0.0,,0.0,0.0,0.0,0.0,0.0,0.0,7.0,8.82,30.87,0.0,1.88,0.0,0.0,0.1,0.0,0.0,5.4,0.0,0.0,-4.36,0.0,0.0,16.41,0.0,0.0,-17.38,0.0,-0.007320694466666666,,2884.21983,0.194094943,195.266186,0.0902613558,890.35065,99.861534,0.292394454,83.9982245,73.0769185,75.0,False
2026-05-11 11:00:00,-0.002,,96.8,102.03,100.54,139.0,139.0,,0.0,-0.278,0.0,,0.0,0.0,0.0,0.0,0.0,0.0,7.0,4.15,14.525000000000002,0.0,1.05,0.0,0.0,0.89,0.0,0.0,4.02,0.0,0.0,-2.43,0.0,0.0,13.38,0.0,0.0,-12.71,0.0,-0.0073405278,,2885.29337,0.194280985,195.266339,0.0902613558,890.35065,99.861534,0.292503287,83.9981961,73.0769185,75.0,False
2026-05-11 11:30:00,-0.185,,96.8,99.19,97.61,141.0,141.0,,-26.085,0.0,0.0,,0.0,0.0,0.0,0.0,0.0,0.0,7.0,4.15,14.525000000000002,0.0,1.05,0.0,0.0,0.89,0.0,0.0,4.02,0.0,0.0,-2.43,0.0,0.0,13.38,0.0,0.0,-12.71,0.0,-0.0044204722,,2888.64753,0.194393018,195.26639,0.0902613558,890.35065,99.861534,0.292843322,83.998127,55.12820033333333,55.25,False
2026-05-11 12:00:00,-0.424,,94.54,96.48,94.0,149.22,149.22,,-63.269279999999995,0.0,0.0,,0.0,0.0,0.0,0.0,0.0,0.0,7.0,4.15,14.525000000000002,0.0,1.05,0.0,0.0,0.89,0.0,0.0,4.02,0.0,0.0,-2.43,0.0,0.0,13.38,0.0,0.0,-12.71,0.0,-0.3678999097333333,,3072.41354,0.203717194,195.275716,0.0902613558,890.35065,99.861534,0.311473027,83.9942508,76.16879616666667,73.00694466666666,False
2026-05-11 12:30:00,-0.053,,94.54,93.65,93.34,148.5,148.5,,0.0,-7.8705,0.0,,0.0,0.0,0.0,0.0,0.0,0.0,7.0,4.15,14.525000000000002,0.0,1.05,0.0,0.0,0.89,0.0,0.0,4.02,0.0,0.0,-2.43,0.0,0.0,13.38,0.0,0.0,-12.71,0.0,-0.8232951656666666,,3483.19952,0.224583057,195.296549,0.0902613558,890.35065,99.861534,0.353117405,83.9783778,76.92307,75.0,False
2026-05-11 13:00:00,-0.099,,90.96,92.0,92.0,134.51,134.51,,0.0,-13.31649,0.0,,0.0,0.0,0.0,0.0,0.0,0.0,7.0,4.15,14.525000000000002,0.0,1.05,0.0,0.0,0.89,0.0,0.0,4.02,0.0,0.0,-2.43,0.0,0.0,13.38,0.0,0.0,-12.71,0.0,-0.10291816799999999,,3544.40054,0.229138692,195.301263,0.0915499042,903.061072,99.861534,0.3593218,83.9741148,92.8034095,65.215278,False
2026-05-11 13:30:00,-0.302,,90.96,90.77,92.12,126.68,126.68,,-38.25736,0.0,0.0,,-2.1,-96.72600000000001,2.1,95.3085,0.0,0.0,7.0,4.15,14.525000000000002,0.0,1.05,0.0,0.0,0.89,0.0,0.0,4.02,0.0,0.0,-2.43,0.0,0.0,13.38,0.0,0.0,-12.71,0.0,-0.19865539433333335,,3641.93411,0.234173479,195.306331,0.0915499042,903.061072,99.861534,0.369209491,83.9709377,97.86537500000001,72.45833333333333,False
2026-05-11 14:00:00,-1.062,,87.88,89.11,90.96,133.0,133.0,,-1.5960000000000014,0.0,0.0,,-2.1,-95.508,0.0,0.0,0.0,0.0,7.0,4.15,14.525000000000002,0.0,1.05,0.0,0.0,0.89,0.0,0.0,4.02,0.0,0.0,-2.43,0.0,0.0,13.38,0.0,0.0,-12.71,0.0,-0.6076906910000001,,3943.49354,0.249574991,195.321741,0.0915499042,903.061072,99.861534,0.399780776,83.9620761,99.99998999999998,75.0,False
2026-05-11 14:30:00,-1.052,,87.88,87.31,90.5,134.85,134.85,,-0.2697000000000002,0.0,0.0,,-2.1,-95.025,0.0,0.0,0.0,0.0,7.0,4.15,14.525000000000002,0.0,1.05,0.0,0.0,0.89,0.0,0.0,4.02,0.0,0.0,-2.43,0.0,0.0,13.38,0.0,0.0,-12.71,0.0,-2.0617247933333336,,4975.17441,0.301828021,195.374204,0.0915499042,903.061072,99.861534,0.504369809,83.9263153,99.99998999999998,92.25694466666666,False
2026-05-11 15:00:00,-1.061,,87.8,88.12,91.57,119.95,119.95,,-1.3194499999999878,0.0,0.0,,-2.1,-96.1485,0.0,0.0,0.0,0.0,7.0,8,28,0.0,1.2,0.0,0.0,1.37,0.0,0.0,9.6,0.0,0.0,-0.37,0.0,0.0,16.83,0.0,0.0,-6.57,0.0,-2.04371915,,5994.99886,0.353624709,195.426261,0.0915499042,903.061072,99.861534,0.607756871,83.887626,99.99998999999998,100.0,False
2026-05-11 15:30:00,-0.497,,87.8,90.94,91.91,119.95,119.95,,0.35985000000000034,0.0,0.0,,-1.0,-45.955,0.0,0.0,0.0,0.0,7.0,8,28,0.0,1.2,0.0,0.0,1.37,0.0,0.0,9.6,0.0,0.0,-0.37,0.0,0.0,16.83,0.0,0.0,-6.57,0.0,-2.0520821799999998,,7018.72867,0.405633353,195.478369,0.0915499042,903.061072,99.861534,0.711539847,83.8484391,99.99998999999998,100.0,False
2026-05-11 16:00:00,-0.254,,95.2,90.85,92.12,90.14,90.14,,-0.3605600000000003,0.0,0.0,,-0.5,-23.03,0.0,0.0,0.0,0.0,7.0,8,28,0.0,1.2,0.0,0.0,1.37,0.0,0.0,9.6,0.0,0.0,-0.37,0.0,0.0,16.83,0.0,0.0,-6.57,0.0,-0.9711890066666666,,7500.93929,0.430247486,195.503207,0.0915499042,903.061072,99.861534,0.760425064,83.8270746,99.99998999999998,100.0,False
2026-05-11 16:30:00,-0.077,,95.2,95.0,100.16,82.5,82.5,,1.8975000000000006,0.0,0.0,,0.0,0.0,-0.2,-9.5,0.0,0.0,7.0,8,28,0.0,1.2,0.0,0.0,1.37,0.0,0.0,9.6,0.0,0.0,-0.37,0.0,0.0,16.83,0.0,0.0,-6.57,0.0,-0.4994179966666666,,7747.55778,0.4429049,195.515828,0.0915499042,903.061072,99.861534,0.785426584,83.8162811,99.99998999999998,100.0,False
2026-05-11 17:00:00,1.079,,107.83,101.53,102.68,82.05,82.05,,2.3794499999999927,0.0,0.0,,2.1,107.81400000000001,0.0,0.0,0.0,0.0,7.0,8,28,0.0,1.2,0.0,0.0,1.37,0.0,0.0,9.6,0.0,0.0,-0.37,0.0,0.0,16.83,0.0,0.0,-6.57,0.0,-0.13870941966666667,,7815.78569,0.44660004,195.522671,0.0917240052,904.778429,99.861534,0.792343346,83.811703,99.99998999999998,100.0,False
2026-05-11 17:30:00,1.083,,107.83,110.03,112.46,82.75,82.75,,2.7307499999999933,0.0,0.0,,2.1,118.083,0.0,0.0,0.0,0.0,7.0,8,28,0.0,1.2,0.0,0.0,1.37,0.0,0.0,9.6,0.0,0.0,-0.37,0.0,0.0,16.83,0.0,0.0,-6.57,0.0,2.0996062666666666,,7815.78569,0.49981315,195.576097,0.198172275,1954.79906,99.861534,0.792343346,83.8519184,99.99998999999998,100.0,False
2026-05-11 18:00:00,1.067,,116.07,111.5,114.25,82.75,82.75,,1.4067499999999922,0.0,0.0,,0.0,0.0,2.1,117.075,0.0,0.0,7.0,8,28,0.0,1.2,0.0,0.0,1.37,0.0,0.0,9.6,0.0,0.0,-0.37,0.0,0.0,16.83,0.0,0.0,-6.57,0.0,2.1083944433333333,,7815.78569,0.55324899,195.629776,0.305037771,3008.93528,99.861534,0.792343346,83.8993405,99.99998999999998,100.0,False
2026-05-11 18:30:00,1.043,,116.07,116.5,118.54,82.75,82.75,,-0.5792500000000097,0.0,0.0,,0.0,0.0,2.1,122.325,0.0,0.0,7.0,8,28,0.0,1.2,0.0,0.0,1.37,0.0,0.0,9.6,0.0,0.0,-0.37,0.0,0.0,16.83,0.0,0.0,-6.57,0.0,2.1117436233333335,,7815.78569,0.606769713,195.683456,0.412069244,4064.70871,99.861534,0.792343346,83.9468796,99.99998999999998,100.0,False
2026-05-11 19:00:00,0.0,,120.37,117.98,120.0,120.0,120.0,,0.0,0.0,0.0,,0.0,0.0,0.0,0.0,0.0,0.0,7.0,10.09,35.315,0.0,2.45,0.0,0.0,0.2,0.0,0.0,5.85,0.0,0.0,-3.63,0.0,0.0,18.99,0.0,0.0,-10.41,0.0,2.04922745,,7815.78569,0.658706006,195.735512,0.515834984,5088.2685,99.861534,0.792343346,83.9943646,99.99998999999998,100.0,False
2026-05-11 19:30:00,0.004,,120.37,120.02,121.0,120.0,120.0,,0.0,0.48,0.0,,0.0,0.0,0.0,0.0,0.0,0.0,7.0,10.09,35.315,0.0,2.45,0.0,0.0,0.2,0.0,0.0,5.85,0.0,0.0,-3.63,0.0,0.0,18.99,0.0,0.0,-10.41,0.0,-0.0050704722666666665,,7815.81704,0.658834514,195.735715,0.515835789,5088.27644,99.861534,0.792346524,84.0008523,99.99998999999998,100.0,False
2026-05-11 20:00:00,0.214,,121.6,117.5,115.36,125.0,125.0,,1.749999999999998,0.0,0.0,,0.0,0.0,0.4,23.5,0.0,0.0,7.0,10.09,35.315,0.0,2.45,0.0,0.0,0.2,0.0,0.0,5.85,0.0,0.0,-3.63,0.0,0.0,18.99,0.0,0.0,-10.41,0.0,0.006987888833333333,,7815.82549,0.659182247,195.736375,0.51646287,5094.46205,99.861534,0.792347381,84.0007504,99.99998999999998,100.0,False
2026-05-11 20:30:00,0.742,,121.6,119.3,116.0,125.0,125.0,,-1.0000000000000009,0.0,0.0,,0.0,0.0,1.5,89.475,0.0,0.0,7.0,10.09,35.315,0.0,2.45,0.0,0.0,0.2,0.0,0.0,5.85,0.0,0.0,-3.63,0.0,0.0,18.99,0.0,0.0,-10.41,0.0,0.42575252,,7815.82549,0.669972658,195.747221,0.538442734,5311.27451,99.861534,0.792347381,84.0085413,99.99998999999998,100.0,False
2026-05-11 21:00:00,0.0,,120.0,120.01,117.01,135.0,135.0,,0.0,0.0,0.0,,0.0,0.0,0.0,0.0,0.0,0.0,7.0,10.09,35.315,0.0,2.45,0.0,0.0,0.2,0.0,0.0,5.85,0.0,0.0,-3.63,0.0,0.0,18.99,0.0,0.0,-10.41,0.0,1.4555747200000002,,7815.82549,0.706863221,195.784224,0.612268104,6039.4983,99.861534,0.792347381,84.0388969,99.99998999999998,100.0,False
2026-05-11 21:30:00,0.0,,120.0,116.87,115.0,111.85,111.85,,0.0,0.0,0.0,,0.0,0.0,0.0,0.0,0.0,0.0,7.0,10.09,35.315,0.0,2.45,0.0,0.0,0.2,0.0,0.0,5.85,0.0,0.0,-3.63,0.0,0.0,18.99,0.0,0.0,-10.41,0.0,-0.005066166666666667,,7815.8389,0.70699162,195.784377,0.612269324,6039.51033,99.861534,0.79234874,84.0434232,99.99998999999998,100.0,False
2026-05-11 22:00:00,0.0,,106.0,110.7,107.36,105.6,105.6,,0.0,0.0,0.0,,0.0,0.0,0.0,0.0,0.0,0.0,7.0,10.09,35.315,0.0,2.45,0.0,0.0,0.2,0.0,0.0,5.85,0.0,0.0,-3.63,0.0,0.0,18.99,0.0,0.0,-10.41,0.0,-0.005065916633333333,,7815.8389,0.707120013,195.78463,0.612273415,6039.55068,99.861534,0.79234874,84.0432724,99.99998999999998,100.0,False
2026-05-11 22:30:00,0.0,,106.0,96.3,92.5,109.07,109.07,,0.0,0.0,0.0,,0.0,0.0,0.0,0.0,0.0,0.0,7.0,10.09,35.315,0.0,2.45,0.0,0.0,0.2,0.0,0.0,5.85,0.0,0.0,-3.63,0.0,0.0,18.99,0.0,0.0,-10.41,0.0,-0.005101527733333333,,7815.8389,0.707249307,195.784934,0.61227544,6039.57066,99.861534,0.79234874,84.0430724,99.99998999999998,100.0,False
2026-05-11 23:00:00,0.0,,104.0,108.21,104.0,89.19,89.19,,0.0,0.0,0.0,,0.0,0.0,0.0,0.0,0.0,0.0,7.0,2,7,0.0,1.22,0.0,0.0,0.01,0.0,0.0,4.34,0.0,0.0,-1.65,0.0,0.0,14.37,0.0,0.0,-12.39,0.0,-0.0049965833,,7815.8389,0.707375942,195.785137,0.612279491,6039.61062,99.861534,0.79234874,84.0428876,99.99998999999998,100.0,False
2026-05-11 23:30:00,0.0,,104.0,105.86,99.08,89.92,89.92,,0.0,0.0,0.0,,0.0,0.0,0.0,0.0,0.0,0.0,7.0,2,7,0.0,1.22,0.0,0.0,0.01,0.0,0.0,4.34,0.0,0.0,-1.65,0.0,0.0,14.37,0.0,0.0,-12.39,0.0,-0.004994166699999999,,7815.89111,0.707502516,195.785339,0.612279491,6039.61062,99.861534,0.792354033,84.042698,99.99998999999998,100.0,False
2026-05-12 00:00:00,0.0,,100.13,105.86,100.07,88.03,88.03,,0.0,0.0,0.0,,0.0,0.0,0.0,0.0,0.0,0.0,7.0,2,7,0.0,1.22,0.0,0.0,0.01,0.0,0.0,4.34,0.0,0.0,-1.65,0.0,0.0,14.37,0.0,0.0,-12.39,0.0,-0.004973250033333334,,7815.90371,0.70762856,195.785644,0.612280421,6039.61979,99.861534,0.79235531,84.0425011,99.99998999999998,100.0,False
2026-05-12 00:30:00,0.0,,100.13,101.86,99.36,82.5,82.5,,0.0,0.0,0.0,,0.0,0.0,0.0,0.0,0.0,0.0,7.0,2,7,0.0,1.22,0.0,0.0,0.01,0.0,0.0,4.34,0.0,0.0,-1.65,0.0,0.0,14.37,0.0,0.0,-12.39,0.0,-0.0050275833333333336,,0.037297564,0.000127420721,195.785796,0.0,0.0,99.861534,3.78112679e-06,84.0422905,99.99998999999998,100.0,False
2026-05-12 01:00:00,0.0,,95.3,99.84,97.82,82.5,82.5,,0.0,0.0,0.0,,0.0,0.0,0.0,0.0,0.0,0.0,7.0,2,7,0.0,1.22,0.0,0.0,0.01,0.0,0.0,4.34,0.0,0.0,-1.65,0.0,0.0,14.37,0.0,0.0,-12.39,0.0,-0.005028166733333333,,0.0794663693,0.000254856228,195.786151,0.0,0.0,99.861534,8.05608693e-06,84.0421016,99.99998999999998,100.0,False
2026-05-12 01:30:00,0.0,,95.3,98.41,100.9,119.6,119.6,,0.0,0.0,0.0,,0.0,0.0,0.0,0.0,0.0,0.0,7.0,2,7,0.0,1.22,0.0,0.0,0.01,0.0,0.0,4.34,0.0,0.0,-1.65,0.0,0.0,14.37,0.0,0.0,-12.39,0.0,-0.005025638966666667,,0.128836184,0.00038222767,195.786303,0.0,0.0,99.861534,1.3061066e-05,84.0419128,99.99998999999998,100.0,False
2026-05-12 02:00:00,0.0,,92.73,100.65,102.01,119.6,119.6,,0.0,0.0,0.0,,0.0,0.0,0.0,0.0,0.0,0.0,7.0,2,7,0.0,1.22,0.0,0.0,0.01,0.0,0.0,4.34,0.0,0.0,-1.65,0.0,0.0,14.37,0.0,0.0,-12.39,0.0,-0.004999138900000001,,0.160339798,0.00050892749,195.786607,6.03850632e-07,0.00595646717,99.861534,1.62548178e-05,84.0416824,99.99998999999998,100.0,False
2026-05-12 02:30:00,0.0,,92.73,93.29,97.75,82.0,82.0,,0.0,0.0,0.0,,0.0,0.0,0.0,0.0,0.0,0.0,7.0,2,7,0.0,1.22,0.0,0.0,0.01,0.0,0.0,4.34,0.0,0.0,-1.65,0.0,0.0,14.37,0.0,0.0,-12.39,0.0,-0.005017805566666667,,0.163201752,0.000636100395,195.78686,9.37924357e-07,0.00925181717,99.861534,1.6544955e-05,84.0414656,99.99998999999998,100.0,False
2026-05-12 03:00:00,0.0,,87.0,88.6,92.97,69.68,69.68,,0.0,0.0,0.0,,0.0,0.0,0.0,0.0,0.0,0.0,7.0,2,7,0.0,2.45,0.0,0.0,1.77,0.0,0.0,5.58,0.0,0.0,0.0,0.0,0.0,16.59,0.0,0.0,-7.85,0.0,-0.0050203334,,0.225712324,0.000763337375,195.786962,9.37924357e-07,0.00925181717,99.861534,2.28821087e-05,84.0412503,99.99998999999998,100.0,False
2026-05-12 03:30:00,0.0,,87.0,84.09,90.09,82.0,82.0,,0.0,0.0,0.0,,0.0,0.0,0.0,0.0,0.0,0.0,7.0,2,7,0.0,2.45,0.0,0.0,1.77,0.0,0.0,5.58,0.0,0.0,0.0,0.0,0.0,16.59,0.0,0.0,-7.85,0.0,-0.005026111133333333,,0.235881687,0.000890720785,195.787367,1.96964668e-06,0.0194288706,99.861534,2.39130514e-05,84.0410362,99.99998999999998,100.0,False
2026-05-12 04:00:00,0.0,,87.14,85.27,93.55,62.08,62.08,,0.0,0.0,0.0,,0.0,0.0,0.0,0.0,0.0,0.0,7.0,2,7,0.0,2.45,0.0,0.0,1.77,0.0,0.0,5.58,0.0,0.0,0.0,0.0,0.0,16.59,0.0,0.0,-7.85,0.0,-0.005064666733333333,,0.257265384,0.00101908136,195.78757,1.98749752e-06,0.0196049538,99.861534,2.60808731e-05,84.0408238,99.99998999999998,100.0,False
2026-05-12 04:30:00,0.0,,87.14,85.89,88.8,105.0,105.0,,0.0,0.0,0.0,,0.0,0.0,0.0,0.0,0.0,0.0,7.0,2,7,0.0,2.45,0.0,0.0,1.77,0.0,0.0,5.58,0.0,0.0,0.0,0.0,0.0,16.59,0.0,0.0,-7.85,0.0,-0.005062360966666666,,0.337427877,0.0011473835,195.787824,1.98749752e-06,0.0196049538,99.861534,3.42075312e-05,84.0406083,99.99998999999998,100.0,False
2026-05-12 05:00:00,0.0,,99.39,96.9,94.01,106.51,106.51,,0.0,0.0,0.0,,0.0,0.0,0.0,0.0,0.0,0.0,7.0,2,7,0.0,2.45,0.0,0.0,1.77,0.0,0.0,5.58,0.0,0.0,0.0,0.0,0.0,16.59,0.0,0.0,-7.85,0.0,-0.0050597499666666665,,0.38101554,0.00127561946,195.788026,1.98749752e-06,0.0196049538,99.861534,3.86263313e-05,84.0404139,99.99998999999998,100.0,False
2026-05-12 05:30:00,0.0,,99.39,97.57,95.99,110.0,110.0,,0.0,0.0,0.0,,0.0,0.0,0.0,0.0,0.0,0.0,7.0,2,7,0.0,2.45,0.0,0.0,1.77,0.0,0.0,5.58,0.0,0.0,0.0,0.0,0.0,16.59,0.0,0.0,-7.85,0.0,-0.0050198611,,0.494627995,0.00140284446,195.78828,1.98749752e-06,0.0196049538,99.861534,5.01440567e-05,84.0402362,99.99998999999998,100.0,False
2026-05-12 06:00:00,0.0,,114.0,104.56,103.06,116.48,116.48,,0.0,0.0,0.0,,0.0,0.0,0.0,0.0,0.0,0.0,7.0,2,7,0.0,2.45,0.0,0.0,1.77,0.0,0.0,5.58,0.0,0.0,0.0,0.0,0.0,16.59,0.0,0.0,-7.85,0.0,-0.005019444433333333,,0.662493501,0.00153005891,195.788533,1.98749752e-06,0.0196049538,99.861534,6.71618105e-05,84.0400526,99.99998999999998,100.0,False
2026-05-12 06:30:00,0.0,,114.0,106.5,108.8,142.5,142.5,,0.0,0.0,0.0,,0.0,0.0,0.0,0.0,0.0,0.0,7.0,2,7,0.0,2.45,0.0,0.0,1.77,0.0,0.0,5.58,0.0,0.0,0.0,0.0,0.0,16.59,0.0,0.0,-7.85,0.0,-0.005003305566666667,,0.717805966,0.00165686433,195.788736,1.98749752e-06,0.0196049538,99.861534,7.27692395e-05,84.0398977,99.99998999999998,100.0,False
2026-05-12 07:00:00,0.0,,116.9,106.5,106.56,135.0,135.0,,0.0,0.0,0.0,,0.0,0.0,0.0,0.0,0.0,0.0,7.0,5.8,20.3,0.0,4.46,0.0,0.0,0.96,0.0,0.0,8.13,0.0,0.0,-2.96,0.0,0.0,15.87,0.0,0.0,-11.39,0.0,-0.0049966111,,0.717805966,0.00178350008,195.788939,8.72147733e-06,0.0860298734,99.861534,7.27692395e-05,84.0397695,99.99998999999998,100.0,False
2026-05-12 07:30:00,0.0,,116.9,101.5,110.0,120.06,120.06,,0.0,0.0,0.0,,0.0,0.0,0.0,0.0,0.0,0.0,7.0,5.8,20.3,0.0,4.46,0.0,0.0,0.96,0.0,0.0,8.13,0.0,0.0,-2.96,0.0,0.0,15.87,0.0,0.0,-11.39,0.0,-0.005028666633333333,,0.717805966,0.00191094826,195.789293,1.67011399e-05,0.164742382,99.861534,7.27692395e-05,84.0396187,99.99998999999998,100.0,False
2026-05-12 08:00:00,0.0,,107.31,92.2,93.36,120.04,120.04,,0.0,0.0,0.0,,0.0,0.0,0.0,0.0,0.0,0.0,7.0,5.8,20.3,0.0,4.46,0.0,0.0,0.96,0.0,0.0,8.13,0.0,0.0,-2.96,0.0,0.0,15.87,0.0,0.0,-11.39,0.0,-0.0050387222,,0.717805966,0.00203865128,195.789547,2.91623237e-05,0.287661244,99.861534,7.27692395e-05,84.0394682,99.99998999999998,100.0,False
2026-05-12 08:30:00,0.0,,107.31,74.4,86.61,56.56,56.56,,0.0,0.0,0.0,,0.0,0.0,0.0,0.0,0.0,0.0,7.0,5.8,20.3,0.0,4.46,0.0,0.0,0.96,0.0,0.0,8.13,0.0,0.0,-2.96,0.0,0.0,15.87,0.0,0.0,-11.39,0.0,-0.00500775,,0.717805966,0.00216556934,195.789801,4.57170722e-05,0.450959601,99.861534,7.27692395e-05,84.039366,99.99998999999998,100.0,False
2026-05-12 09:00:00,0.0,,87.0,73.2,80.0,51.39,51.39,,0.0,0.0,0.0,,0.0,0.0,0.0,0.0,0.0,0.0,7.0,5.8,20.3,0.0,4.46,0.0,0.0,0.96,0.0,0.0,8.13,0.0,0.0,-2.96,0.0,0.0,15.87,0.0,0.0,-11.39,0.0,-0.004998416766666666,,0.717805966,0.00229225086,195.790053,7.5135752e-05,0.741149577,99.861534,7.27692395e-05,84.0392839,99.99998999999998,100.0,False
2026-05-12 09:30:00,0.0,,87.0,67.0,75.01,63.94,63.94,,0.0,0.0,0.0,,0.0,0.0,0.0,0.0,0.0,0.0,7.0,5.8,20.3,0.0,4.46,0.0,0.0,0.96,0.0,0.0,8.13,0.0,0.0,-2.96,0.0,0.0,15.87,0.0,0.0,-11.39,0.0,-0.005083361066666667,,0.717805966,0.00242108522,195.790206,9.92280292e-05,0.978799172,99.861534,7.27692395e-05,84.0391487,99.99998999999998,100.0,False
2026-05-12 10:00:00,0.0,,72.42,80.56,82.58,67.0,67.0,,0.0,0.0,0.0,,0.0,0.0,0.0,0.0,0.0,0.0,7.0,5.8,20.3,0.0,4.46,0.0,0.0,0.96,0.0,0.0,8.13,0.0,0.0,-2.96,0.0,0.0,15.87,0.0,0.0,-11.39,0.0,-0.006277111166666666,,1.04884185,0.00258017439,195.79051,9.98680586e-05,0.985112512,99.861534,0.000106328768,84.0391055,99.99998999999998,100.0,False
2026-05-12 10:30:00,0.0,,72.42,80.0,78.0,25.0,25.0,,0.0,0.0,0.0,,0.0,0.0,0.0,0.0,0.0,0.0,7.0,5.8,20.3,0.0,4.46,0.0,0.0,0.96,0.0,0.0,8.13,0.0,0.0,-2.96,0.0,0.0,15.87,0.0,0.0,-11.39,0.0,-0.0060411112,,1.39426907,0.0027332823,195.790662,0.000110466151,1.08965358,99.861534,0.000141347251,84.0390943,99.99998999999998,100.0,False
2026-05-12 11:00:00,0.0,,68.0,79.71,78.0,40.88,40.88,,0.0,0.0,0.0,,0.0,0.0,0.0,0.0,0.0,0.0,7.0,3.17,11.094999999999999,0.0,1.98,0.0,0.0,3.54,0.0,0.0,4.65,0.0,0.0,1.05,0.0,0.0,13.43,0.0,0.0,-5.04,0.0,-0.0057292498999999995,,1.69984335,0.00287848629,195.790916,0.000124265362,1.22577093,99.861534,0.00017232555,84.0390964,99.99998999999998,100.0,False
2026-05-12 11:30:00,-0.016,,68.0,76.97,77.74,89.68,89.68,,0.0,-1.4348800000000002,0.0,,0.0,0.0,0.0,0.0,0.0,0.0,7.0,3.17,11.094999999999999,0.0,1.98,0.0,0.0,3.54,0.0,0.0,4.65,0.0,0.0,1.05,0.0,0.0,13.43,0.0,0.0,-5.04,0.0,-0.006216861066666667,,2.103007,0.00303604845,195.79122,0.000125303026,1.23600659,99.861534,0.000213197197,84.0390909,99.99998999999998,100.0,False
2026-05-12 12:00:00,-0.684,,65.3,73.96,78.0,40.2,40.2,,-1.3668000000000013,0.0,0.0,,-2.1,-81.9,0.8,29.584,0.0,0.0,7.0,3.17,11.094999999999999,0.0,1.98,0.0,0.0,3.54,0.0,0.0,4.65,0.0,0.0,1.05,0.0,0.0,13.43,0.0,0.0,-5.04,0.0,-0.04599619363333333,,22.7926116,0.00420179107,195.792589,0.000137596157,1.35726776,99.861534,0.0023106537,84.039019,99.99998999999998,100.0,False
2026-05-12 12:30:00,-1.094,,65.3,67.6,74.01,69.99,69.99,,-3.0795600000000025,0.0,0.0,,-2.1,-77.71050000000001,0.0,0.0,0.0,0.0,7.0,3.17,11.094999999999999,0.0,1.98,0.0,0.0,3.54,0.0,0.0,4.65,0.0,0.0,1.05,0.0,0.0,13.43,0.0,0.0,-5.04,0.0,-1.32993472,,685.209745,0.0379080929,195.8266,0.000137596157,1.35726776,99.861534,0.0694647222,84.0177924,99.99998999999998,100.0,False
2026-05-12 13:00:00,-1.079,,62.07,71.05,70.3,95.12,95.12,,-2.758479999999992,0.0,0.0,,0.0,0.0,-2.1,-74.6025,0.0,0.0,7.0,3.17,11.094999999999999,0.0,1.98,0.0,0.0,3.54,0.0,0.0,4.65,0.0,0.0,1.05,0.0,0.0,13.43,0.0,0.0,-5.04,0.0,-2.1161061333333335,,1741.80728,0.091539381,195.880431,0.000137596157,1.35726776,99.861534,0.17657974,83.9799095,99.99998999999998,100.0,False
2026-05-12 13:30:00,-1.092,,62.07,66.63,64.99,100.0,100.0,,-4.200000000000004,0.0,0.0,,0.0,0.0,-2.1,-69.9615,0.0,0.0,7.0,3.17,11.094999999999999,0.0,1.98,0.0,0.0,3.54,0.0,0.0,4.65,0.0,0.0,1.05,0.0,0.0,13.43,0.0,0.0,-5.04,0.0,-2.0854962466666667,,2783.08269,0.144394882,195.933451,0.000137596157,1.35726776,99.861534,0.282141443,83.9406027,99.99998999999998,100.0,False
2026-05-12 14:00:00,-1.091,,60.67,73.0,72.5,109.77,109.77,,-4.500569999999992,0.0,0.0,,0.0,0.0,-2.1,-76.65,0.0,0.0,7.0,3.17,11.094999999999999,0.0,1.98,0.0,0.0,3.54,0.0,0.0,4.65,0.0,0.0,1.05,0.0,0.0,13.43,0.0,0.0,-5.04,0.0,-2.1098495666666666,,3836.03093,0.197867601,195.987182,0.000137596157,1.35726776,99.861534,0.388886505,83.9009066,99.99998999999998,100.0,False
2026-05-12 14:30:00,-1.085,,60.67,72.11,69.26,112.0,112.0,,-3.919999999999991,0.0,0.0,,0.0,0.0,-2.1,-75.7155,0.0,0.0,7.0,3.17,11.094999999999999,0.0,1.98,0.0,0.0,3.54,0.0,0.0,4.65,0.0,0.0,1.05,0.0,0.0,13.43,0.0,0.0,-5.04,0.0,-2.1059788333333334,,4886.89764,0.25124222,196.040709,0.000137596157,1.35726776,99.861534,0.495420548,83.8612404,99.99998999999998,100.0,False
2026-05-12 15:00:00,-0.513,,65.9,70.36,69.93,112.0,112.0,,-1.4560000000000013,0.0,0.0,,0.0,0.0,-1.0,-35.18,0.0,0.0,7.0,7.2,25.2,0.0,1.6,0.0,0.0,3.17,0.0,0.0,8.02,0.0,0.0,3.4,0.0,0.0,18.31,0.0,0.0,-2.82,0.0,-2.0834843666666667,,5926.07699,0.304046732,196.09378,0.000137596157,1.35726776,99.861534,0.600769757,83.8215253,99.99998999999998,100.0,False
2026-05-12 15:30:00,-0.257,,65.9,69.92,67.53,112.0,112.0,,-0.7840000000000007,0.0,0.0,,0.0,0.0,-0.5,-17.48,0.0,0.0,7.0,7.2,25.2,0.0,1.6,0.0,0.0,3.17,0.0,0.0,8.02,0.0,0.0,3.4,0.0,0.0,18.31,0.0,0.0,-2.82,0.0,-0.99299822,,6419.20514,0.329213604,196.119023,0.000137596157,1.35726776,99.861534,0.650761763,83.7997784,99.99998999999998,100.0,False
2026-05-12 16:00:00,-0.101,,75.84,76.28,70.28,112.0,112.0,,-0.1120000000000001,0.0,0.0,,-0.2,-7.0280000000000005,0.0,0.0,0.0,0.0,7.0,7.2,25.2,0.0,1.6,0.0,0.0,3.17,0.0,0.0,8.02,0.0,0.0,3.4,0.0,0.0,18.31,0.0,0.0,-2.82,0.0,-0.49917375333333336,,6665.64253,0.341864827,196.131746,0.000137596157,1.35726776,99.861534,0.675744924,83.7890333,99.99998999999998,100.0,False
2026-05-12 16:30:00,-0.039,,75.84,79.33,80.2,115.0,115.0,,1.2650000000000003,0.0,0.0,,-0.1,-4.010000000000001,0.0,0.0,0.0,0.0,7.0,7.2,25.2,0.0,1.6,0.0,0.0,3.17,0.0,0.0,8.02,0.0,0.0,3.4,0.0,0.0,18.31,0.0,0.0,-2.82,0.0,-0.20103711066666666,,6763.72077,0.346959978,196.136815,0.000137596157,1.35726776,99.861534,0.685687832,83.7844834,99.99998999999998,100.0,False
2026-05-12 17:00:00,1.039,,100.4,82.0,91.58,126.14,126.14,,-1.3875400000000153,0.0,0.0,,0.0,0.0,2.1,86.10000000000001,0.0,0.0,7.0,7.2,25.2,0.0,1.6,0.0,0.0,3.17,0.0,0.0,8.02,0.0,0.0,3.4,0.0,0.0,18.31,0.0,0.0,-2.82,0.0,-0.07352536176666667,,6797.28047,0.348823428,196.140211,0.000137596157,1.35726776,99.861534,0.689090024,83.7826671,99.99998999999998,100.0,False
2026-05-12 17:30:00,1.088,,100.4,99.0,99.1,129.6,129.6,,4.924800000000004,0.0,0.0,,0.0,0.0,2.1,103.95,0.0,0.0,7.0,7.2,25.2,0.0,1.6,0.0,0.0,3.17,0.0,0.0,8.02,0.0,0.0,3.4,0.0,0.0,18.31,0.0,0.0,-2.82,0.0,2.01359962,,6797.28047,0.399856758,196.191508,0.102376225,1009.85342,99.861534,0.689090024,83.8205958,99.99998999999998,100.0,False
2026-05-12 18:00:00,1.09,,117.6,102.56,105.54,114.07,114.07,,4.562800000000004,0.0,0.0,,0.0,0.0,2.1,107.688,0.0,0.0,7.0,7.2,25.2,0.0,1.6,0.0,0.0,3.17,0.0,0.0,8.02,0.0,0.0,3.4,0.0,0.0,18.31,0.0,0.0,-2.82,0.0,2.0993205733333333,,6797.28047,0.453062627,196.244934,0.208890052,2060.52072,99.861534,0.689090024,83.8675923,99.99998999999998,100.0,False
2026-05-12 18:30:00,1.071,,117.6,113.36,113.22,85.78,85.78,,1.8013799999999922,0.0,0.0,,0.0,0.0,2.1,119.028,0.0,0.0,7.0,7.2,25.2,0.0,1.6,0.0,0.0,3.17,0.0,0.0,8.02,0.0,0.0,3.4,0.0,0.0,18.31,0.0,0.0,-2.82,0.0,2.1074287733333334,,6797.28047,0.506473993,196.298562,0.31582768,3115.36845,99.861534,0.689090024,83.9149329,99.99998999999998,100.0,False
2026-05-12 19:00:00,0.271,,126.5,118.36,118.38,148.28,148.28,,3.1138800000000026,0.0,0.0,,0.0,0.0,0.5,29.59,0.0,0.0,7.0,8.26,28.91,0.0,3.05,0.0,0.0,0.49,0.0,0.0,6.89,0.0,0.0,-1.29,0.0,0.0,19.9,0.0,0.0,-11.99,0.0,2.0589694166666668,,6797.28047,0.558657189,196.350975,0.420233855,4145.24558,99.861534,0.689090024,83.9622106,99.99998999999998,100.0,False
2026-05-12 19:30:00,0.759,,126.5,122.36,121.58,158.0,158.0,,1.4220000000000013,0.0,0.0,,0.0,0.0,1.5,91.77,0.0,0.0,7.0,8.26,28.91,0.0,3.05,0.0,0.0,0.49,0.0,0.0,6.89,0.0,0.0,-1.29,0.0,0.0,19.9,0.0,0.0,-11.99,0.0,0.52514828,,6797.28047,0.57196672,196.364306,0.447231692,4411.55602,99.861534,0.689090024,83.9785279,99.99998999999998,100.0,False
2026-05-12 20:00:00,0.0,,123.9,121.16,119.52,165.99,165.99,,0.0,0.0,0.0,,0.0,0.0,0.0,0.0,0.0,0.0,7.0,8.26,28.91,0.0,3.05,0.0,0.0,0.49,0.0,0.0,6.89,0.0,0.0,-1.29,0.0,0.0,19.9,0.0,0.0,-11.99,0.0,1.4569655,,6797.28047,0.608892532,196.401409,0.521198411,5141.17409,99.861534,0.689090024,84.0091608,99.99998999999998,100.0,False
2026-05-12 20:30:00,0.0,,123.9,122.53,121.6,167.0,167.0,,0.0,0.0,0.0,,0.0,0.0,0.0,0.0,0.0,0.0,7.0,8.26,28.91,0.0,3.05,0.0,0.0,0.49,0.0,0.0,6.89,0.0,0.0,-1.29,0.0,0.0,19.9,0.0,0.0,-11.99,0.0,-0.005024805566666666,,6797.28047,0.609019882,196.401663,0.521226977,5141.45587,99.861534,0.689090024,84.0137592,99.99998999999998,100.0,False
2026-05-12 21:00:00,0.0,,119.0,120.26,116.94,175.0,175.0,,0.0,0.0,0.0,,0.0,0.0,0.0,0.0,0.0,0.0,7.0,8.26,28.91,0.0,3.05,0.0,0.0,0.49,0.0,0.0,6.89,0.0,0.0,-1.29,0.0,0.0,19.9,0.0,0.0,-11.99,0.0,-0.005011222199999999,,6797.28047,0.609146888,196.401815,0.521252069,5141.70338,99.861534,0.689090024,84.0136619,99.99998999999998,100.0,False
2026-05-12 21:30:00,0.0,,119.0,115.42,111.2,167.0,167.0,,0.0,0.0,0.0,,0.0,0.0,0.0,0.0,0.0,0.0,7.0,8.26,28.91,0.0,3.05,0.0,0.0,0.49,0.0,0.0,6.89,0.0,0.0,-1.29,0.0,0.0,19.9,0.0,0.0,-11.99,0.0,-0.0050060278333333335,,6797.28047,0.609273762,196.402068,0.521284403,5142.02233,99.861534,0.689090024,84.0135653,99.99998999999998,100.0,False
2026-05-12 22:00:00,-0.001,,103.0,104.1,102.99,167.0,167.0,,0.0,-0.167,0.0,,0.0,0.0,0.0,0.0,0.0,0.0,7.0,8.26,28.91,0.0,3.05,0.0,0.0,0.49,0.0,0.0,6.89,0.0,0.0,-1.29,0.0,0.0,19.9,0.0,0.0,-11.99,0.0,-0.004982000066666666,,6797.28047,0.609400028,196.402322,0.521318485,5142.35852,99.861534,0.689090024,84.0134687,99.99998999999998,100.0,False
2026-05-12 22:30:00,-0.05,,103.0,95.0,93.47,85.1,85.1,,-5.904998712225051e-15,0.0,0.0,,-1.2,-56.082,1.1,52.25000000000001,0.0,0.0,7.0,8.26,28.91,0.0,3.05,0.0,0.0,0.49,0.0,0.0,6.89,0.0,0.0,-1.29,0.0,0.0,19.9,0.0,0.0,-11.99,0.0,-0.0080755555,,6798.70803,0.609604698,196.402524,0.521342415,5142.59457,99.861534,0.689234746,84.0133601,99.99998999999998,100.0,False
2026-05-12 23:00:00,0.0,,101.0,98.0,97.0,85.0,85.0,,0.0,0.0,0.0,,0.0,0.0,0.0,0.0,0.0,0.0,7.0,1.76,6.16,0.0,1.63,0.0,0.0,0.59,0.0,0.0,4.3,0.0,0.0,-2.4,0.0,0.0,15.1,0.0,0.0,-14.02,0.0,-0.10214800166666667,,6847.12019,0.61219357,196.405211,0.521342415,5142.59457,99.861534,0.694142641,84.0119765,99.99998999999998,100.0,False
2026-05-12 23:30:00,-0.022,,101.0,92.7,89.4,134.65,134.65,,0.0,-2.9623,0.0,,0.0,0.0,0.0,0.0,0.0,0.0,7.0,1.76,6.16,0.0,1.63,0.0,0.0,0.59,0.0,0.0,4.3,0.0,0.0,-2.4,0.0,0.0,15.1,0.0,0.0,-14.02,0.0,-0.005082361099999999,,6847.12019,0.612322379,196.405515,0.521370867,5142.87522,99.861534,0.694142641,84.0116422,99.99998999999998,100.0,False
2026-05-13 00:00:00,-1.085,,97.4,85.0,84.37,114.61,114.61,,-4.01134999999999,0.0,0.0,,0.0,0.0,-2.1,-89.25,0.0,0.0,7.0,1.76,6.16,0.0,1.63,0.0,0.0,0.59,0.0,0.0,4.3,0.0,0.0,-2.4,0.0,0.0,15.1,0.0,0.0,-14.02,0.0,-0.06557822113333332,,6877.84503,0.613984414,196.407442,0.521394754,5143.11085,99.861534,0.697257443,84.0114038,99.99998999999998,100.0,False
2026-05-13 00:30:00,-1.083,,97.4,84.37,85.21,136.19,136.19,,-4.494269999999989,0.0,0.0,,0.0,0.0,-2.1,-88.58850000000001,0.0,0.0,7.0,1.76,6.16,0.0,1.63,0.0,0.0,0.59,0.0,0.0,4.3,0.0,0.0,-2.4,0.0,0.0,15.1,0.0,0.0,-14.02,0.0,-2.1131356666666665,,1053.03832,0.0535560035,196.461019,0.0,0.0,99.861534,0.106754194,83.9772247,99.99998999999998,100.0,False
2026-05-13 01:00:00,-1.081,,95.4,87.81,85.15,122.8,122.8,,-3.8067999999999897,0.0,0.0,,-2.1,-89.40750000000001,0.0,0.0,0.0,0.0,7.0,1.76,6.16,0.0,1.63,0.0,0.0,0.59,0.0,0.0,4.3,0.0,0.0,-2.4,0.0,0.0,15.1,0.0,0.0,-14.02,0.0,-2.1162879333333335,,2107.67727,0.107191899,196.514952,0.0,0.0,99.861534,0.213670657,83.9375281,99.99998999999998,100.0,False
2026-05-13 01:30:00,-1.08,,95.4,87.81,85.77,135.82,135.82,,-4.074600000000004,0.0,0.0,,-2.1,-90.0585,0.0,0.0,0.0,0.0,7.0,1.76,6.16,0.0,1.63,0.0,0.0,0.59,0.0,0.0,4.3,0.0,0.0,-2.4,0.0,0.0,15.1,0.0,0.0,-14.02,0.0,-2.1098081533333333,,3158.78082,0.160663569,196.568733,0.0,0.0,99.861534,0.320228709,83.8978961,99.99998999999998,100.0,False
2026-05-13 02:00:00,-0.93,,94.6,91.34,91.45,93.77,93.77,,-2.8131000000000026,0.0,0.0,,-2.1,-96.02250000000001,0.3,13.701,0.0,0.0,7.0,1.76,6.16,0.0,1.63,0.0,0.0,0.59,0.0,0.0,4.3,0.0,0.0,-2.4,0.0,0.0,15.1,0.0,0.0,-14.02,0.0,-2.1010048033333333,,4205.5125,0.213912124,196.622209,0.0,0.0,99.861534,0.426343554,83.8584162,99.99998999999998,100.0,False
2026-05-13 02:30:00,-0.873,,94.6,90.26,88.39,85.2,85.2,,-1.9596000000000018,0.0,0.0,,-1.7,-75.1315,0.0,0.0,0.0,0.0,7.0,1.76,6.16,0.0,1.63,0.0,0.0,0.59,0.0,0.0,4.3,0.0,0.0,-2.4,0.0,0.0,15.1,0.0,0.0,-14.02,0.0,-1.8101472,,5106.7179,0.259789088,196.668336,0.0,0.0,99.861534,0.517705335,83.8237333,99.99998999999998,100.0,False
2026-05-13 03:00:00,-0.41,,94.6,89.07,86.0,108.81,108.81,,-1.088099999999995,0.0,0.0,,-0.8,-34.4,0.0,0.0,0.0,0.0,7.0,2,7,0.0,2.25,0.0,0.0,1.25,0.0,0.0,6.82,0.0,0.0,-1.41,0.0,0.0,16.2,0.0,0.0,-11.0,0.0,-1.6920297766666668,,5948.67112,0.302672447,196.71132,0.0,0.0,99.861534,0.603060289,83.7913817,99.99998999999998,100.0,False
2026-05-13 03:30:00,-0.203,,94.6,88.93,82.69,87.26,87.26,,-0.26178000000000023,0.0,0.0,,0.0,0.0,-0.4,-17.786,0.0,0.0,7.0,2,7,0.0,2.25,0.0,0.0,1.25,0.0,0.0,6.82,0.0,0.0,-1.41,0.0,0.0,16.2,0.0,0.0,-11.0,0.0,-0.7987136433333332,,6344.30403,0.322915306,196.731647,0.0,0.0,99.861534,0.64316849,83.7739388,99.99998999999998,100.0,False
2026-05-13 04:00:00,0.0,,97.0,89.09,90.36,145.18,145.18,,0.0,0.0,0.0,,0.0,0.0,0.0,0.0,0.0,0.0,7.0,2,7,0.0,2.25,0.0,0.0,1.25,0.0,0.0,6.82,0.0,0.0,-1.41,0.0,0.0,16.2,0.0,0.0,-11.0,0.0,-0.39713602666666664,,6539.78093,0.332980453,196.741784,0.0,0.0,99.861534,0.662985413,83.7653475,99.99998999999998,100.0,False
2026-05-13 04:30:00,0.0,,97.0,88.03,83.4,129.76,129.76,,0.0,0.0,0.0,,0.0,0.0,0.0,0.0,0.0,0.0,7.0,2,7,0.0,2.25,0.0,0.0,1.25,0.0,0.0,6.82,0.0,0.0,-1.41,0.0,0.0,16.2,0.0,0.0,-11.0,0.0,-0.0050798889,,6539.78093,0.333109198,196.741936,2.03410262e-05,0.20064673,99.861534,0.662985413,83.7642471,99.99998999999998,100.0,False
2026-05-13 05:00:00,0.0,,104.0,101.82,103.0,139.0,139.0,,0.0,0.0,0.0,,0.0,0.0,0.0,0.0,0.0,0.0,7.0,2,7,0.0,2.25,0.0,0.0,1.25,0.0,0.0,6.82,0.0,0.0,-1.41,0.0,0.0,16.2,0.0,0.0,-11.0,0.0,-0.0050744722,,6539.78093,0.333237808,196.74224,4.43768237e-05,0.437739202,99.861534,0.662985413,83.7641638,99.99998999999998,100.0,False
2026-05-13 05:30:00,0.0,,104.0,104.1,104.0,89.32,89.32,,0.0,0.0,0.0,,0.0,0.0,0.0,0.0,0.0,0.0,7.0,2,7,0.0,2.25,0.0,0.0,1.25,0.0,0.0,6.82,0.0,0.0,-1.41,0.0,0.0,16.2,0.0,0.0,-11.0,0.0,-0.005074916666666667,,6539.78093,0.333366429,196.742443,6.97003956e-05,0.68753446,99.861534,0.662985413,83.7640791,99.99998999999998,100.0,False
2026-05-13 06:00:00,0.0,,113.2,113.99,112.0,139.0,139.0,,0.0,0.0,0.0,,0.0,0.0,0.0,0.0,0.0,0.0,7.0,2,7,0.0,2.25,0.0,0.0,1.25,0.0,0.0,6.82,0.0,0.0,-1.41,0.0,0.0,16.2,0.0,0.0,-11.0,0.0,-0.005050972233333333,,6539.78093,0.333494442,196.742747,9.04306513e-05,0.892020605,99.861534,0.662985413,83.7640033,99.99998999999998,100.0,False
2026-05-13 06:30:00,0.0,,113.2,120.7,120.7,150.0,150.0,,0.0,0.0,0.0,,0.0,0.0,0.0,0.0,0.0,0.0,7.0,2,7,0.0,2.25,0.0,0.0,1.25,0.0,0.0,6.82,0.0,0.0,-1.41,0.0,0.0,16.2,0.0,0.0,-11.0,0.0,-0.0050500556,,6539.78093,0.333622433,196.74295,0.00011717997,1.15587963,99.861534,0.662985413,83.7639177,99.99998999999998,100.0,False
2026-05-13 07:00:00,0.0,,115.32,116.82,106.77,140.1,140.1,,0.0,0.0,0.0,,0.0,0.0,0.0,0.0,0.0,0.0,7.0,5.8,20.3,0.0,2.27,0.0,0.0,0.22,0.0,0.0,5.73,0.0,0.0,-1.2,0.0,0.0,15.47,0.0,0.0,-12.56,0.0,-0.005085638833333334,,6539.78093,0.333751324,196.743203,0.000138247679,1.36369446,99.861534,0.662985413,83.7638768,99.99998999999998,100.0,False
2026-05-13 07:30:00,0.0,,115.32,115.2,112.37,139.0,139.0,,0.0,0.0,0.0,,0.0,0.0,0.0,0.0,0.0,0.0,7.0,5.8,20.3,0.0,2.27,0.0,0.0,0.22,0.0,0.0,5.73,0.0,0.0,-1.2,0.0,0.0,15.47,0.0,0.0,-12.56,0.0,-0.005024416733333333,,6539.78093,0.333878664,196.743456,0.000166643038,1.64379026,99.861534,0.662985413,83.7638489,99.99998999999998,100.0,False
2026-05-13 08:00:00,0.0,,105.02,114.3,103.78,136.0,136.0,,0.0,0.0,0.0,,0.0,0.0,0.0,0.0,0.0,0.0,7.0,5.8,20.3,0.0,2.27,0.0,0.0,0.22,0.0,0.0,5.73,0.0,0.0,-1.2,0.0,0.0,15.47,0.0,0.0,-12.56,0.0,-0.005046416633333333,,6539.78093,0.334006562,196.743659,0.000195036795,1.92387025,99.861534,0.662985413,83.7637993,99.99998999999998,100.0,False
2026-05-13 08:30:00,0.0,,105.02,107.68,97.34,90.25,90.25,,0.0,0.0,0.0,,0.0,0.0,0.0,0.0,0.0,0.0,7.0,5.8,20.3,0.0,2.27,0.0,0.0,0.22,0.0,0.0,5.73,0.0,0.0,-1.2,0.0,0.0,15.47,0.0,0.0,-12.56,0.0,-0.005017666633333333,,6539.78093,0.334133733,196.743964,0.000229994573,2.26869867,99.861534,0.662985413,83.7637655,99.99998999999998,100.0,False
2026-05-13 09:00:00,0.0,,95.23,102.49,100.0,119.5,119.5,,0.0,0.0,0.0,,0.0,0.0,0.0,0.0,0.0,0.0,7.0,5.8,20.3,0.0,2.27,0.0,0.0,0.22,0.0,0.0,5.73,0.0,0.0,-1.2,0.0,0.0,15.47,0.0,0.0,-12.56,0.0,-0.0050693334,,6539.78093,0.334262211,196.744115,0.000268760657,2.65109275,99.861534,0.662985413,83.7637459,99.99998999999998,100.0,False
2026-05-13 09:30:00,-0.001,,95.23,102.23,96.0,119.5,119.5,,0.0,-0.11950000000000001,0.0,,0.0,0.0,0.0,0.0,0.0,0.0,7.0,5.8,20.3,0.0,2.27,0.0,0.0,0.22,0.0,0.0,5.73,0.0,0.0,-1.2,0.0,0.0,15.47,0.0,0.0,-12.56,0.0,-0.0055558055,,6539.85573,0.334403019,196.744419,0.000302580973,2.98470108,99.861534,0.662992996,83.7637121,99.99998999999998,100.0,False
2026-05-13 10:00:00,0.0,,97.43,91.84,93.47,90.03,90.03,,0.0,0.0,0.0,,0.0,0.0,0.0,0.0,0.0,0.0,7.0,5.8,20.3,0.0,2.27,0.0,0.0,0.22,0.0,0.0,5.73,0.0,0.0,-1.2,0.0,0.0,15.47,0.0,0.0,-12.56,0.0,-0.006584638900000001,,6540.15703,0.334569902,196.744724,0.000305412158,3.01262828,99.861534,0.663023541,83.7636603,99.99998999999998,100.0,False
2026-05-13 10:30:00,0.0,,97.43,90.23,90.02,89.3,89.3,,0.0,0.0,0.0,,0.0,0.0,0.0,0.0,0.0,0.0,7.0,5.8,20.3,0.0,2.27,0.0,0.0,0.22,0.0,0.0,5.73,0.0,0.0,-1.2,0.0,0.0,15.47,0.0,0.0,-12.56,0.0,-0.005595027833333333,,6540.24913,0.334711704,196.744926,0.000329979065,3.25495969,99.861534,0.663032878,83.7636033,99.99998999999998,100.0,False
2026-05-13 11:00:00,0.0,,95.3,89.9,90.0,130.0,130.0,,0.0,0.0,0.0,,0.0,0.0,0.0,0.0,0.0,0.0,7.0,3.05,10.674999999999999,0.0,1.27,0.0,0.0,1.06,0.0,0.0,4.9,0.0,0.0,-0.72,0.0,0.0,13.71,0.0,0.0,-10.77,0.0,-0.005555166633333334,,6540.2787,0.334852496,196.745281,0.000342612678,3.37957942,99.861534,0.663035875,83.7635769,99.99998999999998,100.0,False
2026-05-13 11:30:00,-0.002,,95.3,89.18,91.98,132.21,132.21,,0.0,-0.26442000000000004,0.0,,0.0,0.0,0.0,0.0,0.0,0.0,7.0,3.05,10.674999999999999,0.0,1.27,0.0,0.0,1.06,0.0,0.0,4.9,0.0,0.0,-0.72,0.0,0.0,13.71,0.0,0.0,-10.77,0.0,-0.006089222266666666,,6540.47435,0.335006824,196.745433,0.000358377586,3.53508668,99.861534,0.66305571,83.7635602,99.99998999999998,100.0,False
2026-05-13 12:00:00,-0.101,,94.09,89.94,90.0,136.0,136.0,,-0.13600000000000012,0.0,0.0,,0.0,0.0,-0.2,-8.994,0.0,0.0,7.0,3.05,10.674999999999999,0.0,1.27,0.0,0.0,1.06,0.0,0.0,4.9,0.0,0.0,-0.72,0.0,0.0,13.71,0.0,0.0,-10.77,0.0,-0.011305194599999999,,6543.52307,0.335293346,196.745889,0.000371408367,3.66362413,99.861534,0.663364781,83.7635098,99.99998999999998,100.0,False
2026-05-13 12:30:00,-0.049,,94.09,89.94,90.0,82.68,82.68,,0.08268000000000009,0.0,0.0,,0.0,0.0,-0.1,-4.497,0.0,0.0,7.0,3.05,10.674999999999999,0.0,1.27,0.0,0.0,1.06,0.0,0.0,4.9,0.0,0.0,-0.72,0.0,0.0,13.71,0.0,0.0,-10.77,0.0,-0.20090589333333334,,6641.58647,0.340385172,196.75101,0.000371408367,3.66362413,99.861534,0.673306185,83.7602726,99.99998999999998,100.0,False
2026-05-13 13:00:00,-0.001,,92.88,85.0,90.0,54.0,54.0,,0.0,-0.054,0.0,,0.0,0.0,0.0,0.0,0.0,0.0,7.0,3.05,10.674999999999999,0.0,1.27,0.0,0.0,1.06,0.0,0.0,4.9,0.0,0.0,-0.72,0.0,0.0,13.71,0.0,0.0,-10.77,0.0,-0.10143964099999998,,6689.6845,0.342956091,196.753645,0.000371408367,3.66362413,99.861534,0.678182234,83.7585562,99.99998999999998,100.0,False
2026-05-13 13:30:00,-0.001,,92.88,85.0,89.39,83.05,83.05,,0.0,-0.08305,0.0,,0.0,0.0,0.0,0.0,0.0,0.0,7.0,3.05,10.674999999999999,0.0,1.27,0.0,0.0,1.06,0.0,0.0,4.9,0.0,0.0,-0.72,0.0,0.0,13.71,0.0,0.0,-10.77,0.0,-0.006120055666666666,,6690.15985,0.3431112,196.753898,0.000375328523,3.7022931,99.861534,0.678230424,83.7583284,99.99998999999998,100.0,False
2026-05-13 14:00:00,0.0,,92.07,85.0,90.0,130.0,130.0,,0.0,0.0,0.0,,0.0,0.0,0.0,0.0,0.0,0.0,7.0,3.05,10.674999999999999,0.0,1.27,0.0,0.0,1.06,0.0,0.0,4.9,0.0,0.0,-0.72,0.0,0.0,13.71,0.0,0.0,-10.77,0.0,-0.008231694466666667,,6691.53152,0.343319826,196.754203,0.000375328523,3.7022931,99.861534,0.67836948,83.7582728,99.99998999999998,100.0,False
2026-05-13 14:30:00,0.0,,92.07,85.0,89.1,80.68,80.68,,0.0,0.0,0.0,,0.0,0.0,0.0,0.0,0.0,0.0,7.0,3.05,10.674999999999999,0.0,1.27,0.0,0.0,1.06,0.0,0.0,4.9,0.0,0.0,-0.72,0.0,0.0,13.71,0.0,0.0,-10.77,0.0,-0.0053473888333333336,,6691.6409,0.343455352,196.754405,0.000390782176,3.85473009,99.861534,0.678380568,83.7581608,99.99998999999998,100.0,False
2026-05-13 15:00:00,-0.001,,95.86,85.0,88.0,135.47,135.47,,0.0,-0.13547,0.0,,0.0,0.0,0.0,0.0,0.0,0.0,7.0,7.2,25.2,0.0,1.83,0.0,0.0,1.85,0.0,0.0,6.87,0.0,0.0,0.0,0.0,0.0,26.89,0.0,0.0,-5.31,0.0,-0.007535416733333332,,6692.80193,0.343646332,196.754709,0.000390782176,3.85473009,99.861534,0.678498271,83.7580804,99.99998999999998,100.0,False
2026-05-13 15:30:00,0.0,,95.86,83.97,88.0,136.0,136.0,,0.0,0.0,0.0,,0.0,0.0,0.0,0.0,0.0,0.0,7.0,7.2,25.2,0.0,1.83,0.0,0.0,1.85,0.0,0.0,6.87,0.0,0.0,0.0,0.0,0.0,26.89,0.0,0.0,-5.31,0.0,-0.0067804167,,6693.58308,0.343818177,196.755065,0.00040026875,3.94830699,99.861534,0.678577461,83.7579847,99.99998999999998,100.0,False
2026-05-13 16:00:00,0.0,,101.0,95.77,100.6,130.0,130.0,,0.0,0.0,0.0,,0.0,0.0,0.0,0.0,0.0,0.0,7.0,7.2,25.2,0.0,1.83,0.0,0.0,1.85,0.0,0.0,6.87,0.0,0.0,0.0,0.0,0.0,26.89,0.0,0.0,-5.31,0.0,-0.004982555533333333,,6693.58308,0.343944457,196.755267,0.000419729008,4.1402657,99.861534,0.678577461,83.7578932,99.99998999999998,100.0,False
2026-05-13 16:30:00,0.024,,101.0,98.91,102.0,138.0,138.0,,0.0,3.3120000000000003,0.0,,0.0,0.0,0.0,0.0,0.0,0.0,7.0,7.2,25.2,0.0,1.83,0.0,0.0,1.85,0.0,0.0,6.87,0.0,0.0,0.0,0.0,0.0,26.89,0.0,0.0,-5.31,0.0,-0.006230111,,6694.13915,0.344102355,196.75552,0.000424647441,4.18878181,99.861534,0.678633834,83.7578373,99.99998999999998,100.0,False
2026-05-13 17:00:00,1.085,,110.0,108.0,107.81,152.66,152.66,,5.343099999999987,0.0,0.0,,2.1,113.2005,0.0,0.0,0.0,0.0,7.0,7.2,25.2,0.0,1.83,0.0,0.0,1.85,0.0,0.0,6.87,0.0,0.0,0.0,0.0,0.0,26.89,0.0,0.0,-5.31,0.0,0.0586406666,,6694.26821,0.345777531,196.757447,0.00373225878,36.8155231,99.861534,0.678646918,83.7578199,99.99998999999998,100.0,False
2026-05-13 17:30:00,1.082,,110.0,112.0,108.46,154.87,154.87,,4.955840000000005,0.0,0.0,,2.1,113.883,0.0,0.0,0.0,0.0,7.0,7.2,25.2,0.0,1.83,0.0,0.0,1.85,0.0,0.0,6.87,0.0,0.0,0.0,0.0,0.0,26.89,0.0,0.0,-5.31,0.0,2.1047609333333335,,6694.26821,0.399121283,196.811025,0.110439951,1089.39514,99.861534,0.678646918,83.7983933,99.99998999999998,100.0,False
2026-05-13 18:00:00,1.081,,124.6,125.73,121.32,151.4,151.4,,4.693399999999987,0.0,0.0,,0.0,0.0,2.1,132.0165,0.0,0.0,7.0,7.2,25.2,0.0,1.83,0.0,0.0,1.85,0.0,0.0,6.87,0.0,0.0,0.0,0.0,0.0,26.89,0.0,0.0,-5.31,0.0,2.1039950033333334,,6694.26821,0.452445622,196.864501,0.217065308,2141.16259,99.861534,0.678646918,83.8454815,99.99998999999998,100.0,False
2026-05-13 18:30:00,1.083,,124.6,131.56,124.22,167.5,167.5,,5.5274999999999865,0.0,0.0,,0.0,0.0,2.1,138.138,0.0,0.0,7.0,7.2,25.2,0.0,1.83,0.0,0.0,1.85,0.0,0.0,6.87,0.0,0.0,0.0,0.0,0.0,26.89,0.0,0.0,-5.31,0.0,2.1033597,,6694.26821,0.50575386,196.918079,0.323618229,3192.21552,99.861534,0.678646918,83.8925027,99.99998999999998,100.0,False
2026-05-13 19:00:00,0.966,,132.4,133.0,126.99,168.78,168.78,,2.700479999999984,0.0,0.0,,1.8,114.291,0.1,6.65,0.0,0.0,7.0,7.48,26.18,0.0,2.45,0.0,0.0,0.3,0.0,0.0,6.61,0.0,0.0,-3.52,0.0,0.0,21.74,0.0,0.0,-15.91,0.0,2.1080014533333333,,6694.26821,0.55917974,196.971707,0.430393726,4245.46397,99.861534,0.678646918,83.9397386,99.99998999999998,100.0,False
2026-05-13 19:30:00,0.456,,132.4,134.74,127.77,168.78,168.78,,1.012680000000001,0.0,0.0,,0.9,57.4965,0.0,0.0,0.0,0.0,7.0,7.48,26.18,0.0,2.45,0.0,0.0,0.3,0.0,0.0,6.61,0.0,0.0,-3.52,0.0,0.0,21.74,0.0,0.0,-15.91,0.0,1.8745322433333333,,6694.26821,0.606688501,197.019406,0.525368779,5182.31119,99.861534,0.678646918,83.9830106,99.99998999999998,100.0,False
2026-05-13 20:00:00,0.0,,129.84,133.88,131.0,153.99,153.99,,0.0,0.0,0.0,,0.0,0.0,0.0,0.0,0.0,0.0,7.0,7.48,26.18,0.0,2.45,0.0,0.0,0.3,0.0,0.0,6.61,0.0,0.0,-3.52,0.0,0.0,21.74,0.0,0.0,-15.91,0.0,0.8722121233333334,,6694.26821,0.628794131,197.041607,0.569796655,5620.55398,99.861534,0.678646918,84.006302,99.99998999999998,100.0,False
2026-05-13 20:30:00,0.0,,129.84,134.38,130.69,135.0,135.0,,0.0,0.0,0.0,,0.4,26.138,-0.4,-26.876,0.0,0.0,7.0,7.48,26.18,0.0,2.45,0.0,0.0,0.3,0.0,0.0,6.61,0.0,0.0,-3.52,0.0,0.0,21.74,0.0,0.0,-15.91,0.0,-0.0050218334333333335,,6694.26821,0.628921405,197.04181,0.56980613,5620.64744,99.861534,0.678646918,84.0090549,99.99998999999998,100.0,False
2026-05-13 21:00:00,0.0,,121.86,128.3,127.0,108.36,108.36,,0.0,0.0,0.0,,0.0,0.0,0.0,0.0,0.0,0.0,7.0,7.48,26.18,0.0,2.45,0.0,0.0,0.3,0.0,0.0,6.61,0.0,0.0,-3.52,0.0,0.0,21.74,0.0,0.0,-15.91,0.0,-0.0050487222666666665,,6694.26821,0.629049362,197.042114,0.569820687,5620.79103,99.861534,0.678646918,84.0089479,99.99998999999998,100.0,False
2026-05-13 21:30:00,0.0,,121.86,125.35,121.59,108.36,108.36,,0.0,0.0,0.0,,0.0,0.0,0.0,0.0,0.0,0.0,7.0,7.48,26.18,0.0,2.45,0.0,0.0,0.3,0.0,0.0,6.61,0.0,0.0,-3.52,0.0,0.0,21.74,0.0,0.0,-15.91,0.0,-0.005030861066666666,,6694.26821,0.629176866,197.042266,0.569829421,5620.87718,99.861534,0.678646918,84.0088512,99.99998999999998,100.0,False
2026-05-13 22:00:00,-0.008,,107.9,118.16,115.08,100.52,100.52,,0.0,-0.80416,0.0,,0.0,0.0,0.0,0.0,0.0,0.0,7.0,7.48,26.18,0.0,2.45,0.0,0.0,0.3,0.0,0.0,6.61,0.0,0.0,-3.52,0.0,0.0,21.74,0.0,0.0,-15.91,0.0,-0.005022027766666666,,6694.26821,0.629304146,197.042571,0.569843518,5621.01624,99.81538,0.678646918,84.0087712,99.99998999999998,100.0,False
2026-05-13 22:30:00,-0.354,,107.9,110.0,108.0,96.83,96.83,,-0.38732000000000033,0.0,0.0,,0.0,0.0,-0.7,-38.5,0.0,0.0,7.0,7.48,26.18,0.0,2.45,0.0,0.0,0.3,0.0,0.0,6.61,0.0,0.0,-3.52,0.0,0.0,21.74,0.0,0.0,-15.91,0.0,-0.027067307099999997,,6705.49548,0.629990149,197.043432,0.569848758,5621.06793,99.772917,0.679785108,84.0086057,99.99998999999998,100.0,False
2026-05-13 23:00:00,0.0,,108.41,109.98,112.0,96.21,96.21,,0.0,0.0,0.0,,0.0,0.0,0.0,0.0,0.0,0.0,7.0,1.72,6.02,0.0,1.73,0.0,0.0,0.01,0.0,0.0,4.95,0.0,0.0,-3.15,0.0,0.0,16.4,0.0,0.0,-14.76,0.0,-0.6901006133333333,,7046.98616,0.647480285,197.061021,0.569848758,5621.06793,99.769227,0.714404516,83.9971791,99.99998999999998,100.0,False
2026-05-13 23:30:00,0.0,,108.41,109.92,107.21,90.0,90.0,,0.0,0.0,0.0,,0.0,0.0,0.0,0.0,0.0,0.0,7.0,1.72,6.02,0.0,1.73,0.0,0.0,0.01,0.0,0.0,4.95,0.0,0.0,-3.15,0.0,0.0,16.4,0.0,0.0,-14.76,0.0,-0.004991638933333334,,7047.05456,0.647606794,197.061223,0.56985227,5621.10257,99.769227,0.71441145,83.9952146,99.99998999999998,100.0,False
2026-05-14 00:00:00,0.0,,105.24,107.58,105.0,86.14,86.14,,0.0,0.0,0.0,,0.0,0.0,0.0,0.0,0.0,0.0,7.0,1.72,6.02,0.0,1.73,0.0,0.0,0.01,0.0,0.0,4.95,0.0,0.0,-3.15,0.0,0.0,16.4,0.0,0.0,-14.76,0.0,-0.0049956667333333335,,7047.05456,0.647733406,197.061427,0.569858183,5621.1609,99.769227,0.71441145,83.9950205,99.99998999999998,100.0,False
2026-05-14 00:30:00,0.0,,105.24,105.7,102.52,80.0,80.0,,0.0,0.0,0.0,,0.0,0.0,0.0,0.0,0.0,0.0,7.0,1.72,6.02,0.0,1.73,0.0,0.0,0.01,0.0,0.0,4.95,0.0,0.0,-3.15,0.0,0.0,16.4,0.0,0.0,-14.76,0.0,-0.0050277499666666675,,0.0999709467,0.000127424945,197.06163,0.0,0.0,99.769227,1.01347859e-05,83.9948353,99.99998999999998,100.0,False
2026-05-14 01:00:00,0.0,,102.82,100.49,98.0,80.0,80.0,,0.0,0.0,0.0,,0.0,0.0,0.0,0.0,0.0,0.0,7.0,1.72,6.02,0.0,1.73,0.0,0.0,0.01,0.0,0.0,4.95,0.0,0.0,-3.15,0.0,0.0,16.4,0.0,0.0,-14.76,0.0,-0.005042083366666666,,0.100108493,0.000255213159,197.061984,3.85057153e-06,0.0379825767,99.769227,1.01487299e-05,83.9946748,99.99998999999998,100.0,False
2026-05-14 01:30:00,0.0,,102.82,99.9,100.49,82.6,82.6,,0.0,0.0,0.0,,0.0,0.0,0.0,0.0,0.0,0.0,7.0,1.72,6.02,0.0,1.73,0.0,0.0,0.01,0.0,0.0,4.95,0.0,0.0,-3.15,0.0,0.0,16.4,0.0,0.0,-14.76,0.0,-0.005013583433333333,,0.165824101,0.000382279063,197.062238,3.85057153e-06,0.0379825767,99.769227,1.68108017e-05,83.9945302,99.99998999999998,100.0,False
2026-05-14 02:00:00,0.0,,98.6,103.03,99.05,112.29,112.29,,0.0,0.0,0.0,,0.0,0.0,0.0,0.0,0.0,0.0,7.0,1.72,6.02,0.0,1.73,0.0,0.0,0.01,0.0,0.0,4.95,0.0,0.0,-3.15,0.0,0.0,16.4,0.0,0.0,-14.76,0.0,-0.004971444500000001,,0.218423558,0.00050827698,197.062441,3.85057153e-06,0.0379825767,99.769227,2.21431932e-05,83.9943617,99.99998999999998,100.0,False
2026-05-14 02:30:00,-0.022,,98.6,101.35,97.0,86.12,86.12,,0.0,-1.8946399999999999,0.0,,0.0,0.0,0.0,0.0,0.0,0.0,7.0,1.72,6.02,0.0,1.73,0.0,0.0,0.01,0.0,0.0,4.95,0.0,0.0,-3.15,0.0,0.0,16.4,0.0,0.0,-14.76,0.0,-0.004998333333333333,,0.302900765,0.00063495638,197.062694,4.99960666e-06,0.04931682,99.769227,3.07072654e-05,83.9942037,99.99998999999998,100.0,False
2026-05-14 03:00:00,-1.086,,96.9,101.47,100.12,82.6,82.6,,-2.9736000000000025,0.0,0.0,,0.0,0.0,-2.1,-106.54350000000001,0.0,0.0,7.0,2,7,0.0,2.24,0.0,0.0,0.92,0.0,0.0,5.09,0.0,0.0,-1.83,0.0,0.0,18.65,0.0,0.0,-10.87,0.0,-0.06543660886666666,,31.1180827,0.00229340327,197.064367,4.99960666e-06,0.04931682,99.769227,0.00315466758,83.9940096,99.99998999999998,100.0,False
2026-05-14 03:30:00,-1.065,,96.9,99.92,97.41,80.16,80.16,,-1.2023999999999921,0.0,0.0,,0.0,0.0,-2.1,-104.91600000000001,0.0,0.0,7.0,2,7,0.0,2.24,0.0,0.0,0.92,0.0,0.0,5.09,0.0,0.0,-1.83,0.0,0.0,18.65,0.0,0.0,-10.87,0.0,-2.112062,,1083.44293,0.0558221955,197.118248,4.99960666e-06,0.04931682,99.769227,0.109836532,83.9599851,99.99998999999998,100.0,False
2026-05-14 04:00:00,-0.024,,97.0,102.6,100.38,85.62,85.62,,0.0,-2.0548800000000003,0.0,,0.0,0.0,0.0,0.0,0.0,0.0,7.0,2,7,0.0,2.24,0.0,0.0,0.92,0.0,0.0,5.09,0.0,0.0,-1.83,0.0,0.0,18.65,0.0,0.0,-10.87,0.0,-2.050669603333333,,2104.44632,0.107795038,197.170356,4.99960666e-06,0.04931682,99.769227,0.213343112,83.9205367,99.99998999999998,100.0,False
2026-05-14 04:30:00,-1.09,,97.0,99.62,99.43,86.12,86.12,,-3.4448000000000034,0.0,0.0,,0.0,0.0,-2.1,-104.60100000000001,0.0,0.0,7.0,2,7,0.0,2.24,0.0,0.0,0.92,0.0,0.0,5.09,0.0,0.0,-1.83,0.0,0.0,18.65,0.0,0.0,-10.87,0.0,-0.06790552553333333,,2136.49052,0.109516058,197.172131,5.72693869e-06,0.056491325,99.769227,0.216591666,83.9148714,99.99998999999998,100.0,False
2026-05-14 05:00:00,-1.063,,97.81,101.2,96.02,77.05,77.05,,-1.0016499999999924,0.0,0.0,,0.0,0.0,-2.1,-106.26,0.0,0.0,7.0,2,7,0.0,2.24,0.0,0.0,0.92,0.0,0.0,5.09,0.0,0.0,-1.83,0.0,0.0,18.65,0.0,0.0,-10.87,0.0,-2.1135321,,3189.65574,0.163082109,197.225962,5.72693869e-06,0.056491325,99.769227,0.323358726,83.8808345,99.99998999999998,100.0,False
2026-05-14 05:30:00,0.0,,97.81,99.4,97.76,75.1,75.1,,0.0,0.0,0.0,,0.0,0.0,0.0,0.0,0.0,0.0,7.0,2,7,0.0,2.24,0.0,0.0,0.92,0.0,0.0,5.09,0.0,0.0,-1.83,0.0,0.0,18.65,0.0,0.0,-10.87,0.0,-2.0451949033333334,,4208.11089,0.2149162,197.278019,5.72693869e-06,0.056491325,99.769227,0.426606971,83.8414125,99.99998999999998,100.0,False
2026-05-14 06:00:00,0.0,,109.22,99.53,95.0,74.6,74.6,,0.0,0.0,0.0,,0.0,0.0,0.0,0.0,0.0,0.0,7.0,2,7,0.0,2.24,0.0,0.0,0.92,0.0,0.0,5.09,0.0,0.0,-1.83,0.0,0.0,18.65,0.0,0.0,-10.87,0.0,-0.0050676944666666664,,4208.1907,0.215044637,197.278424,7.19580427e-06,0.0709804207,99.769227,0.426615062,83.8360077,99.99998999999998,100.0,False
2026-05-14 06:30:00,0.024,,109.22,108.46,111.01,80.0,80.0,,0.0,1.92,0.0,,0.0,0.0,0.0,0.0,0.0,0.0,7.0,2,7,0.0,2.24,0.0,0.0,0.92,0.0,0.0,5.09,0.0,0.0,-1.83,0.0,0.0,18.65,0.0,0.0,-10.87,0.0,-0.0049903333,,4208.29844,0.215171114,197.278576,8.3244541e-06,0.0821135807,99.769227,0.426625985,83.8359395,99.99998999999998,100.0,False
2026-05-14 07:00:00,1.091,,121.33,123.8,122.19,120.0,120.0,,4.919999999999991,0.0,0.0,,0.0,0.0,2.1,129.99,0.0,0.0,7.0,6.21,21.735,0.0,3.25,0.0,0.0,-0.02,0.0,0.0,7.75,0.0,0.0,-3.89,0.0,0.0,17.6,0.0,0.0,-16.87,0.0,0.06031455663333333,,4208.31258,0.216870055,197.280503,0.00337471406,33.2886519,99.769227,0.426627418,83.8359201,99.99998999999998,100.0,False
2026-05-14 07:30:00,1.088,,121.33,128.0,123.02,123.02,123.02,,4.674760000000004,0.0,0.0,,0.0,0.0,2.1,134.4,0.0,0.0,7.0,6.21,21.735,0.0,3.25,0.0,0.0,-0.02,0.0,0.0,7.75,0.0,0.0,-3.89,0.0,0.0,17.6,0.0,0.0,-16.87,0.0,2.1096289,,4208.31258,0.270337182,197.334132,0.110241927,1087.4418,99.769227,0.426627418,83.8765189,99.99998999999998,100.0,False
2026-05-14 08:00:00,1.081,,120.9,125.95,123.0,77.58,77.58,,2.4049799999999935,0.0,0.0,,0.0,0.0,2.1,132.2475,0.0,0.0,7.0,6.21,21.735,0.0,3.25,0.0,0.0,-0.02,0.0,0.0,7.75,0.0,0.0,-3.89,0.0,0.0,17.6,0.0,0.0,-16.87,0.0,2.1030068666666666,,4208.31258,0.323636478,197.387659,0.216753451,2138.08639,99.769227,0.426627418,83.9234651,99.99998999999998,100.0,False
2026-05-14 08:30:00,0.663,,120.9,123.17,119.78,78.8,78.8,,1.0244000000000009,0.0,0.0,,0.0,0.0,1.3,80.0605,0.0,0.0,7.0,6.21,21.735,0.0,3.25,0.0,0.0,-0.02,0.0,0.0,7.75,0.0,0.0,-3.89,0.0,0.0,17.6,0.0,0.0,-16.87,0.0,2.08321144,,4208.31258,0.376434072,197.440629,0.322234735,3178.56854,99.769227,0.426627418,83.9704291,99.99998999999998,100.0,False
2026-05-14 09:00:00,0.05,,113.26,121.0,121.87,80.01,80.01,,0.0,4.000500000000001,0.0,,0.0,0.0,0.1,6.050000000000001,0.0,0.0,7.0,6.21,21.735,0.0,3.25,0.0,0.0,-0.02,0.0,0.0,7.75,0.0,0.0,-3.89,0.0,0.0,17.6,0.0,0.0,-16.87,0.0,1.26887612,,4208.31258,0.408592885,197.472917,0.386652349,3813.9929,99.769227,0.426627418,84.0020346,99.99998999999998,100.0,False
2026-05-14 09:30:00,0.05,,113.26,114.83,114.76,84.1,84.1,,1.1671219546371957e-15,0.0,0.0,,0.6,34.428,-0.5,-28.7075,0.0,0.0,7.0,6.21,21.735,0.0,3.25,0.0,0.0,-0.02,0.0,0.0,7.75,0.0,0.0,-3.89,0.0,0.0,17.6,0.0,0.0,-16.87,0.0,0.09044552833333334,,4208.31258,0.410885165,197.4753,0.391639315,3863.18503,99.769227,0.426627418,84.0076869,99.99998999999998,100.0,False
2026-05-14 10:00:00,0.0,,100.85,107.32,109.93,88.0,88.0,,0.0,0.0,0.0,,0.0,0.0,0.0,0.0,0.0,0.0,7.0,6.21,21.735,0.0,3.25,0.0,0.0,-0.02,0.0,0.0,7.75,0.0,0.0,-3.89,0.0,0.0,17.6,0.0,0.0,-16.87,0.0,0.08944122333333333,,4208.31258,0.413151994,197.47758,0.396571079,3911.83264,99.769227,0.426627418,84.009513,99.99998999999998,100.0,False
2026-05-14 10:30:00,0.0,,100.85,105.36,106.08,83.77,83.77,,0.0,0.0,0.0,,0.0,0.0,0.0,0.0,0.0,0.0,7.0,6.21,21.735,0.0,3.25,0.0,0.0,-0.02,0.0,0.0,7.75,0.0,0.0,-3.89,0.0,0.0,17.6,0.0,0.0,-16.87,0.0,-0.004977611133333334,,4208.31258,0.413278148,197.477834,0.396589792,3912.01723,99.769227,0.426627418,84.0096362,99.99998999999998,100.0,False
2026-05-14 11:00:00,0.0,,93.84,93.02,93.39,84.3,84.3,,0.0,0.0,0.0,,0.0,0.0,0.0,0.0,0.0,0.0,7.0,2.96,10.36,0.0,3.91,0.0,0.0,1.05,0.0,0.0,6.9,0.0,0.0,-1.45,0.0,0.0,14.07,0.0,0.0,-13.04,0.0,-0.0050120556333333325,,4208.31258,0.413405176,197.477935,0.396604605,3912.16335,99.769227,0.426627418,84.0094987,99.99998999999998,100.0,False
2026-05-14 11:30:00,-0.001,,93.84,90.0,94.02,82.48,82.48,,0.0,-0.08248000000000001,0.0,,0.0,0.0,0.0,0.0,0.0,0.0,7.0,2.96,10.36,0.0,3.91,0.0,0.0,1.05,0.0,0.0,6.9,0.0,0.0,-1.45,0.0,0.0,14.07,0.0,0.0,-13.04,0.0,-0.0056716667666666665,,4208.56984,0.413548921,197.478341,0.396608519,3912.20196,99.769227,0.426653498,84.0094065,99.99998999999998,100.0,False
2026-05-14 12:00:00,0.0,,88.07,91.91,90.0,75.0,75.0,,0.0,0.0,0.0,,0.0,0.0,0.0,0.0,0.0,0.0,7.0,2.96,10.36,0.0,3.91,0.0,0.0,1.05,0.0,0.0,6.9,0.0,0.0,-1.45,0.0,0.0,14.07,0.0,0.0,-13.04,0.0,-0.007250916633333333,,4209.51384,0.413732689,197.478544,0.396608519,3912.20196,99.769227,0.426749199,84.0093324,99.99998999999998,100.0,False
2026-05-14 12:30:00,-0.025,,88.07,89.6,90.0,86.13,86.13,,0.0,-2.15325,0.0,,0.0,0.0,0.0,0.0,0.0,0.0,7.0,2.96,10.36,0.0,3.91,0.0,0.0,1.05,0.0,0.0,6.9,0.0,0.0,-1.45,0.0,0.0,14.07,0.0,0.0,-13.04,0.0,-0.0060505277,,4210.00477,0.413886036,197.478848,0.396616644,3912.2821,99.769227,0.426798968,84.0092605,99.99998999999998,100.0,False
2026-05-14 13:00:00,-1.085,,87.7,89.63,90.0,2.07,2.07,,-0.07244999999999983,0.0,0.0,,0.0,0.0,-2.1,-94.11149999999999,0.0,0.0,7.0,2.96,10.36,0.0,3.91,0.0,0.0,1.05,0.0,0.0,6.9,0.0,0.0,-1.45,0.0,0.0,14.07,0.0,0.0,-13.04,0.0,-0.06965702803333333,,4242.85803,0.415651447,197.480724,0.396622378,3912.33866,99.769227,0.430129543,84.0091512,99.99998999999998,100.0,False
2026-05-14 13:30:00,-1.078,,87.7,89.99,88.0,57.03,57.03,,-1.5968400000000014,0.0,0.0,,0.0,0.0,-2.1,-94.48949999999999,0.0,0.0,7.0,2.96,10.36,0.0,3.91,0.0,0.0,1.05,0.0,0.0,6.9,0.0,0.0,-1.45,0.0,0.0,14.07,0.0,0.0,-13.04,0.0,-2.1059392999999997,,5293.87994,0.469025064,197.534301,0.396622378,3912.33866,99.769227,0.536679319,83.9751657,99.99998999999998,100.0,False
2026-05-14 14:00:00,-1.079,,87.77,90.0,89.66,70.0,70.0,,-2.029999999999994,0.0,0.0,,0.0,0.0,-2.1,-94.5,0.0,0.0,7.0,2.96,10.36,0.0,3.91,0.0,0.0,1.05,0.0,0.0,6.9,0.0,0.0,-1.45,0.0,0.0,14.07,0.0,0.0,-13.04,0.0,-2.0879371333333334,,6335.67419,0.521942427,197.587423,0.396622378,3912.33866,99.769227,0.64229362,83.9360808,99.99998999999998,100.0,False
2026-05-14 14:30:00,-1.101,,87.77,89.24,87.8,59.55,59.55,,-3.037049999999996,0.0,0.0,,0.0,0.0,-2.1,-93.702,0.0,0.0,7.0,2.96,10.36,0.0,3.91,0.0,0.0,1.05,0.0,0.0,6.9,0.0,0.0,-1.45,0.0,0.0,14.07,0.0,0.0,-13.04,0.0,-2.0847338,,7375.58866,0.574778605,197.640545,0.396622378,3912.33866,99.769227,0.747717354,83.897036,99.99998999999998,100.0,False
2026-05-14 15:00:00,-1.084,,88.0,89.99,86.6,109.45,109.45,,-3.7213000000000034,0.0,0.0,,0.0,0.0,-2.1,-94.48949999999999,0.0,0.0,7.0,6.45,22.575,0.0,2.21,0.0,0.0,1.36,0.0,0.0,7.76,0.0,0.0,0.58,0.0,0.0,15.28,0.0,0.0,-6.42,0.0,-2.1190033666666666,,8432.55971,0.628483321,197.694376,0.396622378,3912.33866,99.769227,0.854870238,83.8576739,99.99998999999998,100.0,False
2026-05-14 15:30:00,-0.618,,88.0,89.99,90.0,108.0,108.0,,-12.744,0.0,0.0,,0.0,0.0,-1.0,-44.995,0.0,0.0,7.0,6.45,22.575,0.0,2.21,0.0,0.0,1.36,0.0,0.0,7.76,0.0,0.0,0.58,0.0,0.0,15.28,0.0,0.0,-6.42,0.0,-2.077591633333333,,9468.55396,0.681138485,197.747245,0.396622378,3912.33866,99.769227,0.959896551,83.8183511,99.99998999999998,100.0,False
2026-05-14 16:00:00,-0.256,,93.7,90.0,90.0,73.64,73.64,,-0.4418400000000004,0.0,0.0,,0.0,0.0,-0.5,-22.5,0.0,0.0,7.0,6.45,22.575,0.0,2.21,0.0,0.0,1.36,0.0,0.0,7.76,0.0,0.0,0.58,0.0,0.0,15.28,0.0,0.0,-6.42,0.0,-1.1879622833333332,,10059.5898,0.711246591,197.777506,0.396622378,3912.33866,99.769227,1.01981418,83.7961043,99.99998999999998,100.0,False
2026-05-14 16:30:00,-0.079,,93.7,89.99,93.91,82.15,82.15,,1.7251500000000004,0.0,0.0,,0.0,0.0,-0.2,-8.999,0.0,0.0,7.0,6.45,22.575,0.0,2.21,0.0,0.0,1.36,0.0,0.0,7.76,0.0,0.0,0.58,0.0,0.0,15.28,0.0,0.0,-6.42,0.0,-0.4957422233333333,,10304.4567,0.723810845,197.790177,0.396622378,3912.33866,99.769227,1.04463812,83.7825306,99.99998999999998,100.0,False
2026-05-14 17:00:00,1.099,,104.99,98.05,104.35,109.56,109.56,,5.3684399999999926,0.0,0.0,,2.1,109.5675,0.0,0.0,0.0,0.0,7.0,6.45,22.575,0.0,2.21,0.0,0.0,1.36,0.0,0.0,7.76,0.0,0.0,0.58,0.0,0.0,15.28,0.0,0.0,-6.42,0.0,-0.139301666,,10371.7497,0.72742559,197.796869,0.3966704,3912.81236,99.769227,1.05146011,83.7780405,99.99998999999998,100.0,False
2026-05-14 17:30:00,1.115,,104.99,97.85,104.11,116.85,116.85,,7.595249999999994,0.0,0.0,,2.1,109.3155,0.0,0.0,0.0,0.0,7.0,6.45,22.575,0.0,2.21,0.0,0.0,1.36,0.0,0.0,7.76,0.0,0.0,0.58,0.0,0.0,15.28,0.0,0.0,-6.42,0.0,2.107739033333333,,10371.7497,0.780844819,197.850446,0.503575003,4967.33433,99.769227,1.05146011,83.8178562,99.99998999999998,100.0,False
2026-05-14 18:00:00,1.104,,118.0,107.83,112.0,4.79,4.79,,0.2586600000000002,0.0,0.0,,0.0,0.0,2.1,113.2215,0.0,0.0,7.0,6.45,22.575,0.0,2.21,0.0,0.0,1.36,0.0,0.0,7.76,0.0,0.0,0.58,0.0,0.0,15.28,0.0,0.0,-6.42,0.0,2.1402408,,10371.7497,0.835087784,197.905038,0.612146387,6038.29766,99.769227,1.05146011,83.8655004,99.99998999999998,100.0,False
2026-05-14 18:30:00,1.074,,118.0,112.83,117.0,85.0,85.0,,2.040000000000002,0.0,0.0,,2.1,122.85000000000001,0.0,0.0,0.0,0.0,7.0,6.45,22.575,0.0,2.21,0.0,0.0,1.36,0.0,0.0,7.76,0.0,0.0,0.58,0.0,0.0,15.28,0.0,0.0,-6.42,0.0,2.1157757800000003,,10371.7497,0.8887107,197.958869,0.719430402,7096.56221,99.769227,1.05146011,83.9127306,99.99998999999998,100.0,False
2026-05-14 19:00:00,0.0,,127.36,126.99,129.4,135.0,135.0,,0.0,0.0,0.0,,0.0,0.0,0.0,0.0,0.0,0.0,7.0,6.41,22.435000000000002,0.0,3.45,0.0,0.0,0.2,0.0,0.0,7.26,0.0,0.0,-2.95,0.0,0.0,21.5,0.0,0.0,-17.84,0.0,2.0482309566666665,,10371.7497,0.940621737,198.011028,0.823222446,8120.38146,99.769227,1.05146011,83.9596847,99.99998999999998,100.0,False
2026-05-14 19:30:00,0.004,,127.36,130.98,130.0,135.0,135.0,,0.0,0.54,0.0,,0.0,0.0,0.0,0.0,0.0,0.0,7.0,6.41,22.435000000000002,0.0,3.45,0.0,0.0,0.2,0.0,0.0,7.26,0.0,0.0,-2.95,0.0,0.0,21.5,0.0,0.0,-17.84,0.0,-0.0050006111,,10371.7497,0.940748472,198.01118,0.823243003,8120.58424,99.769227,1.05146011,83.9661735,99.99998999999998,100.0,False
2026-05-14 20:00:00,0.223,,128.0,130.79,130.81,135.0,135.0,,3.104999999999999,0.0,0.0,,0.4,26.162000000000003,0.0,0.0,0.0,0.0,7.0,6.41,22.435000000000002,0.0,3.45,0.0,0.0,0.2,0.0,0.0,7.26,0.0,0.0,-2.95,0.0,0.0,21.5,0.0,0.0,-17.84,0.0,0.0068090832666666675,,10371.7497,0.941090801,198.011737,0.823879473,8126.86246,99.769227,1.05146011,83.9661355,99.99998999999998,100.0,False
2026-05-14 20:30:00,0.764,,128.0,133.0,126.9,101.66,101.66,,1.4232400000000012,0.0,0.0,,1.5,95.17500000000001,0.0,0.0,0.0,0.0,7.0,6.41,22.435000000000002,0.0,3.45,0.0,0.0,0.2,0.0,0.0,7.26,0.0,0.0,-2.95,0.0,0.0,21.5,0.0,0.0,-17.84,0.0,0.4303647483333333,,10371.7497,0.951998107,198.022686,0.84611126,8346.15992,99.769227,1.05146011,83.9739069,99.99998999999998,100.0,False
2026-05-14 21:00:00,0.0,,122.61,133.0,129.57,120.0,120.0,,0.0,0.0,0.0,,0.0,0.0,0.0,0.0,0.0,0.0,7.0,6.41,22.435000000000002,0.0,3.45,0.0,0.0,0.2,0.0,0.0,7.26,0.0,0.0,-2.95,0.0,0.0,21.5,0.0,0.0,-17.84,0.0,1.4592119766666667,,10371.7497,0.988980854,198.059841,0.920117607,9076.16889,99.769227,1.05146011,84.0040356,99.99998999999998,100.0,False
2026-05-14 21:30:00,0.0,,122.61,131.43,122.5,120.0,120.0,,0.0,0.0,0.0,,0.0,0.0,0.0,0.0,0.0,0.0,7.0,6.41,22.435000000000002,0.0,3.45,0.0,0.0,0.2,0.0,0.0,7.26,0.0,0.0,-2.95,0.0,0.0,21.5,0.0,0.0,-17.84,0.0,-0.005034500033333333,,10371.7497,0.989108449,198.060044,0.92014068,9076.39649,99.769227,1.05146011,84.0086027,99.99998999999998,100.0,False
2026-05-14 22:00:00,0.0,,110.03,123.24,116.0,120.0,120.0,,0.0,0.0,0.0,,0.0,0.0,0.0,0.0,0.0,0.0,7.0,6.41,22.435000000000002,0.0,3.45,0.0,0.0,0.2,0.0,0.0,7.26,0.0,0.0,-2.95,0.0,0.0,21.5,0.0,0.0,-17.84,0.0,-0.005054888866666667,,10371.7497,0.989236564,198.060297,0.920160266,9076.58969,99.769227,1.05146011,84.0085612,99.99998999999998,100.0,False
2026-05-14 22:30:00,0.001,,110.03,110.75,94.0,120.0,120.0,,0.0,0.12,0.0,,0.0,0.0,0.0,0.0,0.0,0.0,7.0,6.41,22.435000000000002,0.0,3.45,0.0,0.0,0.2,0.0,0.0,7.26,0.0,0.0,-2.95,0.0,0.0,21.5,0.0,0.0,-17.84,0.0,-0.004994138933333333,,10371.7497,0.989363139,198.060551,0.920175868,9076.74359,99.769227,1.05146011,84.0084736,99.99998999999998,100.0,False
2026-05-14 23:00:00,0.049,,115.76,107.0,114.01,125.69,125.69,,-0.12568999999999836,0.0,0.0,,0.7,39.9035,-0.6,-32.1,0.0,0.0,7.0,1.68,5.88,0.0,1.86,0.0,0.0,0.25,0.0,0.0,7.04,0.0,0.0,-2.86,0.0,0.0,18.47,0.0,0.0,-13.7,0.0,-0.0023838889,,10371.7497,0.989471882,198.060905,0.920328916,9078.25327,99.769227,1.05146011,84.0083836,99.99998999999998,100.0,False
2026-05-14 23:30:00,0.0,,115.76,106.0,110.0,120.0,120.0,,0.0,0.0,0.0,,0.0,0.0,0.0,0.0,0.0,0.0,7.0,1.68,5.88,0.0,1.86,0.0,0.0,0.25,0.0,0.0,7.04,0.0,0.0,-2.86,0.0,0.0,18.47,0.0,0.0,-13.7,0.0,0.08828497166666667,,10371.7497,0.991709405,198.063136,0.925201124,9126.31342,99.769227,1.05146011,84.0099129,99.99998999999998,100.0,False
2026-05-15 00:00:00,0.0,,109.0,107.62,104.12,120.0,120.0,,0.0,0.0,0.0,,0.0,0.0,0.0,0.0,0.0,0.0,7.0,1.68,5.88,0.0,1.86,0.0,0.0,0.25,0.0,0.0,7.04,0.0,0.0,-2.86,0.0,0.0,18.47,0.0,0.0,-13.7,0.0,-0.004981416666666666,,10371.7497,0.991835655,198.063338,0.925218221,9126.48206,99.769227,1.05146011,84.0100559,99.99998999999998,100.0,False
2026-05-15 00:30:00,0.0,,109.0,110.0,107.02,70.02,70.02,,0.0,0.0,0.0,,0.0,0.0,0.0,0.0,0.0,0.0,7.0,1.68,5.88,0.0,1.86,0.0,0.0,0.25,0.0,0.0,7.04,0.0,0.0,-2.86,0.0,0.0,18.47,0.0,0.0,-13.7,0.0,-0.005035416599999999,,0.0,0.00012761925,198.063643,2.15202438e-05,0.212278698,99.769227,0.0,84.0098813,99.99998999999998,100.0,False
2026-05-15 01:00:00,0.0,,104.16,108.56,105.0,120.0,120.0,,0.0,0.0,0.0,,0.0,0.0,0.0,0.0,0.0,0.0,7.0,1.68,5.88,0.0,1.86,0.0,0.0,0.25,0.0,0.0,7.04,0.0,0.0,-2.86,0.0,0.0,18.47,0.0,0.0,-13.7,0.0,-0.0050285001000000005,,0.0,0.000255063206,198.063846,3.98065597e-05,0.392657478,99.769227,0.0,84.0097148,99.99998999999998,100.0,False
2026-05-15 01:30:00,0.0,,104.16,105.92,102.56,120.0,120.0,,0.0,0.0,0.0,,0.0,0.0,0.0,0.0,0.0,0.0,7.0,1.68,5.88,0.0,1.86,0.0,0.0,0.25,0.0,0.0,7.04,0.0,0.0,-2.86,0.0,0.0,18.47,0.0,0.0,-13.7,0.0,-0.005002277866666666,,0.0,0.000381842577,198.064049,5.81802404e-05,0.573898037,99.769227,0.0,84.0095354,99.99998999999998,100.0,False
2026-05-15 02:00:00,0.0,,95.04,105.69,102.03,119.85,119.85,,0.0,0.0,0.0,,0.0,0.0,0.0,0.0,0.0,0.0,7.0,1.68,5.88,0.0,1.86,0.0,0.0,0.25,0.0,0.0,7.04,0.0,0.0,-2.86,0.0,0.0,18.47,0.0,0.0,-13.7,0.0,-0.00499125,,0.0,0.000508342455,198.064352,7.65761034e-05,0.755357405,99.769227,0.0,84.0093479,99.99998999999998,100.0,False
2026-05-15 02:30:00,0.0,,95.04,105.72,94.98,119.85,119.85,,0.0,0.0,0.0,,0.0,0.0,0.0,0.0,0.0,0.0,7.0,1.68,5.88,0.0,1.86,0.0,0.0,0.25,0.0,0.0,7.04,0.0,0.0,-2.86,0.0,0.0,18.47,0.0,0.0,-13.7,0.0,-0.00505,,0.0,0.00063633131,198.064454,9.0798358e-05,0.895647715,99.769227,0.0,84.0092129,99.99998999999998,100.0,False
2026-05-15 03:00:00,0.0,,90.19,101.2,95.0,119.85,119.85,,0.0,0.0,0.0,,0.0,0.0,0.0,0.0,0.0,0.0,7.0,1.8,6.3,0.0,2.75,0.0,0.0,0.13,0.0,0.0,6.41,0.0,0.0,-2.23,0.0,0.0,17.57,0.0,0.0,-11.32,0.0,-0.005040361066666666,,0.0,0.000764075875,198.06491,0.000107439491,1.05979818,99.769227,0.0,84.0090807,99.99998999999998,100.0,False
2026-05-15 03:30:00,0.0,,90.19,99.64,93.7,119.85,119.85,,0.0,0.0,0.0,,0.0,0.0,0.0,0.0,0.0,0.0,7.0,1.8,6.3,0.0,2.75,0.0,0.0,0.13,0.0,0.0,6.41,0.0,0.0,-2.23,0.0,0.0,17.57,0.0,0.0,-11.32,0.0,-0.0050359444,,0.0627090683,0.0008917085,198.065011,0.000109748099,1.08257061,99.769227,6.35727679e-06,84.0089368,99.99998999999998,100.0,False
2026-05-15 04:00:00,0.0,,90.0,100.18,95.0,119.85,119.85,,0.0,0.0,0.0,,0.0,0.0,0.0,0.0,0.0,0.0,7.0,1.8,6.3,0.0,2.75,0.0,0.0,0.13,0.0,0.0,6.41,0.0,0.0,-2.23,0.0,0.0,17.57,0.0,0.0,-11.32,0.0,-0.0049998055,,0.0627090683,0.00101842521,198.065315,0.000126542665,1.24823456,99.769227,6.35727679e-06,84.0088034,99.99998999999998,100.0,False
2026-05-15 04:30:00,0.0,,90.0,100.94,95.0,129.0,129.0,,0.0,0.0,0.0,,0.0,0.0,0.0,0.0,0.0,0.0,7.0,1.8,6.3,0.0,2.75,0.0,0.0,0.13,0.0,0.0,6.41,0.0,0.0,-2.23,0.0,0.0,17.57,0.0,0.0,-11.32,0.0,-0.005010111133333333,,0.0627090683,0.00114540311,198.065467,0.000143125423,1.41180921,99.769227,6.35727679e-06,84.008658,99.99998999999998,100.0,False
2026-05-15 05:00:00,0.0,,94.0,102.7,95.0,119.85,119.85,,0.0,0.0,0.0,,0.0,0.0,0.0,0.0,0.0,0.0,7.0,1.8,6.3,0.0,2.75,0.0,0.0,0.13,0.0,0.0,6.41,0.0,0.0,-2.23,0.0,0.0,17.57,0.0,0.0,-11.32,0.0,-0.0050197221666666665,,0.0627090683,0.0012726246,198.065771,0.000158387897,1.56236039,99.769227,6.35727679e-06,84.0085553,99.99998999999998,100.0,False
2026-05-15 05:30:00,0.0,,94.0,104.27,100.0,119.85,119.85,,0.0,0.0,0.0,,0.0,0.0,0.0,0.0,0.0,0.0,7.0,1.8,6.3,0.0,2.75,0.0,0.0,0.13,0.0,0.0,6.41,0.0,0.0,-2.23,0.0,0.0,17.57,0.0,0.0,-11.32,0.0,-0.004979611066666667,,0.0734252843,0.0013988295,198.066025,0.000165384636,1.6313772,99.769227,7.44365797e-06,84.008419,99.99998999999998,100.0,False
2026-05-15 06:00:00,0.0,,102.64,108.99,100.44,123.84,123.84,,0.0,0.0,0.0,,0.0,0.0,0.0,0.0,0.0,0.0,7.0,1.8,6.3,0.0,2.75,0.0,0.0,0.13,0.0,0.0,6.41,0.0,0.0,-2.23,0.0,0.0,17.57,0.0,0.0,-11.32,0.0,-0.004968305533333333,,0.0734252843,0.00152474786,198.066228,0.000178932426,1.7650145,99.769227,7.44365797e-06,84.0083359,99.99998999999998,100.0,False
2026-05-15 06:30:00,0.0,,102.64,115.01,118.0,134.45,134.45,,0.0,0.0,0.0,,0.0,0.0,0.0,0.0,0.0,0.0,7.0,1.8,6.3,0.0,2.75,0.0,0.0,0.13,0.0,0.0,6.41,0.0,0.0,-2.23,0.0,0.0,17.57,0.0,0.0,-11.32,0.0,-0.005024861133333333,,0.0734252843,0.00165209959,198.066482,0.000186817391,1.8427929,99.769227,7.44365797e-06,84.0082756,99.99998999999998,100.0,False
2026-05-15 07:00:00,0.0,,109.3,110.9,110.0,134.45,134.45,,0.0,0.0,0.0,,0.0,0.0,0.0,0.0,0.0,0.0,7.0,5.97,20.895,0.0,2.39,0.0,0.0,1.45,0.0,0.0,5.23,0.0,0.0,-0.95,0.0,0.0,15.24,0.0,0.0,-11.39,0.0,-0.0049830278,,0.0734252843,0.00177839108,198.066734,0.00019989851,1.97182689,99.769227,7.44365797e-06,84.0082044,99.99998999999998,100.0,False
2026-05-15 07:30:00,0.0,,109.3,114.76,113.0,134.0,134.0,,0.0,0.0,0.0,,0.0,0.0,0.0,0.0,0.0,0.0,7.0,5.97,20.895,0.0,2.39,0.0,0.0,1.45,0.0,0.0,5.23,0.0,0.0,-0.95,0.0,0.0,15.24,0.0,0.0,-11.39,0.0,-0.00496225,,0.0734252843,0.00190415598,198.067039,0.000224954272,2.21898043,99.769227,7.44365797e-06,84.00811,99.99998999999998,100.0,False
2026-05-15 08:00:00,0.0,,102.16,93.54,95.0,130.0,130.0,,0.0,0.0,0.0,,0.0,0.0,0.0,0.0,0.0,0.0,7.0,5.97,20.895,0.0,2.39,0.0,0.0,1.45,0.0,0.0,5.23,0.0,0.0,-0.95,0.0,0.0,15.24,0.0,0.0,-11.39,0.0,-0.0049855555,,0.0734252843,0.00203051153,198.067191,0.000249947775,2.46551985,99.769227,7.44365797e-06,84.0080192,99.99998999999998,100.0,False
2026-05-15 08:30:00,0.0,,102.16,85.16,90.0,129.0,129.0,,0.0,0.0,0.0,,0.0,0.0,0.0,0.0,0.0,0.0,7.0,5.97,20.895,0.0,2.39,0.0,0.0,1.45,0.0,0.0,5.23,0.0,0.0,-0.95,0.0,0.0,15.24,0.0,0.0,-11.39,0.0,-0.0049735277999999996,,0.0734252843,0.00215656225,198.067495,0.000271876193,2.68182483,99.769227,7.44365797e-06,84.0079239,99.99998999999998,100.0,False
2026-05-15 09:00:00,0.0,,89.65,86.2,82.0,126.0,126.0,,0.0,0.0,0.0,,0.0,0.0,0.0,0.0,0.0,0.0,7.0,5.97,20.895,0.0,2.39,0.0,0.0,1.45,0.0,0.0,5.23,0.0,0.0,-0.95,0.0,0.0,15.24,0.0,0.0,-11.39,0.0,-0.004971638866666667,,0.0734252843,0.00228256509,198.067596,0.000306340885,3.02178938,99.769227,7.44365797e-06,84.0078366,99.99998999999998,100.0,False
2026-05-15 09:30:00,-0.007,,89.65,85.0,82.0,114.88,114.88,,0.0,-0.80416,0.0,,0.0,0.0,0.0,0.0,0.0,0.0,7.0,5.97,20.895,0.0,2.39,0.0,0.0,1.45,0.0,0.0,5.23,0.0,0.0,-0.95,0.0,0.0,15.24,0.0,0.0,-11.39,0.0,-0.0049755556,,0.0734252843,0.00240866721,198.068002,0.000332106252,3.27594256,99.769227,7.44365797e-06,84.0077858,99.99998999999998,100.0,False
2026-05-15 10:00:00,-0.297,,79.75,82.78,80.81,101.59,101.59,,0.30477000000000026,0.0,0.0,,0.0,0.0,-0.6,-24.834,0.0,0.0,7.0,5.97,20.895,0.0,2.39,0.0,0.0,1.45,0.0,0.0,5.23,0.0,0.0,-0.95,0.0,0.0,15.24,0.0,0.0,-11.39,0.0,-0.024378500466666665,,9.7823328,0.00302652392,198.06861,0.000340902697,3.36271193,99.769227,0.000991706606,84.0077253,99.99998999999998,100.0,False
2026-05-15 10:30:00,0.0,,79.75,77.66,78.89,113.18,113.18,,0.0,0.0,0.0,,0.0,0.0,0.0,0.0,0.0,0.0,7.0,5.97,20.895,0.0,2.39,0.0,0.0,1.45,0.0,0.0,5.23,0.0,0.0,-0.95,0.0,0.0,15.24,0.0,0.0,-11.39,0.0,-0.5766610833333333,,294.907688,0.0176416116,198.08336,0.000340902697,3.36271193,99.769227,0.0298969487,83.9982413,99.99998999999998,100.0,False
2026-05-15 11:00:00,0.0,,79.86,75.8,75.6,117.0,117.0,,0.0,0.0,0.0,,-4.0,-151.2,4.0,151.6,0.0,0.0,7.0,2.92,10.219999999999999,0.0,2.32,0.0,0.0,1.65,0.0,0.0,5.07,0.0,0.0,3.79,0.0,0.0,13.03,0.0,0.0,-10.6,0.0,-0.0055394722,,295.104115,0.0177820058,198.083614,0.000356910567,3.5206158,99.769227,0.029916862,83.9966493,99.99998999999998,100.0,False
2026-05-15 11:30:00,0.0,,79.86,76.97,79.0,112.47,112.47,,0.0,0.0,0.0,,-4.0,-158.0,4.0,153.94,0.0,0.0,7.0,2.92,10.219999999999999,0.0,2.32,0.0,0.0,1.65,0.0,0.0,5.07,0.0,0.0,3.79,0.0,0.0,13.03,0.0,0.0,-10.6,0.0,-0.004940250033333334,,295.104115,0.0179072131,198.083867,0.000384515192,3.79291169,99.769227,0.029916862,83.996591,99.99998999999998,100.0,False
2026-05-15 12:00:00,-0.042,,84.7,76.0,80.0,117.0,117.0,,0.0,-4.914000000000001,0.0,,0.0,0.0,0.0,0.0,0.0,0.0,7.0,2.92,10.219999999999999,0.0,2.32,0.0,0.0,1.65,0.0,0.0,5.07,0.0,0.0,3.79,0.0,0.0,13.03,0.0,0.0,-10.6,0.0,-0.004978833333333333,,295.104115,0.0180333982,198.08407,0.000421406077,4.15680854,99.769227,0.029916862,83.9965465,99.99998999999998,100.0,False
2026-05-15 12:30:00,-2.017,,84.7,76.28,79.71,109.87,109.87,,-1.8677899999999896,0.0,0.0,,-2.4,-95.65199999999999,-1.6,-61.024,0.0,0.0,7.0,2.92,10.219999999999999,0.0,2.32,0.0,0.0,1.65,0.0,0.0,5.07,0.0,0.0,3.79,0.0,0.0,13.03,0.0,0.0,-10.6,0.0,-0.11924144443333334,,353.420432,0.0210554925,198.087365,0.000443019391,4.3700053,99.769227,0.0358288135,83.9964249,99.99998999999998,100.0,False
2026-05-15 13:00:00,0.0,,85.32,70.41,78.6,122.0,122.0,,0.0,0.0,0.0,,0.0,0.0,0.0,0.0,0.0,0.0,7.0,2.92,10.219999999999999,0.0,2.32,0.0,0.0,1.65,0.0,0.0,5.07,0.0,0.0,3.79,0.0,0.0,13.03,0.0,0.0,-10.6,0.0,-3.8534689666666666,,2284.16427,0.118719074,198.185245,0.000443019391,4.3700053,99.769227,0.231562434,83.9324127,99.99998999999998,100.0,False
2026-05-15 13:30:00,-0.042,,85.32,70.0,76.74,122.0,122.0,,0.0,-5.1240000000000006,0.0,,-4.0,-153.48,4.0,140.0,0.0,0.0,7.0,2.92,10.219999999999999,0.0,2.32,0.0,0.0,1.65,0.0,0.0,5.07,0.0,0.0,3.79,0.0,0.0,13.03,0.0,0.0,-10.6,0.0,-0.004987833366666666,,2284.16427,0.118845488,198.185448,0.000480272643,4.73747659,99.769227,0.231562434,83.9221196,99.99998999999998,100.0,False
2026-05-15 14:00:00,-2.074,,86.0,77.06,78.65,117.0,117.0,,-8.657999999999982,0.0,0.0,,0.0,0.0,-4.0,-154.12,0.0,0.0,7.0,2.92,10.219999999999999,0.0,2.32,0.0,0.0,1.65,0.0,0.0,5.07,0.0,0.0,3.79,0.0,0.0,13.03,0.0,0.0,-10.6,0.0,-0.12023733113333333,,2342.98851,0.121892822,198.188742,0.000503418012,4.96578575,99.769227,0.237525878,83.9219263,99.99998999999998,100.0,False
2026-05-15 14:30:00,-2.032,,86.0,76.52,80.0,82.3,82.3,,-2.633600000000002,0.0,0.0,,0.0,0.0,-4.0,-153.04,0.0,0.0,7.0,2.92,10.219999999999999,0.0,2.32,0.0,0.0,1.65,0.0,0.0,5.07,0.0,0.0,3.79,0.0,0.0,13.03,0.0,0.0,-10.6,0.0,-3.9852514666666665,,4341.27789,0.222896342,198.29012,0.000503418012,4.96578575,99.769227,0.440107084,83.8577675,99.99998999999998,100.0,False
2026-05-15 15:00:00,0.0,,90.39,85.53,84.0,83.6,83.6,,0.0,0.0,0.0,,0.0,0.0,0.0,0.0,0.0,0.0,7.0,6,21,0.0,1.8,0.0,0.0,1.4,0.0,0.0,6.95,0.0,0.0,0.01,0.0,0.0,18.26,0.0,0.0,-8.11,0.0,-3.8723262999999997,,6281.40949,0.32103785,198.388506,0.000503418012,4.96578575,99.769227,0.636792411,83.7833472,99.99998999999998,100.0,False
2026-05-15 15:30:00,0.0,,90.39,90.77,88.6,84.96,84.96,,0.0,0.0,0.0,,0.0,0.0,0.0,0.0,0.0,0.0,7.0,6,21,0.0,1.8,0.0,0.0,1.4,0.0,0.0,6.95,0.0,0.0,0.01,0.0,0.0,18.26,0.0,0.0,-8.11,0.0,-0.005325888833333334,,6281.46278,0.321172831,198.388811,0.000524157255,5.17036055,99.769227,0.636797813,83.7729787,99.99998999999998,100.0,False
2026-05-15 16:00:00,0.0,,96.57,92.89,93.35,91.58,91.58,,0.0,0.0,0.0,,0.0,0.0,0.0,0.0,0.0,0.0,7.0,6,21,0.0,1.8,0.0,0.0,1.4,0.0,0.0,6.95,0.0,0.0,0.01,0.0,0.0,18.26,0.0,0.0,-8.11,0.0,-0.00494425,,6281.46278,0.32129814,198.388962,0.000553481314,5.45961717,99.769227,0.636797813,83.7729209,99.99998999999998,100.0,False
2026-05-15 16:30:00,0.002,,96.57,98.55,95.0,70.0,70.0,,0.0,0.14,0.0,,0.0,0.0,0.0,0.0,0.0,0.0,7.0,6,21,0.0,1.8,0.0,0.0,1.4,0.0,0.0,6.95,0.0,0.0,0.01,0.0,0.0,18.26,0.0,0.0,-8.11,0.0,-0.0050195833999999995,,6281.46278,0.321425358,198.389216,0.000591486101,5.83450171,99.769227,0.636797813,83.7728577,99.99998999999998,100.0,False
2026-05-15 17:00:00,0.1,,108.31,107.78,114.17,81.0,81.0,,0.0,8.1,0.0,,0.0,0.0,0.2,10.778,0.0,0.0,7.0,6,21,0.0,1.8,0.0,0.0,1.4,0.0,0.0,6.95,0.0,0.0,0.01,0.0,0.0,18.26,0.0,0.0,-8.11,0.0,0.0007414999999999996,,6281.46278,0.321612108,198.389571,0.000927769506,9.15164829,99.769227,0.636797813,83.7727959,99.99998999999998,100.0,False
2026-05-15 17:30:00,0.047,,108.31,103.1,105.5,81.0,81.0,,0.0,3.807,0.0,,0.2,10.55,-0.2,-10.31,0.0,0.0,7.0,6,21,0.0,1.8,0.0,0.0,1.4,0.0,0.0,6.95,0.0,0.0,0.01,0.0,0.0,18.26,0.0,0.0,-8.11,0.0,0.18456033333333333,,6281.46278,0.326289666,198.394285,0.0107009359,105.55553,99.769227,0.636797813,83.7765968,99.99998999999998,100.0,False
2026-05-15 18:00:00,2.322,,116.0,109.9,108.0,81.0,81.0,,-46.81799999999999,0.0,0.0,,5.8,313.2,0.0,0.0,0.0,0.0,7.0,6,21,0.0,1.8,0.0,0.0,1.4,0.0,0.0,6.95,0.0,0.0,0.01,0.0,0.0,18.26,0.0,0.0,-8.11,0.0,0.12471035783333333,,6281.46278,0.329617269,198.398036,0.0174253879,171.886466,99.769227,0.636797813,83.7773116,99.99998999999998,100.0,False
2026-05-15 18:30:00,2.911,,116.0,117.44,119.0,56.59,56.59,,-16.35451000000001,0.0,0.0,,6.4,380.8,0.0,0.0,0.0,0.0,7.0,6,21,0.0,1.8,0.0,0.0,1.4,0.0,0.0,6.95,0.0,0.0,0.01,0.0,0.0,18.26,0.0,0.0,-8.11,0.0,4.4489938,,6281.46278,0.442374028,198.511426,0.243182129,2398.78257,99.769227,0.636797813,83.8704121,99.99998999999998,100.0,False
2026-05-15 19:00:00,0.0,,125.93,125.44,127.35,115.09,115.09,,0.0,0.0,0.0,,0.0,0.0,0.0,0.0,0.0,0.0,7.0,7.35,25.724999999999998,0.0,3.85,0.0,0.0,0.45,0.0,0.0,7.09,0.0,0.0,-3.37,0.0,0.0,8.78,0.0,0.0,-6.02,0.0,5.5702595,,6281.46278,0.583548512,198.653557,0.526047007,5189.00132,99.769227,0.636797813,83.9862252,99.99998999999998,100.0,False
2026-05-15 19:30:00,0.0,,125.93,125.92,129.0,139.45,139.45,,0.0,0.0,0.0,,0.0,0.0,0.0,0.0,0.0,0.0,7.0,7.35,25.724999999999998,0.0,3.85,0.0,0.0,0.45,0.0,0.0,7.09,0.0,0.0,-3.37,0.0,0.0,8.78,0.0,0.0,-6.02,0.0,-0.005046944366666667,,6281.46278,0.583676424,198.653811,0.526079856,5189.32535,99.769227,0.636797813,84.002939,99.99998999999998,100.0,False
2026-05-15 20:00:00,0.0,,128.0,126.44,129.51,139.45,139.45,,0.0,0.0,0.0,,0.0,0.0,0.0,0.0,0.0,0.0,7.0,7.35,25.724999999999998,0.0,3.85,0.0,0.0,0.45,0.0,0.0,7.09,0.0,0.0,-3.37,0.0,0.0,8.78,0.0,0.0,-6.02,0.0,-0.004990916733333333,,6281.46278,0.583802915,198.654115,0.526114531,5189.66739,99.769227,0.636797813,84.0029305,99.99998999999998,100.0,False
2026-05-15 20:30:00,0.0,,128.0,129.56,127.71,129.0,129.0,,0.0,0.0,0.0,,0.0,0.0,0.0,0.0,0.0,0.0,7.0,7.35,25.724999999999998,0.0,3.85,0.0,0.0,0.45,0.0,0.0,7.09,0.0,0.0,-3.37,0.0,0.0,8.78,0.0,0.0,-6.02,0.0,-0.005021250033333333,,6281.46278,0.583930175,198.654317,0.526154988,5190.06646,99.769227,0.636797813,84.0029195,99.99998999999998,100.0,False
2026-05-15 21:00:00,0.0,,131.17,124.55,118.71,20.0,20.0,,0.0,0.0,0.0,,0.0,0.0,0.0,0.0,0.0,0.0,7.0,7.35,25.724999999999998,0.0,3.85,0.0,0.0,0.45,0.0,0.0,7.09,0.0,0.0,-3.37,0.0,0.0,8.78,0.0,0.0,-6.02,0.0,-0.005010361066666667,,6281.46278,0.584057159,198.654571,0.526190794,5190.41966,99.769227,0.636797813,84.002904,99.99998999999998,100.0,False
2026-05-15 21:30:00,0.0,,131.17,121.59,118.87,84.77,84.77,,0.0,0.0,0.0,,0.0,0.0,0.0,0.0,0.0,0.0,7.0,7.35,25.724999999999998,0.0,3.85,0.0,0.0,0.45,0.0,0.0,7.09,0.0,0.0,-3.37,0.0,0.0,8.78,0.0,0.0,-6.02,0.0,-0.004963055533333333,,6281.46278,0.584182944,198.654723,0.526223173,5190.73905,99.769227,0.636797813,84.0028426,99.99998999999998,100.0,False
2026-05-15 22:00:00,-0.019,,118.9,116.52,119.24,89.43,89.43,,0.0,-1.69917,0.0,,0.0,0.0,0.0,0.0,0.0,0.0,7.0,7.35,25.724999999999998,0.0,3.85,0.0,0.0,0.45,0.0,0.0,7.09,0.0,0.0,-3.37,0.0,0.0,8.78,0.0,0.0,-6.02,0.0,-0.005046694433333333,,6281.46278,0.584310849,198.655028,0.526248812,5190.99196,99.769227,0.636797813,84.002799,99.99998999999998,100.0,False
2026-05-15 22:30:00,-0.921,,118.9,113.98,107.82,90.0,90.0,,-1.8900000000000017,0.0,0.0,,-1.8,-97.038,0.0,0.0,0.0,0.0,7.0,7.35,25.724999999999998,0.0,3.85,0.0,0.0,0.45,0.0,0.0,7.09,0.0,0.0,-3.37,0.0,0.0,8.78,0.0,0.0,-6.02,0.0,-0.057676277733333337,,6308.20801,0.585772616,198.65665,0.526267483,5191.17613,99.769227,0.639509173,84.0027273,99.99998999999998,100.0,False
2026-05-15 23:00:00,0.0,,113.2,114.08,105.36,98.39,98.39,,0.0,0.0,0.0,,0.0,0.0,0.0,0.0,0.0,0.0,7.0,1.55,5.425,0.0,0.56,0.0,0.0,0.62,0.0,0.0,5.49,0.0,0.0,-2.88,0.0,0.0,17.08,0.0,0.0,-13.2,0.0,-1.7658930466666665,,7187.06321,0.630527989,198.701661,0.526267483,5191.17613,99.769227,0.728605151,83.973653,99.99998999999998,100.0,False
2026-05-15 23:30:00,0.0,,113.2,115.58,116.0,125.0,125.0,,0.0,0.0,0.0,,0.0,0.0,0.0,0.0,0.0,0.0,7.0,1.55,5.425,0.0,0.56,0.0,0.0,0.62,0.0,0.0,5.49,0.0,0.0,-2.88,0.0,0.0,17.08,0.0,0.0,-13.2,0.0,-0.0050264167,,7187.06321,0.63065538,198.701813,0.52629014,5191.39962,99.769227,0.728605151,83.9689269,99.99998999999998,100.0,False
2026-05-16 00:00:00,0.0,,109.11,108.86,105.1,125.0,125.0,,0.0,0.0,0.0,,0.0,0.0,0.0,0.0,0.0,0.0,7.0,1.55,5.425,0.0,0.56,0.0,0.0,0.62,0.0,0.0,5.49,0.0,0.0,-2.88,0.0,0.0,17.08,0.0,0.0,-13.2,0.0,-0.0050076111333333334,,7187.06321,0.630782295,198.702117,0.526317194,5191.66649,99.769227,0.728605151,83.9688772,99.99998999999998,100.0,False
2026-05-16 00:30:00,0.0,,109.11,109.9,102.35,125.0,125.0,,0.0,0.0,0.0,,0.0,0.0,0.0,0.0,0.0,0.0,7.0,1.55,5.425,0.0,0.56,0.0,0.0,0.62,0.0,0.0,5.49,0.0,0.0,-2.88,0.0,0.0,17.08,0.0,0.0,-13.2,0.0,-0.004997361133333334,,0.0,0.00012665476,198.702319,2.08701101e-05,0.205865688,99.769227,0.0,83.9688208,99.99998999999998,100.0,False
2026-05-16 01:00:00,0.0,,106.03,106.0,98.32,125.0,125.0,,0.0,0.0,0.0,,0.0,0.0,0.0,0.0,0.0,0.0,7.0,1.55,5.425,0.0,0.56,0.0,0.0,0.62,0.0,0.0,5.49,0.0,0.0,-2.88,0.0,0.0,17.08,0.0,0.0,-13.2,0.0,-0.005038194433333334,,0.0,0.000254344413,198.702675,3.89920262e-05,0.384622805,99.769227,0.0,83.9687889,99.99998999999998,100.0,False
2026-05-16 01:30:00,0.0,,106.03,107.4,105.92,120.0,120.0,,0.0,0.0,0.0,,0.0,0.0,0.0,0.0,0.0,0.0,7.0,1.55,5.425,0.0,0.56,0.0,0.0,0.62,0.0,0.0,5.49,0.0,0.0,-2.88,0.0,0.0,17.08,0.0,0.0,-13.2,0.0,-0.0049875278,,0.0,0.000380749953,198.702776,6.05407007e-05,0.597181947,99.769227,0.0,83.9687096,99.99998999999998,100.0,False
2026-05-16 02:00:00,0.0,,105.6,107.7,103.4,120.0,120.0,,0.0,0.0,0.0,,0.0,0.0,0.0,0.0,0.0,0.0,7.0,1.55,5.425,0.0,0.56,0.0,0.0,0.62,0.0,0.0,5.49,0.0,0.0,-2.88,0.0,0.0,17.08,0.0,0.0,-13.2,0.0,-0.00500475,,0.0,0.00050759198,198.70308,7.45069087e-05,0.734946578,99.769227,0.0,83.9686168,99.99998999999998,100.0,False
2026-05-16 02:30:00,0.0,,105.6,106.0,97.0,93.79,93.79,,0.0,0.0,0.0,,0.0,0.0,0.0,0.0,0.0,0.0,7.0,1.55,5.425,0.0,0.56,0.0,0.0,0.62,0.0,0.0,5.49,0.0,0.0,-2.88,0.0,0.0,17.08,0.0,0.0,-13.2,0.0,-0.0050069166666666665,,0.0,0.000634488915,198.703283,8.73082032e-05,0.86122034,99.769227,0.0,83.9685375,99.99998999999998,100.0,False
2026-05-16 03:00:00,0.0,,104.96,102.58,97.94,93.71,93.71,,0.0,0.0,0.0,,0.0,0.0,0.0,0.0,0.0,0.0,7.0,1.99,6.965,0.0,0.94,0.0,0.0,0.55,0.0,0.0,4.63,0.0,0.0,-1.69,0.0,0.0,17.15,0.0,0.0,-10.3,0.0,-0.004995722233333334,,0.0,0.00076110214,198.703536,9.47368741e-05,0.934497789,99.769227,0.0,83.968482,99.99998999999998,100.0,False
2026-05-16 03:30:00,0.0,,104.96,101.74,96.5,85.82,85.82,,0.0,0.0,0.0,,0.0,0.0,0.0,0.0,0.0,0.0,7.0,1.99,6.965,0.0,0.94,0.0,0.0,0.55,0.0,0.0,4.63,0.0,0.0,-1.69,0.0,0.0,17.15,0.0,0.0,-10.3,0.0,-0.005064416666666666,,0.0,0.00088945638,198.703841,9.9338969e-05,0.979893498,99.769227,0.0,83.9684412,99.99998999999998,100.0,False
2026-05-16 04:00:00,0.0,,103.99,99.36,93.8,85.8,85.8,,0.0,0.0,0.0,,0.0,0.0,0.0,0.0,0.0,0.0,7.0,1.99,6.965,0.0,0.94,0.0,0.0,0.55,0.0,0.0,4.63,0.0,0.0,-1.69,0.0,0.0,17.15,0.0,0.0,-10.3,0.0,-0.0050397222,,0.0,0.00101718475,198.704043,0.000104480733,1.03061258,99.769227,0.0,83.9683589,99.99998999999998,100.0,False
2026-05-16 04:30:00,-0.048,,103.99,98.0,95.74,120.0,120.0,,0.0,-5.76,0.0,,0.0,0.0,0.0,0.0,0.0,0.0,7.0,1.99,6.965,0.0,0.94,0.0,0.0,0.55,0.0,0.0,4.63,0.0,0.0,-1.69,0.0,0.0,17.15,0.0,0.0,-10.3,0.0,-0.0050414167,,0.0,0.00114495607,198.704347,0.000111792777,1.1027396,99.769227,0.0,83.96829,99.99998999999998,100.0,False
2026-05-16 05:00:00,-2.029,,101.9,100.1,97.0,120.0,120.0,,-3.4799999999999898,0.0,0.0,,-4.0,-194.0,0.0,0.0,0.0,0.0,7.0,1.99,6.965,0.0,0.94,0.0,0.0,0.55,0.0,0.0,4.63,0.0,0.0,-1.69,0.0,0.0,17.15,0.0,0.0,-10.3,0.0,-0.1289319733,,63.0699667,0.00441265029,198.707794,0.000119899785,1.18270827,99.769227,0.0063938637,83.9681229,99.99998999999998,100.0,False
2026-05-16 05:30:00,-0.703,,101.9,98.81,97.0,89.63,89.63,,-4.750390000000004,0.0,0.0,,-2.4,-116.39999999999999,1.1,54.34550000000001,0.0,0.0,7.0,1.99,6.965,0.0,0.94,0.0,0.0,0.55,0.0,0.0,4.63,0.0,0.0,-1.69,0.0,0.0,17.15,0.0,0.0,-10.3,0.0,-3.9095043,,2017.15782,0.10349641,198.807194,0.000119899785,1.18270827,99.769227,0.204494038,83.9041154,99.99998999999998,100.0,False
2026-05-16 06:00:00,-2.02,,99.91,97.93,102.0,85.81,85.81,,-1.7162000000000015,0.0,0.0,,-4.0,-204.0,0.0,0.0,0.0,0.0,7.0,1.99,6.965,0.0,0.94,0.0,0.0,0.55,0.0,0.0,4.63,0.0,0.0,-1.69,0.0,0.0,17.15,0.0,0.0,-10.3,0.0,-1.39766983,,2712.48013,0.138919413,198.842981,0.000119899785,1.18270827,99.769227,0.274983945,83.8727898,99.99998999999998,100.0,False
2026-05-16 06:30:00,-1.119,,99.91,98.5,100.7,86.32,86.32,,76.04791999999999,0.0,0.0,,-4.0,-201.4,0.0,0.0,0.0,0.0,7.0,1.99,6.965,0.0,0.94,0.0,0.0,0.55,0.0,0.0,4.63,0.0,0.0,-1.69,0.0,0.0,17.15,0.0,0.0,-10.3,0.0,-4.0018446,,4714.26855,0.240343475,198.944763,0.000119899785,1.18270827,99.769227,0.477919874,83.8053145,99.99998999999998,99.99305600000001,False
2026-05-16 07:00:00,0.0,,108.85,108.86,107.2,90.37,90.37,,0.0,0.0,0.0,,0.0,0.0,0.0,0.0,0.0,0.0,7.0,6.24,21.84,0.0,1.17,0.0,0.0,0.01,0.0,0.0,5.9,0.0,0.0,-3.99,0.0,0.0,14.87,0.0,0.0,-15.95,0.0,-2.185800705666667,,5805.45807,0.295741125,199.000318,0.000119899785,1.18270827,99.769227,0.588541735,83.7524851,99.99998999999998,100.0,False
2026-05-16 07:30:00,0.0,,108.85,111.48,109.33,85.8,85.8,,0.0,0.0,0.0,,0.0,0.0,0.0,0.0,0.0,0.0,7.0,6.24,21.84,0.0,1.17,0.0,0.0,0.01,0.0,0.0,5.9,0.0,0.0,-3.99,0.0,0.0,14.87,0.0,0.0,-15.95,0.0,-0.005027388833333334,,5805.45807,0.29586854,199.000623,0.00012935855,1.27601085,99.769227,0.588541735,83.7523745,99.99998999999998,100.0,False
2026-05-16 08:00:00,0.0,,106.5,111.0,107.13,86.32,86.32,,0.0,0.0,0.0,,0.0,0.0,0.0,0.0,0.0,0.0,7.0,6.24,21.84,0.0,1.17,0.0,0.0,0.01,0.0,0.0,5.9,0.0,0.0,-3.99,0.0,0.0,14.87,0.0,0.0,-15.95,0.0,-0.004952916700000001,,5805.46748,0.295994069,199.000825,0.000132088972,1.30294411,99.769227,0.588542689,83.7523507,99.99998999999998,100.0,False
2026-05-16 08:30:00,0.0,,106.5,110.1,112.87,86.32,86.32,,0.0,0.0,0.0,,0.0,0.0,0.0,0.0,0.0,0.0,7.0,6.24,21.84,0.0,1.17,0.0,0.0,0.01,0.0,0.0,5.9,0.0,0.0,-3.99,0.0,0.0,14.87,0.0,0.0,-15.95,0.0,-0.004974611133333333,,5805.47531,0.296120147,199.001079,0.000138137804,1.36261064,99.769227,0.588543483,83.7523461,99.99998999999998,100.0,False
2026-05-16 09:00:00,0.0,,107.0,108.1,108.5,86.12,86.12,,0.0,0.0,0.0,,0.0,0.0,0.0,0.0,0.0,0.0,7.0,6.24,21.84,0.0,1.17,0.0,0.0,0.01,0.0,0.0,5.9,0.0,0.0,-3.99,0.0,0.0,14.87,0.0,0.0,-15.95,0.0,-0.0049753055,,5805.47531,0.296246243,199.001332,0.000146806672,1.44812157,99.769227,0.588543483,83.752383,99.99998999999998,100.0,False
2026-05-16 09:30:00,0.0,,107.0,110.14,105.1,85.8,85.8,,0.0,0.0,0.0,,0.0,0.0,0.0,0.0,0.0,0.0,7.0,6.24,21.84,0.0,1.17,0.0,0.0,0.01,0.0,0.0,5.9,0.0,0.0,-3.99,0.0,0.0,14.87,0.0,0.0,-15.95,0.0,-0.0049323889,,5805.47531,0.296371251,199.001586,0.00015192706,1.49862979,99.769227,0.588543483,83.7524087,99.99998999999998,100.0,False
2026-05-16 10:00:00,0.0,,108.0,117.0,114.0,85.1,85.1,,0.0,0.0,0.0,,0.0,0.0,0.0,0.0,0.0,0.0,7.0,6.24,21.84,0.0,1.17,0.0,0.0,0.01,0.0,0.0,5.9,0.0,0.0,-3.99,0.0,0.0,14.87,0.0,0.0,-15.95,0.0,-0.0068641389,,5806.41416,0.296545218,199.001839,0.000157094106,1.54959825,99.769227,0.588638661,83.7524203,99.99998999999998,100.0,False
2026-05-16 10:30:00,0.0,,108.0,112.0,111.13,86.32,86.32,,0.0,0.0,0.0,,0.0,0.0,0.0,0.0,0.0,0.0,7.0,6.24,21.84,0.0,1.17,0.0,0.0,0.01,0.0,0.0,5.9,0.0,0.0,-3.99,0.0,0.0,14.87,0.0,0.0,-15.95,0.0,-0.006391416566666666,,5807.10458,0.296707204,199.002092,0.000160123115,1.57947682,99.769227,0.588708654,83.7524497,99.99998999999998,100.0,False
2026-05-16 11:00:00,0.0,,111.0,114.81,120.07,86.32,86.32,,0.0,0.0,0.0,,0.0,0.0,0.0,0.0,0.0,0.0,7.0,3.17,11.094999999999999,0.0,1.6,0.0,0.0,0.01,0.0,0.0,4.29,0.0,0.0,-3.21,0.0,0.0,15.73,0.0,0.0,-16.59,0.0,-0.005810944500000001,,5807.53001,0.296854479,199.002346,0.000162075308,1.59873353,99.769227,0.588751783,83.7524634,99.99998999999998,100.0,False
2026-05-16 11:30:00,0.0,,111.0,110.66,118.4,86.41,86.41,,0.0,0.0,0.0,,0.0,0.0,0.0,0.0,0.0,0.0,7.0,3.17,11.094999999999999,0.0,1.6,0.0,0.0,0.01,0.0,0.0,4.29,0.0,0.0,-3.21,0.0,0.0,15.73,0.0,0.0,-16.59,0.0,-0.005424611133333333,,5807.76285,0.296991962,199.00265,0.000166632693,1.64368821,99.769227,0.588775387,83.7524691,99.99998999999998,100.0,False
2026-05-16 12:00:00,0.0,,113.0,114.66,120.6,86.41,86.41,,0.0,0.0,0.0,,0.0,0.0,0.0,0.0,0.0,0.0,7.0,3.17,11.094999999999999,0.0,1.6,0.0,0.0,0.01,0.0,0.0,4.29,0.0,0.0,-3.21,0.0,0.0,15.73,0.0,0.0,-16.59,0.0,-0.005100916666666667,,5807.8142,0.297121241,199.002853,0.000176857467,1.74454681,99.769227,0.588780593,83.7524955,99.99998999999998,100.0,False
2026-05-16 12:30:00,0.0,,113.0,112.92,118.52,120.0,120.0,,0.0,0.0,0.0,,0.0,0.0,0.0,0.0,0.0,0.0,7.0,3.17,11.094999999999999,0.0,1.6,0.0,0.0,0.01,0.0,0.0,4.29,0.0,0.0,-3.21,0.0,0.0,15.73,0.0,0.0,-16.59,0.0,-0.006123194433333333,,5808.34582,0.297276429,199.003157,0.000181633188,1.7916552,99.769227,0.588834487,83.7525042,99.99998999999998,100.0,False
2026-05-16 13:00:00,0.0,,112.0,111.1,114.9,92.8,92.8,,0.0,0.0,0.0,,0.0,0.0,0.0,0.0,0.0,0.0,7.0,3.17,11.094999999999999,0.0,1.6,0.0,0.0,0.01,0.0,0.0,4.29,0.0,0.0,-3.21,0.0,0.0,15.73,0.0,0.0,-16.59,0.0,-0.005145694433333334,,5808.44577,0.297406844,199.003309,0.000185426887,1.82907677,99.769227,0.58884462,83.7525349,99.99998999999998,100.0,False
2026-05-16 13:30:00,0.0,,112.0,106.75,110.99,92.8,92.8,,0.0,0.0,0.0,,0.0,0.0,0.0,0.0,0.0,0.0,7.0,3.17,11.094999999999999,0.0,1.6,0.0,0.0,0.01,0.0,0.0,4.29,0.0,0.0,-3.21,0.0,0.0,15.73,0.0,0.0,-16.59,0.0,-0.005435805566666667,,5808.56114,0.29754461,199.003614,0.000188730761,1.86166665,99.769227,0.588856316,83.7525376,99.99998999999998,100.0,False
2026-05-16 14:00:00,0.0,,108.4,104.33,108.6,91.16,91.16,,0.0,0.0,0.0,,0.0,0.0,0.0,0.0,0.0,0.0,7.0,3.17,11.094999999999999,0.0,1.6,0.0,0.0,0.01,0.0,0.0,4.29,0.0,0.0,-3.21,0.0,0.0,15.73,0.0,0.0,-16.59,0.0,-0.0055202778,,5808.73144,0.297684518,199.003816,0.000197442668,1.94760212,99.769227,0.58887358,83.7525559,99.99998999999998,100.0,False
2026-05-16 14:30:00,0.0,,108.4,101.1,107.26,91.81,91.81,,0.0,0.0,0.0,,0.0,0.0,0.0,0.0,0.0,0.0,7.0,3.17,11.094999999999999,0.0,1.6,0.0,0.0,0.01,0.0,0.0,4.29,0.0,0.0,-3.21,0.0,0.0,15.73,0.0,0.0,-16.59,0.0,-0.0058105000000000006,,5809.02518,0.297831781,199.00412,0.00020317428,2.00413954,99.769227,0.588903359,83.7525808,99.99998999999998,100.0,False
2026-05-16 15:00:00,0.0,,110.8,105.0,106.97,91.52,91.52,,0.0,0.0,0.0,,0.0,0.0,0.0,0.0,0.0,0.0,7.0,6.28,21.98,0.0,1.95,0.0,0.0,0.01,0.0,0.0,6.42,0.0,0.0,-2.75,0.0,0.0,19.65,0.0,0.0,-12.57,0.0,-0.0049566388666666674,,5809.02518,0.297957405,199.004323,0.000220232262,2.17240186,99.769227,0.588903359,83.7525825,99.99998999999998,100.0,False
2026-05-16 15:30:00,0.0,,110.8,102.6,105.0,86.56,86.56,,0.0,0.0,0.0,,0.0,0.0,0.0,0.0,0.0,0.0,7.0,6.28,21.98,0.0,1.95,0.0,0.0,0.01,0.0,0.0,6.42,0.0,0.0,-2.75,0.0,0.0,19.65,0.0,0.0,-12.57,0.0,-0.0049534444,,5809.02518,0.298082945,199.004576,0.000238475023,2.35235101,99.769227,0.588903359,83.75257,99.99998999999998,100.0,False
2026-05-16 16:00:00,0.0,,115.13,109.64,100.26,98.2,98.2,,0.0,0.0,0.0,,0.0,0.0,0.0,0.0,0.0,0.0,7.0,6.28,21.98,0.0,1.95,0.0,0.0,0.01,0.0,0.0,6.42,0.0,0.0,-2.75,0.0,0.0,19.65,0.0,0.0,-12.57,0.0,-0.004973472333333334,,5809.02518,0.298208995,199.004728,0.000251107037,2.47695497,99.769227,0.588903359,83.7525827,99.99998999999998,100.0,False
2026-05-16 16:30:00,0.0,,115.13,111.47,110.0,135.0,135.0,,0.0,0.0,0.0,,0.0,0.0,0.0,0.0,0.0,0.0,7.0,6.28,21.98,0.0,1.95,0.0,0.0,0.01,0.0,0.0,6.42,0.0,0.0,-2.75,0.0,0.0,19.65,0.0,0.0,-12.57,0.0,-0.0049900834666666664,,5809.02518,0.298335466,199.005084,0.000267896515,2.64256873,99.769227,0.588903359,83.752599,99.99998999999998,100.0,False
2026-05-16 17:00:00,0.0,,119.35,127.0,123.85,101.62,101.62,,0.0,0.0,0.0,,0.0,0.0,0.0,0.0,0.0,0.0,7.0,6.28,21.98,0.0,1.95,0.0,0.0,0.01,0.0,0.0,6.42,0.0,0.0,-2.75,0.0,0.0,19.65,0.0,0.0,-12.57,0.0,-0.004969805566666667,,5809.02518,0.298461422,199.005286,0.000286153412,2.82265732,99.769227,0.588903359,83.752614,99.99998999999998,100.0,False
2026-05-16 17:30:00,0.0,,119.35,129.46,132.1,135.0,135.0,,0.0,0.0,0.0,,0.0,0.0,0.0,0.0,0.0,0.0,7.0,6.28,21.98,0.0,1.95,0.0,0.0,0.01,0.0,0.0,6.42,0.0,0.0,-2.75,0.0,0.0,19.65,0.0,0.0,-12.57,0.0,-0.004961166633333333,,5809.02518,0.298587159,199.00559,0.000299777726,2.95704946,99.769227,0.588903359,83.7526668,99.99998999999998,100.0,False
2026-05-16 18:00:00,0.0,,125.77,126.2,130.4,103.59,103.59,,0.0,0.0,0.0,,0.0,0.0,0.0,0.0,0.0,0.0,7.0,6.28,21.98,0.0,1.95,0.0,0.0,0.01,0.0,0.0,6.42,0.0,0.0,-2.75,0.0,0.0,19.65,0.0,0.0,-12.57,0.0,-0.0049387777,,5809.02518,0.298712329,199.005691,0.000316587341,3.12286185,99.769227,0.588903359,83.7527122,99.99998999999998,100.0,False
2026-05-16 18:30:00,0.076,,125.77,127.5,127.24,103.05,103.05,,0.0,7.831799999999999,0.0,,0.0,0.0,0.0,0.0,0.0,0.0,7.0,6.28,21.98,0.0,1.95,0.0,0.0,0.01,0.0,0.0,6.42,0.0,0.0,-2.75,0.0,0.0,19.65,0.0,0.0,-12.57,0.0,-0.005028444433333334,,5809.02518,0.298839772,199.005945,0.000331363165,3.26861265,99.769227,0.588903359,83.7527592,99.99998999999998,100.0,False
2026-05-16 19:00:00,3.41,,128.55,127.5,123.0,103.78,103.78,,-4.151200000000004,0.0,0.0,,6.9,424.35,0.0,0.0,0.0,0.0,7.0,7.89,27.615,0.0,1.24,0.0,0.0,0.37,0.0,0.0,5.34,0.0,0.0,-3.26,0.0,0.0,26.7,0.0,0.0,-16.72,0.0,0.2058346911,,5809.02518,0.304226906,199.011621,0.0111804815,110.285835,99.769227,0.588903359,83.7530054,99.99998999999998,100.0,False
2026-05-16 19:30:00,0.044,,128.55,126.92,123.52,130.0,130.0,,0.0,5.72,0.0,,3.9,240.86399999999998,-3.9,-247.494,0.0,0.0,7.0,7.89,27.615,0.0,1.24,0.0,0.0,0.37,0.0,0.0,5.34,0.0,0.0,-3.26,0.0,0.0,26.7,0.0,0.0,-16.72,0.0,6.6605175,,5809.02518,0.473033247,199.180972,0.34986728,3451.13983,99.769227,0.588903359,83.8841153,99.99998999999998,100.0,False
2026-05-16 20:00:00,1.933,,130.93,126.39,126.42,130.0,130.0,,-2.2099999999999875,0.0,0.0,,0.0,0.0,3.9,246.4605,0.0,0.0,7.0,7.89,27.615,0.0,1.24,0.0,0.0,0.37,0.0,0.0,5.34,0.0,0.0,-3.26,0.0,0.0,26.7,0.0,0.0,-16.72,0.0,0.11594416446666667,,5809.02518,0.476141119,199.184419,0.356111606,3512.73474,99.769227,0.588903359,83.9055918,99.99998999999998,100.0,False
2026-05-16 20:30:00,0.0,,130.93,125.0,125.0,94.0,94.0,,0.0,0.0,0.0,,0.0,0.0,0.0,0.0,0.0,0.0,7.0,7.89,27.615,0.0,1.24,0.0,0.0,0.37,0.0,0.0,5.34,0.0,0.0,-3.26,0.0,0.0,26.7,0.0,0.0,-16.72,0.0,3.7959648,,5809.02518,0.572347296,199.28088,0.548225368,5407.77178,99.769227,0.588903359,83.9801311,99.99998999999998,100.0,False
2026-05-16 21:00:00,0.0,,123.82,120.71,123.28,94.0,94.0,,0.0,0.0,0.0,,0.0,0.0,0.0,0.0,0.0,0.0,7.0,7.89,27.615,0.0,1.24,0.0,0.0,0.37,0.0,0.0,5.34,0.0,0.0,-3.26,0.0,0.0,26.7,0.0,0.0,-16.72,0.0,-0.0050136389,,5809.02518,0.572474364,199.281134,0.548246241,5407.97768,99.769227,0.588903359,83.9920868,99.99998999999998,100.0,False
2026-05-16 21:30:00,0.0,,123.82,116.0,117.94,95.0,95.0,,0.0,0.0,0.0,,0.0,0.0,0.0,0.0,0.0,0.0,7.0,7.89,27.615,0.0,1.24,0.0,0.0,0.37,0.0,0.0,5.34,0.0,0.0,-3.26,0.0,0.0,26.7,0.0,0.0,-16.72,0.0,-0.004969555633333333,,5809.02518,0.572600313,199.281286,0.548260994,5408.1232,99.769227,0.588903359,83.9921116,99.99998999999998,100.0,False
2026-05-16 22:00:00,0.0,,112.7,108.04,113.08,96.3,96.3,,0.0,0.0,0.0,,0.0,0.0,0.0,0.0,0.0,0.0,7.0,7.89,27.615,0.0,1.24,0.0,0.0,0.37,0.0,0.0,5.34,0.0,0.0,-3.26,0.0,0.0,26.7,0.0,0.0,-16.72,0.0,-0.0049970555333333335,,5809.02518,0.57272696,199.281691,0.548280101,5408.31168,99.769227,0.588903359,83.992132,99.99998999999998,100.0,False
2026-05-16 22:30:00,0.0,,112.7,103.21,110.91,95.0,95.0,,0.0,0.0,0.0,,0.0,0.0,0.0,0.0,0.0,0.0,7.0,7.89,27.615,0.0,1.24,0.0,0.0,0.37,0.0,0.0,5.34,0.0,0.0,-3.26,0.0,0.0,26.7,0.0,0.0,-16.72,0.0,-0.0049925834,,5809.02518,0.572853494,199.281792,0.548298982,5408.49792,99.769227,0.588903359,83.9921547,99.99998999999998,100.0,False
2026-05-16 23:00:00,0.0,,118.19,110.22,113.0,133.0,133.0,,0.0,0.0,0.0,,0.0,0.0,0.0,0.0,0.0,0.0,7.0,1.6,5.6000000000000005,0.0,1.45,0.0,0.0,0.21,0.0,0.0,4.67,0.0,0.0,-2.6,0.0,0.0,23.0,0.0,0.0,-12.09,0.0,-0.005009305566666667,,5809.05058,0.572980451,199.282096,0.548308254,5408.58938,99.769227,0.588905934,83.9921603,99.99998999999998,100.0,False
2026-05-16 23:30:00,0.0,,118.19,110.46,118.92,117.56,117.56,,0.0,0.0,0.0,,0.0,0.0,0.0,0.0,0.0,0.0,7.0,1.6,5.6000000000000005,0.0,1.45,0.0,0.0,0.21,0.0,0.0,4.67,0.0,0.0,-2.6,0.0,0.0,23.0,0.0,0.0,-12.09,0.0,-0.005017333333333333,,5809.06193,0.573107612,199.282299,0.548314788,5408.65383,99.769227,0.588907085,83.9921527,99.99998999999998,100.0,False
2026-05-17 00:00:00,0.0,,115.19,113.37,117.14,101.08,101.08,,0.0,0.0,0.0,,0.0,0.0,0.0,0.0,0.0,0.0,7.0,1.6,5.6000000000000005,0.0,1.45,0.0,0.0,0.21,0.0,0.0,4.67,0.0,0.0,-2.6,0.0,0.0,23.0,0.0,0.0,-12.09,0.0,-0.004976555566666666,,5809.06193,0.57323374,199.282654,0.548330954,5408.8133,99.769227,0.588907085,83.9921377,99.99998999999998,100.0,False
2026-05-17 00:30:00,0.0,,115.19,109.0,113.1,89.9,89.9,,0.0,0.0,0.0,,0.0,0.0,0.0,0.0,0.0,0.0,7.0,1.6,5.6000000000000005,0.0,1.45,0.0,0.0,0.21,0.0,0.0,4.67,0.0,0.0,-2.6,0.0,0.0,23.0,0.0,0.0,-12.09,0.0,-0.005002027733333333,,0.0,0.000126773032,199.282857,1.51586695e-05,0.149527238,99.769227,0.0,83.9921492,99.99998999999998,100.0,False
2026-05-17 01:00:00,0.0,,112.93,110.8,110.0,82.29,82.29,,0.0,0.0,0.0,,0.0,0.0,0.0,0.0,0.0,0.0,7.0,1.6,5.6000000000000005,0.0,1.45,0.0,0.0,0.21,0.0,0.0,4.67,0.0,0.0,-2.6,0.0,0.0,23.0,0.0,0.0,-12.09,0.0,-0.0049920278,,0.0,0.000253292622,199.283009,2.64219959e-05,0.260630267,99.769227,0.0,83.992168,99.99998999999998,100.0,False
2026-05-17 01:30:00,0.0,,112.93,108.69,110.0,85.55,85.55,,0.0,0.0,0.0,,0.0,0.0,0.0,0.0,0.0,0.0,7.0,1.6,5.6000000000000005,0.0,1.45,0.0,0.0,0.21,0.0,0.0,4.67,0.0,0.0,-2.6,0.0,0.0,23.0,0.0,0.0,-12.09,0.0,-0.004965222233333333,,0.0,0.000379132844,199.283313,3.45915585e-05,0.341215976,99.769227,0.0,83.9921749,99.99998999999998,100.0,False
2026-05-17 02:00:00,0.0,,110.0,103.0,106.0,77.26,77.26,,0.0,0.0,0.0,,0.0,0.0,0.0,0.0,0.0,0.0,7.0,1.6,5.6000000000000005,0.0,1.45,0.0,0.0,0.21,0.0,0.0,4.67,0.0,0.0,-2.6,0.0,0.0,23.0,0.0,0.0,-12.09,0.0,-0.004987361166666667,,0.04695718,0.00050553416,199.283516,4.48097676e-05,0.442009821,99.769227,4.7603927e-06,83.9921781,99.99998999999998,100.0,False
2026-05-17 02:30:00,0.0,,110.0,98.47,100.7,77.35,77.35,,0.0,0.0,0.0,,0.0,0.0,0.0,0.0,0.0,0.0,7.0,1.6,5.6000000000000005,0.0,1.45,0.0,0.0,0.21,0.0,0.0,4.67,0.0,0.0,-2.6,0.0,0.0,23.0,0.0,0.0,-12.09,0.0,-0.004978194433333334,,0.04695718,0.000631703155,199.283769,6.2459287e-05,0.616107151,99.769227,4.7603927e-06,83.9921501,99.99998999999998,100.0,False
2026-05-17 03:00:00,0.0,,107.9,97.96,104.7,81.87,81.87,,0.0,0.0,0.0,,0.0,0.0,0.0,0.0,0.0,0.0,7.0,1.99,6.965,0.0,1.01,0.0,0.0,0.71,0.0,0.0,5.37,0.0,0.0,-2.93,0.0,0.0,19.31,0.0,0.0,-10.9,0.0,-0.0050157778,,0.04695718,0.00075882467,199.284073,7.7530482e-05,0.764771529,99.769227,4.7603927e-06,83.99214,99.99998999999998,100.0,False
2026-05-17 03:30:00,0.0,,107.9,94.0,101.0,80.41,80.41,,0.0,0.0,0.0,,0.0,0.0,0.0,0.0,0.0,0.0,7.0,1.99,6.965,0.0,1.01,0.0,0.0,0.71,0.0,0.0,5.37,0.0,0.0,-2.93,0.0,0.0,19.31,0.0,0.0,-10.9,0.0,-0.005031333333333333,,0.13919494,0.00088634043,199.284225,8.0342763e-05,0.792512262,99.769227,1.41112089e-05,83.9921365,99.99998999999998,100.0,False
2026-05-17 04:00:00,0.0,,101.0,94.58,100.0,75.0,75.0,,0.0,0.0,0.0,,0.0,0.0,0.0,0.0,0.0,0.0,7.0,1.99,6.965,0.0,1.01,0.0,0.0,0.71,0.0,0.0,5.37,0.0,0.0,-2.93,0.0,0.0,19.31,0.0,0.0,-10.9,0.0,-0.0050103334,,0.13919494,0.00101332397,199.284529,9.45771409e-05,0.932922159,99.769227,1.41112089e-05,83.992125,99.99998999999998,100.0,False
2026-05-17 04:30:00,0.0,,101.0,93.44,99.9,79.04,79.04,,0.0,0.0,0.0,,0.0,0.0,0.0,0.0,0.0,0.0,7.0,1.99,6.965,0.0,1.01,0.0,0.0,0.71,0.0,0.0,5.37,0.0,0.0,-2.93,0.0,0.0,19.31,0.0,0.0,-10.9,0.0,-0.004979166666666667,,0.13919494,0.0011395176,199.284732,0.000102851488,1.01454148,99.769227,1.41112089e-05,83.9921135,99.99998999999998,100.0,False
2026-05-17 05:00:00,0.0,,97.08,90.69,95.6,100.68,100.68,,0.0,0.0,0.0,,0.0,0.0,0.0,0.0,0.0,0.0,7.0,1.99,6.965,0.0,1.01,0.0,0.0,0.71,0.0,0.0,5.37,0.0,0.0,-2.93,0.0,0.0,19.31,0.0,0.0,-10.9,0.0,-0.0050159722666666675,,0.13919494,0.00126664404,199.285087,0.000117846065,1.16245008,99.769227,1.41112089e-05,83.9920975,99.99998999999998,100.0,False
2026-05-17 05:30:00,0.0,,97.08,93.31,92.2,99.2,99.2,,0.0,0.0,0.0,,0.0,0.0,0.0,0.0,0.0,0.0,7.0,1.99,6.965,0.0,1.01,0.0,0.0,0.71,0.0,0.0,5.37,0.0,0.0,-2.93,0.0,0.0,19.31,0.0,0.0,-10.9,0.0,-0.0050250833,,0.265347799,0.00139400141,199.285189,0.000121758152,1.20103946,99.769227,2.69002467e-05,83.9920556,99.99998999999998,100.0,False
2026-05-17 06:00:00,0.0,,93.71,93.0,96.3,99.18,99.18,,0.0,0.0,0.0,,0.0,0.0,0.0,0.0,0.0,0.0,7.0,1.99,6.965,0.0,1.01,0.0,0.0,0.71,0.0,0.0,5.37,0.0,0.0,-2.93,0.0,0.0,19.31,0.0,0.0,-10.9,0.0,-0.005062944433333333,,0.265347799,0.00152231833,199.285442,0.000142009649,1.40080306,99.769227,2.69002467e-05,83.9920418,99.99998999999998,100.0,False
2026-05-17 06:30:00,0.0,,93.71,93.0,93.68,35.99,35.99,,0.0,0.0,0.0,,0.0,0.0,0.0,0.0,0.0,0.0,7.0,1.99,6.965,0.0,1.01,0.0,0.0,0.71,0.0,0.0,5.37,0.0,0.0,-2.93,0.0,0.0,19.31,0.0,0.0,-10.9,0.0,-0.0049800555666666664,,0.265347799,0.00164853449,199.285696,0.000148795553,1.46774017,99.769227,2.69002467e-05,83.9920768,99.99998999999998,100.0,False
2026-05-17 07:00:00,0.0,,95.74,85.27,95.0,111.79,111.79,,0.0,0.0,0.0,,0.0,0.0,0.0,0.0,0.0,0.0,7.0,5.98,20.93,0.0,0.5,0.0,0.0,1.29,0.0,0.0,3.54,0.0,0.0,-0.43,0.0,0.0,13.49,0.0,0.0,-14.39,0.0,-0.004996249966666666,,0.321535339,0.00177516109,199.285949,0.000155819659,1.53702693,99.769227,3.25963884e-05,83.992091,99.99998999999998,100.0,False
2026-05-17 07:30:00,0.0,,95.74,86.52,95.87,86.79,86.79,,0.0,0.0,0.0,,0.0,0.0,0.0,0.0,0.0,0.0,7.0,5.98,20.93,0.0,0.5,0.0,0.0,1.29,0.0,0.0,3.54,0.0,0.0,-0.43,0.0,0.0,13.49,0.0,0.0,-14.39,0.0,-0.0050232222,,0.364376684,0.00190247128,199.286203,0.000167679836,1.65401738,99.769227,3.69395288e-05,83.9921201,99.99998999999998,100.0,False
2026-05-17 08:00:00,0.0,,96.3,87.86,96.31,89.91,89.91,,0.0,0.0,0.0,,0.0,0.0,0.0,0.0,0.0,0.0,7.0,5.98,20.93,0.0,0.5,0.0,0.0,1.29,0.0,0.0,3.54,0.0,0.0,-0.43,0.0,0.0,13.49,0.0,0.0,-14.39,0.0,-0.0050419166,,0.386240214,0.00203025528,199.286405,0.000176288142,1.73893091,99.769227,3.91559947e-05,83.9921684,99.99998999999998,100.0,False
2026-05-17 08:30:00,0.0,,96.3,87.86,97.0,95.45,95.45,,0.0,0.0,0.0,,0.0,0.0,0.0,0.0,0.0,0.0,7.0,5.98,20.93,0.0,0.5,0.0,0.0,1.29,0.0,0.0,3.54,0.0,0.0,-0.43,0.0,0.0,13.49,0.0,0.0,-14.39,0.0,-0.0049671389,,0.386240214,0.00215614407,199.286608,0.000195760377,1.93100777,99.769227,3.91559947e-05,83.9922183,99.99998999999998,100.0,False
2026-05-17 09:00:00,0.0,,90.4,90.69,96.0,74.47,74.47,,0.0,0.0,0.0,,0.0,0.0,0.0,0.0,0.0,0.0,7.0,5.98,20.93,0.0,0.5,0.0,0.0,1.29,0.0,0.0,3.54,0.0,0.0,-0.43,0.0,0.0,13.49,0.0,0.0,-14.39,0.0,-0.0048950556,,0.386240214,0.00228020597,199.286912,0.000216581497,2.13639021,99.769227,3.91559947e-05,83.9922566,99.99998999999998,100.0,False
2026-05-17 09:30:00,0.0,,90.4,93.0,96.2,100.12,100.12,,0.0,0.0,0.0,,0.0,0.0,0.0,0.0,0.0,0.0,7.0,5.98,20.93,0.0,0.5,0.0,0.0,1.29,0.0,0.0,3.54,0.0,0.0,-0.43,0.0,0.0,13.49,0.0,0.0,-14.39,0.0,-0.004912805566666667,,0.386240214,0.00240471772,199.287014,0.000227819476,2.24724321,99.769227,3.91559947e-05,83.9922858,99.99998999999998,100.0,False
2026-05-17 10:00:00,0.0,,94.0,96.27,105.55,80.41,80.41,,0.0,0.0,0.0,,0.0,0.0,0.0,0.0,0.0,0.0,7.0,5.98,20.93,0.0,0.5,0.0,0.0,1.29,0.0,0.0,3.54,0.0,0.0,-0.43,0.0,0.0,13.49,0.0,0.0,-14.39,0.0,-0.004896472199999999,,0.386240214,0.00252881552,199.287368,0.000248146459,2.44775141,99.769227,3.91559947e-05,83.9923003,99.99998999999998,100.0,False
2026-05-17 10:30:00,0.0,,94.0,97.0,101.16,80.02,80.02,,0.0,0.0,0.0,,0.0,0.0,0.0,0.0,0.0,0.0,7.0,5.98,20.93,0.0,0.5,0.0,0.0,1.29,0.0,0.0,3.54,0.0,0.0,-0.43,0.0,0.0,13.49,0.0,0.0,-14.39,0.0,-0.004925972166666666,,0.386240214,0.00265366097,199.287622,0.000267147649,2.63518181,99.769227,3.91559947e-05,83.9923194,99.99998999999998,100.0,False
2026-05-17 11:00:00,0.0,,90.3,96.3,97.41,108.27,108.27,,0.0,0.0,0.0,,0.0,0.0,0.0,0.0,0.0,0.0,7.0,3,10.5,0.0,0.77,0.0,0.0,1.01,0.0,0.0,5.53,0.0,0.0,-3.16,0.0,0.0,12.92,0.0,0.0,-12.85,0.0,-0.005389305466666667,,0.517234064,0.00279024929,199.287824,0.000281696828,2.77869695,99.769227,5.24357992e-05,83.9923472,99.99998999999998,100.0,False
2026-05-17 11:30:00,0.0,,90.3,97.25,99.0,106.25,106.25,,0.0,0.0,0.0,,0.0,0.0,0.0,0.0,0.0,0.0,7.0,3,10.5,0.0,0.77,0.0,0.0,1.01,0.0,0.0,5.53,0.0,0.0,-3.16,0.0,0.0,12.92,0.0,0.0,-12.85,0.0,-0.004944277766666667,,0.517234064,0.0029155587,199.288078,0.000306898196,3.02728677,99.769227,5.24357992e-05,83.9923867,99.99998999999998,100.0,False
2026-05-17 12:00:00,0.0,,90.6,100.19,102.85,109.07,109.07,,0.0,0.0,0.0,,0.0,0.0,0.0,0.0,0.0,0.0,7.0,3,10.5,0.0,0.77,0.0,0.0,1.01,0.0,0.0,5.53,0.0,0.0,-3.16,0.0,0.0,12.92,0.0,0.0,-12.85,0.0,-0.0052951943,,0.536817912,0.00304976184,199.28828,0.000324096709,3.19693531,99.769227,5.4421157e-05,83.9924248,99.99998999999998,100.0,False
2026-05-17 12:30:00,0.0,,90.6,97.84,104.5,85.11,85.11,,0.0,0.0,0.0,,0.0,0.0,0.0,0.0,0.0,0.0,7.0,3,10.5,0.0,0.77,0.0,0.0,1.01,0.0,0.0,5.53,0.0,0.0,-3.16,0.0,0.0,12.92,0.0,0.0,-12.85,0.0,-0.005612388866666666,,0.657404112,0.00319200406,199.288585,0.000339045623,3.34439349,99.769227,6.66458619e-05,83.9924517,99.99998999999998,100.0,False
2026-05-17 13:00:00,0.0,,93.7,97.9,99.0,60.16,60.16,,0.0,0.0,0.0,,0.0,0.0,0.0,0.0,0.0,0.0,7.0,3,10.5,0.0,0.77,0.0,0.0,1.01,0.0,0.0,5.53,0.0,0.0,-3.16,0.0,0.0,12.92,0.0,0.0,-12.85,0.0,-0.005329277766666667,,0.74355454,0.00332707102,199.288736,0.000360211998,3.55318158,99.769227,7.53795607e-05,83.9924844,99.99998999999998,100.0,False
2026-05-17 13:30:00,-0.001,,93.7,97.9,93.83,3.0,3.0,,0.0,-0.003,0.0,,0.0,0.0,0.0,0.0,0.0,0.0,7.0,3,10.5,0.0,0.77,0.0,0.0,1.01,0.0,0.0,5.53,0.0,0.0,-3.16,0.0,0.0,12.92,0.0,0.0,-12.85,0.0,-0.005027166633333333,,0.74355454,0.00345448118,199.289041,0.000390525681,3.85219999,99.7559175,7.53795607e-05,83.9925193,99.99998999999998,100.0,False
2026-05-17 14:00:00,-0.001,,100.96,96.85,96.37,3.0,3.0,,0.0,-0.003,0.0,,0.0,0.0,0.0,0.0,0.0,0.0,7.0,3,10.5,0.0,0.77,0.0,0.0,1.01,0.0,0.0,5.53,0.0,0.0,-3.16,0.0,0.0,12.92,0.0,0.0,-12.85,0.0,-0.0069238610333333325,,1.48178427,0.00362996179,199.289294,0.000390525681,3.85219999,99.67692,0.000150219306,83.9925367,99.99998999999998,100.0,False
2026-05-17 14:30:00,0.0,,100.96,97.51,100.65,3.0,3.0,,0.0,0.0,0.0,,0.0,0.0,0.0,0.0,0.0,0.0,7.0,3,10.5,0.0,0.77,0.0,0.0,1.01,0.0,0.0,5.53,0.0,0.0,-3.16,0.0,0.0,12.92,0.0,0.0,-12.85,0.0,-0.0068668335,,2.16123467,0.00380399707,199.289599,0.000394961232,3.89595289,99.67692,0.000219100162,83.9925261,99.99998999999998,100.0,False
2026-05-17 15:00:00,0.0,,105.45,98.88,105.46,3.0,3.0,,0.0,0.0,0.0,,0.0,0.0,0.0,0.0,0.0,0.0,7.0,6.93,24.255,0.0,1.65,0.0,0.0,1.55,0.0,0.0,5.87,0.0,0.0,-0.27,0.0,0.0,12.85,0.0,0.0,-7.86,0.0,-0.006229861066666666,,2.5387153,0.00396188872,199.289852,0.000405321591,3.99814892,99.67692,0.000257368133,83.9925185,99.99998999999998,100.0,False
2026-05-17 15:30:00,0.0,,105.45,100.82,107.18,5.0,5.0,,0.0,0.0,0.0,,0.0,0.0,0.0,0.0,0.0,0.0,7.0,6.93,24.255,0.0,1.65,0.0,0.0,1.55,0.0,0.0,5.87,0.0,0.0,-0.27,0.0,0.0,12.85,0.0,0.0,-7.86,0.0,-0.0052549444,,2.61297444,0.00409507175,199.290105,0.000423595685,4.17840714,99.67692,0.000264896325,83.9925301,99.99998999999998,100.0,False
2026-05-17 16:00:00,0.0,,107.1,115.7,111.52,80.41,80.41,,0.0,0.0,0.0,,0.0,0.0,0.0,0.0,0.0,0.0,7.0,6.93,24.255,0.0,1.65,0.0,0.0,1.55,0.0,0.0,5.87,0.0,0.0,-0.27,0.0,0.0,12.85,0.0,0.0,-7.86,0.0,-0.0051817778,,2.65423208,0.00422640043,199.290308,0.000439471207,4.33500551,99.67692,0.000269078914,83.9925358,99.99998999999998,100.0,False
2026-05-17 16:30:00,0.0,,107.1,120.0,112.26,129.0,129.0,,0.0,0.0,0.0,,0.0,0.0,0.0,0.0,0.0,0.0,7.0,6.93,24.255,0.0,1.65,0.0,0.0,1.55,0.0,0.0,5.87,0.0,0.0,-0.27,0.0,0.0,12.85,0.0,0.0,-7.86,0.0,-0.0054632778,,2.82340888,0.00436486353,199.290612,0.000462682503,4.56396499,99.67692,0.000286229603,83.9925503,99.99998999999998,100.0,False
2026-05-17 17:00:00,0.0,,121.0,112.1,117.86,93.0,93.0,,0.0,0.0,0.0,,0.0,0.0,0.0,0.0,0.0,0.0,7.0,6.93,24.255,0.0,1.65,0.0,0.0,1.55,0.0,0.0,5.87,0.0,0.0,-0.27,0.0,0.0,12.85,0.0,0.0,-7.86,0.0,-0.004946916666666666,,2.82340888,0.00449023981,199.290815,0.000495994685,4.89256101,99.67692,0.000286229603,83.9925663,99.99998999999998,100.0,False
2026-05-17 17:30:00,0.0,,121.0,123.09,123.59,157.45,157.45,,0.0,0.0,0.0,,0.0,0.0,0.0,0.0,0.0,0.0,7.0,6.93,24.255,0.0,1.65,0.0,0.0,1.55,0.0,0.0,5.87,0.0,0.0,-0.27,0.0,0.0,12.85,0.0,0.0,-7.86,0.0,-0.004955777799999999,,2.82340888,0.00461584066,199.291119,0.000528544332,5.21363529,99.67692,0.000286229603,83.9925748,99.99998999999998,100.0,False
2026-05-17 18:00:00,0.0,,138.1,130.0,130.0,132.85,132.85,,0.0,0.0,0.0,,0.0,0.0,0.0,0.0,0.0,0.0,7.0,6.93,24.255,0.0,1.65,0.0,0.0,1.55,0.0,0.0,5.87,0.0,0.0,-0.27,0.0,0.0,12.85,0.0,0.0,-7.86,0.0,-0.004956388833333333,,2.82340888,0.00474145701,199.291271,0.00057362128,5.65828061,99.67692,0.000286229603,83.9925686,99.99998999999998,100.0,False
2026-05-17 18:30:00,0.0,,138.1,134.0,131.0,135.64,135.64,,0.0,0.0,0.0,,0.0,0.0,0.0,0.0,0.0,0.0,7.0,6.93,24.255,0.0,1.65,0.0,0.0,1.55,0.0,0.0,5.87,0.0,0.0,-0.27,0.0,0.0,12.85,0.0,0.0,-7.86,0.0,-0.004949472266666667,,2.82340888,0.00486689806,199.291575,0.000605262665,5.97039566,99.67692,0.000286229603,83.9925712,99.99998999999998,100.0,False
2026-05-17 19:00:00,0.0,,137.46,141.5,144.75,137.98,137.98,,0.0,0.0,0.0,,0.0,0.0,0.0,0.0,0.0,0.0,7.0,8.74,30.59,0.0,2.45,0.0,0.0,0.01,0.0,0.0,7.19,0.0,0.0,-3.69,0.0,0.0,23.53,0.0,0.0,-13.18,0.0,-0.004973527833333334,,2.82340888,0.00499294877,199.291829,0.00064070175,6.31997176,99.67692,0.000286229603,83.9925562,99.99998999999998,100.0,False
2026-05-17 19:30:00,0.0,,137.46,145.5,143.73,106.0,106.0,,0.0,0.0,0.0,,0.0,0.0,0.0,0.0,0.0,0.0,7.0,8.74,30.59,0.0,2.45,0.0,0.0,0.01,0.0,0.0,7.19,0.0,0.0,-3.69,0.0,0.0,23.53,0.0,0.0,-13.18,0.0,-0.0051022777666666665,,2.82340888,0.00512226255,199.292032,0.000679074344,6.6984844,99.67692,0.000286229603,83.9925234,99.99998999999998,100.0,False
2026-05-17 20:00:00,0.0,,139.72,145.01,140.0,137.98,137.98,,0.0,0.0,0.0,,0.0,0.0,0.0,0.0,0.0,0.0,7.0,8.74,30.59,0.0,2.45,0.0,0.0,0.01,0.0,0.0,7.19,0.0,0.0,-3.69,0.0,0.0,23.53,0.0,0.0,-13.18,0.0,-0.005045666599999999,,2.82340888,0.0052501416,199.292285,0.000710050852,7.00404101,99.67692,0.000286229603,83.9924921,99.99998999999998,100.0,False
2026-05-17 20:30:00,0.0,,139.72,146.0,142.0,137.98,137.98,,0.0,0.0,0.0,,0.0,0.0,0.0,0.0,0.0,0.0,7.0,8.74,30.59,0.0,2.45,0.0,0.0,0.01,0.0,0.0,7.19,0.0,0.0,-3.69,0.0,0.0,23.53,0.0,0.0,-13.18,0.0,-0.0049833611,,2.82340888,0.00537644155,199.292437,0.000743580189,7.33477909,99.67692,0.000286229603,83.9924787,99.99998999999998,100.0,False
2026-05-17 21:00:00,0.0,,131.46,144.05,144.71,157.45,157.45,,0.0,0.0,0.0,,0.0,0.0,0.0,0.0,0.0,0.0,7.0,8.74,30.59,0.0,2.45,0.0,0.0,0.01,0.0,0.0,7.19,0.0,0.0,-3.69,0.0,0.0,23.53,0.0,0.0,-13.18,0.0,-0.005017500066666666,,2.82340888,0.0055036067,199.292791,0.000773220881,7.62715902,99.67692,0.000286229603,83.9924526,99.99998999999998,100.0,False
2026-05-17 21:30:00,0.0,,131.46,144.0,142.0,157.85,157.85,,0.0,0.0,0.0,,0.0,0.0,0.0,0.0,0.0,0.0,7.0,8.74,30.59,0.0,2.45,0.0,0.0,0.01,0.0,0.0,7.19,0.0,0.0,-3.69,0.0,0.0,23.53,0.0,0.0,-13.18,0.0,-0.005091277766666667,,2.82340888,0.0056326417,199.292994,0.000803911271,7.92989332,99.67692,0.000286229603,83.992434,99.99998999999998,100.0,False
2026-05-17 22:00:00,0.0,,118.28,140.0,142.0,105.11,105.11,,0.0,0.0,0.0,,0.0,0.0,0.0,0.0,0.0,0.0,7.0,8.74,30.59,0.0,2.45,0.0,0.0,0.01,0.0,0.0,7.19,0.0,0.0,-3.69,0.0,0.0,23.53,0.0,0.0,-13.18,0.0,-0.004976083300000001,,2.82340888,0.00575875725,199.293349,0.000835927696,8.24570782,99.67692,0.000286229603,83.9924155,99.99998999999998,100.0,False
2026-05-17 22:30:00,0.0,,118.28,132.04,129.7,102.53,102.53,,0.0,0.0,0.0,,0.0,0.0,0.0,0.0,0.0,0.0,7.0,8.74,30.59,0.0,2.45,0.0,0.0,0.01,0.0,0.0,7.19,0.0,0.0,-3.69,0.0,0.0,23.53,0.0,0.0,-13.18,0.0,-0.0050031944,,2.82340888,0.0058855598,199.293552,0.000856600547,8.44962772,99.67692,0.000286229603,83.9923894,99.99998999999998,100.0,False
2026-05-17 23:00:00,0.0,,110.0,124.0,128.66,121.91,121.91,,0.0,0.0,0.0,,0.0,0.0,0.0,0.0,0.0,0.0,7.0,1.62,5.67,0.0,1.29,0.0,0.0,0.44,0.0,0.0,4.55,0.0,0.0,-2.11,0.0,0.0,20.91,0.0,0.0,-14.64,0.0,-0.005019388866666667,,2.82340888,0.0060127729,199.293654,0.000886851396,8.74802633,99.67692,0.000286229603,83.9923641,99.99998999999998,100.0,False
2026-05-17 23:30:00,0.0,,110.0,120.65,123.75,117.92,117.92,,0.0,0.0,0.0,,0.0,0.0,0.0,0.0,0.0,0.0,7.0,1.62,5.67,0.0,1.29,0.0,0.0,0.44,0.0,0.0,4.55,0.0,0.0,-2.11,0.0,0.0,20.91,0.0,0.0,-14.64,0.0,-0.00500025,,2.82340888,0.00613950085,199.294059,0.000915989264,9.03544634,99.67692,0.000286229603,83.9923344,99.99998999999998,100.0,False
2026-05-18 00:00:00,0.0,,106.87,118.15,117.15,139.78,139.78,,0.0,0.0,0.0,,0.0,0.0,0.0,0.0,0.0,0.0,7.0,1.62,5.67,0.0,1.29,0.0,0.0,0.44,0.0,0.0,4.55,0.0,0.0,-2.11,0.0,0.0,20.91,0.0,0.0,-14.64,0.0,-0.005021777733333334,,2.82340888,0.0062667744,199.294211,0.000940039439,9.27268063,99.67692,0.000286229603,83.9923216,99.99998999999998,100.0,False
2026-05-18 00:30:00,0.0,,106.87,115.45,120.3,119.32,119.32,,0.0,0.0,0.0,,0.0,0.0,0.0,0.0,0.0,0.0,7.0,1.62,5.67,0.0,1.29,0.0,0.0,0.44,0.0,0.0,4.55,0.0,0.0,-2.11,0.0,0.0,20.91,0.0,0.0,-14.64,0.0,-0.0049783334,,0.0,0.000126172515,199.294566,2.25898228e-05,0.222829175,99.67692,0.0,83.9922977,99.99998999999998,100.0,False
2026-05-18 01:00:00,0.0,,105.05,113.82,117.29,115.38,115.38,,0.0,0.0,0.0,,0.0,0.0,0.0,0.0,0.0,0.0,7.0,1.62,5.67,0.0,1.29,0.0,0.0,0.44,0.0,0.0,4.55,0.0,0.0,-2.11,0.0,0.0,20.91,0.0,0.0,-14.64,0.0,-0.0050046388999999995,,0.0,0.000253011725,199.294668,4.3145831e-05,0.425596517,99.67692,0.0,83.9922983,99.99998999999998,100.0,False
2026-05-18 01:30:00,0.0,,105.05,118.0,123.39,118.29,118.29,,0.0,0.0,0.0,,0.0,0.0,0.0,0.0,0.0,0.0,7.0,1.62,5.67,0.0,1.29,0.0,0.0,0.44,0.0,0.0,4.55,0.0,0.0,-2.11,0.0,0.0,20.91,0.0,0.0,-14.64,0.0,-0.0049799444,,0.0,0.00037922507,199.295022,6.65774262e-05,0.656729053,99.67692,0.0,83.9922788,99.99998999999998,100.0,False
2026-05-18 02:00:00,0.0,,106.65,114.55,115.26,119.63,119.63,,0.0,0.0,0.0,,0.0,0.0,0.0,0.0,0.0,0.0,7.0,1.62,5.67,0.0,1.29,0.0,0.0,0.44,0.0,0.0,4.55,0.0,0.0,-2.11,0.0,0.0,20.91,0.0,0.0,-14.64,0.0,-0.005008527766666666,,0.0,0.00050616284,199.295174,8.73411304e-05,0.861545138,99.67692,0.0,83.9922326,99.99998999999998,100.0,False
2026-05-18 02:30:00,0.0,,106.65,114.0,111.4,136.94,136.94,,0.0,0.0,0.0,,0.0,0.0,0.0,0.0,0.0,0.0,7.0,1.62,5.67,0.0,1.29,0.0,0.0,0.44,0.0,0.0,4.55,0.0,0.0,-2.11,0.0,0.0,20.91,0.0,0.0,-14.64,0.0,-0.005041777733333333,,0.0,0.00063394331,199.295377,0.00011360956,1.12066061,99.67692,0.0,83.9921738,99.99998999999998,100.0,False
2026-05-18 03:00:00,0.0,,106.1,114.8,111.8,115.62,115.62,,0.0,0.0,0.0,,0.0,0.0,0.0,0.0,0.0,0.0,7.0,2.4,8.4,0.0,0.75,0.0,0.0,0.75,0.0,0.0,4.99,0.0,0.0,-1.37,0.0,0.0,20.23,0.0,0.0,-11.75,0.0,-0.0050327222,,0.0,0.00076149427,199.295682,0.000140858682,1.38944976,99.67692,0.0,83.9921432,99.99998999999998,100.0,False
2026-05-18 03:30:00,0.0,,106.1,111.76,109.0,115.97,115.97,,0.0,0.0,0.0,,0.0,0.0,0.0,0.0,0.0,0.0,7.0,2.4,8.4,0.0,0.75,0.0,0.0,0.75,0.0,0.0,4.99,0.0,0.0,-1.37,0.0,0.0,20.23,0.0,0.0,-11.75,0.0,-0.0050106111,,0.0275908733,0.000888484845,199.295934,0.000152683698,1.50609337,99.67692,2.79708858e-06,83.9921066,99.99998999999998,100.0,False
2026-05-18 04:00:00,0.0,,113.33,111.98,115.0,118.89,118.89,,0.0,0.0,0.0,,0.0,0.0,0.0,0.0,0.0,0.0,7.0,2.4,8.4,0.0,0.75,0.0,0.0,0.75,0.0,0.0,4.99,0.0,0.0,-1.37,0.0,0.0,20.23,0.0,0.0,-11.75,0.0,-0.005005583366666667,,0.0275908733,0.00101534799,199.296238,0.00017766821,1.7525441,99.67692,2.79708858e-06,83.9920455,99.99998999999998,100.0,False
2026-05-18 04:30:00,0.0,,113.33,110.34,111.0,132.02,132.02,,0.0,0.0,0.0,,0.0,0.0,0.0,0.0,0.0,0.0,7.0,2.4,8.4,0.0,0.75,0.0,0.0,0.75,0.0,0.0,4.99,0.0,0.0,-1.37,0.0,0.0,20.23,0.0,0.0,-11.75,0.0,-0.0050503055666666664,,0.0275908733,0.00114334459,199.296441,0.000198691471,1.95992049,99.67692,2.79708858e-06,83.9919888,99.99998999999998,100.0,False
2026-05-18 05:00:00,0.0,,125.36,122.5,122.95,102.0,102.0,,0.0,0.0,0.0,,0.0,0.0,0.0,0.0,0.0,0.0,7.0,2.4,8.4,0.0,0.75,0.0,0.0,0.75,0.0,0.0,4.99,0.0,0.0,-1.37,0.0,0.0,20.23,0.0,0.0,-11.75,0.0,-0.0050258056,,0.0275908733,0.00127072026,199.296695,0.000221777599,2.18764529,99.67692,2.79708858e-06,83.9919655,99.99998999999998,100.0,False
2026-05-18 05:30:00,0.0,,125.36,126.0,115.43,111.35,111.35,,0.0,0.0,0.0,,0.0,0.0,0.0,0.0,0.0,0.0,7.0,2.4,8.4,0.0,0.75,0.0,0.0,0.75,0.0,0.0,4.99,0.0,0.0,-1.37,0.0,0.0,20.23,0.0,0.0,-11.75,0.0,-0.005006638866666667,,0.169414923,0.00139761015,199.296999,0.000231411061,2.2826711,99.67692,1.71748295e-05,83.9918821,99.99998999999998,100.0,False
2026-05-18 06:00:00,0.0,,130.65,137.46,133.0,150.0,150.0,,0.0,0.0,0.0,,0.0,0.0,0.0,0.0,0.0,0.0,7.0,2.4,8.4,0.0,0.75,0.0,0.0,0.75,0.0,0.0,4.99,0.0,0.0,-1.37,0.0,0.0,20.23,0.0,0.0,-11.75,0.0,-0.004995138866666666,,0.169414923,0.00152420859,199.297151,0.000247630581,2.44266272,99.67692,1.71748295e-05,83.9917994,99.99998999999998,100.0,False
2026-05-18 06:30:00,0.0,,130.65,137.32,136.86,155.57,155.57,,0.0,0.0,0.0,,0.0,0.0,0.0,0.0,0.0,0.0,7.0,2.4,8.4,0.0,0.75,0.0,0.0,0.75,0.0,0.0,4.99,0.0,0.0,-1.37,0.0,0.0,20.23,0.0,0.0,-11.75,0.0,-0.0049608889333333335,,0.169414923,0.00164993899,199.297455,0.000260022035,2.56489376,99.67692,1.71748295e-05,83.9915955,99.99998999999998,100.0,False
2026-05-18 07:00:00,0.0,,134.0,142.0,136.0,109.36,109.36,,0.0,0.0,0.0,,0.0,0.0,0.0,0.0,0.0,0.0,7.0,3.5,12.25,0.0,2.82,0.0,0.0,-0.15,0.0,0.0,8.45,0.0,0.0,-4.56,0.0,0.0,19.63,0.0,0.0,-19.0,0.0,-0.0049872499999999995,,0.169414923,0.00177633749,199.297708,0.000283299217,2.79450314,99.67692,1.71748295e-05,83.9913056,99.99998999999998,100.0,False
2026-05-18 07:30:00,0.0,,134.0,140.5,144.0,103.0,103.0,,0.0,0.0,0.0,,0.0,0.0,0.0,0.0,0.0,0.0,7.0,3.5,12.25,0.0,2.82,0.0,0.0,-0.15,0.0,0.0,8.45,0.0,0.0,-4.56,0.0,0.0,19.63,0.0,0.0,-19.0,0.0,-0.004915333433333333,,0.169414923,0.00190091331,199.298165,0.000304833835,3.00692363,99.67692,1.71748295e-05,83.9909905,99.99998999999998,100.0,False
2026-05-18 08:00:00,0.0,,136.2,136.09,140.0,101.06,101.06,,0.0,0.0,0.0,,0.0,0.0,0.0,0.0,0.0,0.0,7.0,3.5,12.25,0.0,2.82,0.0,0.0,-0.15,0.0,0.0,8.45,0.0,0.0,-4.56,0.0,0.0,19.63,0.0,0.0,-19.0,0.0,-0.0049970278000000005,,0.169414923,0.00202755963,199.298368,0.000336625474,3.3205208,99.67692,1.71748295e-05,83.9906639,99.99998999999998,100.0,False
2026-05-18 08:30:00,0.0,,136.2,135.0,139.62,92.0,92.0,,0.0,0.0,0.0,,0.0,0.0,0.0,0.0,0.0,0.0,7.0,3.5,12.25,0.0,2.82,0.0,0.0,-0.15,0.0,0.0,8.45,0.0,0.0,-4.56,0.0,0.0,19.63,0.0,0.0,-19.0,0.0,-0.00497125,,0.169414923,0.00215355262,199.298722,0.000378386616,3.73245855,99.67692,1.71748295e-05,83.9903937,99.99998999999998,100.0,False
2026-05-18 09:00:00,0.0,,129.0,135.0,138.88,150.0,150.0,,0.0,0.0,0.0,,0.0,0.0,0.0,0.0,0.0,0.0,7.0,3.5,12.25,0.0,2.82,0.0,0.0,-0.15,0.0,0.0,8.45,0.0,0.0,-4.56,0.0,0.0,19.63,0.0,0.0,-19.0,0.0,-0.004984611133333333,,0.169414923,0.00227988423,199.298976,0.000417911653,4.12233905,99.67692,1.71748295e-05,83.9901834,99.99998999999998,100.0,False
2026-05-18 09:30:00,0.0,,129.0,135.0,131.0,155.57,155.57,,0.0,0.0,0.0,,0.0,0.0,0.0,0.0,0.0,0.0,7.0,3.5,12.25,0.0,2.82,0.0,0.0,-0.15,0.0,0.0,8.45,0.0,0.0,-4.56,0.0,0.0,19.63,0.0,0.0,-19.0,0.0,-0.004920055566666667,,0.169414923,0.00240457974,199.29928,0.000457024671,4.50815534,99.67692,1.71748295e-05,83.9900829,99.99998999999998,100.0,False
2026-05-18 10:00:00,0.0,,119.2,131.46,132.0,129.25,129.25,,0.0,0.0,0.0,,0.0,0.0,0.0,0.0,0.0,0.0,7.0,3.5,12.25,0.0,2.82,0.0,0.0,-0.15,0.0,0.0,8.45,0.0,0.0,-4.56,0.0,0.0,19.63,0.0,0.0,-19.0,0.0,-0.005416944533333333,,0.255359957,0.00254186856,199.299584,0.000482487763,4.75932684,99.67692,2.58877061e-05,83.9899431,99.99998999999998,100.0,False
2026-05-18 10:30:00,0.0,,119.2,128.53,129.1,135.85,135.85,,0.0,0.0,0.0,,0.0,0.0,0.0,0.0,0.0,0.0,7.0,3.5,12.25,0.0,2.82,0.0,0.0,-0.15,0.0,0.0,8.45,0.0,0.0,-4.56,0.0,0.0,19.63,0.0,0.0,-19.0,0.0,-0.004984666666666667,,0.255359957,0.00266820159,199.299888,0.000513741696,5.06762001,99.67692,2.58877061e-05,83.9899304,99.99998999999998,100.0,False
2026-05-18 11:00:00,0.0,,118.2,123.0,128.0,131.74,131.74,,0.0,0.0,0.0,,0.0,0.0,0.0,0.0,0.0,0.0,7.0,3.05,10.674999999999999,0.0,1.24,0.0,0.0,0.85,0.0,0.0,5.02,0.0,0.0,-1.22,0.0,0.0,19.2,0.0,0.0,-13.82,0.0,-0.0059845834,,0.530505917,0.00281987682,199.300294,0.000521807679,5.147184,99.67692,5.3781264e-05,83.9899087,99.99998999999998,100.0,False
2026-05-18 11:30:00,0.0,,118.2,119.93,119.9,143.45,143.45,,0.0,0.0,0.0,,0.0,0.0,0.0,0.0,0.0,0.0,7.0,3.05,10.674999999999999,0.0,1.24,0.0,0.0,0.85,0.0,0.0,5.02,0.0,0.0,-1.22,0.0,0.0,19.2,0.0,0.0,-13.82,0.0,-0.0069914999,,1.31891563,0.00299707169,199.300547,0.000535943615,5.28662285,99.67692,0.000133708122,83.9898792,99.99998999999998,100.0,False
2026-05-18 12:00:00,0.0,,114.0,118.62,120.96,129.25,129.25,,0.0,0.0,0.0,,0.0,0.0,0.0,0.0,0.0,0.0,7.0,3.05,10.674999999999999,0.0,1.24,0.0,0.0,0.85,0.0,0.0,5.02,0.0,0.0,-1.22,0.0,0.0,19.2,0.0,0.0,-13.82,0.0,-0.004999277766666667,,1.31891563,0.00312377503,199.300852,0.000579802341,5.71925146,99.67692,0.000133708122,83.9898784,99.99998999999998,100.0,False
2026-05-18 12:30:00,-0.046,,114.0,116.9,112.0,90.75,90.75,,0.0,-4.1745,0.0,,0.0,0.0,0.0,0.0,0.0,0.0,7.0,3.05,10.674999999999999,0.0,1.24,0.0,0.0,0.85,0.0,0.0,5.02,0.0,0.0,-1.22,0.0,0.0,19.2,0.0,0.0,-13.82,0.0,-0.0049554166333333335,,1.31891563,0.00324936674,199.301155,0.000628385397,6.19848153,99.67692,0.000133708122,83.9898988,99.99998999999998,100.0,False
2026-05-18 13:00:00,-2.023,,106.54,112.03,113.8,90.75,90.75,109.85,-2.08724995774125,0.0,0.0,,0.0,0.0,0.0,0.0,-4.000000000931323,-219.7,7.0,3.05,10.674999999999999,0.0,1.24,0.0,0.0,0.85,0.0,0.0,5.02,0.0,0.0,-1.22,0.0,0.0,19.2,0.0,0.0,-13.82,0.0,-0.12958975106666668,,64.7159656,0.0065337319,199.304704,0.000642659375,6.33928205,99.67692,0.00656073065,83.9897807,99.99998999999998,100.0,False
2026-05-18 13:30:00,-2.027,,106.54,101.77,105.99,89.5,89.5,104.07,-2.4165000208383547,0.0,0.0,,0.0,0.0,0.0,0.0,-3.9999999995343387,-208.14,7.0,3.05,10.674999999999999,0.0,1.24,0.0,0.0,0.85,0.0,0.0,5.02,0.0,0.0,-1.22,0.0,0.0,19.2,0.0,0.0,-13.82,0.0,-3.9892015,,2066.03775,0.107637363,199.406182,0.000642659375,6.33928205,99.67692,0.209449354,83.9256476,99.99998999999998,100.0,False
2026-05-18 14:00:00,-2.02,,102.1,101.24,105.24,90.21,90.21,102.03,-1.8042000210036537,0.0,0.0,,0.0,0.0,0.0,0.0,-3.9999999995343387,-204.06,7.0,3.05,10.674999999999999,0.0,1.24,0.0,0.0,0.85,0.0,0.0,5.02,0.0,0.0,-1.22,0.0,0.0,19.2,0.0,0.0,-13.82,0.0,-3.989774533333333,,4067.23512,0.208755517,199.507712,0.000642659375,6.33928205,99.67692,0.412325364,83.8514294,99.99998999999998,100.0,False
2026-05-18 14:30:00,-1.597,,102.1,100.84,104.5,117.0,117.0,101.27,47.151000054482374,0.0,0.0,,0.0,0.0,0.0,0.0,-4.000000000931323,-202.54,7.0,3.05,10.674999999999999,0.0,1.24,0.0,0.0,0.85,0.0,0.0,5.02,0.0,0.0,-1.22,0.0,0.0,19.2,0.0,0.0,-13.82,0.0,-3.982517,,6064.8134,0.309689735,199.609038,0.000642659375,6.33928205,99.67692,0.614834481,83.7774317,99.99998999999998,100.0,False
2026-05-18 15:00:00,0.0,,102.5,98.7,100.0,88.0,88.0,,0.0,0.0,0.0,,0.0,0.0,0.0,0.0,0.0,0.0,7.0,6,21,0.0,1.92,0.0,0.0,1.85,0.0,0.0,12.31,0.0,0.0,-0.71,0.0,0.0,23.93,0.0,0.0,-10.02,0.0,-3.110575126666667,,7623.75308,0.388525171,199.688164,0.000642659375,6.33928205,99.67692,0.772875596,83.7089163,99.99998999999998,100.0,False
2026-05-18 15:30:00,0.0,,102.5,96.0,103.73,90.8,90.8,,0.0,0.0,0.0,,0.0,0.0,0.0,0.0,0.0,0.0,7.0,6,21,0.0,1.92,0.0,0.0,1.85,0.0,0.0,12.31,0.0,0.0,-0.71,0.0,0.0,23.93,0.0,0.0,-10.02,0.0,-0.006413250033333334,,7624.23831,0.388687711,199.688468,0.000656370414,6.47452966,99.67692,0.772924787,83.7073975,99.99998999999998,100.0,False
2026-05-18 16:00:00,0.0,,107.0,103.63,97.57,90.8,90.8,,0.0,0.0,0.0,,0.0,0.0,0.0,0.0,0.0,0.0,7.0,6,21,0.0,1.92,0.0,0.0,1.85,0.0,0.0,12.31,0.0,0.0,-0.71,0.0,0.0,23.93,0.0,0.0,-10.02,0.0,-0.0053364167,,7624.24603,0.388822959,199.688671,0.000677018793,6.67820816,99.67692,0.77292557,83.7073496,99.99998999999998,100.0,False
2026-05-18 16:30:00,0.0,,107.0,104.53,110.89,90.8,90.8,,0.0,0.0,0.0,,0.0,0.0,0.0,0.0,0.0,0.0,7.0,6,21,0.0,1.92,0.0,0.0,1.85,0.0,0.0,12.31,0.0,0.0,-0.71,0.0,0.0,23.93,0.0,0.0,-10.02,0.0,-0.005002499933333334,,7624.24603,0.388949744,199.689177,0.00071422498,7.04521519,99.67692,0.77292557,83.707394,99.99998999999998,100.0,False
2026-05-18 17:00:00,0.0,,121.32,123.96,113.3,134.98,134.98,,0.0,0.0,0.0,,0.0,0.0,0.0,0.0,0.0,0.0,7.0,6,21,0.0,1.92,0.0,0.0,1.85,0.0,0.0,12.31,0.0,0.0,-0.71,0.0,0.0,23.93,0.0,0.0,-10.02,0.0,-0.005138777733333333,,7624.24603,0.389079982,199.689228,0.000747303145,7.37150284,99.67692,0.77292557,83.707359,99.99998999999998,100.0,False
2026-05-18 17:30:00,0.0,,121.32,132.44,129.88,87.25,87.25,,0.0,0.0,0.0,,0.0,0.0,0.0,0.0,0.0,0.0,7.0,6,21,0.0,1.92,0.0,0.0,1.85,0.0,0.0,12.31,0.0,0.0,-0.71,0.0,0.0,23.93,0.0,0.0,-10.02,0.0,-0.004974916766666666,,7624.24603,0.389206069,199.689684,0.000784047243,7.73395177,99.67692,0.77292557,83.7073019,99.99998999999998,100.0,False
2026-05-18 18:00:00,0.0,,142.96,136.0,130.62,134.96,134.96,,0.0,0.0,0.0,,0.0,0.0,0.0,0.0,0.0,0.0,7.0,6,21,0.0,1.92,0.0,0.0,1.85,0.0,0.0,12.31,0.0,0.0,-0.71,0.0,0.0,23.93,0.0,0.0,-10.02,0.0,-0.004973027833333333,,7624.24603,0.389332107,199.689785,0.00081042895,7.99418462,99.67692,0.77292557,83.7073389,99.99998999999998,100.0,False
2026-05-18 18:30:00,0.0,,142.96,134.46,126.0,137.61,137.61,,0.0,0.0,0.0,,0.0,0.0,0.0,0.0,0.0,0.0,7.0,6,21,0.0,1.92,0.0,0.0,1.85,0.0,0.0,12.31,0.0,0.0,-0.71,0.0,0.0,23.93,0.0,0.0,-10.02,0.0,-0.0050098333,,7624.24603,0.389459077,199.690242,0.000839959262,8.28547575,99.67692,0.77292557,83.7073816,99.99998999999998,100.0,False
2026-05-18 19:00:00,0.0,,145.61,139.46,128.0,86.44,86.44,,0.0,0.0,0.0,,0.0,0.0,0.0,0.0,0.0,0.0,7.0,7.51,26.285,0.0,3.45,0.0,0.0,-0.08,0.0,0.0,10.05,0.0,0.0,-3.98,0.0,0.0,25.41,0.0,0.0,-11.52,0.0,-0.005084888966666666,,7624.24603,0.389587951,199.690495,0.000866269422,8.54500286,99.67692,0.77292557,83.7074156,99.99998999999998,100.0,False
2026-05-18 19:30:00,0.08,,145.61,136.25,129.0,97.73,97.73,,0.0,7.8184000000000005,0.0,,0.0,0.0,0.0,0.0,0.0,0.0,7.0,7.51,26.285,0.0,3.45,0.0,0.0,-0.08,0.0,0.0,10.05,0.0,0.0,-3.98,0.0,0.0,25.41,0.0,0.0,-11.52,0.0,-0.005012638966666667,,7624.24603,0.389714993,199.690748,0.000886983212,8.74932658,99.67692,0.77292557,83.7074253,99.99998999999998,100.0,False
2026-05-18 20:00:00,3.54,,139.27,137.06,137.6,126.57,126.57,128.75,5.0628000515714096,0.0,0.0,,0.0,0.0,0.0,0.0,6.999999999185093,450.62,7.0,7.51,26.285,0.0,3.45,0.0,0.0,-0.08,0.0,0.0,10.05,0.0,0.0,-3.98,0.0,0.0,25.41,0.0,0.0,-11.52,0.0,0.21285991103333332,,7624.24603,0.395278986,199.69673,0.0120977344,119.333746,99.67692,0.77292557,83.7076291,99.99998999999998,100.0,False
2026-05-18 20:30:00,3.45,,139.27,133.54,128.91,87.43,87.43,127.0,-4.3715000712473255,0.0,0.0,,0.0,0.0,0.0,0.0,7.0000000016298145,444.5,7.0,7.51,26.285,0.0,3.45,0.0,0.0,-0.08,0.0,0.0,10.05,0.0,0.0,-3.98,0.0,0.0,25.41,0.0,0.0,-11.52,0.0,6.974429499999999,,7624.24603,0.572041216,199.874242,0.367101811,3621.14366,99.67692,0.77292557,83.8408279,99.99998999999998,100.0,False
2026-05-18 21:00:00,0.0,,128.2,126.0,132.0,100.41,100.41,,0.0,0.0,0.0,,0.0,0.0,0.0,0.0,0.0,0.0,7.0,7.51,26.285,0.0,3.45,0.0,0.0,-0.08,0.0,0.0,10.05,0.0,0.0,-3.98,0.0,0.0,25.41,0.0,0.0,-11.52,0.0,6.756285466666667,,7624.24603,0.743274731,200.046127,0.710466876,7008.14473,99.67692,0.77292557,83.994569,99.99998999999998,100.0,False
2026-05-18 21:30:00,0.0,,128.2,112.27,120.0,140.85,140.85,,0.0,0.0,0.0,,0.0,0.0,0.0,0.0,0.0,0.0,7.0,7.51,26.285,0.0,3.45,0.0,0.0,-0.08,0.0,0.0,10.05,0.0,0.0,-3.98,0.0,0.0,25.41,0.0,0.0,-11.52,0.0,-0.005053194466666667,,7624.24603,0.7434028,200.046431,0.710495363,7008.42573,99.67692,0.77292557,84.0161271,99.99998999999998,100.0,False
2026-05-18 22:00:00,0.0,,114.8,105.77,114.19,133.95,133.95,,0.0,0.0,0.0,,0.0,0.0,0.0,0.0,0.0,0.0,7.0,7.51,26.285,0.0,3.45,0.0,0.0,-0.08,0.0,0.0,10.05,0.0,0.0,-3.98,0.0,0.0,25.41,0.0,0.0,-11.52,0.0,-0.0050502499666666666,,7624.24603,0.743530795,200.046785,0.710529665,7008.76409,99.67692,0.77292557,84.016003,99.99998999999998,100.0,False
2026-05-18 22:30:00,0.0,,114.8,106.56,110.3,118.0,118.0,,0.0,0.0,0.0,,0.0,0.0,0.0,0.0,0.0,0.0,7.0,7.51,26.285,0.0,3.45,0.0,0.0,-0.08,0.0,0.0,10.05,0.0,0.0,-3.98,0.0,0.0,25.41,0.0,0.0,-11.52,0.0,-0.004972722266666667,,7624.24603,0.743656826,200.047141,0.710556622,7009.03,99.67692,0.77292557,84.0159046,99.99998999999998,100.0,False
2026-05-18 23:00:00,0.0,,110.8,116.25,114.51,90.01,90.01,,0.0,0.0,0.0,,0.0,0.0,0.0,0.0,0.0,0.0,7.0,1.6,5.6000000000000005,0.0,2.45,0.0,0.0,-0.2,0.0,0.0,6.23,0.0,0.0,-2.7,0.0,0.0,20.77,0.0,0.0,-11.47,0.0,-0.005046972133333333,,7624.24603,0.743784737,200.047343,0.710583964,7009.2997,99.67692,0.77292557,84.0157886,99.99998999999998,100.0,False
2026-05-18 23:30:00,0.0,,110.8,114.98,117.0,90.02,90.02,,0.0,0.0,0.0,,0.0,0.0,0.0,0.0,0.0,0.0,7.0,1.6,5.6000000000000005,0.0,2.45,0.0,0.0,-0.2,0.0,0.0,6.23,0.0,0.0,-2.7,0.0,0.0,20.77,0.0,0.0,-11.47,0.0,-0.0050195277333333335,,7624.24603,0.743911954,200.047647,0.710608141,7009.53819,99.67692,0.77292557,84.0156923,99.99998999999998,100.0,False
2026-05-19 00:00:00,0.0,,103.48,113.0,117.0,79.09,79.09,,0.0,0.0,0.0,,0.0,0.0,0.0,0.0,0.0,0.0,7.0,1.6,5.6000000000000005,0.0,2.45,0.0,0.0,-0.2,0.0,0.0,6.23,0.0,0.0,-2.7,0.0,0.0,20.77,0.0,0.0,-11.47,0.0,-0.004974472266666667,,7624.24603,0.744038029,200.047901,0.710627787,7009.73198,99.67692,0.77292557,84.0156123,99.99998999999998,100.0,False
2026-05-19 00:30:00,0.0,,103.48,108.0,112.1,65.75,65.75,,0.0,0.0,0.0,,0.0,0.0,0.0,0.0,0.0,0.0,7.0,1.6,5.6000000000000005,0.0,2.45,0.0,0.0,-0.2,0.0,0.0,6.23,0.0,0.0,-2.7,0.0,0.0,20.77,0.0,0.0,-11.47,0.0,-0.005021194433333333,,0.0,0.000127258799,200.048205,2.5432638e-05,0.250871102,99.67692,0.0,84.0155601,99.99998999999998,100.0,False
2026-05-19 01:00:00,0.0,,95.56,106.3,109.1,66.5,66.5,,0.0,0.0,0.0,,0.0,0.0,0.0,0.0,0.0,0.0,7.0,1.6,5.6000000000000005,0.0,2.45,0.0,0.0,-0.2,0.0,0.0,6.23,0.0,0.0,-2.7,0.0,0.0,20.77,0.0,0.0,-11.47,0.0,-0.004988305533333333,,0.0,0.000253684051,200.048509,4.38203212e-05,0.432249783,99.67692,0.0,84.0155256,99.99998999999998,100.0,False
2026-05-19 01:30:00,0.0,,95.56,104.94,101.0,59.59,59.59,,0.0,0.0,0.0,,0.0,0.0,0.0,0.0,0.0,0.0,7.0,1.6,5.6000000000000005,0.0,2.45,0.0,0.0,-0.2,0.0,0.0,6.23,0.0,0.0,-2.7,0.0,0.0,20.77,0.0,0.0,-11.47,0.0,-0.005007027766666667,,0.0,0.000380583805,200.048763,6.65859854e-05,0.656813482,99.67692,0.0,84.0155294,99.99998999999998,100.0,False
2026-05-19 02:00:00,0.0,,89.0,103.84,100.29,58.86,58.86,,0.0,0.0,0.0,,0.0,0.0,0.0,0.0,0.0,0.0,7.0,1.6,5.6000000000000005,0.0,2.45,0.0,0.0,-0.2,0.0,0.0,6.23,0.0,0.0,-2.7,0.0,0.0,20.77,0.0,0.0,-11.47,0.0,-0.0049468611,,0.0,0.000505958675,200.049016,7.58125861e-05,0.747825963,99.67692,0.0,84.0155227,99.99998999999998,100.0,False
2026-05-19 02:30:00,0.0,,89.0,91.8,93.0,88.21,88.21,,0.0,0.0,0.0,,0.0,0.0,0.0,0.0,0.0,0.0,7.0,1.6,5.6000000000000005,0.0,2.45,0.0,0.0,-0.2,0.0,0.0,6.23,0.0,0.0,-2.7,0.0,0.0,20.77,0.0,0.0,-11.47,0.0,-0.0050205833,,0.0,0.000633201985,200.04932,8.85789549e-05,0.873755212,99.67692,0.0,84.0155265,99.99998999999998,100.0,False
2026-05-19 03:00:00,0.0,,80.97,92.24,86.0,67.38,67.38,,0.0,0.0,0.0,,0.0,0.0,0.0,0.0,0.0,0.0,7.0,1.6,5.6000000000000005,0.0,1.43,0.0,0.0,2.8,0.0,0.0,3.98,0.0,0.0,3.24,0.0,0.0,13.64,0.0,0.0,-5.21,0.0,-0.004988916633333333,,0.0,0.000759642725,200.049523,0.000105178059,1.0374911,99.67692,0.0,84.0155184,99.99998999999998,100.0,False
2026-05-19 03:30:00,-0.024,,80.97,86.51,81.0,65.87,65.87,,0.0,-1.58088,0.0,,0.0,0.0,0.0,0.0,0.0,0.0,7.0,1.6,5.6000000000000005,0.0,1.43,0.0,0.0,2.8,0.0,0.0,3.98,0.0,0.0,3.24,0.0,0.0,13.64,0.0,0.0,-5.21,0.0,-0.005006222133333333,,0.0,0.00088652206,200.049979,0.000118089065,1.16484707,99.67692,0.0,84.0155127,99.99998999999998,100.0,False
2026-05-19 04:00:00,-1.243,,78.0,89.28,79.5,76.34,76.34,,-3.2826200000000116,0.0,0.0,,-2.4,-95.39999999999999,0.0,0.0,0.0,0.0,7.0,1.6,5.6000000000000005,0.0,1.43,0.0,0.0,2.8,0.0,0.0,3.98,0.0,0.0,3.24,0.0,0.0,13.64,0.0,0.0,-5.21,0.0,-0.07465377776666667,,35.52428,0.00277857189,200.052057,0.000126325982,1.24609717,99.67692,0.00360135602,84.0153961,99.99998999999998,100.0,False
2026-05-19 04:30:00,-2.026,,78.0,90.0,77.38,13.27,13.27,,-0.34501999999999733,0.0,0.0,,-4.0,-154.76,0.0,0.0,0.0,0.0,7.0,1.6,5.6000000000000005,0.0,1.43,0.0,0.0,2.8,0.0,0.0,3.98,0.0,0.0,3.24,0.0,0.0,13.64,0.0,0.0,-5.21,0.0,-2.4583378000000002,,1263.47456,0.0650834915,200.114556,0.000126325982,1.24609717,99.67692,0.128087655,83.9769961,99.99998999999998,100.0,False
2026-05-19 05:00:00,-2.033,,68.0,92.0,81.74,103.95,103.95,,-3.430349999999992,0.0,0.0,,0.0,0.0,-4.0,-184.0,0.0,0.0,7.0,1.6,5.6000000000000005,0.0,1.43,0.0,0.0,2.8,0.0,0.0,3.98,0.0,0.0,3.24,0.0,0.0,13.64,0.0,0.0,-5.21,0.0,-3.9706265,,3253.30076,0.165716352,200.215579,0.000126325982,1.24609717,99.67692,0.329810887,83.9072996,99.99998999999998,100.0,False
2026-05-19 05:30:00,-1.993,,68.0,88.0,80.0,103.95,103.95,,0.7276499999999891,0.0,0.0,,0.0,0.0,-4.0,-176.0,0.0,0.0,7.0,1.6,5.6000000000000005,0.0,1.43,0.0,0.0,2.8,0.0,0.0,3.98,0.0,0.0,3.24,0.0,0.0,13.64,0.0,0.0,-5.21,0.0,-3.9789730666666667,,5247.11693,0.266560751,200.316804,0.000126325982,1.24609717,99.67692,0.531938611,83.8337933,99.99998999999998,100.0,False
2026-05-19 06:00:00,0.0,,86.99,84.99,83.85,119.13,119.13,,0.0,0.0,0.0,,0.0,0.0,0.0,0.0,0.0,0.0,7.0,1.6,5.6000000000000005,0.0,1.43,0.0,0.0,2.8,0.0,0.0,3.98,0.0,0.0,3.24,0.0,0.0,13.64,0.0,0.0,-5.21,0.0,-3.8713289,,7185.53956,0.364676981,200.415242,0.000126325982,1.24609717,99.67692,0.728450687,83.7601211,99.99998999999998,100.0,False
2026-05-19 06:30:00,0.041,,86.99,101.13,90.39,120.13,120.13,,0.0,4.92533,0.0,,0.0,0.0,0.0,0.0,0.0,0.0,7.0,1.6,5.6000000000000005,0.0,1.43,0.0,0.0,2.8,0.0,0.0,3.98,0.0,0.0,3.24,0.0,0.0,13.64,0.0,0.0,-5.21,0.0,-0.005043083433333334,,7185.58423,0.364804794,200.415445,0.000135548012,1.33706457,99.67692,0.728455216,83.7498387,99.99998999999998,100.0,False
2026-05-19 07:00:00,1.83,,102.3,104.86,94.0,132.35,132.35,,10.588000000000008,0.0,0.0,,5.5,258.5,-2.0,-104.86,0.0,0.0,7.0,2.5,8.75,0.0,3.31,0.0,0.0,0.14,0.0,0.0,7.05,0.0,0.0,-2.78,0.0,0.0,14.35,0.0,0.0,-13.36,0.0,0.10530619106666665,,7185.58423,0.367641799,200.418637,0.00582387362,57.4475047,99.67692,0.728455216,83.7498634,99.99998999999998,100.0,False
2026-05-19 07:30:00,3.486,,102.3,107.95,101.3,135.0,135.0,,-1.8899999999999717,0.0,0.0,,7.0,354.55,0.0,0.0,0.0,0.0,7.0,2.5,8.75,0.0,3.31,0.0,0.0,0.14,0.0,0.0,7.05,0.0,0.0,-2.78,0.0,0.0,14.35,0.0,0.0,-13.36,0.0,3.6175737333333338,,7185.58423,0.459326775,200.510789,0.189107061,1865.37852,99.67692,0.728455216,83.8164958,99.99998999999998,100.0,False
2026-05-19 08:00:00,0.0,,96.71,99.0,94.76,124.72,124.72,,0.0,0.0,0.0,,0.0,0.0,0.0,0.0,0.0,0.0,7.0,2.5,8.75,0.0,3.31,0.0,0.0,0.14,0.0,0.0,7.05,0.0,0.0,-2.78,0.0,0.0,14.35,0.0,0.0,-13.36,0.0,6.777058433333333,,7185.58423,0.631086766,200.68303,0.533540726,5262.92042,99.67692,0.728455216,83.9597521,99.99998999999998,100.0,False
2026-05-19 08:30:00,0.0,,96.71,97.0,97.0,109.62,109.62,,0.0,0.0,0.0,,0.0,0.0,0.0,0.0,0.0,0.0,7.0,2.5,8.75,0.0,3.31,0.0,0.0,0.14,0.0,0.0,7.05,0.0,0.0,-2.78,0.0,0.0,14.35,0.0,0.0,-13.36,0.0,-0.0050508054666666665,,7185.58423,0.631214775,200.683233,0.533564201,5263.15198,99.67692,0.728455216,83.9811021,99.99998999999998,100.0,False
2026-05-19 09:00:00,0.0,,89.59,95.0,92.62,105.06,105.06,,0.0,0.0,0.0,,0.0,0.0,0.0,0.0,0.0,0.0,7.0,2.5,8.75,0.0,3.31,0.0,0.0,0.14,0.0,0.0,7.05,0.0,0.0,-2.78,0.0,0.0,14.35,0.0,0.0,-13.36,0.0,-0.0050276111333333335,,7185.59925,0.631342197,200.683638,0.533577096,5263.27918,99.67692,0.728456738,83.9811098,99.99998999999998,100.0,False
2026-05-19 09:30:00,0.0,,89.59,96.91,90.36,101.23,101.23,,0.0,0.0,0.0,,0.0,0.0,0.0,0.0,0.0,0.0,7.0,2.5,8.75,0.0,3.31,0.0,0.0,0.14,0.0,0.0,7.05,0.0,0.0,-2.78,0.0,0.0,14.35,0.0,0.0,-13.36,0.0,-0.005030027700000001,,7185.65859,0.631469679,200.683892,0.533589094,5263.39753,99.67692,0.728462754,83.9811073,99.99998999999998,100.0,False
2026-05-19 10:00:00,0.0,,81.82,93.52,92.02,102.14,102.14,,0.0,0.0,0.0,,0.0,0.0,0.0,0.0,0.0,0.0,7.0,2.5,8.75,0.0,3.31,0.0,0.0,0.14,0.0,0.0,7.05,0.0,0.0,-2.78,0.0,0.0,14.35,0.0,0.0,-13.36,0.0,-0.0050135,,7185.65859,0.631596744,200.684195,0.533605694,5263.56127,99.67692,0.728462754,83.9811465,99.99998999999998,100.0,False
2026-05-19 10:30:00,0.0,,81.82,86.94,89.01,123.59,123.59,,0.0,0.0,0.0,,0.0,0.0,0.0,0.0,0.0,0.0,7.0,2.5,8.75,0.0,3.31,0.0,0.0,0.14,0.0,0.0,7.05,0.0,0.0,-2.78,0.0,0.0,14.35,0.0,0.0,-13.36,0.0,-0.004989388933333333,,7185.65859,0.631723196,200.6845,0.533624918,5263.7509,99.67692,0.728462754,83.9811961,99.99998999999998,100.0,False
2026-05-19 11:00:00,0.0,,71.12,88.0,88.8,127.51,127.51,,0.0,0.0,0.0,,0.0,0.0,0.0,0.0,0.0,0.0,7.0,3,10.5,0.0,1.32,0.0,0.0,3.05,0.0,0.0,3.5,0.0,0.0,2.58,0.0,0.0,13.64,0.0,0.0,-8.2,0.0,-0.0004071666666666666,,7185.65859,0.631733516,200.6845,0.53362634,5263.76493,99.67692,0.728462754,83.9812066,99.99998999999998,100.0,False
2026-05-19 11:30:00,0.0,,71.12,83.05,83.0,127.9,127.9,,0.0,0.0,0.0,,0.0,0.0,0.0,0.0,0.0,0.0,7.0,3,10.5,0.0,1.32,0.0,0.0,3.05,0.0,0.0,3.5,0.0,0.0,2.58,0.0,0.0,13.64,0.0,0.0,-8.2,0.0,0.0,,7185.65859,0.631733516,200.6845,0.53362634,5263.76493,99.67692,0.728462754,83.9812066,99.99998999999998,100.0,False
2026-05-19 12:00:00,0.0,,65.3,82.22,81.1,126.4,126.4,,0.0,0.0,0.0,,0.0,0.0,0.0,0.0,0.0,0.0,7.0,3,10.5,0.0,1.32,0.0,0.0,3.05,0.0,0.0,3.5,0.0,0.0,2.58,0.0,0.0,13.64,0.0,0.0,-8.2,0.0,0.0,,7185.65859,0.631733516,200.6845,0.53362634,5263.76493,99.67692,0.728462754,83.9812066,99.99998999999998,100.0,False
2026-05-19 12:30:00,0.0,,65.3,82.22,78.89,-4.0,-4.0,,0.0,0.0,0.0,,0.0,0.0,0.0,0.0,0.0,0.0,7.0,3,10.5,0.0,1.32,0.0,0.0,3.05,0.0,0.0,3.5,0.0,0.0,2.58,0.0,0.0,13.64,0.0,0.0,-8.2,0.0,0.0,,7185.65859,0.631733516,200.6845,0.53362634,5263.76493,99.67692,0.728462754,83.9812066,99.99998999999998,100.0,False
2026-05-19 13:00:00,0.0,,63.68,78.97,74.0,-4.0,-4.0,,0.0,0.0,0.0,,-4.0,-148.0,4.0,157.94,0.0,0.0,7.0,3,10.5,0.0,1.32,0.0,0.0,3.05,0.0,0.0,3.5,0.0,0.0,2.58,0.0,0.0,13.64,0.0,0.0,-8.2,0.0,0.0,,7185.65859,0.631733516,200.6845,0.53362634,5263.76493,99.67692,0.728462754,83.9812066,99.99998999999998,100.0,False
2026-05-19 13:30:00,-1.462,,63.68,78.89,70.98,66.24,66.24,,35.63712,0.0,0.0,,-4.0,-141.96,0.0,0.0,0.0,0.0,7.0,3,10.5,0.0,1.32,0.0,0.0,3.05,0.0,0.0,3.5,0.0,0.0,2.58,0.0,0.0,13.64,0.0,0.0,-8.2,0.0,0.0,,7185.65859,0.631733516,200.6845,0.53362634,5263.76493,99.67692,0.728462754,83.9812066,99.99998999999998,100.0,False
2026-05-19 14:00:00,-2.058,,66.35,79.87,80.54,79.98,79.98,,-4.638839999999987,0.0,0.0,,-2.4,-96.64800000000001,-1.6,-63.89600000000001,0.0,0.0,7.0,3,10.5,0.0,1.32,0.0,0.0,3.05,0.0,0.0,3.5,0.0,0.0,2.58,0.0,0.0,13.64,0.0,0.0,-8.2,0.0,-2.8690844833333333,,8628.4128,0.704448533,200.757644,0.53362634,5263.76493,99.67692,0.874725298,83.9403421,99.99998999999998,100.0,False
2026-05-19 14:30:00,-2.012,,66.35,80.82,77.83,73.35,73.35,,-0.8802000000000008,0.0,0.0,,-4.0,-155.66,0.0,0.0,0.0,0.0,7.0,3,10.5,0.0,1.32,0.0,0.0,3.05,0.0,0.0,3.5,0.0,0.0,2.58,0.0,0.0,13.64,0.0,0.0,-8.2,0.0,-3.9854605333333333,,10629.3339,0.805457352,200.85902,0.53362634,5263.76493,99.67692,1.0775733,83.8666087,99.99998999999998,100.0,False
2026-05-19 15:00:00,0.0,,77.65,79.75,67.0,62.95,62.95,,0.0,0.0,0.0,,0.0,0.0,0.0,0.0,0.0,0.0,7.0,7.2,25.2,0.0,1.85,0.0,0.0,2.25,0.0,0.0,6.7,0.0,0.0,1.36,0.0,0.0,23.94,0.0,0.0,-5.53,0.0,-3.8652846000000003,,12568.9016,0.903420392,200.957256,0.53362634,5263.76493,99.67692,1.27420146,83.7930634,99.99998999999998,100.0,False
2026-05-19 15:30:00,0.0,,77.65,80.7,76.82,66.24,66.24,,0.0,0.0,0.0,,0.0,0.0,0.0,0.0,0.0,0.0,7.0,7.2,25.2,0.0,1.85,0.0,0.0,2.25,0.0,0.0,6.7,0.0,0.0,1.36,0.0,0.0,23.94,0.0,0.0,-5.53,0.0,-0.004930305566666667,,12568.9016,0.903545347,200.957458,0.533658453,5264.08169,99.67692,1.27420146,83.7828562,99.99998999999998,100.0,False
2026-05-19 16:00:00,0.0,,92.49,94.0,84.5,127.95,127.95,,0.0,0.0,0.0,,0.0,0.0,0.0,0.0,0.0,0.0,7.0,7.2,25.2,0.0,1.85,0.0,0.0,2.25,0.0,0.0,6.7,0.0,0.0,1.36,0.0,0.0,23.94,0.0,0.0,-5.53,0.0,-0.0049691111,,12568.9016,0.903671292,200.957661,0.533684897,5264.34254,99.67692,1.27420146,83.7828097,99.99998999999998,100.0,False
2026-05-19 16:30:00,0.0,,92.49,99.53,99.79,127.95,127.95,,0.0,0.0,0.0,,0.0,0.0,0.0,0.0,0.0,0.0,7.0,7.2,25.2,0.0,1.85,0.0,0.0,2.25,0.0,0.0,6.7,0.0,0.0,1.36,0.0,0.0,23.94,0.0,0.0,-5.53,0.0,-0.004993249966666667,,12568.9016,0.903797837,200.957914,0.533714368,5264.63325,99.67692,1.27420146,83.7827177,99.99998999999998,100.0,False
2026-05-19 17:00:00,0.0,,105.93,103.21,96.91,129.9,129.9,,0.0,0.0,0.0,,0.0,0.0,0.0,0.0,0.0,0.0,7.0,7.2,25.2,0.0,1.85,0.0,0.0,2.25,0.0,0.0,6.7,0.0,0.0,1.36,0.0,0.0,23.94,0.0,0.0,-5.53,0.0,-0.005011250066666667,,12568.9016,0.903924847,200.958117,0.533746689,5264.95206,99.67692,1.27420146,83.7826284,99.99998999999998,100.0,False
2026-05-19 17:30:00,0.0,,105.93,112.12,116.45,127.52,127.52,,-363.432,0.0,0.0,,0.0,0.0,5.7,319.54200000000003,0.0,0.0,7.0,7.2,25.2,0.0,1.85,0.0,0.0,2.25,0.0,0.0,6.7,0.0,0.0,1.36,0.0,0.0,23.94,0.0,0.0,-5.53,0.0,-0.005023416633333333,,12568.9016,0.904052162,200.95832,0.5337715,5265.1968,99.67692,1.27420146,83.7825331,99.99998999999998,100.0,False
2026-05-19 18:00:00,0.0,,120.07,122.77,115.32,100.0,100.0,,-14.999999999999991,0.0,0.0,,6.1,351.72599999999994,-5.8,-356.03299999999996,0.0,0.0,7.0,7.2,25.2,0.0,1.85,0.0,0.0,2.25,0.0,0.0,6.7,0.0,0.0,1.36,0.0,0.0,23.94,0.0,0.0,-5.53,0.0,-0.0046750000666666664,,12568.9016,0.904170642,200.958675,0.533818643,5265.66183,99.67692,1.27420146,83.7824453,99.99998999999998,100.0,False
2026-05-19 18:30:00,0.105,,120.07,126.0,120.0,144.5,144.5,,-447.22749999999996,0.0,0.0,,6.3,378.0,0.1,6.300000000000001,0.0,0.0,7.0,7.2,25.2,0.0,1.85,0.0,0.0,2.25,0.0,0.0,6.7,0.0,0.0,1.36,0.0,0.0,23.94,0.0,0.0,-5.53,0.0,-0.004395083399999999,,12568.9016,0.904282037,200.958877,0.533880889,5266.27583,99.67692,1.27420146,83.7823603,99.99998999999998,100.0,False
2026-05-19 19:00:00,0.0,,128.67,127.71,125.0,144.5,144.5,,0.0,0.0,0.0,,0.0,0.0,0.0,0.0,0.0,0.0,7.0,7.5,26.25,0.0,2.85,0.0,0.0,0.2,0.0,0.0,7.79,0.0,0.0,-3.85,0.0,0.0,22.41,0.0,0.0,-12.26,0.0,0.20601119886666663,,12568.9016,0.909674995,200.964453,0.544543683,5371.45513,99.67692,1.27420146,83.7853114,99.99998999999998,100.0,False
2026-05-19 19:30:00,0.0,,128.67,128.73,129.0,144.5,144.5,,0.0,0.0,0.0,,0.0,0.0,0.0,0.0,0.0,0.0,7.0,7.5,26.25,0.0,2.85,0.0,0.0,0.2,0.0,0.0,7.79,0.0,0.0,-3.85,0.0,0.0,22.41,0.0,0.0,-12.26,0.0,-0.005007277833333334,,12568.9016,0.9098019,200.964707,0.544571096,5371.72553,99.67692,1.27420146,83.7867941,99.99998999999998,100.0,False
2026-05-19 20:00:00,0.0,,125.46,127.45,123.0,143.9,143.9,,0.0,0.0,0.0,,0.0,0.0,0.0,0.0,0.0,0.0,7.0,7.5,26.25,0.0,2.85,0.0,0.0,0.2,0.0,0.0,7.79,0.0,0.0,-3.85,0.0,0.0,22.41,0.0,0.0,-12.26,0.0,-0.0050368612,,12568.9016,0.909929555,200.964858,0.544596021,5371.97139,99.67692,1.27420146,83.7866806,99.99998999999998,100.0,False
2026-05-19 20:30:00,0.0,,125.46,127.11,124.99,134.9,134.9,,0.0,0.0,0.0,,0.0,0.0,0.0,0.0,0.0,0.0,7.0,7.5,26.25,0.0,2.85,0.0,0.0,0.2,0.0,0.0,7.79,0.0,0.0,-3.85,0.0,0.0,22.41,0.0,0.0,-12.26,0.0,-0.0050581944,,12568.9016,0.910057749,200.965112,0.544618512,5372.19325,99.67692,1.27420146,83.786562,99.99998999999998,100.0,False
2026-05-19 21:00:00,0.0,,119.87,123.32,125.15,134.45,134.45,,0.0,0.0,0.0,,0.0,0.0,0.0,0.0,0.0,0.0,7.0,7.5,26.25,0.0,2.85,0.0,0.0,0.2,0.0,0.0,7.79,0.0,0.0,-3.85,0.0,0.0,22.41,0.0,0.0,-12.26,0.0,-0.0050464166333333334,,12568.9016,0.91018565,200.965467,0.544642464,5372.42951,99.67692,1.27420146,83.7864364,99.99998999999998,100.0,False
2026-05-19 21:30:00,-0.019,,119.87,120.67,116.52,134.45,134.45,,0.0,-2.55455,0.0,,0.0,0.0,0.0,0.0,0.0,0.0,7.0,7.5,26.25,0.0,2.85,0.0,0.0,0.2,0.0,0.0,7.79,0.0,0.0,-3.85,0.0,0.0,22.41,0.0,0.0,-12.26,0.0,-0.005014277766666666,,12568.9016,0.910312734,200.965619,0.544670297,5372.70406,99.67692,1.27420146,83.7863369,99.99998999999998,100.0,False
2026-05-19 22:00:00,-0.889,,106.0,113.99,110.02,134.45,134.45,,1.478950000000001,0.0,0.0,,0.0,0.0,-1.8,-102.591,0.0,0.0,7.0,7.5,26.25,0.0,2.85,0.0,0.0,0.2,0.0,0.0,7.79,0.0,0.0,-3.85,0.0,0.0,22.41,0.0,0.0,-12.26,0.0,-0.059204497800000006,,12596.4756,0.911813229,200.967241,0.54468581,5372.85709,99.67692,1.27699684,83.7861599,99.99998999999998,100.0,False
2026-05-19 22:30:00,0.0,,106.0,103.0,103.0,134.45,134.45,,0.0,0.0,0.0,,0.0,0.0,0.0,0.0,0.0,0.0,7.0,7.5,26.25,0.0,2.85,0.0,0.0,0.2,0.0,0.0,7.79,0.0,0.0,-3.85,0.0,0.0,22.41,0.0,0.0,-12.26,0.0,-1.7574876666666668,,13472.0236,0.956355579,201.011999,0.54468581,5372.85709,99.67692,1.36575754,83.7576091,99.99998999999998,100.0,False
2026-05-19 23:00:00,0.0,,93.71,90.33,93.72,135.0,135.0,,0.0,0.0,0.0,,0.0,0.0,0.0,0.0,0.0,0.0,7.0,1.78,6.23,0.0,1.26,0.0,0.0,0.95,0.0,0.0,4.3,0.0,0.0,-2.47,0.0,0.0,16.51,0.0,0.0,-11.58,0.0,-0.005028805566666667,,13472.0236,0.956483029,201.012202,0.544702084,5373.01761,99.67692,1.36575754,83.7528994,99.99998999999998,100.0,False
2026-05-19 23:30:00,0.0,,93.71,90.32,89.75,135.0,135.0,,0.0,0.0,0.0,,0.0,0.0,0.0,0.0,0.0,0.0,7.0,1.78,6.23,0.0,1.26,0.0,0.0,0.95,0.0,0.0,4.3,0.0,0.0,-2.47,0.0,0.0,16.51,0.0,0.0,-11.58,0.0,-0.005018499966666667,,13472.0236,0.95661022,201.012506,0.544724951,5373.24318,99.67692,1.36575754,83.7527936,99.99998999999998,100.0,False
2026-05-20 00:00:00,0.0,,89.5,89.97,90.0,130.0,130.0,,0.0,0.0,0.0,,0.0,0.0,0.0,0.0,0.0,0.0,7.0,1.78,6.23,0.0,1.26,0.0,0.0,0.95,0.0,0.0,4.3,0.0,0.0,-2.47,0.0,0.0,16.51,0.0,0.0,-11.58,0.0,-0.0049961944333333334,,13472.0236,0.956736844,201.012608,0.544747852,5373.46908,99.67692,1.36575754,83.7526693,99.99998999999998,100.0,False
2026-05-20 00:30:00,0.0,,89.5,84.0,90.0,129.9,129.9,,0.0,0.0,0.0,,0.0,0.0,0.0,0.0,0.0,0.0,7.0,1.78,6.23,0.0,1.26,0.0,0.0,0.95,0.0,0.0,4.3,0.0,0.0,-2.47,0.0,0.0,16.51,0.0,0.0,-11.58,0.0,-0.005013083333333334,,0.0,0.000127053228,201.013013,1.42741224e-05,0.140801942,99.67692,0.0,83.7525758,99.99998999999998,100.0,False
2026-05-20 01:00:00,0.0,,88.6,85.95,90.0,98.34,98.34,,0.0,0.0,0.0,,0.0,0.0,0.0,0.0,0.0,0.0,7.0,1.78,6.23,0.0,1.26,0.0,0.0,0.95,0.0,0.0,4.3,0.0,0.0,-2.47,0.0,0.0,16.51,0.0,0.0,-11.58,0.0,-0.005003749966666666,,0.00549744667,0.000253869909,201.013114,2.91054184e-05,0.287099922,99.67692,5.57316367e-07,83.7524823,99.99998999999998,100.0,False
2026-05-20 01:30:00,0.0,,88.6,89.95,90.62,98.75,98.75,,0.0,0.0,0.0,,0.0,0.0,0.0,0.0,0.0,0.0,7.0,1.78,6.23,0.0,1.26,0.0,0.0,0.95,0.0,0.0,4.3,0.0,0.0,-2.47,0.0,0.0,16.51,0.0,0.0,-11.58,0.0,-0.005007138933333333,,0.00549744667,0.000380772481,201.013317,4.75408461e-05,0.468949562,99.67692,5.57316367e-07,83.7523829,99.99998999999998,100.0,False
2026-05-20 02:00:00,0.0,,87.84,81.04,87.57,94.17,94.17,,0.0,0.0,0.0,,0.0,0.0,0.0,0.0,0.0,0.0,7.0,1.78,6.23,0.0,1.26,0.0,0.0,0.95,0.0,0.0,4.3,0.0,0.0,-2.47,0.0,0.0,16.51,0.0,0.0,-11.58,0.0,-0.004990277666666667,,0.00549744667,0.00050724771,201.013621,7.0059473e-05,0.69107645,99.67692,5.57316367e-07,83.7523098,99.99998999999998,100.0,False
2026-05-20 02:30:00,-0.044,,87.84,78.0,83.57,94.65,94.65,,0.0,-4.1646,0.0,,0.0,0.0,0.0,0.0,0.0,0.0,7.0,1.78,6.23,0.0,1.26,0.0,0.0,0.95,0.0,0.0,4.3,0.0,0.0,-2.47,0.0,0.0,16.51,0.0,0.0,-11.58,0.0,-0.0050016111,,0.00549744667,0.000634010185,201.013824,9.439887e-05,0.93116367,99.67692,5.57316367e-07,83.752198,99.99998999999998,100.0,False
2026-05-20 03:00:00,-0.701,,86.07,84.06,88.0,97.77,97.77,,127.00322999999999,0.0,0.0,,0.0,0.0,-4.0,-168.12,0.0,0.0,7.0,2.2,7.700000000000001,0.0,1.07,0.0,0.0,2.65,0.0,0.0,5.31,0.0,0.0,-0.36,0.0,0.0,8.46,0.0,0.0,-8.88,0.0,-0.1248558922,,61.2038641,0.00379839888,201.01722,0.000110584424,1.09082024,99.67692,0.00620468324,83.75202,99.99998999999998,100.0,False
2026-05-20 03:30:00,-0.019,,86.07,82.0,88.0,98.41,98.41,,194.95021,0.0,0.0,,0.0,0.0,-4.0,-164.0,0.0,0.0,7.0,2.2,7.700000000000001,0.0,1.07,0.0,0.0,2.65,0.0,0.0,5.31,0.0,0.0,-0.36,0.0,0.0,8.46,0.0,0.0,-8.88,0.0,-1.3193733278,,719.597297,0.0372370293,201.050775,0.000127133799,1.25406559,99.67692,0.0729508398,83.7256519,99.99998999999998,100.0,False
2026-05-20 04:00:00,-0.012,,87.84,85.94,89.75,98.37,98.37,,107.02656000000002,0.0,0.0,,0.0,0.0,-2.2,-94.534,0.0,0.0,7.0,2.2,7.700000000000001,0.0,1.07,0.0,0.0,2.65,0.0,0.0,5.31,0.0,0.0,-0.36,0.0,0.0,8.46,0.0,0.0,-8.88,0.0,-0.042571778000000005,,738.214451,0.0383159825,201.051993,0.00014038278,1.3847554,99.67692,0.0748381968,83.7248826,99.99998999999998,100.0,False
2026-05-20 04:30:00,0.0,,87.84,84.35,86.25,130.0,130.0,,260.0,0.0,0.0,,0.0,0.0,-4.0,-168.7,0.0,0.0,7.0,2.2,7.700000000000001,0.0,1.07,0.0,0.0,2.65,0.0,0.0,5.31,0.0,0.0,-0.36,0.0,0.0,8.46,0.0,0.0,-8.88,0.0,-0.02943463876666667,,750.222134,0.0390619835,201.052854,0.000148284305,1.46269714,99.67692,0.0760555035,83.7244856,99.99998999999998,100.0,False
2026-05-20 05:00:00,0.0,,94.41,86.86,90.63,78.38,78.38,,0.0,0.0,0.0,,0.0,0.0,0.0,0.0,0.0,0.0,7.0,2.2,7.700000000000001,0.0,1.07,0.0,0.0,2.65,0.0,0.0,5.31,0.0,0.0,-0.36,0.0,0.0,8.46,0.0,0.0,-8.88,0.0,-0.004990138966666666,,750.222134,0.0391884552,201.053007,0.00017111334,1.68788594,99.67692,0.0760555035,83.7242015,99.99998999999998,100.0,False
2026-05-20 05:30:00,0.0,,94.41,93.51,94.67,101.92,101.92,,0.0,0.0,0.0,,0.0,0.0,0.0,0.0,0.0,0.0,7.0,2.2,7.700000000000001,0.0,1.07,0.0,0.0,2.65,0.0,0.0,5.31,0.0,0.0,-0.36,0.0,0.0,8.46,0.0,0.0,-8.88,0.0,-0.004951583333333333,,750.222134,0.0393139498,201.053361,0.000189540275,1.86965181,99.67692,0.0760555035,83.7240542,99.99998999999998,100.0,False
2026-05-20 06:00:00,0.0,,110.99,107.52,102.25,130.0,130.0,,0.0,0.0,0.0,,0.0,0.0,0.0,0.0,0.0,0.0,7.0,2.2,7.700000000000001,0.0,1.07,0.0,0.0,2.65,0.0,0.0,5.31,0.0,0.0,-0.36,0.0,0.0,8.46,0.0,0.0,-8.88,0.0,-0.004928083333333334,,750.222134,0.0394388488,201.053463,0.000213119616,2.10224173,99.67692,0.0760555035,83.7239053,99.99998999999998,100.0,False
2026-05-20 06:30:00,0.0,,110.99,121.66,117.0,118.21,118.21,,0.0,0.0,0.0,,0.0,0.0,0.0,0.0,0.0,0.0,7.0,2.2,7.700000000000001,0.0,1.07,0.0,0.0,2.65,0.0,0.0,5.31,0.0,0.0,-0.36,0.0,0.0,8.46,0.0,0.0,-8.88,0.0,-0.005002083333333333,,750.222134,0.0395656232,201.053665,0.000239282178,2.3603129,99.67692,0.0760555035,83.7237899,99.99998999999998,100.0,False
2026-05-20 07:00:00,0.941,,110.8,114.67,115.99,121.41,121.41,,-13.233690000000012,0.0,0.0,,0.0,0.0,2.1,120.40350000000001,0.0,0.0,7.0,6.04,21.14,0.0,3.0,0.0,0.0,0.3,0.0,0.0,6.41,0.0,0.0,-0.34,0.0,0.0,16.63,0.0,0.0,-13.95,0.0,-0.0050924167000000005,,750.222134,0.039694687,201.053969,0.00026076174,2.57219031,99.67692,0.0760555035,83.7236804,99.99998999999998,100.0,False
2026-05-20 07:30:00,2.777,,110.8,120.0,122.41,113.05,113.05,,-8.252649999999994,0.0,0.0,,0.0,0.0,5.7,342.0,0.0,0.0,7.0,6.04,21.14,0.0,3.0,0.0,0.0,0.3,0.0,0.0,6.41,0.0,0.0,-0.34,0.0,0.0,16.63,0.0,0.0,-13.95,0.0,1.8619161,,750.222134,0.0868836994,201.101516,0.0948681527,935.79274,99.67692,0.0760555035,83.7545598,99.99998999999998,100.0,False
2026-05-20 08:00:00,0.047,,106.94,119.07,119.26,125.14,125.14,,0.0,5.8815800000000005,0.0,,0.0,0.0,0.0,0.0,0.0,0.0,7.0,6.04,21.14,0.0,3.0,0.0,0.0,0.3,0.0,0.0,6.41,0.0,0.0,-0.34,0.0,0.0,16.63,0.0,0.0,-13.95,0.0,5.301049233333334,,750.222134,0.22123523,201.236651,0.363853784,3589.10466,99.67692,0.0760555035,83.86566,99.99998999999998,100.0,False
2026-05-20 08:30:00,2.287,,106.94,115.86,113.0,122.31,122.31,,4.5254699999999906,0.0,0.0,,0.0,0.0,4.5,260.685,0.0,0.0,7.0,6.04,21.14,0.0,3.0,0.0,0.0,0.3,0.0,0.0,6.41,0.0,0.0,-0.34,0.0,0.0,16.63,0.0,0.0,-13.95,0.0,0.12469808223333334,,750.222134,0.224563121,201.24025,0.37056323,3655.28758,99.67692,0.0760555035,83.8808796,99.99998999999998,100.0,False
2026-05-20 09:00:00,0.0,,103.01,111.72,109.0,119.78,119.78,,0.0,0.0,0.0,,0.0,0.0,0.0,0.0,0.0,0.0,7.0,6.04,21.14,0.0,3.0,0.0,0.0,0.3,0.0,0.0,6.41,0.0,0.0,-0.34,0.0,0.0,16.63,0.0,0.0,-13.95,0.0,4.373067166666666,,750.222134,0.33539557,201.35141,0.592207962,5841.62225,99.67692,0.0760555035,83.9657091,99.99998999999998,100.0,False
2026-05-20 09:30:00,0.0,,103.01,105.5,103.2,120.58,120.58,,0.0,0.0,0.0,,0.0,0.0,0.0,0.0,0.0,0.0,7.0,6.04,21.14,0.0,3.0,0.0,0.0,0.3,0.0,0.0,6.41,0.0,0.0,-0.34,0.0,0.0,16.63,0.0,0.0,-13.95,0.0,-0.004984000033333333,,750.222134,0.335521886,201.351715,0.592241295,5841.95105,99.67692,0.0760555035,83.9794048,99.99998999999998,100.0,False
2026-05-20 10:00:00,0.0,,95.0,90.19,91.0,120.77,120.77,,0.0,0.0,0.0,,0.0,0.0,0.0,0.0,0.0,0.0,7.0,6.04,21.14,0.0,3.0,0.0,0.0,0.3,0.0,0.0,6.41,0.0,0.0,-0.34,0.0,0.0,16.63,0.0,0.0,-13.95,0.0,-0.0049811111,,750.222134,0.335648129,201.351866,0.592275702,5842.29044,99.67692,0.0760555035,83.9793295,99.99998999999998,100.0,False
2026-05-20 10:30:00,0.0,,95.0,89.8,88.2,118.86,118.86,,0.0,0.0,0.0,,0.0,0.0,0.0,0.0,0.0,0.0,7.0,6.04,21.14,0.0,3.0,0.0,0.0,0.3,0.0,0.0,6.41,0.0,0.0,-0.34,0.0,0.0,16.63,0.0,0.0,-13.95,0.0,-0.004894722166666667,,750.222134,0.335772183,201.352221,0.592305588,5842.58524,99.67692,0.0760555035,83.9792406,99.99998999999998,100.0,False
2026-05-20 11:00:00,0.0,,87.51,85.59,86.12,115.91,115.91,,0.0,0.0,0.0,,0.0,0.0,0.0,0.0,0.0,0.0,7.0,2.76,9.66,0.0,0.99,0.0,0.0,3.64,0.0,0.0,5.9,0.0,0.0,1.79,0.0,0.0,13.3,0.0,0.0,-6.86,0.0,-0.005021694399999999,,750.222134,0.335899454,201.352373,0.592332578,5842.85148,99.67692,0.0760555035,83.9791628,99.99998999999998,100.0,False
2026-05-20 11:30:00,0.0,,87.51,79.59,78.67,114.8,114.8,,0.0,0.0,0.0,,0.0,0.0,0.0,0.0,0.0,0.0,7.0,2.76,9.66,0.0,0.99,0.0,0.0,3.64,0.0,0.0,5.9,0.0,0.0,1.79,0.0,0.0,13.3,0.0,0.0,-6.86,0.0,-0.005072694466666666,,750.242471,0.336028018,201.352627,0.592353135,5843.05425,99.67692,0.0760575652,83.9791054,99.99998999999998,100.0,False
2026-05-20 12:00:00,0.0,,82.23,78.25,75.78,127.36,127.36,,0.0,0.0,0.0,,0.0,0.0,0.0,0.0,0.0,0.0,7.0,2.76,9.66,0.0,0.99,0.0,0.0,3.64,0.0,0.0,5.9,0.0,0.0,1.79,0.0,0.0,13.3,0.0,0.0,-6.86,0.0,-0.0049608334,,750.242471,0.336153747,201.35288,0.592391643,5843.4341,99.67692,0.0760575652,83.9790064,99.99998999999998,100.0,False
2026-05-20 12:30:00,-0.001,,82.23,72.19,69.0,132.26,132.26,,0.0,-0.13226,0.0,,0.0,0.0,0.0,0.0,0.0,0.0,7.0,2.76,9.66,0.0,0.99,0.0,0.0,3.64,0.0,0.0,5.9,0.0,0.0,1.79,0.0,0.0,13.3,0.0,0.0,-6.86,0.0,-0.0049452777,,750.242471,0.336279082,201.352981,0.59242732,5843.78602,99.67692,0.0760575652,83.9789588,99.99998999999998,100.0,False
2026-05-20 13:00:00,-0.096,,72.88,72.23,77.0,138.68,138.68,,-6.379279999999994,0.0,0.0,,-2.4,-92.39999999999999,2.3,83.0645,0.0,0.0,7.0,2.76,9.66,0.0,0.99,0.0,0.0,3.64,0.0,0.0,5.9,0.0,0.0,1.79,0.0,0.0,13.3,0.0,0.0,-6.86,0.0,-0.007858638833333332,,751.584636,0.336478254,201.353387,0.592450077,5844.0105,99.67692,0.0761936303,83.978904,99.99998999999998,100.0,False
2026-05-20 13:30:00,-2.074,,72.88,68.0,73.0,139.25,139.25,,-10.304499999999978,0.0,0.0,,-4.0,-146.0,0.0,0.0,0.0,0.0,7.0,2.76,9.66,0.0,0.99,0.0,0.0,3.64,0.0,0.0,5.9,0.0,0.0,1.79,0.0,0.0,13.3,0.0,0.0,-6.86,0.0,-0.223222221,,862.023083,0.342135671,201.359064,0.592450077,5844.0105,99.67692,0.0873895832,83.9773892,99.99998999999998,100.0,False
2026-05-20 14:00:00,-2.075,,73.0,69.74,71.6,136.0,136.0,,-112.20000000000002,0.0,0.0,,-4.0,-143.2,1.5,52.30499999999999,0.0,0.0,7.0,2.76,9.66,0.0,0.99,0.0,0.0,3.64,0.0,0.0,5.9,0.0,0.0,1.79,0.0,0.0,13.3,0.0,0.0,-6.86,0.0,-3.9890844,,2864.01433,0.443236334,201.460543,0.592450077,5844.0105,99.67692,0.290346075,83.9136344,99.99998999999998,100.0,False
2026-05-20 14:30:00,-2.073,,73.0,70.01,69.0,62.05,62.05,,-4.529649999999997,0.0,0.0,,-4.0,-138.0,0.0,0.0,0.0,0.0,7.0,2.76,9.66,0.0,0.99,0.0,0.0,3.64,0.0,0.0,5.9,0.0,0.0,1.79,0.0,0.0,13.3,0.0,0.0,-6.86,0.0,-3.9841109333333335,,4864.15553,0.544210948,201.562022,0.592450077,5844.0105,99.67692,0.493115014,83.8401775,99.99998999999998,100.0,False
2026-05-20 15:00:00,-0.548,,72.47,70.85,69.0,136.0,136.0,,197.47199999999998,0.0,0.0,,0.0,0.0,-4.0,-141.7,0.0,0.0,7.0,5.59,19.564999999999998,0.0,1.88,0.0,0.0,2.45,0.0,0.0,6.13,0.0,0.0,2.01,0.0,0.0,18.26,0.0,0.0,-3.27,0.0,-3.981583533333333,,6863.19408,0.645121508,201.663297,0.592450077,5844.0105,99.67692,0.695772169,83.7669167,99.99998999999998,100.0,False
2026-05-20 15:30:00,0.0,,72.47,78.1,75.8,136.0,136.0,,0.0,0.0,0.0,,0.0,0.0,0.0,0.0,0.0,0.0,7.0,5.59,19.564999999999998,0.0,1.88,0.0,0.0,2.45,0.0,0.0,6.13,0.0,0.0,2.01,0.0,0.0,18.26,0.0,0.0,-3.27,0.0,-1.0226847654666666,,7373.20812,0.671040766,201.6892,0.592464754,5844.15528,99.67692,0.747476021,83.7362325,99.99998999999998,100.0,False
2026-05-20 16:00:00,0.0,,85.9,78.0,83.87,90.0,90.0,,0.0,0.0,0.0,,0.0,0.0,0.0,0.0,0.0,0.0,7.0,5.59,19.564999999999998,0.0,1.88,0.0,0.0,2.45,0.0,0.0,6.13,0.0,0.0,2.01,0.0,0.0,18.26,0.0,0.0,-3.27,0.0,-0.005177249966666666,,7373.21977,0.67117198,201.689453,0.592492453,5844.42851,99.67692,0.747477202,83.7359022,99.99998999999998,100.0,False
2026-05-20 16:30:00,0.0,,85.9,100.85,105.33,62.15,62.15,,0.0,0.0,0.0,,0.0,0.0,0.0,0.0,0.0,0.0,7.0,5.59,19.564999999999998,0.0,1.88,0.0,0.0,2.45,0.0,0.0,6.13,0.0,0.0,2.01,0.0,0.0,18.26,0.0,0.0,-3.27,0.0,-0.0049185834,,7373.21977,0.671296639,201.689656,0.592530612,5844.80491,99.67692,0.747477202,83.7358749,99.99998999999998,100.0,False
2026-05-20 17:00:00,0.003,,108.6,109.98,108.65,87.5,87.5,,0.0,0.2625,0.0,,0.0,0.0,0.0,0.0,0.0,0.0,7.0,5.59,19.564999999999998,0.0,1.88,0.0,0.0,2.45,0.0,0.0,6.13,0.0,0.0,2.01,0.0,0.0,18.26,0.0,0.0,-3.27,0.0,-0.004982000066666666,,7373.21977,0.671422904,201.689909,0.592569045,5845.18402,99.67692,0.747477202,83.7358066,99.99998999999998,100.0,False
2026-05-20 17:30:00,0.155,,108.6,113.06,112.6,82.5,82.5,,0.41250000000000037,0.0,0.0,,0.0,0.0,0.3,16.959,0.0,0.0,7.0,5.59,19.564999999999998,0.0,1.88,0.0,0.0,2.45,0.0,0.0,6.13,0.0,0.0,2.01,0.0,0.0,18.26,0.0,0.0,-3.27,0.0,0.0045231389,,7373.21977,0.671704637,201.690416,0.593098715,5850.40876,99.67692,0.747477202,83.7357668,99.99998999999998,100.0,False
2026-05-20 18:00:00,0.214,,122.25,115.53,115.71,87.5,87.5,,-235.025,0.0,0.0,,0.0,0.0,5.8,335.037,0.0,0.0,7.0,5.59,19.564999999999998,0.0,1.88,0.0,0.0,2.45,0.0,0.0,6.13,0.0,0.0,2.01,0.0,0.0,18.26,0.0,0.0,-3.27,0.0,0.29424696833333336,,7373.21977,0.679162129,201.697918,0.608461367,6001.94811,99.67692,0.747477202,83.7414863,99.99998999999998,100.0,False
2026-05-20 18:30:00,3.004,,122.25,126.02,126.0,87.5,87.5,,-12.774999999999991,0.0,0.0,,0.0,0.0,6.3,396.96299999999997,0.0,0.0,7.0,5.59,19.564999999999998,0.0,1.88,0.0,0.0,2.45,0.0,0.0,6.13,0.0,0.0,2.01,0.0,0.0,18.26,0.0,0.0,-3.27,0.0,0.46388208000000003,,7373.21977,0.690918908,201.70988,0.632564153,6239.70136,99.67692,0.747477202,83.7482275,99.99998999999998,100.0,False
2026-05-20 19:00:00,0.0,,132.9,137.98,137.0,80.22,80.22,,0.0,0.0,0.0,,0.0,0.0,0.0,0.0,0.0,0.0,7.0,7.24,25.34,0.0,4.0,0.0,0.0,0.25,0.0,0.0,8.18,0.0,0.0,-0.9,0.0,0.0,24.14,0.0,0.0,-10.19,0.0,5.797495633333334,,7373.21977,0.83785254,201.857638,0.927466851,9148.66286,99.67692,0.747477202,83.8620787,99.99998999999998,100.0,False
2026-05-20 19:30:00,0.0,,132.9,142.76,141.78,87.5,87.5,,0.0,0.0,0.0,,0.0,0.0,0.0,0.0,0.0,0.0,7.0,7.24,25.34,0.0,4.0,0.0,0.0,0.25,0.0,0.0,8.18,0.0,0.0,-0.9,0.0,0.0,24.14,0.0,0.0,-10.19,0.0,-0.005023527766666667,,7373.21977,0.837979857,201.85779,0.927510393,9149.09237,99.67692,0.747477202,83.880072,99.99998999999998,100.0,False
2026-05-20 20:00:00,0.0,,136.35,141.69,134.3,87.5,87.5,,0.0,0.0,0.0,,0.0,0.0,0.0,0.0,0.0,0.0,7.0,7.24,25.34,0.0,4.0,0.0,0.0,0.25,0.0,0.0,8.18,0.0,0.0,-0.9,0.0,0.0,24.14,0.0,0.0,-10.19,0.0,-0.004997055566666666,,7373.21977,0.838106504,201.858145,0.927556581,9149.54797,99.67692,0.747477202,83.8800087,99.99998999999998,100.0,False
2026-05-20 20:30:00,0.0,,136.35,138.3,139.0,139.0,139.0,,0.0,0.0,0.0,,0.0,0.0,0.0,0.0,0.0,0.0,7.0,7.24,25.34,0.0,4.0,0.0,0.0,0.25,0.0,0.0,8.18,0.0,0.0,-0.9,0.0,0.0,24.14,0.0,0.0,-10.19,0.0,-0.005008194433333333,,7373.21977,0.838233433,201.858297,0.927595838,9149.93521,99.67692,0.747477202,83.8799301,99.99998999999998,100.0,False
2026-05-20 21:00:00,0.0,,132.0,135.6,135.3,96.73,96.73,,0.0,0.0,0.0,,0.0,0.0,0.0,0.0,0.0,0.0,7.0,7.24,25.34,0.0,4.0,0.0,0.0,0.25,0.0,0.0,8.18,0.0,0.0,-0.9,0.0,0.0,24.14,0.0,0.0,-10.19,0.0,-0.005030916666666666,,7373.21977,0.838360939,201.858652,0.927639977,9150.3706,99.67692,0.747477202,83.8797978,99.99998999999998,100.0,False
2026-05-20 21:30:00,0.0,,132.0,134.0,134.83,133.22,133.22,,0.0,0.0,0.0,,0.0,0.0,0.0,0.0,0.0,0.0,7.0,7.24,25.34,0.0,4.0,0.0,0.0,0.25,0.0,0.0,8.18,0.0,0.0,-0.9,0.0,0.0,24.14,0.0,0.0,-10.19,0.0,-0.0050790833666666665,,7373.21977,0.838489665,201.858753,0.927683563,9150.80054,99.67692,0.747477202,83.8796741,99.99998999999998,100.0,False
2026-05-20 22:00:00,-0.019,,120.0,130.6,128.33,155.9,155.9,,0.0,-2.9621,0.0,,0.0,0.0,0.0,0.0,0.0,0.0,7.0,7.24,25.34,0.0,4.0,0.0,0.0,0.25,0.0,0.0,8.18,0.0,0.0,-0.9,0.0,0.0,24.14,0.0,0.0,-10.19,0.0,-0.005002694433333333,,7373.21977,0.838616455,201.858956,0.927720313,9151.16305,99.67692,0.747477202,83.8795557,99.99998999999998,100.0,False
2026-05-20 22:30:00,-0.89,,120.0,115.71,113.47,130.52,130.52,,1.3052000000000012,0.0,0.0,,-1.8,-102.123,0.0,0.0,0.0,0.0,7.0,7.24,25.34,0.0,4.0,0.0,0.0,0.25,0.0,0.0,8.18,0.0,0.0,-0.9,0.0,0.0,24.14,0.0,0.0,-10.19,0.0,-0.05792249996666667,,7400.08253,0.840084462,201.860578,0.927746489,9151.42125,99.67692,0.750200477,83.8793692,99.99998999999998,100.0,False
2026-05-20 23:00:00,0.0,,113.62,114.83,116.0,88.08,88.08,,0.0,0.0,0.0,,0.0,0.0,0.0,0.0,0.0,0.0,7.0,1.6,5.6000000000000005,0.0,1.6,0.0,0.0,0.89,0.0,0.0,4.79,0.0,0.0,-2.71,0.0,0.0,16.39,0.0,0.0,-13.47,0.0,-1.7565684499999998,,8275.49332,0.884603508,201.905285,0.927746489,9151.42125,99.67692,0.83894727,83.8508614,99.99998999999998,100.0,False
2026-05-20 23:30:00,0.0,,113.62,106.95,114.7,88.08,88.08,,0.0,0.0,0.0,,0.0,0.0,0.0,0.0,0.0,0.0,7.0,1.6,5.6000000000000005,0.0,1.6,0.0,0.0,0.89,0.0,0.0,4.79,0.0,0.0,-2.71,0.0,0.0,16.39,0.0,0.0,-13.47,0.0,-0.005001722133333333,,8275.49332,0.884730273,201.905589,0.927781151,9151.76316,99.67692,0.83894727,83.8462492,99.99998999999998,100.0,False
2026-05-21 00:00:00,0.0,,107.6,104.2,109.7,91.01,91.01,,0.0,0.0,0.0,,0.0,0.0,0.0,0.0,0.0,0.0,7.0,1.6,5.6000000000000005,0.0,1.6,0.0,0.0,0.89,0.0,0.0,4.79,0.0,0.0,-2.71,0.0,0.0,16.39,0.0,0.0,-13.47,0.0,-0.0049750834,,8275.49332,0.884856364,201.905742,0.927813713,9152.08436,99.67692,0.83894727,83.8461427,99.99998999999998,100.0,False
2026-05-21 00:30:00,0.0,,107.6,100.0,106.67,88.13,88.13,,0.0,0.0,0.0,,0.0,0.0,0.0,0.0,0.0,0.0,7.0,1.6,5.6000000000000005,0.0,1.6,0.0,0.0,0.89,0.0,0.0,4.79,0.0,0.0,-2.71,0.0,0.0,16.39,0.0,0.0,-13.47,0.0,-0.005008694433333333,,0.0,0.000126941995,201.906046,2.80511443e-05,0.276700415,99.67692,0.0,83.846048,99.99998999999998,100.0,False
2026-05-21 01:00:00,0.0,,103.4,100.17,102.77,88.13,88.13,,0.0,0.0,0.0,,0.0,0.0,0.0,0.0,0.0,0.0,7.0,1.6,5.6000000000000005,0.0,1.6,0.0,0.0,0.89,0.0,0.0,4.79,0.0,0.0,-2.71,0.0,0.0,16.39,0.0,0.0,-13.47,0.0,-0.004985611166666667,,0.0,0.00025329896,201.906147,5.89554465e-05,0.581544778,99.67692,0.0,83.8459459,99.99998999999998,100.0,False
2026-05-21 01:30:00,0.0,,103.4,98.92,103.59,88.13,88.13,,0.0,0.0,0.0,,0.0,0.0,0.0,0.0,0.0,0.0,7.0,1.6,5.6000000000000005,0.0,1.6,0.0,0.0,0.89,0.0,0.0,4.79,0.0,0.0,-2.71,0.0,0.0,16.39,0.0,0.0,-13.47,0.0,-0.005002500066666666,,0.0,0.000380083962,201.906553,8.58597073e-05,0.846932173,99.67692,0.0,83.8457971,99.99998999999998,100.0,False
2026-05-21 02:00:00,-0.024,,103.8,98.72,101.83,85.0,85.0,,0.0,-2.04,0.0,,0.0,0.0,0.0,0.0,0.0,0.0,7.0,1.6,5.6000000000000005,0.0,1.6,0.0,0.0,0.89,0.0,0.0,4.79,0.0,0.0,-2.71,0.0,0.0,16.39,0.0,0.0,-13.47,0.0,-0.0049951666,,0.0,0.000506683105,201.906654,0.000109434251,1.07947477,99.67692,0.0,83.8456674,99.99998999999998,100.0,False
2026-05-21 02:30:00,-1.198,,103.8,97.5,101.01,88.15,88.15,,-4.231200000000004,0.0,0.0,,0.0,0.0,-2.3,-112.12499999999999,0.0,0.0,7.0,1.6,5.6000000000000005,0.0,1.6,0.0,0.0,0.89,0.0,0.0,4.79,0.0,0.0,-2.71,0.0,0.0,16.39,0.0,0.0,-13.47,0.0,-0.07143105336666668,,34.0779183,0.00231705515,201.908732,0.000119447675,1.17824859,99.67692,0.00345472776,83.8454741,99.99998999999998,100.0,False
2026-05-21 03:00:00,-1.63,,103.06,98.5,103.84,88.15,88.15,,-7.051999999999987,0.0,0.0,,-3.1,-160.952,0.0,0.0,0.0,0.0,7.0,2,7,0.0,1.78,0.0,0.0,0.6,0.0,0.0,5.54,0.0,0.0,-2.0,0.0,0.0,19.59,0.0,0.0,-11.8,0.0,-2.3295932,,1196.56935,0.0613590295,201.967886,0.000119447675,1.17824859,99.67692,0.121304985,83.8092062,99.99998999999998,100.0,False
2026-05-21 03:30:00,-0.269,,103.06,98.0,102.2,88.15,88.15,,152.58765,0.0,0.0,,-4.0,-204.4,0.0,0.0,0.0,0.0,7.0,2,7,0.0,1.78,0.0,0.0,0.6,0.0,0.0,5.54,0.0,0.0,-2.0,0.0,0.0,19.59,0.0,0.0,-11.8,0.0,-3.1330128333333334,,2762.9115,0.140763134,202.04767,0.000119447675,1.17824859,99.67692,0.280096542,83.7543961,99.99998999999998,100.0,False
2026-05-21 04:00:00,0.0,,108.94,100.35,106.4,85.2,85.2,,0.0,0.0,0.0,,0.0,0.0,0.0,0.0,0.0,0.0,7.0,2,7,0.0,1.78,0.0,0.0,0.6,0.0,0.0,5.54,0.0,0.0,-2.0,0.0,0.0,19.59,0.0,0.0,-11.8,0.0,-0.4842667310666667,,3001.85492,0.15303655,202.060038,0.000123042308,1.21370655,99.67692,0.304319983,83.7356468,99.99998999999998,100.0,False
2026-05-21 04:30:00,0.0,,108.94,100.83,104.33,85.2,85.2,,0.0,0.0,0.0,,0.0,0.0,0.0,0.0,0.0,0.0,7.0,2,7,0.0,1.78,0.0,0.0,0.6,0.0,0.0,5.54,0.0,0.0,-2.0,0.0,0.0,19.59,0.0,0.0,-11.8,0.0,-0.004986666733333333,,3001.85492,0.153162933,202.060139,0.000128412137,1.2666753,99.67692,0.304319983,83.7354577,99.99998999999998,100.0,False
2026-05-21 05:00:00,0.0,,111.0,104.55,115.7,88.2,88.2,,0.0,0.0,0.0,,0.0,0.0,0.0,0.0,0.0,0.0,7.0,2,7,0.0,1.78,0.0,0.0,0.6,0.0,0.0,5.54,0.0,0.0,-2.0,0.0,0.0,19.59,0.0,0.0,-11.8,0.0,-0.005003250066666667,,3001.94275,0.153289737,202.060595,0.000131171152,1.29389061,99.67692,0.304328887,83.735322,99.99998999999998,100.0,False
2026-05-21 05:30:00,0.0,,111.0,104.55,110.96,98.1,98.1,,0.0,0.0,0.0,,0.0,0.0,0.0,0.0,0.0,0.0,7.0,2,7,0.0,1.78,0.0,0.0,0.6,0.0,0.0,5.54,0.0,0.0,-2.0,0.0,0.0,19.59,0.0,0.0,-11.8,0.0,-0.004962249966666666,,3001.97645,0.153415502,202.060697,0.000132147849,1.30352488,99.67692,0.304332304,83.7351825,99.99998999999998,100.0,False
2026-05-21 06:00:00,0.0,,119.0,111.79,116.94,133.0,133.0,,0.0,0.0,0.0,,0.0,0.0,0.0,0.0,0.0,0.0,7.0,2,7,0.0,1.78,0.0,0.0,0.6,0.0,0.0,5.54,0.0,0.0,-2.0,0.0,0.0,19.59,0.0,0.0,-11.8,0.0,-0.004993027766666667,,3001.98059,0.153542047,202.06095,0.000133515979,1.31702031,99.67692,0.304332723,83.7350626,99.99998999999998,100.0,False
2026-05-21 06:30:00,0.0,,119.0,123.12,124.7,140.0,140.0,,0.0,0.0,0.0,,0.0,0.0,0.0,0.0,0.0,0.0,7.0,2,7,0.0,1.78,0.0,0.0,0.6,0.0,0.0,5.54,0.0,0.0,-2.0,0.0,0.0,19.59,0.0,0.0,-11.8,0.0,-0.004970666633333333,,3001.99305,0.153668025,202.061102,0.000137592653,1.35723319,99.67692,0.304333987,83.7349506,99.99998999999998,100.0,False
2026-05-21 07:00:00,0.0,,124.57,119.3,123.19,90.54,90.54,,0.0,0.0,0.0,,0.0,0.0,0.0,0.0,0.0,0.0,7.0,6.18,21.63,0.0,2.06,0.0,0.0,0.86,0.0,0.0,5.38,0.0,0.0,-2.0,0.0,0.0,16.89,0.0,0.0,-17.6,0.0,-0.005024944466666667,,3001.99305,0.153795379,202.061406,0.000146079953,1.44095311,99.67692,0.304333987,83.7348452,99.99998999999998,100.0,False
2026-05-21 07:30:00,0.056,,124.57,128.02,125.7,142.0,142.0,,0.0,7.952,0.0,,0.0,0.0,0.0,0.0,0.0,0.0,7.0,6.18,21.63,0.0,2.06,0.0,0.0,0.86,0.0,0.0,5.38,0.0,0.0,-2.0,0.0,0.0,16.89,0.0,0.0,-17.6,0.0,-0.005027777766666667,,3001.99305,0.153922804,202.06166,0.000149992896,1.47955093,99.67692,0.304333987,83.734763,99.99998999999998,100.0,False
2026-05-21 08:00:00,2.743,,123.86,126.87,126.0,142.0,142.0,,13.205999999999996,0.0,0.0,,0.0,0.0,5.3,336.20550000000003,0.0,0.0,7.0,6.18,21.63,0.0,2.06,0.0,0.0,0.86,0.0,0.0,5.38,0.0,0.0,-2.0,0.0,0.0,16.89,0.0,0.0,-17.6,0.0,0.1513927745,,3001.99305,0.157931506,202.065968,0.00820489421,80.9342252,99.67692,0.304333987,83.7348306,99.99998999999998,100.0,False
2026-05-21 08:30:00,2.437,,123.86,126.7,127.2,133.0,133.0,,4.92099999999999,0.0,0.0,,0.0,0.0,4.8,304.08,0.0,0.0,7.0,6.18,21.63,0.0,2.06,0.0,0.0,0.86,0.0,0.0,5.38,0.0,0.0,-2.0,0.0,0.0,16.89,0.0,0.0,-17.6,0.0,5.281406966666666,,3001.99305,0.291785216,202.200344,0.276319697,2725.65618,99.67692,0.304333987,83.8344068,99.99998999999998,100.0,False
2026-05-21 09:00:00,0.0,,119.83,123.94,126.66,129.29,129.29,,0.0,0.0,0.0,,0.0,0.0,0.0,0.0,0.0,0.0,7.0,6.18,21.63,0.0,2.06,0.0,0.0,0.86,0.0,0.0,5.38,0.0,0.0,-2.0,0.0,0.0,16.89,0.0,0.0,-17.6,0.0,4.6604771000000005,,3001.99305,0.409901877,202.318753,0.512509439,5055.46486,99.67692,0.304333987,83.9405786,99.99998999999998,100.0,False
2026-05-21 09:30:00,0.0,,119.83,119.34,120.0,123.49,123.49,,0.0,0.0,0.0,,0.0,0.0,0.0,0.0,0.0,0.0,7.0,6.18,21.63,0.0,2.06,0.0,0.0,0.86,0.0,0.0,5.38,0.0,0.0,-2.0,0.0,0.0,16.89,0.0,0.0,-17.6,0.0,-0.004922444533333333,,3001.99305,0.410026633,202.319057,0.512519296,5055.56209,99.67692,0.304333987,83.9550695,99.99998999999998,100.0,False
2026-05-21 10:00:00,0.0,,110.91,116.06,112.0,85.22,85.22,,0.0,0.0,0.0,,0.0,0.0,0.0,0.0,0.0,0.0,7.0,6.18,21.63,0.0,2.06,0.0,0.0,0.86,0.0,0.0,5.38,0.0,0.0,-2.0,0.0,0.0,16.89,0.0,0.0,-17.6,0.0,-0.0049419445,,3001.99305,0.410151883,202.31931,0.512538379,5055.75033,99.67692,0.304333987,83.955016,99.99998999999998,100.0,False
2026-05-21 10:30:00,0.0,,110.91,114.33,111.25,84.5,84.5,,0.0,0.0,0.0,,0.0,0.0,0.0,0.0,0.0,0.0,7.0,6.18,21.63,0.0,2.06,0.0,0.0,0.86,0.0,0.0,5.38,0.0,0.0,-2.0,0.0,0.0,16.89,0.0,0.0,-17.6,0.0,-0.0049483611,,3001.99305,0.410277296,202.319462,0.512550745,5055.87231,99.67692,0.304333987,83.954997,99.99998999999998,100.0,False
2026-05-21 11:00:00,0.0,,104.68,114.0,111.21,77.61,77.61,,0.0,0.0,0.0,,0.0,0.0,0.0,0.0,0.0,0.0,7.0,2.82,9.87,0.0,1.45,0.0,0.0,2.55,0.0,0.0,3.43,0.0,0.0,1.52,0.0,0.0,16.44,0.0,0.0,-11.68,0.0,-0.004973055566666666,,3001.99305,0.410403335,202.319716,0.512566864,5056.03131,99.67692,0.304333987,83.9549535,99.99998999999998,100.0,False
2026-05-21 11:30:00,0.0,,104.68,108.95,110.01,68.66,68.66,,0.0,0.0,0.0,,0.0,0.0,0.0,0.0,0.0,0.0,7.0,2.82,9.87,0.0,1.45,0.0,0.0,2.55,0.0,0.0,3.43,0.0,0.0,1.52,0.0,0.0,16.44,0.0,0.0,-11.68,0.0,-0.004967555566666667,,3001.99305,0.410529234,202.319918,0.512589422,5056.25382,99.67692,0.304333987,83.9549467,99.99998999999998,100.0,False
2026-05-21 12:00:00,0.0,,97.0,103.19,101.01,61.82,61.82,,0.0,0.0,0.0,,0.0,0.0,0.0,0.0,0.0,0.0,7.0,2.82,9.87,0.0,1.45,0.0,0.0,2.55,0.0,0.0,3.43,0.0,0.0,1.52,0.0,0.0,16.44,0.0,0.0,-11.68,0.0,-0.0049473612,,3001.99305,0.410654622,202.320121,0.512609395,5056.45084,99.67692,0.304333987,83.9550026,99.99998999999998,100.0,False
2026-05-21 12:30:00,-0.027,,97.0,101.98,99.2,70.5,70.5,,0.0,-1.9035,0.0,,0.0,0.0,0.0,0.0,0.0,0.0,7.0,2.82,9.87,0.0,1.45,0.0,0.0,2.55,0.0,0.0,3.43,0.0,0.0,1.52,0.0,0.0,16.44,0.0,0.0,-11.68,0.0,-0.0049930278333333335,,3001.99305,0.410781167,202.320375,0.512633357,5056.6872,99.67692,0.304333987,83.9550364,99.99998999999998,100.0,False
2026-05-21 13:00:00,-1.266,,95.0,102.2,100.59,66.02,66.02,,-4.357320000000003,0.0,0.0,,0.0,0.0,-2.4,-122.64,0.0,0.0,7.0,2.82,9.87,0.0,1.45,0.0,0.0,2.55,0.0,0.0,3.43,0.0,0.0,1.52,0.0,0.0,16.44,0.0,0.0,-11.68,0.0,-0.07783102686666667,,3039.15987,0.412753742,202.322403,0.512649789,5056.84929,99.67692,0.308101859,83.954975,99.99998999999998,100.0,False
2026-05-21 13:30:00,-2.026,,95.0,99.13,94.02,63.97,63.97,,-1.6632199999999873,0.0,0.0,,-4.0,-188.04,0.0,0.0,0.0,0.0,7.0,2.82,9.87,0.0,1.45,0.0,0.0,2.55,0.0,0.0,3.43,0.0,0.0,1.52,0.0,0.0,16.44,0.0,0.0,-11.68,0.0,-2.452904166666667,,4266.92285,0.474920949,202.38485,0.512649789,5056.84929,99.67692,0.43256917,83.9169767,99.99998999999998,100.0,False
2026-05-21 14:00:00,-0.001,,96.15,99.98,95.75,51.82,51.82,,0.0,-0.05182,0.0,,0.0,0.0,0.0,0.0,0.0,0.0,7.0,2.82,9.87,0.0,1.45,0.0,0.0,2.55,0.0,0.0,3.43,0.0,0.0,1.52,0.0,0.0,16.44,0.0,0.0,-11.68,0.0,-3.8587212666666666,,6205.3977,0.572717647,202.482933,0.512649789,5056.84929,99.67692,0.62908654,83.847916,99.99998999999998,100.0,False
2026-05-21 14:30:00,-0.092,,96.15,99.97,96.22,35.53,35.53,,-1.4922599999999984,0.0,0.0,,-2.4,-115.464,2.3,114.96549999999999,0.0,0.0,7.0,2.82,9.87,0.0,1.45,0.0,0.0,2.55,0.0,0.0,3.43,0.0,0.0,1.52,0.0,0.0,16.44,0.0,0.0,-11.68,0.0,-0.008102555866666666,,6206.86654,0.572923001,202.483288,0.512664684,5056.99622,99.67692,0.629235447,83.8378981,99.99998999999998,100.0,False
2026-05-21 15:00:00,-2.068,,95.0,99.58,92.91,43.0,43.0,,-2.9240000000000026,0.0,0.0,,-4.0,-185.82,0.0,0.0,0.0,0.0,7.0,4.7,16.45,0.0,2.25,0.0,0.0,3.72,0.0,0.0,8.5,0.0,0.0,1.45,0.0,0.0,19.47,0.0,0.0,-6.45,0.0,-0.21812572533333333,,6314.81143,0.578451251,202.488915,0.512664684,5056.99622,99.67692,0.64017861,83.8362616,99.99998999999998,100.0,False
2026-05-21 15:30:00,-0.506,,95.0,101.46,99.01,68.04,68.04,,101.65176000000001,0.0,0.0,,-4.0,-198.02,0.0,0.0,0.0,0.0,7.0,4.7,16.45,0.0,2.25,0.0,0.0,3.72,0.0,0.0,8.5,0.0,0.0,1.45,0.0,0.0,19.47,0.0,0.0,-6.45,0.0,-3.981257333333333,,8316.9713,0.679353543,202.590241,0.512664684,5056.99622,99.67692,0.843152196,83.7731333,99.99998999999998,100.0,False
2026-05-21 16:00:00,0.0,,105.24,103.2,98.4,149.9,149.9,,0.0,0.0,0.0,,0.0,0.0,0.0,0.0,0.0,0.0,7.0,4.7,16.45,0.0,2.25,0.0,0.0,3.72,0.0,0.0,8.5,0.0,0.0,1.45,0.0,0.0,19.47,0.0,0.0,-6.45,0.0,-0.9449014888666666,,8788.70692,0.703301436,202.614216,0.512668521,5057.03406,99.67692,0.890975485,83.7436829,99.99998999999998,100.0,False
2026-05-21 16:30:00,0.003,,105.24,104.92,109.53,143.0,143.0,,0.0,0.429,0.0,,0.0,0.0,0.0,0.0,0.0,0.0,7.0,4.7,16.45,0.0,2.25,0.0,0.0,3.72,0.0,0.0,8.5,0.0,0.0,1.45,0.0,0.0,19.47,0.0,0.0,-6.45,0.0,-0.004957222233333333,,8788.70692,0.703427074,202.61447,0.512696164,5057.30674,99.67692,0.890975485,83.7436709,99.99998999999998,100.0,False
2026-05-21 17:00:00,0.15,,115.0,112.95,112.0,149.9,149.9,,0.0,22.485,0.0,,0.0,0.0,0.3,16.9425,0.0,0.0,7.0,4.7,16.45,0.0,2.25,0.0,0.0,3.72,0.0,0.0,8.5,0.0,0.0,1.45,0.0,0.0,19.47,0.0,0.0,-6.45,0.0,0.004246666733333334,,8788.70692,0.703701607,202.614926,0.513203141,5062.30763,99.67692,0.890975485,83.7436987,99.99998999999998,100.0,False
2026-05-21 17:30:00,0.104,,115.0,112.95,110.0,149.9,149.9,,8.094600000000002,0.0,0.0,,0.3,16.5,-0.2,-11.295000000000002,0.0,0.0,7.0,4.7,16.45,0.0,2.25,0.0,0.0,3.72,0.0,0.0,8.5,0.0,0.0,1.45,0.0,0.0,19.47,0.0,0.0,-6.45,0.0,0.285353503,,8788.70692,0.710933699,202.622175,0.528135722,5209.6047,99.67692,0.890975485,83.7493347,99.99998999999998,100.0,False
2026-05-21 18:00:00,2.657,,132.82,126.8,124.82,152.9,152.9,,-37.154699999999984,0.0,0.0,,0.0,0.0,5.8,367.71999999999997,0.0,0.0,7.0,4.7,16.45,0.0,2.25,0.0,0.0,3.72,0.0,0.0,8.5,0.0,0.0,1.45,0.0,0.0,19.47,0.0,0.0,-6.45,0.0,0.22333841833333334,,8788.70692,0.716594062,202.627801,0.539883535,5325.48677,99.67692,0.890975485,83.7520882,99.99998999999998,100.0,False
2026-05-21 18:30:00,2.797,,132.82,127.34,133.2,156.0,156.0,,-55.06799999999996,0.0,0.0,,0.0,0.0,6.3,401.121,0.0,0.0,7.0,4.7,16.45,0.0,2.25,0.0,0.0,3.72,0.0,0.0,8.5,0.0,0.0,1.45,0.0,0.0,19.47,0.0,0.0,-6.45,0.0,5.1269632,,8788.70692,0.846533499,202.758933,0.801356447,7904.69218,99.67692,0.890975485,83.8486169,99.99998999999998,100.0,False
2026-05-21 19:00:00,0.0,,144.31,138.92,141.6,160.0,160.0,,0.0,0.0,0.0,,0.0,0.0,0.0,0.0,0.0,0.0,7.0,7.57,26.495,0.0,2.25,0.0,0.0,1.06,0.0,0.0,6.91,0.0,0.0,-1.68,0.0,0.0,4.79,0.0,0.0,-1.52,0.0,5.329717566666667,,8788.70692,0.98161161,202.894322,1.07275198,10581.7757,99.67692,0.890975485,83.9679471,99.99998999999998,99.46527733333333,False
2026-05-21 19:30:00,0.0,,144.31,138.99,141.17,176.22,176.22,,0.0,0.0,0.0,,0.0,0.0,0.0,0.0,0.0,0.0,7.0,7.57,26.495,0.0,2.25,0.0,0.0,1.06,0.0,0.0,6.91,0.0,0.0,-1.68,0.0,0.0,4.79,0.0,0.0,-1.52,0.0,-0.0049738611333333335,,8788.70692,0.981737669,202.894576,1.07278408,10582.0924,99.67692,0.890975485,83.9838228,99.99998999999998,100.0,False
2026-05-21 20:00:00,0.0,,145.0,137.5,141.3,189.0,189.0,,0.0,0.0,0.0,,0.0,0.0,0.0,0.0,0.0,0.0,7.0,7.57,26.495,0.0,2.25,0.0,0.0,1.06,0.0,0.0,6.91,0.0,0.0,-1.68,0.0,0.0,4.79,0.0,0.0,-1.52,0.0,-0.0049754166,,8788.70692,0.981863769,202.894829,1.07281163,10582.3641,99.67692,0.890975485,83.9838089,99.99998999999998,100.0,False
2026-05-21 20:30:00,0.0,,145.0,139.96,139.0,197.51,197.51,,0.0,0.0,0.0,,0.0,0.0,0.0,0.0,0.0,0.0,7.0,7.57,26.495,0.0,2.25,0.0,0.0,1.06,0.0,0.0,6.91,0.0,0.0,-1.68,0.0,0.0,4.79,0.0,0.0,-1.52,0.0,-0.0050261667,,8788.70692,0.981991153,202.895032,1.07284198,10582.6635,99.67692,0.890975485,83.98375,99.99998999999998,100.0,False
2026-05-21 21:00:00,0.0,,141.06,136.45,137.3,193.78,193.78,,0.0,0.0,0.0,,0.0,0.0,0.0,0.0,0.0,0.0,7.0,7.57,26.495,0.0,2.25,0.0,0.0,1.06,0.0,0.0,6.91,0.0,0.0,-1.68,0.0,0.0,4.79,0.0,0.0,-1.52,0.0,-0.005002805566666667,,8788.70692,0.982117945,202.895184,1.07287734,10583.0123,99.67692,0.890975485,83.9836425,99.99998999999998,100.0,False
2026-05-21 21:30:00,0.0,,141.06,133.62,132.51,134.0,134.0,,0.0,0.0,0.0,,0.0,0.0,0.0,0.0,0.0,0.0,7.0,7.57,26.495,0.0,2.25,0.0,0.0,1.06,0.0,0.0,6.91,0.0,0.0,-1.68,0.0,0.0,4.79,0.0,0.0,-1.52,0.0,-0.0050769722333333335,,8788.70692,0.982246618,202.895438,1.07291313,10583.3653,99.67692,0.890975485,83.9835677,99.99998999999998,100.0,False
2026-05-21 22:00:00,-0.02,,123.68,122.44,126.01,180.81,180.81,,0.0,-3.6162,0.0,,0.0,0.0,0.0,0.0,0.0,0.0,7.0,7.57,26.495,0.0,2.25,0.0,0.0,1.06,0.0,0.0,6.91,0.0,0.0,-1.68,0.0,0.0,4.79,0.0,0.0,-1.52,0.0,-0.0050915555333333334,,8788.70692,0.98237566,202.895691,1.07294208,10583.6509,99.67692,0.890975485,83.9834799,99.99998999999998,100.0,False
2026-05-21 22:30:00,-0.918,,123.68,120.0,111.9,134.0,134.0,,-2.412000000000002,0.0,0.0,,-1.8,-100.71000000000001,0.0,0.0,0.0,0.0,7.0,7.57,26.495,0.0,2.25,0.0,0.0,1.06,0.0,0.0,6.91,0.0,0.0,-1.68,0.0,0.0,4.79,0.0,0.0,-1.52,0.0,-0.0607930023,,8817.11532,0.983916418,202.897363,1.07295917,10583.8195,99.67692,0.893855452,83.9833295,99.99998999999998,100.0,False
2026-05-21 23:00:00,0.0,,117.0,114.46,116.9,156.0,156.0,,0.0,0.0,0.0,,0.0,0.0,0.0,0.0,0.0,0.0,7.0,1.74,6.09,0.0,1.45,0.0,0.0,0.19,0.0,0.0,7.0,0.0,0.0,-2.76,0.0,0.0,18.65,0.0,0.0,-15.46,0.0,-1.7463636233333333,,9691.94449,1.02817683,202.941868,1.07295917,10583.8195,99.67692,0.982543282,83.9549121,99.99998999999998,100.0,False
2026-05-21 23:30:00,0.0,,117.0,113.73,106.67,99.6,99.6,,0.0,0.0,0.0,,0.0,0.0,0.0,0.0,0.0,0.0,7.0,1.74,6.09,0.0,1.45,0.0,0.0,0.19,0.0,0.0,7.0,0.0,0.0,-2.76,0.0,0.0,18.65,0.0,0.0,-15.46,0.0,-0.0049954999666666665,,9691.94449,1.02830344,202.942122,1.07298419,10584.0663,99.67692,0.982543282,83.9502401,99.99998999999998,100.0,False
2026-05-22 00:00:00,0.0,,112.0,113.14,106.0,117.68,117.68,,0.0,0.0,0.0,,0.0,0.0,0.0,0.0,0.0,0.0,7.0,1.74,6.09,0.0,1.45,0.0,0.0,0.19,0.0,0.0,7.0,0.0,0.0,-2.76,0.0,0.0,18.65,0.0,0.0,-15.46,0.0,-0.0050001666000000005,,9691.94449,1.02843016,202.942223,1.07300502,10584.2717,99.67692,0.982543282,83.9501367,99.99998999999998,100.0,False
2026-05-22 00:30:00,0.0,,112.0,106.71,103.5,165.0,165.0,,0.0,0.0,0.0,,0.0,0.0,0.0,0.0,0.0,0.0,7.0,1.74,6.09,0.0,1.45,0.0,0.0,0.19,0.0,0.0,7.0,0.0,0.0,-2.76,0.0,0.0,18.65,0.0,0.0,-15.46,0.0,-0.0050216389,,0.0,0.000127270064,202.942527,2.06077416e-05,0.203277648,99.67692,0.0,83.9500506,99.99998999999998,100.0,False
2026-05-22 01:00:00,0.0,,106.2,102.88,104.0,132.98,132.98,,0.0,0.0,0.0,,0.0,0.0,0.0,0.0,0.0,0.0,7.0,1.74,6.09,0.0,1.45,0.0,0.0,0.19,0.0,0.0,7.0,0.0,0.0,-2.76,0.0,0.0,18.65,0.0,0.0,-15.46,0.0,-0.0049714999,,0.0,0.000253269388,202.94273,4.29932039e-05,0.424090982,99.67692,0.0,83.9499951,99.99998999999998,100.0,False
2026-05-22 01:30:00,0.0,,106.2,102.7,108.1,117.52,117.52,,0.0,0.0,0.0,,0.0,0.0,0.0,0.0,0.0,0.0,7.0,1.74,6.09,0.0,1.45,0.0,0.0,0.19,0.0,0.0,7.0,0.0,0.0,-2.76,0.0,0.0,18.65,0.0,0.0,-15.46,0.0,-0.004965722200000001,,0.0,0.00037912228,202.942984,6.74089181e-05,0.664931005,99.67692,0.0,83.9499337,99.99998999999998,100.0,False
2026-05-22 02:00:00,0.0,,104.91,100.0,105.81,116.55,116.55,,0.0,0.0,0.0,,0.0,0.0,0.0,0.0,0.0,0.0,7.0,1.74,6.09,0.0,1.45,0.0,0.0,0.19,0.0,0.0,7.0,0.0,0.0,-2.76,0.0,0.0,18.65,0.0,0.0,-15.46,0.0,-0.004978749966666667,,0.01557014,0.000505305355,202.943237,8.01621508e-05,0.790730678,99.67692,1.57845894e-06,83.9498594,99.99998999999998,100.0,False
2026-05-22 02:30:00,0.0,,104.91,99.97,101.81,111.34,111.34,,0.0,0.0,0.0,,0.0,0.0,0.0,0.0,0.0,0.0,7.0,1.74,6.09,0.0,1.45,0.0,0.0,0.19,0.0,0.0,7.0,0.0,0.0,-2.76,0.0,0.0,18.65,0.0,0.0,-15.46,0.0,-0.005005888799999999,,0.01557014,0.00063217624,202.94344,0.000102392089,1.0100099,99.67692,1.57845894e-06,83.9497696,99.99998999999998,100.0,False
2026-05-22 03:00:00,0.0,,101.79,99.92,103.63,116.01,116.01,,0.0,0.0,0.0,,0.0,0.0,0.0,0.0,0.0,0.0,7.0,1.63,5.705,0.0,1.28,0.0,0.0,1.14,0.0,0.0,5.54,0.0,0.0,-0.34,0.0,0.0,21.89,0.0,0.0,-11.9,0.0,-0.0049946667,,0.01557014,0.00075876271,202.943693,0.000122630157,1.20964104,99.67692,1.57845894e-06,83.9496522,99.99998999999998,100.0,False
2026-05-22 03:30:00,0.0,,101.79,99.92,100.56,108.4,108.4,,0.0,0.0,0.0,,0.0,0.0,0.0,0.0,0.0,0.0,7.0,1.63,5.705,0.0,1.28,0.0,0.0,1.14,0.0,0.0,5.54,0.0,0.0,-0.34,0.0,0.0,21.89,0.0,0.0,-11.9,0.0,-0.004989083366666667,,0.01557014,0.000885207675,202.943895,0.000140074943,1.38171885,99.67692,1.57845894e-06,83.9495615,99.99998999999998,100.0,False
2026-05-22 04:00:00,0.0,,104.04,101.94,111.02,140.0,140.0,,0.0,0.0,0.0,,0.0,0.0,0.0,0.0,0.0,0.0,7.0,1.63,5.705,0.0,1.28,0.0,0.0,1.14,0.0,0.0,5.54,0.0,0.0,-0.34,0.0,0.0,21.89,0.0,0.0,-11.9,0.0,-0.004977749966666666,,0.01557014,0.00101136541,202.94415,0.000159079629,1.56918373,99.67692,1.57845894e-06,83.9494404,99.99998999999998,100.0,False
2026-05-22 04:30:00,0.0,,104.04,100.05,107.2,140.0,140.0,,0.0,0.0,0.0,,0.0,0.0,0.0,0.0,0.0,0.0,7.0,1.63,5.705,0.0,1.28,0.0,0.0,1.14,0.0,0.0,5.54,0.0,0.0,-0.34,0.0,0.0,21.89,0.0,0.0,-11.9,0.0,-0.0049920555,,0.01557014,0.0011378857,202.944403,0.000178713153,1.76285156,99.67692,1.57845894e-06,83.9493404,99.99998999999998,100.0,False
2026-05-22 05:00:00,0.0,,106.08,100.9,108.96,90.89,90.89,,0.0,0.0,0.0,,0.0,0.0,0.0,0.0,0.0,0.0,7.0,1.63,5.705,0.0,1.28,0.0,0.0,1.14,0.0,0.0,5.54,0.0,0.0,-0.34,0.0,0.0,21.89,0.0,0.0,-11.9,0.0,-0.005011138766666667,,0.01557014,0.00126488964,202.944656,0.000199458588,1.96748744,99.67692,1.57845894e-06,83.9492431,99.99998999999998,100.0,False
2026-05-22 05:30:00,0.0,,106.08,103.1,110.88,86.71,86.71,,0.0,0.0,0.0,,0.0,0.0,0.0,0.0,0.0,0.0,7.0,1.63,5.705,0.0,1.28,0.0,0.0,1.14,0.0,0.0,5.54,0.0,0.0,-0.34,0.0,0.0,21.89,0.0,0.0,-11.9,0.0,-0.005010277733333333,,0.01557014,0.00139187177,202.944808,0.000219530521,2.16547979,99.67692,1.57845894e-06,83.9491394,99.99998999999998,100.0,False
2026-05-22 06:00:00,0.0,,116.01,104.86,103.0,86.71,86.71,,0.0,0.0,0.0,,0.0,0.0,0.0,0.0,0.0,0.0,7.0,1.63,5.705,0.0,1.28,0.0,0.0,1.14,0.0,0.0,5.54,0.0,0.0,-0.34,0.0,0.0,21.89,0.0,0.0,-11.9,0.0,-0.0050331111,,0.0220802897,0.00151943258,202.945062,0.000233585688,2.30412193,99.67692,2.23844042e-06,83.9490486,99.99998999999998,100.0,False
2026-05-22 06:30:00,0.0,,116.01,119.63,118.0,85.0,85.0,,0.0,0.0,0.0,,0.0,0.0,0.0,0.0,0.0,0.0,7.0,1.63,5.705,0.0,1.28,0.0,0.0,1.14,0.0,0.0,5.54,0.0,0.0,-0.34,0.0,0.0,21.89,0.0,0.0,-11.9,0.0,-0.005055805566666667,,0.0220802897,0.00164756858,202.945214,0.000254093235,2.50641124,99.67692,2.23844042e-06,83.9489814,99.99998999999998,100.0,False
2026-05-22 07:00:00,0.021,,118.51,115.01,112.2,129.45,129.45,,0.0,2.71845,0.0,,0.0,0.0,0.0,0.0,0.0,0.0,7.0,4.55,15.924999999999999,0.0,1.85,0.0,0.0,0.83,0.0,0.0,6.0,0.0,0.0,-2.84,0.0,0.0,19.43,0.0,0.0,-15.49,0.0,-0.004989749933333333,,0.0220802897,0.00177403044,202.945569,0.000282341973,2.78506075,99.67692,2.23844042e-06,83.9489186,99.99998999999998,100.0,False
2026-05-22 07:30:00,0.971,,118.51,118.23,118.9,88.43,88.43,,1.8570300000000017,0.0,0.0,,5.0,297.25,-3.1,-183.25650000000002,0.0,0.0,7.0,4.55,15.924999999999999,0.0,1.85,0.0,0.0,0.83,0.0,0.0,6.0,0.0,0.0,-2.84,0.0,0.0,19.43,0.0,0.0,-15.49,0.0,0.05157347323333333,,0.0220802897,0.00328546833,202.947191,0.00323882797,31.9482525,99.67692,2.23844042e-06,83.9489078,99.99998999999998,100.0,False
2026-05-22 08:00:00,0.0,,114.29,117.51,114.32,86.54,86.54,,0.0,0.0,0.0,,0.0,0.0,0.0,0.0,0.0,0.0,7.0,4.55,15.924999999999999,0.0,1.85,0.0,0.0,0.83,0.0,0.0,6.0,0.0,0.0,-2.84,0.0,0.0,19.43,0.0,0.0,-15.49,0.0,1.84511436,,0.0220802897,0.0501308803,202.994281,0.0970075211,956.895769,99.67692,2.23844042e-06,83.9845595,99.99998999999998,100.0,False
2026-05-22 08:30:00,0.0,,114.29,116.69,114.85,88.43,88.43,,0.0,0.0,0.0,,0.0,0.0,0.0,0.0,0.0,0.0,7.0,4.55,15.924999999999999,0.0,1.85,0.0,0.0,0.83,0.0,0.0,6.0,0.0,0.0,-2.84,0.0,0.0,19.43,0.0,0.0,-15.49,0.0,-0.004956222233333333,,0.0220802897,0.0502564924,202.994534,0.0970484865,957.299858,99.67692,2.23844042e-06,83.9902719,99.99998999999998,100.0,False
2026-05-22 09:00:00,0.0,,101.1,103.3,105.4,119.0,119.0,,0.0,0.0,0.0,,0.0,0.0,0.0,0.0,0.0,0.0,7.0,4.55,15.924999999999999,0.0,1.85,0.0,0.0,0.83,0.0,0.0,6.0,0.0,0.0,-2.84,0.0,0.0,19.43,0.0,0.0,-15.49,0.0,-0.004918222233333333,,0.0220802897,0.0503811414,202.994788,0.0970834154,957.644401,99.67692,2.23844042e-06,83.9902388,99.99998999999998,100.0,False
2026-05-22 09:30:00,0.0,,101.1,91.69,94.1,104.76,104.76,,0.0,0.0,0.0,,0.0,0.0,0.0,0.0,0.0,0.0,7.0,4.55,15.924999999999999,0.0,1.85,0.0,0.0,0.83,0.0,0.0,6.0,0.0,0.0,-2.84,0.0,0.0,19.43,0.0,0.0,-15.49,0.0,-0.0049036667,,0.0220802897,0.0505054215,202.995041,0.0971223938,958.02889,99.67692,2.23844042e-06,83.9902162,99.99998999999998,100.0,False
2026-05-22 10:00:00,0.0,,97.76,84.0,94.7,104.85,104.85,,0.0,0.0,0.0,,0.0,0.0,0.0,0.0,0.0,0.0,7.0,4.55,15.924999999999999,0.0,1.85,0.0,0.0,0.83,0.0,0.0,6.0,0.0,0.0,-2.84,0.0,0.0,19.43,0.0,0.0,-15.49,0.0,-0.004916333266666667,,0.0220802897,0.0506300227,202.995193,0.0971675449,958.474266,99.67692,2.23844042e-06,83.990174,99.99998999999998,100.0,False
2026-05-22 10:30:00,0.0,,97.76,78.0,87.96,114.85,114.85,,0.0,0.0,0.0,,0.0,0.0,0.0,0.0,0.0,0.0,7.0,4.55,15.924999999999999,0.0,1.85,0.0,0.0,0.83,0.0,0.0,6.0,0.0,0.0,-2.84,0.0,0.0,19.43,0.0,0.0,-15.49,0.0,-0.004915694500000001,,0.0220802897,0.0507546077,202.995446,0.0972098337,958.891409,99.67692,2.23844042e-06,83.9901427,99.99998999999998,100.0,False
2026-05-22 11:00:00,0.0,,92.5,80.3,85.7,112.9,112.9,,0.0,0.0,0.0,,0.0,0.0,0.0,0.0,0.0,0.0,7.0,2.29,8.015,0.0,2.65,0.0,0.0,3.13,0.0,0.0,5.27,0.0,0.0,2.22,0.0,0.0,14.28,0.0,0.0,-5.52,0.0,-0.0052585,,0.097666728,0.0508878808,202.9957,0.0972381771,959.170992,99.67692,9.90119037e-06,83.9901438,99.99998999999998,100.0,False
2026-05-22 11:30:00,0.0,,92.5,76.0,79.09,60.0,60.0,,0.0,0.0,0.0,,0.0,0.0,0.0,0.0,0.0,0.0,7.0,2.29,8.015,0.0,2.65,0.0,0.0,3.13,0.0,0.0,5.27,0.0,0.0,2.22,0.0,0.0,14.28,0.0,0.0,-5.52,0.0,-0.0058147500000000005,,0.397838045,0.0510352518,202.995953,0.0972660898,959.446327,99.67692,4.03317517e-05,83.9901206,99.99998999999998,100.0,False
2026-05-22 12:00:00,0.0,,86.0,78.0,74.3,101.24,101.24,,0.0,0.0,0.0,,0.0,0.0,0.0,0.0,0.0,0.0,7.0,2.29,8.015,0.0,2.65,0.0,0.0,3.13,0.0,0.0,5.27,0.0,0.0,2.22,0.0,0.0,14.28,0.0,0.0,-5.52,0.0,-0.005107805566666667,,0.41634671,0.0511647057,202.996155,0.0972912149,959.694165,99.67692,4.22081104e-05,83.9901062,99.99998999999998,100.0,False
2026-05-22 12:30:00,0.0,,86.0,77.6,73.38,111.31,111.31,,0.0,0.0,0.0,,0.0,0.0,0.0,0.0,0.0,0.0,7.0,2.29,8.015,0.0,2.65,0.0,0.0,3.13,0.0,0.0,5.27,0.0,0.0,2.22,0.0,0.0,14.28,0.0,0.0,-5.52,0.0,-0.005037111166666667,,0.41634671,0.0512923679,202.99646,0.0973283008,960.059985,99.67692,4.22081104e-05,83.9900897,99.99998999999998,100.0,False
2026-05-22 13:00:00,-0.001,,80.5,74.17,73.4,105.16,105.16,,0.0,-0.10516,0.0,,0.0,0.0,0.0,0.0,0.0,0.0,7.0,2.29,8.015,0.0,2.65,0.0,0.0,3.13,0.0,0.0,5.27,0.0,0.0,2.22,0.0,0.0,14.28,0.0,0.0,-5.52,0.0,-0.005152527699999999,,0.41634671,0.0514229552,202.996612,0.0973662765,960.434583,99.67692,4.22081104e-05,83.9900645,99.99998999999998,100.0,False
2026-05-22 13:30:00,-0.097,,80.5,76.0,72.6,83.42,83.42,,-3.920739999999997,0.0,0.0,,-2.4,-87.11999999999999,2.3,87.39999999999999,0.0,0.0,7.0,2.29,8.015,0.0,2.65,0.0,0.0,3.13,0.0,0.0,5.27,0.0,0.0,2.22,0.0,0.0,14.28,0.0,0.0,-5.52,0.0,-0.0080491111,,1.92965988,0.0516269545,202.996966,0.0973956007,960.723841,99.67692,0.000195623732,83.9900711,99.99998999999998,100.0,False
2026-05-22 14:00:00,-2.069,,77.4,79.92,76.23,74.47,74.47,,-5.138429999999996,0.0,0.0,,-4.0,-152.46,0.0,0.0,0.0,0.0,7.0,2.29,8.015,0.0,2.65,0.0,0.0,3.13,0.0,0.0,5.27,0.0,0.0,2.22,0.0,0.0,14.28,0.0,0.0,-5.52,0.0,-0.22473299866666666,,113.358193,0.0573226613,203.002796,0.0973956007,960.723841,99.67692,0.0114919489,83.9883635,99.99998999999998,100.0,False
2026-05-22 14:30:00,-1.302,,77.4,77.5,76.86,55.01,55.01,,-2.8605200000000024,0.0,0.0,,-4.0,-153.72,1.5,58.125,0.0,0.0,7.0,2.29,8.015,0.0,2.65,0.0,0.0,3.13,0.0,0.0,5.27,0.0,0.0,2.22,0.0,0.0,14.28,0.0,0.0,-5.52,0.0,-3.9240876666666664,,2089.89748,0.156776026,203.102602,0.0973956007,960.723841,99.67692,0.211868189,83.9252444,99.99998999999998,100.0,False
2026-05-22 15:00:00,-1.301,,80.8,76.0,73.0,51.3,51.3,,35.8587,0.0,0.0,,-4.0,-146.0,0.0,0.0,0.0,0.0,7.0,3.7,12.950000000000001,0.0,1.55,0.0,0.0,3.47,0.0,0.0,8.39,0.0,0.0,2.34,0.0,0.0,11.55,0.0,0.0,-4.58,0.0,-2.495870833333333,,3341.42648,0.220032196,203.166166,0.0973956007,960.723841,99.67692,0.338744835,83.8758678,99.99998999999998,100.0,False
2026-05-22 15:30:00,-1.273,,80.8,77.22,79.0,112.9,112.9,,82.07830000000001,0.0,0.0,,0.0,0.0,-4.0,-154.44,0.0,0.0,7.0,3.7,12.950000000000001,0.0,1.55,0.0,0.0,3.47,0.0,0.0,8.39,0.0,0.0,2.34,0.0,0.0,11.55,0.0,0.0,-4.58,0.0,-2.4965650333333333,,4593.01458,0.283305959,203.229678,0.0973956007,960.723841,99.67692,0.465627473,83.8302888,99.99998999999998,100.0,False
2026-05-22 16:00:00,0.0,,92.56,81.0,83.5,73.84,73.84,,0.0,0.0,0.0,,0.0,0.0,0.0,0.0,0.0,0.0,7.0,3.7,12.950000000000001,0.0,1.55,0.0,0.0,3.47,0.0,0.0,8.39,0.0,0.0,2.34,0.0,0.0,11.55,0.0,0.0,-4.58,0.0,-2.4223963333333334,,5806.65566,0.344699966,203.291265,0.0973956007,960.723841,99.67692,0.588663143,83.7848102,99.99998999999998,100.0,False
2026-05-22 16:30:00,0.031,,92.56,83.99,87.0,71.18,71.18,,0.0,2.20658,0.0,,0.0,0.0,0.0,0.0,0.0,0.0,7.0,3.7,12.950000000000001,0.0,1.55,0.0,0.0,3.47,0.0,0.0,8.39,0.0,0.0,2.34,0.0,0.0,11.55,0.0,0.0,-4.58,0.0,-0.004929083466666667,,5806.65566,0.344824891,203.291468,0.0974485569,961.246208,99.67692,0.588663143,83.7785038,99.99998999999998,100.0,False
2026-05-22 17:00:00,1.788,,110.55,102.0,107.5,106.94,106.94,,-6.630280000000006,0.0,0.0,,0.0,0.0,3.7,188.70000000000002,0.0,0.0,7.0,3.7,12.950000000000001,0.0,1.55,0.0,0.0,3.47,0.0,0.0,8.39,0.0,0.0,2.34,0.0,0.0,11.55,0.0,0.0,-4.58,0.0,0.08131555443333333,,5806.65566,0.347051567,203.293951,0.101958001,1005.728,99.67692,0.588663143,83.7785515,99.99998999999998,100.0,False
2026-05-22 17:30:00,0.027,,110.55,105.0,107.93,129.7,129.7,,0.0,3.5018999999999996,0.0,,0.0,0.0,0.0,0.0,0.0,0.0,7.0,3.7,12.950000000000001,0.0,1.55,0.0,0.0,3.47,0.0,0.0,8.39,0.0,0.0,2.34,0.0,0.0,11.55,0.0,0.0,-4.58,0.0,3.4266372,,5806.65566,0.433897384,203.381237,0.27624861,2724.95496,99.67692,0.588663143,83.8438106,99.99998999999998,100.0,False
2026-05-22 18:00:00,1.348,,124.13,120.0,120.5,140.16,140.16,,6.727679999999975,0.0,0.0,,5.4,325.35,-2.8,-168.0,0.0,0.0,7.0,3.7,12.950000000000001,0.0,1.55,0.0,0.0,3.47,0.0,0.0,8.39,0.0,0.0,2.34,0.0,0.0,11.55,0.0,0.0,-4.58,0.0,0.07099663666666667,,5806.65566,0.435861835,203.383467,0.280233313,2764.26063,99.67692,0.588663143,83.8549885,99.99998999999998,100.0,False
2026-05-22 18:30:00,0.898,,124.13,121.33,121.8,148.69,148.69,,-327.41537999999997,0.0,0.0,,6.2,377.58,0.0,0.0,0.0,0.0,7.0,3.7,12.950000000000001,0.0,1.55,0.0,0.0,3.47,0.0,0.0,8.39,0.0,0.0,2.34,0.0,0.0,11.55,0.0,0.0,-4.58,0.0,2.677924566666667,,5806.65566,0.503732034,203.451491,0.416518138,4108.59323,99.67692,0.588663143,83.9040795,99.99998999999998,100.0,False
2026-05-22 19:00:00,0.0,,131.6,123.89,126.59,154.91,154.91,,0.0,0.0,0.0,,0.0,0.0,0.0,0.0,0.0,0.0,7.0,6.24,21.84,0.0,2.69,0.0,0.0,2.94,0.0,0.0,6.12,0.0,0.0,-2.09,0.0,0.0,20.24,0.0,0.0,-17.49,0.0,1.72962414,,5856.45387,0.552709255,203.505121,0.509920857,5029.93072,99.67692,0.593711552,83.954193,99.99998999999998,100.0,False
2026-05-22 19:30:00,0.0,,131.6,126.1,129.77,157.32,157.32,,0.0,0.0,0.0,,0.0,0.0,0.0,0.0,0.0,0.0,7.0,6.24,21.84,0.0,2.69,0.0,0.0,2.94,0.0,0.0,6.12,0.0,0.0,-2.09,0.0,0.0,20.24,0.0,0.0,-17.49,0.0,-0.0049773889,,5856.45387,0.552835402,203.505425,0.509976674,5030.48131,99.67692,0.593711552,83.9533713,99.99998999999998,100.0,False
2026-05-22 20:00:00,0.0,,130.0,126.58,127.8,152.85,152.85,,0.0,0.0,0.0,,0.0,0.0,0.0,0.0,0.0,0.0,7.0,6.24,21.84,0.0,2.69,0.0,0.0,2.94,0.0,0.0,6.12,0.0,0.0,-2.09,0.0,0.0,20.24,0.0,0.0,-17.49,0.0,-0.004938722266666667,,5856.45387,0.552960571,203.505526,0.510028866,5030.99614,99.67692,0.593711552,83.953339,99.99998999999998,100.0,False
2026-05-22 20:30:00,0.0,,130.0,123.96,128.89,184.64,184.64,,0.0,0.0,0.0,,0.0,0.0,0.0,0.0,0.0,0.0,7.0,6.24,21.84,0.0,2.69,0.0,0.0,2.94,0.0,0.0,6.12,0.0,0.0,-2.09,0.0,0.0,20.24,0.0,0.0,-17.49,0.0,-0.0049550555666666675,,5856.45387,0.553086154,203.50578,0.51007812,5031.48199,99.67692,0.593711552,83.9532791,99.99998999999998,100.0,False
2026-05-22 21:00:00,0.0,,128.99,120.65,125.56,202.7,202.7,,0.0,0.0,0.0,,0.0,0.0,0.0,0.0,0.0,0.0,7.0,6.24,21.84,0.0,2.69,0.0,0.0,2.94,0.0,0.0,6.12,0.0,0.0,-2.09,0.0,0.0,20.24,0.0,0.0,-17.49,0.0,-0.0050477778,,5856.45387,0.553214086,203.505982,0.510134386,5032.037,99.67692,0.593711552,83.9531818,99.99998999999998,100.0,False
2026-05-22 21:30:00,0.0,,128.99,122.5,120.44,183.12,183.12,,0.0,0.0,0.0,,0.0,0.0,0.0,0.0,0.0,0.0,7.0,6.24,21.84,0.0,2.69,0.0,0.0,2.94,0.0,0.0,6.12,0.0,0.0,-2.09,0.0,0.0,20.24,0.0,0.0,-17.49,0.0,-0.004999055499999999,,5856.45387,0.553340785,203.506185,0.510190163,5032.58719,99.67692,0.593711552,83.9531125,99.99998999999998,100.0,False
2026-05-22 22:00:00,-0.02,,115.28,113.9,113.94,99.34,99.34,,0.0,-1.9868000000000001,0.0,,0.0,0.0,0.0,0.0,0.0,0.0,7.0,6.24,21.84,0.0,2.69,0.0,0.0,2.94,0.0,0.0,6.12,0.0,0.0,-2.09,0.0,0.0,20.24,0.0,0.0,-17.49,0.0,-0.0049898889,,5856.45387,0.553467249,203.506489,0.510243687,5033.11516,99.67692,0.593711552,83.9530485,99.99998999999998,100.0,False
2026-05-22 22:30:00,-0.887,,115.28,110.44,114.82,99.35,99.35,,1.291550000000001,0.0,0.0,,-1.8,-103.338,0.0,0.0,0.0,0.0,7.0,6.24,21.84,0.0,2.69,0.0,0.0,2.94,0.0,0.0,6.12,0.0,0.0,-2.09,0.0,0.0,20.24,0.0,0.0,-17.49,0.0,-0.06203327873333334,,5885.37744,0.555039441,203.508111,0.510274239,5033.41653,99.67692,0.596643746,83.9529316,99.99998999999998,100.0,False
2026-05-22 23:00:00,0.15,,110.21,105.7,110.0,152.85,152.85,,-4.242439732848879e-15,0.0,0.0,,2.1,115.5,-1.8,-95.13000000000001,0.0,0.0,7.0,1.6,5.6000000000000005,0.0,1.29,0.0,0.0,0.66,0.0,0.0,5.13,0.0,0.0,-1.41,0.0,0.0,15.93,0.0,0.0,-13.48,0.0,-1.74386775,,6754.90486,0.599236598,203.552971,0.510274239,5033.41653,99.67692,0.684794099,83.9246325,99.99998999999998,100.0,False
2026-05-22 23:30:00,0.0,,110.21,106.0,108.01,152.85,152.85,,0.0,0.0,0.0,,0.0,0.0,0.0,0.0,0.0,0.0,7.0,1.6,5.6000000000000005,0.0,1.29,0.0,0.0,0.66,0.0,0.0,5.13,0.0,0.0,-1.41,0.0,0.0,15.93,0.0,0.0,-13.48,0.0,0.2853951066666667,,6754.90486,0.606469745,203.560219,0.525193091,5180.57818,99.67692,0.684794099,83.9257529,99.99998999999998,100.0,False
2026-05-23 00:00:00,0.0,,109.32,105.7,104.21,152.85,152.85,,0.0,0.0,0.0,,0.0,0.0,0.0,0.0,0.0,0.0,7.0,1.6,5.6000000000000005,0.0,1.29,0.0,0.0,0.66,0.0,0.0,5.13,0.0,0.0,-1.41,0.0,0.0,15.93,0.0,0.0,-13.48,0.0,-0.0049888333666666665,,6754.90486,0.606596183,203.560473,0.525237623,5181.01745,99.67692,0.684794099,83.9265722,99.99998999999998,100.0,False
2026-05-23 00:30:00,0.0,,109.32,101.81,99.82,94.35,94.35,,0.0,0.0,0.0,,0.0,0.0,0.0,0.0,0.0,0.0,7.0,1.6,5.6000000000000005,0.0,1.29,0.0,0.0,0.66,0.0,0.0,5.13,0.0,0.0,-1.41,0.0,0.0,15.93,0.0,0.0,-13.48,0.0,-0.0050098333,,0.0,0.000126970858,203.560726,4.43177036e-05,0.437156033,99.67692,0.0,83.9264984,99.99998999999998,100.0,False
2026-05-23 01:00:00,0.0,,106.48,103.79,96.0,97.33,97.33,,0.0,0.0,0.0,,0.0,0.0,0.0,0.0,0.0,0.0,7.0,1.6,5.6000000000000005,0.0,1.29,0.0,0.0,0.66,0.0,0.0,5.13,0.0,0.0,-1.41,0.0,0.0,15.93,0.0,0.0,-13.48,0.0,-0.0049569999333333335,,0.0,0.00025260269,203.560878,8.4249708e-05,0.831050915,99.67692,0.0,83.9264258,99.99998999999998,100.0,False
2026-05-23 01:30:00,0.0,,106.48,99.95,99.01,95.62,95.62,,0.0,0.0,0.0,,0.0,0.0,0.0,0.0,0.0,0.0,7.0,1.6,5.6000000000000005,0.0,1.29,0.0,0.0,0.66,0.0,0.0,5.13,0.0,0.0,-1.41,0.0,0.0,15.93,0.0,0.0,-13.48,0.0,-0.0049673611000000005,,0.0,0.00037849712,203.561182,0.000124061282,1.22375785,99.67692,0.0,83.9263705,99.99998999999998,100.0,False
2026-05-23 02:00:00,0.0,,104.0,99.91,96.01,96.79,96.79,,0.0,0.0,0.0,,0.0,0.0,0.0,0.0,0.0,0.0,7.0,1.6,5.6000000000000005,0.0,1.29,0.0,0.0,0.66,0.0,0.0,5.13,0.0,0.0,-1.41,0.0,0.0,15.93,0.0,0.0,-13.48,0.0,-0.004958305566666667,,0.0,0.000504162045,203.561385,0.000169315612,1.6701529,99.67692,0.0,83.9262906,99.99998999999998,100.0,False
2026-05-23 02:30:00,0.0,,104.0,94.39,90.0,93.33,93.33,,0.0,0.0,0.0,,0.0,0.0,0.0,0.0,0.0,0.0,7.0,1.6,5.6000000000000005,0.0,1.29,0.0,0.0,0.66,0.0,0.0,5.13,0.0,0.0,-1.41,0.0,0.0,15.93,0.0,0.0,-13.48,0.0,-0.0049809445,,0.0,0.000630400735,203.561537,0.00020691849,2.04107295,99.67692,0.0,83.9262094,99.99998999999998,100.0,False
2026-05-23 03:00:00,0.0,,98.63,94.5,94.0,90.0,90.0,,0.0,0.0,0.0,,0.0,0.0,0.0,0.0,0.0,0.0,7.0,1.88,6.58,0.0,1.21,0.0,0.0,1.35,0.0,0.0,5.38,0.0,0.0,-0.77,0.0,0.0,18.28,0.0,0.0,-11.19,0.0,-0.0049978333,,0.0,0.000757067465,203.561841,0.000245528875,2.4219312,99.67692,0.0,83.9261454,99.99998999999998,100.0,False
2026-05-23 03:30:00,0.0,,98.63,93.58,88.07,93.0,93.0,,0.0,0.0,0.0,,0.0,0.0,0.0,0.0,0.0,0.0,7.0,1.88,6.58,0.0,1.21,0.0,0.0,1.35,0.0,0.0,5.38,0.0,0.0,-0.77,0.0,0.0,18.28,0.0,0.0,-11.19,0.0,-0.004984722166666667,,0.0,0.000883401895,203.562044,0.000284559029,2.8069301,99.67692,0.0,83.9260728,99.99998999999998,100.0,False
2026-05-23 04:00:00,0.0,,97.85,91.04,91.63,128.79,128.79,,0.0,0.0,0.0,,0.0,0.0,0.0,0.0,0.0,0.0,7.0,1.88,6.58,0.0,1.21,0.0,0.0,1.35,0.0,0.0,5.38,0.0,0.0,-0.77,0.0,0.0,18.28,0.0,0.0,-11.19,0.0,-0.005018944433333333,,0.0,0.00101060367,203.562297,0.000317135865,3.12827257,99.67692,0.0,83.9259902,99.99998999999998,100.0,False
2026-05-23 04:30:00,0.0,,97.85,90.35,94.6,83.0,83.0,,0.0,0.0,0.0,,0.0,0.0,0.0,0.0,0.0,0.0,7.0,1.88,6.58,0.0,1.21,0.0,0.0,1.35,0.0,0.0,5.38,0.0,0.0,-0.77,0.0,0.0,18.28,0.0,0.0,-11.19,0.0,-0.0050068055,,0.0,0.00113749779,203.56255,0.000359633425,3.54747445,99.67692,0.0,83.9258924,99.99998999999998,100.0,False
2026-05-23 05:00:00,0.0,,97.8,87.2,93.51,47.0,47.0,,0.0,0.0,0.0,,0.0,0.0,0.0,0.0,0.0,0.0,7.0,1.88,6.58,0.0,1.21,0.0,0.0,1.35,0.0,0.0,5.38,0.0,0.0,-0.77,0.0,0.0,18.28,0.0,0.0,-11.19,0.0,-0.005007194466666667,,0.0,0.00126440177,203.562703,0.000400452632,3.95012083,99.67692,0.0,83.9257933,99.99998999999998,100.0,False
2026-05-23 05:30:00,0.0,,97.8,95.35,94.5,47.0,47.0,,0.0,0.0,0.0,,0.0,0.0,0.0,0.0,0.0,0.0,7.0,1.88,6.58,0.0,1.21,0.0,0.0,1.35,0.0,0.0,5.38,0.0,0.0,-0.77,0.0,0.0,18.28,0.0,0.0,-11.19,0.0,-0.0049545278,,0.0,0.00138997095,203.563007,0.000443454541,4.37429768,99.67692,0.0,83.9256986,99.99998999999998,100.0,False
2026-05-23 06:00:00,0.0,,99.8,94.2,92.06,75.0,75.0,,0.0,0.0,0.0,,0.0,0.0,0.0,0.0,0.0,0.0,7.0,1.88,6.58,0.0,1.21,0.0,0.0,1.35,0.0,0.0,5.38,0.0,0.0,-0.77,0.0,0.0,18.28,0.0,0.0,-11.19,0.0,-0.00499825,,0.0,0.00151664823,203.563108,0.000472263438,4.65847267,99.67692,0.0,83.9256098,99.99998999999998,100.0,False
2026-05-23 06:30:00,0.0,,99.8,99.92,96.72,114.0,114.0,,0.0,0.0,0.0,,0.0,0.0,0.0,0.0,0.0,0.0,7.0,1.88,6.58,0.0,1.21,0.0,0.0,1.35,0.0,0.0,5.38,0.0,0.0,-0.77,0.0,0.0,18.28,0.0,0.0,-11.19,0.0,-0.004972888833333334,,0.0,0.00164268276,203.563513,0.000500622613,4.93821154,99.67692,0.0,83.9255056,99.99998999999998,100.0,False
2026-05-23 07:00:00,0.0,,104.23,105.51,103.9,85.0,85.0,,0.0,0.0,0.0,,0.0,0.0,0.0,0.0,0.0,0.0,7.0,6.02,21.07,0.0,2.52,0.0,0.0,0.46,0.0,0.0,6.96,0.0,0.0,-2.84,0.0,0.0,17.28,0.0,0.0,-13.36,0.0,-0.004999416666666667,,0.0,0.00176938962,203.563615,0.000526721258,5.19565223,99.67692,0.0,83.9254287,99.99998999999998,100.0,False
2026-05-23 07:30:00,0.0,,104.23,113.11,107.87,109.12,109.12,,0.0,0.0,0.0,,0.0,0.0,0.0,0.0,0.0,0.0,7.0,6.02,21.07,0.0,2.52,0.0,0.0,0.46,0.0,0.0,6.96,0.0,0.0,-2.84,0.0,0.0,17.28,0.0,0.0,-13.36,0.0,-0.004938638866666667,,0.0,0.0018945561,203.563919,0.000569194975,5.61461892,99.67692,0.0,83.9253747,99.99998999999998,100.0,False
2026-05-23 08:00:00,0.0,,108.42,112.22,107.0,87.5,87.5,,0.0,0.0,0.0,,0.0,0.0,0.0,0.0,0.0,0.0,7.0,6.02,21.07,0.0,2.52,0.0,0.0,0.46,0.0,0.0,6.96,0.0,0.0,-2.84,0.0,0.0,17.28,0.0,0.0,-13.36,0.0,-0.0049469167,,0.0,0.00201993238,203.564072,0.000613442953,6.05108717,99.67692,0.0,83.9253153,99.99998999999998,100.0,False
2026-05-23 08:30:00,0.0,,108.42,106.67,107.0,96.25,96.25,,0.0,0.0,0.0,,0.0,0.0,0.0,0.0,0.0,0.0,7.0,6.02,21.07,0.0,2.52,0.0,0.0,0.46,0.0,0.0,6.96,0.0,0.0,-2.84,0.0,0.0,17.28,0.0,0.0,-13.36,0.0,-0.004978722266666667,,0.0,0.00214611475,203.564325,0.000656548065,6.47628203,99.67692,0.0,83.925253,99.99998999999998,100.0,False
2026-05-23 09:00:00,0.0,,100.62,99.99,102.0,115.0,115.0,,0.0,0.0,0.0,,0.0,0.0,0.0,0.0,0.0,0.0,7.0,6.02,21.07,0.0,2.52,0.0,0.0,0.46,0.0,0.0,6.96,0.0,0.0,-2.84,0.0,0.0,17.28,0.0,0.0,-13.36,0.0,-0.0049443333,,0.0,0.00227142556,203.564579,0.000700268375,6.90754529,99.67692,0.0,83.9252202,99.99998999999998,100.0,False
2026-05-23 09:30:00,0.0,,100.62,96.24,95.71,115.0,115.0,,0.0,0.0,0.0,,0.0,0.0,0.0,0.0,0.0,0.0,7.0,6.02,21.07,0.0,2.52,0.0,0.0,0.46,0.0,0.0,6.96,0.0,0.0,-2.84,0.0,0.0,17.28,0.0,0.0,-13.36,0.0,-0.004906583333333333,,0.0,0.00239577961,203.564832,0.000736450529,7.26445112,99.67692,0.0,83.9252255,99.99998999999998,100.0,False
2026-05-23 10:00:00,0.0,,86.73,92.8,88.0,128.45,128.45,,0.0,0.0,0.0,,0.0,0.0,0.0,0.0,0.0,0.0,7.0,6.02,21.07,0.0,2.52,0.0,0.0,0.46,0.0,0.0,6.96,0.0,0.0,-2.84,0.0,0.0,17.28,0.0,0.0,-13.36,0.0,-0.004903694433333334,,0.0,0.00252006045,203.564933,0.000776749474,7.66196556,99.67692,0.0,83.9252519,99.99998999999998,100.0,False
2026-05-23 10:30:00,0.0,,86.73,94.5,90.0,125.0,125.0,,0.0,0.0,0.0,,0.0,0.0,0.0,0.0,0.0,0.0,7.0,6.02,21.07,0.0,2.52,0.0,0.0,0.46,0.0,0.0,6.96,0.0,0.0,-2.84,0.0,0.0,17.28,0.0,0.0,-13.36,0.0,-0.004883499966666667,,0.0,0.00264382948,203.565288,0.000817255066,8.06151839,99.67692,0.0,83.9252609,99.99998999999998,100.0,False
2026-05-23 11:00:00,0.0,,77.0,84.48,83.67,75.16,75.16,,0.0,0.0,0.0,,0.0,0.0,0.0,0.0,0.0,0.0,7.0,2.67,9.344999999999999,0.0,2.05,0.0,0.0,5.42,0.0,0.0,7.99,0.0,0.0,5.02,0.0,0.0,15.77,0.0,0.0,-1.13,0.0,-0.004892000033333333,,0.0,0.00276781394,203.56539,0.000857650917,8.45998872,99.67692,0.0,83.9252679,99.99998999999998,100.0,False
2026-05-23 11:30:00,0.0,,77.0,83.32,76.93,96.19,96.19,,0.0,0.0,0.0,,0.0,0.0,0.0,0.0,0.0,0.0,7.0,2.67,9.344999999999999,0.0,2.05,0.0,0.0,5.42,0.0,0.0,7.99,0.0,0.0,5.02,0.0,0.0,15.77,0.0,0.0,-1.13,0.0,-0.004888944433333334,,0.0,0.00289172094,203.565795,0.000897246894,8.85056898,99.67692,0.0,83.9252589,99.99998999999998,100.0,False
2026-05-23 12:00:00,0.0,,65.5,76.81,74.68,110.33,110.33,,0.0,0.0,0.0,,0.0,0.0,0.0,0.0,0.0,0.0,7.0,2.67,9.344999999999999,0.0,2.05,0.0,0.0,5.42,0.0,0.0,7.99,0.0,0.0,5.02,0.0,0.0,15.77,0.0,0.0,-1.13,0.0,-0.005681194433333334,,0.227479583,0.003035707,203.565897,0.00092841627,9.15802807,99.67692,2.30612687e-05,83.9252543,99.99998999999998,100.0,False
2026-05-23 12:30:00,-0.025,,65.5,76.81,74.89,75.0,75.0,,0.0,-1.875,0.0,,0.0,0.0,0.0,0.0,0.0,0.0,7.0,2.67,9.344999999999999,0.0,2.05,0.0,0.0,5.42,0.0,0.0,7.99,0.0,0.0,5.02,0.0,0.0,15.77,0.0,0.0,-1.13,0.0,-0.0048774444,,0.227479583,0.00315932255,203.566302,0.000972758407,9.59542511,99.67692,2.30612687e-05,83.925233,99.99998999999998,100.0,False
2026-05-23 13:00:00,-1.276,,64.0,71.35,71.21,106.48,106.48,,-8.092480000000007,0.0,0.0,,-2.4,-85.45199999999998,0.0,0.0,0.0,0.0,7.0,2.67,9.344999999999999,0.0,2.05,0.0,0.0,5.42,0.0,0.0,7.99,0.0,0.0,5.02,0.0,0.0,15.77,0.0,0.0,-1.13,0.0,-0.07514874923333333,,36.0829746,0.0050639171,203.568177,0.000998424586,9.8485999,99.67692,0.00365799498,83.9251629,99.99998999999998,100.0,False
2026-05-23 13:30:00,-2.099,,64.0,69.05,67.33,110.08,110.08,,-10.897920000000022,0.0,0.0,,-4.0,-134.66,0.0,0.0,0.0,0.0,7.0,2.67,9.344999999999999,0.0,2.05,0.0,0.0,5.42,0.0,0.0,7.99,0.0,0.0,5.02,0.0,0.0,15.77,0.0,0.0,-1.13,0.0,-2.4450034666666665,,1262.03074,0.067030887,203.630473,0.000998424586,9.8485999,99.67692,0.127941284,83.8874953,99.99998999999998,100.0,False
2026-05-23 14:00:00,-2.097,,63.98,66.68,65.6,110.0,110.0,,-10.669999999999998,0.0,0.0,,-4.0,-131.2,0.0,0.0,0.0,0.0,7.0,2.67,9.344999999999999,0.0,2.05,0.0,0.0,5.42,0.0,0.0,7.99,0.0,0.0,5.02,0.0,0.0,15.77,0.0,0.0,-1.13,0.0,-3.9683474333333333,,3259.83149,0.167605986,203.731395,0.000998424586,9.8485999,99.67692,0.330472955,83.8189292,99.99998999999998,100.0,False
2026-05-23 14:30:00,0.0,,63.98,70.0,64.78,124.0,124.0,,248.0,0.0,0.0,,-4.0,-129.56,0.0,0.0,0.0,0.0,7.0,2.67,9.344999999999999,0.0,2.05,0.0,0.0,5.42,0.0,0.0,7.99,0.0,0.0,5.02,0.0,0.0,15.77,0.0,0.0,-1.13,0.0,-3.9269051333333334,,5235.37584,0.267130758,203.831201,0.000998424586,9.8485999,99.67692,0.530748331,83.7463561,99.99998999999998,100.0,False
2026-05-23 15:00:00,0.0,,69.09,72.06,71.61,124.0,124.0,,0.0,0.0,0.0,,0.0,0.0,0.0,0.0,0.0,0.0,7.0,6.16,21.560000000000002,0.0,1.5,0.0,0.0,3.46,0.0,0.0,6.9,0.0,0.0,3.03,0.0,0.0,15.78,0.0,0.0,-1.02,0.0,-0.0048969722,,5235.37584,0.267254868,203.831455,0.00105137189,10.3708795,99.67692,0.530748331,83.7351366,99.99998999999998,100.0,False
2026-05-23 15:30:00,0.0,,69.09,76.7,72.03,124.0,124.0,,0.0,0.0,0.0,,0.0,0.0,0.0,0.0,0.0,0.0,7.0,6.16,21.560000000000002,0.0,1.5,0.0,0.0,3.46,0.0,0.0,6.9,0.0,0.0,3.03,0.0,0.0,15.78,0.0,0.0,-1.02,0.0,-0.005520694466666667,,5235.56593,0.267394786,203.831707,0.00108048099,10.6580158,99.67692,0.530767602,83.7351205,99.99998999999998,100.0,False
2026-05-23 16:00:00,0.0,,87.2,86.0,90.0,124.0,124.0,,0.0,0.0,0.0,,0.0,0.0,0.0,0.0,0.0,0.0,7.0,6.16,21.560000000000002,0.0,1.5,0.0,0.0,3.46,0.0,0.0,6.9,0.0,0.0,3.03,0.0,0.0,15.78,0.0,0.0,-1.02,0.0,-0.0048644167,,5235.56593,0.267518072,203.83191,0.00112239059,11.0714179,99.67692,0.530767602,83.7351276,99.99998999999998,100.0,False
2026-05-23 16:30:00,0.0,,87.2,94.0,95.0,124.0,124.0,,0.0,0.0,0.0,,0.0,0.0,0.0,0.0,0.0,0.0,7.0,6.16,21.560000000000002,0.0,1.5,0.0,0.0,3.46,0.0,0.0,6.9,0.0,0.0,3.03,0.0,0.0,15.78,0.0,0.0,-1.02,0.0,-0.004858250033333333,,5235.56593,0.267641201,203.832164,0.00115689485,11.4117728,99.67692,0.530767602,83.7351324,99.99998999999998,100.0,False
2026-05-23 17:00:00,0.0,,106.2,100.0,103.5,124.23,124.23,,0.0,0.0,0.0,,0.0,0.0,0.0,0.0,0.0,0.0,7.0,6.16,21.560000000000002,0.0,1.5,0.0,0.0,3.46,0.0,0.0,6.9,0.0,0.0,3.03,0.0,0.0,15.78,0.0,0.0,-1.02,0.0,-0.0048983333333333335,,5235.56593,0.267765346,203.832418,0.00119541512,11.7917421,99.67692,0.530767602,83.7351283,99.99998999999998,100.0,False
2026-05-23 17:30:00,0.0,,106.2,102.0,104.0,105.5,105.5,,0.0,0.0,0.0,,0.0,0.0,0.0,0.0,0.0,0.0,7.0,6.16,21.560000000000002,0.0,1.5,0.0,0.0,3.46,0.0,0.0,6.9,0.0,0.0,3.03,0.0,0.0,15.78,0.0,0.0,-1.02,0.0,-0.004886527799999999,,5235.56593,0.267889192,203.832518,0.00123212637,12.153867,99.67692,0.530767602,83.7350692,99.99998999999998,100.0,False
2026-05-23 18:00:00,0.0,,118.02,110.0,115.5,119.54,119.54,,0.0,0.0,0.0,,0.0,0.0,0.0,0.0,0.0,0.0,7.0,6.16,21.560000000000002,0.0,1.5,0.0,0.0,3.46,0.0,0.0,6.9,0.0,0.0,3.03,0.0,0.0,15.78,0.0,0.0,-1.02,0.0,-0.004926027766666666,,5235.56593,0.268014038,203.832924,0.00126635877,12.4915402,99.67692,0.530767602,83.7350157,99.99998999999998,100.0,False
2026-05-23 18:30:00,0.061,,118.02,116.0,117.99,141.0,141.0,,0.0,8.600999999999999,0.0,,0.0,0.0,0.0,0.0,0.0,0.0,7.0,6.16,21.560000000000002,0.0,1.5,0.0,0.0,3.46,0.0,0.0,6.9,0.0,0.0,3.03,0.0,0.0,15.78,0.0,0.0,-1.02,0.0,-0.0049064444666666665,,5235.56593,0.26813839,203.833026,0.00129694907,12.7932872,99.67692,0.530767602,83.7349587,99.99998999999998,100.0,False
2026-05-23 19:00:00,2.164,,132.0,135.63,135.86,107.36,107.36,,-132.69695999999996,0.0,0.0,,0.0,0.0,6.8,461.142,0.0,0.0,7.0,7.67,26.845,0.0,2.91,0.0,0.0,0.52,0.0,0.0,9.74,0.0,0.0,-2.97,0.0,0.0,19.4,0.0,0.0,-12.54,0.0,0.14294346886666667,,5235.56593,0.271928972,203.837283,0.0090079778,88.8559541,99.67692,0.530767602,83.735047,99.99998999999998,100.0,False
2026-05-23 19:30:00,0.0,,132.0,140.34,138.48,141.0,141.0,,0.0,0.0,0.0,,0.0,0.0,0.0,0.0,0.0,0.0,7.0,7.67,26.845,0.0,2.91,0.0,0.0,0.52,0.0,0.0,9.74,0.0,0.0,-2.97,0.0,0.0,19.4,0.0,0.0,-12.54,0.0,4.2284163,,5235.56593,0.379095342,203.949051,0.224868855,2218.13787,99.67692,0.530767602,83.8216392,99.99998999999998,100.0,False
2026-05-23 20:00:00,0.044,,135.0,138.91,139.6,141.0,141.0,,0.0,6.204,0.0,,0.0,0.0,0.0,0.0,0.0,0.0,7.0,7.67,26.845,0.0,2.91,0.0,0.0,0.52,0.0,0.0,9.74,0.0,0.0,-2.97,0.0,0.0,19.4,0.0,0.0,-12.54,0.0,-0.004962,,5235.56593,0.379221101,203.949153,0.224899223,2218.43742,99.67692,0.530767602,83.830459,99.99998999999998,100.0,False
2026-05-23 20:30:00,2.034,,135.0,138.95,140.0,141.0,141.0,,-2.256000000000002,0.0,0.0,,0.0,0.0,4.1,284.84749999999997,0.0,0.0,7.0,7.67,26.845,0.0,2.91,0.0,0.0,0.52,0.0,0.0,9.74,0.0,0.0,-2.97,0.0,0.0,19.4,0.0,0.0,-12.54,0.0,0.1205123322,,5235.56593,0.382442598,203.952651,0.231398577,2282.54796,99.67692,0.530767602,83.8305141,99.99998999999998,100.0,False
2026-05-23 21:00:00,0.0,,125.61,124.95,126.0,156.9,156.9,,0.0,0.0,0.0,,0.0,0.0,0.0,0.0,0.0,0.0,7.0,7.67,26.845,0.0,2.91,0.0,0.0,0.52,0.0,0.0,9.74,0.0,0.0,-2.97,0.0,0.0,19.4,0.0,0.0,-12.54,0.0,3.9885583333333336,,5235.56593,0.483529929,204.054129,0.43399773,4281.01437,99.67692,0.530767602,83.9072531,99.99998999999998,100.0,False
2026-05-23 21:30:00,0.0,,125.61,123.92,125.0,146.36,146.36,,0.0,0.0,0.0,,0.0,0.0,0.0,0.0,0.0,0.0,7.0,7.67,26.845,0.0,2.91,0.0,0.0,0.52,0.0,0.0,9.74,0.0,0.0,-2.97,0.0,0.0,19.4,0.0,0.0,-12.54,0.0,-0.005008749933333333,,5235.56593,0.483656873,204.054231,0.434032071,4281.35311,99.67692,0.530767602,83.9194972,99.99998999999998,100.0,False
2026-05-23 22:00:00,0.0,,119.37,113.92,115.46,144.52,144.52,,0.0,0.0,0.0,,0.0,0.0,0.0,0.0,0.0,0.0,7.0,7.67,26.845,0.0,2.91,0.0,0.0,0.52,0.0,0.0,9.74,0.0,0.0,-2.97,0.0,0.0,19.4,0.0,0.0,-12.54,0.0,-0.005022583333333333,,5235.56593,0.483784166,204.054484,0.434058808,4281.61685,99.67692,0.530767602,83.9194156,99.970075,100.0,False
2026-05-23 22:30:00,0.017,,119.37,109.32,106.12,137.29,137.29,,0.0,2.33393,0.0,,0.0,0.0,0.0,0.0,0.0,0.0,7.0,7.67,26.845,0.0,2.91,0.0,0.0,0.52,0.0,0.0,9.74,0.0,0.0,-2.97,0.0,0.0,19.4,0.0,0.0,-12.54,0.0,-0.004989305633333333,,5235.56593,0.483910617,204.054788,0.434086599,4281.89098,99.67692,0.530767602,83.919353,99.99998999999998,100.0,False
2026-05-23 23:00:00,0.888,,116.96,116.47,124.4,105.41,105.41,,-1.2649200000000012,0.0,0.0,,0.0,0.0,1.8,104.82300000000001,0.0,0.0,7.0,1.66,5.81,0.0,1.45,0.0,0.0,0.23,0.0,0.0,5.14,0.0,0.0,-2.71,0.0,0.0,15.9,0.0,0.0,-14.86,0.0,0.0467718893,,5235.56593,0.485264293,204.056359,0.43678341,4308.49271,99.67692,0.530767602,83.9193061,99.99998999999998,100.0,False
2026-05-23 23:30:00,0.0,,116.96,117.84,122.39,113.41,113.41,,0.0,0.0,0.0,,0.0,0.0,0.0,0.0,0.0,0.0,7.0,1.66,5.81,0.0,1.45,0.0,0.0,0.23,0.0,0.0,5.14,0.0,0.0,-2.71,0.0,0.0,15.9,0.0,0.0,-14.86,0.0,1.7493834999999998,,5235.56593,0.529601242,204.100864,0.525576787,5184.36301,99.67692,0.530767602,83.9529096,99.99998999999998,100.0,False
2026-05-24 00:00:00,0.0,,115.13,115.19,120.71,111.81,111.81,,0.0,0.0,0.0,,0.0,0.0,0.0,0.0,0.0,0.0,7.0,1.66,5.81,0.0,1.45,0.0,0.0,0.23,0.0,0.0,5.14,0.0,0.0,-2.71,0.0,0.0,15.9,0.0,0.0,-14.86,0.0,-0.005016499966666667,,5235.56593,0.529728382,204.101067,0.525595436,5184.54696,99.67692,0.530767602,83.9582205,99.99998999999998,100.0,False
2026-05-24 00:30:00,0.0,,115.13,110.49,116.01,129.6,129.6,,0.0,0.0,0.0,,0.0,0.0,0.0,0.0,0.0,0.0,7.0,1.66,5.81,0.0,1.45,0.0,0.0,0.23,0.0,0.0,5.14,0.0,0.0,-2.71,0.0,0.0,15.9,0.0,0.0,-14.86,0.0,-0.004984138866666667,,0.0,0.000126319651,204.10132,1.79429107e-05,0.176991383,99.67692,0.0,83.9581626,99.99998999999998,100.0,False
2026-05-24 01:00:00,0.0,,111.46,106.0,106.0,86.0,86.0,,0.0,0.0,0.0,,0.0,0.0,0.0,0.0,0.0,0.0,7.0,1.66,5.81,0.0,1.45,0.0,0.0,0.23,0.0,0.0,5.14,0.0,0.0,-2.71,0.0,0.0,15.9,0.0,0.0,-14.86,0.0,-0.004999055500000001,,0.0,0.000253017353,204.101625,3.76072402e-05,0.370963082,99.67692,0.0,83.9580904,99.99998999999998,100.0,False
2026-05-24 01:30:00,0.0,,111.46,104.99,108.52,110.81,110.81,,0.0,0.0,0.0,,0.0,0.0,0.0,0.0,0.0,0.0,7.0,1.66,5.81,0.0,1.45,0.0,0.0,0.23,0.0,0.0,5.14,0.0,0.0,-2.71,0.0,0.0,15.9,0.0,0.0,-14.86,0.0,-0.005004305666666667,,0.00298186233,0.000379848117,204.101776,4.88124119e-05,0.481492465,99.67692,3.02293188e-07,83.9580554,99.99998999999998,100.0,False
2026-05-24 02:00:00,0.0,,110.0,104.95,110.1,122.18,122.18,,0.0,0.0,0.0,,0.0,0.0,0.0,0.0,0.0,0.0,7.0,1.66,5.81,0.0,1.45,0.0,0.0,0.23,0.0,0.0,5.14,0.0,0.0,-2.71,0.0,0.0,15.9,0.0,0.0,-14.86,0.0,-0.005033305566666667,,0.00298186233,0.000507413865,204.102081,6.32535436e-05,0.62394181,99.67692,3.02293188e-07,83.9579987,99.99998999999998,100.0,False
2026-05-24 02:30:00,0.0,,110.0,104.93,108.6,106.19,106.19,,0.0,0.0,0.0,,0.0,0.0,0.0,0.0,0.0,0.0,7.0,1.66,5.81,0.0,1.45,0.0,0.0,0.23,0.0,0.0,5.14,0.0,0.0,-2.71,0.0,0.0,15.9,0.0,0.0,-14.86,0.0,-0.005006694466666667,,0.012193731,0.00063430517,204.102334,7.19272736e-05,0.709500697,99.67692,1.23616767e-06,83.9579325,99.99998999999998,100.0,False
2026-05-24 03:00:00,0.0,,106.45,102.8,105.72,127.28,127.28,,0.0,0.0,0.0,,0.0,0.0,0.0,0.0,0.0,0.0,7.0,1.98,6.93,0.0,1.06,0.0,0.0,4.0,0.0,0.0,5.2,0.0,0.0,-0.22,0.0,0.0,16.7,0.0,0.0,-11.6,0.0,-0.0049929167,,0.012193731,0.00076084729,204.102537,8.56314887e-05,0.844680993,99.67692,1.23616767e-06,83.9578816,99.99998999999998,100.0,False
2026-05-24 03:30:00,0.0,,106.45,101.3,104.61,125.0,125.0,,0.0,0.0,0.0,,0.0,0.0,0.0,0.0,0.0,0.0,7.0,1.98,6.93,0.0,1.06,0.0,0.0,4.0,0.0,0.0,5.2,0.0,0.0,-0.22,0.0,0.0,16.7,0.0,0.0,-11.6,0.0,-0.004974249933333333,,0.012193731,0.00088691631,204.10274,9.98734284e-05,0.98516548,99.67692,1.23616767e-06,83.9578178,99.99998999999998,100.0,False
2026-05-24 04:00:00,0.0,,103.35,99.92,103.93,119.9,119.9,,0.0,0.0,0.0,,0.0,0.0,0.0,0.0,0.0,0.0,7.0,1.98,6.93,0.0,1.06,0.0,0.0,4.0,0.0,0.0,5.2,0.0,0.0,-0.22,0.0,0.0,16.7,0.0,0.0,-11.6,0.0,-0.0049610278333333336,,0.012193731,0.00101265023,204.103044,0.000112172285,1.10648312,99.67692,1.23616767e-06,83.9577496,99.99998999999998,100.0,False
2026-05-24 04:30:00,0.0,,103.35,99.9,103.43,104.69,104.69,,0.0,0.0,0.0,,0.0,0.0,0.0,0.0,0.0,0.0,7.0,1.98,6.93,0.0,1.06,0.0,0.0,4.0,0.0,0.0,5.2,0.0,0.0,-0.22,0.0,0.0,16.7,0.0,0.0,-11.6,0.0,-0.005045861233333333,,0.012193731,0.00114053419,204.103196,0.000124133271,1.22446796,99.67692,1.23616767e-06,83.9576765,99.99998999999998,100.0,False
2026-05-24 05:00:00,0.0,,102.0,99.45,102.42,78.18,78.18,,0.0,0.0,0.0,,0.0,0.0,0.0,0.0,0.0,0.0,7.0,1.98,6.93,0.0,1.06,0.0,0.0,4.0,0.0,0.0,5.2,0.0,0.0,-0.22,0.0,0.0,16.7,0.0,0.0,-11.6,0.0,-0.005006277866666666,,0.012193731,0.00126741494,204.1035,0.000133450547,1.31637488,99.67692,1.23616767e-06,83.9575927,99.99998999999998,100.0,False
2026-05-24 05:30:00,0.0,,102.0,98.58,100.3,100.3,100.3,,0.0,0.0,0.0,,0.0,0.0,0.0,0.0,0.0,0.0,7.0,1.98,6.93,0.0,1.06,0.0,0.0,4.0,0.0,0.0,5.2,0.0,0.0,-0.22,0.0,0.0,16.7,0.0,0.0,-11.6,0.0,-0.004943888933333334,,0.0822101143,0.00139271448,204.103652,0.000139053904,1.37164718,99.67692,8.33424042e-06,83.9575103,99.99998999999998,100.0,False
2026-05-24 06:00:00,0.0,,100.0,96.6,100.93,80.0,80.0,,0.0,0.0,0.0,,0.0,0.0,0.0,0.0,0.0,0.0,7.0,1.98,6.93,0.0,1.06,0.0,0.0,4.0,0.0,0.0,5.2,0.0,0.0,-0.22,0.0,0.0,16.7,0.0,0.0,-11.6,0.0,-0.0050150556,,0.154069891,0.0015198177,204.103905,0.000147971747,1.45961403,99.67692,1.56191914e-05,83.9574234,99.99998999999998,100.0,False
2026-05-24 06:30:00,0.0,,100.0,97.37,100.2,87.17,87.17,,0.0,0.0,0.0,,0.0,0.0,0.0,0.0,0.0,0.0,7.0,1.98,6.93,0.0,1.06,0.0,0.0,4.0,0.0,0.0,5.2,0.0,0.0,-0.22,0.0,0.0,16.7,0.0,0.0,-11.6,0.0,-0.004957249966666667,,0.154069891,0.00164545587,204.104159,0.000160846397,1.58661138,99.67692,1.56191914e-05,83.9573684,99.99998999999998,100.0,False
2026-05-24 07:00:00,0.0,,107.2,98.41,103.8,109.01,109.01,,0.0,0.0,0.0,,0.0,0.0,0.0,0.0,0.0,0.0,7.0,6.01,21.035,0.0,1.65,0.0,0.0,2.47,0.0,0.0,6.29,0.0,0.0,-2.75,0.0,0.0,15.9,0.0,0.0,-14.7,0.0,-0.005002499933333334,,0.154069891,0.00177224087,204.104362,0.000178983817,1.76552143,99.67692,1.56191914e-05,83.957323,99.99998999999998,100.0,False
2026-05-24 07:30:00,0.0,,107.2,99.28,101.8,80.0,80.0,,0.0,0.0,0.0,,0.0,0.0,0.0,0.0,0.0,0.0,7.0,6.01,21.035,0.0,1.65,0.0,0.0,2.47,0.0,0.0,6.29,0.0,0.0,-2.75,0.0,0.0,15.9,0.0,0.0,-14.7,0.0,-0.004961083333333334,,0.154069891,0.00189797619,204.104615,0.000197359864,1.94678533,99.67692,1.56191914e-05,83.9573032,99.99998999999998,100.0,False
2026-05-24 08:00:00,0.0,,110.0,96.84,103.1,20.0,20.0,,0.0,0.0,0.0,,0.0,0.0,0.0,0.0,0.0,0.0,7.0,6.01,21.035,0.0,1.65,0.0,0.0,2.47,0.0,0.0,6.29,0.0,0.0,-2.75,0.0,0.0,15.9,0.0,0.0,-14.7,0.0,-0.004956527766666667,,0.154069891,0.00202359606,204.104768,0.000219048354,2.16072363,99.67692,1.56191914e-05,83.9573003,99.99998999999998,100.0,False
2026-05-24 08:30:00,0.0,,110.0,97.5,100.66,80.0,80.0,,0.0,0.0,0.0,,0.0,0.0,0.0,0.0,0.0,0.0,7.0,6.01,21.035,0.0,1.65,0.0,0.0,2.47,0.0,0.0,6.29,0.0,0.0,-2.75,0.0,0.0,15.9,0.0,0.0,-14.7,0.0,-0.0049018610666666665,,0.154069891,0.00214783043,204.105072,0.000235854827,2.32650503,99.67692,1.56191914e-05,83.9573141,99.99998999999998,100.0,False
2026-05-24 09:00:00,0.0,,104.0,103.99,102.51,20.0,20.0,,0.0,0.0,0.0,,0.0,0.0,0.0,0.0,0.0,0.0,7.0,6.01,21.035,0.0,1.65,0.0,0.0,2.47,0.0,0.0,6.29,0.0,0.0,-2.75,0.0,0.0,15.9,0.0,0.0,-14.7,0.0,-0.004922694500000001,,0.154069891,0.00227259282,204.105224,0.000265551519,2.61943736,99.67692,1.56191914e-05,83.9573384,99.99998999999998,100.0,False
2026-05-24 09:30:00,0.0,,104.0,100.08,98.0,75.0,75.0,,0.0,0.0,0.0,,0.0,0.0,0.0,0.0,0.0,0.0,7.0,6.01,21.035,0.0,1.65,0.0,0.0,2.47,0.0,0.0,6.29,0.0,0.0,-2.75,0.0,0.0,15.9,0.0,0.0,-14.7,0.0,-0.004880861133333333,,0.154069891,0.00239629496,204.105477,0.000297745156,2.9369999,99.67692,1.56191914e-05,83.9573482,99.99998999999998,100.0,False
2026-05-24 10:00:00,0.0,,105.91,94.49,94.82,84.3,84.3,,0.0,0.0,0.0,,0.0,0.0,0.0,0.0,0.0,0.0,7.0,6.01,21.035,0.0,1.65,0.0,0.0,2.47,0.0,0.0,6.29,0.0,0.0,-2.75,0.0,0.0,15.9,0.0,0.0,-14.7,0.0,-0.0049132222,,0.154069891,0.00252081728,204.10568,0.000339795444,3.35178983,99.67692,1.56191914e-05,83.9573552,99.99998999999998,100.0,False
2026-05-24 10:30:00,0.0,,105.91,91.28,91.0,77.54,77.54,,0.0,0.0,0.0,,0.0,0.0,0.0,0.0,0.0,0.0,7.0,6.01,21.035,0.0,1.65,0.0,0.0,2.47,0.0,0.0,6.29,0.0,0.0,-2.75,0.0,0.0,15.9,0.0,0.0,-14.7,0.0,-0.0049206946,,0.154069891,0.00264552897,204.105984,0.000381886742,3.76698429,99.67692,1.56191914e-05,83.9573564,99.99998999999998,100.0,False
2026-05-24 11:00:00,0.0,,96.77,87.48,92.0,82.34,82.34,,0.0,0.0,0.0,,0.0,0.0,0.0,0.0,0.0,0.0,7.0,3.14,10.99,0.0,1.1,0.0,0.0,4.14,0.0,0.0,2.7,0.0,0.0,5.0,0.0,0.0,16.32,0.0,0.0,-5.41,0.0,-0.004907333333333333,,0.154069891,0.00276990204,204.106136,0.00042648033,4.20686168,99.67692,1.56191914e-05,83.9573794,99.99998999999998,100.0,False
2026-05-24 11:30:00,0.0,,96.77,85.08,92.0,90.0,90.0,,0.0,0.0,0.0,,0.0,0.0,0.0,0.0,0.0,0.0,7.0,3.14,10.99,0.0,1.1,0.0,0.0,4.14,0.0,0.0,2.7,0.0,0.0,5.0,0.0,0.0,16.32,0.0,0.0,-5.41,0.0,-0.004891111066666666,,0.154069891,0.00289386396,204.10644,0.000461643217,4.55371332,99.67692,1.56191914e-05,83.9573742,99.99998999999998,100.0,False
2026-05-24 12:00:00,0.0,,94.53,89.17,91.02,86.99,86.99,,0.0,0.0,0.0,,0.0,0.0,0.0,0.0,0.0,0.0,7.0,3.14,10.99,0.0,1.1,0.0,0.0,4.14,0.0,0.0,2.7,0.0,0.0,5.0,0.0,0.0,16.32,0.0,0.0,-5.41,0.0,-0.00489025,,0.154069891,0.00301780406,204.106643,0.000502961625,4.96128388,99.67692,1.56191914e-05,83.9573777,99.99998999999998,100.0,False
2026-05-24 12:30:00,-0.047,,94.53,89.96,92.0,118.0,118.0,,0.0,-5.546,0.0,,0.0,0.0,0.0,0.0,0.0,0.0,7.0,3.14,10.99,0.0,1.1,0.0,0.0,4.14,0.0,0.0,2.7,0.0,0.0,5.0,0.0,0.0,16.32,0.0,0.0,-5.41,0.0,-0.004873638933333334,,0.154069891,0.00314132316,204.106897,0.000544581784,5.37183096,99.67692,1.56191914e-05,83.9573834,99.99998999999998,100.0,False
2026-05-24 13:00:00,-2.101,,93.42,88.7,93.39,105.07,105.07,,-10.612069999999997,0.0,0.0,,-4.0,-186.78,0.0,0.0,0.0,0.0,7.0,3.14,10.99,0.0,1.1,0.0,0.0,4.14,0.0,0.0,2.7,0.0,0.0,5.0,0.0,0.0,16.32,0.0,0.0,-5.41,0.0,-0.12856227553333335,,63.4047316,0.00639964765,204.110343,0.000574638063,5.6683103,99.67692,0.00642780127,83.9572671,99.99998999999998,100.0,False
2026-05-24 13:30:00,-2.079,,93.42,87.69,92.0,72.08,72.08,,-5.694320000000013,0.0,0.0,,-4.0,-184.0,0.0,0.0,0.0,0.0,7.0,3.14,10.99,0.0,1.1,0.0,0.0,4.14,0.0,0.0,2.7,0.0,0.0,5.0,0.0,0.0,16.32,0.0,0.0,-5.41,0.0,-3.9673526666666667,,2063.2978,0.106949535,204.211213,0.000574638063,5.6683103,99.67692,0.209171585,83.894659,99.99998999999998,100.0,False
2026-05-24 14:00:00,-1.277,,95.0,88.33,91.48,37.62,37.62,,-2.896739999999998,0.0,0.0,,0.0,0.0,-2.4,-105.996,0.0,0.0,7.0,3.14,10.99,0.0,1.1,0.0,0.0,4.14,0.0,0.0,2.7,0.0,0.0,5.0,0.0,0.0,16.32,0.0,0.0,-5.41,0.0,-3.9202139333333332,,4038.42871,0.206304723,204.31107,0.000574638063,5.6683103,99.67692,0.409405048,83.8222443,99.99998999999998,100.0,False
2026-05-24 14:30:00,-1.634,,95.0,88.8,92.0,63.0,63.0,,23.058000000000007,0.0,0.0,,-2.4,-110.39999999999999,-1.6,-71.04,0.0,0.0,7.0,3.14,10.99,0.0,1.1,0.0,0.0,4.14,0.0,0.0,2.7,0.0,0.0,5.0,0.0,0.0,16.32,0.0,0.0,-5.41,0.0,-2.4462164333333334,,5265.60275,0.268302435,204.373113,0.000574638063,5.6683103,99.67692,0.533812654,83.7747241,99.99998999999998,100.0,False
2026-05-24 15:00:00,0.0,,98.37,90.0,94.0,-6.2,-6.2,,0.0,0.0,0.0,,-4.0,-188.0,4.0,180.0,0.0,0.0,7.0,6.34,22.189999999999998,0.0,1.63,0.0,0.0,3.45,0.0,0.0,8.71,0.0,0.0,4.01,0.0,0.0,23.89,0.0,0.0,-2.92,0.0,-3.0537924566666668,,6802.76413,0.345698753,204.45087,0.000574638063,5.6683103,99.67692,0.689645943,83.7121706,99.99998999999998,100.0,False
2026-05-24 15:30:00,0.0,,98.37,92.97,94.0,-13.6,-13.6,,0.0,0.0,0.0,,0.0,0.0,0.0,0.0,0.0,0.0,7.0,6.34,22.189999999999998,0.0,1.63,0.0,0.0,3.45,0.0,0.0,8.71,0.0,0.0,4.01,0.0,0.0,23.89,0.0,0.0,-2.92,0.0,-0.004903194433333333,,6802.76413,0.345823021,204.451123,0.000624188013,6.15707795,99.67692,0.689645943,83.7110638,99.99998999999998,100.0,False
2026-05-24 16:00:00,0.0,,110.0,102.6,107.3,118.0,118.0,,0.0,0.0,0.0,,0.0,0.0,0.0,0.0,0.0,0.0,7.0,6.34,22.189999999999998,0.0,1.63,0.0,0.0,3.45,0.0,0.0,8.71,0.0,0.0,4.01,0.0,0.0,23.89,0.0,0.0,-2.92,0.0,-0.0048487222,,6802.76413,0.345945909,204.451376,0.000671084338,6.61966986,99.67692,0.689645943,83.7110579,99.99998999999998,100.0,False
2026-05-24 16:30:00,0.0,,110.0,106.0,108.0,1.22,1.22,,0.0,0.0,0.0,,0.0,0.0,0.0,0.0,0.0,0.0,7.0,6.34,22.189999999999998,0.0,1.63,0.0,0.0,3.45,0.0,0.0,8.71,0.0,0.0,4.01,0.0,0.0,23.89,0.0,0.0,-2.92,0.0,-0.004832611099999999,,6802.76413,0.346068388,204.451528,0.00071749774,7.07749816,99.67692,0.689645943,83.711052,99.99998999999998,100.0,False
2026-05-24 17:00:00,0.0,,112.0,109.0,112.58,94.91,94.91,,0.0,0.0,0.0,,0.0,0.0,0.0,0.0,0.0,0.0,7.0,6.34,22.189999999999998,0.0,1.63,0.0,0.0,3.45,0.0,0.0,8.71,0.0,0.0,4.01,0.0,0.0,23.89,0.0,0.0,-2.92,0.0,-0.004843027733333334,,6802.76413,0.34619113,204.451883,0.00075514589,7.44886478,99.67692,0.689645943,83.7110676,99.99998999999998,100.0,False
2026-05-24 17:30:00,0.0,,112.0,112.2,114.3,55.0,55.0,,0.0,0.0,0.0,,0.0,0.0,0.0,0.0,0.0,0.0,7.0,6.34,22.189999999999998,0.0,1.63,0.0,0.0,3.45,0.0,0.0,8.71,0.0,0.0,4.01,0.0,0.0,23.89,0.0,0.0,-2.92,0.0,-0.0048622221,,6802.76413,0.346314361,204.451985,0.000797406316,7.86572754,99.67692,0.689645943,83.7110558,99.99998999999998,100.0,False
2026-05-24 18:00:00,0.0,,117.48,121.82,128.35,79.0,79.0,,0.0,0.0,0.0,,0.0,0.0,0.0,0.0,0.0,0.0,7.0,6.34,22.189999999999998,0.0,1.63,0.0,0.0,3.45,0.0,0.0,8.71,0.0,0.0,4.01,0.0,0.0,23.89,0.0,0.0,-2.92,0.0,-0.004911305566666666,,6802.76413,0.346438835,204.452339,0.000847129954,8.35620846,99.67692,0.689645943,83.7110157,99.99998999999998,100.0,False
2026-05-24 18:30:00,0.068,,117.48,130.0,131.74,89.2,89.2,,0.0,6.065600000000001,0.0,,0.0,0.0,0.0,0.0,0.0,0.0,7.0,6.34,22.189999999999998,0.0,1.63,0.0,0.0,3.45,0.0,0.0,8.71,0.0,0.0,4.01,0.0,0.0,23.89,0.0,0.0,-2.92,0.0,-0.004927305633333333,,6802.76413,0.346563713,204.452441,0.000892241333,8.80119342,99.67692,0.689645943,83.7109697,99.99998999999998,100.0,False
2026-05-24 19:00:00,0.105,,139.4,134.79,136.41,130.0,130.0,,-428.34999999999997,0.0,0.0,,0.0,0.0,6.8,458.28599999999994,0.0,0.0,7.0,8.58,30.03,0.0,2.25,0.0,0.0,0.43,0.0,0.0,6.16,0.0,0.0,-2.89,0.0,0.0,23.96,0.0,0.0,-16.0,0.0,0.19017244333333336,,6802.76413,0.351549207,204.457763,0.01100004,108.505935,99.67692,0.689645943,83.7111048,99.99998999999998,100.0,False
2026-05-24 19:30:00,0.042,,139.4,135.0,136.22,131.68,131.68,,0.0,5.53056,0.0,,0.0,0.0,0.0,0.0,0.0,0.0,7.0,8.58,30.03,0.0,2.25,0.0,0.0,0.43,0.0,0.0,6.16,0.0,0.0,-2.89,0.0,0.0,23.96,0.0,0.0,-16.0,0.0,0.1401140556,,6802.76413,0.355100304,204.461463,0.0182734303,180.251675,99.67692,0.689645943,83.7181174,99.99998999999998,100.0,False
2026-05-24 20:00:00,2.078,,141.11,135.0,135.0,135.01,135.01,,3.780280000000003,0.0,0.0,,0.0,0.0,4.1,276.75,0.0,0.0,7.0,8.58,30.03,0.0,2.25,0.0,0.0,0.43,0.0,0.0,6.16,0.0,0.0,-2.89,0.0,0.0,23.96,0.0,0.0,-16.0,0.0,0.11724186446666668,,6802.76413,0.358240639,204.464809,0.0246220975,242.875817,99.67692,0.689645943,83.7182015,99.99998999999998,100.0,False
2026-05-24 20:30:00,2.076,,141.11,135.0,135.0,91.5,91.5,,189.954,0.0,0.0,,0.0,0.0,0.0,0.0,0.0,0.0,7.0,8.58,30.03,0.0,2.25,0.0,0.0,0.43,0.0,0.0,6.16,0.0,0.0,-2.89,0.0,0.0,23.96,0.0,0.0,-16.0,0.0,4.096491266666667,,6802.76413,0.462063457,204.568924,0.232844085,2296.80665,99.67692,0.689645943,83.794432,99.99998999999998,100.0,False
2026-05-24 21:00:00,2.073,,138.0,134.99,136.0,133.19,133.19,,276.10287,0.0,0.0,,0.0,0.0,0.0,0.0,0.0,0.0,7.0,8.58,30.03,0.0,2.25,0.0,0.0,0.43,0.0,0.0,6.16,0.0,0.0,-2.89,0.0,0.0,23.96,0.0,0.0,-16.0,0.0,4.1063838,,6802.76413,0.566136995,204.673393,0.441486463,4354.88428,99.67692,0.689645943,83.8831983,99.99998999999998,100.0,False
2026-05-24 21:30:00,1.292,,138.0,133.94,135.0,130.0,130.0,,167.96,0.0,0.0,,0.0,0.0,0.0,0.0,0.0,0.0,7.0,8.58,30.03,0.0,2.25,0.0,0.0,0.43,0.0,0.0,6.16,0.0,0.0,-2.89,0.0,0.0,23.96,0.0,0.0,-16.0,0.0,4.098620233333333,,6802.76413,0.670013772,204.777609,0.649651944,6408.25773,99.67692,0.689645943,83.9717662,99.99998999999998,100.0,False
2026-05-24 22:00:00,0.109,,125.7,127.0,133.01,144.49,144.49,,15.749410000000001,0.0,0.0,,0.0,0.0,0.0,0.0,0.0,0.0,7.0,8.58,30.03,0.0,2.25,0.0,0.0,0.43,0.0,0.0,6.16,0.0,0.0,-2.89,0.0,0.0,23.96,0.0,0.0,-16.0,0.0,2.5210997611,,6802.76413,0.733993188,204.84178,0.777681228,7671.15651,99.67692,0.689645943,84.0410523,99.99998999999998,100.0,False
2026-05-24 22:30:00,0.0,,125.7,127.0,127.4,85.0,85.0,,0.0,0.0,0.0,,0.0,0.0,0.0,0.0,0.0,0.0,7.0,8.58,30.03,0.0,2.25,0.0,0.0,0.43,0.0,0.0,6.16,0.0,0.0,-2.89,0.0,0.0,23.96,0.0,0.0,-16.0,0.0,0.2123596655333333,,6802.76413,0.739540713,204.847407,0.788690783,7779.7563,99.67692,0.689645943,84.045614,99.99998999999998,100.0,False
2026-05-24 23:00:00,0.0,,113.0,110.0,112.9,93.01,93.01,,0.0,0.0,0.0,,0.0,0.0,0.0,0.0,0.0,0.0,7.0,1.62,5.67,0.0,1.75,0.0,0.0,0.25,0.0,0.0,4.66,0.0,0.0,-3.15,0.0,0.0,16.0,0.0,0.0,-14.91,0.0,-0.0049877778,,6802.76413,0.739667125,204.847711,0.788733411,7780.17679,99.67692,0.689645943,84.0455153,99.99998999999998,100.0,False
2026-05-24 23:30:00,0.0,,113.0,110.94,104.0,89.3,89.3,,0.0,0.0,0.0,,0.0,0.0,0.0,0.0,0.0,0.0,7.0,1.62,5.67,0.0,1.75,0.0,0.0,0.25,0.0,0.0,4.66,0.0,0.0,-3.15,0.0,0.0,16.0,0.0,0.0,-14.91,0.0,-0.004954527766666667,,6802.76413,0.739792693,204.847863,0.788776116,7780.59804,99.67692,0.689645943,84.0454327,99.99998999999998,100.0,False
2026-05-25 00:00:00,0.0,,110.0,104.42,104.0,89.3,89.3,,0.0,0.0,0.0,,0.0,0.0,0.0,0.0,0.0,0.0,7.0,1.62,5.67,0.0,1.75,0.0,0.0,0.25,0.0,0.0,4.66,0.0,0.0,-3.15,0.0,0.0,16.0,0.0,0.0,-14.91,0.0,-0.0049850833333333336,,6802.76413,0.739919037,204.848167,0.788809633,7780.92865,99.67692,0.689645943,84.0453644,99.99998999999998,100.0,False
2026-05-25 00:30:00,0.0,,110.0,101.46,100.0,145.0,145.0,,0.0,0.0,0.0,,0.0,0.0,0.0,0.0,0.0,0.0,7.0,1.62,5.67,0.0,1.75,0.0,0.0,0.25,0.0,0.0,4.66,0.0,0.0,-3.15,0.0,0.0,16.0,0.0,0.0,-14.91,0.0,-0.0049789443666666666,,0.0,0.000126187999,204.848319,3.45119882e-05,0.340431083,99.67692,0.0,84.045276,99.99998999999998,100.0,False
2026-05-25 01:00:00,0.0,,109.0,100.79,102.0,145.0,145.0,,0.0,0.0,0.0,,0.0,0.0,0.0,0.0,0.0,0.0,7.0,1.62,5.67,0.0,1.75,0.0,0.0,0.25,0.0,0.0,4.66,0.0,0.0,-3.15,0.0,0.0,16.0,0.0,0.0,-14.91,0.0,-0.0050087778,,0.0,0.000253132107,204.848675,7.20973293e-05,0.71117815,99.67692,0.0,84.0452077,99.99998999999998,100.0,False
2026-05-25 01:30:00,0.0,,109.0,101.86,106.0,89.3,89.3,,0.0,0.0,0.0,,0.0,0.0,0.0,0.0,0.0,0.0,7.0,1.62,5.67,0.0,1.75,0.0,0.0,0.25,0.0,0.0,4.66,0.0,0.0,-3.15,0.0,0.0,16.0,0.0,0.0,-14.91,0.0,-0.0050038056,,0.0,0.000379950198,204.848826,0.00010470451,1.03281995,99.67692,0.0,84.0451583,99.99998999999998,100.0,False
2026-05-25 02:00:00,0.0,,104.48,105.86,106.0,87.8,87.8,,0.0,0.0,0.0,,0.0,0.0,0.0,0.0,0.0,0.0,7.0,1.62,5.67,0.0,1.75,0.0,0.0,0.25,0.0,0.0,4.66,0.0,0.0,-3.15,0.0,0.0,16.0,0.0,0.0,-14.91,0.0,-0.004971749933333333,,0.0,0.00050595586,204.84913,0.000135011308,1.33177044,99.67692,0.0,84.0450828,99.99998999999998,100.0,False
2026-05-25 02:30:00,0.0,,104.48,106.0,105.0,87.45,87.45,,0.0,0.0,0.0,,0.0,0.0,0.0,0.0,0.0,0.0,7.0,1.62,5.67,0.0,1.75,0.0,0.0,0.25,0.0,0.0,4.66,0.0,0.0,-3.15,0.0,0.0,16.0,0.0,0.0,-14.91,0.0,-0.004998638866666666,,0.0,0.000632643005,204.849333,0.000168326988,1.66040098,99.67692,0.0,84.0449973,99.99998999999998,100.0,False
2026-05-25 03:00:00,0.0,,100.99,102.0,105.0,87.45,87.45,,0.0,0.0,0.0,,0.0,0.0,0.0,0.0,0.0,0.0,7.0,1.98,6.93,0.0,1.1,0.0,0.0,0.65,0.0,0.0,5.6,0.0,0.0,-1.34,0.0,0.0,1.09,0.0,0.0,-12.02,0.0,-0.0049949721999999995,,0.0,0.000759237215,204.849536,0.000200479296,1.97755584,99.67692,0.0,84.0449192,99.99998999999998,100.0,False
2026-05-25 03:30:00,0.0,,100.99,99.93,101.0,75.0,75.0,,0.0,0.0,0.0,,0.0,0.0,0.0,0.0,0.0,0.0,7.0,1.98,6.93,0.0,1.1,0.0,0.0,0.65,0.0,0.0,5.6,0.0,0.0,-1.34,0.0,0.0,1.09,0.0,0.0,-12.02,0.0,-0.004986055566666667,,0.0,0.000885605445,204.849941,0.000235642621,2.3244118,99.67692,0.0,84.0448395,99.99998999999998,100.0,False
2026-05-25 04:00:00,0.0,,100.0,102.94,105.0,85.0,85.0,,0.0,0.0,0.0,,0.0,0.0,0.0,0.0,0.0,0.0,7.0,1.98,6.93,0.0,1.1,0.0,0.0,0.65,0.0,0.0,5.6,0.0,0.0,-1.34,0.0,0.0,1.09,0.0,0.0,-12.02,0.0,-0.004994750033333333,,0.0,0.00101219403,204.850043,0.000270332409,2.66659673,99.67692,0.0,84.0447672,99.99998999999998,100.0,False
2026-05-25 04:30:00,0.0,,100.0,102.99,104.2,80.0,80.0,,0.0,0.0,0.0,,0.0,0.0,0.0,0.0,0.0,0.0,7.0,1.98,6.93,0.0,1.1,0.0,0.0,0.65,0.0,0.0,5.6,0.0,0.0,-1.34,0.0,0.0,1.09,0.0,0.0,-12.02,0.0,-0.0049764999666666665,,0.0,0.00113832008,204.850296,0.00030379653,2.9966915,99.67692,0.0,84.0446717,99.99998999999998,100.0,False
2026-05-25 05:00:00,0.0,,99.8,100.36,100.53,80.0,80.0,,0.0,0.0,0.0,,0.0,0.0,0.0,0.0,0.0,0.0,7.0,1.98,6.93,0.0,1.1,0.0,0.0,0.65,0.0,0.0,5.6,0.0,0.0,-1.34,0.0,0.0,1.09,0.0,0.0,-12.02,0.0,-0.0049668611333333335,,0.0,0.00126420183,204.850549,0.000337697348,3.33109392,99.67692,0.0,84.0445718,99.99998999999998,100.0,False
2026-05-25 05:30:00,0.0,,99.8,100.0,104.0,80.0,80.0,,0.0,0.0,0.0,,0.0,0.0,0.0,0.0,0.0,0.0,7.0,1.98,6.93,0.0,1.1,0.0,0.0,0.65,0.0,0.0,5.6,0.0,0.0,-1.34,0.0,0.0,1.09,0.0,0.0,-12.02,0.0,-0.004985333333333334,,0.0,0.00139055176,204.850702,0.000372503732,3.67442896,99.67692,0.0,84.044495,99.99998999999998,100.0,False
2026-05-25 06:00:00,0.0,,94.2,99.99,102.56,75.0,75.0,,0.0,0.0,0.0,,0.0,0.0,0.0,0.0,0.0,0.0,7.0,1.98,6.93,0.0,1.1,0.0,0.0,0.65,0.0,0.0,5.6,0.0,0.0,-1.34,0.0,0.0,1.09,0.0,0.0,-12.02,0.0,-0.004969944433333334,,0.0,0.00151651166,204.851006,0.000404466107,3.9897103,99.67692,0.0,84.0444122,99.99998999999998,100.0,False
2026-05-25 06:30:00,0.0,,94.2,102.39,106.0,75.0,75.0,,0.0,0.0,0.0,,0.0,0.0,0.0,0.0,0.0,0.0,7.0,1.98,6.93,0.0,1.1,0.0,0.0,0.65,0.0,0.0,5.6,0.0,0.0,-1.34,0.0,0.0,1.09,0.0,0.0,-12.02,0.0,-0.004983138866666666,,0.0,0.00164280597,204.851259,0.000440893326,4.34903349,99.67692,0.0,84.0443322,99.99998999999998,100.0,False
2026-05-25 07:00:00,0.0,,100.86,106.8,107.86,81.45,81.45,,0.0,0.0,0.0,,0.0,0.0,0.0,0.0,0.0,0.0,7.0,5.93,20.755,0.0,1.46,0.0,0.0,0.96,0.0,0.0,6.36,0.0,0.0,-2.5,0.0,0.0,15.16,0.0,0.0,-14.64,0.0,-0.004951249933333333,,0.0,0.00176829207,204.851411,0.000481200592,4.74663001,99.67692,0.0,84.044276,99.99998999999998,100.0,False
2026-05-25 07:30:00,0.0,,100.86,110.0,109.82,94.47,94.47,,0.0,0.0,0.0,,0.0,0.0,0.0,0.0,0.0,0.0,7.0,5.93,20.755,0.0,1.46,0.0,0.0,0.96,0.0,0.0,6.36,0.0,0.0,-2.5,0.0,0.0,15.16,0.0,0.0,-14.64,0.0,-0.004986138866666667,,0.0,0.00189466241,204.851716,0.000529851738,5.22653172,99.67692,0.0,84.04426,99.99998999999998,100.0,False
2026-05-25 08:00:00,0.0,,99.14,101.93,103.1,70.0,70.0,,0.0,0.0,0.0,,0.0,0.0,0.0,0.0,0.0,0.0,7.0,5.93,20.755,0.0,1.46,0.0,0.0,0.96,0.0,0.0,6.36,0.0,0.0,-2.5,0.0,0.0,15.16,0.0,0.0,-14.64,0.0,-0.004991916666666666,,0.0,0.00202117917,204.851766,0.000586062377,5.78100134,99.67692,0.0,84.0442766,99.99998999999998,100.0,False
2026-05-25 08:30:00,0.0,,99.14,103.1,102.0,70.0,70.0,,0.0,0.0,0.0,,0.0,0.0,0.0,0.0,0.0,0.0,7.0,5.93,20.755,0.0,1.46,0.0,0.0,0.96,0.0,0.0,6.36,0.0,0.0,-2.5,0.0,0.0,15.16,0.0,0.0,-14.64,0.0,-0.0049437778,,0.0,0.0021464759,204.852222,0.000642610263,6.3387976,99.67692,0.0,84.0443096,99.99998999999998,100.0,False
2026-05-25 09:00:00,0.0,,100.01,103.0,101.3,87.0,87.0,,0.0,0.0,0.0,,0.0,0.0,0.0,0.0,0.0,0.0,7.0,5.93,20.755,0.0,1.46,0.0,0.0,0.96,0.0,0.0,6.36,0.0,0.0,-2.5,0.0,0.0,15.16,0.0,0.0,-14.64,0.0,-0.004942583266666667,,0.0,0.00227174236,204.852273,0.000698885519,6.8939046,99.67692,0.0,84.0443701,99.99998999999998,100.0,False
2026-05-25 09:30:00,0.03,,100.01,105.92,97.2,75.5,75.5,,0.0,2.265,0.0,,0.0,0.0,0.0,0.0,0.0,0.0,7.0,5.93,20.755,0.0,1.46,0.0,0.0,0.96,0.0,0.0,6.36,0.0,0.0,-2.5,0.0,0.0,15.16,0.0,0.0,-14.64,0.0,-0.0049692778000000005,,0.0,0.00239768536,204.852577,0.000758093681,7.4779422,99.67692,0.0,84.0443962,99.99998999999998,100.0,False
2026-05-25 10:00:00,0.0,,103.64,102.99,92.4,76.95,76.95,,0.0,0.0,0.0,,0.0,0.0,0.0,0.0,0.0,0.0,7.0,5.93,20.755,0.0,1.46,0.0,0.0,0.96,0.0,0.0,6.36,0.0,0.0,-2.5,0.0,0.0,15.16,0.0,0.0,-14.64,0.0,0.05434300019999999,,0.0,0.00447585268,204.85501,0.00379897196,37.4735913,99.67692,0.0,84.0456753,99.99998999999998,100.0,False
2026-05-25 10:30:00,0.0,,103.64,95.67,94.82,76.0,76.0,,0.0,0.0,0.0,,0.0,0.0,0.0,0.0,0.0,0.0,7.0,5.93,20.755,0.0,1.46,0.0,0.0,0.96,0.0,0.0,6.36,0.0,0.0,-2.5,0.0,0.0,15.16,0.0,0.0,-14.64,0.0,-0.0049380555,,0.0,0.00460100437,204.855213,0.00386215819,38.0968691,99.67692,0.0,84.0457377,99.99998999999998,100.0,False
2026-05-25 11:00:00,0.0,,95.69,98.76,92.84,73.1,73.1,,0.0,0.0,0.0,,0.0,0.0,0.0,0.0,0.0,0.0,7.0,2.77,9.695,0.0,1.02,0.0,0.0,3.06,0.0,0.0,4.31,0.0,0.0,0.8,0.0,0.0,12.92,0.0,0.0,-8.5,0.0,-0.0049168333,,0.0,0.0047256182,204.855466,0.00392373975,38.7043182,99.67692,0.0,84.045742,99.99998999999998,100.0,False
2026-05-25 11:30:00,-0.041,,95.69,96.05,95.02,73.2,73.2,,0.0,-3.0012000000000003,0.0,,0.0,0.0,0.0,0.0,0.0,0.0,7.0,2.77,9.695,0.0,1.02,0.0,0.0,3.06,0.0,0.0,4.31,0.0,0.0,0.8,0.0,0.0,12.92,0.0,0.0,-8.5,0.0,-0.004949388866666667,,0.0,0.00485105714,204.855669,0.00398188516,39.2778727,99.67692,0.0,84.0457462,99.99998999999998,100.0,False
2026-05-25 12:00:00,-1.883,,91.33,94.06,93.74,73.25,73.25,,-2.417249999999994,0.0,0.0,,0.0,0.0,-3.7,-174.01100000000002,0.0,0.0,7.0,2.77,9.695,0.0,1.02,0.0,0.0,3.06,0.0,0.0,4.31,0.0,0.0,0.8,0.0,0.0,12.92,0.0,0.0,-8.5,0.0,-0.11777942103333333,,57.8064833,0.00783609741,204.858761,0.00402529202,39.706044,99.67692,0.0058602659,84.0456456,99.99998999999998,100.0,False
2026-05-25 12:30:00,-0.001,,91.33,92.62,93.0,85.28,85.28,,0.0,-0.08528000000000001,0.0,,0.0,0.0,0.0,0.0,0.0,0.0,7.0,2.77,9.695,0.0,1.02,0.0,0.0,3.06,0.0,0.0,4.31,0.0,0.0,0.8,0.0,0.0,12.92,0.0,0.0,-8.5,0.0,-3.5656272666666666,,1855.36818,0.0982045246,204.949392,0.00402529202,39.706044,99.67692,0.188092239,83.9878877,99.99998999999998,100.0,False
2026-05-25 13:00:00,-0.05,,91.07,90.8,92.9,86.23,86.23,,-1.1966816426678407e-15,0.0,0.0,,-0.6,-27.87,0.5,22.7,0.0,0.0,7.0,2.77,9.695,0.0,1.02,0.0,0.0,3.06,0.0,0.0,4.31,0.0,0.0,0.8,0.0,0.0,12.92,0.0,0.0,-8.5,0.0,-0.008248110833333334,,1856.85678,0.0984135676,204.949798,0.00407395125,40.1860255,99.67692,0.188243149,83.9785298,99.99998999999998,100.0,False
2026-05-25 13:30:00,-0.042,,91.07,92.84,95.0,74.7,74.7,,0.0,-3.1374000000000004,0.0,,-4.0,-190.0,4.0,185.68,0.0,0.0,7.0,2.77,9.695,0.0,1.02,0.0,0.0,3.06,0.0,0.0,4.31,0.0,0.0,0.8,0.0,0.0,12.92,0.0,0.0,-8.5,0.0,-0.10304088993333334,,1905.86617,0.101025069,204.952333,0.00407395125,40.1860255,99.67692,0.19321159,83.9769466,99.99998999999998,100.0,False
2026-05-25 14:00:00,-2.073,,91.0,94.93,95.0,75.1,75.1,,-5.482299999999996,0.0,0.0,,0.0,0.0,-4.0,-189.86,0.0,0.0,7.0,2.77,9.695,0.0,1.02,0.0,0.0,3.06,0.0,0.0,4.31,0.0,0.0,0.8,0.0,0.0,12.92,0.0,0.0,-8.5,0.0,-0.12363783560000001,,1966.60718,0.104158588,204.955779,0.00411870354,40.6274683,99.67692,0.19936935,83.9766004,99.99998999999998,100.0,False
2026-05-25 14:30:00,-2.031,,91.0,94.3,91.81,107.9,107.9,,-3.344900000000015,0.0,0.0,,-4.0,-183.62,0.0,0.0,0.0,0.0,7.0,2.77,9.695,0.0,1.02,0.0,0.0,3.06,0.0,0.0,4.31,0.0,0.0,0.8,0.0,0.0,12.92,0.0,0.0,-8.5,0.0,-3.955817833333333,,3963.27153,0.204416132,205.056345,0.00411870354,40.6274683,99.67692,0.401785815,83.9143026,99.99998999999998,100.0,False
2026-05-25 15:00:00,0.0,,92.28,95.05,94.64,81.11,81.11,,0.0,0.0,0.0,,0.0,0.0,0.0,0.0,0.0,0.0,7.0,6.25,21.875,0.0,1.53,0.0,0.0,1.62,0.0,0.0,6.8,0.0,0.0,-0.7,0.0,0.0,24.86,0.0,0.0,-7.11,0.0,-3.8444512,,5903.89298,0.301851165,205.154175,0.00411870354,40.6274683,99.67692,0.598520802,83.8422422,99.99998999999998,100.0,False
2026-05-25 15:30:00,0.0,,92.28,99.93,99.89,94.02,94.02,,0.0,0.0,0.0,,0.0,0.0,0.0,0.0,0.0,0.0,7.0,6.25,21.875,0.0,1.53,0.0,0.0,1.62,0.0,0.0,6.8,0.0,0.0,-0.7,0.0,0.0,24.86,0.0,0.0,-7.11,0.0,-0.0048923888,,5903.89298,0.301975159,205.154326,0.00419012379,41.3319677,99.67692,0.598520802,83.8322514,99.99998999999998,100.0,False
2026-05-25 16:00:00,0.0,,101.2,108.0,102.0,90.79,90.79,,0.0,0.0,0.0,,0.0,0.0,0.0,0.0,0.0,0.0,7.0,6.25,21.875,0.0,1.53,0.0,0.0,1.62,0.0,0.0,6.8,0.0,0.0,-0.7,0.0,0.0,24.86,0.0,0.0,-7.11,0.0,-0.0049198612,,5903.89298,0.302099849,205.15463,0.00426104441,42.0315386,99.67692,0.598520802,83.8322648,99.99998999999998,100.0,False
2026-05-25 16:30:00,0.01,,101.2,120.0,101.48,92.74,92.74,,0.0,0.9274,0.0,,0.0,0.0,0.0,0.0,0.0,0.0,7.0,6.25,21.875,0.0,1.53,0.0,0.0,1.62,0.0,0.0,6.8,0.0,0.0,-0.7,0.0,0.0,24.86,0.0,0.0,-7.11,0.0,-0.004909388933333334,,5903.89298,0.302224275,205.154783,0.00433339182,42.7451836,99.67692,0.598520802,83.8322615,99.99998999999998,100.0,False
2026-05-25 17:00:00,0.494,,104.2,125.12,105.2,65.1,65.1,,-0.39060000000000034,0.0,0.0,,0.0,0.0,1.0,62.56,0.0,0.0,7.0,6.25,21.875,0.0,1.53,0.0,0.0,1.62,0.0,0.0,6.8,0.0,0.0,-0.7,0.0,0.0,24.86,0.0,0.0,-7.11,0.0,0.024253639466666668,,5903.89298,0.303004612,205.155847,0.00592519009,58.4469046,99.67692,0.598520802,83.83225,99.99998999999998,100.0,False
2026-05-25 17:30:00,0.039,,104.2,115.0,114.0,75.37,75.37,,0.0,2.93943,0.0,,1.0,57.0,-1.0,-57.5,0.0,0.0,7.0,6.25,21.875,0.0,1.53,0.0,0.0,1.62,0.0,0.0,6.8,0.0,0.0,-0.7,0.0,0.0,24.86,0.0,0.0,-7.11,0.0,0.9606953033333333,,5903.89298,0.327352789,205.18033,0.0550981185,543.495555,99.67692,0.598520802,83.8507706,99.99998999999998,100.0,False
2026-05-25 18:00:00,0.556,,124.78,137.99,127.0,138.8,138.8,,-290.6472,0.0,0.0,,5.3,336.55,0.0,0.0,0.0,0.0,7.0,6.25,21.875,0.0,1.53,0.0,0.0,1.62,0.0,0.0,6.8,0.0,0.0,-0.7,0.0,0.0,24.86,0.0,0.0,-7.11,0.0,0.1112316123,,5903.89298,0.330337083,205.183422,0.0612165127,603.848252,99.67692,0.598520802,83.85381,99.99998999999998,100.0,False
2026-05-25 18:30:00,0.415,,124.78,140.0,128.0,150.9,150.9,,-397.62149999999997,0.0,0.0,,6.1,390.4,0.0,0.0,0.0,0.0,7.0,6.25,21.875,0.0,1.53,0.0,0.0,1.62,0.0,0.0,6.8,0.0,0.0,-0.7,0.0,0.0,24.86,0.0,0.0,-7.11,0.0,1.0848625122333333,,5903.89298,0.357873773,205.2113,0.116857882,1152.70251,99.67692,0.598520802,83.8765097,99.99998999999998,100.0,False
2026-05-25 19:00:00,0.0,,137.25,140.0,133.0,152.64,152.64,,0.0,0.0,0.0,,0.0,0.0,0.0,0.0,0.0,0.0,7.0,8.4,29.400000000000002,0.0,2.45,0.0,0.0,0.75,0.0,0.0,8.75,0.0,0.0,-1.42,0.0,0.0,27.48,0.0,0.0,-16.56,0.0,0.777939539,,5903.89298,0.377673936,205.231323,0.156695862,1545.66992,99.67692,0.598520802,83.8965899,99.99998999999998,100.0,False
2026-05-25 19:30:00,0.0,,137.25,140.5,132.02,174.99,174.99,,0.0,0.0,0.0,,0.0,0.0,0.0,0.0,0.0,0.0,7.0,8.4,29.400000000000002,0.0,2.45,0.0,0.0,0.75,0.0,0.0,8.75,0.0,0.0,-1.42,0.0,0.0,27.48,0.0,0.0,-16.56,0.0,-0.004920111133333333,,5903.89298,0.377798633,205.231576,0.156763919,1546.34124,99.67692,0.598520802,83.8965967,99.99998999999998,100.0,False
2026-05-25 20:00:00,0.0,,139.0,142.99,134.2,178.3,178.3,,0.0,0.0,0.0,,0.0,0.0,0.0,0.0,0.0,0.0,7.0,8.4,29.400000000000002,0.0,2.45,0.0,0.0,0.75,0.0,0.0,8.75,0.0,0.0,-1.42,0.0,0.0,27.48,0.0,0.0,-16.56,0.0,-0.004944083333333333,,5903.89298,0.377923937,205.231728,0.15683378,1547.03036,99.67692,0.598520802,83.8965583,99.99998999999998,100.0,False
2026-05-25 20:30:00,0.0,,139.0,137.78,135.7,178.99,178.99,,0.0,0.0,0.0,,0.0,0.0,0.0,0.0,0.0,0.0,7.0,8.4,29.400000000000002,0.0,2.45,0.0,0.0,0.75,0.0,0.0,8.75,0.0,0.0,-1.42,0.0,0.0,27.48,0.0,0.0,-16.56,0.0,-0.0049732223,,5903.89298,0.37804998,205.232033,0.156904981,1547.7327,99.67692,0.598520802,83.8964913,99.99998999999998,100.0,False
2026-05-25 21:00:00,0.0,,137.0,132.1,131.1,138.8,138.8,,0.0,0.0,0.0,,0.0,0.0,0.0,0.0,0.0,0.0,7.0,8.4,29.400000000000002,0.0,2.45,0.0,0.0,0.75,0.0,0.0,8.75,0.0,0.0,-1.42,0.0,0.0,27.48,0.0,0.0,-16.56,0.0,-0.0049864999333333335,,5903.89298,0.378176359,205.232235,0.156976044,1548.43367,99.67692,0.598520802,83.8963805,99.99998999999998,100.0,False
2026-05-25 21:30:00,0.0,,137.0,126.95,127.0,138.8,138.8,,0.0,0.0,0.0,,0.0,0.0,0.0,0.0,0.0,0.0,7.0,8.4,29.400000000000002,0.0,2.45,0.0,0.0,0.75,0.0,0.0,8.75,0.0,0.0,-1.42,0.0,0.0,27.48,0.0,0.0,-16.56,0.0,-0.0049863889,,5903.89298,0.378302736,205.232438,0.157043756,1549.1016,99.67692,0.598520802,83.8962747,99.99998999999998,100.0,False
2026-05-25 22:00:00,-0.018,,118.5,120.45,120.72,129.89,129.89,,0.0,-2.3380199999999998,0.0,,0.0,0.0,0.0,0.0,0.0,0.0,7.0,8.4,29.400000000000002,0.0,2.45,0.0,0.0,0.75,0.0,0.0,8.75,0.0,0.0,-1.42,0.0,0.0,27.48,0.0,0.0,-16.56,0.0,-0.004981222166666667,,5903.89298,0.378428982,205.232641,0.157108689,1549.7421,99.67692,0.598520802,83.8961689,99.99998999999998,100.0,False
2026-05-25 22:30:00,-0.884,,118.5,115.23,117.0,128.89,128.89,,2.0622400000000014,0.0,0.0,,0.0,0.0,-1.8,-103.70700000000001,0.0,0.0,7.0,8.4,29.400000000000002,0.0,2.45,0.0,0.0,0.75,0.0,0.0,8.75,0.0,0.0,-1.42,0.0,0.0,27.48,0.0,0.0,-16.56,0.0,-0.057177750566666664,,5930.36606,0.379878114,205.234263,0.157151464,1550.16404,99.67692,0.601204571,83.8960191,99.99998999999998,100.0,False
2026-05-25 23:00:00,0.0,,108.24,110.54,115.0,128.89,128.89,,0.0,0.0,0.0,,0.0,0.0,0.0,0.0,0.0,0.0,7.0,1.55,5.425,0.0,0.56,0.0,0.0,1.11,0.0,0.0,4.12,0.0,0.0,-1.86,0.0,0.0,18.69,0.0,0.0,-11.95,0.0,-1.7507418833333332,,6803.83213,0.42424949,205.278818,0.157151464,1550.16404,99.67692,0.689754214,83.8680258,99.99998999999998,100.0,False
2026-05-25 23:30:00,0.0,,108.24,104.19,106.79,128.49,128.49,,0.0,0.0,0.0,,0.0,0.0,0.0,0.0,0.0,0.0,7.0,1.55,5.425,0.0,0.56,0.0,0.0,1.11,0.0,0.0,4.12,0.0,0.0,-1.86,0.0,0.0,18.69,0.0,0.0,-11.95,0.0,-0.0050065278,,6803.83213,0.424376377,205.279071,0.157207932,1550.72105,99.67692,0.689754214,83.8634921,99.98503333333333,100.0,False
2026-05-26 00:00:00,0.0,,102.4,102.0,104.8,128.49,128.49,,0.0,0.0,0.0,,0.0,0.0,0.0,0.0,0.0,0.0,7.0,1.55,5.425,0.0,0.56,0.0,0.0,1.11,0.0,0.0,4.12,0.0,0.0,-1.86,0.0,0.0,18.69,0.0,0.0,-11.95,0.0,-0.004974833299999999,,6803.83213,0.424502461,205.279274,0.157260801,1551.24256,99.67692,0.689754214,83.8634045,99.99998999999998,100.0,False
2026-05-26 00:30:00,0.0,,102.4,105.15,109.14,108.28,108.28,,0.0,0.0,0.0,,0.0,0.0,0.0,0.0,0.0,0.0,7.0,1.55,5.425,0.0,0.56,0.0,0.0,1.11,0.0,0.0,4.12,0.0,0.0,-1.86,0.0,0.0,18.69,0.0,0.0,-11.95,0.0,-0.004977000033333334,,0.0,0.000126138721,205.279477,4.30606385e-05,0.424756167,99.67692,0.0,83.8633167,99.99998999999998,100.0,False
2026-05-26 01:00:00,-0.049,,97.98,103.0,103.47,95.51,95.51,,0.09551000000000406,0.0,0.0,,-2.4,-124.16399999999999,2.3,118.44999999999999,0.0,0.0,7.0,1.55,5.425,0.0,0.56,0.0,0.0,1.11,0.0,0.0,4.12,0.0,0.0,-1.86,0.0,0.0,18.69,0.0,0.0,-11.95,0.0,-0.0080581945,,1.43445617,0.000330368246,205.279781,7.25294417e-05,0.715440567,99.67692,0.000145421311,83.863226,99.99998999999998,100.0,False
2026-05-26 01:30:00,-0.043,,97.98,104.0,110.4,93.99,93.99,,0.0,-4.041569999999999,0.0,,0.0,0.0,0.0,0.0,0.0,0.0,7.0,1.55,5.425,0.0,0.56,0.0,0.0,1.11,0.0,0.0,4.12,0.0,0.0,-1.86,0.0,0.0,18.69,0.0,0.0,-11.95,0.0,-0.10306491699999999,,50.3262428,0.00294247932,205.282417,7.25294417e-05,0.715440567,99.67692,0.00510193923,83.8616974,99.99998999999998,100.0,False
2026-05-26 02:00:00,-1.965,,97.57,102.1,111.0,117.47,117.47,,4.111449999999991,0.0,0.0,,-4.0,-222.0,0.0,0.0,0.0,0.0,7.0,1.55,5.425,0.0,0.56,0.0,0.0,1.11,0.0,0.0,4.12,0.0,0.0,-1.86,0.0,0.0,18.69,0.0,0.0,-11.95,0.0,-0.12596341776666667,,112.056538,0.0061349375,205.285813,9.80054098e-05,0.966739083,99.67692,0.0113599906,83.8612869,99.99998999999998,100.0,False
2026-05-26 02:30:00,-1.203,,97.57,102.0,107.0,107.04,107.04,,5.030879999999993,0.0,0.0,,-4.0,-214.0,1.5,76.5,0.0,0.0,7.0,1.55,5.425,0.0,0.56,0.0,0.0,1.11,0.0,0.0,4.12,0.0,0.0,-1.86,0.0,0.0,18.69,0.0,0.0,-11.95,0.0,-3.9062024666666666,,2072.73939,0.105135014,205.385214,9.80054098e-05,0.966739083,99.67692,0.210128748,83.7996509,99.99998999999998,100.0,False
2026-05-26 03:00:00,0.0,,97.6,96.0,100.0,85.55,85.55,,0.0,0.0,0.0,,0.0,0.0,0.0,0.0,0.0,0.0,7.0,1.99,6.965,0.0,0.95,0.0,0.0,0.67,0.0,0.0,3.99,0.0,0.0,-0.34,0.0,0.0,16.32,0.0,0.0,-10.56,0.0,-2.38593012,,3264.75042,0.16560481,205.445989,9.80054098e-05,0.966739083,99.67692,0.330971622,83.7510652,99.99998999999998,100.0,False
2026-05-26 03:30:00,0.0,,97.6,96.86,99.78,85.56,85.56,,0.0,0.0,0.0,,0.0,0.0,0.0,0.0,0.0,0.0,7.0,1.99,6.965,0.0,0.95,0.0,0.0,0.67,0.0,0.0,3.99,0.0,0.0,-0.34,0.0,0.0,16.32,0.0,0.0,-10.56,0.0,-0.004978500033333334,,3264.75042,0.165730986,205.446142,0.000125811255,1.24101983,99.67692,0.330971622,83.7455738,99.99998999999998,100.0,False
2026-05-26 04:00:00,0.0,,104.02,94.4,95.78,87.51,87.51,,0.0,0.0,0.0,,0.0,0.0,0.0,0.0,0.0,0.0,7.0,1.99,6.965,0.0,0.95,0.0,0.0,0.67,0.0,0.0,3.99,0.0,0.0,-0.34,0.0,0.0,16.32,0.0,0.0,-10.56,0.0,-0.005051916733333333,,3264.75042,0.165859024,205.446394,0.000163506274,1.61284878,99.67692,0.330971622,83.7454931,99.99998999999998,100.0,False
2026-05-26 04:30:00,0.0,,104.02,96.75,94.0,86.7,86.7,,0.0,0.0,0.0,,0.0,0.0,0.0,0.0,0.0,0.0,7.0,1.99,6.965,0.0,0.95,0.0,0.0,0.67,0.0,0.0,3.99,0.0,0.0,-0.34,0.0,0.0,16.32,0.0,0.0,-10.56,0.0,-0.005004027766666666,,3264.75042,0.165985848,205.446597,0.000192458988,1.8984424,99.67692,0.330971622,83.7453952,99.99998999999998,100.0,False
2026-05-26 05:00:00,0.0,,107.76,97.87,96.68,111.21,111.21,,0.0,0.0,0.0,,0.0,0.0,0.0,0.0,0.0,0.0,7.0,1.99,6.965,0.0,0.95,0.0,0.0,0.67,0.0,0.0,3.99,0.0,0.0,-0.34,0.0,0.0,16.32,0.0,0.0,-10.56,0.0,-0.005049111100000001,,3264.75042,0.166113815,205.446851,0.000225551274,2.22486934,99.67692,0.330971622,83.7452924,99.99998999999998,100.0,False
2026-05-26 05:30:00,0.0,,107.76,102.14,100.48,96.35,96.35,,0.0,0.0,0.0,,0.0,0.0,0.0,0.0,0.0,0.0,7.0,1.99,6.965,0.0,0.95,0.0,0.0,0.67,0.0,0.0,3.99,0.0,0.0,-0.34,0.0,0.0,16.32,0.0,0.0,-10.56,0.0,-0.0050125000000000005,,3264.75042,0.166240853,205.447104,0.000256458686,2.52974438,99.67692,0.330971622,83.7451954,99.99998999999998,100.0,False
2026-05-26 06:00:00,0.0,,118.31,112.1,117.0,96.35,96.35,,0.0,0.0,0.0,,0.0,0.0,0.0,0.0,0.0,0.0,7.0,1.99,6.965,0.0,0.95,0.0,0.0,0.67,0.0,0.0,3.99,0.0,0.0,-0.34,0.0,0.0,16.32,0.0,0.0,-10.56,0.0,-0.0050246388999999995,,3264.75042,0.166368199,205.447307,0.000275791357,2.72044456,99.67692,0.330971622,83.7450897,99.99998999999998,100.0,False
2026-05-26 06:30:00,0.0,,118.31,119.89,125.0,93.99,93.99,,0.0,0.0,0.0,,0.0,0.0,0.0,0.0,0.0,0.0,7.0,1.99,6.965,0.0,0.95,0.0,0.0,0.67,0.0,0.0,3.99,0.0,0.0,-0.34,0.0,0.0,16.32,0.0,0.0,-10.56,0.0,-0.004990583266666667,,3264.75042,0.166494681,205.44751,0.000301735691,2.9763631,99.67692,0.330971622,83.7450183,99.99998999999998,100.0,False
2026-05-26 07:00:00,0.0,,120.51,115.27,119.7,85.75,85.75,,0.0,0.0,0.0,,0.0,0.0,0.0,0.0,0.0,0.0,7.0,5.59,19.564999999999998,0.0,2.0,0.0,0.0,0.44,0.0,0.0,6.25,0.0,0.0,-4.15,0.0,0.0,16.63,0.0,0.0,-17.4,0.0,-0.0049796666,,3264.75042,0.166620888,205.447713,0.000329642633,3.25164108,99.67692,0.330971622,83.7449714,99.99998999999998,100.0,False
2026-05-26 07:30:00,0.0,,120.51,120.06,120.58,86.9,86.9,,0.0,0.0,0.0,,0.0,0.0,0.0,0.0,0.0,0.0,7.0,5.59,19.564999999999998,0.0,2.0,0.0,0.0,0.44,0.0,0.0,6.25,0.0,0.0,-4.15,0.0,0.0,16.63,0.0,0.0,-17.4,0.0,-0.004964666766666666,,3264.75042,0.166746714,205.448016,0.000358754085,3.53880052,99.67692,0.330971622,83.7449314,99.99998999999998,100.0,False
2026-05-26 08:00:00,0.0,,117.6,120.1,120.8,144.49,144.49,,0.0,0.0,0.0,,4.4,265.76,-4.4,-264.22,0.0,0.0,7.0,5.59,19.564999999999998,0.0,2.0,0.0,0.0,0.44,0.0,0.0,6.25,0.0,0.0,-4.15,0.0,0.0,16.63,0.0,0.0,-17.4,0.0,-0.004982222133333333,,3264.75042,0.166872985,205.448321,0.000393573284,3.88226197,99.67692,0.330971622,83.7448826,99.99998999999998,100.0,False
2026-05-26 08:30:00,0.0,,117.6,122.67,118.5,144.49,144.49,,0.0,0.0,0.0,,3.5,207.375,-3.5,-214.6725,0.0,0.0,7.0,5.59,19.564999999999998,0.0,2.0,0.0,0.0,0.44,0.0,0.0,6.25,0.0,0.0,-4.15,0.0,0.0,16.63,0.0,0.0,-17.4,0.0,-0.004986444366666666,,3264.75042,0.166999363,205.448422,0.000432339334,4.26465572,99.67692,0.330971622,83.7448418,99.99998999999998,100.0,False
2026-05-26 09:00:00,0.0,,110.61,120.25,120.0,150.0,150.0,,0.0,0.0,0.0,,0.0,0.0,0.0,0.0,0.0,0.0,7.0,5.59,19.564999999999998,0.0,2.0,0.0,0.0,0.44,0.0,0.0,6.25,0.0,0.0,-4.15,0.0,0.0,16.63,0.0,0.0,-17.4,0.0,-0.004952416666666667,,3264.75042,0.167124879,205.448727,0.000468862643,4.62492675,99.67692,0.330971622,83.7448335,99.99998999999998,100.0,False
2026-05-26 09:30:00,0.0,,110.61,117.68,116.0,144.49,144.49,,0.0,0.0,0.0,,0.0,0.0,0.0,0.0,0.0,0.0,7.0,5.59,19.564999999999998,0.0,2.0,0.0,0.0,0.44,0.0,0.0,6.25,0.0,0.0,-4.15,0.0,0.0,16.63,0.0,0.0,-17.4,0.0,-0.0049508611,,3264.75042,0.167250356,205.448879,0.000511703129,5.0475113,99.67692,0.330971622,83.7448418,99.99998999999998,100.0,False
2026-05-26 10:00:00,0.0,,112.02,112.06,112.03,144.49,144.49,,0.0,0.0,0.0,,0.0,0.0,0.0,0.0,0.0,0.0,7.0,5.59,19.564999999999998,0.0,2.0,0.0,0.0,0.44,0.0,0.0,6.25,0.0,0.0,-4.15,0.0,0.0,16.63,0.0,0.0,-17.4,0.0,-0.004948194433333333,,3264.75042,0.167375764,205.449132,0.000554908564,5.47369576,99.67692,0.330971622,83.7448601,99.99998999999998,100.0,False
2026-05-26 10:30:00,0.0,,112.02,111.93,110.53,96.6,96.6,,0.0,0.0,0.0,,0.0,0.0,0.0,0.0,0.0,0.0,7.0,5.59,19.564999999999998,0.0,2.0,0.0,0.0,0.44,0.0,0.0,6.25,0.0,0.0,-4.15,0.0,0.0,16.63,0.0,0.0,-17.4,0.0,-0.0049406944999999996,,3264.75042,0.167500983,205.449284,0.000600965647,5.92800928,99.67692,0.330971622,83.7448569,99.99998999999998,100.0,False
2026-05-26 11:00:00,0.0,,104.23,102.19,104.19,86.25,86.25,,0.0,0.0,0.0,,0.0,0.0,0.0,0.0,0.0,0.0,7.0,2.68,9.38,0.0,1.71,0.0,0.0,0.71,0.0,0.0,5.52,0.0,0.0,-0.93,0.0,0.0,13.49,0.0,0.0,-15.72,0.0,-0.004946472166666667,,3264.75042,0.167626347,205.449538,0.000647227332,6.38434101,99.67692,0.330971622,83.7448746,99.99998999999998,100.0,False
2026-05-26 11:30:00,0.0,,104.23,100.0,101.3,134.32,134.32,,0.0,0.0,0.0,,0.0,0.0,0.0,0.0,0.0,0.0,7.0,2.68,9.38,0.0,1.71,0.0,0.0,0.71,0.0,0.0,5.52,0.0,0.0,-0.93,0.0,0.0,13.49,0.0,0.0,-15.72,0.0,-0.0049426111333333335,,3264.75042,0.167751615,205.449791,0.000690246724,6.80869032,99.67692,0.330971622,83.7448836,99.99998999999998,100.0,False
2026-05-26 12:00:00,0.0,,98.7,97.9,99.54,86.25,86.25,,0.0,0.0,0.0,,0.0,0.0,0.0,0.0,0.0,0.0,7.0,2.68,9.38,0.0,1.71,0.0,0.0,0.71,0.0,0.0,5.52,0.0,0.0,-0.93,0.0,0.0,13.49,0.0,0.0,-15.72,0.0,-0.004855388866666667,,3264.75042,0.167874671,205.449994,0.000733701798,7.23733725,99.67692,0.330971622,83.7448963,99.99998999999998,100.0,False
2026-05-26 12:30:00,0.0,,98.7,96.57,99.1,86.5,86.5,,0.0,0.0,0.0,,0.0,0.0,0.0,0.0,0.0,0.0,7.0,2.68,9.38,0.0,1.71,0.0,0.0,0.71,0.0,0.0,5.52,0.0,0.0,-0.93,0.0,0.0,13.49,0.0,0.0,-15.72,0.0,-0.0047971943333333334,,3264.75042,0.167996253,205.450197,0.000777111224,7.66553391,99.67692,0.330971622,83.7449068,99.99998999999998,100.0,False
2026-05-26 13:00:00,0.0,,97.3,99.02,100.0,86.52,86.52,,0.0,0.0,0.0,,0.0,0.0,0.0,0.0,0.0,0.0,7.0,2.68,9.38,0.0,1.71,0.0,0.0,0.71,0.0,0.0,5.52,0.0,0.0,-0.93,0.0,0.0,13.49,0.0,0.0,-15.72,0.0,-0.004805222166666666,,3264.75042,0.168118038,205.450449,0.000814713966,8.03645262,99.67692,0.330971622,83.7449287,99.99998999999998,100.0,False
2026-05-26 13:30:00,0.0,,97.3,96.98,96.8,128.65,128.65,,0.0,0.0,0.0,,0.0,0.0,0.0,0.0,0.0,0.0,7.0,2.68,9.38,0.0,1.71,0.0,0.0,0.71,0.0,0.0,5.52,0.0,0.0,-0.93,0.0,0.0,13.49,0.0,0.0,-15.72,0.0,-0.004836916633333333,,3264.75042,0.168240626,205.450602,0.00086484312,8.53093361,99.67692,0.330971622,83.7449406,99.99998999999998,100.0,False
2026-05-26 14:00:00,0.0,,97.98,97.5,95.0,86.52,86.52,,0.0,0.0,0.0,,0.0,0.0,0.0,0.0,0.0,0.0,7.0,2.68,9.38,0.0,1.71,0.0,0.0,0.71,0.0,0.0,5.52,0.0,0.0,-0.93,0.0,0.0,13.49,0.0,0.0,-15.72,0.0,-0.004862916666666666,,3264.75042,0.168363874,205.450805,0.000918638256,9.06157637,99.67692,0.330971622,83.7449496,99.99998999999998,100.0,False
2026-05-26 14:30:00,-0.045,,97.98,95.1,95.0,125.0,125.0,,0.0,-5.625,0.0,,0.0,0.0,0.0,0.0,0.0,0.0,7.0,2.68,9.38,0.0,1.71,0.0,0.0,0.71,0.0,0.0,5.52,0.0,0.0,-0.93,0.0,0.0,13.49,0.0,0.0,-15.72,0.0,-0.0048757778,,3264.75042,0.168487447,205.451109,0.000969858156,9.56681663,99.67692,0.330971622,83.7449594,99.99998999999998,100.0,False
2026-05-26 15:00:00,-0.257,,97.3,94.1,100.0,145.37,145.37,,253.37991,0.0,0.0,,0.0,0.0,-4.0,-188.2,0.0,0.0,7.0,6,21,0.0,1.84,0.0,0.0,2.17,0.0,0.0,3.93,0.0,0.0,0.13,0.0,0.0,14.23,0.0,0.0,-8.6,0.0,-0.1310257489,,3329.23748,0.171808207,205.454606,0.00100277075,9.89147103,99.67692,0.337509147,83.7448843,99.99998999999998,100.0,False
2026-05-26 15:30:00,-0.022,,97.3,95.59,100.12,150.0,150.0,,296.7,0.0,0.0,,0.0,0.0,-4.0,-191.18,0.0,0.0,7.0,6,21,0.0,1.84,0.0,0.0,2.17,0.0,0.0,3.93,0.0,0.0,0.13,0.0,0.0,14.23,0.0,0.0,-8.6,0.0,-0.47508069446666673,,3564.7296,0.183848807,205.466671,0.00101850957,10.046721,99.67692,0.361382705,83.7342185,99.99998999999998,100.0,False
2026-05-26 16:00:00,0.0,,103.8,94.7,102.01,158.95,158.95,,0.0,0.0,0.0,,0.0,0.0,0.0,0.0,0.0,0.0,7.0,6,21,0.0,1.84,0.0,0.0,2.17,0.0,0.0,3.93,0.0,0.0,0.13,0.0,0.0,14.23,0.0,0.0,-8.6,0.0,-0.04924486086666666,,3586.52546,0.185096886,205.468039,0.0010367134,10.2262861,99.67692,0.363592311,83.733797,99.99998999999998,100.0,False
2026-05-26 16:30:00,0.008,,103.8,94.55,98.8,150.0,150.0,,0.0,1.2,0.0,,0.0,0.0,0.0,0.0,0.0,0.0,7.0,6,21,0.0,1.84,0.0,0.0,2.17,0.0,0.0,3.93,0.0,0.0,0.13,0.0,0.0,14.23,0.0,0.0,-8.6,0.0,-0.004904972233333333,,3586.52546,0.185221198,205.468191,0.00109147099,10.7664227,99.67692,0.363592311,83.7335368,99.99998999999998,100.0,False
2026-05-26 17:00:00,0.395,,111.0,106.0,111.51,150.0,150.0,,-0.7500000000000007,0.0,0.0,,0.0,0.0,0.8,42.400000000000006,0.0,0.0,7.0,6,21,0.0,1.84,0.0,0.0,2.17,0.0,0.0,3.93,0.0,0.0,0.13,0.0,0.0,14.23,0.0,0.0,-8.6,0.0,0.018885110599999998,,3586.52546,0.185863676,205.469103,0.00238117715,23.4882648,99.67692,0.363592311,83.7336415,99.99998999999998,100.0,False
2026-05-26 17:30:00,0.054,,111.0,111.56,123.0,86.05,86.05,,0.0,4.6467,0.0,,0.8,49.2,-0.8,-44.624,0.0,0.0,7.0,6,21,0.0,1.84,0.0,0.0,2.17,0.0,0.0,3.93,0.0,0.0,0.13,0.0,0.0,14.23,0.0,0.0,-8.6,0.0,0.76740385,,3586.52546,0.205313011,205.488567,0.0417719593,412.044455,99.67692,0.363592311,83.7484517,99.99998999999998,100.0,False
2026-05-26 18:00:00,1.161,,131.4,142.63,140.0,144.66,144.66,,-222.63174,0.0,0.0,,5.4,378.0,0.0,0.0,0.0,0.0,7.0,6,21,0.0,1.84,0.0,0.0,2.17,0.0,0.0,3.93,0.0,0.0,0.13,0.0,0.0,14.23,0.0,0.0,-8.6,0.0,0.1300430855,,3586.52546,0.208774184,205.492319,0.0488043254,481.412698,99.67692,0.363592311,83.7510547,99.99998999999998,100.0,False
2026-05-26 18:30:00,2.669,,131.4,140.0,144.16,166.9,166.9,,-71.93390000000001,0.0,0.0,,6.2,446.896,0.0,0.0,0.0,0.0,7.0,6,21,0.0,1.84,0.0,0.0,2.17,0.0,0.0,3.93,0.0,0.0,0.13,0.0,0.0,14.23,0.0,0.0,-8.6,0.0,2.2933616766666667,,3586.52546,0.268025261,205.558062,0.165890493,1636.36705,99.67692,0.363592311,83.8018709,99.99998999999998,100.0,False
2026-05-26 19:00:00,0.0,,150.88,137.0,135.0,165.0,165.0,,0.0,0.0,0.0,,0.0,0.0,0.0,0.0,0.0,0.0,7.0,7.39,25.865,0.0,3.45,0.0,0.0,0.96,0.0,0.0,8.48,0.0,0.0,-3.25,0.0,0.0,23.82,0.0,0.0,-16.36,0.0,5.2043745,,3586.52546,0.399926635,205.690815,0.431242503,4253.83642,99.67692,0.363592311,83.8979751,99.99998999999998,100.0,False
2026-05-26 19:30:00,0.0,,150.88,139.0,136.0,165.0,165.0,,0.0,0.0,0.0,,0.0,0.0,0.0,0.0,0.0,0.0,7.0,7.39,25.865,0.0,3.45,0.0,0.0,0.96,0.0,0.0,8.48,0.0,0.0,-3.25,0.0,0.0,23.82,0.0,0.0,-16.36,0.0,-0.005016083333333333,,3586.52546,0.400053764,205.691018,0.431296851,4254.37252,99.67692,0.363592311,83.9163161,99.99998999999998,100.0,False
2026-05-26 20:00:00,0.0,,145.0,136.39,141.0,141.0,141.0,,0.0,0.0,0.0,,0.0,0.0,0.0,0.0,0.0,0.0,7.0,7.39,25.865,0.0,3.45,0.0,0.0,0.96,0.0,0.0,8.48,0.0,0.0,-3.25,0.0,0.0,23.82,0.0,0.0,-16.36,0.0,-0.005022250033333334,,3586.52546,0.40018105,205.691221,0.431353239,4254.92874,99.67692,0.363592311,83.9163481,99.99998999999998,100.0,False
2026-05-26 20:30:00,0.0,,145.0,136.3,140.0,117.1,117.1,,0.0,0.0,0.0,,0.0,0.0,0.0,0.0,0.0,0.0,7.0,7.39,25.865,0.0,3.45,0.0,0.0,0.96,0.0,0.0,8.48,0.0,0.0,-3.25,0.0,0.0,23.82,0.0,0.0,-16.36,0.0,-0.0050191945,,3586.52546,0.400308258,205.691474,0.431405173,4255.44102,99.67692,0.363592311,83.9163556,99.99998999999998,100.0,False
2026-05-26 21:00:00,0.0,,130.0,131.7,131.1,141.0,141.0,,0.0,0.0,0.0,,0.0,0.0,0.0,0.0,0.0,0.0,7.0,7.39,25.865,0.0,3.45,0.0,0.0,0.96,0.0,0.0,8.48,0.0,0.0,-3.25,0.0,0.0,23.82,0.0,0.0,-16.36,0.0,-0.005070833366666667,,3586.52546,0.400436775,205.691626,0.431452903,4255.91184,99.67692,0.363592311,83.9163423,99.99998999999998,100.0,False
2026-05-26 21:30:00,0.0,,130.0,124.97,128.9,141.0,141.0,,0.0,0.0,0.0,,0.0,0.0,0.0,0.0,0.0,0.0,7.0,7.39,25.865,0.0,3.45,0.0,0.0,0.96,0.0,0.0,8.48,0.0,0.0,-3.25,0.0,0.0,23.82,0.0,0.0,-16.36,0.0,-0.005029611066666667,,3586.52546,0.400564247,205.691829,0.431503331,4256.40927,99.67692,0.363592311,83.9163515,99.99998999999998,100.0,False
2026-05-26 22:00:00,-0.018,,113.8,112.0,116.8,141.0,141.0,,0.0,-2.538,0.0,,0.0,0.0,0.0,0.0,0.0,0.0,7.0,7.39,25.865,0.0,3.45,0.0,0.0,0.96,0.0,0.0,8.48,0.0,0.0,-3.25,0.0,0.0,23.82,0.0,0.0,-16.36,0.0,-0.0050697222000000005,,3586.52546,0.400692735,205.692082,0.43154279,4256.7985,99.67692,0.363592311,83.9163088,99.96580166666666,100.0,False
2026-05-26 22:30:00,-0.892,,113.8,117.4,113.8,141.0,141.0,,1.128000000000001,0.0,0.0,,0.0,0.0,-1.8,-105.66000000000001,0.0,0.0,7.0,7.39,25.865,0.0,3.45,0.0,0.0,0.96,0.0,0.0,8.48,0.0,0.0,-3.25,0.0,0.0,23.82,0.0,0.0,-16.36,0.0,-0.05866755563333333,,3613.79086,0.402179626,205.693756,0.43157347,4257.10113,99.67692,0.366356404,83.9161907,99.99998999999998,100.0,False
2026-05-26 23:00:00,0.0,,120.44,109.99,115.0,167.6,167.6,,0.0,0.0,0.0,,0.0,0.0,0.0,0.0,0.0,0.0,7.0,1.55,5.425,0.0,1.85,0.0,0.0,-0.42,0.0,0.0,7.7,0.0,0.0,-3.34,0.0,0.0,17.67,0.0,0.0,-15.11,0.0,-1.7571034333333333,,4490.05431,0.446712232,205.738463,0.43157347,4257.10113,99.67692,0.455189637,83.8881981,99.99998999999998,100.0,False
2026-05-26 23:30:00,0.0,,120.44,109.97,113.0,167.6,167.6,,0.0,0.0,0.0,,0.0,0.0,0.0,0.0,0.0,0.0,7.0,1.55,5.425,0.0,1.85,0.0,0.0,-0.42,0.0,0.0,7.7,0.0,0.0,-3.34,0.0,0.0,17.67,0.0,0.0,-15.11,0.0,-0.005006444433333333,,4490.05431,0.446839116,205.738716,0.431607543,4257.43723,99.67692,0.455189637,83.8836065,99.99998999999998,100.0,False
2026-05-27 00:00:00,0.0,,108.7,112.51,109.0,90.94,90.94,,0.0,0.0,0.0,,0.0,0.0,0.0,0.0,0.0,0.0,7.0,1.55,5.425,0.0,1.85,0.0,0.0,-0.42,0.0,0.0,7.7,0.0,0.0,-3.34,0.0,0.0,17.67,0.0,0.0,-15.11,0.0,-0.0049809166,,4490.05431,0.446965354,205.738919,0.43164592,4257.81579,99.67692,0.455189637,83.883501,99.99998999999998,100.0,False
2026-05-27 00:30:00,0.0,,108.7,109.1,109.0,87.25,87.25,,0.0,0.0,0.0,,0.0,0.0,0.0,0.0,0.0,0.0,7.0,1.55,5.425,0.0,1.85,0.0,0.0,-0.42,0.0,0.0,7.7,0.0,0.0,-3.34,0.0,0.0,17.67,0.0,0.0,-15.11,0.0,-0.005014749966666667,,0.0,0.000127095469,205.739071,3.37658894e-05,0.33307146,99.67692,0.0,83.8834099,99.99998999999998,100.0,False
2026-05-27 01:00:00,0.0,,102.16,101.1,101.0,91.52,91.52,,0.0,0.0,0.0,,0.0,0.0,0.0,0.0,0.0,0.0,7.0,1.55,5.425,0.0,1.85,0.0,0.0,-0.42,0.0,0.0,7.7,0.0,0.0,-3.34,0.0,0.0,17.67,0.0,0.0,-15.11,0.0,-0.004987694399999999,,0.0,0.000253505231,205.739375,6.1185096e-05,0.603538353,99.67692,0.0,83.8833639,99.99998999999998,100.0,False
2026-05-27 01:30:00,0.0,,102.16,102.2,100.0,90.58,90.58,,0.0,0.0,0.0,,0.0,0.0,0.0,0.0,0.0,0.0,7.0,1.55,5.425,0.0,1.85,0.0,0.0,-0.42,0.0,0.0,7.7,0.0,0.0,-3.34,0.0,0.0,17.67,0.0,0.0,-15.11,0.0,-0.005033444433333333,,0.0,0.000381074498,205.739578,9.72914672e-05,0.959696653,99.67692,0.0,83.8833416,99.99998999999998,100.0,False
2026-05-27 02:00:00,0.0,,99.93,101.37,100.41,108.53,108.53,,0.0,0.0,0.0,,0.0,0.0,0.0,0.0,0.0,0.0,7.0,1.55,5.425,0.0,1.85,0.0,0.0,-0.42,0.0,0.0,7.7,0.0,0.0,-3.34,0.0,0.0,17.67,0.0,0.0,-15.11,0.0,-0.0050278889,,0.0,0.00050850296,205.73978,0.000130932301,1.29153455,99.67692,0.0,83.8833371,99.99998999999998,100.0,False
2026-05-27 02:30:00,0.0,,99.93,98.89,98.63,87.25,87.25,,0.0,0.0,0.0,,0.0,0.0,0.0,0.0,0.0,0.0,7.0,1.55,5.425,0.0,1.85,0.0,0.0,-0.42,0.0,0.0,7.7,0.0,0.0,-3.34,0.0,0.0,17.67,0.0,0.0,-15.11,0.0,-0.0050356389,,0.0,0.00063612785,205.739983,0.000163465755,1.61244909,99.67692,0.0,83.883284,99.99998999999998,100.0,False
2026-05-27 03:00:00,0.0,,98.54,97.63,97.83,130.0,130.0,,0.0,0.0,0.0,,0.0,0.0,0.0,0.0,0.0,0.0,7.0,1.97,6.895,0.0,0.54,0.0,0.0,1.0,0.0,0.0,4.46,0.0,0.0,-1.43,0.0,0.0,16.89,0.0,0.0,-11.05,0.0,-0.0050390277666666665,,0.0,0.00076383862,205.740237,0.000188202453,1.85645534,99.67692,0.0,83.883232,99.99998999999998,100.0,False
2026-05-27 03:30:00,0.0,,98.54,96.0,97.0,88.0,88.0,,0.0,0.0,0.0,,0.0,0.0,0.0,0.0,0.0,0.0,7.0,1.97,6.895,0.0,0.54,0.0,0.0,1.0,0.0,0.0,4.46,0.0,0.0,-1.43,0.0,0.0,16.89,0.0,0.0,-11.05,0.0,-0.004998861100000001,,0.0,0.000890531395,205.740541,0.000219013532,2.16038014,99.67692,0.0,83.8832015,99.99998999999998,100.0,False
2026-05-27 04:00:00,0.0,,98.39,102.37,104.28,87.1,87.1,,0.0,0.0,0.0,,0.0,0.0,0.0,0.0,0.0,0.0,7.0,1.97,6.895,0.0,0.54,0.0,0.0,1.0,0.0,0.0,4.46,0.0,0.0,-1.43,0.0,0.0,16.89,0.0,0.0,-11.05,0.0,-0.004996805533333333,,0.0,0.00101717207,205.740693,0.000247603781,2.44239836,99.67692,0.0,83.8831919,99.99998999999998,100.0,False
2026-05-27 04:30:00,0.0,,98.39,101.36,100.72,129.9,129.9,,0.0,0.0,0.0,,0.0,0.0,0.0,0.0,0.0,0.0,7.0,1.97,6.895,0.0,0.54,0.0,0.0,1.0,0.0,0.0,4.46,0.0,0.0,-1.43,0.0,0.0,16.89,0.0,0.0,-11.05,0.0,-0.005016638833333333,,0.0,0.00114431541,205.740947,0.00027377888,2.7005932,99.67692,0.0,83.883148,99.99998999999998,100.0,False
2026-05-27 05:00:00,0.0,,106.0,103.47,105.2,129.9,129.9,,0.0,0.0,0.0,,0.0,0.0,0.0,0.0,0.0,0.0,7.0,1.97,6.895,0.0,0.54,0.0,0.0,1.0,0.0,0.0,4.46,0.0,0.0,-1.43,0.0,0.0,16.89,0.0,0.0,-11.05,0.0,-0.005059805499999999,,0.0,0.00127255279,205.741099,0.000304871983,3.00729992,99.67692,0.0,83.8830893,99.99998999999998,100.0,False
2026-05-27 05:30:00,0.0,,106.0,106.52,106.06,142.0,142.0,,0.0,0.0,0.0,,0.0,0.0,0.0,0.0,0.0,0.0,7.0,1.97,6.895,0.0,0.54,0.0,0.0,1.0,0.0,0.0,4.46,0.0,0.0,-1.43,0.0,0.0,16.89,0.0,0.0,-11.05,0.0,-0.005069361133333333,,0.0,0.00140103233,205.741453,0.000338353062,3.33756197,99.67692,0.0,83.8830363,99.99998999999998,100.0,False
2026-05-27 06:00:00,0.0,,115.36,106.97,107.1,139.49,139.49,,0.0,0.0,0.0,,0.0,0.0,0.0,0.0,0.0,0.0,7.0,1.97,6.895,0.0,0.54,0.0,0.0,1.0,0.0,0.0,4.46,0.0,0.0,-1.43,0.0,0.0,16.89,0.0,0.0,-11.05,0.0,-0.004969861133333334,,0.0,0.00152699013,205.741605,0.000370923776,3.65884406,99.67692,0.0,83.8830217,99.99998999999998,100.0,False
2026-05-27 06:30:00,0.0,,115.36,115.48,120.9,139.4,139.4,,0.0,0.0,0.0,,0.0,0.0,0.0,0.0,0.0,0.0,7.0,1.97,6.895,0.0,0.54,0.0,0.0,1.0,0.0,0.0,4.46,0.0,0.0,-1.43,0.0,0.0,16.89,0.0,0.0,-11.05,0.0,-0.004973722233333334,,0.0,0.00165304578,205.741808,0.000401955981,3.96495007,99.67692,0.0,83.8830023,99.99998999999998,100.0,False
2026-05-27 07:00:00,0.0,,122.6,118.0,110.3,135.0,135.0,,0.0,0.0,0.0,,0.0,0.0,0.0,0.0,0.0,0.0,7.0,5.8,20.3,0.0,1.92,0.0,0.0,0.22,0.0,0.0,5.96,0.0,0.0,-3.58,0.0,0.0,14.92,0.0,0.0,-12.35,0.0,-0.004965361133333333,,0.0,0.00177888952,205.742062,0.000438186059,4.32232863,99.67692,0.0,83.8830132,99.99998999999998,100.0,False
2026-05-27 07:30:00,0.0,,122.6,118.0,115.9,87.1,87.1,,0.0,0.0,0.0,,0.0,0.0,0.0,0.0,0.0,0.0,7.0,5.8,20.3,0.0,1.92,0.0,0.0,0.22,0.0,0.0,5.96,0.0,0.0,-3.58,0.0,0.0,14.92,0.0,0.0,-12.35,0.0,-0.0050024444,,0.0,0.00190567311,205.742213,0.000479028281,4.72520203,99.67692,0.0,83.8830578,99.99998999999998,100.0,False
2026-05-27 08:00:00,0.0,,120.84,117.18,116.3,87.1,87.1,,0.0,0.0,0.0,,0.0,0.0,0.0,0.0,0.0,0.0,7.0,5.8,20.3,0.0,1.92,0.0,0.0,0.22,0.0,0.0,5.96,0.0,0.0,-3.58,0.0,0.0,14.92,0.0,0.0,-12.35,0.0,-0.004950583333333333,,0.0,0.00203114232,205.742569,0.000509859976,5.02933018,99.67692,0.0,83.8830868,99.99998999999998,100.0,False
2026-05-27 08:30:00,0.0,,120.84,116.65,115.9,87.1,87.1,,0.0,0.0,0.0,,0.0,0.0,0.0,0.0,0.0,0.0,7.0,5.8,20.3,0.0,1.92,0.0,0.0,0.22,0.0,0.0,5.96,0.0,0.0,-3.58,0.0,0.0,14.92,0.0,0.0,-12.35,0.0,-0.0049496389333333335,,0.0,0.00215658759,205.742721,0.00054822688,5.4077867,99.67692,0.0,83.8831233,99.99998999999998,100.0,False
2026-05-27 09:00:00,0.0,,111.44,110.77,110.31,87.1,87.1,,0.0,0.0,0.0,,0.0,0.0,0.0,0.0,0.0,0.0,7.0,5.8,20.3,0.0,1.92,0.0,0.0,0.22,0.0,0.0,5.96,0.0,0.0,-3.58,0.0,0.0,14.92,0.0,0.0,-12.35,0.0,-0.0049945555,,0.0,0.00228317124,205.742924,0.000589502774,5.81493789,99.67692,0.0,83.8831255,99.99998999999998,100.0,False
2026-05-27 09:30:00,0.0,,111.44,105.86,102.0,85.5,85.5,,0.0,0.0,0.0,,0.0,0.0,0.0,0.0,0.0,0.0,7.0,5.8,20.3,0.0,1.92,0.0,0.0,0.22,0.0,0.0,5.96,0.0,0.0,-3.58,0.0,0.0,14.92,0.0,0.0,-12.35,0.0,-0.0049710277,,0.0,0.0024091586,205.743076,0.000641429624,6.32715161,99.67692,0.0,83.8831244,99.99998999999998,100.0,False
2026-05-27 10:00:00,0.0,,101.22,103.0,99.6,85.67,85.67,,0.0,0.0,0.0,,0.0,0.0,0.0,0.0,0.0,0.0,7.0,5.8,20.3,0.0,1.92,0.0,0.0,0.22,0.0,0.0,5.96,0.0,0.0,-3.58,0.0,0.0,14.92,0.0,0.0,-12.35,0.0,-0.004963083266666667,,0.0,0.00253494461,205.743329,0.000693788568,6.84362757,99.67692,0.0,83.8831334,99.99998999999998,100.0,False
2026-05-27 10:30:00,0.0,,101.22,100.0,99.0,135.0,135.0,,0.0,0.0,0.0,,0.0,0.0,0.0,0.0,0.0,0.0,7.0,5.8,20.3,0.0,1.92,0.0,0.0,0.22,0.0,0.0,5.96,0.0,0.0,-3.58,0.0,0.0,14.92,0.0,0.0,-12.35,0.0,-0.0049445833,,0.0,0.00266026175,205.743583,0.0007437197,7.33615524,99.67692,0.0,83.8831302,99.99998999999998,100.0,False
2026-05-27 11:00:00,0.0,,98.2,98.5,99.6,77.0,77.0,,0.0,0.0,0.0,,0.0,0.0,0.0,0.0,0.0,0.0,7.0,2.57,8.995,0.0,1.32,0.0,0.0,1.4,0.0,0.0,4.84,0.0,0.0,-0.66,0.0,0.0,12.72,0.0,0.0,-10.17,0.0,-0.005214166633333333,,0.0236044533,0.0027924113,205.743785,0.000769360864,7.58908327,99.67692,2.39295603e-06,83.883122,99.99998999999998,100.0,False
2026-05-27 11:30:00,0.0,,98.2,93.84,94.4,135.0,135.0,,0.0,0.0,0.0,,0.0,0.0,0.0,0.0,0.0,0.0,7.0,2.57,8.995,0.0,1.32,0.0,0.0,1.4,0.0,0.0,4.84,0.0,0.0,-0.66,0.0,0.0,12.72,0.0,0.0,-10.17,0.0,-0.005126055533333333,,0.0236044533,0.00292232773,205.744038,0.000800943641,7.90062021,99.67692,2.39295603e-06,83.8831324,99.99998999999998,100.0,False
2026-05-27 12:00:00,0.0,,93.2,95.47,98.0,112.0,112.0,,0.0,0.0,0.0,,0.0,0.0,0.0,0.0,0.0,0.0,7.0,2.57,8.995,0.0,1.32,0.0,0.0,1.4,0.0,0.0,4.84,0.0,0.0,-0.66,0.0,0.0,12.72,0.0,0.0,-10.17,0.0,-0.007389583333333334,,0.932668637,0.00310961176,205.744343,0.000818242405,8.07125764,99.67692,9.45514396e-05,83.8830896,99.99998999999998,100.0,False
2026-05-27 12:30:00,-0.041,,93.2,93.14,93.16,75.1,75.1,,0.0,-3.0791,0.0,,0.0,0.0,0.0,0.0,0.0,0.0,7.0,2.57,8.995,0.0,1.32,0.0,0.0,1.4,0.0,0.0,4.84,0.0,0.0,-0.66,0.0,0.0,12.72,0.0,0.0,-10.17,0.0,-0.005752055533333334,,1.16080527,0.00325539374,205.744546,0.00085120232,8.39637885,99.67692,0.000117679318,83.8830669,99.99998999999998,100.0,False
2026-05-27 13:00:00,-1.996,,90.5,91.43,92.36,70.0,70.0,,0.28000000000000025,0.0,0.0,,0.0,0.0,-4.0,-182.86,0.0,0.0,7.0,2.57,8.995,0.0,1.32,0.0,0.0,1.4,0.0,0.0,4.84,0.0,0.0,-0.66,0.0,0.0,12.72,0.0,0.0,-10.17,0.0,-0.12407224886666664,,62.0445936,0.00639992155,205.747993,0.000886644712,8.74598757,99.67692,0.00628991413,83.8829687,99.99998999999998,100.0,False
2026-05-27 13:30:00,-0.057,,90.5,92.56,90.48,70.0,70.0,,0.0,-3.99,0.0,,0.0,0.0,0.0,0.0,0.0,0.0,7.0,2.57,8.995,0.0,1.32,0.0,0.0,1.4,0.0,0.0,4.84,0.0,0.0,-0.66,0.0,0.0,12.72,0.0,0.0,-10.17,0.0,-3.8487853,,1998.60871,0.103944799,205.845821,0.000886644712,8.74598757,99.67692,0.202613579,83.8212718,99.99998999999998,100.0,False
2026-05-27 14:00:00,-2.04,,89.0,92.75,92.16,63.8,63.8,,-2.5520000000000023,0.0,0.0,,-4.0,-184.32,0.0,0.0,0.0,0.0,7.0,2.57,8.995,0.0,1.32,0.0,0.0,1.4,0.0,0.0,4.84,0.0,0.0,-0.66,0.0,0.0,12.72,0.0,0.0,-10.17,0.0,-0.15433772113333333,,2074.34907,0.107856385,205.849826,0.000886644712,8.74598757,99.67692,0.210291933,83.810652,99.99998999999998,100.0,False
2026-05-27 14:30:00,-0.342,,89.0,90.6,91.8,64.5,64.5,,106.94099999999999,0.0,0.0,,0.0,0.0,-4.0,-181.2,0.0,0.0,7.0,2.57,8.995,0.0,1.32,0.0,0.0,1.4,0.0,0.0,4.84,0.0,0.0,-0.66,0.0,0.0,12.72,0.0,0.0,-10.17,0.0,-3.975993433333333,,4076.855,0.208625266,205.950899,0.000886644712,8.74598757,99.67692,0.413300602,83.7486798,99.99998999999998,100.0,False
2026-05-27 15:00:00,-0.007,,88.1,92.57,91.2,64.5,64.5,,2.7735000000000003,0.0,0.0,,0.0,0.0,-0.1,-4.6285,0.0,0.0,7.0,5.85,20.474999999999998,0.0,1.77,0.0,0.0,1.67,0.0,0.0,8.11,0.0,0.0,0.16,0.0,0.0,16.51,0.0,0.0,-5.3,0.0,-0.6329479966,,4391.90449,0.224666908,205.967018,0.000903285851,8.91013809,99.67692,0.445239472,83.7253333,99.99998999999998,100.0,False
2026-05-27 15:30:00,0.0,,88.1,91.33,91.85,64.5,64.5,,0.0,0.0,0.0,,0.0,0.0,0.0,0.0,0.0,0.0,7.0,5.85,20.474999999999998,0.0,1.77,0.0,0.0,1.67,0.0,0.0,8.11,0.0,0.0,0.16,0.0,0.0,16.51,0.0,0.0,-5.3,0.0,-0.020596222233333333,,4399.45183,0.225188906,205.967626,0.000919184982,9.06696935,99.67692,0.446004602,83.7250633,99.99998999999998,100.0,False
2026-05-27 16:00:00,0.0,,93.0,91.39,91.0,65.0,65.0,,0.0,0.0,0.0,,0.0,0.0,0.0,0.0,0.0,0.0,7.0,5.85,20.474999999999998,0.0,1.77,0.0,0.0,1.67,0.0,0.0,8.11,0.0,0.0,0.16,0.0,0.0,16.51,0.0,0.0,-5.3,0.0,-0.004968388866666667,,4399.45183,0.225314826,205.96793,0.000966803208,9.5366822,99.67692,0.446004602,83.7250688,99.99998999999998,100.0,False
2026-05-27 16:30:00,0.0,,93.0,92.23,92.93,60.1,60.1,,0.0,0.0,0.0,,0.0,0.0,0.0,0.0,0.0,0.0,7.0,5.85,20.474999999999998,0.0,1.77,0.0,0.0,1.67,0.0,0.0,8.11,0.0,0.0,0.16,0.0,0.0,16.51,0.0,0.0,-5.3,0.0,-0.0049164722333333325,,4399.45183,0.225439431,205.968082,0.00101451345,10.0073027,99.67692,0.446004602,83.7250779,99.99998999999998,100.0,False
2026-05-27 17:00:00,0.034,,100.0,101.11,99.55,60.1,60.1,,0.0,2.0434,0.0,,0.0,0.0,0.0,0.0,0.0,0.0,7.0,5.85,20.474999999999998,0.0,1.77,0.0,0.0,1.67,0.0,0.0,8.11,0.0,0.0,0.16,0.0,0.0,16.51,0.0,0.0,-5.3,0.0,-0.004940972233333333,,4399.45183,0.225564656,205.968285,0.00105638423,10.4203219,99.67692,0.446004602,83.7250782,99.99998999999998,100.0,False
2026-05-27 17:30:00,2.037,,100.0,97.0,97.8,67.61,67.61,,-14.400930000000006,0.0,0.0,,0.0,0.0,4.5,218.25,0.0,0.0,7.0,5.85,20.474999999999998,0.0,1.77,0.0,0.0,1.67,0.0,0.0,8.11,0.0,0.0,0.16,0.0,0.0,16.51,0.0,0.0,-5.3,0.0,0.09158113890000001,,4399.45183,0.228048692,205.970972,0.00597743995,58.9623045,99.67692,0.446004602,83.7251507,99.99998999999998,100.0,False
2026-05-27 18:00:00,2.37,,115.9,114.42,115.0,71.0,71.0,,-19.879999999999985,0.0,0.0,,5.3,304.75,0.0,0.0,0.0,0.0,7.0,5.85,20.474999999999998,0.0,1.77,0.0,0.0,1.67,0.0,0.0,8.11,0.0,0.0,0.16,0.0,0.0,16.51,0.0,0.0,-5.3,0.0,3.9821765666666664,,4399.45183,0.328974281,206.072451,0.208470137,2056.37862,99.67692,0.446004602,83.7974194,99.99998999999998,100.0,False
2026-05-27 18:30:00,1.355,,115.9,122.5,116.92,139.48,139.48,,0.697400000000016,0.0,0.0,,6.1,356.606,-3.4,-208.25,0.0,0.0,7.0,5.85,20.474999999999998,0.0,1.77,0.0,0.0,1.67,0.0,0.0,8.11,0.0,0.0,0.16,0.0,0.0,16.51,0.0,0.0,-5.3,0.0,4.615359033333333,,4399.45183,0.445947455,206.190707,0.443342253,4373.19005,99.67692,0.446004602,83.8964828,99.99998999999998,100.0,False
2026-05-27 19:00:00,0.0,,128.6,130.0,126.55,139.48,139.48,,0.0,0.0,0.0,,0.0,0.0,0.0,0.0,0.0,0.0,7.0,6.85,23.974999999999998,0.0,4.0,0.0,0.0,0.19,0.0,0.0,6.85,0.0,0.0,-3.86,0.0,0.0,35.96,0.0,0.0,-7.85,0.0,2.624526,,4399.45183,0.512464302,206.257464,0.576481304,5686.49229,99.67692,0.446004602,83.9601874,99.99998999999998,100.0,False
2026-05-27 19:30:00,0.0,,128.6,130.0,124.8,139.48,139.48,,0.0,0.0,0.0,,0.0,0.0,0.0,0.0,0.0,0.0,7.0,6.85,23.974999999999998,0.0,4.0,0.0,0.0,0.19,0.0,0.0,6.85,0.0,0.0,-3.86,0.0,0.0,35.96,0.0,0.0,-7.85,0.0,-0.004957444366666667,,4399.45183,0.512589946,206.257717,0.576527635,5686.94931,99.67692,0.446004602,83.9681507,99.99998999999998,100.0,False
2026-05-27 20:00:00,0.0,,128.0,129.35,126.4,139.48,139.48,,0.0,0.0,0.0,,0.0,0.0,0.0,0.0,0.0,0.0,7.0,6.85,23.974999999999998,0.0,4.0,0.0,0.0,0.19,0.0,0.0,6.85,0.0,0.0,-3.86,0.0,0.0,35.96,0.0,0.0,-7.85,0.0,-0.004996305533333333,,4399.45183,0.512716574,206.25792,0.576565946,5687.32721,99.67692,0.446004602,83.9681371,99.99998999999998,100.0,False
2026-05-27 20:30:00,0.0,,128.0,129.0,125.1,139.48,139.48,,0.0,0.0,0.0,,0.0,0.0,0.0,0.0,0.0,0.0,7.0,6.85,23.974999999999998,0.0,4.0,0.0,0.0,0.19,0.0,0.0,6.85,0.0,0.0,-3.86,0.0,0.0,35.96,0.0,0.0,-7.85,0.0,-0.005041777766666667,,4399.45183,0.512844354,206.258173,0.576612256,5687.78402,99.67692,0.446004602,83.9680879,99.99998999999998,100.0,False
2026-05-27 21:00:00,0.0,,122.57,131.45,128.34,110.01,110.01,,0.0,0.0,0.0,,0.0,0.0,0.0,0.0,0.0,0.0,7.0,6.85,23.974999999999998,0.0,4.0,0.0,0.0,0.19,0.0,0.0,6.85,0.0,0.0,-3.86,0.0,0.0,35.96,0.0,0.0,-7.85,0.0,-0.005023055500000001,,4399.45183,0.51297166,206.258326,0.576658338,5688.23858,99.67692,0.446004602,83.9680015,99.99998999999998,100.0,False
2026-05-27 21:30:00,0.0,,122.57,127.93,124.93,148.88,148.88,,0.0,0.0,0.0,,0.0,0.0,0.0,0.0,0.0,0.0,7.0,6.85,23.974999999999998,0.0,4.0,0.0,0.0,0.19,0.0,0.0,6.85,0.0,0.0,-3.86,0.0,0.0,35.96,0.0,0.0,-7.85,0.0,-0.005022999933333334,,4399.45183,0.513098965,206.25863,0.576700848,5688.6579,99.67692,0.446004602,83.9679079,99.99998999999998,100.0,False
2026-05-27 22:00:00,-0.018,,110.7,113.04,114.14,124.4,124.4,,0.0,-2.2392,0.0,,0.0,0.0,0.0,0.0,0.0,0.0,7.0,6.85,23.974999999999998,0.0,4.0,0.0,0.0,0.19,0.0,0.0,6.85,0.0,0.0,-3.86,0.0,0.0,35.96,0.0,0.0,-7.85,0.0,-0.0050738054999999995,,4399.45183,0.513227556,206.258782,0.576740187,5689.04595,99.67692,0.446004602,83.9678173,99.99998999999998,100.0,False
2026-05-27 22:30:00,-0.904,,110.7,112.32,107.79,121.9,121.9,,-0.4876000000000005,0.0,0.0,,0.0,0.0,-1.8,-101.088,0.0,0.0,7.0,6.85,23.974999999999998,0.0,4.0,0.0,0.0,0.19,0.0,0.0,6.85,0.0,0.0,-3.86,0.0,0.0,35.96,0.0,0.0,-7.85,0.0,-0.057030555033333326,,4425.96183,0.514672959,206.260505,0.576763399,5689.27491,99.67692,0.448692114,83.9676593,99.99998999999998,100.0,False
2026-05-27 23:00:00,0.0,,113.19,105.21,106.02,94.02,94.02,,0.0,0.0,0.0,,0.0,0.0,0.0,0.0,0.0,0.0,7.0,1.6,5.6000000000000005,0.0,1.3,0.0,0.0,0.26,0.0,0.0,5.39,0.0,0.0,-3.28,0.0,0.0,15.55,0.0,0.0,-14.63,0.0,-1.760574103333333,,5303.51416,0.559293525,206.305161,0.576763399,5689.27491,99.67692,0.537656011,83.9396957,99.99998999999998,100.0,False
2026-05-27 23:30:00,0.0,,113.19,102.78,111.87,90.48,90.48,,0.0,0.0,0.0,,0.0,0.0,0.0,0.0,0.0,0.0,7.0,1.6,5.6000000000000005,0.0,1.3,0.0,0.0,0.26,0.0,0.0,5.39,0.0,0.0,-3.28,0.0,0.0,15.55,0.0,0.0,-14.63,0.0,-0.0049408611,,5303.51416,0.559418748,206.305213,0.57679516,5689.58821,99.67692,0.537656011,83.9351035,99.99998999999998,100.0,False
2026-05-28 00:00:00,0.0,,106.49,105.26,108.0,89.92,89.92,,0.0,0.0,0.0,,0.0,0.0,0.0,0.0,0.0,0.0,7.0,1.6,5.6000000000000005,0.0,1.3,0.0,0.0,0.26,0.0,0.0,5.39,0.0,0.0,-3.28,0.0,0.0,15.55,0.0,0.0,-14.63,0.0,-0.0049699721,,5303.51416,0.55954471,206.305669,0.576826939,5689.90168,99.67692,0.537656011,83.9350124,99.99998999999998,100.0,False
2026-05-28 00:30:00,0.0,,106.49,101.1,102.07,89.92,89.92,,0.0,0.0,0.0,,0.0,0.0,0.0,0.0,0.0,0.0,7.0,1.6,5.6000000000000005,0.0,1.3,0.0,0.0,0.26,0.0,0.0,5.39,0.0,0.0,-3.28,0.0,0.0,15.55,0.0,0.0,-14.63,0.0,-0.004981722233333334,,0.0,0.000126258402,206.305821,3.91543637e-05,0.386224125,99.67692,0.0,83.934925,99.99998999999998,100.0,False
2026-05-28 01:00:00,0.0,,98.75,99.4,100.11,101.58,101.58,,0.0,0.0,0.0,,0.0,0.0,0.0,0.0,0.0,0.0,7.0,1.6,5.6000000000000005,0.0,1.3,0.0,0.0,0.26,0.0,0.0,5.39,0.0,0.0,-3.28,0.0,0.0,15.55,0.0,0.0,-14.63,0.0,-0.005039666733333333,,0.0,0.00025398537,206.306075,7.7925238e-05,0.768665457,99.67692,0.0,83.934846,99.99998999999998,100.0,False
2026-05-28 01:30:00,0.0,,98.75,98.59,98.8,83.1,83.1,,0.0,0.0,0.0,,0.0,0.0,0.0,0.0,0.0,0.0,7.0,1.6,5.6000000000000005,0.0,1.3,0.0,0.0,0.26,0.0,0.0,5.39,0.0,0.0,-3.28,0.0,0.0,15.55,0.0,0.0,-14.63,0.0,-0.004995861033333333,,0.0,0.000380602111,206.306277,0.000116824302,1.15237127,99.67692,0.0,83.9347534,99.99998999999998,100.0,False
2026-05-28 02:00:00,0.0,,97.41,99.1,102.05,81.6,81.6,,0.0,0.0,0.0,,0.0,0.0,0.0,0.0,0.0,0.0,7.0,1.6,5.6000000000000005,0.0,1.3,0.0,0.0,0.26,0.0,0.0,5.39,0.0,0.0,-3.28,0.0,0.0,15.55,0.0,0.0,-14.63,0.0,-0.0049726667,,0.0,0.000506631005,206.306429,0.000151770252,1.49708301,99.67692,0.0,83.9346822,99.99998999999998,100.0,False
2026-05-28 02:30:00,0.0,,97.41,97.11,100.11,78.09,78.09,,0.0,0.0,0.0,,0.0,0.0,0.0,0.0,0.0,0.0,7.0,1.6,5.6000000000000005,0.0,1.3,0.0,0.0,0.26,0.0,0.0,5.39,0.0,0.0,-3.28,0.0,0.0,15.55,0.0,0.0,-14.63,0.0,-0.0050071111,,0.0,0.000633532875,206.306733,0.00018922105,1.86650293,99.67692,0.0,83.9345766,99.99998999999998,100.0,False
2026-05-28 03:00:00,0.0,,97.13,95.76,94.05,78.09,78.09,,0.0,0.0,0.0,,0.0,0.0,0.0,0.0,0.0,0.0,7.0,1.98,6.93,0.0,1.15,0.0,0.0,0.86,0.0,0.0,5.59,0.0,0.0,-1.23,0.0,0.0,15.63,0.0,0.0,-12.56,0.0,-0.005040333266666666,,0.0,0.00076127673,206.306986,0.000227939495,2.24842709,99.67692,0.0,83.9345033,99.99998999999998,100.0,False
2026-05-28 03:30:00,0.0,,97.13,95.13,92.54,78.2,78.2,,0.0,0.0,0.0,,0.0,0.0,0.0,0.0,0.0,0.0,7.0,1.98,6.93,0.0,1.15,0.0,0.0,0.86,0.0,0.0,5.59,0.0,0.0,-1.23,0.0,0.0,15.63,0.0,0.0,-12.56,0.0,-0.004988388866666666,,0.0,0.0008877041,206.307139,0.00026352854,2.59948241,99.67692,0.0,83.9344299,99.99998999999998,100.0,False
2026-05-28 04:00:00,0.0,,100.0,95.12,98.65,78.2,78.2,,0.0,0.0,0.0,,0.0,0.0,0.0,0.0,0.0,0.0,7.0,1.98,6.93,0.0,1.15,0.0,0.0,0.86,0.0,0.0,5.59,0.0,0.0,-1.23,0.0,0.0,15.63,0.0,0.0,-12.56,0.0,-0.005010999933333334,,0.0,0.00101470453,206.307392,0.00029673875,2.92707257,99.67692,0.0,83.9343437,99.99998999999998,100.0,False
2026-05-28 04:30:00,0.0,,100.0,93.69,96.62,78.2,78.2,,0.0,0.0,0.0,,0.0,0.0,0.0,0.0,0.0,0.0,7.0,1.98,6.93,0.0,1.15,0.0,0.0,0.86,0.0,0.0,5.59,0.0,0.0,-1.23,0.0,0.0,15.63,0.0,0.0,-12.56,0.0,-0.004961138933333334,,0.0,0.00114044125,206.307544,0.000329862647,3.25381133,99.67692,0.0,83.9342725,99.99998999999998,100.0,False
2026-05-28 05:00:00,0.0,,103.54,95.42,98.94,104.56,104.56,,0.0,0.0,0.0,,0.0,0.0,0.0,0.0,0.0,0.0,7.0,1.98,6.93,0.0,1.15,0.0,0.0,0.86,0.0,0.0,5.59,0.0,0.0,-1.23,0.0,0.0,15.63,0.0,0.0,-12.56,0.0,-0.0050262223333333335,,0.0,0.00126782749,206.307798,0.000365001679,3.60042766,99.67692,0.0,83.9341777,99.99998999999998,100.0,False
2026-05-28 05:30:00,0.0,,103.54,96.58,99.58,100.0,100.0,,0.0,0.0,0.0,,0.0,0.0,0.0,0.0,0.0,0.0,7.0,1.98,6.93,0.0,1.15,0.0,0.0,0.86,0.0,0.0,5.59,0.0,0.0,-1.23,0.0,0.0,15.63,0.0,0.0,-12.56,0.0,-0.004987444466666667,,0.0,0.00139423091,206.308051,0.000401921597,3.9646109,99.67692,0.0,83.9340978,99.99998999999998,100.0,False
2026-05-28 06:00:00,0.033,,111.5,109.67,110.28,98.3,98.3,,0.0,3.2439,0.0,,0.0,0.0,0.0,0.0,0.0,0.0,7.0,1.98,6.93,0.0,1.15,0.0,0.0,0.86,0.0,0.0,5.59,0.0,0.0,-1.23,0.0,0.0,15.63,0.0,0.0,-12.56,0.0,-0.0049899445,,0.0,0.0015206977,206.308203,0.000435498883,4.29582195,99.67692,0.0,83.9340322,99.99998999999998,100.0,False
2026-05-28 06:30:00,1.496,,111.5,112.58,119.0,103.77,103.77,,-0.41508000000000034,0.0,0.0,,1.9,113.05,1.1,61.919000000000004,0.0,0.0,7.0,1.98,6.93,0.0,1.15,0.0,0.0,0.86,0.0,0.0,5.59,0.0,0.0,-1.23,0.0,0.0,15.63,0.0,0.0,-12.56,0.0,0.08808424553333333,,0.0,0.00392145526,206.31089,0.0052624113,51.9091618,99.67692,0.0,83.9340714,99.99998999999998,100.0,False
2026-05-28 07:00:00,0.0,,115.2,105.1,106.0,129.0,129.0,,0.0,0.0,0.0,,0.0,0.0,0.0,0.0,0.0,0.0,7.0,5.8,20.3,0.0,2.65,0.0,0.0,0.01,0.0,0.0,6.4,0.0,0.0,-2.39,0.0,0.0,15.17,0.0,0.0,-15.02,0.0,2.913110466666667,,0.0,0.0777522825,206.384946,0.152867543,1507.90685,99.67692,0.0,83.9894215,99.99998999999998,100.0,False
2026-05-28 07:30:00,0.0,,115.2,107.0,108.5,78.91,78.91,,0.0,0.0,0.0,,0.0,0.0,0.0,0.0,0.0,0.0,7.0,5.8,20.3,0.0,2.65,0.0,0.0,0.01,0.0,0.0,6.4,0.0,0.0,-2.39,0.0,0.0,15.17,0.0,0.0,-15.02,0.0,-0.0049346945666666675,,0.0,0.077877349,206.385098,0.152920586,1508.43007,99.67692,0.0,83.9983062,99.99998999999998,100.0,False
2026-05-28 08:00:00,0.0,,113.0,106.5,113.12,74.94,74.94,,0.0,0.0,0.0,,0.0,0.0,0.0,0.0,0.0,0.0,7.0,5.8,20.3,0.0,2.65,0.0,0.0,0.01,0.0,0.0,6.4,0.0,0.0,-2.39,0.0,0.0,15.17,0.0,0.0,-15.02,0.0,-0.0049741389,,0.0,0.0780034152,206.385402,0.152972646,1508.9436,99.67692,0.0,83.9982608,99.99998999999998,100.0,False
2026-05-28 08:30:00,0.0,,113.0,104.51,105.6,51.15,51.15,,0.0,0.0,0.0,,0.0,0.0,0.0,0.0,0.0,0.0,7.0,5.8,20.3,0.0,2.65,0.0,0.0,0.01,0.0,0.0,6.4,0.0,0.0,-2.39,0.0,0.0,15.17,0.0,0.0,-15.02,0.0,-0.004946277833333333,,0.0,0.0781287753,206.385655,0.153028746,1509.49697,99.67692,0.0,83.9982406,99.99998999999998,100.0,False
2026-05-28 09:00:00,0.0,,104.54,101.34,107.5,51.1,51.1,,0.0,0.0,0.0,,0.0,0.0,0.0,0.0,0.0,0.0,7.0,5.8,20.3,0.0,2.65,0.0,0.0,0.01,0.0,0.0,6.4,0.0,0.0,-2.39,0.0,0.0,15.17,0.0,0.0,-15.02,0.0,-0.0049483056,,0.0,0.0782541868,206.385909,0.15308901,1510.09143,99.67692,0.0,83.9982976,99.99998999999998,100.0,False
2026-05-28 09:30:00,0.0,,104.54,94.61,99.0,50.83,50.83,,0.0,0.0,0.0,,0.0,0.0,0.0,0.0,0.0,0.0,7.0,5.8,20.3,0.0,2.65,0.0,0.0,0.01,0.0,0.0,6.4,0.0,0.0,-2.39,0.0,0.0,15.17,0.0,0.0,-15.02,0.0,-0.004917583333333333,,0.0,0.0783788196,206.386061,0.153142033,1510.61445,99.67692,0.0,83.9983306,99.99998999999998,100.0,False
2026-05-28 10:00:00,0.0,,90.0,84.54,86.9,27.73,27.73,,0.0,0.0,0.0,,0.0,0.0,0.0,0.0,0.0,0.0,7.0,5.8,20.3,0.0,2.65,0.0,0.0,0.01,0.0,0.0,6.4,0.0,0.0,-2.39,0.0,0.0,15.17,0.0,0.0,-15.02,0.0,-0.004898888866666667,,0.0,0.0785029787,206.386213,0.153193802,1511.12511,99.67692,0.0,83.9983609,99.99998999999998,100.0,False
2026-05-28 10:30:00,-0.01,,90.0,76.78,74.0,10.0,10.0,,0.0,-0.1,0.0,,0.0,0.0,0.0,0.0,0.0,0.0,7.0,5.8,20.3,0.0,2.65,0.0,0.0,0.01,0.0,0.0,6.4,0.0,0.0,-2.39,0.0,0.0,15.17,0.0,0.0,-15.02,0.0,-0.0048886944,,0.0,0.0786268793,206.386517,0.153238506,1511.56608,99.67692,0.0,83.998357,99.99998999999998,100.0,False
2026-05-28 11:00:00,0.0,,81.55,73.5,75.0,-14.06,-14.06,,0.0,0.0,0.0,,0.0,0.0,0.0,0.0,0.0,0.0,7.0,2.5,8.75,0.0,1.65,0.0,0.0,1.32,0.0,0.0,4.76,0.0,0.0,-0.5,0.0,0.0,11.89,0.0,0.0,-10.43,0.0,-0.0251125556,,10.011029,0.0792633402,206.387177,0.153266862,1511.84578,99.67692,0.00101489121,83.9982288,99.99998999999998,100.0,False
2026-05-28 11:30:00,0.0,,81.55,73.12,74.02,-20.0,-20.0,,0.0,0.0,0.0,,0.0,0.0,0.0,0.0,0.0,0.0,7.0,2.5,8.75,0.0,1.65,0.0,0.0,1.32,0.0,0.0,4.76,0.0,0.0,-0.5,0.0,0.0,11.89,0.0,0.0,-10.43,0.0,-0.0062634722333333335,,10.3928714,0.0794220837,206.387531,0.153289656,1512.07063,99.67692,0.00105360137,83.997984,99.99998999999998,100.0,False
2026-05-28 12:00:00,-0.026,,77.84,73.19,74.0,-25.53,-25.53,,0.0,0.66378,0.0,,0.0,0.0,0.0,0.0,0.0,0.0,7.0,2.5,8.75,0.0,1.65,0.0,0.0,1.32,0.0,0.0,4.76,0.0,0.0,-0.5,0.0,0.0,11.89,0.0,0.0,-10.43,0.0,-0.004875055566666667,,10.3928714,0.0795456387,206.387683,0.153345183,1512.61835,99.67692,0.00105360137,83.9980186,99.99998999999998,100.0,False
2026-05-28 12:30:00,-1.235,,77.84,73.12,74.0,-25.53,-25.53,,0.8935500000000036,0.0,0.0,,0.0,0.0,-2.4,-87.744,0.0,0.0,7.0,2.5,8.75,0.0,1.65,0.0,0.0,1.32,0.0,0.0,4.76,0.0,0.0,-0.5,0.0,0.0,11.89,0.0,0.0,-10.43,0.0,-0.07837477773333333,,47.7890997,0.0815319948,206.389761,0.15338442,1513.00539,99.67692,0.00484473048,83.9980071,99.99998999999998,100.0,False
2026-05-28 13:00:00,-2.022,,78.0,73.12,74.0,-27.51,-27.51,,0.6052199999999944,0.0,0.0,,-4.0,-148.0,0.0,0.0,0.0,0.0,7.0,2.5,8.75,0.0,1.65,0.0,0.0,1.32,0.0,0.0,4.76,0.0,0.0,-0.5,0.0,0.0,11.89,0.0,0.0,-10.43,0.0,-2.449331,,1275.93217,0.143608643,206.452159,0.15338442,1513.00539,99.67692,0.129350574,83.9606262,99.99998999999998,100.0,False
2026-05-28 13:30:00,-1.983,,78.0,73.0,74.0,-27.51,-27.51,,-0.46766999999999737,0.0,0.0,,-4.0,-148.0,0.0,0.0,0.0,0.0,7.0,2.5,8.75,0.0,1.65,0.0,0.0,1.32,0.0,0.0,4.76,0.0,0.0,-0.5,0.0,0.0,11.89,0.0,0.0,-10.43,0.0,-3.9708795333333335,,3276.74798,0.244247917,206.553283,0.15338442,1513.00539,99.67692,0.332187903,83.8928021,99.99998999999998,100.0,False
2026-05-28 14:00:00,-0.039,,79.34,72.7,74.0,-26.58,-26.58,,0.0,1.0366199999999999,0.0,,-4.0,-148.0,4.0,145.4,0.0,0.0,7.0,2.5,8.75,0.0,1.65,0.0,0.0,1.32,0.0,0.0,4.76,0.0,0.0,-0.5,0.0,0.0,11.89,0.0,0.0,-10.43,0.0,-3.8525369,,5216.3447,0.341887876,206.651061,0.15338442,1513.00539,99.67692,0.528819005,83.8212322,99.99998999999998,100.0,False
2026-05-28 14:30:00,-1.976,,79.34,71.88,74.0,-26.58,-26.58,,-0.6379200000000005,0.0,0.0,,-2.4,-88.8,-1.6,-57.504,0.0,0.0,7.0,2.5,8.75,0.0,1.65,0.0,0.0,1.32,0.0,0.0,4.76,0.0,0.0,-0.5,0.0,0.0,11.89,0.0,0.0,-10.43,0.0,-0.12027177333333335,,5275.32666,0.344936083,206.654356,0.153426818,1513.42361,99.67692,0.534798438,83.8112224,99.99998999999998,100.0,False
2026-05-28 15:00:00,0.0,,83.0,73.5,79.43,-14.06,-14.06,,0.0,0.0,0.0,,0.0,0.0,0.0,0.0,0.0,0.0,7.0,6,21,0.0,2.25,0.0,0.0,2.52,0.0,0.0,6.48,0.0,0.0,0.3,0.0,0.0,17.86,0.0,0.0,-6.44,0.0,-3.8381177666666666,,7208.02429,0.442210599,206.751881,0.153426818,1513.42361,99.67692,0.730730129,83.7499083,99.99998999999998,100.0,False
2026-05-28 15:30:00,0.0,,83.0,74.0,84.0,9.44,9.44,,0.0,0.0,0.0,,0.0,0.0,0.0,0.0,0.0,0.0,7.0,6,21,0.0,2.25,0.0,0.0,2.52,0.0,0.0,6.48,0.0,0.0,0.3,0.0,0.0,17.86,0.0,0.0,-6.44,0.0,-0.004903555566666666,,7208.02429,0.442334876,206.752135,0.153489009,1514.03707,99.67692,0.730730129,83.7401248,99.99998999999998,100.0,False
2026-05-28 16:00:00,0.0,,94.0,75.76,87.02,107.0,107.0,,0.0,0.0,0.0,,0.0,0.0,0.0,0.0,0.0,0.0,7.0,6,21,0.0,2.25,0.0,0.0,2.52,0.0,0.0,6.48,0.0,0.0,0.3,0.0,0.0,17.86,0.0,0.0,-6.44,0.0,-0.004864027633333333,,7208.02429,0.442458152,206.752338,0.153541177,1514.55167,99.67692,0.730730129,83.7401493,99.99998999999998,100.0,False
2026-05-28 16:30:00,0.002,,94.0,80.3,90.0,79.5,79.5,,0.0,0.159,0.0,,0.0,0.0,0.0,0.0,0.0,0.0,7.0,6,21,0.0,2.25,0.0,0.0,2.52,0.0,0.0,6.48,0.0,0.0,0.3,0.0,0.0,17.86,0.0,0.0,-6.44,0.0,-0.004886444433333334,,7208.02429,0.442581995,206.75254,0.153589484,1515.02817,99.67692,0.730730129,83.7402512,99.99998999999998,100.0,False
2026-05-28 17:00:00,0.099,,111.93,108.4,110.0,98.24,98.24,,-0.09824000000000008,0.0,0.0,,0.0,0.0,0.2,10.840000000000002,0.0,0.0,7.0,6,21,0.0,2.25,0.0,0.0,2.52,0.0,0.0,6.48,0.0,0.0,0.3,0.0,0.0,17.86,0.0,0.0,-6.44,0.0,0.0009150832000000003,,7208.02429,0.442814385,206.752894,0.153942357,1518.50896,99.67692,0.730730129,83.7403992,99.99998999999998,100.0,False
2026-05-28 17:30:00,0.064,,111.93,111.0,112.0,93.74,93.74,,0.0,5.999359999999999,0.0,,0.2,11.200000000000001,-0.2,-11.100000000000001,0.0,0.0,7.0,6,21,0.0,2.25,0.0,0.0,2.52,0.0,0.0,6.48,0.0,0.0,0.3,0.0,0.0,17.86,0.0,0.0,-6.44,0.0,0.18469750100000001,,7208.02429,0.44753685,206.757711,0.1637532,1615.28449,99.67692,0.730730129,83.7440546,99.99998999999998,100.0,False
2026-05-28 18:00:00,2.957,,122.8,121.7,120.0,101.51,101.51,,0.7105699999999668,0.0,0.0,,0.0,0.0,5.9,359.01500000000004,0.0,0.0,7.0,6,21,0.0,2.25,0.0,0.0,2.52,0.0,0.0,6.48,0.0,0.0,0.3,0.0,0.0,17.86,0.0,0.0,-6.44,0.0,0.17763419886666668,,7208.02429,0.45220812,206.762677,0.173206409,1708.53227,99.67692,0.730730129,83.7448993,99.99998999999998,100.0,False
2026-05-28 18:30:00,0.487,,122.8,123.0,123.85,123.5,123.5,,-328.8805,0.0,0.0,,0.0,0.0,6.3,387.45,0.0,0.0,7.0,6,21,0.0,2.25,0.0,0.0,2.52,0.0,0.0,6.48,0.0,0.0,0.3,0.0,0.0,17.86,0.0,0.0,-6.44,0.0,5.6873267,,7208.02429,0.596349595,206.907241,0.462771581,4564.84366,99.67692,0.730730129,83.8520353,99.99998999999998,100.0,False
2026-05-28 19:00:00,0.0,,129.0,128.0,127.0,94.72,94.72,,0.0,0.0,0.0,,0.0,0.0,0.0,0.0,0.0,0.0,7.0,7.66,26.810000000000002,0.0,2.25,0.0,0.0,0.1,0.0,0.0,8.87,0.0,0.0,-4.09,0.0,0.0,20.72,0.0,0.0,-14.26,0.0,0.8857736356666664,,7473.45002,0.645850031,206.960262,0.53515173,5278.81159,99.67692,0.757638276,83.8937945,99.99998999999998,100.0,False
2026-05-28 19:30:00,0.0,,129.0,126.68,126.4,112.52,112.52,,0.0,0.0,0.0,,0.0,0.0,0.0,0.0,0.0,0.0,7.0,7.66,26.810000000000002,0.0,2.25,0.0,0.0,0.1,0.0,0.0,8.87,0.0,0.0,-4.09,0.0,0.0,20.72,0.0,0.0,-14.26,0.0,-0.005070527799999999,,7473.45002,0.645978539,206.960414,0.535191605,5279.20492,99.67692,0.757638276,83.8918066,99.99998999999998,100.0,False
2026-05-28 20:00:00,0.0,,128.0,132.95,132.86,114.52,114.52,,0.0,0.0,0.0,,0.0,0.0,0.0,0.0,0.0,0.0,7.0,7.66,26.810000000000002,0.0,2.25,0.0,0.0,0.1,0.0,0.0,8.87,0.0,0.0,-4.09,0.0,0.0,20.72,0.0,0.0,-14.26,0.0,-0.0050043333,,7473.45002,0.646105371,206.960718,0.535227142,5279.55546,99.67692,0.757638276,83.8918564,99.99998999999998,100.0,False
2026-05-28 20:30:00,0.0,,128.0,130.8,130.0,123.23,123.23,,0.0,0.0,0.0,,0.0,0.0,0.0,0.0,0.0,0.0,7.0,7.66,26.810000000000002,0.0,2.25,0.0,0.0,0.1,0.0,0.0,8.87,0.0,0.0,-4.09,0.0,0.0,20.72,0.0,0.0,-14.26,0.0,-0.004995111033333333,,7473.45002,0.646231969,206.96087,0.535270567,5279.98381,99.67692,0.757638276,83.8918724,99.99998999999998,100.0,False
2026-05-28 21:00:00,0.0,,125.83,129.0,128.0,114.03,114.03,,0.0,0.0,0.0,,0.0,0.0,0.0,0.0,0.0,0.0,7.0,7.66,26.810000000000002,0.0,2.25,0.0,0.0,0.1,0.0,0.0,8.87,0.0,0.0,-4.09,0.0,0.0,20.72,0.0,0.0,-14.26,0.0,-0.0049684722999999995,,7473.45002,0.646357891,206.961124,0.535308109,5280.35413,99.67692,0.757638276,83.89186,99.99998999999998,100.0,False
2026-05-28 21:30:00,0.0,,125.83,127.0,124.2,134.9,134.9,,0.0,0.0,0.0,,0.0,0.0,0.0,0.0,0.0,0.0,7.0,7.66,26.810000000000002,0.0,2.25,0.0,0.0,0.1,0.0,0.0,8.87,0.0,0.0,-4.09,0.0,0.0,20.72,0.0,0.0,-14.26,0.0,-0.005011000033333333,,7473.45002,0.646484891,206.961326,0.535347335,5280.74106,99.67692,0.757638276,83.8918355,99.99998999999998,100.0,False
2026-05-28 22:00:00,-0.019,,111.77,123.0,117.7,128.49,128.49,,0.0,-2.44131,0.0,,0.0,0.0,0.0,0.0,0.0,0.0,7.0,7.66,26.810000000000002,0.0,2.25,0.0,0.0,0.1,0.0,0.0,8.87,0.0,0.0,-4.09,0.0,0.0,20.72,0.0,0.0,-14.26,0.0,-0.005020111133333333,,7473.45002,0.646612123,206.961529,0.535386551,5281.12789,99.67692,0.757638276,83.891818,99.99998999999998,100.0,False
2026-05-28 22:30:00,-0.911,,111.77,120.99,118.0,119.4,119.4,,-1.3134000000000012,0.0,0.0,,-1.8,-106.2,0.0,0.0,0.0,0.0,7.0,7.66,26.810000000000002,0.0,2.25,0.0,0.0,0.1,0.0,0.0,8.87,0.0,0.0,-4.09,0.0,0.0,20.72,0.0,0.0,-14.26,0.0,-0.059581252166666675,,7501.18751,0.64812217,206.963202,0.535410925,5281.36832,99.67692,0.760450228,83.8917527,99.98503333333333,100.0,False
2026-05-28 23:00:00,0.0,,108.48,105.0,106.0,120.89,120.89,,0.0,0.0,0.0,,0.0,0.0,0.0,0.0,0.0,0.0,7.0,1.62,5.67,0.0,1.27,0.0,0.0,0.65,0.0,0.0,4.65,0.0,0.0,-2.83,0.0,0.0,15.25,0.0,0.0,-13.08,0.0,-1.7527152666666668,,8375.88858,0.69254356,207.007707,0.535410925,5281.36832,99.67692,0.849125071,83.86398,99.99998999999998,100.0,False
2026-05-28 23:30:00,0.0,,108.48,111.08,107.0,101.71,101.71,,0.0,0.0,0.0,,0.0,0.0,0.0,0.0,0.0,0.0,7.0,1.62,5.67,0.0,1.27,0.0,0.0,0.65,0.0,0.0,4.65,0.0,0.0,-2.83,0.0,0.0,15.25,0.0,0.0,-13.08,0.0,-0.005025777766666667,,8375.88858,0.692670936,207.00796,0.535442547,5281.68025,99.67692,0.849125071,83.8595151,99.99998999999998,100.0,False
2026-05-29 00:00:00,0.0,,101.92,116.8,117.05,120.89,120.89,,0.0,0.0,0.0,,0.0,0.0,0.0,0.0,0.0,0.0,7.0,1.62,5.67,0.0,1.27,0.0,0.0,0.65,0.0,0.0,4.65,0.0,0.0,-2.83,0.0,0.0,15.25,0.0,0.0,-13.08,0.0,-0.0049909722,,8375.88858,0.692797429,207.008214,0.535473626,5281.98681,99.67692,0.849125071,83.8595394,99.99998999999998,100.0,False
2026-05-29 00:30:00,0.0,,101.92,112.87,113.05,105.81,105.81,,0.0,0.0,0.0,,0.0,0.0,0.0,0.0,0.0,0.0,7.0,1.62,5.67,0.0,1.27,0.0,0.0,0.65,0.0,0.0,4.65,0.0,0.0,-2.83,0.0,0.0,15.25,0.0,0.0,-13.08,0.0,-0.0050044167333333335,,0.0,0.000126833579,207.008417,3.16445632e-05,0.312146402,99.67692,0.0,83.8595572,99.99998999999998,100.0,False
2026-05-29 01:00:00,0.0,,99.7,103.3,102.79,126.85,126.85,,0.0,0.0,0.0,,0.0,0.0,0.0,0.0,0.0,0.0,7.0,1.62,5.67,0.0,1.27,0.0,0.0,0.65,0.0,0.0,4.65,0.0,0.0,-2.83,0.0,0.0,15.25,0.0,0.0,-13.08,0.0,-0.005016861133333334,,0.0,0.000253982553,207.008619,5.41783301e-05,0.534422633,99.67692,0.0,83.8595692,99.99998999999998,100.0,False
2026-05-29 01:30:00,0.0,,99.7,100.81,102.1,126.85,126.85,,0.0,0.0,0.0,,0.0,0.0,0.0,0.0,0.0,0.0,7.0,1.62,5.67,0.0,1.27,0.0,0.0,0.65,0.0,0.0,4.65,0.0,0.0,-2.83,0.0,0.0,15.25,0.0,0.0,-13.08,0.0,-0.004917777833333334,,0.0,0.000378620329,207.008872,8.58274352e-05,0.846613837,99.67692,0.0,83.8595926,99.99998999999998,100.0,False
2026-05-29 02:00:00,0.0,,96.42,97.94,98.9,126.85,126.85,,0.0,0.0,0.0,,0.0,0.0,0.0,0.0,0.0,0.0,7.0,1.62,5.67,0.0,1.27,0.0,0.0,0.65,0.0,0.0,4.65,0.0,0.0,-2.83,0.0,0.0,15.25,0.0,0.0,-13.08,0.0,-0.004980305633333334,,0.0,0.00050484283,207.009075,0.00011559342,1.14022968,99.67692,0.0,83.8596322,99.99998999999998,100.0,False
2026-05-29 02:30:00,0.0,,96.42,97.95,99.15,130.0,130.0,,0.0,0.0,0.0,,0.0,0.0,0.0,0.0,0.0,0.0,7.0,1.62,5.67,0.0,1.27,0.0,0.0,0.65,0.0,0.0,4.65,0.0,0.0,-2.83,0.0,0.0,15.25,0.0,0.0,-13.08,0.0,-0.004956916733333333,,0.0,0.00063047255,207.009328,0.000141059494,1.3914306,99.67692,0.0,83.8595964,99.99998999999998,100.0,False
2026-05-29 03:00:00,0.0,,95.2,98.96,104.0,129.0,129.0,,0.0,0.0,0.0,,0.0,0.0,0.0,0.0,0.0,0.0,7.0,1.98,6.93,0.0,0.76,0.0,0.0,1.4,0.0,0.0,5.4,0.0,0.0,-0.84,0.0,0.0,4.06,0.0,0.0,-11.52,0.0,-0.004973805466666667,,0.0,0.00075653031,207.009531,0.000168665747,1.66374254,99.67692,0.0,83.8596024,99.99998999999998,100.0,False
2026-05-29 03:30:00,0.0,,95.2,99.32,106.56,126.85,126.85,,0.0,0.0,0.0,,0.0,0.0,0.0,0.0,0.0,0.0,7.0,1.98,6.93,0.0,0.76,0.0,0.0,1.4,0.0,0.0,5.4,0.0,0.0,-0.84,0.0,0.0,4.06,0.0,0.0,-11.52,0.0,-0.005002638866666667,,0.0,0.00088331883,207.009784,0.000199688723,1.96975752,99.67692,0.0,83.8596063,99.99998999999998,100.0,False
2026-05-29 04:00:00,0.0,,97.43,103.02,107.49,125.8,125.8,,0.0,0.0,0.0,,0.0,0.0,0.0,0.0,0.0,0.0,7.0,1.98,6.93,0.0,0.76,0.0,0.0,1.4,0.0,0.0,5.4,0.0,0.0,-0.84,0.0,0.0,4.06,0.0,0.0,-11.52,0.0,-0.005009527866666666,,0.0,0.00101028194,207.009937,0.000229632016,2.26512235,99.67692,0.0,83.8595948,99.99998999999998,100.0,False
2026-05-29 04:30:00,0.0,,97.43,104.34,109.04,110.03,110.03,,0.0,0.0,0.0,,0.0,0.0,0.0,0.0,0.0,0.0,7.0,1.98,6.93,0.0,0.76,0.0,0.0,1.4,0.0,0.0,5.4,0.0,0.0,-0.84,0.0,0.0,4.06,0.0,0.0,-11.52,0.0,-0.005034000066666666,,0.0,0.00113786529,207.01019,0.000257755983,2.5425411,99.67692,0.0,83.8595284,99.99998999999998,100.0,False
2026-05-29 05:00:00,0.0,,101.48,106.48,108.0,125.2,125.2,,0.0,0.0,0.0,,0.0,0.0,0.0,0.0,0.0,0.0,7.0,1.98,6.93,0.0,0.76,0.0,0.0,1.4,0.0,0.0,5.4,0.0,0.0,-0.84,0.0,0.0,4.06,0.0,0.0,-11.52,0.0,-0.004949055533333333,,0.0,0.00126329578,207.010393,0.000289355067,2.85423889,99.67692,0.0,83.8594712,99.99998999999998,100.0,False
2026-05-29 05:30:00,0.0,,101.48,109.24,112.8,126.85,126.85,,0.0,0.0,0.0,,0.0,0.0,0.0,0.0,0.0,0.0,7.0,1.98,6.93,0.0,0.76,0.0,0.0,1.4,0.0,0.0,5.4,0.0,0.0,-0.84,0.0,0.0,4.06,0.0,0.0,-11.52,0.0,-0.004983416599999999,,0.0,0.00138959713,207.010647,0.000319037292,3.14702851,99.67692,0.0,83.8594112,99.99998999999998,100.0,False
2026-05-29 06:00:00,0.0,,115.37,110.88,108.0,80.96,80.96,,0.0,0.0,0.0,,0.0,0.0,0.0,0.0,0.0,0.0,7.0,1.98,6.93,0.0,0.76,0.0,0.0,1.4,0.0,0.0,5.4,0.0,0.0,-0.84,0.0,0.0,4.06,0.0,0.0,-11.52,0.0,-0.005002583433333333,,0.0,0.00151638425,207.01085,0.000353395179,3.48593952,99.67692,0.0,83.8594111,99.99998999999998,100.0,False
2026-05-29 06:30:00,0.0,,115.37,119.08,115.0,87.57,87.57,,0.0,0.0,0.0,,0.0,0.0,0.0,0.0,0.0,0.0,7.0,1.98,6.93,0.0,0.76,0.0,0.0,1.4,0.0,0.0,5.4,0.0,0.0,-0.84,0.0,0.0,4.06,0.0,0.0,-11.52,0.0,-0.0050040555,,0.0,0.00164320867,207.011052,0.000381463847,3.76281279,99.67692,0.0,83.8593932,99.99998999999998,100.0,False
2026-05-29 07:00:00,0.0,,113.0,118.44,115.24,78.0,78.0,,0.0,0.0,0.0,,0.0,0.0,0.0,0.0,0.0,0.0,7.0,5.8,20.3,0.0,2.25,0.0,0.0,0.74,0.0,0.0,5.71,0.0,0.0,-2.38,0.0,0.0,15.95,0.0,0.0,-15.39,0.0,-0.0049802777,,0.0,0.00176943046,207.011255,0.000412859495,4.07250386,99.67692,0.0,83.8593967,99.99998999999998,100.0,False
2026-05-29 07:30:00,0.011,,113.0,118.44,120.0,78.2,78.2,,0.0,0.8602,0.0,,0.0,0.0,0.0,0.0,0.0,0.0,7.0,5.8,20.3,0.0,2.25,0.0,0.0,0.74,0.0,0.0,5.71,0.0,0.0,-2.38,0.0,0.0,15.95,0.0,0.0,-15.39,0.0,-0.004936916633333333,,0.0,0.00189455329,207.011559,0.000439693097,4.33719427,99.67692,0.0,83.8594096,99.99998999999998,100.0,False
2026-05-29 08:00:00,0.56,,112.3,120.73,119.0,93.67,93.67,,0.9367000000000009,0.0,0.0,,0.0,0.0,1.1,66.40150000000001,0.0,0.0,7.0,5.8,20.3,0.0,2.25,0.0,0.0,0.74,0.0,0.0,5.71,0.0,0.0,-2.38,0.0,0.0,15.95,0.0,0.0,-15.39,0.0,0.028398445300000005,,0.0,0.00278147244,207.012623,0.00218999965,21.6024631,99.67692,0.0,83.8594948,99.99998999999998,100.0,False
2026-05-29 08:30:00,0.0,,112.3,117.85,117.9,86.2,86.2,,0.0,0.0,0.0,,0.0,0.0,0.0,0.0,0.0,0.0,7.0,5.8,20.3,0.0,2.25,0.0,0.0,0.74,0.0,0.0,5.71,0.0,0.0,-2.38,0.0,0.0,15.95,0.0,0.0,-15.39,0.0,1.0624252233333333,,0.0,0.0297079259,207.039691,0.0563212738,555.56093,99.67692,0.0,83.8797129,99.99998999999998,100.0,False
2026-05-29 09:00:00,0.0,,106.1,105.48,108.17,61.11,61.11,,0.0,0.0,0.0,,0.0,0.0,0.0,0.0,0.0,0.0,7.0,5.8,20.3,0.0,2.25,0.0,0.0,0.74,0.0,0.0,5.71,0.0,0.0,-2.38,0.0,0.0,15.95,0.0,0.0,-15.39,0.0,-0.005007805533333333,,0.0,0.0298348453,207.039844,0.056347816,555.822746,99.67692,0.0,83.8830253,99.99998999999998,100.0,False
2026-05-29 09:30:00,0.0,,106.1,98.78,102.78,120.1,120.1,,0.0,0.0,0.0,,0.0,0.0,0.0,0.0,0.0,0.0,7.0,5.8,20.3,0.0,2.25,0.0,0.0,0.74,0.0,0.0,5.71,0.0,0.0,-2.38,0.0,0.0,15.95,0.0,0.0,-15.39,0.0,-0.0049764444,,0.0,0.02996097,207.040097,0.0563702673,556.044208,99.67692,0.0,83.8830111,99.99998999999998,100.0,False
2026-05-29 10:00:00,0.0,,96.15,95.4,97.91,112.0,112.0,,0.0,0.0,0.0,,0.0,0.0,0.0,0.0,0.0,0.0,7.0,5.8,20.3,0.0,2.25,0.0,0.0,0.74,0.0,0.0,5.71,0.0,0.0,-2.38,0.0,0.0,15.95,0.0,0.0,-15.39,0.0,-0.0051619444333333335,,0.0,0.030091796,207.04035,0.0563892947,556.231897,99.67692,0.0,83.8830477,99.99998999999998,100.0,False
2026-05-29 10:30:00,0.0,,96.15,91.47,91.16,104.5,104.5,,0.0,0.0,0.0,,0.0,0.0,0.0,0.0,0.0,0.0,7.0,5.8,20.3,0.0,2.25,0.0,0.0,0.74,0.0,0.0,5.71,0.0,0.0,-2.38,0.0,0.0,15.95,0.0,0.0,-15.39,0.0,-0.005178555633333334,,0.05304435,0.030223043,207.040604,0.0564107504,556.443539,99.67692,5.37749363e-06,83.8830619,99.99998999999998,100.0,False
2026-05-29 11:00:00,0.0,,86.91,83.47,83.68,53.27,53.27,,0.0,0.0,0.0,,0.0,0.0,0.0,0.0,0.0,0.0,7.0,2.5,8.75,0.0,2.64,0.0,0.0,3.76,0.0,0.0,5.15,0.0,0.0,1.77,0.0,0.0,13.49,0.0,0.0,-9.98,0.0,-0.005085083333333334,,0.0711085067,0.030351921,207.040807,0.0564289501,556.623064,99.67692,7.20878928e-06,83.8830679,99.99998999999998,100.0,False
2026-05-29 11:30:00,-0.001,,86.91,79.41,79.26,59.86,59.86,,0.0,-0.059860000000000003,0.0,,0.0,0.0,0.0,0.0,0.0,0.0,7.0,2.5,8.75,0.0,2.64,0.0,0.0,3.76,0.0,0.0,5.15,0.0,0.0,1.77,0.0,0.0,13.49,0.0,0.0,-9.98,0.0,-0.0055843611333333334,,0.31224544,0.0304934529,207.041009,0.0564480548,556.811515,99.67692,3.16546034e-05,83.8830441,99.99998999999998,100.0,False
2026-05-29 12:00:00,0.0,,80.22,80.87,78.0,48.83,48.83,,0.0,0.0,0.0,,0.0,0.0,0.0,0.0,0.0,0.0,7.0,2.5,8.75,0.0,2.64,0.0,0.0,3.76,0.0,0.0,5.15,0.0,0.0,1.77,0.0,0.0,13.49,0.0,0.0,-9.98,0.0,-0.0070383889,,1.03117673,0.0306718361,207.041314,0.0564480548,556.811515,99.67692,0.000104537925,83.8830173,99.99998999999998,100.0,False
2026-05-29 12:30:00,-0.024,,80.22,78.2,72.01,71.32,71.32,,0.0,-1.7116799999999999,0.0,,0.0,0.0,0.0,0.0,0.0,0.0,7.0,2.5,8.75,0.0,2.64,0.0,0.0,3.76,0.0,0.0,5.15,0.0,0.0,1.77,0.0,0.0,13.49,0.0,0.0,-9.98,0.0,-0.005915027766666667,,1.4072383,0.0308217485,207.041516,0.0564802868,557.129456,99.67692,0.000142662036,83.8830012,99.99998999999998,100.0,False
2026-05-29 13:00:00,-1.264,,73.0,78.7,68.01,54.0,54.0,,61.343999999999994,0.0,0.0,,-2.4,-81.61200000000001,-2.4,-94.44,0.0,0.0,7.0,2.5,8.75,0.0,2.64,0.0,0.0,3.76,0.0,0.0,5.15,0.0,0.0,1.77,0.0,0.0,13.49,0.0,0.0,-9.98,0.0,-0.0749886667,,37.081875,0.0327222859,207.043645,0.0565125088,557.447299,99.67692,0.00375926082,83.8829515,99.99998999999998,100.0,False
2026-05-29 13:30:00,-2.076,,73.0,78.0,69.83,97.5,97.5,,187.59,0.0,0.0,,-4.0,-139.66,-4.0,-156.0,0.0,0.0,7.0,2.5,8.75,0.0,2.64,0.0,0.0,3.76,0.0,0.0,5.15,0.0,0.0,1.77,0.0,0.0,13.49,0.0,0.0,-9.98,0.0,-2.449181133333333,,1263.62782,0.0947951362,207.106093,0.0565125088,557.447299,99.67692,0.128103192,83.8459297,99.99998999999998,100.0,False
2026-05-29 14:00:00,-1.622,,67.87,80.0,68.0,76.07,76.07,,180.89445999999998,0.0,0.0,,-4.0,-136.0,-4.0,-160.0,0.0,0.0,7.0,2.5,8.75,0.0,2.64,0.0,0.0,3.76,0.0,0.0,5.15,0.0,0.0,1.77,0.0,0.0,13.49,0.0,0.0,-9.98,0.0,-3.977247033333333,,3264.22497,0.19559579,207.207065,0.0565125088,557.447299,99.67692,0.330918354,83.7784003,99.99998999999998,100.0,False
2026-05-29 14:30:00,-0.016,,67.87,77.59,68.0,4.74,4.74,,18.88416,0.0,0.0,,-4.0,-136.0,-4.0,-155.18,0.0,0.0,7.0,2.5,8.75,0.0,2.64,0.0,0.0,3.76,0.0,0.0,5.15,0.0,0.0,1.77,0.0,0.0,13.49,0.0,0.0,-9.98,0.0,-3.0684539466666667,,4805.65444,0.273363693,207.285278,0.0565125088,557.447299,99.67692,0.48718433,83.7130042,99.99998999999998,100.0,False
2026-05-29 15:00:00,0.0,,78.0,82.81,81.45,1.0,1.0,,0.0,0.0,0.0,,0.0,0.0,0.0,0.0,0.0,0.0,7.0,5.85,20.474999999999998,0.0,1.5,0.0,0.0,3.1,0.0,0.0,7.43,0.0,0.0,2.22,0.0,0.0,18.66,0.0,0.0,-4.99,0.0,-0.0359403058,,4820.87507,0.274274576,207.286342,0.0565271711,557.59193,99.67692,0.488727357,83.7110307,99.99998999999998,100.0,False
2026-05-29 15:30:00,0.0,,78.0,90.37,96.55,24.64,24.64,,0.0,0.0,0.0,,0.0,0.0,0.0,0.0,0.0,0.0,7.0,5.85,20.474999999999998,0.0,1.5,0.0,0.0,3.1,0.0,0.0,7.43,0.0,0.0,2.22,0.0,0.0,18.66,0.0,0.0,-4.99,0.0,-0.0048999167,,4820.87507,0.274398761,207.286545,0.0565562435,557.878704,99.67692,0.488727357,83.7109407,99.99998999999998,100.0,False
2026-05-29 16:00:00,0.0,,87.65,88.3,89.6,53.0,53.0,,0.0,0.0,0.0,,0.0,0.0,0.0,0.0,0.0,0.0,7.0,5.85,20.474999999999998,0.0,1.5,0.0,0.0,3.1,0.0,0.0,7.43,0.0,0.0,2.22,0.0,0.0,18.66,0.0,0.0,-4.99,0.0,-0.005780805666666666,,4821.16239,0.274545272,207.286646,0.0565818649,558.131437,99.67692,0.488756485,83.7109218,99.99998999999998,100.0,False
2026-05-29 16:30:00,0.0,,87.65,93.28,89.6,88.74,88.74,,0.0,0.0,0.0,,0.0,0.0,0.0,0.0,0.0,0.0,7.0,5.85,20.474999999999998,0.0,1.5,0.0,0.0,3.1,0.0,0.0,7.43,0.0,0.0,2.22,0.0,0.0,18.66,0.0,0.0,-4.99,0.0,-0.005390611066666666,,4821.2831,0.274681893,207.28695,0.0566041808,558.351564,99.67692,0.488768722,83.7108888,99.99998999999998,100.0,False
2026-05-29 17:00:00,0.008,,108.8,101.52,102.07,89.77,89.77,,0.0,0.71816,0.0,,0.0,0.0,0.0,0.0,0.0,0.0,7.0,5.85,20.474999999999998,0.0,1.5,0.0,0.0,3.1,0.0,0.0,7.43,0.0,0.0,2.22,0.0,0.0,18.66,0.0,0.0,-4.99,0.0,-0.004873138966666667,,4821.2831,0.274805399,207.287153,0.0566276852,558.583415,99.67692,0.488768722,83.7108815,99.99998999999998,100.0,False
2026-05-29 17:30:00,0.407,,108.8,101.0,101.12,95.76,95.76,,-28.05768,0.0,0.0,,0.7,35.391999999999996,0.7,35.349999999999994,0.0,0.0,7.0,5.85,20.474999999999998,0.0,1.5,0.0,0.0,3.1,0.0,0.0,7.43,0.0,0.0,2.22,0.0,0.0,18.66,0.0,0.0,-4.99,0.0,0.017270555133333334,,4821.2831,0.275408316,207.287964,0.0578116983,570.262686,99.67692,0.488768722,83.7108384,99.99998999999998,100.0,False
2026-05-29 18:00:00,1.84,,118.0,110.0,110.4,101.3,101.3,,-97.24799999999998,0.0,0.0,,0.0,0.0,5.6,308.0,0.0,0.0,7.0,5.85,20.474999999999998,0.0,1.5,0.0,0.0,3.1,0.0,0.0,7.43,0.0,0.0,2.22,0.0,0.0,18.66,0.0,0.0,-4.99,0.0,0.80987439,,4821.2831,0.295934038,207.308646,0.0993629368,980.129919,99.67692,0.488768722,83.7238742,99.99998999999998,100.0,False
2026-05-29 18:30:00,2.655,,118.0,120.0,115.0,113.96,113.96,,-392.59219999999993,0.0,0.0,,6.1,350.75,6.1,366.0,0.0,0.0,7.0,5.85,20.474999999999998,0.0,1.5,0.0,0.0,3.1,0.0,0.0,7.43,0.0,0.0,2.22,0.0,0.0,18.66,0.0,0.0,-4.99,0.0,3.495881133333333,,4821.2831,0.384534796,207.397908,0.277269666,2735.0268,99.67692,0.488768722,83.7956473,99.99998999999998,100.0,False
2026-05-29 19:00:00,0.0,,129.19,126.0,120.0,127.02,127.02,,0.0,0.0,0.0,,0.0,0.0,0.0,0.0,0.0,0.0,7.0,6.84,23.939999999999998,0.0,2.98,0.0,0.0,0.47,0.0,0.0,6.75,0.0,0.0,-2.87,0.0,0.0,22.46,0.0,0.0,-14.85,0.0,5.0327850000000005,,4821.2831,0.51208735,207.52686,0.533306459,5260.60957,99.67692,0.488768722,83.8937386,99.99998999999998,100.0,False
2026-05-29 19:30:00,0.0,,129.19,130.0,124.0,91.5,91.5,,0.0,0.0,0.0,,0.0,0.0,0.0,0.0,0.0,0.0,7.0,6.84,23.939999999999998,0.0,2.98,0.0,0.0,0.47,0.0,0.0,6.75,0.0,0.0,-2.87,0.0,0.0,22.46,0.0,0.0,-14.85,0.0,-0.0049666666,,4821.2831,0.512213227,207.527164,0.533339866,5260.93911,99.67692,0.488768722,83.9109228,99.99998999999998,100.0,False
2026-05-29 20:00:00,0.0,,131.51,130.57,128.46,149.0,149.0,,0.0,0.0,0.0,,0.0,0.0,0.0,0.0,0.0,0.0,7.0,6.84,23.939999999999998,0.0,2.98,0.0,0.0,0.47,0.0,0.0,6.75,0.0,0.0,-2.87,0.0,0.0,22.46,0.0,0.0,-14.85,0.0,-0.0050313056,,4821.2831,0.512340741,207.527265,0.533372184,5261.2579,99.67692,0.488768722,83.9108585,99.99998999999998,100.0,False
2026-05-29 20:30:00,0.0,,131.51,132.9,125.86,149.0,149.0,,0.0,0.0,0.0,,0.0,0.0,0.0,0.0,0.0,0.0,7.0,6.84,23.939999999999998,0.0,2.98,0.0,0.0,0.47,0.0,0.0,6.75,0.0,0.0,-2.87,0.0,0.0,22.46,0.0,0.0,-14.85,0.0,-0.0050181111,,4821.2831,0.512467922,207.527621,0.53341291,5261.65962,99.67692,0.488768722,83.9107873,99.99998999999998,100.0,False
2026-05-29 21:00:00,0.0,,131.4,132.42,125.08,129.02,129.02,,0.0,0.0,0.0,,0.0,0.0,0.0,0.0,0.0,0.0,7.0,6.84,23.939999999999998,0.0,2.98,0.0,0.0,0.47,0.0,0.0,6.75,0.0,0.0,-2.87,0.0,0.0,22.46,0.0,0.0,-14.85,0.0,-0.005024472233333333,,4821.2831,0.512595264,207.527773,0.533450406,5262.02949,99.67692,0.488768722,83.9106807,99.98503333333333,100.0,False
2026-05-29 21:30:00,0.0,,131.4,131.5,128.08,128.02,128.02,,0.0,0.0,0.0,,0.0,0.0,0.0,0.0,0.0,0.0,7.0,6.84,23.939999999999998,0.0,2.98,0.0,0.0,0.47,0.0,0.0,6.75,0.0,0.0,-2.87,0.0,0.0,22.46,0.0,0.0,-14.85,0.0,-0.005062833366666667,,4821.2831,0.512723578,207.528076,0.533489047,5262.41065,99.67692,0.488768722,83.9105785,99.99998999999998,100.0,False
2026-05-29 22:00:00,-0.018,,121.9,125.0,121.89,117.2,117.2,,0.0,-2.1096,0.0,,0.0,0.0,0.0,0.0,0.0,0.0,7.0,6.84,23.939999999999998,0.0,2.98,0.0,0.0,0.47,0.0,0.0,6.75,0.0,0.0,-2.87,0.0,0.0,22.46,0.0,0.0,-14.85,0.0,-0.005065277733333333,,4821.2831,0.512851954,207.528178,0.533526407,5262.77917,99.67692,0.488768722,83.910479,99.99998999999998,100.0,False
2026-05-29 22:30:00,-0.915,,121.9,129.77,128.0,116.16,116.16,,-1.7424000000000015,0.0,0.0,,0.0,0.0,-1.8,-116.793,0.0,0.0,7.0,6.84,23.939999999999998,0.0,2.98,0.0,0.0,0.47,0.0,0.0,6.75,0.0,0.0,-2.87,0.0,0.0,22.46,0.0,0.0,-14.85,0.0,-0.0577796106,,4848.09447,0.51431634,207.529901,0.533550276,5263.01462,99.67692,0.491486786,83.9103419,99.99998999999998,100.0,False
2026-05-29 23:00:00,0.02,,114.26,114.2,117.59,124.6,124.6,,0.0,2.492,0.0,,0.0,0.0,0.0,0.0,0.0,0.0,7.0,1.55,5.425,0.0,1.65,0.0,0.0,0.01,0.0,0.0,5.26,0.0,0.0,-3.27,0.0,0.0,20.22,0.0,0.0,-11.02,0.0,-1.7514454233333332,,5720.67832,0.558705547,207.574456,0.533550276,5263.01462,99.67692,0.579946992,83.8826873,99.99998999999998,100.0,False
2026-05-29 23:30:00,0.965,,114.26,111.5,118.18,110.96,110.96,,1.6644000000000014,0.0,0.0,,0.0,0.0,1.9,105.925,0.0,0.0,7.0,1.55,5.425,0.0,1.65,0.0,0.0,0.01,0.0,0.0,5.26,0.0,0.0,-3.27,0.0,0.0,20.22,0.0,0.0,-11.02,0.0,0.05287108223333333,,5720.67832,0.560216504,207.576078,0.536576711,5292.8678,99.67692,0.579946992,83.8782197,99.99998999999998,100.0,False
2026-05-30 00:00:00,0.0,,111.94,110.0,112.0,109.94,109.94,,0.0,0.0,0.0,,0.0,0.0,0.0,0.0,0.0,0.0,7.0,1.55,5.425,0.0,1.65,0.0,0.0,0.01,0.0,0.0,5.26,0.0,0.0,-3.27,0.0,0.0,20.22,0.0,0.0,-11.02,0.0,1.8402567233333331,,5720.67832,0.606856574,207.622814,0.629903113,6213.45249,99.67692,0.579946992,83.9130075,99.99998999999998,100.0,False
2026-05-30 00:30:00,0.0,,111.94,111.0,116.0,107.54,107.54,,0.0,0.0,0.0,,0.0,0.0,0.0,0.0,0.0,0.0,7.0,1.55,5.425,0.0,1.65,0.0,0.0,0.01,0.0,0.0,5.26,0.0,0.0,-3.27,0.0,0.0,20.22,0.0,0.0,-11.02,0.0,-0.0049901944333333335,,0.0,0.000126473125,207.623169,2.62138598e-05,0.258577183,99.67692,0.0,83.9184646,99.99998999999998,100.0,False
2026-05-30 01:00:00,0.0,,109.62,109.74,111.52,-3.62,-3.62,,0.0,0.0,0.0,,0.0,0.0,0.0,0.0,0.0,0.0,7.0,1.55,5.425,0.0,1.65,0.0,0.0,0.01,0.0,0.0,5.26,0.0,0.0,-3.27,0.0,0.0,20.22,0.0,0.0,-11.02,0.0,-0.005018499966666667,,0.0,0.000253663634,207.62327,6.02379258e-05,0.594195333,99.67692,0.0,83.918344,99.99998999999998,100.0,False
2026-05-30 01:30:00,0.0,,109.62,111.17,115.02,107.47,107.47,,0.0,0.0,0.0,,0.0,0.0,0.0,0.0,0.0,0.0,7.0,1.55,5.425,0.0,1.65,0.0,0.0,0.01,0.0,0.0,5.26,0.0,0.0,-3.27,0.0,0.0,20.22,0.0,0.0,-11.02,0.0,-0.005032916633333333,,0.0,0.000381219524,207.623574,9.56729519e-05,0.943731392,99.67692,0.0,83.9182214,99.99998999999998,100.0,False
2026-05-30 02:00:00,0.0,,107.95,110.0,111.02,96.4,96.4,,0.0,0.0,0.0,,0.0,0.0,0.0,0.0,0.0,0.0,7.0,1.55,5.425,0.0,1.65,0.0,0.0,0.01,0.0,0.0,5.26,0.0,0.0,-3.27,0.0,0.0,20.22,0.0,0.0,-11.02,0.0,-0.004982583266666667,,0.0,0.000507499745,207.623726,0.000122834128,1.21165304,99.67692,0.0,83.9181221,99.99998999999998,100.0,False
2026-05-30 02:30:00,0.0,,107.95,110.06,106.6,118.62,118.62,,0.0,0.0,0.0,,0.0,0.0,0.0,0.0,0.0,0.0,7.0,1.55,5.425,0.0,1.65,0.0,0.0,0.01,0.0,0.0,5.26,0.0,0.0,-3.27,0.0,0.0,20.22,0.0,0.0,-11.02,0.0,-0.005017444433333333,,0.0,0.00063466351,207.624031,0.000151831269,1.49768489,99.67692,0.0,83.9180341,99.99998999999998,100.0,False
2026-05-30 03:00:00,0.0,,104.9,109.67,110.3,108.12,108.12,,0.0,0.0,0.0,,0.0,0.0,0.0,0.0,0.0,0.0,7.0,1.71,5.984999999999999,0.0,1.2,0.0,0.0,0.43,0.0,0.0,5.62,0.0,0.0,-2.62,0.0,0.0,19.35,0.0,0.0,-12.4,0.0,-0.004987444466666667,,0.0,0.000761066935,207.624182,0.00018772451,1.85174085,99.67692,0.0,83.9179403,99.99998999999998,100.0,False
2026-05-30 03:30:00,0.0,,104.9,107.86,107.12,133.0,133.0,,0.0,0.0,0.0,,0.0,0.0,0.0,0.0,0.0,0.0,7.0,1.71,5.984999999999999,0.0,1.2,0.0,0.0,0.43,0.0,0.0,5.62,0.0,0.0,-2.62,0.0,0.0,19.35,0.0,0.0,-12.4,0.0,-0.0049826111,,0.0,0.00088734787,207.624537,0.000207237815,2.04422282,99.67692,0.0,83.9178721,99.99998999999998,100.0,False
2026-05-30 04:00:00,0.0,,106.06,109.2,109.9,99.0,99.0,,0.0,0.0,0.0,,0.0,0.0,0.0,0.0,0.0,0.0,7.0,1.71,5.984999999999999,0.0,1.2,0.0,0.0,0.43,0.0,0.0,5.62,0.0,0.0,-2.62,0.0,0.0,19.35,0.0,0.0,-12.4,0.0,-0.004976250033333333,,0.0,0.00101346758,207.624689,0.000236991614,2.33771846,99.67692,0.0,83.9177856,99.99998999999998,100.0,False
2026-05-30 04:30:00,0.0,,106.06,107.37,109.0,133.0,133.0,,0.0,0.0,0.0,,0.0,0.0,0.0,0.0,0.0,0.0,7.0,1.71,5.984999999999999,0.0,1.2,0.0,0.0,0.43,0.0,0.0,5.62,0.0,0.0,-2.62,0.0,0.0,19.35,0.0,0.0,-12.4,0.0,-0.0050011111,,0.0,0.00114021738,207.624943,0.000263995809,2.60409162,99.67692,0.0,83.9176905,99.99998999999998,100.0,False
2026-05-30 05:00:00,0.0,,103.01,109.56,106.0,133.0,133.0,,0.0,0.0,0.0,,0.0,0.0,0.0,0.0,0.0,0.0,7.0,1.71,5.984999999999999,0.0,1.2,0.0,0.0,0.43,0.0,0.0,5.62,0.0,0.0,-2.62,0.0,0.0,19.35,0.0,0.0,-12.4,0.0,-0.005004416566666667,,0.0,0.00126705095,207.625145,0.000298391952,2.94337999,99.67692,0.0,83.9175839,99.99998999999998,100.0,False
2026-05-30 05:30:00,0.0,,103.01,108.26,105.82,90.5,90.5,,0.0,0.0,0.0,,0.0,0.0,0.0,0.0,0.0,0.0,7.0,1.71,5.984999999999999,0.0,1.2,0.0,0.0,0.43,0.0,0.0,5.62,0.0,0.0,-2.62,0.0,0.0,19.35,0.0,0.0,-12.4,0.0,-0.0050355555666666664,,0.0,0.00139467373,207.625297,0.000332866878,3.28344549,99.67692,0.0,83.9174888,99.99998999999998,100.0,False
2026-05-30 06:00:00,0.0,,101.0,101.27,103.83,133.0,133.0,,0.0,0.0,0.0,,0.0,0.0,0.0,0.0,0.0,0.0,7.0,1.71,5.984999999999999,0.0,1.2,0.0,0.0,0.43,0.0,0.0,5.62,0.0,0.0,-2.62,0.0,0.0,19.35,0.0,0.0,-12.4,0.0,-0.005005777766666667,,0.0,0.0015215418,207.625601,0.000347659315,3.42936016,99.67692,0.0,83.9174252,99.99998999999998,100.0,False
2026-05-30 06:30:00,0.0,,101.0,103.31,108.31,133.0,133.0,,0.0,0.0,0.0,,0.0,0.0,0.0,0.0,0.0,0.0,7.0,1.71,5.984999999999999,0.0,1.2,0.0,0.0,0.43,0.0,0.0,5.62,0.0,0.0,-2.62,0.0,0.0,19.35,0.0,0.0,-12.4,0.0,-0.005012416766666666,,0.0,0.00164857814,207.625804,0.000389313982,3.84024762,99.67692,0.0,83.9173494,99.99998999999998,100.0,False
2026-05-30 07:00:00,0.0,,108.8,102.3,102.0,133.0,133.0,,0.0,0.0,0.0,,0.0,0.0,0.0,0.0,0.0,0.0,7.0,5.8,20.3,0.0,1.08,0.0,0.0,1.65,0.0,0.0,6.69,0.0,0.0,-3.83,0.0,0.0,14.8,0.0,0.0,-16.25,0.0,-0.004984583333333333,,0.0,0.00177490905,207.626108,0.00043300113,4.27118377,99.67692,0.0,83.9172892,99.99998999999998,100.0,False
2026-05-30 07:30:00,0.0,,108.8,101.14,103.7,133.0,133.0,,0.0,0.0,0.0,,0.0,0.0,0.0,0.0,0.0,0.0,7.0,5.8,20.3,0.0,1.08,0.0,0.0,1.65,0.0,0.0,6.69,0.0,0.0,-3.83,0.0,0.0,14.8,0.0,0.0,-16.25,0.0,-0.004970416633333333,,0.0,0.00190088092,207.626261,0.000475968493,4.69501985,99.67692,0.0,83.9172371,99.99998999999998,100.0,False
2026-05-30 08:00:00,0.0,,108.52,98.58,104.93,82.99,82.99,,0.0,0.0,0.0,,0.0,0.0,0.0,0.0,0.0,0.0,7.0,5.8,20.3,0.0,1.08,0.0,0.0,1.65,0.0,0.0,6.69,0.0,0.0,-3.83,0.0,0.0,14.8,0.0,0.0,-16.25,0.0,-0.0049432777333333336,,0.0,0.00202616497,207.626514,0.000522591279,5.15491354,99.67692,0.0,83.9172001,99.99998999999998,100.0,False
2026-05-30 08:30:00,0.0,,108.52,95.95,102.59,83.1,83.1,,0.0,0.0,0.0,,0.0,0.0,0.0,0.0,0.0,0.0,7.0,5.8,20.3,0.0,1.08,0.0,0.0,1.65,0.0,0.0,6.69,0.0,0.0,-3.83,0.0,0.0,14.8,0.0,0.0,-16.25,0.0,-0.004916305566666667,,0.0,0.00215076543,207.626767,0.000565655836,5.57970836,99.67692,0.0,83.9171824,99.99998999999998,100.0,False
2026-05-30 09:00:00,0.0,,107.11,88.94,89.25,87.0,87.0,,0.0,0.0,0.0,,0.0,0.0,0.0,0.0,0.0,0.0,7.0,5.8,20.3,0.0,1.08,0.0,0.0,1.65,0.0,0.0,6.69,0.0,0.0,-3.83,0.0,0.0,14.8,0.0,0.0,-16.25,0.0,-0.0049187500666666665,,0.0,0.00227542785,207.626919,0.000608019491,5.99758938,99.67692,0.0,83.9171811,99.99998999999998,100.0,False
2026-05-30 09:30:00,0.0,,107.11,89.14,96.0,99.34,99.34,,0.0,0.0,0.0,,0.0,0.0,0.0,0.0,0.0,0.0,7.0,5.8,20.3,0.0,1.08,0.0,0.0,1.65,0.0,0.0,6.69,0.0,0.0,-3.83,0.0,0.0,14.8,0.0,0.0,-16.25,0.0,-0.0048490278333333334,,0.0,0.0023983232,207.627224,0.000653997443,6.45112234,99.67692,0.0,83.9171964,99.99998999999998,100.0,False
2026-05-30 10:00:00,0.0,,103.98,99.77,104.4,112.61,112.61,,0.0,0.0,0.0,,0.0,0.0,0.0,0.0,0.0,0.0,7.0,5.8,20.3,0.0,1.08,0.0,0.0,1.65,0.0,0.0,6.69,0.0,0.0,-3.83,0.0,0.0,14.8,0.0,0.0,-16.25,0.0,-0.004862249966666667,,0.0,0.00252155366,207.627375,0.000696368415,6.86907554,99.67692,0.0,83.9172203,99.99998999999998,100.0,False
2026-05-30 10:30:00,0.0,,103.98,94.72,99.33,108.87,108.87,,0.0,0.0,0.0,,0.0,0.0,0.0,0.0,0.0,0.0,7.0,5.8,20.3,0.0,1.08,0.0,0.0,1.65,0.0,0.0,6.69,0.0,0.0,-3.83,0.0,0.0,14.8,0.0,0.0,-16.25,0.0,-0.004886527833333334,,0.0,0.00264539943,207.627679,0.000740719138,7.30655728,99.67692,0.0,83.9172214,99.99998999999998,100.0,False
2026-05-30 11:00:00,0.0,,96.55,95.14,97.98,94.16,94.16,,0.0,0.0,0.0,,0.0,0.0,0.0,0.0,0.0,0.0,7.0,2.5,8.75,0.0,1.12,0.0,0.0,3.94,0.0,0.0,3.47,0.0,0.0,0.43,0.0,0.0,13.61,0.0,0.0,-10.19,0.0,-0.004913000099999999,,0.0,0.00276991611,207.627882,0.000791503354,7.80749989,99.67692,0.0,83.9172325,99.99998999999998,100.0,False
2026-05-30 11:30:00,0.0,,96.55,91.21,93.11,120.0,120.0,,0.0,0.0,0.0,,0.0,0.0,0.0,0.0,0.0,0.0,7.0,2.5,8.75,0.0,1.12,0.0,0.0,3.94,0.0,0.0,3.47,0.0,0.0,0.43,0.0,0.0,13.61,0.0,0.0,-10.19,0.0,-0.005278166666666667,,0.0256333833,0.0029036877,207.628085,0.000827364061,8.16123493,99.67692,2.5986435e-06,83.9172243,99.99998999999998,100.0,False
2026-05-30 12:00:00,0.0,,91.72,90.31,94.3,120.0,120.0,,0.0,0.0,0.0,,0.0,0.0,0.0,0.0,0.0,0.0,7.0,2.5,8.75,0.0,1.12,0.0,0.0,3.94,0.0,0.0,3.47,0.0,0.0,0.43,0.0,0.0,13.61,0.0,0.0,-10.19,0.0,-0.00547525,,0.133075233,0.00304245423,207.628338,0.000864719366,8.52971289,99.67692,1.34908094e-05,83.9172006,99.99998999999998,100.0,False
2026-05-30 12:30:00,-0.041,,91.72,88.94,91.6,106.56,106.56,,0.0,-4.36896,0.0,,0.0,0.0,0.0,0.0,0.0,0.0,7.0,2.5,8.75,0.0,1.12,0.0,0.0,3.94,0.0,0.0,3.47,0.0,0.0,0.43,0.0,0.0,13.61,0.0,0.0,-10.19,0.0,-0.0050855278,,0.133075233,0.00317134352,207.628592,0.000912974138,9.00570471,99.67692,1.34908094e-05,83.9171853,99.99998999999998,100.0,False
2026-05-30 13:00:00,-2.068,,89.25,89.96,92.27,96.74,96.74,,-6.578320000000005,0.0,0.0,,0.0,0.0,-4.0,-179.92,0.0,0.0,7.0,2.5,8.75,0.0,1.12,0.0,0.0,3.94,0.0,0.0,3.47,0.0,0.0,0.43,0.0,0.0,13.61,0.0,0.0,-10.19,0.0,-0.12068211103333333,,59.3098186,0.0062299505,207.631887,0.000952897447,9.39951382,99.67692,0.00601266999,83.9170893,99.99998999999998,100.0,False
2026-05-30 13:30:00,-1.269,,89.25,87.45,92.27,87.0,87.0,,-6.002999999999996,0.0,0.0,,0.0,0.0,-2.4,-104.94,0.0,0.0,7.0,2.5,8.75,0.0,1.12,0.0,0.0,3.94,0.0,0.0,3.47,0.0,0.0,0.43,0.0,0.0,13.61,0.0,0.0,-10.19,0.0,-3.9254762,,2036.07289,0.105718507,207.731592,0.000952897447,9.39951382,99.67692,0.206411597,83.8556548,99.99998999999998,100.0,False
2026-05-30 14:00:00,-2.084,,89.21,86.22,92.65,119.83,119.83,,-10.06572000000001,0.0,0.0,,0.0,0.0,-4.0,-172.44,0.0,0.0,7.0,2.5,8.75,0.0,1.12,0.0,0.0,3.94,0.0,0.0,3.47,0.0,0.0,0.43,0.0,0.0,13.61,0.0,0.0,-10.19,0.0,-2.4421470333333333,,3260.55129,0.167613083,207.793735,0.000952897447,9.39951382,99.67692,0.330545926,83.8089486,99.99998999999998,100.0,False
2026-05-30 14:30:00,-0.574,,89.21,87.45,90.65,125.04,125.04,,178.30704000000003,0.0,0.0,,0.0,0.0,-4.0,-174.9,0.0,0.0,7.0,2.5,8.75,0.0,1.12,0.0,0.0,3.94,0.0,0.0,3.47,0.0,0.0,0.43,0.0,0.0,13.61,0.0,0.0,-10.19,0.0,-3.9690079333333337,,5260.3192,0.268204922,207.894657,0.000952897447,9.39951382,99.67692,0.533277022,83.7417322,99.99998999999998,100.0,False
2026-05-30 15:00:00,0.0,,88.57,89.01,90.53,138.15,138.15,,0.0,0.0,0.0,,0.0,0.0,0.0,0.0,0.0,0.0,7.0,6,21,0.0,1.81,0.0,0.0,1.94,0.0,0.0,7.38,0.0,0.0,-0.01,0.0,0.0,13.23,0.0,0.0,-7.22,0.0,-1.0608722944666666,,5791.41126,0.295092017,207.921673,0.000973834594,9.60604077,99.67692,0.587117707,83.7109219,99.99998999999998,100.0,False
2026-05-30 15:30:00,0.0,,88.57,89.61,91.98,153.32,153.32,,0.0,0.0,0.0,,0.0,0.0,0.0,0.0,0.0,0.0,7.0,6,21,0.0,1.81,0.0,0.0,1.94,0.0,0.0,7.38,0.0,0.0,-0.01,0.0,0.0,13.23,0.0,0.0,-7.22,0.0,-0.0056364723000000005,,5791.43629,0.29523487,207.921724,0.00100617516,9.92505263,99.67692,0.587120245,83.7109111,99.99998999999998,100.0,False
2026-05-30 16:00:00,0.0,,95.53,97.49,98.73,133.39,133.39,,0.0,0.0,0.0,,0.0,0.0,0.0,0.0,0.0,0.0,7.0,6,21,0.0,1.81,0.0,0.0,1.94,0.0,0.0,7.38,0.0,0.0,-0.01,0.0,0.0,13.23,0.0,0.0,-7.22,0.0,-0.005101583333333334,,5791.43629,0.295364165,207.92213,0.00106059271,10.461835,99.67692,0.587120245,83.7109222,99.99998999999998,100.0,False
2026-05-30 16:30:00,0.0,,95.53,100.0,96.0,136.18,136.18,,0.0,0.0,0.0,,0.0,0.0,0.0,0.0,0.0,0.0,7.0,6,21,0.0,1.81,0.0,0.0,1.94,0.0,0.0,7.38,0.0,0.0,-0.01,0.0,0.0,13.23,0.0,0.0,-7.22,0.0,-0.0049353611,,5791.43629,0.295489249,207.92218,0.00111901629,11.0381333,99.67692,0.587120245,83.7109355,99.99998999999998,100.0,False
2026-05-30 17:00:00,0.0,,110.0,99.85,107.03,90.01,90.01,,0.0,0.0,0.0,,0.0,0.0,0.0,0.0,0.0,0.0,7.0,6,21,0.0,1.81,0.0,0.0,1.94,0.0,0.0,7.38,0.0,0.0,-0.01,0.0,0.0,13.23,0.0,0.0,-7.22,0.0,-0.004930472266666667,,5791.43629,0.295614209,207.922535,0.00118389434,11.6780995,99.67692,0.587120245,83.7109379,99.99998999999998,100.0,False
2026-05-30 17:30:00,0.0,,110.0,100.74,102.01,68.0,68.0,,0.0,0.0,0.0,,0.0,0.0,0.0,0.0,0.0,0.0,7.0,6,21,0.0,1.81,0.0,0.0,1.94,0.0,0.0,7.38,0.0,0.0,-0.01,0.0,0.0,13.23,0.0,0.0,-7.22,0.0,-0.0049188056,,5791.43629,0.295738873,207.922738,0.00124357513,12.2667992,99.67692,0.587120245,83.7109134,99.99998999999998,100.0,False
2026-05-30 18:00:00,0.0,,127.4,114.47,114.46,115.27,115.27,,0.0,0.0,0.0,,0.0,0.0,0.0,0.0,0.0,0.0,7.0,6,21,0.0,1.81,0.0,0.0,1.94,0.0,0.0,7.38,0.0,0.0,-0.01,0.0,0.0,13.23,0.0,0.0,-7.22,0.0,-0.004937583366666667,,5791.43629,0.295864012,207.923043,0.00130852024,12.9074268,99.67692,0.587120245,83.710871,99.99998999999998,100.0,False
2026-05-30 18:30:00,0.075,,127.4,117.54,120.0,100.41,100.41,,0.0,7.530749999999999,0.0,,0.0,0.0,0.0,0.0,0.0,0.0,7.0,6,21,0.0,1.81,0.0,0.0,1.94,0.0,0.0,7.38,0.0,0.0,-0.01,0.0,0.0,13.23,0.0,0.0,-7.22,0.0,-0.0048645833,,5791.43629,0.295987302,207.923194,0.00137477211,13.5609446,99.67692,0.587120245,83.7108271,99.99998999999998,100.0,False
2026-05-30 19:00:00,3.035,,131.07,126.6,121.0,120.69,120.69,,-44.05184999999997,0.0,0.0,,0.0,0.0,6.8,430.44,0.0,0.0,7.0,6.71,23.485,0.0,2.45,0.0,0.0,0.22,0.0,0.0,6.1,0.0,0.0,-4.02,0.0,0.0,21.64,0.0,0.0,-7.31,0.0,0.20685291666666664,,5791.43629,0.30139809,207.928922,0.012332245,121.646991,99.67692,0.587120245,83.7109725,99.99998999999998,100.0,False
2026-05-30 19:30:00,2.033,,131.07,130.0,125.0,121.3,121.3,,-2.0620999999999885,0.0,0.0,,0.0,0.0,4.1,266.5,0.0,0.0,7.0,6.71,23.485,0.0,2.45,0.0,0.0,0.22,0.0,0.0,6.1,0.0,0.0,-4.02,0.0,0.0,21.64,0.0,0.0,-7.31,0.0,5.958400933333333,,5791.43629,0.452409758,208.08256,0.315892887,3116.01166,99.67692,0.587120245,83.8221302,99.99998999999998,100.0,False
2026-05-30 20:00:00,0.0,,129.17,130.0,126.63,99.4,99.4,,0.0,0.0,0.0,,0.0,0.0,0.0,0.0,0.0,0.0,7.0,6.71,23.485,0.0,2.45,0.0,0.0,0.22,0.0,0.0,6.1,0.0,0.0,-4.02,0.0,0.0,21.64,0.0,0.0,-7.31,0.0,3.9741617333333337,,5791.43629,0.553132216,208.183582,0.518029116,5109.91172,99.67692,0.587120245,83.9149365,99.99998999999998,100.0,False
2026-05-30 20:30:00,0.049,,129.17,130.03,128.58,132.22,132.22,,-0.13221999999997627,0.0,0.0,,4.1,263.589,-4.0,-260.06,0.0,0.0,7.0,6.71,23.485,0.0,2.45,0.0,0.0,0.22,0.0,0.0,6.1,0.0,0.0,-4.02,0.0,0.0,21.64,0.0,0.0,-7.31,0.0,-0.0021055554333333335,,5791.43629,0.553265228,208.183835,0.518237735,5111.96957,99.67692,0.587120245,83.9270384,99.99998999999998,100.0,False
2026-05-30 21:00:00,0.0,,127.3,129.19,128.16,134.78,134.78,,0.0,0.0,0.0,,0.0,0.0,0.0,0.0,0.0,0.0,7.0,6.71,23.485,0.0,2.45,0.0,0.0,0.22,0.0,0.0,6.1,0.0,0.0,-4.02,0.0,0.0,21.64,0.0,0.0,-7.31,0.0,0.08953424933333333,,5791.43629,0.555534413,208.186117,0.523216123,5161.07709,99.67692,0.587120245,83.9286383,99.99998999999998,100.0,False
2026-05-30 21:30:00,0.0,,127.3,127.74,130.56,115.67,115.67,,0.0,0.0,0.0,,0.0,0.0,0.0,0.0,0.0,0.0,7.0,6.71,23.485,0.0,2.45,0.0,0.0,0.22,0.0,0.0,6.1,0.0,0.0,-4.02,0.0,0.0,21.64,0.0,0.0,-7.31,0.0,-0.004976833366666667,,5791.43629,0.555660548,208.186421,0.523283722,5161.74389,99.67692,0.587120245,83.9288246,99.99998999999998,100.0,False
2026-05-30 22:00:00,0.0,,117.09,120.0,122.0,131.04,131.04,,0.0,0.0,0.0,,0.0,0.0,0.0,0.0,0.0,0.0,7.0,6.71,23.485,0.0,2.45,0.0,0.0,0.22,0.0,0.0,6.1,0.0,0.0,-4.02,0.0,0.0,21.64,0.0,0.0,-7.31,0.0,-0.005003638866666667,,5791.43629,0.555787361,208.186674,0.523339595,5162.29503,99.67692,0.587120245,83.9287489,99.98289666666666,100.0,False
2026-05-30 22:30:00,0.0,,117.09,117.17,120.0,116.48,116.48,,0.0,0.0,0.0,,0.0,0.0,0.0,0.0,0.0,0.0,7.0,6.71,23.485,0.0,2.45,0.0,0.0,0.22,0.0,0.0,6.1,0.0,0.0,-4.02,0.0,0.0,21.64,0.0,0.0,-7.31,0.0,-0.0050014722,,5791.43629,0.55591412,208.186826,0.523398867,5162.8797,99.67692,0.587120245,83.9286961,99.99998999999998,100.0,False
2026-05-30 23:00:00,0.0,,115.67,111.53,110.4,90.43,90.43,,0.0,0.0,0.0,,0.0,0.0,0.0,0.0,0.0,0.0,7.0,1.55,5.425,0.0,1.1,0.0,0.0,0.01,0.0,0.0,5.08,0.0,0.0,-3.57,0.0,0.0,15.66,0.0,0.0,-15.18,0.0,-0.00496325,,5791.43629,0.55603991,208.187131,0.523455537,5163.4387,99.67692,0.587120245,83.9286398,99.99998999999998,100.0,False
2026-05-30 23:30:00,0.0,,115.67,106.39,115.0,87.11,87.11,,0.0,0.0,0.0,,0.0,0.0,0.0,0.0,0.0,0.0,7.0,1.55,5.425,0.0,1.1,0.0,0.0,0.01,0.0,0.0,5.08,0.0,0.0,-3.57,0.0,0.0,15.66,0.0,0.0,-15.18,0.0,-0.004971472233333334,,5791.43629,0.556165909,208.187283,0.523511848,5163.99416,99.67692,0.587120245,83.9286005,99.99998999999998,100.0,False
2026-05-31 00:00:00,0.0,,112.03,103.96,107.04,90.26,90.26,,0.0,0.0,0.0,,0.0,0.0,0.0,0.0,0.0,0.0,7.0,1.55,5.425,0.0,1.1,0.0,0.0,0.01,0.0,0.0,5.08,0.0,0.0,-3.57,0.0,0.0,15.66,0.0,0.0,-15.18,0.0,-0.005005361066666667,,5791.43629,0.556292766,208.187637,0.52356525,5164.52093,99.67692,0.587120245,83.9285543,99.99998999999998,100.0,False
2026-05-31 00:30:00,0.0,,112.03,98.08,101.0,98.29,98.29,,0.0,0.0,0.0,,0.0,0.0,0.0,0.0,0.0,0.0,7.0,1.55,5.425,0.0,1.1,0.0,0.0,0.01,0.0,0.0,5.08,0.0,0.0,-3.57,0.0,0.0,15.66,0.0,0.0,-15.18,0.0,-0.0050132499999999995,,0.0,0.000127057453,208.18779,4.86678446e-05,0.480066433,99.67692,0.0,83.9284823,99.99998999999998,100.0,False
2026-05-31 01:00:00,0.0,,108.6,99.49,102.74,94.59,94.59,,0.0,0.0,0.0,,0.0,0.0,0.0,0.0,0.0,0.0,7.0,1.55,5.425,0.0,1.1,0.0,0.0,0.01,0.0,0.0,5.08,0.0,0.0,-3.57,0.0,0.0,15.66,0.0,0.0,-15.18,0.0,-0.004992638833333333,,0.0,0.000253592529,208.188094,9.74998741e-05,0.961752408,99.67692,0.0,83.9284154,99.99998999999998,100.0,False
2026-05-31 01:30:00,0.0,,108.6,97.22,104.39,102.08,102.08,,0.0,0.0,0.0,,0.0,0.0,0.0,0.0,0.0,0.0,7.0,1.55,5.425,0.0,1.1,0.0,0.0,0.01,0.0,0.0,5.08,0.0,0.0,-3.57,0.0,0.0,15.66,0.0,0.0,-15.18,0.0,-0.004976638866666667,,0.0,0.000379722097,208.188245,0.000142942799,1.41000778,99.67692,0.0,83.9283299,99.99998999999998,100.0,False
2026-05-31 02:00:00,0.0,,106.0,99.12,103.43,99.56,99.56,,0.0,0.0,0.0,,0.0,0.0,0.0,0.0,0.0,0.0,7.0,1.55,5.425,0.0,1.1,0.0,0.0,0.01,0.0,0.0,5.08,0.0,0.0,-3.57,0.0,0.0,15.66,0.0,0.0,-15.18,0.0,-0.004972083366666667,,0.0,0.00050573621,208.188448,0.000183765767,1.81269125,99.67692,0.0,83.9282735,99.99998999999998,100.0,False
2026-05-31 02:30:00,0.0,,106.0,96.25,97.43,99.87,99.87,,0.0,0.0,0.0,,0.0,0.0,0.0,0.0,0.0,0.0,7.0,1.55,5.425,0.0,1.1,0.0,0.0,0.01,0.0,0.0,5.08,0.0,0.0,-3.57,0.0,0.0,15.66,0.0,0.0,-15.18,0.0,-0.004989611066666667,,0.0,0.00063219455,208.188803,0.000225383134,2.22321079,99.67692,0.0,83.9282038,99.99998999999998,100.0,False
2026-05-31 03:00:00,0.0,,105.71,97.2,100.0,103.06,103.06,,0.0,0.0,0.0,,0.0,0.0,0.0,0.0,0.0,0.0,7.0,1.69,5.915,0.0,1.43,0.0,0.0,0.25,0.0,0.0,5.97,0.0,0.0,-3.06,0.0,0.0,22.15,0.0,0.0,-11.46,0.0,-0.005004111133333333,,0.0,0.00075902038,208.188955,0.000266718503,2.63094865,99.67692,0.0,83.9281403,99.99998999999998,100.0,False
2026-05-31 03:30:00,0.0,,105.71,100.33,96.78,101.66,101.66,,0.0,0.0,0.0,,0.0,0.0,0.0,0.0,0.0,0.0,7.0,1.69,5.915,0.0,1.43,0.0,0.0,0.25,0.0,0.0,5.97,0.0,0.0,-3.06,0.0,0.0,22.15,0.0,0.0,-11.46,0.0,-0.0050260556,,0.0,0.000886402385,208.189209,0.000306379743,3.02217268,99.67692,0.0,83.9280598,99.99998999999998,100.0,False
2026-05-31 04:00:00,0.0,,106.24,96.89,100.8,103.16,103.16,,0.0,0.0,0.0,,0.0,0.0,0.0,0.0,0.0,0.0,7.0,1.69,5.915,0.0,1.43,0.0,0.0,0.25,0.0,0.0,5.97,0.0,0.0,-3.06,0.0,0.0,22.15,0.0,0.0,-11.46,0.0,-0.005012083366666666,,0.0,0.00101343027,208.189361,0.00035098629,3.4621779,99.67692,0.0,83.9280028,99.99998999999998,100.0,False
2026-05-31 04:30:00,0.0,,106.24,97.58,102.5,102.75,102.75,,0.0,0.0,0.0,,0.0,0.0,0.0,0.0,0.0,0.0,7.0,1.69,5.915,0.0,1.43,0.0,0.0,0.25,0.0,0.0,5.97,0.0,0.0,-3.06,0.0,0.0,22.15,0.0,0.0,-11.46,0.0,-0.005022972133333334,,0.0,0.00114073412,208.189664,0.000384428877,3.79206026,99.67692,0.0,83.9279137,99.99998999999998,100.0,False
2026-05-31 05:00:00,0.0,,101.14,96.11,95.63,104.67,104.67,,0.0,0.0,0.0,,0.0,0.0,0.0,0.0,0.0,0.0,7.0,1.69,5.915,0.0,1.43,0.0,0.0,0.25,0.0,0.0,5.97,0.0,0.0,-3.06,0.0,0.0,22.15,0.0,0.0,-11.46,0.0,-0.005028166666666667,,0.0,0.00126816963,208.189969,0.000417615697,4.1194197,99.67692,0.0,83.9278389,99.99998999999998,100.0,False
2026-05-31 05:30:00,0.0,,101.14,97.5,93.07,101.86,101.86,,0.0,0.0,0.0,,0.0,0.0,0.0,0.0,0.0,0.0,7.0,1.69,5.915,0.0,1.43,0.0,0.0,0.25,0.0,0.0,5.97,0.0,0.0,-3.06,0.0,0.0,22.15,0.0,0.0,-11.46,0.0,-0.005035416633333334,,0.0,0.00139578888,208.19002,0.000444907817,4.38863299,99.67692,0.0,83.9277384,99.99998999999998,100.0,False
2026-05-31 06:00:00,0.0,,92.62,105.34,98.0,99.96,99.96,,0.0,0.0,0.0,,0.0,0.0,0.0,0.0,0.0,0.0,7.0,1.69,5.915,0.0,1.43,0.0,0.0,0.25,0.0,0.0,5.97,0.0,0.0,-3.06,0.0,0.0,22.15,0.0,0.0,-11.46,0.0,-0.004977055533333333,,0.0,0.001521929,208.190425,0.000472352515,4.65935134,99.67692,0.0,83.9276814,99.99998999999998,100.0,False
2026-05-31 06:30:00,0.0,,92.62,104.0,99.0,100.05,100.05,,0.0,0.0,0.0,,0.0,0.0,0.0,0.0,0.0,0.0,7.0,1.69,5.915,0.0,1.43,0.0,0.0,0.25,0.0,0.0,5.97,0.0,0.0,-3.06,0.0,0.0,22.15,0.0,0.0,-11.46,0.0,-0.0049586668,,0.0,0.00164760308,208.190527,0.000505542385,4.98674086,99.67692,0.0,83.9276086,99.99998999999998,100.0,False
2026-05-31 07:00:00,0.0,,92.06,111.35,102.0,85.0,85.0,,0.0,0.0,0.0,,0.0,0.0,0.0,0.0,0.0,0.0,7.0,4.65,16.275000000000002,0.0,1.18,0.0,0.0,0.65,0.0,0.0,5.4,0.0,0.0,-3.04,0.0,0.0,13.49,0.0,0.0,-14.14,0.0,-0.004934361133333333,,0.0,0.00177266115,208.190881,0.000542826782,5.35451937,99.67692,0.0,83.9275671,99.99998999999998,100.0,False
2026-05-31 07:30:00,0.0,,92.06,112.0,102.69,98.23,98.23,,0.0,0.0,0.0,,0.0,0.0,0.0,0.0,0.0,0.0,7.0,4.65,16.275000000000002,0.0,1.18,0.0,0.0,0.65,0.0,0.0,5.4,0.0,0.0,-3.04,0.0,0.0,13.49,0.0,0.0,-14.14,0.0,-0.004917999966666667,,0.0,0.00189730455,208.190932,0.000574341844,5.66538836,99.67692,0.0,83.9275621,99.99998999999998,100.0,False
2026-05-31 08:00:00,0.0,,94.34,105.0,98.57,85.0,85.0,,0.0,0.0,0.0,,0.0,0.0,0.0,0.0,0.0,0.0,7.0,4.65,16.275000000000002,0.0,1.18,0.0,0.0,0.65,0.0,0.0,5.4,0.0,0.0,-3.04,0.0,0.0,13.49,0.0,0.0,-14.14,0.0,-0.0049169722,,0.0,0.00202192191,208.191389,0.000605654986,5.97426557,99.67692,0.0,83.9275843,99.99998999999998,100.0,False
2026-05-31 08:30:00,-0.042,,94.34,103.58,100.39,77.0,77.0,,0.0,-3.234,0.0,,0.0,0.0,0.0,0.0,0.0,0.0,7.0,4.65,16.275000000000002,0.0,1.18,0.0,0.0,0.65,0.0,0.0,5.4,0.0,0.0,-3.04,0.0,0.0,13.49,0.0,0.0,-14.14,0.0,-0.0049164444333333335,,0.0,0.00214652589,208.191439,0.000628081386,6.19548272,99.67692,0.0,83.9275852,99.99998999999998,100.0,False
2026-05-31 09:00:00,-2.031,,93.96,107.29,100.0,77.0,77.0,,-2.3870000000000107,0.0,0.0,,0.0,0.0,-4.0,-214.58,0.0,0.0,7.0,4.65,16.275000000000002,0.0,1.18,0.0,0.0,0.65,0.0,0.0,5.4,0.0,0.0,-3.04,0.0,0.0,13.49,0.0,0.0,-14.14,0.0,-0.12491046666666666,,61.583095,0.00531229775,208.194784,0.000646907745,6.38118856,99.67692,0.00624312865,83.9275149,99.99998999999998,100.0,False
2026-05-31 09:30:00,0.0,,93.96,104.22,99.0,87.3,87.3,,0.0,0.0,0.0,,0.0,0.0,0.0,0.0,0.0,0.0,7.0,4.65,16.275000000000002,0.0,1.18,0.0,0.0,0.65,0.0,0.0,5.4,0.0,0.0,-3.04,0.0,0.0,13.49,0.0,0.0,-14.14,0.0,-3.8567873,,2001.98151,0.10305998,208.292917,0.000646907745,6.38118856,99.67692,0.202955504,83.8662923,99.99998999999998,100.0,False
2026-05-31 10:00:00,0.0,,105.99,98.0,95.6,86.6,86.6,,0.0,0.0,0.0,,0.0,0.0,0.0,0.0,0.0,0.0,7.0,4.65,16.275000000000002,0.0,1.18,0.0,0.0,0.65,0.0,0.0,5.4,0.0,0.0,-3.04,0.0,0.0,13.49,0.0,0.0,-14.14,0.0,-0.0049161388999999995,,2001.98151,0.103184576,208.293222,0.000684134862,6.74840206,99.67692,0.202955504,83.8563776,99.99998999999998,100.0,False
2026-05-31 10:30:00,0.0,,105.99,97.17,93.62,123.95,123.95,,0.0,0.0,0.0,,0.0,0.0,0.0,0.0,0.0,0.0,7.0,4.65,16.275000000000002,0.0,1.18,0.0,0.0,0.65,0.0,0.0,5.4,0.0,0.0,-3.04,0.0,0.0,13.49,0.0,0.0,-14.14,0.0,-0.005694861133333333,,2002.16346,0.103328909,208.293323,0.000692941973,6.83527663,99.67692,0.20297395,83.8563774,99.99998999999998,100.0,False
2026-05-31 11:00:00,-0.001,,108.85,98.0,97.35,77.0,77.0,,0.0,-0.077,0.0,,0.0,0.0,0.0,0.0,0.0,0.0,7.0,2.27,7.945,0.0,1.51,0.0,0.0,2.42,0.0,0.0,4.21,0.0,0.0,-0.93,0.0,0.0,16.44,0.0,0.0,-13.94,0.0,-0.004958277766666667,,2002.16346,0.103454573,208.293728,0.000718245235,7.08487155,99.67692,0.20297395,83.8563926,99.99998999999998,100.0,False
2026-05-31 11:30:00,0.0,,108.85,97.1,94.18,79.4,79.4,,0.0,0.0,0.0,,0.0,0.0,0.0,0.0,0.0,0.0,7.0,2.27,7.945,0.0,1.51,0.0,0.0,2.42,0.0,0.0,4.21,0.0,0.0,-0.93,0.0,0.0,16.44,0.0,0.0,-13.94,0.0,-0.006441888966666667,,2002.67433,0.103617839,208.29383,0.000718245235,7.08487155,99.67692,0.203025741,83.8563695,99.99998999999998,100.0,False
2026-05-31 12:00:00,0.0,,107.98,97.27,97.78,77.68,77.68,,0.0,0.0,0.0,,0.0,0.0,0.0,0.0,0.0,0.0,7.0,2.27,7.945,0.0,1.51,0.0,0.0,2.42,0.0,0.0,4.21,0.0,0.0,-0.93,0.0,0.0,16.44,0.0,0.0,-13.94,0.0,-0.005882750066666667,,2003.06436,0.103766933,208.294236,0.00073683687,7.26826204,99.67692,0.203065281,83.8563662,99.99998999999998,100.0,False
2026-05-31 12:30:00,-0.006,,107.98,95.73,93.78,77.0,77.0,,0.0,-0.462,0.0,,0.0,0.0,0.0,0.0,0.0,0.0,7.0,2.27,7.945,0.0,1.51,0.0,0.0,2.42,0.0,0.0,4.21,0.0,0.0,-0.93,0.0,0.0,16.44,0.0,0.0,-13.94,0.0,-0.005921222166666666,,2003.29843,0.103917002,208.294489,0.00073683687,7.26826204,99.67692,0.20308901,83.8563545,99.99998999999998,100.0,False
2026-05-31 13:00:00,-0.001,,99.73,92.72,95.0,77.0,77.0,,0.0,-0.077,0.0,,0.0,0.0,0.0,0.0,0.0,0.0,7.0,2.27,7.945,0.0,1.51,0.0,0.0,2.42,0.0,0.0,4.21,0.0,0.0,-0.93,0.0,0.0,16.44,0.0,0.0,-13.94,0.0,-0.018664833366666665,,2009.93305,0.10439005,208.295047,0.00073683687,7.26826204,99.67692,0.20376161,83.8562914,99.99998999999998,100.0,False
2026-05-31 13:30:00,-0.036,,99.73,90.9,86.17,74.0,74.0,,0.0,-2.6639999999999997,0.0,,0.0,0.0,0.0,0.0,0.0,0.0,7.0,2.27,7.945,0.0,1.51,0.0,0.0,2.42,0.0,0.0,4.21,0.0,0.0,-0.93,0.0,0.0,16.44,0.0,0.0,-13.94,0.0,-0.0063769166333333335,,2010.40611,0.104551669,208.295199,0.000738945576,7.28906261,99.67692,0.203809568,83.856136,99.99998999999998,100.0,False
2026-05-31 14:00:00,-1.667,,96.0,92.77,86.0,66.0,66.0,,-1.1220000000000083,0.0,0.0,,-3.3,-141.9,0.0,0.0,0.0,0.0,7.0,2.27,7.945,0.0,1.51,0.0,0.0,2.42,0.0,0.0,4.21,0.0,0.0,-0.93,0.0,0.0,16.44,0.0,0.0,-13.94,0.0,-0.10750286226666665,,2062.49688,0.107276256,208.297936,0.000738945576,7.28906261,99.67692,0.20909039,83.8560112,99.99998999999998,100.0,False
2026-05-31 14:30:00,-2.047,,96.0,88.0,88.5,60.0,60.0,,-2.820000000000009,0.0,0.0,,0.0,0.0,-4.0,-176.0,0.0,0.0,7.0,2.27,7.945,0.0,1.51,0.0,0.0,2.42,0.0,0.0,4.21,0.0,0.0,-0.93,0.0,0.0,16.44,0.0,0.0,-13.94,0.0,-3.207272566666667,,3671.80831,0.188562424,208.379697,0.000738945576,7.28906261,99.67692,0.372238057,83.8072824,99.99998999999998,100.0,False
2026-05-31 15:00:00,-0.511,,98.5,92.0,86.1,73.06,73.06,,-0.8036600000000007,0.0,0.0,,0.0,0.0,-1.0,-46.0,0.0,0.0,7.0,5.05,17.675,0.0,1.5,0.0,0.0,1.46,0.0,0.0,4.94,0.0,0.0,-0.01,0.0,0.0,16.44,0.0,0.0,-7.21,0.0,-3.892484766666667,,5628.9052,0.287214835,208.478641,0.000738945576,7.28906261,99.67692,0.57064328,83.7380741,99.99998999999998,100.0,False
2026-05-31 15:30:00,0.0,,98.5,90.0,90.0,78.8,78.8,,0.0,0.0,0.0,,0.0,0.0,0.0,0.0,0.0,0.0,7.0,5.05,17.675,0.0,1.5,0.0,0.0,1.46,0.0,0.0,4.94,0.0,0.0,-0.01,0.0,0.0,16.44,0.0,0.0,-7.21,0.0,-0.9800843266666667,,6116.41197,0.312054414,208.50363,0.000738945576,7.28906261,99.67692,0.620065406,83.7128456,99.99998999999998,100.0,False
2026-05-31 16:00:00,0.0,,102.99,95.0,95.0,82.0,82.0,,0.0,0.0,0.0,,0.0,0.0,0.0,0.0,0.0,0.0,7.0,5.05,17.675,0.0,1.5,0.0,0.0,1.46,0.0,0.0,4.94,0.0,0.0,-0.01,0.0,0.0,16.44,0.0,0.0,-7.21,0.0,-0.005767944433333334,,6116.66578,0.312200598,208.503833,0.000750934462,7.40732266,99.67692,0.620091136,83.710346,99.99998999999998,100.0,False
2026-05-31 16:30:00,0.0,,102.99,94.0,95.0,129.5,129.5,,0.0,0.0,0.0,,0.0,0.0,0.0,0.0,0.0,0.0,7.0,5.05,17.675,0.0,1.5,0.0,0.0,1.46,0.0,0.0,4.94,0.0,0.0,-0.01,0.0,0.0,16.44,0.0,0.0,-7.21,0.0,-0.0049088334,,6116.66578,0.312325009,208.504086,0.000775954723,7.65412602,99.67692,0.620091136,83.7102816,99.99998999999998,100.0,False
2026-05-31 17:00:00,0.0,,109.0,102.0,101.68,131.0,131.0,,0.0,0.0,0.0,,0.0,0.0,0.0,0.0,0.0,0.0,7.0,5.05,17.675,0.0,1.5,0.0,0.0,1.46,0.0,0.0,4.94,0.0,0.0,-0.01,0.0,0.0,16.44,0.0,0.0,-7.21,0.0,-0.0049413888999999996,,6116.66578,0.312450246,208.504391,0.000801019206,7.90136559,99.67692,0.620091136,83.7102129,99.99998999999998,100.0,False
2026-05-31 17:30:00,0.0,,109.0,97.29,97.54,131.0,131.0,,0.0,0.0,0.0,,0.0,0.0,0.0,0.0,0.0,0.0,7.0,5.05,17.675,0.0,1.5,0.0,0.0,1.46,0.0,0.0,4.94,0.0,0.0,-0.01,0.0,0.0,16.44,0.0,0.0,-7.21,0.0,-0.004912027766666666,,6116.66578,0.312574738,208.504543,0.000830385501,8.19103884,99.67692,0.620091136,83.7101625,99.99998999999998,100.0,False
2026-05-31 18:00:00,0.0,,121.9,112.69,111.08,143.49,143.49,,0.0,0.0,0.0,,0.0,0.0,0.0,0.0,0.0,0.0,7.0,5.05,17.675,0.0,1.5,0.0,0.0,1.46,0.0,0.0,4.94,0.0,0.0,-0.01,0.0,0.0,16.44,0.0,0.0,-7.21,0.0,-0.0049603056,,6116.66578,0.312700453,208.504847,0.000856457456,8.44821625,99.67692,0.620091136,83.7101164,99.99998999999998,100.0,False
2026-05-31 18:30:00,0.0,,121.9,122.08,122.4,154.9,154.9,,0.0,0.0,0.0,,0.0,0.0,0.0,0.0,0.0,0.0,7.0,5.05,17.675,0.0,1.5,0.0,0.0,1.46,0.0,0.0,4.94,0.0,0.0,-0.01,0.0,0.0,16.44,0.0,0.0,-7.21,0.0,-0.004958777766666666,,6116.66578,0.312826131,208.504998,0.00088239712,8.70408873,99.67692,0.620091136,83.7100728,99.99998999999998,100.0,False
2026-05-31 19:00:00,0.0,,129.97,127.08,127.4,143.49,143.49,,0.0,0.0,0.0,,0.0,0.0,0.0,0.0,0.0,0.0,7.0,6.8,23.8,0.0,2.85,0.0,0.0,0.1,0.0,0.0,6.44,0.0,0.0,-0.92,0.0,0.0,16.44,0.0,0.0,-14.6,0.0,-0.005008305633333334,,6116.66578,0.312953062,208.505303,0.000906101006,8.93790718,99.67692,0.620091136,83.7100336,99.99998999999998,100.0,False
2026-05-31 19:30:00,0.04,,129.97,130.0,130.0,145.0,145.0,,0.0,5.8,0.0,,0.0,0.0,0.0,0.0,0.0,0.0,7.0,6.8,23.8,0.0,2.85,0.0,0.0,0.1,0.0,0.0,6.44,0.0,0.0,-0.92,0.0,0.0,16.44,0.0,0.0,-14.6,0.0,-0.004943416633333334,,6116.66578,0.31307835,208.505505,0.000930406693,9.17766188,99.67692,0.620091136,83.7099866,99.99998999999998,100.0,False
2026-05-31 20:00:00,1.914,,132.94,131.73,128.27,143.49,143.49,,16.357859999999985,0.0,0.0,,3.6,230.88600000000002,0.0,0.0,0.0,0.0,7.0,6.8,23.8,0.0,2.85,0.0,0.0,0.1,0.0,0.0,6.44,0.0,0.0,-0.92,0.0,0.0,16.44,0.0,0.0,-14.6,0.0,0.10600350000000001,,6116.66578,0.315934521,208.508547,0.00667328632,65.8262305,99.67692,0.620091136,83.7100242,99.99998999999998,100.0,False
2026-05-31 20:30:00,3.23,,132.94,132.69,129.9,154.9,154.9,,-65.05799999999999,0.0,0.0,,7.3,474.135,0.0,0.0,0.0,0.0,7.0,6.8,23.8,0.0,2.85,0.0,0.0,0.1,0.0,0.0,6.44,0.0,0.0,-0.92,0.0,0.0,16.44,0.0,0.0,-14.6,0.0,3.6999276333333335,,6116.66578,0.409706701,208.602625,0.194618753,1919.74663,99.67692,0.620091136,83.7761184,99.99998999999998,100.0,False
2026-05-31 21:00:00,0.0,,130.59,132.08,130.62,144.0,144.0,,0.0,0.0,0.0,,0.0,0.0,0.0,0.0,0.0,0.0,7.0,6.8,23.8,0.0,2.85,0.0,0.0,0.1,0.0,0.0,6.44,0.0,0.0,-0.92,0.0,0.0,16.44,0.0,0.0,-14.6,0.0,6.170334033333334,,6116.66578,0.566089671,208.761332,0.50851112,5016.02488,99.67692,0.620091136,83.9057964,99.99998999999998,100.0,False
2026-05-31 21:30:00,0.0,,130.59,132.35,130.59,143.49,143.49,,0.0,0.0,0.0,,0.0,0.0,0.0,0.0,0.0,0.0,7.0,6.8,23.8,0.0,2.85,0.0,0.0,0.1,0.0,0.0,6.44,0.0,0.0,-0.92,0.0,0.0,16.44,0.0,0.0,-14.6,0.0,-0.005035111166666667,,6116.66578,0.566217282,208.761483,0.508543034,5016.33968,99.67692,0.620091136,83.9218474,99.99998999999998,100.0,False
2026-05-31 22:00:00,0.0,,119.23,125.77,121.61,143.49,143.49,,0.0,0.0,0.0,,0.0,0.0,0.0,0.0,0.0,0.0,7.0,6.8,23.8,0.0,2.85,0.0,0.0,0.1,0.0,0.0,6.44,0.0,0.0,-0.92,0.0,0.0,16.44,0.0,0.0,-14.6,0.0,-0.005026249966666667,,6116.66578,0.566344669,208.761788,0.508573013,5016.6354,99.67692,0.620091136,83.9217964,99.99998999999998,100.0,False
2026-05-31 22:30:00,0.0,,119.23,124.5,123.14,143.49,143.49,,0.0,0.0,0.0,,0.0,0.0,0.0,0.0,0.0,0.0,7.0,6.8,23.8,0.0,2.85,0.0,0.0,0.1,0.0,0.0,6.44,0.0,0.0,-0.92,0.0,0.0,16.44,0.0,0.0,-14.6,0.0,-0.005020499966666667,,6116.66578,0.566471911,208.76194,0.50860035,5016.90506,99.67692,0.620091136,83.9217044,99.99998999999998,100.0,False
2026-05-31 23:00:00,0.0,,113.68,121.61,128.0,143.49,143.49,,0.0,0.0,0.0,,0.0,0.0,0.0,0.0,0.0,0.0,7.0,1.55,5.425,0.0,0.8,0.0,0.0,0.3,0.0,0.0,4.55,0.0,0.0,-3.27,0.0,0.0,14.79,0.0,0.0,-15.43,0.0,-0.005069583200000001,,6116.66578,0.566600396,208.762143,0.508631186,5017.20923,99.67692,0.620091136,83.9216153,99.99998999999998,100.0,False
2026-05-31 23:30:00,0.0,,113.68,116.74,119.3,103.68,103.68,,0.0,0.0,0.0,,0.0,0.0,0.0,0.0,0.0,0.0,7.0,1.55,5.425,0.0,0.8,0.0,0.0,0.3,0.0,0.0,4.55,0.0,0.0,-3.27,0.0,0.0,14.79,0.0,0.0,-15.43,0.0,-0.004991305566666666,,6116.66578,0.566726897,208.762396,0.508656531,5017.45923,99.67692,0.620091136,83.9215424,99.99998999999998,100.0,False
