Timestamp,Credited Energy Volume Battery MWh Output,Battery SoC,Day Ahead Price (EPEX),GB-ISEM Intraday 1 Price,DA HH Price,SSP,SBP,IDC Price,Imbalance Revenue,Imbalance Charge,DA MW,EPEX DA Revenues,EPEX 30 DA MW,EPEX 30 DA Revenue,IDA1 MW,IDA1 Revenue,IDC MW,IDC Revenue,SFFR Availability,SFFR Clearing Price,SFFR revenues,DCL Availability,DCL Clearing Price,DCL revenues,DCH Availability,DCH Clearing Price,DCH revenues,DML Availability,DML Clearing Price,DML revenues,DMH Availability,DMH Clearing Price,DMH revenues,DRL Availability,DRL Clearing Price,DRL revenues,DRH Availability,DRH Clearing Price,DRH revenues,Power_MW,SOC,SCADA_Import_Cycles,SCADA_Daily_Import_kWh,SCADA_Daily_Cycles,SCADA_Export_Cycles,SCADA_Cumulative_Cycles,SCADA_SOH,SCADA_RTE,SCADA_Daily_Export_kWh,SCADA_Availability,SCADA_Inverter_Availability,SCADA_SOC_calculated
2026-04-01 00:30:00,0.0,,108.91,107.13,112.32,101.36,101.36,,0.0,0.0,0.0,,0.0,0.0,0.0,0.0,0.0,0.0,7.4,1.6,5.920000000000001,0.0,1.1,0.0,0.0,1.11,0.0,0.0,4.95,0.0,0.0,-0.4,0.0,0.0,18.23,0.0,0.0,-9.19,0.0,-0.005028444466666667,,0.0,0.0,0.000127442546,2.98592711e-05,158.981269,98.930765,83.7128637,0.29453603,99.99998999999998,100.0,False
2026-04-01 01:00:00,0.0,,105.32,102.74,102.42,92.88,92.88,,0.0,0.0,0.0,,0.0,0.0,0.0,0.0,0.0,0.0,7.4,1.6,5.920000000000001,0.0,1.32,0.0,0.0,1.34,0.0,0.0,5.33,0.0,0.0,-0.24,0.0,0.0,18.29,0.0,0.0,-8.74,0.0,-0.005061694433333333,,0.0,0.0,0.000255727791,5.79701282e-05,158.981573,98.930765,83.7127678,0.57182546,99.99998999999998,100.0,False
2026-04-01 01:30:00,0.0,,105.32,99.38,102.42,118.13,118.13,,0.0,0.0,0.0,,0.0,0.0,0.0,0.0,0.0,0.0,7.36023,1.6,5.888184,0.0,1.32,0.0,0.0,1.34,0.0,0.0,5.33,0.0,0.0,-0.24,0.0,0.0,18.29,0.0,0.0,-8.74,0.0,-0.0050563889333333336,,0.0,0.0,0.000383878569,8.91624293e-05,158.981827,98.930765,83.7126765,0.879510685,99.99998999999998,100.0,False
2026-04-01 02:00:00,0.0,,104.13,102.01,105.67,119.19,119.19,,0.0,0.0,0.0,,0.0,0.0,0.0,0.0,0.0,0.0,7.4711300000000005,1.6,5.976904000000001,0.0,1.32,0.0,0.0,1.34,0.0,0.0,5.33,0.0,0.0,-0.24,0.0,0.0,18.29,0.0,0.0,-8.74,0.0,-0.0050184722,,2.39950805e-06,0.0236690833,0.000511068375,0.000103046235,158.98203,98.930765,83.7125814,1.01646249,99.99998999999998,100.0,False
2026-04-01 02:30:00,-0.041,,104.13,100.46,102.42,95.23,95.23,,0.0,-3.9044300000000005,0.0,,0.0,0.0,0.0,0.0,0.0,0.0,7.3918800000000005,1.6,5.9135040000000005,0.0,1.32,0.0,0.0,1.34,0.0,0.0,5.33,0.0,0.0,-0.24,0.0,0.0,18.29,0.0,0.0,-8.74,0.0,-0.005029,,2.39950805e-06,0.0236690833,0.000638525,0.000134945254,158.982334,98.930765,83.7124901,1.33111888,99.99998999999998,100.0,False
2026-04-01 03:00:00,-1.51,,103.87,99.74,104.67,90.7,90.7,,-0.9070000000000008,0.0,0.0,,-3.0,-157.005,0.0,0.0,0.0,0.0,6.96858,1.66,5.7839214,0.0,2.24,0.0,0.0,2.96,0.0,0.0,6.51,0.0,0.0,0.94,0.0,0.0,19.72,0.0,0.0,-7.68,0.0,-0.09460639003333333,,0.00462287952,45.6007308,0.00303626039,0.000157220665,158.984666,98.930765,83.7123092,1.55084665,99.99998999999998,100.0,False
2026-04-01 03:30:00,-0.057,,103.87,99.36,102.7,89.37,89.37,,0.0,-5.0940900000000005,0.0,,0.0,0.0,0.0,0.0,0.0,0.0,7.36253,1.66,6.1108999,0.0,2.24,0.0,0.0,2.96,0.0,0.0,6.51,0.0,0.0,0.94,0.0,0.0,19.72,0.0,0.0,-7.68,0.0,-2.9279049666666666,,0.152800681,1507.24731,0.0772420445,0.000157220665,159.059229,98.930765,83.6531431,1.55084665,99.99998999999998,100.0,False
2026-04-01 04:00:00,-2.044,,102.1,96.65,103.14,119.0,119.0,,-5.236000000000004,0.0,0.0,,-4.0,-206.28,0.0,0.0,0.0,0.0,7.4015200000000005,1.66,6.1432616,0.0,2.24,0.0,0.0,2.96,0.0,0.0,6.51,0.0,0.0,0.94,0.0,0.0,19.72,0.0,0.0,-7.68,0.0,-0.12879791663333334,,0.159190812,1570.28046,0.080506341,0.000157220665,159.062676,98.930765,83.6433616,1.55084665,99.99998999999998,100.0,False
2026-04-01 04:30:00,-1.985,,102.1,95.34,102.42,59.6,59.6,,0.8939999999999942,0.0,0.0,,-4.0,-204.84,0.0,0.0,0.0,0.0,7.37039,1.66,6.1174237,0.0,2.24,0.0,0.0,2.96,0.0,0.0,6.51,0.0,0.0,0.94,0.0,0.0,19.72,0.0,0.0,-7.68,0.0,-3.9606342666666663,,0.360273352,3553.78678,0.180885955,0.000157220665,159.163394,98.930765,83.5653606,1.55084665,99.99998999999998,100.0,False
2026-04-01 05:00:00,0.0,,109.9,95.34,105.59,96.0,96.0,,0.0,0.0,0.0,,0.0,0.0,0.0,0.0,0.0,0.0,7.4566300000000005,1.66,6.1890029,0.0,2.24,0.0,0.0,2.96,0.0,0.0,6.51,0.0,0.0,0.94,0.0,0.0,19.72,0.0,0.0,-7.68,0.0,-3.8257474333333334,,0.554306714,5467.75903,0.277846953,0.000157220665,159.260716,98.930765,83.4757184,1.55084665,99.99998999999998,100.0,False
2026-04-01 05:30:00,0.0,,109.9,101.75,108.12,93.94,93.94,,0.0,0.0,0.0,,0.0,0.0,0.0,0.0,0.0,0.0,7.3215699999999995,1.66,6.076903099999999,0.0,2.24,0.0,0.0,2.96,0.0,0.0,6.51,0.0,0.0,0.94,0.0,0.0,19.72,0.0,0.0,-7.68,0.0,-0.005001749933333333,,0.554306714,5467.75903,0.277973719,0.000190481024,159.260919,98.930765,83.4631772,1.87893149,99.99998999999998,100.0,False
2026-04-01 06:00:00,0.0,,134.17,122.95,125.85,132.0,132.0,,0.0,0.0,0.0,,0.0,0.0,0.0,0.0,0.0,0.0,7.32563,1.66,6.0802729,0.0,2.72,0.0,0.0,2.89,0.0,0.0,7.58,0.0,0.0,0.38,0.0,0.0,21.42,0.0,0.0,-9.16,0.0,-0.005007166666666667,,0.554306714,5467.75903,0.278100622,0.000224557981,159.261223,98.930765,83.4630918,2.21507136,99.99998999999998,100.0,False
2026-04-01 06:30:00,0.0,,134.17,134.59,135.0,139.9,139.9,,0.0,0.0,0.0,,0.0,0.0,0.0,0.0,0.0,0.0,7.39093,1.66,6.134471899999999,0.0,2.72,0.0,0.0,2.89,0.0,0.0,7.58,0.0,0.0,0.38,0.0,0.0,21.42,0.0,0.0,-9.16,0.0,-0.0049800000333333335,,0.554306714,5467.75903,0.278226837,0.000256746187,159.261325,98.930765,83.4630101,2.53258033,99.99998999999998,100.0,False
2026-04-01 07:00:00,0.091,,147.24,145.5,145.6,154.9,154.9,,0.0,14.0959,0.0,,3.7,269.36,-3.7,-269.175,0.0,0.0,7.34058,3.84,14.0939136,0.0,5.04,0.0,0.0,0.81,0.0,0.0,9.8,0.0,0.0,-2.42,0.0,0.0,32.77,0.0,0.0,-13.22,0.0,-0.0050180833,,0.554306714,5467.75903,0.278354017,0.000282509506,159.261629,98.930765,83.4629383,2.78671332,99.99998999999998,100.0,False
2026-04-01 07:30:00,3.49,,147.24,158.14,159.0,163.0,163.0,,14.67000000000005,0.0,0.0,,6.8,540.6,0.0,0.0,0.0,0.0,7.24954,3.84,13.9191168,0.0,5.04,0.0,0.0,0.81,0.0,0.0,9.8,0.0,0.0,-2.42,0.0,0.0,32.77,0.0,0.0,-13.22,0.0,0.19548319783333334,,0.554306714,5467.75903,0.28347989,0.0106144788,159.267052,98.930765,83.4630905,104.702705,99.99998999999998,100.0,False
2026-04-01 08:00:00,1.868,,136.1,134.51,136.73,132.0,132.0,,2.376000000000002,0.0,0.0,,0.0,0.0,3.7,248.8435,0.0,0.0,7.005319999999999,3.84,13.450214399999998,0.0,5.04,0.0,0.0,0.81,0.0,0.0,9.8,0.0,0.0,-2.42,0.0,0.0,32.77,0.0,0.0,-13.22,0.0,6.699808266666667,,0.554306714,5467.75903,0.453282028,0.350887367,159.437416,98.930765,83.6223975,3461.20211,99.99998999999998,100.0,False
2026-04-01 08:30:00,0.0,,136.1,134.05,143.38,149.9,149.9,,0.0,0.0,0.0,,0.0,0.0,0.0,0.0,0.0,0.0,6.70233,3.84,12.8684736,0.0,5.04,0.0,0.0,0.81,0.0,0.0,9.8,0.0,0.0,-2.42,0.0,0.0,32.77,0.0,0.0,-13.22,0.0,3.6006996333333334,,0.554306714,5467.75903,0.544539341,0.532938874,159.529163,98.930765,83.7348962,5256.98366,99.99998999999998,100.0,False
2026-04-01 09:00:00,0.0,,121.0,121.2,131.82,127.4,127.4,,0.0,0.0,0.0,,0.0,0.0,0.0,0.0,0.0,0.0,6.35858,3.84,12.2084736,0.0,5.04,0.0,0.0,0.81,0.0,0.0,9.8,0.0,0.0,-2.42,0.0,0.0,32.77,0.0,0.0,-13.22,0.0,-0.005051805566666667,,0.554306714,5467.75903,0.544667375,0.532979804,159.529265,98.930765,83.7486023,5257.3874,99.99998999999998,100.0,False
2026-04-01 09:30:00,0.0,,121.0,116.08,123.0,132.02,132.02,,0.0,0.0,0.0,,0.0,0.0,0.0,0.0,0.0,0.0,6.28717,3.84,12.071366399999999,0.0,5.04,0.0,0.0,0.81,0.0,0.0,9.8,0.0,0.0,-2.42,0.0,0.0,32.77,0.0,0.0,-13.22,0.0,-0.005050499966666666,,0.554306714,5467.75903,0.544795377,0.533020197,159.529568,98.930765,83.7485349,5257.78585,99.99998999999998,100.0,False
2026-04-01 10:00:00,0.0,,109.7,110.5,104.0,119.95,119.95,,0.0,0.0,0.0,,0.0,0.0,0.0,0.0,0.0,0.0,7.4,3.84,14.208,0.0,4.72,0.0,0.0,1.09,0.0,0.0,9.16,0.0,0.0,-0.9,0.0,0.0,28.55,0.0,0.0,-10.25,0.0,-0.0049747222,,0.554306714,5467.75903,0.544921458,0.533056071,159.529721,98.930765,83.7484574,5258.13971,99.99998999999998,100.0,False
2026-04-01 10:30:00,0.0,,109.7,101.58,100.0,114.9,114.9,,0.0,0.0,0.0,,0.0,0.0,0.0,0.0,0.0,0.0,7.4,3.84,14.208,0.0,4.72,0.0,0.0,1.09,0.0,0.0,9.16,0.0,0.0,-0.9,0.0,0.0,28.55,0.0,0.0,-10.25,0.0,-0.005015500133333333,,0.554306714,5467.75903,0.545048573,0.533096145,159.530025,98.930765,83.7483854,5258.53501,99.99998999999998,100.0,False
2026-04-01 11:00:00,0.0,,97.01,94.58,92.0,114.9,114.9,,0.0,0.0,0.0,,0.0,0.0,0.0,0.0,0.0,0.0,7.4,2.56,9.472000000000001,0.0,3.33,0.0,0.0,2.15,0.0,0.0,7.7,0.0,0.0,2.59,0.0,0.0,21.86,0.0,0.0,-5.29,0.0,-0.0050096667,,0.554306714,5467.75903,0.545175539,0.533137676,159.530177,98.930765,83.7483217,5258.94468,99.99998999999998,100.0,False
2026-04-01 11:30:00,0.0,,97.01,93.31,90.0,114.9,114.9,,0.0,0.0,0.0,,0.0,0.0,0.0,0.0,0.0,0.0,7.4,2.56,9.472000000000001,0.0,3.33,0.0,0.0,2.15,0.0,0.0,7.7,0.0,0.0,2.59,0.0,0.0,21.86,0.0,0.0,-5.29,0.0,-0.004979916666666666,,0.554306714,5467.75903,0.545301752,0.533184827,159.530482,98.930765,83.7482597,5259.40978,99.99998999999998,100.0,False
2026-04-01 12:00:00,0.0,,90.16,92.6,88.9,114.9,114.9,,0.0,0.0,0.0,,0.0,0.0,0.0,0.0,0.0,0.0,7.4,2.56,9.472000000000001,0.0,3.33,0.0,0.0,2.15,0.0,0.0,7.7,0.0,0.0,2.59,0.0,0.0,21.86,0.0,0.0,-5.29,0.0,-0.0050115000666666664,,0.554306714,5467.75903,0.545428765,0.533230042,159.530684,98.930765,83.7481822,5259.85579,99.99998999999998,100.0,False
2026-04-01 12:30:00,-0.056,,90.16,92.5,84.4,114.9,114.9,,0.0,-6.4344,0.0,,0.0,0.0,0.0,0.0,0.0,0.0,7.4,2.56,9.472000000000001,0.0,3.33,0.0,0.0,2.15,0.0,0.0,7.7,0.0,0.0,2.59,0.0,0.0,21.86,0.0,0.0,-5.29,0.0,-0.004989972200000001,,0.554306714,5467.75903,0.545555233,0.533270974,159.530988,98.930765,83.7481093,5260.25955,99.99998999999998,100.0,False
2026-04-01 13:00:00,-2.058,,88.5,92.5,89.0,114.9,114.9,,-6.664199999999981,0.0,0.0,,0.0,0.0,-4.0,-185.0,0.0,0.0,7.4,2.56,9.472000000000001,0.0,3.33,0.0,0.0,2.15,0.0,0.0,7.7,0.0,0.0,2.59,0.0,0.0,21.86,0.0,0.0,-5.29,0.0,-0.12664516886666666,,0.560592428,5529.76219,0.548764969,0.533301455,159.534283,98.930765,83.7479043,5260.56021,99.99998999999998,100.0,False
2026-04-01 13:30:00,-1.27,,88.5,92.5,87.9,114.9,114.9,,-8.043000000000008,0.0,0.0,,0.0,0.0,-2.4,-111.0,0.0,0.0,7.4,2.56,9.472000000000001,0.0,3.33,0.0,0.0,2.15,0.0,0.0,7.7,0.0,0.0,2.59,0.0,0.0,21.86,0.0,0.0,-5.29,0.0,-3.939409266666667,,0.760914701,7505.76914,0.64860665,0.533301455,159.634647,98.930765,83.6694249,5260.56021,99.99998999999998,100.0,False
2026-04-01 14:00:00,-2.075,,89.0,90.25,81.11,114.9,114.9,,-8.617500000000021,0.0,0.0,,-4.0,-162.22,0.0,0.0,0.0,0.0,7.4,2.56,9.472000000000001,0.0,3.28,0.0,0.0,2.21,0.0,0.0,7.6,0.0,0.0,2.54,0.0,0.0,21.84,0.0,0.0,-4.61,0.0,-2.4595055333333335,,0.885493563,8734.63247,0.710941165,0.533301455,159.697247,98.930765,83.6095948,5260.56021,99.99998999999998,100.0,False
2026-04-01 14:30:00,-2.026,,89.0,92.36,88.0,114.9,114.9,,-2.9873999999999774,0.0,0.0,,-4.0,-176.0,0.0,0.0,0.0,0.0,7.4,2.56,9.472000000000001,0.0,3.28,0.0,0.0,2.21,0.0,0.0,7.6,0.0,0.0,2.54,0.0,0.0,21.84,0.0,0.0,-4.61,0.0,-3.986685666666667,,1.08828241,10734.9701,0.811981033,0.533301455,159.798624,98.930765,83.5238657,5260.56021,99.99998999999998,100.0,False
2026-04-01 15:00:00,-0.001,,89.44,92.71,93.81,114.9,114.9,,0.0,-0.1149,0.0,,-4.0,-187.62,4.0,185.42,0.0,0.0,7.4,8,29.6,0.0,2.32,0.0,0.0,3.5,0.0,0.0,7.26,0.0,0.0,1.99,0.0,0.0,21.51,0.0,0.0,-3.31,0.0,-3.869684433333333,,1.2849337,12674.7659,0.910055583,0.533301455,159.89696,98.930765,83.4333657,5260.56021,99.99998999999998,100.0,False
2026-04-01 15:30:00,-0.051,,89.44,92.5,94.0,114.9,114.9,,-0.11489999999999452,0.0,0.0,,-2.4,-112.8,2.3,106.37499999999999,0.0,0.0,7.4,8,29.6,0.0,2.32,0.0,0.0,3.5,0.0,0.0,7.26,0.0,0.0,1.99,0.0,0.0,21.51,0.0,0.0,-3.31,0.0,-0.0079655279,,1.28507388,12676.1487,0.910257468,0.533335206,159.897264,98.930765,83.4208212,5260.89314,99.99998999999998,100.0,False
2026-04-01 16:00:00,0.0,,100.56,99.37,100.0,114.9,114.9,,0.0,0.0,0.0,,0.0,0.0,0.0,0.0,0.0,0.0,7.4,8,29.6,0.0,2.32,0.0,0.0,3.5,0.0,0.0,7.26,0.0,0.0,1.99,0.0,0.0,21.51,0.0,0.0,-3.31,0.0,-0.103821221,,1.29005717,12725.3045,0.912888748,0.533335206,159.8999,98.930765,83.4191398,5260.89314,99.99998999999998,100.0,False
2026-04-01 16:30:00,0.0,,100.56,94.99,100.0,114.9,114.9,,0.0,0.0,0.0,,0.0,0.0,0.0,0.0,0.0,0.0,7.4,8,29.6,0.0,2.32,0.0,0.0,3.5,0.0,0.0,7.26,0.0,0.0,1.99,0.0,0.0,21.51,0.0,0.0,-3.31,0.0,-0.004931749966666667,,1.29005717,12725.3045,0.913013738,0.533377196,159.900103,98.930765,83.4187927,5261.30733,99.99998999999998,100.0,False
2026-04-01 17:00:00,0.0,,118.58,90.0,102.42,115.46,115.46,,0.0,0.0,0.0,,0.0,0.0,0.0,0.0,0.0,0.0,7.4,8,29.6,0.0,2.32,0.0,0.0,3.5,0.0,0.0,7.26,0.0,0.0,1.99,0.0,0.0,21.51,0.0,0.0,-3.31,0.0,-0.0049849166,,1.29005717,12725.3045,0.913140073,0.533427152,159.900407,98.930765,83.4187339,5261.80011,99.99998999999998,100.0,False
2026-04-01 17:30:00,0.096,,118.58,99.36,112.32,116.59,116.59,,0.0,11.19264,0.0,,0.0,0.0,0.0,0.0,0.0,0.0,6.50081,8,26.00324,0.0,2.32,0.0,0.0,3.5,0.0,0.0,7.26,0.0,0.0,1.99,0.0,0.0,21.51,0.0,0.0,-3.31,0.0,-0.005046611166666667,,1.29005717,12725.3045,0.913267983,0.53347741,159.90061,98.930765,83.4186671,5262.29586,99.99998999999998,100.0,False
2026-04-01 18:00:00,3.541,,137.0,127.33,135.0,154.19,154.19,,6.3217899999999885,0.0,0.0,,5.2,351.0,1.8,114.597,0.0,0.0,6.8811,8,27.5244,0.0,3.61,0.0,0.0,3.4,0.0,0.0,7.9,0.0,0.0,1.59,0.0,0.0,22.08,0.0,0.0,-6.2,0.0,0.20885147336666668,,1.29005717,12725.3045,0.918729455,0.544505993,159.906388,98.930765,83.4188548,5371.08335,99.99998999999998,100.0,False
2026-04-01 18:30:00,2.722,,137.0,132.27,136.0,135.49,135.49,,-3.7937200000000035,0.0,0.0,,7.2,489.6,-1.7,-112.4295,0.0,0.0,7.303859999999999,8,29.215439999999997,0.0,3.61,0.0,0.0,3.4,0.0,0.0,7.9,0.0,0.0,1.59,0.0,0.0,22.08,0.0,0.0,-6.2,0.0,6.935513433333334,,1.29005717,12725.3045,1.09450538,0.897341976,160.082835,98.930765,83.5823992,8851.50688,99.99998999999998,100.0,False
2026-04-01 19:00:00,0.0,,139.0,127.85,138.95,147.95,147.95,,0.0,0.0,0.0,,0.0,0.0,0.0,0.0,0.0,0.0,7.42987,5.82,21.6209217,0.0,9.46,0.0,0.0,0.59,0.0,0.0,11.08,0.0,0.0,-2.46,0.0,0.0,23.57,0.0,0.0,-13.78,0.0,5.341383066666666,,1.29005717,12725.3045,1.22987914,1.16805908,160.218782,98.930765,83.7372296,11521.8983,99.99998999999998,100.0,False
2026-04-01 19:30:00,0.0,,139.0,131.17,139.0,161.76,161.76,,0.0,0.0,0.0,,0.0,0.0,0.0,0.0,0.0,0.0,7.5128699999999995,5.82,21.8624517,0.0,9.46,0.0,0.0,0.59,0.0,0.0,11.08,0.0,0.0,-2.46,0.0,0.0,23.57,0.0,0.0,-13.78,0.0,-0.005000694399999999,,1.29005717,12725.3045,1.23000589,1.16811277,160.218884,98.930765,83.7576932,11522.4279,99.99998999999998,100.0,False
2026-04-01 20:00:00,0.0,,133.81,132.7,138.0,164.9,164.9,,0.0,0.0,0.0,,0.0,0.0,0.0,0.0,0.0,0.0,7.453189999999999,5.82,21.6887829,0.0,9.46,0.0,0.0,0.59,0.0,0.0,11.08,0.0,0.0,-2.46,0.0,0.0,23.57,0.0,0.0,-13.78,0.0,-0.005040055666666667,,1.29005717,12725.3045,1.23013362,1.16815996,160.219188,98.930765,83.7576387,11522.8934,99.99998999999998,100.0,False
2026-04-01 20:30:00,0.0,,133.81,132.6,137.0,161.0,161.0,,0.0,0.0,0.0,,0.0,0.0,0.0,0.0,0.0,0.0,7.3966199999999995,5.82,21.5241642,0.0,9.46,0.0,0.0,0.59,0.0,0.0,11.08,0.0,0.0,-2.46,0.0,0.0,23.57,0.0,0.0,-13.78,0.0,-0.0050667777666666665,,1.29005717,12725.3045,1.23026203,1.16820766,160.219289,98.930765,83.7575752,11523.3639,99.99998999999998,100.0,False
2026-04-01 21:00:00,0.0,,125.63,125.65,126.84,168.45,168.45,,0.0,0.0,0.0,,0.0,0.0,0.0,0.0,0.0,0.0,7.3885,5.82,21.500535,0.0,9.46,0.0,0.0,0.59,0.0,0.0,11.08,0.0,0.0,-2.46,0.0,0.0,23.57,0.0,0.0,-13.78,0.0,-0.005036472233333333,,1.29005717,12725.3045,1.23038968,1.16824896,160.219593,98.930765,83.7575125,11523.7713,99.99998999999998,100.0,False
2026-04-01 21:30:00,0.0,,125.63,109.09,106.0,168.45,168.45,,0.0,0.0,0.0,,0.0,0.0,0.0,0.0,0.0,0.0,7.2676099999999995,5.82,21.1487451,0.0,9.46,0.0,0.0,0.59,0.0,0.0,11.08,0.0,0.0,-2.46,0.0,0.0,23.57,0.0,0.0,-13.78,0.0,-0.005049333266666667,,1.29005717,12725.3045,1.23051766,1.16828859,160.219796,98.930765,83.7574445,11524.1622,99.99998999999998,100.0,False
2026-04-01 22:00:00,-0.026,,112.47,114.75,118.62,139.99,139.99,,0.0,-3.63974,0.0,,0.0,0.0,0.0,0.0,0.0,0.0,7.511760000000001,5.82,21.8592216,0.0,9.46,0.0,0.0,0.59,0.0,0.0,11.08,0.0,0.0,-2.46,0.0,0.0,23.57,0.0,0.0,-13.78,0.0,-0.0050613332666666665,,1.29005717,12725.3045,1.23064593,1.16833201,160.219948,98.930765,83.7573628,11524.5905,99.99998999999998,100.0,False
2026-04-01 22:30:00,-0.924,,112.47,106.58,110.0,107.12,107.12,,-2.5708800000000025,0.0,0.0,,-1.8,-99.0,0.0,0.0,0.0,0.0,7.4698400000000005,5.82,21.737234400000002,0.0,9.46,0.0,0.0,0.59,0.0,0.0,11.08,0.0,0.0,-2.46,0.0,0.0,23.57,0.0,0.0,-13.78,0.0,-0.06112516613333333,,1.29295,12753.8398,1.23219511,1.16835027,160.221672,98.930765,83.757213,11524.7706,99.99998999999998,100.0,False
2026-04-01 23:00:00,0.0,,106.18,114.3,112.0,87.16,87.16,,0.0,0.0,0.0,,0.0,0.0,0.0,0.0,0.0,0.0,7.42467,1.64,6.0882293999999995,0.0,1.92,0.0,0.0,0.48,0.0,0.0,6.06,0.0,0.0,-1.74,0.0,0.0,17.69,0.0,0.0,-10.92,0.0,-1.7594392,,1.38173792,13629.6563,1.27678691,1.16835027,160.266733,98.930765,83.7218916,11524.7706,99.99998999999998,100.0,False
2026-04-01 23:30:00,0.0,,106.18,105.8,97.7,116.9,116.9,,0.0,0.0,0.0,,0.0,0.0,0.0,0.0,0.0,0.0,7.34255,1.64,6.020891,0.0,1.92,0.0,0.0,0.48,0.0,0.0,6.06,0.0,0.0,-1.74,0.0,0.0,17.69,0.0,0.0,-10.92,0.0,-0.005037416633333333,,1.38173792,13629.6563,1.27691458,1.16838148,160.266987,98.930765,83.7161563,11525.0785,99.99998999999998,100.0,False
2026-04-02 00:00:00,0.0,,100.1,105.18,103.06,116.9,116.9,,0.0,0.0,0.0,,0.0,0.0,0.0,0.0,0.0,0.0,7.44274,1.64,6.1030467999999995,0.0,1.92,0.0,0.0,0.48,0.0,0.0,6.06,0.0,0.0,-1.74,0.0,0.0,17.69,0.0,0.0,-10.92,0.0,-0.005017583333333333,,1.38173792,13629.6563,1.27704175,1.16840925,160.267139,98.930765,83.7160702,11525.3524,99.99998999999998,100.0,False
2026-04-02 00:30:00,0.0,,100.1,105.21,104.16,108.31,108.31,,0.0,0.0,0.0,,0.0,0.0,0.0,0.0,0.0,0.0,7.38761,1.64,6.057840199999999,0.0,1.92,0.0,0.0,0.48,0.0,0.0,6.06,0.0,0.0,-1.74,0.0,0.0,17.69,0.0,0.0,-10.92,0.0,-0.005096638866666667,,0.0,0.0,0.000129170887,2.89265012e-05,160.267494,98.930765,83.715975,0.285335058,99.99998999999998,100.0,False
2026-04-02 01:00:00,0.0,,98.24,101.98,106.0,100.09,100.09,,0.0,0.0,0.0,,0.0,0.0,0.0,0.0,0.0,0.0,7.5115,1.64,6.1594299999999995,0.0,1.92,0.0,0.0,0.48,0.0,0.0,6.06,0.0,0.0,-1.74,0.0,0.0,17.69,0.0,0.0,-10.92,0.0,-0.0050151111,,0.0,0.0,0.000256275509,6.04858234e-05,160.267595,98.930765,83.7158752,0.59664063,99.99998999999998,100.0,False
2026-04-02 01:30:00,0.0,,98.24,100.9,105.0,124.0,124.0,,0.0,0.0,0.0,,0.0,0.0,0.0,0.0,0.0,0.0,7.51153,1.64,6.159454599999999,0.0,1.92,0.0,0.0,0.48,0.0,0.0,6.06,0.0,0.0,-1.74,0.0,0.0,17.69,0.0,0.0,-10.92,0.0,-0.0050040277,,0.0,0.0,0.000383099227,8.86611392e-05,160.26795,98.930765,83.7157809,0.87456589,99.99998999999998,100.0,False
2026-04-02 02:00:00,0.0,,95.97,99.08,101.4,115.0,115.0,,0.0,0.0,0.0,,0.0,0.0,0.0,0.0,0.0,0.0,7.49293,1.64,6.1442026,0.0,1.92,0.0,0.0,0.48,0.0,0.0,6.06,0.0,0.0,-1.74,0.0,0.0,17.69,0.0,0.0,-10.92,0.0,-0.0050261945,,0.0,0.0,0.00051048475,0.000115231549,160.268102,98.930765,83.7157102,1.13666013,99.99998999999998,100.0,False
2026-04-02 02:30:00,0.0,,95.97,100.41,97.2,87.11,87.11,,0.0,0.0,0.0,,0.0,0.0,0.0,0.0,0.0,0.0,7.5114399999999995,1.64,6.159380799999999,0.0,1.92,0.0,0.0,0.48,0.0,0.0,6.06,0.0,0.0,-1.74,0.0,0.0,17.69,0.0,0.0,-10.92,0.0,-0.0050478610999999994,,0.0,0.0,0.000638419395,0.000146580739,160.268406,98.930765,83.7156195,1.44589293,99.99998999999998,100.0,False
2026-04-02 03:00:00,-0.046,,94.24,101.1,99.0,86.6,86.6,,0.0,-3.9835999999999996,0.0,,0.0,0.0,0.0,0.0,0.0,0.0,7.2916099999999995,2.2,8.020771,0.0,1.86,0.0,0.0,2.01,0.0,0.0,5.71,0.0,0.0,0.04,0.0,0.0,6.34,0.0,0.0,-8.75,0.0,-0.005035166666666666,,0.0,0.0,0.000766032315,0.000175290844,160.268508,98.930765,83.7155252,1.72909343,99.99998999999998,100.0,False
2026-04-02 03:30:00,-1.832,,94.24,99.98,94.25,86.6,86.6,,-2.771200000000002,0.0,0.0,,-4.0,-188.5,0.4,19.996000000000002,0.0,0.0,7.2843100000000005,2.2,8.012741000000002,0.0,1.86,0.0,0.0,2.01,0.0,0.0,5.71,0.0,0.0,0.04,0.0,0.0,6.34,0.0,0.0,-8.75,0.0,-0.10936744999999999,,0.00538620802,53.13031,0.00353787684,0.000193769115,160.271448,98.930765,83.7153348,1.91136568,99.99998999999998,100.0,False
2026-04-02 04:00:00,-2.013,,96.9,102.0,100.0,87.11,87.11,,-1.1324299999999914,0.0,0.0,,0.0,0.0,-4.0,-204.0,0.0,0.0,7.50372,2.2,8.254092000000002,0.0,1.86,0.0,0.0,2.01,0.0,0.0,5.71,0.0,0.0,0.04,0.0,0.0,6.34,0.0,0.0,-8.75,0.0,-3.6138998,,0.188709546,1861.45738,0.095129739,0.000193769115,160.363346,98.930765,83.6450408,1.91136568,99.99998999999998,100.0,False
2026-04-02 04:30:00,-1.955,,96.9,101.15,99.0,87.14,87.14,,3.921299999999994,0.0,0.0,,0.0,0.0,-4.0,-202.3,0.0,0.0,7.48667,2.2,8.235337000000001,0.0,1.86,0.0,0.0,2.01,0.0,0.0,5.71,0.0,0.0,0.04,0.0,0.0,6.34,0.0,0.0,-8.75,0.0,-3.9599245333333335,,0.389756251,3844.61023,0.195491365,0.000193769115,160.464115,98.930765,83.5564564,1.91136568,99.99998999999998,100.0,False
2026-04-02 05:00:00,0.0,,110.0,102.0,102.0,87.15,87.15,,0.0,0.0,0.0,,0.0,0.0,0.0,0.0,0.0,0.0,7.16521,2.2,7.881731000000001,0.0,1.86,0.0,0.0,2.01,0.0,0.0,5.71,0.0,0.0,0.04,0.0,0.0,6.34,0.0,0.0,-8.75,0.0,-3.8202596,,0.583509706,5755.82143,0.292313278,0.000193769115,160.561235,98.930765,83.4675862,1.91136568,99.99998999999998,100.0,False
2026-04-02 05:30:00,0.0,,110.0,105.72,107.4,87.15,87.15,,0.0,0.0,0.0,,0.0,0.0,0.0,0.0,0.0,0.0,7.3777,2.2,8.11547,0.0,1.86,0.0,0.0,2.01,0.0,0.0,5.71,0.0,0.0,0.04,0.0,0.0,6.34,0.0,0.0,-8.75,0.0,-0.005055861066666667,,0.583509706,5755.82143,0.292441415,0.00021386498,160.561387,98.930765,83.4551453,2.1095941,99.99998999999998,100.0,False
2026-04-02 06:00:00,0.0,,127.8,118.25,116.14,136.9,136.9,,0.0,0.0,0.0,,0.0,0.0,0.0,0.0,0.0,0.0,7.401050000000001,2.2,8.141155000000001,0.0,1.86,0.0,0.0,2.01,0.0,0.0,5.71,0.0,0.0,0.04,0.0,0.0,6.34,0.0,0.0,-8.75,0.0,-0.005046388966666667,,0.583509706,5755.82143,0.292569313,0.000237946624,160.561691,98.930765,83.4550597,2.34713881,99.99998999999998,100.0,False
2026-04-02 06:30:00,0.044,,127.8,125.0,127.87,141.1,141.1,,0.0,6.208399999999999,0.0,,0.0,0.0,0.0,0.0,0.0,0.0,7.369470000000001,2.2,8.106417000000002,0.0,1.86,0.0,0.0,2.01,0.0,0.0,5.71,0.0,0.0,0.04,0.0,0.0,6.34,0.0,0.0,-8.75,0.0,-0.005049750033333334,,0.583509706,5755.82143,0.292697295,0.000258137436,160.561793,98.930765,83.4549741,2.54630381,99.99998999999998,100.0,False
2026-04-02 07:00:00,1.628,,135.59,121.0,129.28,97.51,97.51,,12.48127999999999,0.0,0.0,,2.9,187.456,0.1,6.050000000000001,0.0,0.0,7.40562,6.12,22.6611972,0.0,2.93,0.0,0.0,0.3,0.0,0.0,7.98,0.0,0.0,-2.29,0.0,0.0,22.93,0.0,0.0,-11.69,0.0,0.09113297663333335,,0.583509706,5755.82143,0.295176206,0.00523255486,160.564631,98.930765,83.4550352,51.6146537,99.99998999999998,100.0,False
2026-04-02 07:30:00,3.575,,135.59,126.01,135.52,136.9,136.9,,3.4225000000000487,0.0,0.0,,7.1,481.096,0.0,0.0,0.0,0.0,7.03975,6.12,21.541635,0.0,2.93,0.0,0.0,0.3,0.0,0.0,7.98,0.0,0.0,-2.29,0.0,0.0,22.93,0.0,0.0,-11.69,0.0,3.1613946666666664,,0.583509706,5755.82143,0.37529963,0.165269625,160.645378,98.930765,83.5257454,1630.24272,99.99998999999998,100.0,False
2026-04-02 08:00:00,0.0,,124.0,116.77,123.0,87.25,87.25,,0.0,0.0,0.0,,0.0,0.0,0.0,0.0,0.0,0.0,7.00877,6.12,21.4468362,0.0,2.93,0.0,0.0,0.3,0.0,0.0,7.98,0.0,0.0,-2.29,0.0,0.0,22.93,0.0,0.0,-11.69,0.0,6.830035633333334,,0.583509706,5755.82143,0.548402293,0.511969097,160.818986,98.930765,83.7007618,5050.13485,99.99998999999998,100.0,False
2026-04-02 08:30:00,0.0,,124.0,118.0,123.0,87.5,87.5,,0.0,0.0,0.0,,0.0,0.0,0.0,0.0,0.0,0.0,6.562399999999999,6.12,20.080944,0.0,2.93,0.0,0.0,0.3,0.0,0.0,7.98,0.0,0.0,-2.29,0.0,0.0,22.93,0.0,0.0,-11.69,0.0,-0.0050025278,,0.583509706,5755.82143,0.548529079,0.511991056,160.819189,98.930765,83.7273494,5050.35146,99.99998999999998,100.0,False
2026-04-02 09:00:00,0.0,,115.77,115.3,119.98,136.9,136.9,,0.0,0.0,0.0,,0.0,0.0,0.0,0.0,0.0,0.0,6.11612,6.12,18.715327199999997,0.0,2.93,0.0,0.0,0.3,0.0,0.0,7.98,0.0,0.0,-2.29,0.0,0.0,22.93,0.0,0.0,-11.69,0.0,-0.005009361099999999,,0.583509706,5755.82143,0.548656038,0.512009325,160.819392,98.930765,83.7272599,5050.53166,99.99998999999998,100.0,False
2026-04-02 09:30:00,0.0,,115.77,115.48,116.71,90.53,90.53,,0.0,0.0,0.0,,0.0,0.0,0.0,0.0,0.0,0.0,3.8646599999999998,6.12,11.8258596,0.0,2.93,0.0,0.0,0.3,0.0,0.0,7.98,0.0,0.0,-2.29,0.0,0.0,22.93,0.0,0.0,-11.69,0.0,-0.004994472133333333,,0.583509706,5755.82143,0.54878262,0.512025438,160.819646,98.930765,83.7272029,5050.6906,99.99998999999998,100.0,False
2026-04-02 10:00:00,0.0,,107.54,110.6,117.0,87.51,87.51,,0.0,0.0,0.0,,0.0,0.0,0.0,0.0,0.0,0.0,4.96255,6.12,15.185403,0.0,2.93,0.0,0.0,0.3,0.0,0.0,7.98,0.0,0.0,-2.29,0.0,0.0,22.93,0.0,0.0,-11.69,0.0,-0.004962500066666667,,0.583509706,5755.82143,0.548908391,0.512033246,160.819797,98.930765,83.7271306,5050.76762,99.99998999999998,100.0,False
2026-04-02 10:30:00,0.0,,107.54,102.0,109.78,121.15,121.15,,0.0,0.0,0.0,,0.0,0.0,0.0,0.0,0.0,0.0,4.68777,6.12,14.344576200000002,0.0,2.93,0.0,0.0,0.3,0.0,0.0,7.98,0.0,0.0,-2.29,0.0,0.0,22.93,0.0,0.0,-11.69,0.0,-0.0049589444333333335,,0.583509706,5755.82143,0.549034071,0.512041089,160.820153,98.930765,83.72706,5050.84499,99.99998999999998,100.0,False
2026-04-02 11:00:00,0.0,,97.5,103.01,108.0,87.5,87.5,,0.0,0.0,0.0,,0.0,0.0,0.0,0.0,0.0,0.0,3.3788400000000003,4,6.757680000000001,0.0,1.5,0.0,0.0,9.53,0.0,0.0,5.43,0.0,0.0,0.37,0.0,0.0,18.23,0.0,0.0,-7.84,0.0,-0.005613666733333334,,0.583539944,5756.1197,0.549176346,0.512048874,160.820305,98.930765,83.7269696,5050.92178,99.99998999999998,100.0,False
2026-04-02 11:30:00,0.0,,97.5,95.86,102.0,87.4,87.4,,0.0,0.0,0.0,,0.0,0.0,0.0,0.0,0.0,0.0,2.06256,4,4.12512,0.0,1.5,0.0,0.0,9.53,0.0,0.0,5.43,0.0,0.0,0.37,0.0,0.0,18.23,0.0,0.0,-7.84,0.0,-0.005432666700000001,,0.583563117,5756.34828,0.549314033,0.512052425,160.82066,98.930765,83.7268838,5050.95681,99.99998999999998,100.0,False
2026-04-02 12:00:00,0.0,,94.1,99.0,100.0,87.4,87.4,,0.0,0.0,0.0,,0.0,0.0,0.0,0.0,0.0,0.0,2.45564,4,4.91128,0.0,1.5,0.0,0.0,9.53,0.0,0.0,5.43,0.0,0.0,0.37,0.0,0.0,18.23,0.0,0.0,-7.84,0.0,-0.0059294166333333335,,0.583602741,5756.73914,0.549464311,0.512054164,160.820811,98.930765,83.7268069,5050.97396,99.99998999999998,100.0,False
2026-04-02 12:30:00,0.0,,94.1,96.56,95.1,87.42,87.42,,0.0,0.0,0.0,,0.0,0.0,0.0,0.0,0.0,0.0,1.82578,4,3.65156,0.0,1.5,0.0,0.0,9.53,0.0,0.0,5.43,0.0,0.0,0.37,0.0,0.0,18.23,0.0,0.0,-7.84,0.0,-0.006459083366666667,,0.583661782,5757.32153,0.549628012,0.512057562,160.821217,98.930765,83.726721,5051.00748,99.99998999999998,100.0,False
2026-04-02 13:00:00,0.0,,93.0,95.0,94.08,87.4,87.4,,0.0,0.0,0.0,,0.0,0.0,0.0,0.0,0.0,0.0,1.43689,4,2.87378,0.0,1.5,0.0,0.0,9.53,0.0,0.0,5.43,0.0,0.0,0.37,0.0,0.0,18.23,0.0,0.0,-7.84,0.0,-0.0056738055,,0.583677455,5757.47613,0.549771811,0.512057562,160.821471,98.930765,83.7266451,5051.00748,99.99998999999998,100.0,False
2026-04-02 13:30:00,-0.033,,93.0,92.92,92.41,87.35,87.35,,0.0,-2.88255,0.0,,0.0,0.0,0.0,0.0,0.0,0.0,2.11896,4,4.23792,0.0,1.5,0.0,0.0,9.53,0.0,0.0,5.43,0.0,0.0,0.37,0.0,0.0,18.23,0.0,0.0,-7.84,0.0,-0.006244638966666667,,0.58373456,5758.03942,0.549930077,0.512057562,160.821724,98.930765,83.7265637,5051.00748,99.99998999999998,100.0,False
2026-04-02 14:00:00,-1.291,,89.76,85.23,87.5,87.35,87.35,,-3.5813499999999934,0.0,0.0,,-4.0,-175.0,1.5,63.9225,0.0,0.0,1.58255,4,3.1651,0.0,1.5,0.0,0.0,9.53,0.0,0.0,5.43,0.0,0.0,0.37,0.0,0.0,18.23,0.0,0.0,-7.84,0.0,-0.08001288799999999,,0.587607751,5796.24512,0.551957949,0.512059683,160.824005,98.930765,83.726401,5051.0284,99.99998999999998,100.0,False
2026-04-02 14:30:00,-2.026,,89.76,85.23,88.91,87.35,87.35,,-2.2710999999999824,0.0,0.0,,0.0,0.0,-4.0,-170.46,0.0,0.0,2.6763600000000003,4,5.352720000000001,0.0,1.5,0.0,0.0,9.53,0.0,0.0,5.43,0.0,0.0,0.37,0.0,0.0,18.23,0.0,0.0,-7.84,0.0,-2.5621259,,0.717404471,7076.57814,0.616893309,0.512059683,160.889292,98.930765,83.6774256,5051.0284,99.99998999999998,100.0,False
2026-04-02 15:00:00,-2.03,,85.58,95.0,90.0,87.35,87.35,,-2.620499999999983,0.0,0.0,,0.0,0.0,-4.0,-190.0,0.0,0.0,2.9932,8.15,12.19729,0.0,2.91,0.0,0.0,3.65,0.0,0.0,7.94,0.0,0.0,1.51,0.0,0.0,18.58,0.0,0.0,-5.81,0.0,-3.9892225666666667,,0.920228733,9077.26505,0.717997474,0.512059683,160.990669,98.930765,83.591791,5051.0284,99.99998999999998,100.0,False
2026-04-02 15:30:00,-1.881,,85.58,95.0,93.8,20.0,20.0,,2.38,0.0,0.0,,0.0,0.0,-4.0,-190.0,0.0,0.0,0.44512999999999997,8.15,1.81390475,0.0,2.91,0.0,0.0,3.65,0.0,0.0,7.94,0.0,0.0,1.51,0.0,0.0,18.58,0.0,0.0,-5.81,0.0,-3.9914127666666666,,1.12318472,11079.2513,0.81915715,0.512059683,161.092198,98.930765,83.5016738,5051.0284,99.99998999999998,100.0,False
2026-04-02 16:00:00,0.0,,96.41,94.33,95.1,10.0,10.0,,0.0,0.0,0.0,,0.0,0.0,0.0,0.0,0.0,0.0,3.75301,8.15,15.293515750000001,0.0,2.91,0.0,0.0,3.65,0.0,0.0,7.94,0.0,0.0,1.51,0.0,0.0,18.58,0.0,0.0,-5.81,0.0,-3.6765464333333333,,1.30991682,12921.2029,0.91233675,0.512059683,161.18577,98.930765,83.4126614,5051.0284,99.99998999999998,100.0,False
2026-04-02 16:30:00,0.0,,96.41,96.31,103.0,78.86,78.86,,0.0,0.0,0.0,,0.0,0.0,0.0,0.0,0.0,0.0,1.1748800000000001,8.15,4.787636000000001,0.0,2.91,0.0,0.0,3.65,0.0,0.0,7.94,0.0,0.0,1.51,0.0,0.0,18.58,0.0,0.0,-5.81,0.0,-0.004958888933333333,,1.30991682,12921.2029,0.912462424,0.512071781,161.185922,98.930765,83.4038114,5051.14774,99.99998999999998,100.0,False
2026-04-02 17:00:00,0.0,,113.0,98.99,103.4,87.35,87.35,,0.0,0.0,0.0,,0.0,0.0,0.0,0.0,0.0,0.0,3.17175,8.15,12.92488125,0.0,2.91,0.0,0.0,3.65,0.0,0.0,7.94,0.0,0.0,1.51,0.0,0.0,18.58,0.0,0.0,-5.81,0.0,-0.00494225,,1.30991682,12921.2029,0.91258769,0.512087197,161.186277,98.930765,83.4037441,5051.2998,99.99998999999998,100.0,False
2026-04-02 17:30:00,0.085,,113.0,112.39,116.51,87.5,87.5,,0.0,7.437500000000001,0.0,,0.0,0.0,0.0,0.0,0.0,0.0,3.8890599999999997,8.15,15.8479195,0.0,2.91,0.0,0.0,3.65,0.0,0.0,7.94,0.0,0.0,1.51,0.0,0.0,18.58,0.0,0.0,-5.81,0.0,-0.004970166666666667,,1.30991682,12921.2029,0.912713655,0.512111984,161.186429,98.930765,83.4036948,5051.54431,99.99998999999998,100.0,False
2026-04-02 18:00:00,3.47,,132.3,117.13,118.0,85.0,85.0,,1.7000000000000015,0.0,0.0,,5.3,312.7,1.6,93.70400000000001,0.0,0.0,5.9804200000000005,8.15,24.370211500000003,0.0,2.91,0.0,0.0,3.65,0.0,0.0,7.94,0.0,0.0,1.51,0.0,0.0,18.58,0.0,0.0,-5.81,0.0,0.17938053446666669,,1.30991682,12921.2029,0.917427736,0.521618147,161.191497,98.930765,83.4038749,5145.31443,99.99998999999998,100.0,False
2026-04-02 18:30:00,2.813,,132.3,117.66,118.9,69.9,69.9,,0.9087000000000242,0.0,0.0,,7.2,428.04,-1.6,-94.128,0.0,0.0,6.83763,8.15,27.863342250000002,0.0,2.91,0.0,0.0,3.65,0.0,0.0,7.94,0.0,0.0,1.51,0.0,0.0,18.58,0.0,0.0,-5.81,0.0,6.604735299999999,,1.30991682,12921.2029,1.08482031,0.857272116,161.359531,98.930765,83.557554,8456.25217,99.99998999999998,100.0,False
2026-04-02 19:00:00,0.0,,130.8,120.16,120.0,90.71,90.71,,0.0,0.0,0.0,,0.0,0.0,0.0,0.0,0.0,0.0,6.99554,7.29,25.4987433,0.0,8.53,0.0,0.0,0.96,0.0,0.0,9.01,0.0,0.0,-2.73,0.0,0.0,20.06,0.0,0.0,-12.93,0.0,5.4198923,,1.30991682,12921.2029,1.22218384,1.13175031,161.497404,98.930765,83.7115745,11163.7435,99.99998999999998,100.0,False
2026-04-02 19:30:00,0.0,,130.8,121.1,121.1,98.16,98.16,,0.0,0.0,0.0,,0.0,0.0,0.0,0.0,0.0,0.0,7.38232,7.29,26.9085564,0.0,8.53,0.0,0.0,0.96,0.0,0.0,9.01,0.0,0.0,-2.73,0.0,0.0,20.06,0.0,0.0,-12.93,0.0,-0.0050800834,,1.30991682,12921.2029,1.22231259,1.13178432,161.497455,98.930765,83.732319,11164.079,99.99998999999998,100.0,False
2026-04-02 20:00:00,0.0,,124.05,118.61,120.0,122.17,122.17,,0.0,0.0,0.0,,0.0,0.0,0.0,0.0,0.0,0.0,7.44483,7.29,27.13640535,0.0,8.53,0.0,0.0,0.96,0.0,0.0,9.01,0.0,0.0,-2.73,0.0,0.0,20.06,0.0,0.0,-12.93,0.0,-0.0050572777666666666,,1.30991682,12921.2029,1.22244076,1.13182505,161.497809,98.930765,83.7322748,11164.4807,99.99998999999998,100.0,False
2026-04-02 20:30:00,0.0,,124.05,111.3,111.36,111.36,111.36,,0.0,0.0,0.0,,0.0,0.0,0.0,0.0,0.0,0.0,7.36463,7.29,26.84407635,0.0,8.53,0.0,0.0,0.96,0.0,0.0,9.01,0.0,0.0,-2.73,0.0,0.0,20.06,0.0,0.0,-12.93,0.0,-0.005079638933333333,,1.30991682,12921.2029,1.22256951,1.13185954,161.497962,98.930765,83.7322073,11164.821,99.99998999999998,100.0,False
2026-04-02 21:00:00,0.0,,112.85,112.36,114.0,107.03,107.03,,0.0,0.0,0.0,,0.0,0.0,0.0,0.0,0.0,0.0,7.4753,7.29,27.2474685,0.0,8.53,0.0,0.0,0.96,0.0,0.0,9.01,0.0,0.0,-2.73,0.0,0.0,20.06,0.0,0.0,-12.93,0.0,-0.005069888866666666,,1.30991682,12921.2029,1.22269799,1.13189187,161.498266,98.930765,83.7321577,11165.1399,99.99998999999998,100.0,False
2026-04-02 21:30:00,0.0,,112.85,93.28,95.4,120.23,120.23,,0.0,0.0,0.0,,0.0,0.0,0.0,0.0,0.0,0.0,7.37572,7.29,26.884499400000003,0.0,8.53,0.0,0.0,0.96,0.0,0.0,9.01,0.0,0.0,-2.73,0.0,0.0,20.06,0.0,0.0,-12.93,0.0,-0.0050225555666666664,,1.30991682,12921.2029,1.22282529,1.13192159,161.498468,98.930765,83.7320992,11165.433,99.99998999999998,100.0,False
2026-04-02 22:00:00,-0.024,,98.3,98.28,98.0,124.0,124.0,,0.0,-2.976,0.0,,0.0,0.0,0.0,0.0,0.0,0.0,7.461270000000001,7.29,27.196329150000004,0.0,8.53,0.0,0.0,0.96,0.0,0.0,9.01,0.0,0.0,-2.73,0.0,0.0,20.06,0.0,0.0,-12.93,0.0,-0.0050822501,,1.30991682,12921.2029,1.22295409,1.13195182,161.498671,98.930765,83.7320452,11165.7312,99.99998999999998,100.0,False
2026-04-02 22:30:00,-0.907,,98.3,92.8,93.39,101.46,101.46,,-0.7102200000000006,0.0,0.0,,-1.8,-84.051,0.0,0.0,0.0,0.0,7.24967,7.29,26.42504715,0.0,8.53,0.0,0.0,0.96,0.0,0.0,9.01,0.0,0.0,-2.73,0.0,0.0,20.06,0.0,0.0,-12.93,0.0,-0.05796427886666666,,1.31264113,12948.0759,1.22442316,1.13196599,161.500243,98.930765,83.7319281,11165.871,99.99998999999998,100.0,False
2026-04-02 23:00:00,0.957,,99.49,100.69,100.0,80.0,80.0,,0.5599999999999916,0.0,0.0,,1.8,90.0,0.1,5.0345,0.0,0.0,7.2957,1.55,5.6541675,0.0,2.91,0.0,0.0,0.76,0.0,0.0,6.66,0.0,0.0,-2.33,0.0,0.0,17.87,0.0,0.0,-7.73,0.0,-1.7037813566666669,,1.39849281,13794.9289,1.26760435,1.13196599,161.546571,98.930765,83.6969421,11165.871,99.99998999999998,100.0,False
2026-04-02 23:30:00,0.0,,99.49,100.01,95.68,107.0,107.0,,0.0,0.0,0.0,,0.0,0.0,0.0,0.0,0.0,0.0,7.18483,1.55,5.56824325,0.0,2.91,0.0,0.0,0.76,0.0,0.0,6.66,0.0,0.0,-2.33,0.0,0.0,17.87,0.0,0.0,-7.73,0.0,1.8503246066666668,,1.39849281,13794.9289,1.31449959,1.22564044,161.593611,98.930765,83.7354137,12089.8889,99.99998999999998,100.0,False
2026-04-03 00:00:00,0.0,,91.4,102.7,98.7,84.86,84.86,,0.0,0.0,0.0,,0.0,0.0,0.0,0.0,0.0,0.0,7.45821,1.55,5.780112750000001,0.0,2.91,0.0,0.0,0.76,0.0,0.0,6.66,0.0,0.0,-2.33,0.0,0.0,17.87,0.0,0.0,-7.73,0.0,-0.0050604722333333334,,1.39849281,13794.9289,1.31462784,1.22566497,161.593814,98.930765,83.7425182,12090.1309,99.99998999999998,100.0,False
2026-04-03 00:30:00,0.0,,91.4,102.51,94.6,76.5,76.5,,0.0,0.0,0.0,,0.0,0.0,0.0,0.0,0.0,0.0,7.44224,1.55,5.767736,0.0,2.91,0.0,0.0,0.76,0.0,0.0,6.66,0.0,0.0,-2.33,0.0,0.0,17.87,0.0,0.0,-7.73,0.0,-0.0050494166666666665,,0.0,0.0,0.000127974072,2.12955488e-05,161.594168,98.930765,83.7424506,0.210062275,99.99998999999998,100.0,False
2026-04-03 01:00:00,0.0,,78.7,100.2,96.2,74.0,74.0,,0.0,0.0,0.0,,0.0,0.0,0.0,0.0,0.0,0.0,7.2445699999999995,1.55,5.61454175,0.0,2.91,0.0,0.0,0.76,0.0,0.0,6.66,0.0,0.0,-2.33,0.0,0.0,17.87,0.0,0.0,-7.73,0.0,-0.005058027866666666,,0.0,0.0,0.00025616639,4.29095575e-05,161.59432,98.930765,83.742384,0.423265883,99.99998999999998,100.0,False
2026-04-03 01:30:00,0.0,,78.7,97.35,89.59,105.0,105.0,,0.0,0.0,0.0,,0.0,0.0,0.0,0.0,0.0,0.0,7.42617,1.55,5.75528175,0.0,2.91,0.0,0.0,0.76,0.0,0.0,6.66,0.0,0.0,-2.33,0.0,0.0,17.87,0.0,0.0,-7.73,0.0,-0.005058888833333334,,0.0,0.0,0.000384380528,7.15965234e-05,161.594675,98.930765,83.7423075,0.70623813,99.99998999999998,100.0,False
2026-04-03 02:00:00,0.0,,73.11,100.45,97.12,90.72,90.72,,0.0,0.0,0.0,,0.0,0.0,0.0,0.0,0.0,0.0,7.238899999999999,1.55,5.610147499999999,0.0,2.91,0.0,0.0,0.76,0.0,0.0,6.66,0.0,0.0,-2.33,0.0,0.0,17.87,0.0,0.0,-7.73,0.0,-0.005030638833333333,,0.0,0.0,0.00051187869,9.74496192e-05,161.594776,98.930765,83.7422445,0.961256687,99.99998999999998,100.0,False
2026-04-03 02:30:00,-0.056,,73.11,97.79,92.0,111.91,111.91,,133.62053999999998,0.0,0.0,,-2.5,-115.0,0.0,0.0,0.0,0.0,7.12929,1.55,5.5251997500000005,0.0,2.91,0.0,0.0,0.76,0.0,0.0,6.66,0.0,0.0,-2.33,0.0,0.0,17.87,0.0,0.0,-7.73,0.0,-0.005044861133333334,,0.0,0.0,0.000639737305,0.000124983199,161.59503,98.930765,83.7421634,1.23285177,99.99998999999998,100.0,False
2026-04-03 03:00:00,-1.976,,69.35,97.0,87.17,108.72,108.72,,2.6092800000000023,0.0,0.0,,-4.0,-174.34,0.0,0.0,0.0,0.0,7.475689999999999,1.3,4.8591985,0.0,0.9,0.0,0.0,1.85,0.0,0.0,4.03,0.0,0.0,0.55,0.0,0.0,13.88,0.0,0.0,-6.29,0.0,-0.13046163776666667,,0.00647029003,63.8238467,0.00394619984,0.000144525398,161.598527,98.930765,83.7419654,1.42561876,99.99998999999998,100.0,False
2026-04-03 03:30:00,-1.915,,69.35,94.0,84.36,107.88,107.88,,9.169799999999995,0.0,0.0,,-4.0,-168.72,0.0,0.0,0.0,0.0,7.2523100000000005,1.3,4.7140015,0.0,0.9,0.0,0.0,1.85,0.0,0.0,4.03,0.0,0.0,0.55,0.0,0.0,13.88,0.0,0.0,-6.29,0.0,-3.9713833333333333,,0.208095399,2052.68215,0.104598241,0.000144525398,161.699702,98.930765,83.6647283,1.42561876,99.99998999999998,100.0,False
2026-04-03 04:00:00,0.0,,77.87,91.76,76.5,86.87,86.87,,0.0,0.0,0.0,,0.0,0.0,0.0,0.0,0.0,0.0,7.12982,1.3,4.634383,0.0,0.9,0.0,0.0,1.85,0.0,0.0,4.03,0.0,0.0,0.55,0.0,0.0,13.88,0.0,0.0,-6.29,0.0,-3.826563,,0.402197422,3967.33168,0.201579909,0.000144525398,161.797025,98.930765,83.5759837,1.42561876,99.99998999999998,100.0,False
2026-04-03 04:30:00,0.0,,77.87,88.82,76.13,70.0,70.0,,0.0,0.0,0.0,,0.0,0.0,0.0,0.0,0.0,0.0,7.53141,1.3,4.8954165000000005,0.0,0.9,0.0,0.0,1.85,0.0,0.0,4.03,0.0,0.0,0.55,0.0,0.0,13.88,0.0,0.0,-6.29,0.0,-0.005026833366666666,,0.402197422,3967.33168,0.201707312,0.00018342828,161.797177,98.930765,83.5637778,1.80936223,99.99998999999998,100.0,False
2026-04-03 05:00:00,0.0,,80.8,101.01,95.85,60.0,60.0,,0.0,0.0,0.0,,0.0,0.0,0.0,0.0,0.0,0.0,7.50115,1.3,4.8757475,0.0,0.9,0.0,0.0,1.85,0.0,0.0,4.03,0.0,0.0,0.55,0.0,0.0,13.88,0.0,0.0,-6.29,0.0,-0.004999222233333333,,0.402197422,3967.33168,0.201834013,0.000219840922,161.797379,98.930765,83.5636971,2.16854163,99.99998999999998,100.0,False
2026-04-03 05:30:00,0.0,,80.8,110.0,100.0,98.34,98.34,,0.0,0.0,0.0,,0.0,0.0,0.0,0.0,0.0,0.0,7.42603,1.3,4.8269195,0.0,0.9,0.0,0.0,1.85,0.0,0.0,4.03,0.0,0.0,0.55,0.0,0.0,13.88,0.0,0.0,-6.29,0.0,-0.0050441388666666665,,0.402197422,3967.33168,0.201961854,0.000253056619,161.797684,98.930765,83.5636254,2.49618592,99.99998999999998,100.0,False
2026-04-03 06:00:00,0.0,,94.0,116.9,112.96,100.62,100.62,,0.0,0.0,0.0,,0.0,0.0,0.0,0.0,0.0,0.0,7.29916,1.3,4.744454,0.0,0.9,0.0,0.0,1.85,0.0,0.0,4.03,0.0,0.0,0.55,0.0,0.0,13.88,0.0,0.0,-6.29,0.0,-0.005070750033333334,,0.402197422,3967.33168,0.202090369,0.000282820119,161.797886,98.930765,83.5635537,2.78977725,99.99998999999998,100.0,False
2026-04-03 06:30:00,0.024,,94.0,122.88,118.0,119.25,119.25,,0.0,2.862,0.0,,0.0,0.0,0.0,0.0,0.0,0.0,7.512149999999999,1.3,4.8828974999999994,0.0,0.9,0.0,0.0,1.85,0.0,0.0,4.03,0.0,0.0,0.55,0.0,0.0,13.88,0.0,0.0,-6.29,0.0,-0.0049842222,,0.402197422,3967.33168,0.20221669,0.000311658442,161.798139,98.930765,83.5634999,3.0742425,99.99998999999998,100.0,False
2026-04-03 07:00:00,1.032,,99.88,117.33,104.0,119.35,119.35,,15.7542,0.0,0.0,,0.0,0.0,1.8,105.597,0.0,0.0,7.35813,3.52,12.9503088,0.0,3.75,0.0,0.0,0.01,0.0,0.0,9.64,0.0,0.0,-1.47,0.0,0.0,17.38,0.0,0.0,-7.1,0.0,0.04684458123333333,,0.402197422,3967.33168,0.203572135,0.00303916548,161.79966,98.930765,83.5635141,29.9787538,99.99998999999998,100.0,False
2026-04-03 07:30:00,3.664,,99.88,122.67,118.0,120.0,120.0,,1.6800000000000281,0.0,0.0,,0.0,0.0,7.3,447.7455,0.0,0.0,7.073180000000001,3.52,12.448796800000002,0.0,3.75,0.0,0.0,0.01,0.0,0.0,9.64,0.0,0.0,-1.47,0.0,0.0,17.38,0.0,0.0,-7.1,0.0,1.9663815666666666,,0.402197422,3967.33168,0.253408755,0.10282617,161.849791,98.930765,83.6053235,1014.29174,99.99998999999998,100.0,False
2026-04-03 08:00:00,0.0,,86.7,116.8,112.0,59.76,59.76,,0.0,0.0,0.0,,0.0,0.0,0.0,0.0,0.0,0.0,7.3370299999999995,3.52,12.9131728,0.0,3.75,0.0,0.0,0.01,0.0,0.0,9.64,0.0,0.0,-1.47,0.0,0.0,17.38,0.0,0.0,-7.1,0.0,6.7845265333333336,,0.402197422,3967.33168,0.42535802,0.447673492,162.022437,98.930765,83.7790089,4415.914,99.99998999999998,100.0,False
2026-04-03 08:30:00,0.0,,86.7,121.6,118.0,116.49,116.49,,0.0,0.0,0.0,,0.0,0.0,0.0,0.0,0.0,0.0,6.992850000000001,3.52,12.307416000000002,0.0,3.75,0.0,0.0,0.01,0.0,0.0,9.64,0.0,0.0,-1.47,0.0,0.0,17.38,0.0,0.0,-7.1,0.0,-0.004992194433333334,,0.402197422,3967.33168,0.425484545,0.447714982,162.02264,98.930765,83.8000831,4416.32326,99.99998999999998,100.0,False
2026-04-03 09:00:00,0.0,,72.45,102.0,97.62,84.25,84.25,,0.0,0.0,0.0,,0.0,0.0,0.0,0.0,0.0,0.0,6.45294,3.52,11.3571744,0.0,3.75,0.0,0.0,0.01,0.0,0.0,9.64,0.0,0.0,-1.47,0.0,0.0,17.38,0.0,0.0,-7.1,0.0,-0.0050053334333333335,,0.402197422,3967.33168,0.425611401,0.447750446,162.022843,98.930765,83.8000354,4416.67308,99.99998999999998,100.0,False
2026-04-03 09:30:00,0.0,,72.45,86.4,82.0,112.52,112.52,,0.0,0.0,0.0,,0.0,0.0,0.0,0.0,0.0,0.0,6.25369,3.52,11.0064944,0.0,3.75,0.0,0.0,0.01,0.0,0.0,9.64,0.0,0.0,-1.47,0.0,0.0,17.38,0.0,0.0,-7.1,0.0,-0.0050539445,,0.402197422,3967.33168,0.425739489,0.447787298,162.023045,98.930765,83.7999725,4417.0366,99.99998999999998,100.0,False
2026-04-03 10:00:00,0.0,,49.1,84.0,78.76,118.99,118.99,,0.0,0.0,0.0,,0.0,0.0,0.0,0.0,0.0,0.0,5.63366,3.52,9.9152416,0.0,3.75,0.0,0.0,0.01,0.0,0.0,9.64,0.0,0.0,-1.47,0.0,0.0,17.38,0.0,0.0,-7.1,0.0,-0.005012805533333334,,0.402197422,3967.33168,0.425866536,0.447822548,162.023299,98.930765,83.7999149,4417.38431,99.99998999999998,100.0,False
2026-04-03 10:30:00,0.0,,49.1,70.5,66.51,118.99,118.99,,0.0,0.0,0.0,,0.0,0.0,0.0,0.0,0.0,0.0,6.46325,3.52,11.37532,0.0,3.75,0.0,0.0,0.01,0.0,0.0,9.64,0.0,0.0,-1.47,0.0,0.0,17.38,0.0,0.0,-7.1,0.0,-0.004958611066666667,,0.402197422,3967.33168,0.425992208,0.447853165,162.023603,98.930765,83.799852,4417.68632,99.99998999999998,100.0,False
2026-04-03 11:00:00,0.0,,28.78,60.0,48.0,118.99,118.99,,0.0,0.0,0.0,,0.0,0.0,0.0,0.0,0.0,0.0,6.38433,1.82,5.8097403000000005,0.0,3.16,0.0,0.0,2.75,0.0,0.0,5.67,0.0,0.0,4.92,0.0,0.0,9.21,0.0,0.0,8.41,0.0,-0.0050186945666666665,,0.402197422,3967.33168,0.426119404,0.447891996,162.023806,98.930765,83.79979,4418.06935,99.99998999999998,100.0,False
2026-04-03 11:30:00,0.0,,28.78,45.16,37.0,118.97,118.97,,0.0,0.0,0.0,,0.0,0.0,0.0,0.0,0.0,0.0,5.61533,1.82,5.1099503,0.0,3.16,0.0,0.0,2.75,0.0,0.0,5.67,0.0,0.0,4.92,0.0,0.0,9.21,0.0,0.0,8.41,0.0,-0.0049721110666666665,,0.402197422,3967.33168,0.426245419,0.44793227,162.024008,98.930765,83.7997225,4418.46662,99.99998999999998,100.0,False
2026-04-03 12:00:00,0.0,,19.12,33.3,28.0,41.0,41.0,,0.0,0.0,0.0,,0.0,0.0,0.0,0.0,0.0,0.0,5.17305,1.82,4.7074755,0.0,3.16,0.0,0.0,2.75,0.0,0.0,5.67,0.0,0.0,4.92,0.0,0.0,9.21,0.0,0.0,8.41,0.0,-0.0050144443666666665,,0.402197422,3967.33168,0.426372507,0.44797761,162.024313,98.930765,83.7996551,4418.91386,99.99998999999998,100.0,False
2026-04-03 12:30:00,-0.032,,19.12,29.27,24.12,78.61,78.61,,0.0,-2.51552,0.0,,0.0,0.0,0.0,0.0,0.0,0.0,4.92474,1.82,4.4815134,0.0,3.16,0.0,0.0,2.75,0.0,0.0,5.67,0.0,0.0,4.92,0.0,0.0,9.21,0.0,0.0,8.41,0.0,-0.0049596111,,0.402197422,3967.33168,0.426498205,0.448023715,162.024465,98.930765,83.799611,4419.36865,99.99998999999998,100.0,False
2026-04-03 13:00:00,-1.267,,17.01,29.0,24.0,26.21,26.21,,-1.7560699999999987,0.0,0.0,,0.0,0.0,-2.4,-34.8,0.0,0.0,6.00936,1.82,5.4685176,0.0,3.16,0.0,0.0,2.75,0.0,0.0,5.67,0.0,0.0,4.92,0.0,0.0,9.21,0.0,0.0,8.41,0.0,-0.07652161306666666,,0.405874328,4003.60119,0.428437593,0.448060597,162.026593,98.930765,83.7994807,4419.73246,99.99998999999998,100.0,False
2026-04-03 13:30:00,-2.055,,17.01,26.28,20.0,11.48,11.48,,-0.6314000000000018,0.0,0.0,,0.0,0.0,-4.0,-52.56,0.0,0.0,5.28608,1.82,4.8103328,0.0,3.16,0.0,0.0,2.75,0.0,0.0,5.67,0.0,0.0,4.92,0.0,0.0,9.21,0.0,0.0,8.41,0.0,-2.461119933333334,,0.530571567,5233.63222,0.490813024,0.448060597,162.088991,98.930765,83.7527869,4419.73246,99.99998999999998,100.0,False
2026-04-03 14:00:00,-2.068,,16.92,28.99,23.99,-13.25,-13.25,,0.9010000000000008,0.0,0.0,,0.0,0.0,-4.0,-57.98,0.0,0.0,4.32663,1.82,3.9372333,0.0,3.16,0.0,0.0,2.75,0.0,0.0,5.67,0.0,0.0,4.92,0.0,0.0,9.21,0.0,0.0,8.41,0.0,-3.9882809,,0.733502977,7235.37606,0.591893324,0.448060597,162.19047,98.930765,83.6678877,4419.73246,99.99998999999998,100.0,False
2026-04-03 14:30:00,-2.032,,16.92,28.0,21.59,-27.5,-27.5,,0.8800000000000008,0.0,0.0,,0.0,0.0,-4.0,-56.0,0.0,0.0,4.85395,1.82,4.4170945,0.0,3.16,0.0,0.0,2.75,0.0,0.0,5.67,0.0,0.0,4.92,0.0,0.0,9.21,0.0,0.0,8.41,0.0,-3.9866198333333336,,0.936335838,9236.14779,0.692931525,0.448060597,162.291898,98.930765,83.5783139,4419.73246,99.99998999999998,100.0,False
2026-04-03 15:00:00,0.0,,27.24,34.94,32.87,-81.08,-81.08,,0.0,0.0,0.0,,0.0,0.0,0.0,0.0,0.0,0.0,5.633430000000001,7.2,20.280348000000004,0.0,1.45,0.0,0.0,2.84,0.0,0.0,5.63,0.0,0.0,5.49,0.0,0.0,11.42,0.0,0.0,4.52,0.0,-3.871264566666667,,1.1331394,11177.4457,0.79104612,0.448060597,162.390335,98.930765,83.4890477,4419.73246,99.99998999999998,100.0,False
2026-04-03 15:30:00,0.0,,27.24,40.0,40.0,-81.08,-81.08,,0.0,0.0,0.0,,0.0,0.0,0.0,0.0,0.0,0.0,4.7948699999999995,7.2,17.261532,0.0,1.45,0.0,0.0,2.84,0.0,0.0,5.63,0.0,0.0,5.49,0.0,0.0,11.42,0.0,0.0,4.52,0.0,-0.005417027866666667,,1.13314195,11177.4708,0.79118341,0.448100127,162.390589,98.930765,83.4765492,4420.12239,99.99998999999998,100.0,False
2026-04-03 16:00:00,0.0,,57.41,43.0,53.11,-51.3,-51.3,,0.0,0.0,0.0,,0.0,0.0,0.0,0.0,0.0,0.0,3.92814,7.2,14.141304,0.0,1.45,0.0,0.0,2.84,0.0,0.0,5.63,0.0,0.0,5.49,0.0,0.0,11.42,0.0,0.0,4.52,0.0,-0.0051066389,,1.13314195,11177.4708,0.79131284,0.448151207,162.390893,98.930765,83.4764868,4420.62625,99.99998999999998,100.0,False
2026-04-03 16:30:00,0.0,,57.41,66.01,68.0,-40.0,-40.0,,0.0,0.0,0.0,,0.0,0.0,0.0,0.0,0.0,0.0,4.57032,7.2,16.453152,0.0,1.45,0.0,0.0,2.84,0.0,0.0,5.63,0.0,0.0,5.49,0.0,0.0,11.42,0.0,0.0,4.52,0.0,-0.004929972133333333,,1.13314195,11177.4708,0.79143779,0.448200219,162.390994,98.930765,83.4764243,4421.10971,99.99998999999998,100.0,False
2026-04-03 17:00:00,0.0,,85.79,75.9,82.0,5.32,5.32,,0.0,0.0,0.0,,0.0,0.0,0.0,0.0,0.0,0.0,5.79093,7.2,20.847348,0.0,1.45,0.0,0.0,2.84,0.0,0.0,5.63,0.0,0.0,5.49,0.0,0.0,11.42,0.0,0.0,4.52,0.0,-0.00493775,,1.13314195,11177.4708,0.79156293,0.448252413,162.3914,98.930765,83.4763762,4421.62456,99.99998999999998,100.0,False
2026-04-03 17:30:00,0.074,,85.79,89.37,97.36,34.26,34.26,,0.0,2.53524,0.0,,0.0,0.0,0.0,0.0,0.0,0.0,6.021100000000001,7.2,21.675960000000003,0.0,1.45,0.0,0.0,2.84,0.0,0.0,5.63,0.0,0.0,5.49,0.0,0.0,11.42,0.0,0.0,4.52,0.0,-0.004969722166666667,,1.13314195,11177.4708,0.791688885,0.448311257,162.391451,98.930765,83.4763316,4422.205,99.99998999999998,100.0,False
2026-04-03 18:00:00,2.812,,101.88,86.0,95.35,32.99,32.99,,3.694879999999989,0.0,0.0,,6.8,324.19,-1.4,-60.199999999999996,0.0,0.0,6.10982,7.2,21.995352,0.0,1.45,0.0,0.0,2.84,0.0,0.0,5.63,0.0,0.0,5.49,0.0,0.0,11.42,0.0,0.0,4.52,0.0,0.15651077783333334,,1.13314195,11177.4708,0.795823883,0.456673675,162.395911,98.930765,83.4764793,4504.69306,99.99998999999998,100.0,False
2026-04-03 18:30:00,3.605,,101.88,94.34,101.85,35.93,35.93,,1.9761500000000056,0.0,0.0,,5.7,290.2725,1.4,66.038,0.0,0.0,6.72966,7.2,24.226776,0.0,1.45,0.0,0.0,2.84,0.0,0.0,5.63,0.0,0.0,5.49,0.0,0.0,11.42,0.0,0.0,4.52,0.0,5.4278695,,1.13314195,11177.4708,0.933389589,0.732387395,162.53424,98.930765,83.6010711,7224.3718,99.99998999999998,100.0,False
2026-04-03 19:00:00,0.0,,111.39,93.0,99.02,-6.55,-6.55,,0.0,0.0,0.0,,0.0,0.0,0.0,0.0,0.0,0.0,7.2073599999999995,4.8,17.297663999999997,0.0,3.25,0.0,0.0,1.54,0.0,0.0,8.6,0.0,0.0,-1.22,0.0,0.0,21.3,0.0,0.0,-8.2,0.0,6.828934833333332,,1.13314195,11177.4708,1.10646435,1.07986568,162.708,98.930765,83.782601,10651.9462,99.99998999999998,100.0,False
2026-04-03 19:30:00,0.0,,111.39,93.0,103.0,13.18,13.18,,0.0,0.0,0.0,,0.0,0.0,0.0,0.0,0.0,0.0,7.30646,4.8,17.535504,0.0,3.25,0.0,0.0,1.54,0.0,0.0,8.6,0.0,0.0,-1.22,0.0,0.0,21.3,0.0,0.0,-8.2,0.0,-0.005003361133333333,,1.13314195,11177.4708,1.10659116,1.07994493,162.708102,98.930765,83.8091182,10652.728,99.99998999999998,100.0,False
2026-04-03 20:00:00,0.0,,117.99,92.65,96.74,17.91,17.91,,0.0,0.0,0.0,,0.0,0.0,0.0,0.0,0.0,0.0,7.39037,4.8,17.736888,0.0,3.25,0.0,0.0,1.54,0.0,0.0,8.6,0.0,0.0,-1.22,0.0,0.0,21.3,0.0,0.0,-8.2,0.0,-0.005061555566666666,,1.13314195,11177.4708,1.10671944,1.0800184,162.708406,98.930765,83.8090645,10653.4527,99.99998999999998,100.0,False
2026-04-03 20:30:00,0.0,,117.99,81.2,85.14,-7.75,-7.75,,0.0,0.0,0.0,,0.0,0.0,0.0,0.0,0.0,0.0,7.414,4.8,17.793599999999998,0.0,3.25,0.0,0.0,1.54,0.0,0.0,8.6,0.0,0.0,-1.22,0.0,0.0,21.3,0.0,0.0,-8.2,0.0,-0.0050746945,,1.13314195,11177.4708,1.10684805,1.08008565,162.708609,98.930765,83.8090018,10654.1161,99.99998999999998,100.0,False
2026-04-03 21:00:00,0.0,,110.0,83.4,92.7,9.68,9.68,,0.0,0.0,0.0,,0.0,0.0,0.0,0.0,0.0,0.0,7.34663,4.8,17.631912,0.0,3.25,0.0,0.0,1.54,0.0,0.0,8.6,0.0,0.0,-1.22,0.0,0.0,21.3,0.0,0.0,-8.2,0.0,-0.004996916600000001,,1.13314195,11177.4708,1.10697469,1.08014412,162.708811,98.930765,83.8089391,10654.6928,99.99998999999998,100.0,False
2026-04-03 21:30:00,-0.025,,110.0,67.07,79.0,7.54,7.54,,0.0,-0.1885,0.0,,0.0,0.0,0.0,0.0,0.0,0.0,7.439310000000001,4.8,17.854344,0.0,3.25,0.0,0.0,1.54,0.0,0.0,8.6,0.0,0.0,-1.22,0.0,0.0,21.3,0.0,0.0,-8.2,0.0,-0.0050475555,,1.13314195,11177.4708,1.10710262,1.0802003,162.709065,98.930765,83.8088764,10655.247,99.99998999999998,100.0,False
2026-04-03 22:00:00,-0.901,,92.5,63.0,78.0,54.36,54.36,,-0.05436000000000005,0.0,0.0,,0.0,0.0,-1.8,-56.7,0.0,0.0,7.39678,4.8,17.752271999999998,0.0,3.25,0.0,0.0,1.54,0.0,0.0,8.6,0.0,0.0,-1.22,0.0,0.0,21.3,0.0,0.0,-8.2,0.0,-0.061297277766666665,,1.13603722,11206.0302,1.10865616,1.08023756,162.710688,98.930765,83.8087645,10655.6145,99.99998999999998,100.0,False
2026-04-03 22:30:00,-0.051,,92.5,42.01,55.51,7.4,7.4,,0.0,-0.3774,0.0,,-1.8,-49.958999999999996,1.8,37.809,0.0,0.0,7.4239,4.8,17.817359999999997,0.0,3.25,0.0,0.0,1.54,0.0,0.0,8.6,0.0,0.0,-1.22,0.0,0.0,21.3,0.0,0.0,-8.2,0.0,-1.7717258866666665,,1.22550229,12088.5262,1.15355936,1.08023756,162.755597,98.930765,83.7736704,10655.6145,99.99998999999998,100.0,False
2026-04-03 23:00:00,-2.013,,37.04,16.0,29.62,7.01,7.01,,-0.0911299999999993,0.0,0.0,,0.0,0.0,-4.0,-32.0,0.0,0.0,7.45347,1.55,5.77643925,0.0,0.64,0.0,0.0,3.83,0.0,0.0,2.03,0.0,0.0,3.09,0.0,0.0,6.8,0.0,0.0,-2.15,0.0,-0.12064333113333335,,1.2314755,12147.4467,1.15661698,1.08027398,162.758791,98.930765,83.7678414,10655.9738,99.99998999999998,100.0,False
2026-04-03 23:30:00,-2.047,,37.04,13.0,28.0,28.0,28.0,,-1.3160000000000043,0.0,0.0,,0.0,0.0,-4.0,-26.0,0.0,0.0,7.22704,1.55,5.600956,0.0,0.64,0.0,0.0,3.83,0.0,0.0,2.03,0.0,0.0,3.09,0.0,0.0,6.8,0.0,0.0,-2.15,0.0,-3.9755355666666663,,1.43350268,14140.2711,1.25737427,1.08027398,162.860016,98.930765,83.6911467,10655.9738,99.99998999999998,100.0,False
2026-04-04 00:00:00,-2.047,,41.5,12.0,28.64,-8.79,-8.79,,0.41313000000000133,0.0,0.0,,-2.4,-34.368,-1.6,-9.600000000000001,0.0,0.0,7.42206,1.55,5.7520965,0.0,0.64,0.0,0.0,3.83,0.0,0.0,2.03,0.0,0.0,3.09,0.0,0.0,6.8,0.0,0.0,-2.15,0.0,-3.9527155,,1.63428816,16120.8472,1.35755318,1.08027398,162.960582,98.930765,83.602703,10655.9738,99.99998999999998,100.0,False
2026-04-04 00:30:00,-0.563,,41.5,14.88,32.0,4.77,4.77,,-0.06200999999999952,0.0,0.0,,-4.0,-64.0,2.9,21.576,0.0,0.0,7.52809,1.55,5.83426975,0.0,0.64,0.0,0.0,3.83,0.0,0.0,2.03,0.0,0.0,3.09,0.0,0.0,6.8,0.0,0.0,-2.15,0.0,-3.8723821,,0.196571823,1939.01198,0.098142922,0.0,163.058919,98.930765,83.5145039,0.0,99.99998999999998,100.0,False
2026-04-04 01:00:00,0.0,,43.9,13.0,20.75,3.97,3.97,,0.0,0.0,0.0,,0.0,0.0,0.0,0.0,0.0,0.0,7.3886400000000005,1.55,5.726196000000001,0.0,0.64,0.0,0.0,3.83,0.0,0.0,2.03,0.0,0.0,3.09,0.0,0.0,6.8,0.0,0.0,-2.15,0.0,-1.0769802633333334,,0.250743534,2473.36932,0.125438263,0.0,163.086391,98.930765,83.4812425,0.0,99.99998999999998,100.0,False
2026-04-04 01:30:00,0.0,,43.9,17.76,34.25,9.2,9.2,,0.0,0.0,0.0,,0.0,0.0,0.0,0.0,0.0,0.0,7.40246,1.55,5.7369065,0.0,0.64,0.0,0.0,3.83,0.0,0.0,2.03,0.0,0.0,3.09,0.0,0.0,6.8,0.0,0.0,-2.15,0.0,-0.0050246112,,0.250743534,2473.36932,0.125565609,4.61594734e-05,163.086696,98.930765,83.4777774,0.455323508,99.99998999999998,100.0,False
2026-04-04 02:00:00,0.0,,47.98,19.81,39.0,39.0,39.0,,0.0,0.0,0.0,,0.0,0.0,0.0,0.0,0.0,0.0,7.38504,1.55,5.723406,0.0,0.64,0.0,0.0,3.83,0.0,0.0,2.03,0.0,0.0,3.09,0.0,0.0,6.8,0.0,0.0,-2.15,0.0,-0.0050333334,,0.250743534,2473.36932,0.125693175,9.47781738e-05,163.08695,98.930765,83.4777241,0.934905175,99.99998999999998,100.0,False
2026-04-04 02:30:00,0.0,,47.98,22.0,37.5,-15.27,-15.27,,0.0,0.0,0.0,,0.0,0.0,0.0,0.0,0.0,0.0,7.51241,1.55,5.82211775,0.0,0.64,0.0,0.0,3.83,0.0,0.0,2.03,0.0,0.0,3.09,0.0,0.0,6.8,0.0,0.0,-2.15,0.0,-0.005030694433333333,,0.250743534,2473.36932,0.125820675,0.000148022251,163.087101,98.930765,83.4776708,1.46011221,99.99998999999998,100.0,False
2026-04-04 03:00:00,0.0,,52.0,13.9,23.8,26.71,26.71,,0.0,0.0,0.0,,0.0,0.0,0.0,0.0,0.0,0.0,7.489850000000001,1.4,5.242895,0.0,1.27,0.0,0.0,2.65,0.0,0.0,3.5,0.0,0.0,2.09,0.0,0.0,11.96,0.0,0.0,-2.79,0.0,-0.005051222233333333,,0.250743534,2473.36932,0.125948695,0.000190871608,163.087405,98.930765,83.4775997,1.88278426,99.99998999999998,100.0,False
2026-04-04 03:30:00,0.0,,52.0,18.9,17.79,-10.38,-10.38,,0.0,0.0,0.0,,0.0,0.0,0.0,0.0,0.0,0.0,6.92913,1.4,4.850390999999999,0.0,1.27,0.0,0.0,2.65,0.0,0.0,3.5,0.0,0.0,2.09,0.0,0.0,11.96,0.0,0.0,-2.79,0.0,-0.0050437222,,0.250743534,2473.36932,0.126076524,0.000232205908,163.087608,98.930765,83.4775286,2.29051159,99.99998999999998,100.0,False
2026-04-04 04:00:00,0.0,,65.0,21.15,36.15,-10.0,-10.0,,0.0,0.0,0.0,,0.0,0.0,0.0,0.0,0.0,0.0,7.23284,1.4,5.062988,0.0,1.27,0.0,0.0,2.65,0.0,0.0,3.5,0.0,0.0,2.09,0.0,0.0,11.96,0.0,0.0,-2.79,0.0,-0.0050616945,,0.250743534,2473.36932,0.126204809,0.000273720584,163.087862,98.930765,83.4774664,2.70001816,99.99998999999998,100.0,False
2026-04-04 04:30:00,0.0,,65.0,51.4,57.31,50.09,50.09,,0.0,0.0,0.0,,0.0,0.0,0.0,0.0,0.0,0.0,7.4895,1.4,5.242649999999999,0.0,1.27,0.0,0.0,2.65,0.0,0.0,3.5,0.0,0.0,2.09,0.0,0.0,11.96,0.0,0.0,-2.79,0.0,-0.005038083366666667,,0.250743534,2473.36932,0.126332497,0.000308157712,163.088116,98.930765,83.4773865,3.03971081,99.99998999999998,100.0,False
2026-04-04 05:00:00,0.0,,78.0,68.17,79.27,112.0,112.0,,0.0,0.0,0.0,,0.0,0.0,0.0,0.0,0.0,0.0,7.51234,1.4,5.2586379999999995,0.0,1.27,0.0,0.0,2.65,0.0,0.0,3.5,0.0,0.0,2.09,0.0,0.0,11.96,0.0,0.0,-2.79,0.0,-0.0050130556333333335,,0.250743534,2473.36932,0.126459549,0.00034054785,163.088369,98.930765,83.4773074,3.35921167,99.99998999999998,100.0,False
2026-04-04 05:30:00,0.0,,78.0,76.65,87.5,129.9,129.9,,0.0,0.0,0.0,,0.0,0.0,0.0,0.0,0.0,0.0,7.39459,1.4,5.176213,0.0,1.27,0.0,0.0,2.65,0.0,0.0,3.5,0.0,0.0,2.09,0.0,0.0,11.96,0.0,0.0,-2.79,0.0,-0.0050058055333333335,,0.250743534,2473.36932,0.126586417,0.000375435165,163.088521,98.930765,83.4772319,3.70334503,99.99998999999998,100.0,False
2026-04-04 06:00:00,0.0,,98.58,93.57,101.4,129.0,129.0,,0.0,0.0,0.0,,0.0,0.0,0.0,0.0,0.0,0.0,7.493510000000001,1.4,5.245457,0.0,1.27,0.0,0.0,2.65,0.0,0.0,3.5,0.0,0.0,2.09,0.0,0.0,11.96,0.0,0.0,-2.79,0.0,-0.004978194366666667,,0.250743534,2473.36932,0.126712587,0.000417086456,163.088876,98.930765,83.4771564,4.11419919,99.99998999999998,100.0,False
2026-04-04 06:30:00,0.0,,98.58,98.68,110.0,129.8,129.8,,0.0,0.0,0.0,,0.0,0.0,0.0,0.0,0.0,0.0,7.41691,1.4,5.191837,0.0,1.27,0.0,0.0,2.65,0.0,0.0,3.5,0.0,0.0,2.09,0.0,0.0,11.96,0.0,0.0,-2.79,0.0,-0.005006277833333333,,0.250743534,2473.36932,0.126839467,0.000452297244,163.088977,98.930765,83.4770986,4.46152334,99.99998999999998,100.0,False
2026-04-04 07:00:00,0.0,,102.0,111.08,116.0,129.75,129.75,,0.0,0.0,0.0,,0.0,0.0,0.0,0.0,0.0,0.0,7.33786,3.94,14.4555842,0.0,4.57,0.0,0.0,1.21,0.0,0.0,9.58,0.0,0.0,0.39,0.0,0.0,21.26,0.0,0.0,-5.99,0.0,-0.005010027833333333,,0.250743534,2473.36932,0.126966443,0.000469160277,163.08918,98.930765,83.4770542,4.62786265,99.99998999999998,100.0,False
2026-04-04 07:30:00,0.029,,102.0,123.07,125.0,129.7,129.7,,0.0,3.7613,0.0,,0.0,0.0,0.0,0.0,0.0,0.0,7.109310000000001,3.94,14.005340700000001,0.0,4.57,0.0,0.0,1.21,0.0,0.0,9.58,0.0,0.0,0.39,0.0,0.0,21.26,0.0,0.0,-5.99,0.0,-0.005041777733333333,,0.250743534,2473.36932,0.127094223,0.000498041693,163.089382,98.930765,83.4770009,4.91275299,99.99998999999998,100.0,False
2026-04-04 08:00:00,1.133,,109.0,121.58,122.7,134.45,134.45,,11.159349999999995,0.0,0.0,,0.0,0.0,2.1,127.659,0.0,0.0,6.402399999999999,3.94,12.612727999999999,0.0,4.57,0.0,0.0,1.21,0.0,0.0,9.58,0.0,0.0,0.39,0.0,0.0,21.26,0.0,0.0,-5.99,0.0,0.060279359,,0.250743534,2473.36932,0.128791586,0.0038831635,163.09136,98.930765,83.4770185,38.3040684,99.99998999999998,100.0,False
2026-04-04 08:30:00,2.822,,109.0,122.22,125.0,134.5,134.5,,16.408999999999985,0.0,0.0,,0.0,0.0,5.4,329.994,0.0,0.0,5.194979999999999,3.94,10.2341106,0.0,4.57,0.0,0.0,1.21,0.0,0.0,9.58,0.0,0.0,0.39,0.0,0.0,21.26,0.0,0.0,-5.99,0.0,2.204751,,0.250743534,2473.36932,0.184669518,0.115646052,163.147472,98.930765,83.5254555,1140.74885,99.99998999999998,100.0,False
2026-04-04 09:00:00,2.499,,109.8,119.0,117.37,134.5,134.5,,13.315500000000027,0.0,0.0,,0.0,0.0,4.8,285.59999999999997,0.0,0.0,5.23406,3.94,10.3110982,0.0,4.57,0.0,0.0,1.21,0.0,0.0,9.58,0.0,0.0,0.39,0.0,0.0,21.26,0.0,0.0,-5.99,0.0,5.317874033333333,,0.250743534,2473.36932,0.319447463,0.385163726,163.282658,98.930765,83.6555389,3799.30892,99.99998999999998,100.0,False
2026-04-04 09:30:00,0.0,,109.8,114.01,116.0,142.46,142.46,,0.0,0.0,0.0,,0.0,0.0,0.0,0.0,0.0,0.0,5.538060000000001,3.94,10.909978200000001,0.0,4.57,0.0,0.0,1.21,0.0,0.0,9.58,0.0,0.0,0.39,0.0,0.0,21.26,0.0,0.0,-5.99,0.0,4.6601495,,0.250743534,2473.36932,0.43755582,0.621079977,163.401118,98.930765,83.7850477,6126.41984,99.99998999999998,100.0,False
2026-04-04 10:00:00,0.0,,100.46,115.01,112.89,145.0,145.0,,0.0,0.0,0.0,,0.0,0.0,0.0,0.0,0.0,0.0,4.69127,3.94,9.2418019,0.0,4.57,0.0,0.0,1.21,0.0,0.0,9.58,0.0,0.0,0.39,0.0,0.0,21.26,0.0,0.0,-5.99,0.0,-0.0049791944,,0.250743534,2473.36932,0.437682015,0.621116436,163.40132,98.930765,83.8026562,6126.77948,99.99998999999998,100.0,False
2026-04-04 10:30:00,0.0,,100.46,107.0,100.58,145.0,145.0,,0.0,0.0,0.0,,0.0,0.0,0.0,0.0,0.0,0.0,5.07643,3.94,10.0005671,0.0,4.57,0.0,0.0,1.21,0.0,0.0,9.58,0.0,0.0,0.39,0.0,0.0,21.26,0.0,0.0,-5.99,0.0,-0.0049895,,0.250743534,2473.36932,0.43780847,0.621146387,163.401573,98.930765,83.8025937,6127.07492,99.99998999999998,100.0,False
2026-04-04 11:00:00,0.0,,87.7,80.0,83.01,145.0,145.0,,0.0,0.0,0.0,,0.0,0.0,0.0,0.0,0.0,0.0,4.35675,1.82,3.9646425,0.0,5.01,0.0,0.0,2.65,0.0,0.0,7.43,0.0,0.0,2.84,0.0,0.0,17.31,0.0,0.0,2.55,0.0,-0.005084277766666667,,0.250743534,2473.36932,0.437937328,0.621181195,163.401827,98.930765,83.8025358,6127.41827,99.99998999999998,100.0,False
2026-04-04 11:30:00,0.0,,87.7,53.8,56.1,164.0,164.0,,0.0,0.0,0.0,,0.0,0.0,0.0,0.0,0.0,0.0,4.09199,1.82,3.7237109,0.0,5.01,0.0,0.0,2.65,0.0,0.0,7.43,0.0,0.0,2.84,0.0,0.0,17.31,0.0,0.0,2.55,0.0,-0.004921361066666667,,0.250743534,2473.36932,0.438062056,0.621207776,163.401979,98.930765,83.8024787,6127.68047,99.99998999999998,100.0,False
2026-04-04 12:00:00,0.0,,50.42,10.4,19.98,131.89,131.89,,0.0,0.0,0.0,,0.0,0.0,0.0,0.0,0.0,0.0,1.20008,1.82,1.0920728000000002,0.0,5.01,0.0,0.0,2.65,0.0,0.0,7.43,0.0,0.0,2.84,0.0,0.0,17.31,0.0,0.0,2.55,0.0,-0.005891583366666667,,0.25076025,2473.53421,0.438211374,0.621220254,163.402334,98.930765,83.8024162,6127.80356,99.99998999999998,100.0,False
2026-04-04 12:30:00,0.0,,50.42,-2.13,-1.9,128.0,128.0,,0.0,0.0,0.0,,0.0,0.0,0.0,0.0,0.0,0.0,2.1226,1.82,1.931566,0.0,5.01,0.0,0.0,2.65,0.0,0.0,7.43,0.0,0.0,2.84,0.0,0.0,17.31,0.0,0.0,2.55,0.0,-0.005725000000000001,,0.250784807,2473.77645,0.438356471,0.621246305,163.402587,98.930765,83.8023538,6128.06053,99.99998999999998,100.0,False
2026-04-04 13:00:00,-0.027,,7.88,-1.84,0.0,119.6,119.6,,0.0,-3.2291999999999996,0.0,,0.0,0.0,0.0,0.0,0.0,0.0,3.6349099999999996,1.82,3.3077680999999997,0.0,5.01,0.0,0.0,2.65,0.0,0.0,7.43,0.0,0.0,2.84,0.0,0.0,17.31,0.0,0.0,2.55,0.0,-0.0056576945,,0.250804845,2473.9741,0.438499861,0.621272076,163.402841,98.930765,83.8023003,6128.31474,99.99998999999998,100.0,False
2026-04-04 13:30:00,-0.984,,7.88,-4.12,-1.9,119.6,119.6,,1.9136000000000015,0.0,0.0,,0.0,0.0,-2.0,4.12,0.0,0.0,2.9625,1.82,2.695875,0.0,5.01,0.0,0.0,2.65,0.0,0.0,7.43,0.0,0.0,2.84,0.0,0.0,17.31,0.0,0.0,2.55,0.0,-0.06638161220000001,,0.253953373,2505.03162,0.440182259,0.621285113,163.404665,98.930765,83.8021531,6128.44333,99.99998999999998,100.0,False
2026-04-04 14:00:00,0.0,,0.6,-3.74,-1.9,119.6,119.6,,0.0,0.0,0.0,,0.0,0.0,0.0,0.0,0.0,0.0,2.9159,1.82,2.6534690000000003,0.0,5.01,0.0,0.0,2.65,0.0,0.0,7.43,0.0,0.0,2.84,0.0,0.0,17.31,0.0,0.0,2.55,0.0,-1.94958787,,0.35254092,3477.51299,0.489593253,0.621285113,163.45429,98.930765,83.7636676,6128.44333,99.99998999999998,100.0,False
2026-04-04 14:30:00,-0.001,,0.6,-4.46,-1.9,119.6,119.6,,0.0,-0.1196,0.0,,0.0,0.0,0.0,0.0,0.0,0.0,3.3429,1.82,3.0420390000000004,0.0,5.01,0.0,0.0,2.65,0.0,0.0,7.43,0.0,0.0,2.84,0.0,0.0,17.31,0.0,0.0,2.55,0.0,-0.0060631389,,0.352569901,3477.79886,0.489746919,0.621302231,163.454594,98.930765,83.7574038,6128.61219,99.99998999999998,100.0,False
2026-04-04 15:00:00,-0.05,,3.58,-3.0,-1.0,121.88,121.88,,0.0,-6.094,0.0,,0.0,0.0,0.0,0.0,0.0,0.0,1.61466,7.21,5.8208493,0.0,5.22,0.0,0.0,5.05,0.0,0.0,4.69,0.0,0.0,5.11,0.0,0.0,8.31,0.0,0.0,6.31,0.0,-0.006529305433333334,,0.352613952,3478.23339,0.489912401,0.621302231,163.454899,98.930765,83.7573325,6128.61219,99.99998999999998,100.0,False
2026-04-04 15:30:00,-2.003,,3.58,-2.62,-1.0,-1.0,-1.0,,0.0030000000000001137,0.0,0.0,,0.0,0.0,-4.0,5.24,0.0,0.0,2.43358,7.21,8.773055900000001,0.0,5.22,0.0,0.0,5.05,0.0,0.0,4.69,0.0,0.0,5.11,0.0,0.0,8.31,0.0,0.0,6.31,0.0,-0.12003289106666665,,0.358560481,3536.89078,0.492954553,0.621312673,163.458193,98.930765,83.7571499,6128.71519,99.99998999999998,100.0,False
2026-04-04 16:00:00,-2.031,,8.0,-2.33,-1.9,154.45,154.45,,-4.787950000000021,0.0,0.0,,0.0,0.0,-4.0,4.66,0.0,0.0,1.3922,7.21,5.018881,0.0,5.22,0.0,0.0,5.05,0.0,0.0,4.69,0.0,0.0,5.11,0.0,0.0,8.31,0.0,0.0,6.31,0.0,-3.9815466,,0.561240522,5536.15508,0.593864176,0.621312673,163.559418,98.930765,83.6805547,6128.71519,99.99998999999998,100.0,False
2026-04-04 16:30:00,-1.988,,8.0,-1.81,0.0,154.45,154.45,,1.8534000000000015,0.0,0.0,,0.0,0.0,-4.0,3.62,0.0,0.0,3.28138,7.21,11.8293749,0.0,5.22,0.0,0.0,5.05,0.0,0.0,4.69,0.0,0.0,5.11,0.0,0.0,8.31,0.0,0.0,6.31,0.0,-3.9867778,,0.76412499,7537.43588,0.694906381,0.621312673,163.660745,98.930765,83.5916472,6128.71519,99.99998999999998,100.0,False
2026-04-04 17:00:00,0.0,,47.0,1.46,-1.9,143.5,143.5,,0.0,0.0,0.0,,0.0,0.0,0.0,0.0,0.0,0.0,4.02168,7.21,14.4981564,0.0,5.22,0.0,0.0,5.05,0.0,0.0,4.69,0.0,0.0,5.11,0.0,0.0,8.31,0.0,0.0,6.31,0.0,-3.8587715666666664,,0.960264719,9472.18563,0.792704354,0.621312673,163.758827,98.930765,83.5032515,6128.71519,99.99998999999998,100.0,False
2026-04-04 17:30:00,0.0,,47.0,19.02,32.02,142.0,142.0,,0.0,0.0,0.0,,0.0,0.0,0.0,0.0,0.0,0.0,5.51563,7.21,19.88384615,0.0,5.22,0.0,0.0,5.05,0.0,0.0,4.69,0.0,0.0,5.11,0.0,0.0,8.31,0.0,0.0,6.31,0.0,-0.004965777766666667,,0.960264719,9472.18563,0.792830207,0.621348985,163.75903,98.930765,83.4909664,6129.07338,99.99998999999998,100.0,False
2026-04-04 18:00:00,0.0,,61.42,31.02,38.0,152.0,152.0,,0.0,0.0,0.0,,0.0,0.0,0.0,0.0,0.0,0.0,6.43237,7.21,23.18869385,0.0,5.22,0.0,0.0,5.05,0.0,0.0,4.69,0.0,0.0,5.11,0.0,0.0,8.31,0.0,0.0,6.31,0.0,-0.0049899167,,0.960264719,9472.18563,0.792956674,0.621393204,163.759385,98.930765,83.4909222,6129.50956,99.99998999999998,100.0,False
2026-04-04 18:30:00,0.0,,61.42,45.26,48.28,143.5,143.5,,0.0,0.0,0.0,,0.0,0.0,0.0,0.0,0.0,0.0,7.0988500000000005,7.21,25.591354250000002,0.0,5.22,0.0,0.0,5.05,0.0,0.0,4.69,0.0,0.0,5.11,0.0,0.0,8.31,0.0,0.0,6.31,0.0,-0.004936277866666667,,0.960264719,9472.18563,0.79308178,0.621436637,163.759537,98.930765,83.490869,6129.93799,99.99998999999998,100.0,False
2026-04-04 19:00:00,0.0,,67.89,44.02,50.0,142.0,142.0,,0.0,0.0,0.0,,0.0,0.0,0.0,0.0,0.0,0.0,7.05525,4.93,17.39119125,0.0,5.85,0.0,0.0,1.78,0.0,0.0,8.99,0.0,0.0,1.98,0.0,0.0,11.43,0.0,0.0,-3.15,0.0,-0.0050163889333333335,,0.960264719,9472.18563,0.793208917,0.621481166,163.759689,98.930765,83.4908336,6130.37723,99.99998999999998,100.0,False
2026-04-04 19:30:00,0.042,,67.89,45.79,50.55,142.0,142.0,,0.0,5.964,0.0,,0.0,0.0,0.0,0.0,0.0,0.0,7.13595,4.93,17.59011675,0.0,5.85,0.0,0.0,1.78,0.0,0.0,8.99,0.0,0.0,1.98,0.0,0.0,11.43,0.0,0.0,-3.15,0.0,-0.004987999966666667,,0.960264719,9472.18563,0.793335335,0.621526596,163.759943,98.930765,83.4908124,6130.82536,99.99998999999998,100.0,False
2026-04-04 20:00:00,1.702,,67.25,36.0,50.0,127.94,127.94,,13.049879999999982,0.0,0.0,,2.6,65.0,0.6,10.799999999999999,0.0,0.0,7.3586,4.93,18.138949,0.0,5.85,0.0,0.0,1.78,0.0,0.0,8.99,0.0,0.0,1.98,0.0,0.0,11.43,0.0,0.0,-3.15,0.0,0.09040714109999999,,0.960264719,9472.18563,0.795794477,0.626484196,163.762579,98.930765,83.4908936,6179.72782,99.99998999999998,100.0,False
2026-04-04 20:30:00,3.609,,67.25,38.7,37.4,120.0,120.0,,-10.920000000000023,0.0,0.0,,7.4,138.38,0.0,0.0,0.0,0.0,7.243510000000001,4.93,17.855252150000002,0.0,5.85,0.0,0.0,1.78,0.0,0.0,8.99,0.0,0.0,1.98,0.0,0.0,11.43,0.0,0.0,-3.15,0.0,3.3424335333333333,,0.960264719,9472.18563,0.880506208,0.795941527,163.847888,98.930765,83.5644021,7851.27865,99.99998999999998,100.0,False
2026-04-04 21:00:00,0.0,,59.0,39.98,40.0,32.0,32.0,,0.0,0.0,0.0,,0.0,0.0,0.0,0.0,0.0,0.0,7.32471,4.93,18.055410149999997,0.0,5.85,0.0,0.0,1.78,0.0,0.0,8.99,0.0,0.0,1.98,0.0,0.0,11.43,0.0,0.0,-3.15,0.0,7.139542466666666,,0.960264719,9472.18563,1.06145311,1.15927172,164.029251,98.930765,83.7449239,11435.2185,99.99998999999998,100.0,False
2026-04-04 21:30:00,0.0,,59.0,36.41,36.0,47.69,47.69,,0.0,0.0,0.0,,0.0,0.0,0.0,0.0,0.0,0.0,7.48587,4.93,18.45266955,0.0,5.85,0.0,0.0,1.78,0.0,0.0,8.99,0.0,0.0,1.98,0.0,0.0,11.43,0.0,0.0,-3.15,0.0,-0.0049837500666666664,,0.960264719,9472.18563,1.06157942,1.1593171,164.029454,98.930765,83.771971,11435.6662,99.99998999999998,100.0,False
2026-04-04 22:00:00,0.0,,30.0,33.38,38.0,-15.27,-15.27,,0.0,0.0,0.0,,0.0,0.0,0.0,0.0,0.0,0.0,7.3250399999999996,4.93,18.0562236,0.0,5.85,0.0,0.0,1.78,0.0,0.0,8.99,0.0,0.0,1.98,0.0,0.0,11.43,0.0,0.0,-3.15,0.0,-0.005026388866666667,,0.960264719,9472.18563,1.06170681,1.15935859,164.029708,98.930765,83.7719221,11436.0754,99.99998999999998,100.0,False
2026-04-04 22:30:00,0.0,,30.0,23.03,29.48,21.1,21.1,,0.0,0.0,0.0,,0.0,0.0,0.0,0.0,0.0,0.0,7.512770000000001,4.93,18.51897805,0.0,5.85,0.0,0.0,1.78,0.0,0.0,8.99,0.0,0.0,1.98,0.0,0.0,11.43,0.0,0.0,-3.15,0.0,-0.0049990832,,0.960264719,9472.18563,1.06183351,1.15939328,164.029962,98.930765,83.771851,11436.4176,99.99998999999998,100.0,False
2026-04-04 23:00:00,0.0,,1.7,0.66,-5.0,-0.5,-0.5,,0.0,0.0,0.0,,0.0,0.0,0.0,0.0,0.0,0.0,7.46908,1.55,5.788537,0.0,3.04,0.0,0.0,1.0,0.0,0.0,3.98,0.0,0.0,1.03,0.0,0.0,6.8,0.0,0.0,4.16,0.0,-0.005037194433333334,,0.960264719,9472.18563,1.06196117,1.15942913,164.030164,98.930765,83.7717755,11436.7713,99.99998999999998,100.0,False
2026-04-04 23:30:00,-0.056,,1.7,0.09,-7.0,45.0,45.0,,0.0,-2.52,0.0,,0.0,0.0,0.0,0.0,0.0,0.0,7.41159,1.55,5.74398225,0.0,3.04,0.0,0.0,1.0,0.0,0.0,3.98,0.0,0.0,1.03,0.0,0.0,6.8,0.0,0.0,4.16,0.0,-0.005018222166666666,,0.960264719,9472.18563,1.06208836,1.15945828,164.03057,98.930765,83.7717,11437.0588,99.99998999999998,100.0,False
2026-04-05 00:00:00,-2.051,,-1.47,0.08,-2.0,85.0,85.0,,-4.335000000000013,0.0,0.0,,0.0,0.0,-4.0,-0.16,0.0,0.0,7.5025699999999995,1.55,5.81449175,0.0,3.04,0.0,0.0,1.0,0.0,0.0,3.98,0.0,0.0,1.03,0.0,0.0,6.8,0.0,0.0,4.16,0.0,-0.1273251111,,0.966578864,9534.46924,1.06531533,1.15947518,164.033814,98.930765,83.7714957,11437.2255,99.99998999999998,100.0,False
2026-04-05 00:30:00,0.0,,-1.47,1.48,-2.52,90.0,90.0,,0.0,0.0,0.0,,0.0,0.0,0.0,0.0,0.0,0.0,7.4406300000000005,1.55,5.766488250000001,0.0,3.04,0.0,0.0,1.0,0.0,0.0,3.98,0.0,0.0,1.03,0.0,0.0,6.8,0.0,0.0,4.16,0.0,-3.853626633333333,,0.195742632,1930.83273,0.0976675775,0.0,164.131795,98.930765,83.6953796,0.0,99.99998999999998,100.0,False
2026-04-05 01:00:00,0.0,,-1.1,9.62,-0.88,84.91,84.91,,0.0,0.0,0.0,,0.0,0.0,0.0,0.0,0.0,0.0,7.50989,1.55,5.820164750000001,0.0,3.04,0.0,0.0,1.0,0.0,0.0,3.98,0.0,0.0,1.03,0.0,0.0,6.8,0.0,0.0,4.16,0.0,-0.0050596667,,0.195742632,1930.83273,0.0977958115,4.25377664e-05,164.132048,98.930765,83.6830749,0.419598483,99.99998999999998,100.0,False
2026-04-05 01:30:00,0.0,,-1.1,15.8,5.0,80.0,80.0,,0.0,0.0,0.0,,0.0,0.0,0.0,0.0,0.0,0.0,7.4277,1.55,5.7564675,0.0,3.04,0.0,0.0,1.0,0.0,0.0,3.98,0.0,0.0,1.03,0.0,0.0,6.8,0.0,0.0,4.16,0.0,-0.005001666633333333,,0.195742632,1930.83273,0.097922575,8.07107503e-05,164.13225,98.930765,83.6830128,0.79614214,99.99998999999998,100.0,False
2026-04-05 02:00:00,0.0,,-1.1,13.7,4.52,68.64,68.64,,0.0,0.0,0.0,,0.0,0.0,0.0,0.0,0.0,0.0,7.44688,1.55,5.771332,0.0,3.04,0.0,0.0,1.0,0.0,0.0,3.98,0.0,0.0,1.03,0.0,0.0,6.8,0.0,0.0,4.16,0.0,-0.0049935555333333334,,0.195742632,1930.83273,0.0980491335,0.000118170288,164.132453,98.930765,83.6829375,1.16564826,99.99998999999998,100.0,False
2026-04-05 02:30:00,0.0,,-1.1,10.1,-0.9,37.31,37.31,,0.0,0.0,0.0,,0.0,0.0,0.0,0.0,0.0,0.0,7.50246,1.55,5.8144065000000005,0.0,3.04,0.0,0.0,1.0,0.0,0.0,3.98,0.0,0.0,1.03,0.0,0.0,6.8,0.0,0.0,4.16,0.0,-0.0050085834,,0.195742632,1930.83273,0.0981760725,0.000155990315,164.132757,98.930765,83.6828666,1.53871031,99.99998999999998,100.0,False
2026-04-05 03:00:00,0.0,,-1.64,1.67,-2.0,55.04,55.04,,0.0,0.0,0.0,,0.0,0.0,0.0,0.0,0.0,0.0,7.38798,1.09,4.0264491,0.0,2.19,0.0,0.0,2.5,0.0,0.0,2.36,0.0,0.0,1.01,0.0,0.0,3.23,0.0,0.0,3.1,0.0,-0.004987944333333333,,0.195742632,1930.83273,0.0983024885,0.0001936037,164.13296,98.930765,83.6828001,1.909734,99.99998999999998,100.0,False
2026-04-05 03:30:00,0.0,,-1.64,0.09,-2.02,21.02,21.02,,0.0,0.0,0.0,,0.0,0.0,0.0,0.0,0.0,0.0,7.51163,1.09,4.09383835,0.0,2.19,0.0,0.0,2.5,0.0,0.0,2.36,0.0,0.0,1.01,0.0,0.0,3.23,0.0,0.0,3.1,0.0,-0.005055861133333333,,0.195742632,1930.83273,0.0984306265,0.00023164299,164.133214,98.930765,83.6827292,2.28495888,99.99998999999998,100.0,False
2026-04-05 04:00:00,0.0,,-2.77,0.08,-2.63,20.21,20.21,,0.0,0.0,0.0,,0.0,0.0,0.0,0.0,0.0,0.0,7.42121,1.09,4.04455945,0.0,2.19,0.0,0.0,2.5,0.0,0.0,2.36,0.0,0.0,1.01,0.0,0.0,3.23,0.0,0.0,3.1,0.0,-0.0050123334,,0.195742632,1930.83273,0.0985576605,0.000263327687,164.133518,98.930765,83.6826636,2.59750117,99.99998999999998,100.0,False
2026-04-05 04:30:00,0.0,,-2.77,0.07,0.0,17.26,17.26,,0.0,0.0,0.0,,0.0,0.0,0.0,0.0,0.0,0.0,7.3230200000000005,1.09,3.9910459000000005,0.0,2.19,0.0,0.0,2.5,0.0,0.0,2.36,0.0,0.0,1.01,0.0,0.0,3.23,0.0,0.0,3.1,0.0,-0.005015444466666667,,0.195742632,1930.83273,0.098684774,0.000292746439,164.13372,98.930765,83.6825927,2.88769186,99.99998999999998,100.0,False
2026-04-05 05:00:00,0.0,,-4.2,1.09,1.13,9.94,9.94,,0.0,0.0,0.0,,0.0,0.0,0.0,0.0,0.0,0.0,7.4851,1.09,4.0793795,0.0,2.19,0.0,0.0,2.5,0.0,0.0,2.36,0.0,0.0,1.01,0.0,0.0,3.23,0.0,0.0,3.1,0.0,-0.0049956389333333335,,0.195742632,1930.83273,0.0988113845,0.000326433315,164.133873,98.930765,83.6825218,3.21998392,99.99998999999998,100.0,False
2026-04-05 05:30:00,0.0,,-4.2,1.67,1.1,-14.62,-14.62,,0.0,0.0,0.0,,0.0,0.0,0.0,0.0,0.0,0.0,7.44109,1.09,4.05539405,0.0,2.19,0.0,0.0,2.5,0.0,0.0,2.36,0.0,0.0,1.01,0.0,0.0,3.23,0.0,0.0,3.1,0.0,-0.005055055533333333,,0.195742632,1930.83273,0.0989395015,0.000359042084,164.134177,98.930765,83.6824553,3.54164138,99.99998999999998,100.0,False
2026-04-05 06:00:00,0.0,,-3.23,0.69,0.0,11.71,11.71,,0.0,0.0,0.0,,0.0,0.0,0.0,0.0,0.0,0.0,7.37134,1.09,4.0173803,0.0,2.19,0.0,0.0,2.5,0.0,0.0,2.36,0.0,0.0,1.01,0.0,0.0,3.23,0.0,0.0,3.1,0.0,-0.005042166666666667,,0.195742632,1930.83273,0.099067292,0.000387694558,164.134329,98.930765,83.6823977,3.8242734,99.99998999999998,100.0,False
2026-04-05 06:30:00,0.0,,-3.23,1.91,0.0,0.0,0.0,,0.0,0.0,0.0,,0.0,0.0,0.0,0.0,0.0,0.0,7.47268,1.09,4.072610600000001,0.0,2.19,0.0,0.0,2.5,0.0,0.0,2.36,0.0,0.0,1.01,0.0,0.0,3.23,0.0,0.0,3.1,0.0,-0.005060027733333333,,0.195742632,1930.83273,0.099195535,0.00041760719,164.134582,98.930765,83.6823268,4.11933579,99.99998999999998,100.0,False
2026-04-05 07:00:00,0.0,,-0.7,5.0,-1.0,4.19,4.19,,0.0,0.0,0.0,,0.0,0.0,0.0,0.0,0.0,0.0,7.32897,3.99,14.62129515,0.0,2.01,0.0,0.0,3.85,0.0,0.0,1.4,0.0,0.0,4.17,0.0,0.0,2.84,0.0,0.0,6.21,0.0,-0.005038222233333333,,0.195742632,1930.83273,0.0993232255,0.000440132668,164.134836,98.930765,83.6822736,4.34153026,99.99998999999998,100.0,False
2026-04-05 07:30:00,0.0,,-0.7,7.86,5.01,-3.95,-3.95,,0.0,0.0,0.0,,0.0,0.0,0.0,0.0,0.0,0.0,6.90029,3.99,13.766078550000001,0.0,2.01,0.0,0.0,3.85,0.0,0.0,1.4,0.0,0.0,4.17,0.0,0.0,2.84,0.0,0.0,6.21,0.0,-0.0050296666,,0.195742632,1930.83273,0.0994506985,0.000468650145,164.135039,98.930765,83.6822168,4.62283064,99.99998999999998,100.0,False
2026-04-05 08:00:00,0.0,,-6.0,0.04,-3.82,7.04,7.04,,0.0,0.0,0.0,,0.0,0.0,0.0,0.0,0.0,0.0,6.0974200000000005,3.99,12.1643529,0.0,2.01,0.0,0.0,3.85,0.0,0.0,1.4,0.0,0.0,4.17,0.0,0.0,2.84,0.0,0.0,6.21,0.0,-0.005052611166666667,,0.195742632,1930.83273,0.099578754,0.000493540505,164.135343,98.930765,83.6821681,4.86835264,99.99998999999998,100.0,False
2026-04-05 08:30:00,0.0,,-6.0,0.0,-5.9,18.86,18.86,,0.0,0.0,0.0,,0.0,0.0,0.0,0.0,0.0,0.0,5.08707,3.99,10.14870465,0.0,2.01,0.0,0.0,3.85,0.0,0.0,1.4,0.0,0.0,4.17,0.0,0.0,2.84,0.0,0.0,6.21,0.0,-0.004952472166666667,,0.195742632,1930.83273,0.0997042705,0.000516875823,164.135495,98.930765,83.6821193,5.09853548,99.99998999999998,100.0,False
2026-04-05 09:00:00,0.0,,-14.81,-4.26,-9.3,-9.3,-9.3,,0.0,0.0,0.0,,0.0,0.0,0.0,0.0,0.0,0.0,3.87038,3.99,7.7214081000000006,0.0,2.01,0.0,0.0,3.85,0.0,0.0,1.4,0.0,0.0,4.17,0.0,0.0,2.84,0.0,0.0,6.21,0.0,-0.004985638933333334,,0.195742632,1930.83273,0.0998306285,0.000536237177,164.13585,98.930765,83.6820662,5.28951859,99.99998999999998,100.0,False
2026-04-05 09:30:00,0.0,,-14.81,-5.68,-4.08,-15.27,-15.27,,0.0,0.0,0.0,,0.0,0.0,0.0,0.0,0.0,0.0,2.7251399999999997,3.99,5.4366543,0.0,2.01,0.0,0.0,3.85,0.0,0.0,1.4,0.0,0.0,4.17,0.0,0.0,2.84,0.0,0.0,6.21,0.0,-0.004999194533333333,,0.195742632,1930.83273,0.09995733,0.000563027011,164.135951,98.930765,83.682013,5.55377726,99.99998999999998,100.0,False
2026-04-05 10:00:00,0.0,,-20.32,-7.21,-12.0,-14.62,-14.62,,0.0,0.0,0.0,,0.0,0.0,0.0,0.0,0.0,0.0,2.94469,3.99,5.87465655,0.0,2.01,0.0,0.0,3.85,0.0,0.0,1.4,0.0,0.0,4.17,0.0,0.0,2.84,0.0,0.0,6.21,0.0,-0.005177500000000001,,0.195746466,1930.87055,0.10008855,0.000575142227,164.136357,98.930765,83.6819509,5.67328345,99.99998999999998,100.0,False
2026-04-05 10:30:00,0.0,,-20.32,-14.1,-20.08,-36.13,-36.13,,0.0,0.0,0.0,,0.0,0.0,0.0,0.0,0.0,0.0,4.54754,3.99,9.0723423,0.0,2.01,0.0,0.0,3.85,0.0,0.0,1.4,0.0,0.0,4.17,0.0,0.0,2.84,0.0,0.0,6.21,0.0,-0.0049608889,,0.195746466,1930.87055,0.100214281,0.000602779587,164.136407,98.930765,83.6818978,5.94590224,99.99998999999998,100.0,False
2026-04-05 11:00:00,0.0,,-20.78,-17.05,-20.09,-40.0,-40.0,,-80.0,0.0,0.0,,-4.0,40.18,0.0,0.0,0.0,0.0,3.18611,2.13,3.3932071500000003,0.0,1.34,0.0,0.0,9.62,0.0,0.0,1.47,0.0,0.0,8.63,0.0,0.0,-2.19,0.0,0.0,12.93,0.0,-0.005891277733333333,,0.195778687,1931.18838,0.100363592,0.000614906653,164.136813,98.930765,83.6818313,6.06552531,99.99998999999998,100.0,False
2026-04-05 11:30:00,0.0,,-20.78,-24.0,-30.0,-50.0,-50.0,,-100.0,0.0,0.0,,-4.0,60.0,0.0,0.0,0.0,0.0,1.6289500000000001,2.13,1.7348317500000001,0.0,1.34,0.0,0.0,9.62,0.0,0.0,1.47,0.0,0.0,8.63,0.0,0.0,-2.19,0.0,0.0,12.93,0.0,-0.005923138966666667,,0.195810205,1931.49928,0.100513709,0.000614906653,164.137016,98.930765,83.6817798,6.06552531,99.99998999999998,100.0,False
2026-04-05 12:00:00,0.0,,-27.4,-23.15,-27.78,-49.0,-49.0,,-98.0,0.0,0.0,,-4.0,55.56,0.0,0.0,0.0,0.0,2.60928,2.13,2.7788832,0.0,1.34,0.0,0.0,9.62,0.0,0.0,1.47,0.0,0.0,8.63,0.0,0.0,-2.19,0.0,0.0,12.93,0.0,-0.005621500066666667,,0.195830669,1931.70114,0.100656182,0.000619551842,164.13737,98.930765,83.6817133,6.11134611,99.99998999999998,100.0,False
2026-04-05 12:30:00,0.0,,-27.4,-29.31,-37.0,-54.17,-54.17,,0.0,0.0,0.0,,0.0,0.0,0.0,0.0,0.0,0.0,0.26858,2.13,0.28603769999999995,0.0,1.34,0.0,0.0,9.62,0.0,0.0,1.47,0.0,0.0,8.63,0.0,0.0,-2.19,0.0,0.0,12.93,0.0,-0.005594583366666667,,0.195851292,1931.90456,0.100797973,0.000626559324,164.137624,98.930765,83.6816779,6.18046889,99.99998999999998,100.0,False
2026-04-05 13:00:00,-0.053,,-39.0,-30.63,-25.9,-62.0,-62.0,,0.0,3.286,0.0,,0.0,0.0,0.0,0.0,0.0,0.0,0.19728,2.13,0.2101032,0.0,1.34,0.0,0.0,9.62,0.0,0.0,1.47,0.0,0.0,8.63,0.0,0.0,-2.19,0.0,0.0,12.93,0.0,-0.005541305566666666,,0.195872662,1932.11536,0.100938414,0.000643671356,164.137927,98.930765,83.6816336,6.34926437,99.99998999999998,100.0,False
2026-04-05 13:30:00,-2.046,,-39.0,-33.66,-32.64,-80.19,-80.19,,3.6887399999999855,0.0,0.0,,0.0,0.0,-4.0,67.32,0.0,0.0,1.74669,2.13,1.86022485,0.0,1.34,0.0,0.0,9.62,0.0,0.0,1.47,0.0,0.0,8.63,0.0,0.0,-2.19,0.0,0.0,12.93,0.0,-0.12197463670000001,,0.201920569,1991.77276,0.104029779,0.000650879906,164.141172,98.930765,83.6814926,6.42037052,99.99998999999998,100.0,False
2026-04-05 14:00:00,-1.275,,-34.4,-34.62,-34.4,-80.5,-80.5,,6.037499999999996,0.0,0.0,,0.0,0.0,-2.4,41.544,0.0,0.0,3.1394499999999996,2.13,3.3435142499999992,0.0,1.34,0.0,0.0,9.62,0.0,0.0,1.47,0.0,0.0,8.63,0.0,0.0,-2.19,0.0,0.0,12.93,0.0,-3.943168566666667,,0.402267969,3968.02756,0.203966736,0.000650879906,164.241485,98.930765,83.6052126,6.42037052,99.99998999999998,100.0,False
2026-04-05 14:30:00,-1.995,,-34.4,-25.38,-32.18,-83.9,-83.9,,-0.4194999999999911,0.0,0.0,,0.0,0.0,-4.0,50.76,0.0,0.0,0.51609,2.13,0.54963585,0.0,1.34,0.0,0.0,9.62,0.0,0.0,1.47,0.0,0.0,8.63,0.0,0.0,-2.19,0.0,0.0,12.93,0.0,-2.4532257333333334,,0.526574582,5194.2054,0.266142094,0.000650879906,164.303832,98.930765,83.5471263,6.42037052,99.99998999999998,100.0,False
2026-04-05 15:00:00,0.0,,-23.1,-23.89,-34.14,-80.0,-80.0,,-96.0,0.0,0.0,,-2.4,40.967999999999996,0.0,0.0,0.0,0.0,1.8738,6,5.6213999999999995,0.0,2.96,0.0,0.0,6.76,0.0,0.0,3.22,0.0,0.0,12.0,0.0,0.0,6.05,0.0,0.0,19.25,0.0,-3.854938166666667,,0.722463509,7126.4812,0.363842912,0.000650879906,164.401965,98.930765,83.464173,6.42037052,99.99998999999998,100.0,False
2026-04-05 15:30:00,0.0,,-23.1,-10.0,-22.05,-76.0,-76.0,,0.0,0.0,0.0,,0.0,0.0,0.0,0.0,0.0,0.0,3.9456100000000003,6,11.83683,0.0,2.96,0.0,0.0,6.76,0.0,0.0,3.22,0.0,0.0,12.0,0.0,0.0,6.05,0.0,0.0,19.25,0.0,-0.0051046111,,0.722463509,7126.4812,0.363972285,0.000677288143,164.402066,98.930765,83.4519097,6.68086506,99.99998999999998,100.0,False
2026-04-05 16:00:00,0.0,,-9.01,-8.0,-20.0,-48.79,-48.79,,0.0,0.0,0.0,,0.0,0.0,0.0,0.0,0.0,0.0,5.84438,6,17.53314,0.0,2.96,0.0,0.0,6.76,0.0,0.0,3.22,0.0,0.0,12.0,0.0,0.0,6.05,0.0,0.0,19.25,0.0,-0.0049849166,,0.722463509,7126.4812,0.364098625,0.000710974662,164.402471,98.930765,83.451848,7.0131536,99.99998999999998,100.0,False
2026-04-05 16:30:00,0.0,,-9.01,7.52,2.71,-40.0,-40.0,,0.0,0.0,0.0,,0.0,0.0,0.0,0.0,0.0,0.0,3.65915,6,10.97745,0.0,2.96,0.0,0.0,6.76,0.0,0.0,3.22,0.0,0.0,12.0,0.0,0.0,6.05,0.0,0.0,19.25,0.0,-0.004970611066666666,,0.722463509,7126.4812,0.364224601,0.000736441174,164.402573,98.930765,83.4517907,7.26435884,99.99998999999998,100.0,False
2026-04-05 17:00:00,0.0,,0.0,13.9,4.0,-40.0,-40.0,,0.0,0.0,0.0,,0.0,0.0,0.0,0.0,0.0,0.0,2.85584,6,8.56752,0.0,2.96,0.0,0.0,6.76,0.0,0.0,3.22,0.0,0.0,12.0,0.0,0.0,6.05,0.0,0.0,19.25,0.0,-0.0049520555,,0.722463509,7126.4812,0.364350108,0.000764102927,164.402928,98.930765,83.451729,7.53721825,99.99998999999998,100.0,False
2026-04-05 17:30:00,0.0,,0.0,60.0,39.61,-32.54,-32.54,,0.0,0.0,0.0,,0.0,0.0,0.0,0.0,0.0,0.0,4.07796,6,12.23388,0.0,2.96,0.0,0.0,6.76,0.0,0.0,3.22,0.0,0.0,12.0,0.0,0.0,6.05,0.0,0.0,19.25,0.0,-0.0049655278,,0.722463509,7126.4812,0.364475956,0.000797347517,164.40308,98.930765,83.4516717,7.86514754,99.99998999999998,100.0,False
2026-04-05 18:00:00,0.0,,32.9,54.67,40.95,-40.0,-40.0,,0.0,0.0,0.0,,0.0,0.0,0.0,0.0,0.0,0.0,5.94916,6,17.84748,0.0,2.96,0.0,0.0,6.76,0.0,0.0,3.22,0.0,0.0,12.0,0.0,0.0,6.05,0.0,0.0,19.25,0.0,-0.0051008889,,0.722463509,7126.4812,0.364605234,0.000825461629,164.403436,98.930765,83.4516188,8.14246907,99.99998999999998,100.0,False
2026-04-05 18:30:00,0.0,,32.9,88.65,66.85,-26.48,-26.48,,0.0,0.0,0.0,,0.0,0.0,0.0,0.0,0.0,0.0,5.89061,6,17.67183,0.0,2.96,0.0,0.0,6.76,0.0,0.0,3.22,0.0,0.0,12.0,0.0,0.0,6.05,0.0,0.0,19.25,0.0,-0.0049907222,,0.722463509,7126.4812,0.36473172,0.000857492681,164.403587,98.930765,83.4515704,8.45842785,99.99998999999998,100.0,False
2026-04-05 19:00:00,0.0,,78.55,96.0,90.0,67.07,67.07,,0.0,0.0,0.0,,0.0,0.0,0.0,0.0,0.0,0.0,6.84788,4.67,15.9897998,0.0,3.65,0.0,0.0,3.43,0.0,0.0,6.75,0.0,0.0,0.76,0.0,0.0,19.63,0.0,0.0,-3.33,0.0,-0.0050279723,,0.722463509,7126.4812,0.364859151,0.000880682724,164.403841,98.930765,83.4515272,8.68717769,99.99998999999998,100.0,False
2026-04-05 19:30:00,0.0,,78.55,100.38,90.0,112.12,112.12,,0.0,0.0,0.0,,0.0,0.0,0.0,0.0,0.0,0.0,7.27754,4.67,16.9930559,0.0,3.65,0.0,0.0,3.43,0.0,0.0,6.75,0.0,0.0,0.76,0.0,0.0,19.63,0.0,0.0,-3.33,0.0,-0.004957444433333334,,0.722463509,7126.4812,0.364984794,0.000910519124,164.403993,98.930765,83.4514699,8.98148811,99.99998999999998,100.0,False
2026-04-05 20:00:00,0.0,,90.0,100.0,90.0,119.19,119.19,,0.0,0.0,0.0,,0.0,0.0,0.0,0.0,0.0,0.0,7.47891,4.67,17.46325485,0.0,3.65,0.0,0.0,3.43,0.0,0.0,6.75,0.0,0.0,0.76,0.0,0.0,19.63,0.0,0.0,-3.33,0.0,-0.005029833266666666,,0.722463509,7126.4812,0.365112272,0.000947472918,164.404246,98.930765,83.4514302,9.34600551,99.99998999999998,100.0,False
2026-04-05 20:30:00,0.086,,90.0,102.4,90.03,128.12,128.12,,0.0,11.01832,0.0,,0.0,0.0,0.0,0.0,0.0,0.0,7.52042,4.67,17.5601807,0.0,3.65,0.0,0.0,3.43,0.0,0.0,6.75,0.0,0.0,0.76,0.0,0.0,19.63,0.0,0.0,-3.33,0.0,-0.005012666733333333,,0.722463509,7126.4812,0.365239315,0.000979445893,164.404449,98.930765,83.4513817,9.66139141,99.99998999999998,100.0,False
2026-04-05 21:00:00,3.825,,86.3,102.26,97.9,109.04,109.04,,13.63,0.0,0.0,,0.0,0.0,7.4,378.362,0.0,0.0,7.2313,4.67,16.8850855,0.0,3.65,0.0,0.0,3.43,0.0,0.0,6.75,0.0,0.0,0.76,0.0,0.0,19.63,0.0,0.0,-3.33,0.0,0.18589724659999998,,0.722463509,7126.4812,0.370123633,0.0108473324,164.40972,98.930765,83.4515348,106.999605,99.99998999999998,100.0,False
2026-04-05 21:30:00,1.799,,86.3,102.78,88.24,122.0,122.0,,5.977999999999992,0.0,0.0,,0.0,0.0,3.5,179.865,0.0,0.0,7.5259,4.67,17.5729765,0.0,3.65,0.0,0.0,3.43,0.0,0.0,6.75,0.0,0.0,0.76,0.0,0.0,19.63,0.0,0.0,-3.33,0.0,7.268585900000001,,0.722463509,7126.4812,0.554341058,0.380167725,164.594582,98.930765,83.6191997,3750.02766,99.99998999999998,100.0,False
2026-04-05 22:00:00,0.0,,74.46,101.63,90.0,119.6,119.6,,0.0,0.0,0.0,,0.0,0.0,0.0,0.0,0.0,0.0,7.49221,4.67,17.49431035,0.0,3.65,0.0,0.0,3.43,0.0,0.0,6.75,0.0,0.0,0.76,0.0,0.0,19.63,0.0,0.0,-3.33,0.0,3.424933633333333,,0.722463509,7126.4812,0.6411437,0.553088205,164.681564,98.930765,83.7261051,5455.73949,99.99998999999998,100.0,False
2026-04-05 22:30:00,-0.058,,74.46,99.63,80.45,112.48,112.48,,0.0,-6.523840000000001,0.0,,0.0,0.0,0.0,0.0,0.0,0.0,7.46178,4.67,17.4232563,0.0,3.65,0.0,0.0,3.43,0.0,0.0,6.75,0.0,0.0,0.76,0.0,0.0,19.63,0.0,0.0,-3.33,0.0,-0.005047416633333334,,0.722463509,7126.4812,0.641271624,0.553118171,164.681817,98.930765,83.7389147,5456.03508,99.99998999999998,100.0,False
2026-04-05 23:00:00,-2.085,,75.03,106.0,127.13,113.98,113.98,,-9.688299999999996,0.0,0.0,,-4.0,-254.26,0.0,0.0,0.0,0.0,7.31121,1.55,5.66618775,0.0,1.24,0.0,0.0,1.43,0.0,0.0,7.24,0.0,0.0,-1.15,0.0,0.0,13.05,0.0,0.0,-6.97,0.0,-0.13049744223333334,,0.728934606,7190.313,0.644578994,0.553140194,164.685315,98.930765,83.7387157,5456.25231,99.99998999999998,100.0,False
2026-04-05 23:30:00,-2.089,,75.03,99.91,100.0,110.13,110.13,,-9.801569999999996,0.0,0.0,,-4.0,-200.0,0.0,0.0,0.0,0.0,7.27628,1.55,5.639117,0.0,1.24,0.0,0.0,1.43,0.0,0.0,7.24,0.0,0.0,-1.15,0.0,0.0,13.05,0.0,0.0,-6.97,0.0,-3.976054266666667,,0.930546486,9179.04081,0.745349417,0.553140194,164.786439,98.930765,83.6627216,5456.25231,99.99998999999998,100.0,False
2026-04-06 00:00:00,-1.426,,78.57,100.92,94.2,106.31,106.31,,-8.079560000000008,0.0,0.0,,-3.3,-155.43,0.6,30.276,0.0,0.0,7.26755,1.55,5.63235125,0.0,1.24,0.0,0.0,1.43,0.0,0.0,7.24,0.0,0.0,-1.15,0.0,0.0,13.05,0.0,0.0,-6.97,0.0,-3.9247601999999997,,1.12948764,11141.4242,0.844819827,0.553140194,164.886296,98.930765,83.5754187,5456.25231,99.99998999999998,100.0,False
2026-04-06 00:30:00,0.0,,78.57,103.3,96.0,116.9,116.9,,0.0,0.0,0.0,,0.0,0.0,0.0,0.0,0.0,0.0,7.44515,1.55,5.76999125,0.0,1.24,0.0,0.0,1.43,0.0,0.0,7.24,0.0,0.0,-1.15,0.0,0.0,13.05,0.0,0.0,-6.97,0.0,-2.6293459,,0.132795711,1309.91548,0.066639005,0.0,164.953154,98.930765,83.5120744,0.0,99.99998999999998,99.98611066666666,False
2026-04-06 01:00:00,0.0,,81.0,104.7,94.0,127.9,127.9,,0.0,0.0,0.0,,0.0,0.0,0.0,0.0,0.0,0.0,7.43778,1.55,5.7642795,0.0,1.24,0.0,0.0,1.43,0.0,0.0,7.24,0.0,0.0,-1.15,0.0,0.0,13.05,0.0,0.0,-6.97,0.0,-0.005086916666666667,,0.132795711,1309.91548,0.0667679295,2.44070608e-05,164.953357,98.930765,83.5038586,0.240754665,99.99998999999998,100.0,False
2026-04-06 01:30:00,0.0,,81.0,106.0,101.8,127.9,127.9,,0.0,0.0,0.0,,0.0,0.0,0.0,0.0,0.0,0.0,7.43804,1.55,5.764481,0.0,1.24,0.0,0.0,1.43,0.0,0.0,7.24,0.0,0.0,-1.15,0.0,0.0,13.05,0.0,0.0,-6.97,0.0,-0.004995416633333334,,0.132795711,1309.91548,0.066894535,4.82239053e-05,164.95361,98.930765,83.503797,0.475687353,99.99998999999998,100.0,False
2026-04-06 02:00:00,0.0,,87.0,115.44,112.0,127.9,127.9,,0.0,0.0,0.0,,0.0,0.0,0.0,0.0,0.0,0.0,7.50914,1.55,5.8195835,0.0,1.24,0.0,0.0,1.43,0.0,0.0,7.24,0.0,0.0,-1.15,0.0,0.0,13.05,0.0,0.0,-6.97,0.0,-0.0050553889,,0.132795711,1309.91548,0.0670226605,8.20084392e-05,164.953813,98.930765,83.5037486,0.808942725,99.99998999999998,100.0,False
2026-04-06 02:30:00,0.0,,87.0,103.37,104.9,116.9,116.9,,0.0,0.0,0.0,,0.0,0.0,0.0,0.0,0.0,0.0,7.4589,1.55,5.7806475,0.0,1.24,0.0,0.0,1.43,0.0,0.0,7.24,0.0,0.0,-1.15,0.0,0.0,13.05,0.0,0.0,-6.97,0.0,-0.005064888900000001,,0.132795711,1309.91548,0.067151027,0.000109624394,164.954066,98.930765,83.5036967,1.08135037,99.99998999999998,100.0,False
2026-04-06 03:00:00,0.0,,83.19,109.0,105.95,111.73,111.73,,0.0,0.0,0.0,,0.0,0.0,0.0,0.0,0.0,0.0,7.189100000000001,1.4,5.03237,0.0,1.77,0.0,0.0,1.28,0.0,0.0,5.51,0.0,0.0,-0.38,0.0,0.0,15.21,0.0,0.0,-8.45,0.0,-0.0050806944,,0.132795711,1309.91548,0.0672797935,0.000134937293,164.954319,98.930765,83.5036264,1.33104035,99.99998999999998,100.0,False
2026-04-06 03:30:00,0.0,,83.19,107.03,102.5,105.25,105.25,,0.0,0.0,0.0,,0.0,0.0,0.0,0.0,0.0,0.0,7.36367,1.4,5.1545689999999995,0.0,1.77,0.0,0.0,1.28,0.0,0.0,5.51,0.0,0.0,-0.38,0.0,0.0,15.21,0.0,0.0,-8.45,0.0,-0.0050206389333333325,,0.132795711,1309.91548,0.067407038,0.000157604149,164.954522,98.930765,83.503556,1.55462939,99.99998999999998,100.0,False
2026-04-06 04:00:00,0.0,,87.0,106.44,106.5,116.9,116.9,,0.0,0.0,0.0,,0.0,0.0,0.0,0.0,0.0,0.0,7.51252,1.4,5.258764,0.0,1.77,0.0,0.0,1.28,0.0,0.0,5.51,0.0,0.0,-0.38,0.0,0.0,15.21,0.0,0.0,-8.45,0.0,-0.0050648612,,0.132795711,1309.91548,0.0675354035,0.000172209886,164.954776,98.930765,83.5034856,1.69870242,99.99998999999998,100.0,False
2026-04-06 04:30:00,0.0,,87.0,103.93,106.18,127.9,127.9,,0.0,0.0,0.0,,0.0,0.0,0.0,0.0,0.0,0.0,7.512239999999999,1.4,5.2585679999999995,0.0,1.77,0.0,0.0,1.28,0.0,0.0,5.51,0.0,0.0,-0.38,0.0,0.0,15.21,0.0,0.0,-8.45,0.0,-0.0050320833,,0.132795711,1309.91548,0.0676629385,0.000189954003,164.955029,98.930765,83.5034197,1.87373288,99.99998999999998,100.0,False
2026-04-06 05:00:00,0.0,,93.49,105.97,108.12,86.79,86.79,,0.0,0.0,0.0,,0.0,0.0,0.0,0.0,0.0,0.0,7.52262,1.4,5.265834,0.0,1.77,0.0,0.0,1.28,0.0,0.0,5.51,0.0,0.0,-0.38,0.0,0.0,15.21,0.0,0.0,-8.45,0.0,-0.005111277866666666,,0.132795711,1309.91548,0.06779248,0.000214378152,164.955181,98.930765,83.5033493,2.1146561,99.99998999999998,100.0,False
2026-04-06 05:30:00,0.0,,93.49,114.67,106.0,116.9,116.9,,0.0,0.0,0.0,,0.0,0.0,0.0,0.0,0.0,0.0,7.47455,1.4,5.232184999999999,0.0,1.77,0.0,0.0,1.28,0.0,0.0,5.51,0.0,0.0,-0.38,0.0,0.0,15.21,0.0,0.0,-8.45,0.0,-0.0050583334,,0.132795711,1309.91548,0.0679206805,0.000233018708,164.955384,98.930765,83.5032798,2.29852916,99.99998999999998,100.0,False
2026-04-06 06:00:00,0.0,,107.35,124.0,121.78,136.83,136.83,,0.0,0.0,0.0,,0.0,0.0,0.0,0.0,0.0,0.0,7.486560000000001,1.4,5.240592,0.0,1.77,0.0,0.0,1.28,0.0,0.0,5.51,0.0,0.0,-0.38,0.0,0.0,15.21,0.0,0.0,-8.45,0.0,-0.0050767499333333336,,0.132795711,1309.91548,0.0680493475,0.000256521318,164.955638,98.930765,83.503227,2.53036219,99.99998999999998,100.0,False
2026-04-06 06:30:00,0.0,,107.35,128.0,127.5,116.9,116.9,,0.0,0.0,0.0,,0.0,0.0,0.0,0.0,0.0,0.0,7.3682799999999995,1.4,5.157795999999999,0.0,1.77,0.0,0.0,1.28,0.0,0.0,5.51,0.0,0.0,-0.38,0.0,0.0,15.21,0.0,0.0,-8.45,0.0,-0.0050692778,,0.132795711,1309.91548,0.0681778245,0.000277824849,164.955891,98.930765,83.5031831,2.74050321,99.99998999999998,100.0,False
2026-04-06 07:00:00,0.011,,109.26,121.18,123.52,152.0,152.0,,0.0,1.672,0.0,,0.0,0.0,0.0,0.0,0.0,0.0,7.327850000000001,4.21,15.425124250000001,0.0,3.21,0.0,0.0,-0.09,0.0,0.0,7.83,0.0,0.0,-2.45,0.0,0.0,22.35,0.0,0.0,-10.8,0.0,-0.0050609999999999995,,0.132795711,1309.91548,0.068306092,0.000296406455,164.956094,98.930765,83.5031435,2.92379477,99.99998999999998,100.0,False
2026-04-06 07:30:00,0.503,,109.26,122.0,125.4,124.41,124.41,,6.593730000000034,0.0,0.0,,6.3,395.01,-5.4,-329.40000000000003,0.0,0.0,6.6900699999999995,4.21,14.082597349999999,0.0,3.21,0.0,0.0,-0.09,0.0,0.0,7.83,0.0,0.0,-2.45,0.0,0.0,22.35,0.0,0.0,-10.8,0.0,0.021840001100000003,,0.132795711,1309.91548,0.0690297852,0.00169491082,164.957006,98.930765,83.5031329,16.7188376,99.99998999999998,100.0,False
2026-04-06 08:00:00,2.699,,111.0,120.46,121.78,130.94,130.94,,-6.67794000000002,0.0,0.0,,0.0,0.0,5.5,331.265,0.0,0.0,6.68591,4.21,14.07384055,0.0,3.21,0.0,0.0,-0.09,0.0,0.0,7.83,0.0,0.0,-2.45,0.0,0.0,22.35,0.0,0.0,-10.8,0.0,1.0486473133333332,,0.132795711,1309.91548,0.0956070467,0.055143691,164.983719,98.930765,83.5238626,543.945088,99.99998999999998,100.0,False
2026-04-06 08:30:00,2.169,,111.0,120.0,126.0,116.9,116.9,,-9.468899999999996,0.0,0.0,,0.0,0.0,4.5,270.0,0.0,0.0,5.572550000000001,4.21,11.730217750000001,0.0,3.21,0.0,0.0,-0.09,0.0,0.0,7.83,0.0,0.0,-2.45,0.0,0.0,22.35,0.0,0.0,-10.8,0.0,5.4795552333333335,,0.132795711,1309.91548,0.234482692,0.332423658,165.123112,98.930765,83.6521701,3279.0735,99.99998999999998,100.0,False
2026-04-06 09:00:00,0.0,,108.78,121.52,125.0,129.23,129.23,,0.0,0.0,0.0,,0.0,0.0,0.0,0.0,0.0,0.0,5.33072,4.21,11.2211656,0.0,3.21,0.0,0.0,-0.09,0.0,0.0,7.83,0.0,0.0,-2.45,0.0,0.0,22.35,0.0,0.0,-10.8,0.0,4.378204333333334,,0.132795711,1309.91548,0.345445339,0.553751461,165.234424,98.930765,83.7742315,5462.28194,99.99998999999998,100.0,False
2026-04-06 09:30:00,0.0,,108.78,118.23,121.0,116.9,116.9,,0.0,0.0,0.0,,0.0,0.0,0.0,0.0,0.0,0.0,4.55082,4.21,9.579476099999999,0.0,3.21,0.0,0.0,-0.09,0.0,0.0,7.83,0.0,0.0,-2.45,0.0,0.0,22.35,0.0,0.0,-10.8,0.0,-0.0049907221,,0.132795711,1309.91548,0.345571826,0.553785127,165.234679,98.930765,83.7906083,5462.61402,99.99998999999998,100.0,False
2026-04-06 10:00:00,0.0,,87.22,115.68,112.01,125.0,125.0,,0.0,0.0,0.0,,0.0,0.0,0.0,0.0,0.0,0.0,1.93773,4.21,4.07892165,0.0,3.21,0.0,0.0,-0.09,0.0,0.0,7.83,0.0,0.0,-2.45,0.0,0.0,22.35,0.0,0.0,-10.8,0.0,-0.004974305533333333,,0.132795711,1309.91548,0.345697896,0.553816158,165.234932,98.930765,83.7905642,5462.92012,99.99998999999998,100.0,False
2026-04-06 10:30:00,0.0,,87.22,94.7,92.29,51.83,51.83,,0.0,0.0,0.0,,0.0,0.0,0.0,0.0,0.0,0.0,1.71449,4.21,3.60900145,0.0,3.21,0.0,0.0,-0.09,0.0,0.0,7.83,0.0,0.0,-2.45,0.0,0.0,22.35,0.0,0.0,-10.8,0.0,-0.0049336667,,0.132795711,1309.91548,0.345822936,0.553846317,165.235084,98.930765,83.7905024,5463.21761,99.99998999999998,100.0,False
2026-04-06 11:00:00,0.0,,62.4,86.76,88.17,29.38,29.38,,0.0,0.0,0.0,,0.0,0.0,0.0,0.0,0.0,0.0,0.26406999999999997,1.82,0.24030369999999998,0.0,1.99,0.0,0.0,1.69,0.0,0.0,4.54,0.0,0.0,1.51,0.0,0.0,16.05,0.0,0.0,-8.12,0.0,-0.006222361066666667,,0.132839229,1310.34475,0.345980638,0.553855989,165.235489,98.930765,83.7904494,5463.31302,99.99998999999998,100.0,False
2026-04-06 11:30:00,0.0,,62.4,84.97,81.7,1.48,1.48,,0.0,0.0,0.0,,0.0,0.0,0.0,0.0,0.0,0.0,0.04995,1.82,0.0454545,0.0,1.99,0.0,0.0,1.69,0.0,0.0,4.54,0.0,0.0,1.51,0.0,0.0,16.05,0.0,0.0,-8.12,0.0,-0.0049311945000000005,,0.132839229,1310.34475,0.346105616,0.553891188,165.235692,98.930765,83.7904053,5463.66022,99.99998999999998,100.0,False
2026-04-06 12:00:00,0.0,,53.8,81.26,77.0,-30.0,-30.0,,0.0,0.0,0.0,,0.0,0.0,0.0,0.0,0.0,0.0,0.04994,1.82,0.0454454,0.0,1.99,0.0,0.0,1.69,0.0,0.0,4.54,0.0,0.0,1.51,0.0,0.0,16.05,0.0,0.0,-8.12,0.0,-0.004956694433333333,,0.132839229,1310.34475,0.34623124,0.553924808,165.235996,98.930765,83.7903612,5463.99186,99.99998999999998,100.0,False
2026-04-06 12:30:00,0.0,,53.8,75.0,70.0,-55.96,-55.96,,0.0,0.0,0.0,,0.0,0.0,0.0,0.0,0.0,0.0,0.05029,1.82,0.0457639,0.0,1.99,0.0,0.0,1.69,0.0,0.0,4.54,0.0,0.0,1.51,0.0,0.0,16.05,0.0,0.0,-8.12,0.0,-0.004984777766666667,,0.132839229,1310.34475,0.346357576,0.553946082,165.236249,98.930765,83.79034,5464.20171,99.99998999999998,100.0,False
2026-04-06 13:00:00,0.0,,53.14,73.14,70.0,-80.19,-80.19,,0.0,0.0,0.0,,0.0,0.0,0.0,0.0,0.0,0.0,0.05117,1.82,0.0465647,0.0,1.99,0.0,0.0,1.69,0.0,0.0,4.54,0.0,0.0,1.51,0.0,0.0,16.05,0.0,0.0,-8.12,0.0,-0.0049391111,,0.132839229,1310.34475,0.346482754,0.553972391,165.236604,98.930765,83.7903135,5464.46122,99.99998999999998,100.0,False
2026-04-06 13:30:00,0.0,,53.14,66.57,63.6,-83.9,-83.9,,0.0,0.0,0.0,,0.0,0.0,0.0,0.0,0.0,0.0,0.05085,1.82,0.0462735,0.0,1.99,0.0,0.0,1.69,0.0,0.0,4.54,0.0,0.0,1.51,0.0,0.0,16.05,0.0,0.0,-8.12,0.0,-0.004983055566666666,,0.132839229,1310.34475,0.346609046,0.554005644,165.236909,98.930765,83.7902914,5464.78923,99.99998999999998,100.0,False
2026-04-06 14:00:00,-0.052,,52.75,63.83,64.86,-90.0,-90.0,,0.0,4.68,0.0,,-4.0,-129.72,4.0,127.66,0.0,0.0,0.05068,1.82,0.0461188,0.0,1.99,0.0,0.0,1.69,0.0,0.0,4.54,0.0,0.0,1.51,0.0,0.0,16.05,0.0,0.0,-8.12,0.0,-0.0049845278,,0.132839229,1310.34475,0.346735376,0.554048969,165.237111,98.930765,83.7902605,5465.2166,99.99998999999998,100.0,False
2026-04-06 14:30:00,-2.01,,52.75,55.79,64.1,-97.92,-97.92,,0.9791999999999792,0.0,0.0,,-2.4,-76.91999999999999,-1.6,-44.632000000000005,0.0,0.0,0.04882,1.82,0.044426200000000006,0.0,1.99,0.0,0.0,1.69,0.0,0.0,4.54,0.0,0.0,1.51,0.0,0.0,16.05,0.0,0.0,-8.12,0.0,-0.12671377786666668,,0.139135996,1372.45694,0.349946851,0.554070376,165.240507,98.930765,83.7901017,5465.42776,99.99998999999998,100.0,False
2026-04-06 15:00:00,-2.046,,53.11,55.79,65.1,-73.94,-73.94,,3.4012399999999867,0.0,0.0,,-4.0,-130.2,0.0,0.0,0.0,0.0,0.01709,5.85,0.04998825,0.0,1.99,0.0,0.0,1.89,0.0,0.0,4.87,0.0,0.0,2.01,0.0,0.0,23.28,0.0,0.0,-3.55,0.0,-3.988682166666667,,0.342150319,3375.01865,0.451037321,0.554070376,165.341986,98.930765,83.7139624,5465.42776,99.99998999999998,100.0,False
2026-04-06 15:30:00,-1.984,,53.11,59.11,70.0,-66.18,-66.18,,-1.0588800000000012,0.0,0.0,,-4.0,-140.0,0.0,0.0,0.0,0.0,0.36754000000000003,5.85,1.0750545,0.0,1.99,0.0,0.0,1.89,0.0,0.0,4.87,0.0,0.0,2.01,0.0,0.0,23.28,0.0,0.0,-3.55,0.0,-3.9884213,,0.545147012,5377.40645,0.552121179,0.554070376,165.443414,98.930765,83.6258413,5465.42776,99.99998999999998,100.0,False
2026-04-06 16:00:00,-1.182,,67.0,70.0,63.1,-38.16,-38.16,,-0.6868800000000006,0.0,0.0,,0.0,0.0,-2.4,-84.0,0.0,0.0,0.68391,5.85,2.00043675,0.0,1.99,0.0,0.0,1.89,0.0,0.0,4.87,0.0,0.0,2.01,0.0,0.0,23.28,0.0,0.0,-3.55,0.0,-3.934006133333334,,0.74529298,7351.6743,0.65182592,0.554070376,165.543524,98.930765,83.538081,5465.42776,99.99998999999998,100.0,False
2026-04-06 16:30:00,0.0,,67.0,82.91,85.8,-22.08,-22.08,,0.0,0.0,0.0,,0.0,0.0,0.0,0.0,0.0,0.0,2.0211300000000003,5.85,5.9118052500000005,0.0,1.99,0.0,0.0,1.89,0.0,0.0,4.87,0.0,0.0,2.01,0.0,0.0,23.28,0.0,0.0,-3.55,0.0,-2.3604876999999997,,0.864823953,8530.74455,0.711650895,0.554070376,165.60354,98.930765,83.480176,5465.42776,99.99998999999998,100.0,False
2026-04-06 17:00:00,0.0,,97.7,95.28,94.0,0.0,0.0,,0.0,0.0,0.0,,0.0,0.0,0.0,0.0,0.0,0.0,2.4168000000000003,5.85,7.06914,0.0,1.99,0.0,0.0,1.89,0.0,0.0,4.87,0.0,0.0,2.01,0.0,0.0,23.28,0.0,0.0,-3.55,0.0,-0.0049118611000000005,,0.864823953,8530.74455,0.711775384,0.554114167,165.603894,98.930765,83.472669,5465.85972,99.99998999999998,100.0,False
2026-04-06 17:30:00,0.072,,97.7,112.07,120.0,31.98,31.98,,0.0,2.3025599999999997,0.0,,0.0,0.0,0.0,0.0,0.0,0.0,3.43049,5.85,10.034183249999998,0.0,1.99,0.0,0.0,1.89,0.0,0.0,4.87,0.0,0.0,2.01,0.0,0.0,23.28,0.0,0.0,-3.55,0.0,-0.004887888900000001,,0.864823953,8530.74455,0.711899263,0.554146099,165.603996,98.930765,83.4726296,5466.1747,99.99998999999998,100.0,False
2026-04-06 18:00:00,2.979,,120.0,116.01,121.01,79.0,79.0,,10.191,0.0,0.0,,0.0,0.0,5.7,330.62850000000003,0.0,0.0,4.7181999999999995,5.85,13.800734999999998,0.0,1.99,0.0,0.0,1.89,0.0,0.0,4.87,0.0,0.0,2.01,0.0,0.0,23.28,0.0,0.0,-3.55,0.0,0.15819786113333337,,0.864823953,8530.74455,0.716075434,0.562572412,165.608609,98.930765,83.4727878,5549.29303,99.99998999999998,100.0,False
2026-04-06 18:30:00,3.339,,120.0,123.89,126.52,143.5,143.5,,-8.753499999999992,0.0,0.0,,0.0,0.0,6.8,421.226,0.0,0.0,6.07679,5.85,17.774610749999997,0.0,1.99,0.0,0.0,1.89,0.0,0.0,4.87,0.0,0.0,2.01,0.0,0.0,23.28,0.0,0.0,-3.55,0.0,5.722819566666666,,0.864823953,8530.74455,0.86111645,0.853201044,165.754085,98.930765,83.6015534,8416.09455,99.99998999999998,100.0,False
2026-04-06 19:00:00,0.0,,126.13,124.0,125.3,141.96,141.96,,0.0,0.0,0.0,,0.0,0.0,0.0,0.0,0.0,0.0,6.91303,4.9,16.936923500000002,0.0,4.02,0.0,0.0,-0.06,0.0,0.0,8.52,0.0,0.0,-3.43,0.0,0.0,21.37,0.0,0.0,-10.8,0.0,6.4893955000000005,,0.864823953,8530.74455,1.02558582,1.18297393,165.91928,98.930765,83.7735499,11669.0205,99.99998999999998,100.0,False
2026-04-06 19:30:00,0.0,,126.13,124.16,126.42,146.9,146.9,,0.0,0.0,0.0,,0.0,0.0,0.0,0.0,0.0,0.0,7.34764,4.9,18.001718,0.0,4.02,0.0,0.0,-0.06,0.0,0.0,8.52,0.0,0.0,-3.43,0.0,0.0,21.37,0.0,0.0,-10.8,0.0,-0.0049840833,,0.864823953,8530.74455,1.02571214,1.18301136,165.919482,98.930765,83.7980517,11669.3897,99.99998999999998,100.0,False
2026-04-06 20:00:00,0.0,,120.0,128.52,130.0,146.9,146.9,,0.0,0.0,0.0,,0.0,0.0,0.0,0.0,0.0,0.0,7.32999,4.9,17.9584755,0.0,4.02,0.0,0.0,-0.06,0.0,0.0,8.52,0.0,0.0,-3.43,0.0,0.0,21.37,0.0,0.0,-10.8,0.0,-0.005052444466666667,,0.864823953,8530.74455,1.02584019,1.18304904,165.919736,98.930765,83.7980165,11669.7614,99.99998999999998,100.0,False
2026-04-06 20:30:00,0.0,,120.0,128.35,128.0,143.5,143.5,,0.0,0.0,0.0,,0.0,0.0,0.0,0.0,0.0,0.0,7.20008,4.9,17.640196,0.0,4.02,0.0,0.0,-0.06,0.0,0.0,8.52,0.0,0.0,-3.43,0.0,0.0,21.37,0.0,0.0,-10.8,0.0,-0.005026861133333334,,0.864823953,8530.74455,1.02596759,1.18308774,165.919939,98.930765,83.7979874,11670.1431,99.99998999999998,100.0,False
2026-04-06 21:00:00,0.0,,112.0,124.95,121.0,89.41,89.41,,0.0,0.0,0.0,,0.0,0.0,0.0,0.0,0.0,0.0,7.4571499999999995,4.9,18.2700175,0.0,4.02,0.0,0.0,-0.06,0.0,0.0,8.52,0.0,0.0,-3.43,0.0,0.0,21.37,0.0,0.0,-10.8,0.0,-0.0050401111,,0.864823953,8530.74455,1.02609533,1.18311473,165.920192,98.930765,83.7979479,11670.4093,99.99998999999998,100.0,False
2026-04-06 21:30:00,0.0,,112.0,107.59,104.0,127.45,127.45,,0.0,0.0,0.0,,0.0,0.0,0.0,0.0,0.0,0.0,7.36454,4.9,18.043123,0.0,4.02,0.0,0.0,-0.06,0.0,0.0,8.52,0.0,0.0,-3.43,0.0,0.0,21.37,0.0,0.0,-10.8,0.0,-0.005071722266666667,,0.864823953,8530.74455,1.02622387,1.18314473,165.920445,98.930765,83.7979127,11670.7053,99.99998999999998,100.0,False
2026-04-06 22:00:00,-0.023,,99.49,105.4,105.56,71.27,71.27,,0.0,-1.6392099999999998,0.0,,0.0,0.0,0.0,0.0,0.0,0.0,7.20508,4.9,17.652446,0.0,4.02,0.0,0.0,-0.06,0.0,0.0,8.52,0.0,0.0,-3.43,0.0,0.0,21.37,0.0,0.0,-10.8,0.0,-0.005008138866666667,,0.864823953,8530.74455,1.0263508,1.18316588,165.920699,98.930765,83.7978687,11670.9139,99.99998999999998,100.0,False
2026-04-06 22:30:00,-0.951,,99.49,99.27,88.02,123.26,123.26,,-6.286259999999992,0.0,0.0,,-1.8,-79.218,0.0,0.0,0.0,0.0,7.39905,4.9,18.127672500000003,0.0,4.02,0.0,0.0,-0.06,0.0,0.0,8.52,0.0,0.0,-3.43,0.0,0.0,21.37,0.0,0.0,-10.8,0.0,-0.05904594266666666,,0.867607178,8558.19867,1.02784728,1.1831775,165.922321,98.930765,83.7977641,11671.0285,99.99998999999998,100.0,False
2026-04-06 23:00:00,0.0,,97.6,94.32,99.64,62.21,62.21,,0.0,0.0,0.0,,0.0,0.0,0.0,0.0,0.0,0.0,7.4758000000000004,1.68,6.279672,0.0,1.14,0.0,0.0,1.65,0.0,0.0,4.34,0.0,0.0,-0.16,0.0,0.0,15.34,0.0,0.0,-9.72,0.0,-1.7707308966666666,,0.956933216,9439.32321,1.07272526,1.1831775,165.967433,98.930765,83.7634497,11671.0285,99.99998999999998,100.0,False
2026-04-06 23:30:00,-0.054,,97.6,85.86,89.42,82.06,82.06,,0.0,-4.43124,0.0,,0.0,0.0,0.0,0.0,0.0,0.0,7.41008,1.68,6.224467199999999,0.0,1.14,0.0,0.0,1.65,0.0,0.0,4.34,0.0,0.0,-0.16,0.0,0.0,15.34,0.0,0.0,-9.72,0.0,-0.0050153611,,0.956933216,9439.32321,1.07285237,1.18319349,165.967637,98.930765,83.7578229,11671.1862,99.99998999999998,100.0,False
2026-04-07 00:00:00,-2.041,,96.0,85.86,90.97,62.0,62.0,,-2.5419999999999954,0.0,0.0,,0.0,0.0,-4.0,-171.72,0.0,0.0,7.40204,1.68,6.2177136,0.0,1.14,0.0,0.0,1.65,0.0,0.0,4.34,0.0,0.0,-0.16,0.0,0.0,15.34,0.0,0.0,-9.72,0.0,-0.12415627776666667,,0.963094825,9500.10219,1.07599903,1.18320657,165.970982,98.930765,83.7576472,11671.3153,99.99998999999998,100.0,False
2026-04-07 00:30:00,-1.995,,96.0,86.01,89.99,14.17,14.17,,0.07084999999999848,0.0,0.0,,0.0,0.0,-4.0,-172.02,0.0,0.0,7.39088,1.68,6.2083392,0.0,1.14,0.0,0.0,1.65,0.0,0.0,4.34,0.0,0.0,-0.16,0.0,0.0,15.34,0.0,0.0,-9.72,0.0,-3.9659894,,0.201204053,1984.70495,0.100515336,0.0,166.071853,98.930765,83.6824892,0.0,99.99998999999998,100.0,False
2026-04-07 01:00:00,0.0,,95.0,86.89,88.8,20.0,20.0,,0.0,0.0,0.0,,0.0,0.0,0.0,0.0,0.0,0.0,7.37529,1.68,6.1952435999999995,0.0,1.14,0.0,0.0,1.65,0.0,0.0,4.34,0.0,0.0,-0.16,0.0,0.0,15.34,0.0,0.0,-9.72,0.0,-3.8382870333333337,,0.395776147,3903.99132,0.197794142,0.0,166.169327,98.930765,83.5958394,0.0,99.99998999999998,100.0,False
2026-04-07 01:30:00,0.0,,95.0,86.1,90.61,20.0,20.0,,0.0,0.0,0.0,,0.0,0.0,0.0,0.0,0.0,0.0,7.53121,1.68,6.3262164,0.0,1.14,0.0,0.0,1.65,0.0,0.0,4.34,0.0,0.0,-0.16,0.0,0.0,15.34,0.0,0.0,-9.72,0.0,-0.004994805566666667,,0.395776147,3903.99132,0.197920732,2.16143435e-05,166.169631,98.930765,83.5838572,0.21320691,99.99998999999998,100.0,False
2026-04-07 02:00:00,-0.036,,95.4,88.0,92.01,44.0,44.0,,0.0,-1.5839999999999999,0.0,,0.0,0.0,0.0,0.0,0.0,0.0,7.42393,1.68,6.2361012,0.0,1.14,0.0,0.0,1.65,0.0,0.0,4.34,0.0,0.0,-0.16,0.0,0.0,15.34,0.0,0.0,-9.72,0.0,-0.005004055566666666,,0.395776147,3903.99132,0.198047556,3.58933747e-05,166.169885,98.930765,83.5838004,0.354057273,99.99998999999998,100.0,False
2026-04-07 02:30:00,-1.367,,95.4,88.17,87.75,61.3,61.3,,-1.042099999999994,0.0,0.0,,0.0,0.0,-2.7,-119.02950000000001,0.0,0.0,7.18833,1.68,6.0381972,0.0,1.14,0.0,0.0,1.65,0.0,0.0,4.34,0.0,0.0,-0.16,0.0,0.0,15.34,0.0,0.0,-9.72,0.0,-0.0840013039,,0.399853084,3944.2068,0.200176513,4.78299818e-05,166.172115,98.930765,83.5836692,0.471801637,99.99998999999998,100.0,False
2026-04-07 03:00:00,0.0,,93.0,89.66,89.61,66.05,66.05,,0.0,0.0,0.0,,0.0,0.0,0.0,0.0,0.0,0.0,7.39506,2.13,7.8757389,0.0,2.17,0.0,0.0,1.31,0.0,0.0,5.52,0.0,0.0,-0.93,0.0,0.0,16.07,0.0,0.0,-9.46,0.0,-2.6212600666666668,,0.532334292,5251.01998,0.266610588,4.78299818e-05,166.23877,98.930765,83.5329835,0.471801637,99.99998999999998,100.0,False
2026-04-07 03:30:00,0.0,,93.0,88.85,90.51,63.72,63.72,,0.0,0.0,0.0,,0.0,0.0,0.0,0.0,0.0,0.0,7.34223,2.13,7.819474949999999,0.0,2.17,0.0,0.0,1.31,0.0,0.0,5.52,0.0,0.0,-0.93,0.0,0.0,16.07,0.0,0.0,-9.46,0.0,-0.005005722166666667,,0.532334292,5251.01998,0.266737455,5.79839352e-05,166.239074,98.930765,83.5247887,0.571961655,99.99998999999998,100.0,False
2026-04-07 04:00:00,0.0,,95.17,96.4,95.14,66.48,66.48,,0.0,0.0,0.0,,0.0,0.0,0.0,0.0,0.0,0.0,7.51275,2.13,8.00107875,0.0,2.17,0.0,0.0,1.31,0.0,0.0,5.52,0.0,0.0,-0.93,0.0,0.0,16.07,0.0,0.0,-9.46,0.0,-0.005073194466666667,,0.532334292,5251.01998,0.266866031,7.66492071e-05,166.239226,98.930765,83.5247232,0.75607851,99.99998999999998,100.0,False
2026-04-07 04:30:00,0.0,,95.17,98.05,95.3,20.0,20.0,,0.0,0.0,0.0,,0.0,0.0,0.0,0.0,0.0,0.0,7.37491,2.13,7.854279149999999,0.0,2.17,0.0,0.0,1.31,0.0,0.0,5.52,0.0,0.0,-0.93,0.0,0.0,16.07,0.0,0.0,-9.46,0.0,-0.005066722199999999,,0.532334292,5251.01998,0.266994444,8.89542205e-05,166.23948,98.930765,83.5246533,0.877456885,99.99998999999998,100.0,False
2026-04-07 05:00:00,0.0,,108.24,100.0,100.0,40.0,40.0,,0.0,0.0,0.0,,0.0,0.0,0.0,0.0,0.0,0.0,7.28397,2.13,7.75742805,0.0,2.17,0.0,0.0,1.31,0.0,0.0,5.52,0.0,0.0,-0.93,0.0,0.0,16.07,0.0,0.0,-9.46,0.0,-0.005087138866666666,,0.532334292,5251.01998,0.267123374,9.68163587e-05,166.239733,98.930765,83.5245878,0.955010117,99.99998999999998,100.0,False
2026-04-07 05:30:00,0.0,,108.24,104.01,105.94,45.73,45.73,,0.0,0.0,0.0,,0.0,0.0,0.0,0.0,0.0,0.0,7.51285,2.13,8.00118525,0.0,2.17,0.0,0.0,1.31,0.0,0.0,5.52,0.0,0.0,-0.93,0.0,0.0,16.07,0.0,0.0,-9.46,0.0,-0.005051833333333333,,0.532335707,5251.03394,0.267251409,9.88368618e-05,166.239986,98.930765,83.5245275,0.974940642,99.99998999999998,100.0,False
2026-04-07 06:00:00,0.0,,132.5,128.93,126.66,123.49,123.49,,0.0,0.0,0.0,,0.0,0.0,0.0,0.0,0.0,0.0,7.50308,2.13,7.9907802,0.0,2.17,0.0,0.0,1.31,0.0,0.0,5.52,0.0,0.0,-0.93,0.0,0.0,16.07,0.0,0.0,-9.46,0.0,-0.005014916666666667,,0.532339916,5251.07546,0.267378509,0.000101807012,166.240189,98.930765,83.5244663,1.00423862,99.99998999999998,100.0,False
2026-04-07 06:30:00,0.067,,132.5,126.1,135.0,74.95,74.95,,0.0,5.02165,0.0,,0.0,0.0,0.0,0.0,0.0,0.0,7.48971,2.13,7.976541149999999,0.0,2.17,0.0,0.0,1.31,0.0,0.0,5.52,0.0,0.0,-0.93,0.0,0.0,16.07,0.0,0.0,-9.46,0.0,-0.0050233889333333335,,0.532340685,5251.08304,0.267505824,0.000106189524,166.240494,98.930765,83.5244052,1.04746833,99.99998999999998,99.98611066666666,False
2026-04-07 07:00:00,2.448,,134.53,122.0,119.6,119.6,119.6,,11.720799999999983,0.0,0.0,,4.3,257.14,0.4,24.400000000000002,0.0,0.0,7.31841,7.11,26.01694755,0.0,8.51,0.0,0.0,-0.52,0.0,0.0,11.39,0.0,0.0,-5.27,0.0,0.0,26.76,0.0,0.0,-7.1,0.0,0.1440060578333333,,0.532349051,5251.16557,0.271325083,0.0077473308,166.244599,98.930765,83.5245393,76.4207556,99.99998999999998,100.0,False
2026-04-07 07:30:00,3.083,,134.53,124.99,126.01,127.9,127.9,,4.220700000000047,0.0,0.0,,6.1,384.3305,0.0,0.0,0.0,0.0,6.68451,7.11,23.763433050000003,0.0,8.51,0.0,0.0,-0.52,0.0,0.0,11.39,0.0,0.0,-5.27,0.0,0.0,26.76,0.0,0.0,-7.1,0.0,4.735221133333333,,0.532349051,5251.16557,0.391336081,0.247421969,166.365086,98.930765,83.6302785,2440.60494,99.99998999999998,100.0,False
2026-04-07 08:00:00,0.0,,117.3,124.45,128.58,128.5,128.5,,0.0,0.0,0.0,,0.0,0.0,0.0,0.0,0.0,0.0,6.00742,7.11,21.3563781,0.0,8.51,0.0,0.0,-0.52,0.0,0.0,11.39,0.0,0.0,-5.27,0.0,0.0,26.76,0.0,0.0,-7.1,0.0,5.853332600000001,,0.532349051,5251.16557,0.539684862,0.544102357,166.513908,98.930765,83.7835995,5367.10182,99.99998999999998,100.0,False
2026-04-07 08:30:00,0.0,,117.3,117.57,125.0,127.9,127.9,,0.0,0.0,0.0,,0.0,0.0,0.0,0.0,0.0,0.0,4.864850000000001,7.11,17.294541750000004,0.0,8.51,0.0,0.0,-0.52,0.0,0.0,11.39,0.0,0.0,-5.27,0.0,0.0,26.76,0.0,0.0,-7.1,0.0,-0.004950444433333333,,0.532349051,5251.16557,0.539810328,0.544121228,166.51406,98.930765,83.8049385,5367.28797,99.99998999999998,100.0,False
2026-04-07 09:00:00,0.0,,92.0,100.0,105.4,7.07,7.07,,0.0,0.0,0.0,,0.0,0.0,0.0,0.0,0.0,0.0,3.63558,7.11,12.924486900000002,0.0,8.51,0.0,0.0,-0.52,0.0,0.0,11.39,0.0,0.0,-5.27,0.0,0.0,26.76,0.0,0.0,-7.1,0.0,-0.0049171388333333335,,0.532349051,5251.16557,0.53993495,0.544141935,166.514364,98.930765,83.8048815,5367.49223,99.99998999999998,100.0,False
2026-04-07 09:30:00,0.0,,92.0,73.76,89.01,-14.62,-14.62,,0.0,0.0,0.0,,0.0,0.0,0.0,0.0,0.0,0.0,2.4264,7.11,8.625852,0.0,8.51,0.0,0.0,-0.52,0.0,0.0,11.39,0.0,0.0,-5.27,0.0,0.0,26.76,0.0,0.0,-7.1,0.0,-0.004984805533333333,,0.532349051,5251.16557,0.540061286,0.544169559,166.514516,98.930765,83.8048245,5367.76471,99.99998999999998,100.0,False
2026-04-07 10:00:00,0.0,,59.2,69.76,82.0,-20.0,-20.0,,0.0,0.0,0.0,,0.0,0.0,0.0,0.0,0.0,0.0,2.01389,7.11,7.15937895,0.0,8.51,0.0,0.0,-0.52,0.0,0.0,11.39,0.0,0.0,-5.27,0.0,0.0,26.76,0.0,0.0,-7.1,0.0,-0.004936444333333334,,0.532349051,5251.16557,0.540186397,0.544194422,166.51482,98.930765,83.8047807,5368.00997,99.99998999999998,100.0,False
2026-04-07 10:30:00,0.0,,59.2,56.08,64.0,-24.95,-24.95,,0.0,0.0,0.0,,0.0,0.0,0.0,0.0,0.0,0.0,7.4,7.11,26.307000000000002,0.0,8.51,0.0,0.0,-0.52,0.0,0.0,11.39,0.0,0.0,-5.27,0.0,0.0,26.76,0.0,0.0,-7.1,0.0,-0.004948111133333333,,0.532349051,5251.16557,0.540311803,0.544221096,166.515023,98.930765,83.8047325,5368.27308,99.99998999999998,100.0,False
2026-04-07 11:00:00,0.0,,15.75,39.75,37.0,-28.76,-28.76,,0.0,0.0,0.0,,0.0,0.0,0.0,0.0,0.0,0.0,7.4,2.76,10.212,0.0,4.56,0.0,0.0,5.0,0.0,0.0,6.44,0.0,0.0,6.08,0.0,0.0,16.77,0.0,0.0,5.67,0.0,-0.004978388966666667,,0.532349051,5251.16557,0.540437977,0.544251639,166.515428,98.930765,83.8046887,5368.57436,99.99998999999998,100.0,False
2026-04-07 11:30:00,0.0,,15.75,16.0,15.75,-28.76,-28.76,,0.0,0.0,0.0,,0.0,0.0,0.0,0.0,0.0,0.0,7.4,2.76,10.212,0.0,4.56,0.0,0.0,5.0,0.0,0.0,6.44,0.0,0.0,6.08,0.0,0.0,16.77,0.0,0.0,5.67,0.0,-0.0049270277,,0.532349051,5251.16557,0.540562849,0.544274172,166.515581,98.930765,83.8046545,5368.79663,99.99998999999998,100.0,False
2026-04-07 12:00:00,0.0,,-0.59,24.71,20.0,-30.84,-30.84,,0.0,0.0,0.0,,0.0,0.0,0.0,0.0,0.0,0.0,7.4,2.76,10.212,0.0,4.56,0.0,0.0,5.0,0.0,0.0,6.44,0.0,0.0,6.08,0.0,0.0,16.77,0.0,0.0,5.67,0.0,-0.0049223889000000005,,0.532349051,5251.16557,0.540687604,0.544298902,166.515986,98.930765,83.8046351,5369.04057,99.99998999999998,100.0,False
2026-04-07 12:30:00,-0.001,,-0.59,4.17,0.01,-49.99,-49.99,,0.0,0.04999,0.0,,0.0,0.0,0.0,0.0,0.0,0.0,0.05123,2.76,0.0706974,0.0,4.56,0.0,0.0,5.0,0.0,0.0,6.44,0.0,0.0,6.08,0.0,0.0,16.77,0.0,0.0,5.67,0.0,-0.004909166666666667,,0.532349051,5251.16557,0.540812024,0.544321915,166.516189,98.930765,83.8046226,5369.26757,99.99998999999998,100.0,False
2026-04-07 13:00:00,-0.101,,-7.85,0.0,0.0,-50.0,-50.0,,2.549999999999998,0.0,0.0,,-2.4,0.0,2.3,0.0,0.0,0.0,0.04871,2.76,0.0672198,0.0,4.56,0.0,0.0,5.0,0.0,0.0,6.44,0.0,0.0,6.08,0.0,0.0,16.77,0.0,0.0,5.67,0.0,-0.008092611266666666,,0.53250738,5252.72735,0.541017126,0.544337125,166.516594,98.930765,83.8046057,5369.41761,99.99998999999998,100.0,False
2026-04-07 13:30:00,-1.986,,-7.85,-1.0,-2.0,-40.0,-40.0,,-0.5600000000000005,0.0,0.0,,0.0,0.0,-4.0,2.0,0.0,0.0,7.4,2.76,10.212,0.0,4.56,0.0,0.0,5.0,0.0,0.0,6.44,0.0,0.0,6.08,0.0,0.0,16.77,0.0,0.0,5.67,0.0,-0.22395149966666664,,0.543762913,5363.7535,0.546693026,0.544337125,166.522424,98.930765,83.8033452,5369.41761,99.99998999999998,100.0,False
2026-04-07 14:00:00,-2.005,,-4.19,-1.81,0.0,-49.99,-49.99,,0.24994999999999468,0.0,0.0,,0.0,0.0,-4.0,3.62,0.0,0.0,0.00033,2.76,0.00045539999999999996,0.0,4.56,0.0,0.0,5.0,0.0,0.0,6.44,0.0,0.0,6.08,0.0,0.0,16.77,0.0,0.0,5.67,0.0,-3.9805303,,0.746547493,7364.04899,0.647576892,0.544337125,166.623699,98.930765,83.7276441,5369.41761,99.99998999999998,100.0,False
2026-04-07 14:30:00,-1.95,,-4.19,-1.81,0.01,-52.4,-52.4,,-2.6200000000000023,0.0,0.0,,0.0,0.0,-4.0,3.62,0.0,0.0,7.4,2.76,10.212,0.0,4.56,0.0,0.0,5.0,0.0,0.0,6.44,0.0,0.0,6.08,0.0,0.0,16.77,0.0,0.0,5.67,0.0,-3.9822193,,0.949408761,9365.10094,0.748503564,0.544337125,166.724874,98.930765,83.6401914,5369.41761,99.99998999999998,100.0,False
2026-04-07 15:00:00,-0.03,,2.0,0.0,0.02,-34.59,-34.59,,0.0,1.0377,0.0,,0.0,0.0,0.0,0.0,0.0,0.0,0.0014299999999999998,8.53,0.006098949999999999,0.0,3.03,0.0,0.0,5.52,0.0,0.0,6.0,0.0,0.0,13.25,0.0,0.0,23.45,0.0,0.0,-0.79,0.0,-3.8595198333333336,,1.14588885,11303.208,0.846320498,0.544337125,166.823108,98.930765,83.5530519,5369.41761,99.99998999999998,100.0,False
2026-04-07 15:30:00,-1.072,,2.0,15.0,2.0,-31.81,-31.81,,-4.071679999999996,0.0,0.0,,0.0,0.0,-2.4,-18.0,0.0,0.0,0.08795,8.53,0.37510675,0.0,3.03,0.0,0.0,5.52,0.0,0.0,6.0,0.0,0.0,13.25,0.0,0.0,23.45,0.0,0.0,-0.79,0.0,-0.07524433223333334,,1.14952033,11339.0295,0.848227518,0.544354436,166.825187,98.930765,83.5409479,5369.58837,99.99998999999998,100.0,False
2026-04-07 16:00:00,0.0,,57.0,44.19,52.01,-14.95,-14.95,,0.0,0.0,0.0,,0.0,0.0,0.0,0.0,0.0,0.0,0.6379199999999999,8.53,2.7207287999999994,0.0,3.03,0.0,0.0,5.52,0.0,0.0,6.0,0.0,0.0,13.25,0.0,0.0,23.45,0.0,0.0,-0.79,0.0,-2.102982116666667,,1.25605555,12389.9078,0.901526183,0.544354436,166.878714,98.930765,83.4969868,5369.58837,99.99998999999998,100.0,False
2026-04-07 16:30:00,0.0,,57.0,64.3,73.1,-14.62,-14.62,,0.0,0.0,0.0,,0.0,0.0,0.0,0.0,0.0,0.0,1.5537699999999999,8.53,6.626829049999999,0.0,3.03,0.0,0.0,5.52,0.0,0.0,6.0,0.0,0.0,13.25,0.0,0.0,23.45,0.0,0.0,-0.79,0.0,-0.0050300832666666665,,1.25605555,12389.9078,0.901653672,0.544380713,166.879019,98.930765,83.4936589,5369.84757,99.99998999999998,100.0,False
2026-04-07 17:00:00,0.0,,106.48,81.18,90.0,77.43,77.43,,0.0,0.0,0.0,,0.0,0.0,0.0,0.0,0.0,0.0,2.4657199999999997,8.53,10.516295799999998,0.0,3.03,0.0,0.0,5.52,0.0,0.0,6.0,0.0,0.0,13.25,0.0,0.0,23.45,0.0,0.0,-0.79,0.0,-0.004944305533333333,,1.25605555,12389.9078,0.901778978,0.544412483,166.879272,98.930765,83.4936067,5370.16095,99.99998999999998,100.0,False
2026-04-07 17:30:00,0.075,,106.48,112.41,120.0,93.0,93.0,,0.0,6.975,0.0,,0.0,0.0,0.0,0.0,0.0,0.0,3.4915700000000003,8.53,14.89154605,0.0,3.03,0.0,0.0,5.52,0.0,0.0,6.0,0.0,0.0,13.25,0.0,0.0,23.45,0.0,0.0,-0.79,0.0,-0.0049526667,,1.25605555,12389.9078,0.901904502,0.544449818,166.879576,98.930765,83.4935502,5370.52923,99.99998999999998,100.0,False
2026-04-07 18:00:00,3.07,,138.0,127.0,120.9,95.49,95.49,,16.233299999999993,0.0,0.0,,5.8,350.61,0.0,0.0,0.0,0.0,4.7562299999999995,8.53,20.285320949999996,0.0,3.03,0.0,0.0,5.52,0.0,0.0,6.0,0.0,0.0,13.25,0.0,0.0,23.45,0.0,0.0,-0.79,0.0,0.15974864,,1.25605555,12389.9078,0.906118311,0.552959768,166.883986,98.930765,83.4936873,5454.47257,99.99998999999998,100.0,False
2026-04-07 18:30:00,3.357,,138.0,130.0,125.0,123.0,123.0,,7.011000000000047,0.0,0.0,,6.6,412.5,0.0,0.0,0.0,0.0,6.059729999999999,8.53,25.844748449999994,0.0,3.03,0.0,0.0,5.52,0.0,0.0,6.0,0.0,0.0,13.25,0.0,0.0,23.45,0.0,0.0,-0.79,0.0,5.813084533333334,,1.25605555,12389.9078,1.05344703,0.848410865,167.031946,98.930765,83.6237586,8368.84355,99.99998999999998,100.0,False
2026-04-07 19:00:00,0.0,,136.97,132.63,129.0,135.0,135.0,,0.0,0.0,0.0,,0.0,0.0,0.0,0.0,0.0,0.0,6.96983,5.98,20.839791700000003,0.0,4.05,0.0,0.0,0.37,0.0,0.0,8.99,0.0,0.0,-2.58,0.0,0.0,21.67,0.0,0.0,-13.19,0.0,6.394205299999999,,1.25605555,12389.9078,1.21550387,1.17347134,167.194454,98.930765,83.7928565,11575.2856,99.99998999999998,100.0,False
2026-04-07 19:30:00,0.0,,136.97,136.8,133.0,144.45,144.45,,0.0,0.0,0.0,,0.0,0.0,0.0,0.0,0.0,0.0,7.26318,5.98,21.716908200000002,0.0,4.05,0.0,0.0,0.37,0.0,0.0,8.99,0.0,0.0,-2.58,0.0,0.0,21.67,0.0,0.0,-13.19,0.0,-0.004976500000000001,,1.25605555,12389.9078,1.21562999,1.17352105,167.194707,98.930765,83.8167463,11575.7759,99.99998999999998,100.0,False
2026-04-07 20:00:00,0.0,,127.0,126.01,124.82,118.36,118.36,,0.0,0.0,0.0,,0.0,0.0,0.0,0.0,0.0,0.0,7.355020000000001,5.98,21.991509800000003,0.0,4.05,0.0,0.0,0.37,0.0,0.0,8.99,0.0,0.0,-2.58,0.0,0.0,21.67,0.0,0.0,-13.19,0.0,-0.0050400833,,1.25605555,12389.9078,1.21575773,1.17357046,167.194859,98.930765,83.8167078,11576.2633,99.99998999999998,100.0,False
2026-04-07 20:30:00,0.0,,127.0,123.99,125.0,61.17,61.17,,0.0,0.0,0.0,,0.0,0.0,0.0,0.0,0.0,0.0,7.41399,5.98,22.167830100000003,0.0,4.05,0.0,0.0,0.37,0.0,0.0,8.99,0.0,0.0,-2.58,0.0,0.0,21.67,0.0,0.0,-13.19,0.0,-0.005047083266666666,,1.25605555,12389.9078,1.21588564,1.17361461,167.195113,98.930765,83.8166554,11576.6988,99.99998999999998,100.0,False
2026-04-07 21:00:00,0.0,,119.47,119.73,120.21,61.84,61.84,,0.0,0.0,0.0,,0.0,0.0,0.0,0.0,0.0,0.0,7.488659999999999,5.98,22.3910934,0.0,4.05,0.0,0.0,0.37,0.0,0.0,8.99,0.0,0.0,-2.58,0.0,0.0,21.67,0.0,0.0,-13.19,0.0,-0.0050483611333333326,,1.25605555,12389.9078,1.21601359,1.17364991,167.195366,98.930765,83.8165995,11577.047,99.99998999999998,100.0,False
2026-04-07 21:30:00,0.0,,119.47,106.28,100.0,58.57,58.57,,0.0,0.0,0.0,,0.0,0.0,0.0,0.0,0.0,0.0,7.26125,5.98,21.711137500000003,0.0,4.05,0.0,0.0,0.37,0.0,0.0,8.99,0.0,0.0,-2.58,0.0,0.0,21.67,0.0,0.0,-13.19,0.0,-0.005040861133333334,,1.25605555,12389.9078,1.21614135,1.17368625,167.195468,98.930765,83.8165384,11577.4055,99.99998999999998,100.0,False
2026-04-07 22:00:00,-0.025,,101.33,108.81,111.0,110.39,110.39,,0.0,-2.7597500000000004,0.0,,0.0,0.0,0.0,0.0,0.0,0.0,7.47028,5.98,22.3361372,0.0,4.05,0.0,0.0,0.37,0.0,0.0,8.99,0.0,0.0,-2.58,0.0,0.0,21.67,0.0,0.0,-13.19,0.0,-0.005007305633333333,,1.25605555,12389.9078,1.21626826,1.17371527,167.195772,98.930765,83.8164737,11577.6917,99.99998999999998,100.0,False
2026-04-07 22:30:00,-0.926,,101.33,96.1,95.5,110.82,110.82,,-2.8813200000000023,0.0,0.0,,0.0,0.0,-1.8,-86.49,0.0,0.0,7.511729999999999,5.98,22.460072699999998,0.0,4.05,0.0,0.0,0.37,0.0,0.0,8.99,0.0,0.0,-2.58,0.0,0.0,21.67,0.0,0.0,-13.19,0.0,-0.06112424556666666,,1.25894362,12418.3961,1.2178174,1.17373047,167.197394,98.930765,83.8163427,11577.8417,99.99998999999998,100.0,False
2026-04-07 23:00:00,-0.058,,92.5,91.14,94.0,120.0,120.0,,0.0,-6.96,0.0,,0.0,0.0,0.0,0.0,0.0,0.0,7.46111,1.68,6.2673324,0.0,1.04,0.0,0.0,2.0,0.0,0.0,3.99,0.0,0.0,0.46,0.0,0.0,16.28,0.0,0.0,-8.23,0.0,-1.7591371999999998,,1.34768993,13293.8021,1.26240155,1.17373047,167.242152,98.930765,83.7823615,11577.8417,99.99998999999998,100.0,False
2026-04-07 23:30:00,-2.078,,92.5,84.5,93.0,120.0,120.0,,-9.359999999999982,0.0,0.0,,0.0,0.0,-4.0,-169.0,0.0,0.0,7.42192,1.68,6.234412799999999,0.0,1.04,0.0,0.0,2.0,0.0,0.0,3.99,0.0,0.0,0.46,0.0,0.0,16.28,0.0,0.0,-8.23,0.0,-0.13090575113333333,,1.35418867,13357.9066,1.26571927,1.17374271,167.24565,98.930765,83.7767028,11577.9624,99.99998999999998,100.0,False
2026-04-08 00:00:00,-1.286,,96.9,83.98,91.0,111.85,111.85,,-4.026600000000004,0.0,0.0,,0.0,0.0,-2.5,-104.97500000000001,0.0,0.0,7.35189,1.68,6.1755876,0.0,1.04,0.0,0.0,2.0,0.0,0.0,3.99,0.0,0.0,0.46,0.0,0.0,16.28,0.0,0.0,-8.23,0.0,-3.9123015,,1.55277173,15316.7577,1.36487392,1.17374271,167.345202,98.930765,83.7019946,11577.9624,99.99998999999998,100.0,False
2026-04-08 00:30:00,-0.057,,96.9,82.37,82.7,70.0,70.0,,0.0,-3.99,0.0,,0.0,0.0,0.0,0.0,0.0,0.0,7.50464,1.68,6.3038976,0.0,1.04,0.0,0.0,2.0,0.0,0.0,3.99,0.0,0.0,0.46,0.0,0.0,16.28,0.0,0.0,-8.23,0.0,-2.431345933333333,,0.122879402,1212.09962,0.061620829,0.0,167.407042,98.930765,83.643411,0.0,99.99998999999998,100.0,False
2026-04-08 01:00:00,-1.998,,95.0,82.09,86.8,80.26,80.26,,0.16052000000000016,0.0,0.0,,0.0,0.0,-4.0,-164.18,0.0,0.0,7.36463,1.68,6.1862892,0.0,1.04,0.0,0.0,2.0,0.0,0.0,3.99,0.0,0.0,0.46,0.0,0.0,16.28,0.0,0.0,-8.23,0.0,-0.13056436006666666,,0.129355533,1275.98109,0.064929895,1.64759546e-05,167.410438,98.930765,83.635677,0.162521123,99.99998999999998,100.0,False
2026-04-08 01:30:00,0.0,,95.0,86.0,91.0,73.13,73.13,,0.0,0.0,0.0,,0.0,0.0,0.0,0.0,0.0,0.0,7.437189999999999,1.68,6.2472395999999994,0.0,1.04,0.0,0.0,2.0,0.0,0.0,3.99,0.0,0.0,0.46,0.0,0.0,16.28,0.0,0.0,-8.23,0.0,-3.8359393999999996,,0.323958071,3195.56777,0.162149201,1.64759546e-05,167.507913,98.930765,83.561411,0.162521123,99.99998999999998,100.0,False
2026-04-08 02:00:00,0.0,,97.3,84.0,89.0,75.39,75.39,,0.0,0.0,0.0,,0.0,0.0,0.0,0.0,0.0,0.0,7.48718,1.68,6.2892312,0.0,1.04,0.0,0.0,2.0,0.0,0.0,3.99,0.0,0.0,0.46,0.0,0.0,16.28,0.0,0.0,-8.23,0.0,-0.005035277733333334,,0.323958071,3195.56777,0.162276818,4.50859424e-05,167.508217,98.930765,83.5495422,0.444734048,99.99998999999998,100.0,False
2026-04-08 02:30:00,0.0,,97.3,80.0,81.96,90.48,90.48,,0.0,0.0,0.0,,0.0,0.0,0.0,0.0,0.0,0.0,7.4573,1.68,6.264132,0.0,1.04,0.0,0.0,2.0,0.0,0.0,3.99,0.0,0.0,0.46,0.0,0.0,16.28,0.0,0.0,-8.23,0.0,-0.005053055533333333,,0.323958071,3195.56777,0.162404883,6.86494482e-05,167.50842,98.930765,83.5494649,0.677167768,99.99998999999998,100.0,False
2026-04-08 03:00:00,0.0,,100.5,82.0,77.7,71.2,71.2,,0.0,0.0,0.0,,0.0,0.0,0.0,0.0,0.0,0.0,7.27405,1.65,6.00109125,0.0,2.03,0.0,0.0,1.25,0.0,0.0,6.97,0.0,0.0,0.63,0.0,0.0,16.03,0.0,0.0,-8.55,0.0,-0.0050678611,,0.323958071,3195.56777,0.162533325,9.30297672e-05,167.508724,98.930765,83.5493877,0.917658648,99.99998999999998,100.0,False
2026-04-08 03:30:00,0.0,,100.5,79.9,70.64,5.0,5.0,,0.0,0.0,0.0,,0.0,0.0,0.0,0.0,0.0,0.0,7.4212299999999995,1.65,6.12251475,0.0,2.03,0.0,0.0,1.25,0.0,0.0,6.97,0.0,0.0,0.63,0.0,0.0,16.03,0.0,0.0,-8.55,0.0,-0.005045888766666667,,0.323958071,3195.56777,0.162661209,0.000115412665,167.508875,98.930765,83.5493165,1.13844669,99.99998999999998,100.0,False
2026-04-08 04:00:00,0.0,,107.91,87.47,86.2,120.0,120.0,,0.0,0.0,0.0,,0.0,0.0,0.0,0.0,0.0,0.0,7.45299,1.65,6.148716749999999,0.0,2.03,0.0,0.0,1.25,0.0,0.0,6.97,0.0,0.0,0.63,0.0,0.0,16.03,0.0,0.0,-8.55,0.0,-0.0050291666333333335,,0.323958071,3195.56777,0.162788671,0.000138886956,167.509078,98.930765,83.5492306,1.37000038,99.99998999999998,100.0,False
2026-04-08 04:30:00,0.0,,107.91,94.01,83.12,73.13,73.13,,0.0,0.0,0.0,,0.0,0.0,0.0,0.0,0.0,0.0,7.444109999999999,1.65,6.141390749999999,0.0,2.03,0.0,0.0,1.25,0.0,0.0,6.97,0.0,0.0,0.63,0.0,0.0,16.03,0.0,0.0,-8.55,0.0,-0.004971472233333334,,0.323958071,3195.56777,0.162914668,0.000163799338,167.509383,98.930765,83.5491438,1.6157396,99.99998999999998,100.0,False
2026-04-08 05:00:00,0.0,,116.06,107.88,110.0,135.0,135.0,,0.0,0.0,0.0,,0.0,0.0,0.0,0.0,0.0,0.0,7.3871400000000005,1.65,6.0943905,0.0,2.03,0.0,0.0,1.25,0.0,0.0,6.97,0.0,0.0,0.63,0.0,0.0,16.03,0.0,0.0,-8.55,0.0,-0.004999916566666667,,0.323958071,3195.56777,0.163041389,0.000182723448,167.509535,98.930765,83.5490622,1.80240967,99.99998999999998,100.0,False
2026-04-08 05:30:00,0.0,,116.06,122.81,117.09,130.0,130.0,,0.0,0.0,0.0,,0.0,0.0,0.0,0.0,0.0,0.0,7.2171,1.65,5.9541075,0.0,2.03,0.0,0.0,1.25,0.0,0.0,6.97,0.0,0.0,0.63,0.0,0.0,16.03,0.0,0.0,-8.55,0.0,-0.005036027833333334,,0.323958071,3195.56777,0.163169024,0.000205197161,167.509889,98.930765,83.548985,2.02409352,99.99998999999998,100.0,False
2026-04-08 06:00:00,0.001,,132.9,130.0,130.0,130.0,130.0,,0.0,0.13,0.0,,0.0,0.0,0.0,0.0,0.0,0.0,7.39537,1.65,6.10118025,0.0,2.03,0.0,0.0,1.25,0.0,0.0,6.97,0.0,0.0,0.63,0.0,0.0,16.03,0.0,0.0,-8.55,0.0,-0.005040361233333333,,0.323958071,3195.56777,0.163296768,0.000225874504,167.510041,98.930765,83.5489216,2.22805773,99.99998999999998,100.0,False
2026-04-08 06:30:00,0.048,,132.9,139.31,142.28,149.9,149.9,,-0.29979999999997325,0.0,0.0,,5.1,362.81399999999996,-5.0,-348.275,0.0,0.0,7.40296,1.65,6.107442,0.0,2.03,0.0,0.0,1.25,0.0,0.0,6.97,0.0,0.0,0.63,0.0,0.0,16.03,0.0,0.0,-8.55,0.0,-0.0022458055333333337,,0.323958071,3195.56777,0.163410311,0.000398146607,167.510396,98.930765,83.548853,3.92737387,99.99998999999998,100.0,False
2026-04-08 07:00:00,0.0,,134.5,134.0,127.0,143.5,143.5,,0.0,0.0,0.0,,0.0,0.0,0.0,0.0,0.0,0.0,7.20738,3.5,12.612915,0.0,3.09,0.0,0.0,0.22,0.0,0.0,9.2,0.0,0.0,-3.04,0.0,0.0,22.46,0.0,0.0,-13.29,0.0,0.086530861,,0.323958071,3195.56777,0.165603378,0.00517866017,167.512627,98.930765,83.5509692,51.0830289,99.99998999999998,100.0,False
2026-04-08 07:30:00,0.068,,134.5,133.0,133.0,143.5,143.5,,0.0,9.758000000000001,0.0,,0.0,0.0,0.0,0.0,0.0,0.0,6.81867,3.5,11.9326725,0.0,3.09,0.0,0.0,0.22,0.0,0.0,9.2,0.0,0.0,-3.04,0.0,0.0,22.46,0.0,0.0,-13.29,0.0,-0.0050530833666666665,,0.323958071,3195.56777,0.165731445,0.00520810284,167.51283,98.930765,83.5512668,51.3734555,99.99998999999998,100.0,False
2026-04-08 08:00:00,2.671,,130.95,133.39,130.01,149.9,149.9,,3.147899999999986,0.0,0.0,,5.3,344.52649999999994,0.0,0.0,0.0,0.0,6.08178,3.5,10.643115,0.0,3.09,0.0,0.0,0.22,0.0,0.0,9.2,0.0,0.0,-3.04,0.0,0.0,22.46,0.0,0.0,-13.29,0.0,0.14805194559999998,,0.323958071,3195.56777,0.169653209,0.0131139359,167.517037,98.930765,83.551387,129.3577,99.99998999999998,100.0,False
2026-04-08 08:30:00,2.229,,130.95,132.5,126.0,143.5,143.5,,4.161499999999988,0.0,0.0,,0.0,0.0,4.4,291.5,0.0,0.0,5.08322,3.5,8.895635,0.0,3.09,0.0,0.0,0.22,0.0,0.0,9.2,0.0,0.0,-3.04,0.0,0.0,22.46,0.0,0.0,-13.29,0.0,5.1000062,,0.323958071,3195.56777,0.298909439,0.271714973,167.646901,98.930765,83.666558,2680.23453,99.99998999999998,100.0,False
2026-04-08 09:00:00,0.618,,128.78,133.64,129.6,143.5,143.5,,2.5830000000000024,0.0,0.0,,0.0,0.0,1.2,80.18399999999998,0.0,0.0,4.329560000000001,3.5,7.576730000000001,0.0,3.09,0.0,0.0,0.22,0.0,0.0,9.2,0.0,0.0,-3.04,0.0,0.0,22.46,0.0,0.0,-13.29,0.0,4.254389033333333,,0.323958071,3195.56777,0.406734071,0.487230281,167.75507,98.930765,83.781518,4806.1077,99.99998999999998,100.0,False
2026-04-08 09:30:00,0.0,,128.78,130.0,125.79,85.0,85.0,,0.0,0.0,0.0,,0.0,0.0,0.0,0.0,0.0,0.0,2.78025,3.5,4.8654375000000005,0.0,3.09,0.0,0.0,0.22,0.0,0.0,9.2,0.0,0.0,-3.04,0.0,0.0,22.46,0.0,0.0,-13.29,0.0,1.1651128466666665,,0.323958071,3195.56777,0.436263073,0.546466673,167.784723,98.930765,83.8241077,5390.42377,99.99998999999998,100.0,False
2026-04-08 10:00:00,0.0,,110.8,120.0,118.58,143.5,143.5,,0.0,0.0,0.0,,0.0,0.0,0.0,0.0,0.0,0.0,1.9448599999999998,3.5,3.4035049999999996,0.0,3.09,0.0,0.0,0.22,0.0,0.0,9.2,0.0,0.0,-3.04,0.0,0.0,22.46,0.0,0.0,-13.29,0.0,-0.004927416600000001,,0.323958071,3195.56777,0.436387955,0.546483481,167.784926,98.930765,83.8284689,5390.58956,99.99998999999998,100.0,False
2026-04-08 10:30:00,0.0,,110.8,110.0,111.0,149.9,149.9,,0.0,0.0,0.0,,0.0,0.0,0.0,0.0,0.0,0.0,1.02241,3.5,1.7892175000000001,0.0,3.09,0.0,0.0,0.22,0.0,0.0,9.2,0.0,0.0,-3.04,0.0,0.0,22.46,0.0,0.0,-13.29,0.0,-0.004930111133333334,,0.323958071,3195.56777,0.436512905,0.546500183,167.785331,98.930765,83.8284088,5390.75432,99.99998999999998,100.0,False
2026-04-08 11:00:00,0.0,,98.77,104.1,100.99,80.0,80.0,,0.0,0.0,0.0,,0.0,0.0,0.0,0.0,0.0,0.0,0.5086499999999999,2.56,0.651072,0.0,1.42,0.0,0.0,2.08,0.0,0.0,4.68,0.0,0.0,1.32,0.0,0.0,18.21,0.0,0.0,-6.12,0.0,-0.004936194433333333,,0.323958071,3195.56777,0.43663801,0.546525311,167.785534,98.930765,83.8283478,5391.00218,99.99998999999998,100.0,False
2026-04-08 11:30:00,0.0,,98.77,95.73,89.99,78.0,78.0,,0.0,0.0,0.0,,0.0,0.0,0.0,0.0,0.0,0.0,0.06919,2.56,0.08856320000000001,0.0,1.42,0.0,0.0,2.08,0.0,0.0,4.68,0.0,0.0,1.32,0.0,0.0,18.21,0.0,0.0,-6.12,0.0,-0.004859916666666666,,0.323958071,3195.56777,0.436761181,0.546547126,167.785839,98.930765,83.8282912,5391.21737,99.99998999999998,100.0,False
2026-04-08 12:00:00,0.0,,91.0,97.47,93.1,78.0,78.0,,0.0,0.0,0.0,,0.0,0.0,0.0,0.0,0.0,0.0,0.04999,2.56,0.0639872,0.0,1.42,0.0,0.0,2.08,0.0,0.0,4.68,0.0,0.0,1.32,0.0,0.0,18.21,0.0,0.0,-6.12,0.0,-0.004872666666666667,,0.323958071,3195.56777,0.436884675,0.546568035,167.786092,98.930765,83.8282041,5391.42362,99.99998999999998,100.0,False
2026-04-08 12:30:00,0.0,,91.0,90.46,91.0,71.4,71.4,,0.0,0.0,0.0,,0.0,0.0,0.0,0.0,0.0,0.0,0.04924,2.56,0.0630272,0.0,1.42,0.0,0.0,2.08,0.0,0.0,4.68,0.0,0.0,1.32,0.0,0.0,18.21,0.0,0.0,-6.12,0.0,-0.0048962222000000005,,0.323958071,3195.56777,0.437008767,0.546592813,167.786497,98.930765,83.8281422,5391.66803,99.99998999999998,100.0,False
2026-04-08 13:00:00,-0.052,,90.0,95.36,90.1,73.05,73.05,,0.0,-3.7985999999999995,0.0,,0.0,0.0,0.0,0.0,0.0,0.0,0.12545,2.56,0.16057600000000002,0.0,1.42,0.0,0.0,2.08,0.0,0.0,4.68,0.0,0.0,1.32,0.0,0.0,18.21,0.0,0.0,-6.12,0.0,-0.005025111133333334,,0.323958071,3195.56777,0.437136126,0.546616675,167.786649,98.930765,83.8280776,5391.90341,99.99998999999998,100.0,False
2026-04-08 13:30:00,-1.991,,90.0,88.37,89.49,59.4,59.4,,0.5345999999999939,0.0,0.0,,0.0,0.0,-4.0,-176.74,0.0,0.0,0.04803,2.56,0.0614784,0.0,1.42,0.0,0.0,2.08,0.0,0.0,4.68,0.0,0.0,1.32,0.0,0.0,18.21,0.0,0.0,-6.12,0.0,-0.1243045278,,0.33015095,3256.65519,0.44028654,0.546632387,167.790045,98.930765,83.8279246,5392.05839,99.99998999999998,100.0,False
2026-04-08 14:00:00,-2.004,,89.7,86.46,89.49,80.0,80.0,,-0.3200000000000003,0.0,0.0,,0.0,0.0,-4.0,-172.92,0.0,0.0,7.4,2.56,9.472000000000001,0.0,1.42,0.0,0.0,2.08,0.0,0.0,4.68,0.0,0.0,1.32,0.0,0.0,18.21,0.0,0.0,-6.12,0.0,-3.9761718333333333,,0.533006584,5257.65157,0.541059943,0.546632387,167.89122,98.930765,83.7529044,5392.05839,99.99998999999998,100.0,False
2026-04-08 14:30:00,-1.98,,89.7,86.1,89.84,119.6,119.6,,2.392000000000002,0.0,0.0,,0.0,0.0,-4.0,-172.2,0.0,0.0,7.4,2.56,9.472000000000001,0.0,1.42,0.0,0.0,2.08,0.0,0.0,4.68,0.0,0.0,1.32,0.0,0.0,18.21,0.0,0.0,-6.12,0.0,-3.976900433333333,,0.735963747,7259.64944,0.641851812,0.546632387,167.992446,98.930765,83.6659968,5392.05839,99.99998999999998,100.0,False
2026-04-08 15:00:00,-1.179,,87.6,86.1,88.4,73.05,73.05,,1.5340499999999933,0.0,0.0,,0.0,0.0,-2.4,-103.32,0.0,0.0,0.0991,6,0.2973,0.0,3.53,0.0,0.0,0.95,0.0,0.0,9.17,0.0,0.0,-0.53,0.0,0.0,18.42,0.0,0.0,-5.76,0.0,-3.929129833333333,,0.936402184,9236.80224,0.741432968,0.546632387,168.092302,98.930765,83.5792823,5392.05839,99.99998999999998,100.0,False
2026-04-08 15:30:00,0.0,,87.6,87.05,94.4,75.0,75.0,,0.0,0.0,0.0,,0.0,0.0,0.0,0.0,0.0,0.0,0.83197,6,2.49591,0.0,3.53,0.0,0.0,0.95,0.0,0.0,9.17,0.0,0.0,-0.53,0.0,0.0,18.42,0.0,0.0,-5.76,0.0,-2.328369133333333,,1.05451953,10401.9283,0.800443919,0.546632387,168.151557,98.930765,83.5225822,5392.05839,99.99998999999998,100.0,False
2026-04-08 16:00:00,0.0,,95.73,93.01,97.5,78.0,78.0,,0.0,0.0,0.0,,0.0,0.0,0.0,0.0,0.0,0.0,1.57412,6,4.72236,0.0,3.53,0.0,0.0,0.95,0.0,0.0,9.17,0.0,0.0,-0.53,0.0,0.0,18.42,0.0,0.0,-5.76,0.0,-0.0049208055,,1.05451953,10401.9283,0.800568633,0.546679229,168.151861,98.930765,83.5153267,5392.52045,99.99998999999998,100.0,False
2026-04-08 16:30:00,0.0,,95.73,102.1,101.0,147.9,147.9,,0.0,0.0,0.0,,0.0,0.0,0.0,0.0,0.0,0.0,2.54135,6,7.62405,0.0,3.53,0.0,0.0,0.95,0.0,0.0,9.17,0.0,0.0,-0.53,0.0,0.0,18.42,0.0,0.0,-5.76,0.0,-0.0049078055333333336,,1.05451953,10401.9283,0.800693019,0.546730132,168.152114,98.930765,83.5152533,5393.02256,99.99998999999998,100.0,False
2026-04-08 17:00:00,0.0,,115.06,108.2,107.0,147.9,147.9,,0.0,0.0,0.0,,0.0,0.0,0.0,0.0,0.0,0.0,3.90714,6,11.72142,0.0,3.53,0.0,0.0,0.95,0.0,0.0,9.17,0.0,0.0,-0.53,0.0,0.0,18.42,0.0,0.0,-5.76,0.0,-0.004911027833333334,,1.05451953,10401.9283,0.800817483,0.546789249,168.152368,98.930765,83.5151842,5393.6057,99.99998999999998,100.0,False
2026-04-08 17:30:00,0.081,,115.06,130.0,130.0,86.13,86.13,,0.0,6.9765299999999995,0.0,,0.0,0.0,0.0,0.0,0.0,0.0,4.41422,6,13.24266,0.0,3.53,0.0,0.0,0.95,0.0,0.0,9.17,0.0,0.0,-0.53,0.0,0.0,18.42,0.0,0.0,-5.76,0.0,-0.0049074723,,1.05451953,10401.9283,0.800941864,0.546847285,168.152672,98.930765,83.5151193,5394.17818,99.99998999999998,100.0,False
2026-04-08 18:00:00,3.015,,141.61,146.79,145.72,97.24,97.24,,16.044600000000003,0.0,0.0,,0.0,0.0,5.7,418.3515,0.0,0.0,5.37449,6,16.123469999999998,0.0,3.53,0.0,0.0,0.95,0.0,0.0,9.17,0.0,0.0,-0.53,0.0,0.0,18.42,0.0,0.0,-5.76,0.0,0.17197217006666665,,1.05451953,10401.9283,0.805469206,0.55602034,168.157386,98.930765,83.5152623,5484.66248,99.99998999999998,100.0,False
2026-04-08 18:30:00,3.412,,141.61,156.29,153.08,93.85,93.85,,5.818699999999984,0.0,0.0,,0.0,0.0,6.7,523.5715,0.0,0.0,6.00222,6,18.00666,0.0,3.53,0.0,0.0,0.95,0.0,0.0,9.17,0.0,0.0,-0.53,0.0,0.0,18.42,0.0,0.0,-5.76,0.0,5.7055646,,1.05451953,10401.9283,0.950072906,0.846555359,168.30266,98.930765,83.6425542,8350.54058,99.99998999999998,100.0,False
2026-04-08 19:00:00,0.0,,145.5,147.03,146.0,147.9,147.9,,0.0,0.0,0.0,,0.0,0.0,0.0,0.0,0.0,0.0,6.63438,5.82,19.3060458,0.0,4.02,0.0,0.0,-0.01,0.0,0.0,9.77,0.0,0.0,-2.03,0.0,0.0,23.3,0.0,0.0,-13.58,0.0,6.4716593,,1.05451953,10401.9283,1.11409276,1.17603851,168.467246,98.930765,83.8120428,11600.6085,99.99998999999998,100.0,False
2026-04-08 19:30:00,0.0,,145.5,146.96,147.87,92.58,92.58,,0.0,0.0,0.0,,0.0,0.0,0.0,0.0,0.0,0.0,7.21273,5.82,20.9890443,0.0,4.02,0.0,0.0,-0.01,0.0,0.0,9.77,0.0,0.0,-2.03,0.0,0.0,23.3,0.0,0.0,-13.58,0.0,-0.004942722233333334,,1.05451953,10401.9283,1.11421803,1.17610477,168.467449,98.930765,83.8361195,11601.2621,99.99998999999998,100.0,False
2026-04-08 20:00:00,0.0,,130.5,136.46,134.33,80.0,80.0,,0.0,0.0,0.0,,0.0,0.0,0.0,0.0,0.0,0.0,7.45718,5.82,21.7003938,0.0,4.02,0.0,0.0,-0.01,0.0,0.0,9.77,0.0,0.0,-2.03,0.0,0.0,23.3,0.0,0.0,-13.58,0.0,-0.004957999966666667,,1.05451953,10401.9283,1.11434369,1.17615809,168.467702,98.930765,83.836064,11601.7881,99.99998999999998,100.0,False
2026-04-08 20:30:00,0.0,,130.5,133.01,128.3,60.94,60.94,,0.0,0.0,0.0,,0.0,0.0,0.0,0.0,0.0,0.0,7.3298000000000005,5.82,21.329718000000003,0.0,4.02,0.0,0.0,-0.01,0.0,0.0,9.77,0.0,0.0,-2.03,0.0,0.0,23.3,0.0,0.0,-13.58,0.0,-0.0050050555,,1.05451953,10401.9283,1.11447054,1.17621854,168.467956,98.930765,83.8359919,11602.3843,99.99998999999998,100.0,False
2026-04-08 21:00:00,0.0,,116.75,126.12,125.0,20.0,20.0,,0.0,0.0,0.0,,0.0,0.0,0.0,0.0,0.0,0.0,7.48489,5.82,21.7810299,0.0,4.02,0.0,0.0,-0.01,0.0,0.0,9.77,0.0,0.0,-2.03,0.0,0.0,23.3,0.0,0.0,-13.58,0.0,-0.005016083300000001,,1.05451953,10401.9283,1.11459767,1.17628159,168.468159,98.930765,83.8358843,11603.0063,99.99998999999998,100.0,False
2026-04-08 21:30:00,0.0,,116.75,105.08,105.0,80.2,80.2,,0.0,0.0,0.0,,0.0,0.0,0.0,0.0,0.0,0.0,7.3455699999999995,5.82,21.3756087,0.0,4.02,0.0,0.0,-0.01,0.0,0.0,9.77,0.0,0.0,-2.03,0.0,0.0,23.3,0.0,0.0,-13.58,0.0,-0.005008111,,1.05451953,10401.9283,1.11472459,1.17634068,168.468412,98.930765,83.8357897,11603.5892,99.99998999999998,100.0,False
2026-04-08 22:00:00,-0.022,,107.99,107.73,107.0,80.2,80.2,,0.0,-1.7644,0.0,,0.0,0.0,0.0,0.0,0.0,0.0,7.16095,5.82,20.8383645,0.0,4.02,0.0,0.0,-0.01,0.0,0.0,9.77,0.0,0.0,-2.03,0.0,0.0,23.3,0.0,0.0,-13.58,0.0,-0.004997666666666667,,1.05451953,10401.9283,1.11485126,1.17639974,168.468615,98.930765,83.8357117,11604.1717,99.99998999999998,100.0,False
2026-04-08 22:30:00,-0.905,,107.99,99.82,100.98,101.79,101.79,,-0.5089500000000005,0.0,0.0,,-1.8,-90.882,0.0,0.0,0.0,0.0,7.40654,5.82,21.553031400000002,0.0,4.02,0.0,0.0,-0.01,0.0,0.0,9.77,0.0,0.0,-2.03,0.0,0.0,23.3,0.0,0.0,-13.58,0.0,-0.056845307233333336,,1.05718256,10428.1968,1.11629196,1.17643782,168.470186,98.930765,83.8355729,11604.5474,99.99998999999998,100.0,False
2026-04-08 23:00:00,0.0,,97.95,102.1,97.21,80.2,80.2,,0.0,0.0,0.0,,0.0,0.0,0.0,0.0,0.0,0.0,7.46991,1.69,6.312073949999999,0.0,0.45,0.0,0.0,1.65,0.0,0.0,3.92,0.0,0.0,0.44,0.0,0.0,15.94,0.0,0.0,-9.24,0.0,-1.75773432,,1.14592815,11303.5957,1.16084056,1.17643782,168.514944,98.930765,83.8018627,11604.5474,99.99998999999998,100.0,False
2026-04-08 23:30:00,0.0,,97.95,92.7,88.0,80.2,80.2,,0.0,0.0,0.0,,0.0,0.0,0.0,0.0,0.0,0.0,7.38637,1.69,6.24148265,0.0,0.45,0.0,0.0,1.65,0.0,0.0,3.92,0.0,0.0,0.44,0.0,0.0,15.94,0.0,0.0,-9.24,0.0,-0.004961833233333334,,1.14592815,11303.5957,1.16096631,1.17648692,168.515147,98.930765,83.7964343,11605.0317,99.99998999999998,100.0,False
2026-04-09 00:00:00,0.0,,93.0,90.91,90.7,75.0,75.0,,0.0,0.0,0.0,,0.0,0.0,0.0,0.0,0.0,0.0,7.4085600000000005,1.69,6.2602332,0.0,0.45,0.0,0.0,1.65,0.0,0.0,3.92,0.0,0.0,0.44,0.0,0.0,15.94,0.0,0.0,-9.24,0.0,-0.004986805600000001,,1.14592815,11303.5957,1.1610927,1.17653884,168.51535,98.930765,83.7963563,11605.5438,99.99998999999998,100.0,False
2026-04-09 00:30:00,0.0,,93.0,88.5,88.2,70.63,70.63,,0.0,0.0,0.0,,0.0,0.0,0.0,0.0,0.0,0.0,7.39398,1.69,6.2479131,0.0,0.45,0.0,0.0,1.65,0.0,0.0,3.92,0.0,0.0,0.44,0.0,0.0,15.94,0.0,0.0,-9.24,0.0,-0.004960833300000001,,0.0,0.0,0.000125728986,4.31273473e-05,168.515603,98.930765,83.796261,0.425414192,99.99998999999998,100.0,False
2026-04-09 01:00:00,0.0,,91.57,89.31,87.06,70.5,70.5,,0.0,0.0,0.0,,0.0,0.0,0.0,0.0,0.0,0.0,7.33817,1.69,6.200753649999999,0.0,0.45,0.0,0.0,1.65,0.0,0.0,3.92,0.0,0.0,0.44,0.0,0.0,15.94,0.0,0.0,-9.24,0.0,-0.004976999966666667,,0.0,0.0,0.000251867707,8.77900443e-05,168.515805,98.930765,83.7961751,0.865973288,99.99998999999998,100.0,False
2026-04-09 01:30:00,0.0,,91.57,88.87,88.1,70.84,70.84,,0.0,0.0,0.0,,0.0,0.0,0.0,0.0,0.0,0.0,7.39633,1.69,6.24989885,0.0,0.45,0.0,0.0,1.65,0.0,0.0,3.92,0.0,0.0,0.44,0.0,0.0,15.94,0.0,0.0,-9.24,0.0,-0.0050264167,,0.0,0.0,0.000379258861,0.000130081631,168.516059,98.930765,83.7960893,1.28314342,99.99998999999998,100.0,False
2026-04-09 02:00:00,0.0,,92.21,88.31,88.0,70.32,70.32,,0.0,0.0,0.0,,0.0,0.0,0.0,0.0,0.0,0.0,7.39274,1.69,6.2468653,0.0,0.45,0.0,0.0,1.65,0.0,0.0,3.92,0.0,0.0,0.44,0.0,0.0,15.94,0.0,0.0,-9.24,0.0,-0.005007916733333334,,0.0,0.0,0.000506181145,0.000169096707,168.516364,98.930765,83.796,1.66799359,99.99998999999998,100.0,False
2026-04-09 02:30:00,0.0,,92.21,86.4,83.2,75.0,75.0,,0.0,0.0,0.0,,0.0,0.0,0.0,0.0,0.0,0.0,7.22317,1.69,6.103578649999999,0.0,0.45,0.0,0.0,1.65,0.0,0.0,3.92,0.0,0.0,0.44,0.0,0.0,15.94,0.0,0.0,-9.24,0.0,-0.005022055466666667,,0.0,0.0,0.000633461765,0.000214397567,168.516515,98.930765,83.7959365,2.11484762,99.99998999999998,100.0,False
2026-04-09 03:00:00,0.0,,92.0,89.13,83.9,80.01,80.01,,0.0,0.0,0.0,,0.0,0.0,0.0,0.0,0.0,0.0,7.0710500000000005,1.66,5.8689715,0.0,1.99,0.0,0.0,1.2,0.0,0.0,7.27,0.0,0.0,-0.09,0.0,0.0,21.84,0.0,0.0,-9.25,0.0,-0.005025277666666667,,0.0,0.0,0.00076082405,0.000260086755,168.516819,98.930765,83.7958627,2.56553216,99.99998999999998,100.0,False
2026-04-09 03:30:00,0.0,,92.0,86.0,82.0,80.2,80.2,,0.0,0.0,0.0,,0.0,0.0,0.0,0.0,0.0,0.0,7.16278,1.66,5.9451073999999995,0.0,1.99,0.0,0.0,1.2,0.0,0.0,7.27,0.0,0.0,-0.09,0.0,0.0,21.84,0.0,0.0,-9.25,0.0,-0.005060583366666667,,0.0,0.0,0.000889081135,0.000305875926,168.517022,98.930765,83.7957604,3.01720296,99.99998999999998,100.0,False
2026-04-09 04:00:00,0.0,,91.9,92.1,83.15,80.25,80.25,,0.0,0.0,0.0,,0.0,0.0,0.0,0.0,0.0,0.0,7.414140000000001,1.66,6.1537362,0.0,1.99,0.0,0.0,1.2,0.0,0.0,7.27,0.0,0.0,-0.09,0.0,0.0,21.84,0.0,0.0,-9.25,0.0,-0.0050571388666666665,,0.0,0.0,0.00101725092,0.000351089801,168.517326,98.930765,83.7956771,3.46319895,99.99998999999998,100.0,False
2026-04-09 04:30:00,0.0,,91.9,92.72,82.5,80.25,80.25,,0.0,0.0,0.0,,0.0,0.0,0.0,0.0,0.0,0.0,7.47022,1.66,6.2002825999999995,0.0,1.99,0.0,0.0,1.2,0.0,0.0,7.27,0.0,0.0,-0.09,0.0,0.0,21.84,0.0,0.0,-9.25,0.0,-0.0050426111,,0.0,0.0,0.00114505252,0.000393560496,168.517529,98.930765,83.7955834,3.88213583,99.99998999999998,100.0,False
2026-04-09 05:00:00,0.0,,104.27,95.25,97.77,90.3,90.3,,0.0,0.0,0.0,,0.0,0.0,0.0,0.0,0.0,0.0,7.1071800000000005,1.66,5.8989594,0.0,1.99,0.0,0.0,1.2,0.0,0.0,7.27,0.0,0.0,-0.09,0.0,0.0,21.84,0.0,0.0,-9.25,0.0,-0.005049861133333333,,0.0,0.0,0.00127303785,0.00043882922,168.517833,98.930765,83.7955114,4.32867286,99.99998999999998,100.0,False
2026-04-09 05:30:00,0.0,,104.27,101.0,103.53,86.52,86.52,,0.0,0.0,0.0,,0.0,0.0,0.0,0.0,0.0,0.0,7.29775,1.66,6.0571325,0.0,1.99,0.0,0.0,1.2,0.0,0.0,7.27,0.0,0.0,-0.09,0.0,0.0,21.84,0.0,0.0,-9.25,0.0,-0.0050685556,,0.0,0.0,0.00140149699,0.000481172516,168.517986,98.930765,83.7954308,4.74635306,99.99998999999998,100.0,False
2026-04-09 06:00:00,0.0,,115.3,112.8,106.53,88.64,88.64,,0.0,0.0,0.0,,0.0,0.0,0.0,0.0,0.0,0.0,7.367229999999999,1.66,6.114800899999999,0.0,1.99,0.0,0.0,1.2,0.0,0.0,7.27,0.0,0.0,-0.09,0.0,0.0,21.84,0.0,0.0,-9.25,0.0,-0.0050114721999999995,,0.0,0.0,0.00152850938,0.000524655414,168.518341,98.930765,83.7953501,5.17527446,99.99998999999998,100.0,False
2026-04-09 06:30:00,0.0,,115.3,115.0,114.61,89.65,89.65,,0.0,0.0,0.0,,0.0,0.0,0.0,0.0,0.0,0.0,7.40251,1.66,6.1440833,0.0,1.99,0.0,0.0,1.2,0.0,0.0,7.27,0.0,0.0,-0.09,0.0,0.0,21.84,0.0,0.0,-9.25,0.0,-0.005012083366666667,,0.0,0.0,0.00165553727,0.000574757141,168.518493,98.930765,83.7952738,5.6694849,99.99998999999998,100.0,False
2026-04-09 07:00:00,0.0,,117.42,113.53,104.71,80.0,80.0,,0.0,0.0,0.0,,0.0,0.0,0.0,0.0,0.0,0.0,7.14645,4.21,15.04327725,0.0,2.84,0.0,0.0,0.29,0.0,0.0,7.95,0.0,0.0,-2.31,0.0,0.0,21.44,0.0,0.0,-10.27,0.0,-0.005027222266666667,,0.0,0.0,0.00178294884,0.000624624774,168.518695,98.930765,83.7952148,6.16138622,99.99998999999998,100.0,False
2026-04-09 07:30:00,0.0,,117.42,115.0,112.2,75.0,75.0,,0.0,0.0,0.0,,0.0,0.0,0.0,0.0,0.0,0.0,6.8357,4.21,14.3891485,0.0,2.84,0.0,0.0,0.29,0.0,0.0,7.95,0.0,0.0,-2.31,0.0,0.0,21.44,0.0,0.0,-10.27,0.0,-0.0050303334,,0.0,0.0,0.00191043926,0.000663272193,168.518898,98.930765,83.795161,6.54260977,99.99998999999998,100.0,False
2026-04-09 08:00:00,0.0,,114.0,114.41,104.0,80.2,80.2,,0.0,0.0,0.0,,0.0,0.0,0.0,0.0,0.0,0.0,5.98084,4.21,12.589668199999998,0.0,2.84,0.0,0.0,0.29,0.0,0.0,7.95,0.0,0.0,-2.31,0.0,0.0,21.44,0.0,0.0,-10.27,0.0,-0.005010777833333334,,0.0,0.0,0.00203743405,0.000705019613,168.519152,98.930765,83.7951055,6.95441217,99.99998999999998,100.0,False
2026-04-09 08:30:00,0.0,,114.0,111.4,108.89,122.82,122.82,,0.0,0.0,0.0,,0.0,0.0,0.0,0.0,0.0,0.0,4.66017,4.21,9.809657849999999,0.0,2.84,0.0,0.0,0.29,0.0,0.0,7.95,0.0,0.0,-2.31,0.0,0.0,21.44,0.0,0.0,-10.27,0.0,-0.0049982777,,0.0,0.0,0.00216411204,0.000754636718,168.519405,98.930765,83.795069,7.44384224,99.99998999999998,100.0,False
2026-04-09 09:00:00,0.0,,107.8,102.8,103.82,143.0,143.0,,0.0,0.0,0.0,,0.0,0.0,0.0,0.0,0.0,0.0,4.407520000000001,4.21,9.277829600000002,0.0,2.84,0.0,0.0,0.29,0.0,0.0,7.95,0.0,0.0,-2.31,0.0,0.0,21.44,0.0,0.0,-10.27,0.0,-0.004925666666666666,,0.0,0.0,0.00228894975,0.000809800987,168.519709,98.930765,83.7950178,7.98799031,99.99998999999998,100.0,False
2026-04-09 09:30:00,0.0,,107.8,90.2,94.9,137.5,137.5,,0.0,0.0,0.0,,0.0,0.0,0.0,0.0,0.0,0.0,3.91962,4.21,8.2508001,0.0,2.84,0.0,0.0,0.29,0.0,0.0,7.95,0.0,0.0,-2.31,0.0,0.0,21.44,0.0,0.0,-10.27,0.0,-0.004913305466666667,,0.0,0.0,0.00241347418,0.000865917433,168.519861,98.930765,83.7949572,8.54153079,99.99998999999998,100.0,False
2026-04-09 10:00:00,0.0,,99.0,98.04,94.0,132.5,132.5,,0.0,0.0,0.0,,0.0,0.0,0.0,0.0,0.0,0.0,2.42138,4.21,5.0970049,0.0,2.84,0.0,0.0,0.29,0.0,0.0,7.95,0.0,0.0,-2.31,0.0,0.0,21.44,0.0,0.0,-10.27,0.0,-0.004954000066666667,,0.0,0.0,0.00253902998,0.000918780834,168.520266,98.930765,83.7948878,9.06298278,99.99998999999998,100.0,False
2026-04-09 10:30:00,0.0,,99.0,96.06,93.48,122.4,122.4,,0.0,0.0,0.0,,0.0,0.0,0.0,0.0,0.0,0.0,1.26278,4.21,2.6581519,0.0,2.84,0.0,0.0,0.29,0.0,0.0,7.95,0.0,0.0,-2.31,0.0,0.0,21.44,0.0,0.0,-10.27,0.0,-0.0049182222,,0.0,0.0,0.00266367902,0.000959334835,168.520469,98.930765,83.7948072,9.46301312,99.99998999999998,100.0,False
2026-04-09 11:00:00,0.0,,95.58,93.71,91.36,119.96,119.96,,0.0,0.0,0.0,,0.0,0.0,0.0,0.0,0.0,0.0,1.23374,2.56,1.5791872,0.0,2.2,0.0,0.0,2.46,0.0,0.0,6.27,0.0,0.0,0.89,0.0,0.0,15.91,0.0,0.0,-5.5,0.0,-0.005010333266666667,,0.0,0.0,0.00279066255,0.00100099379,168.520773,98.930765,83.7947292,9.87394287,99.99998999999998,100.0,False
2026-04-09 11:30:00,0.0,,95.58,85.02,83.14,132.5,132.5,,0.0,0.0,0.0,,0.0,0.0,0.0,0.0,0.0,0.0,0.9220900000000001,2.56,1.1802752,0.0,2.2,0.0,0.0,2.46,0.0,0.0,6.27,0.0,0.0,0.89,0.0,0.0,15.91,0.0,0.0,-5.5,0.0,-0.005384250033333334,,1.04736475e-05,0.103313525,0.00292712275,0.00103136178,168.520976,98.930765,83.794658,10.173497,99.99998999999998,100.0,False
2026-04-09 12:00:00,0.0,,85.95,78.1,78.3,116.45,116.45,,0.0,0.0,0.0,,0.0,0.0,0.0,0.0,0.0,0.0,3.1904299999999997,2.56,4.0837504,0.0,2.2,0.0,0.0,2.46,0.0,0.0,6.27,0.0,0.0,0.89,0.0,0.0,15.91,0.0,0.0,-5.5,0.0,-0.004899333400000001,,1.04736475e-05,0.103313525,0.00305129306,0.00108129906,168.521382,98.930765,83.794567,10.6660853,99.99998999999998,100.0,False
2026-04-09 12:30:00,0.0,,85.95,64.15,68.0,117.75,117.75,,0.0,0.0,0.0,,0.0,0.0,0.0,0.0,0.0,0.0,3.03835,2.56,3.889088,0.0,2.2,0.0,0.0,2.46,0.0,0.0,6.27,0.0,0.0,0.89,0.0,0.0,15.91,0.0,0.0,-5.5,0.0,-0.004912916733333333,,1.04736475e-05,0.103313525,0.00317580763,0.00113986205,168.521534,98.930765,83.7944934,11.2437588,99.99998999999998,100.0,False
2026-04-09 13:00:00,0.0,,69.0,62.37,63.68,113.95,113.95,,0.0,0.0,0.0,,0.0,0.0,0.0,0.0,0.0,0.0,1.3124200000000001,2.56,1.6798976000000003,0.0,2.2,0.0,0.0,2.46,0.0,0.0,6.27,0.0,0.0,0.89,0.0,0.0,15.91,0.0,0.0,-5.5,0.0,-0.004974083266666667,,1.04736475e-05,0.103313525,0.00330187243,0.00119664931,168.521888,98.930765,83.7944292,11.8039163,99.99998999999998,100.0,False
2026-04-09 13:30:00,0.0,,69.0,44.0,50.45,113.5,113.5,,0.0,0.0,0.0,,0.0,0.0,0.0,0.0,0.0,0.0,2.26512,2.56,2.8993536,0.0,2.2,0.0,0.0,2.46,0.0,0.0,6.27,0.0,0.0,0.89,0.0,0.0,15.91,0.0,0.0,-5.5,0.0,-0.0049330278,,1.04736475e-05,0.103313525,0.00342689671,0.00125319471,168.522091,98.930765,83.7943659,12.3616881,99.99998999999998,100.0,False
2026-04-09 14:00:00,0.0,,57.5,45.49,51.26,113.0,113.0,,0.0,0.0,0.0,,0.0,0.0,0.0,0.0,0.0,0.0,3.0812199999999996,2.56,3.9439615999999997,0.0,2.2,0.0,0.0,2.46,0.0,0.0,6.27,0.0,0.0,0.89,0.0,0.0,15.91,0.0,0.0,-5.5,0.0,-0.004918500033333333,,1.04736475e-05,0.103313525,0.00355155278,0.00130910216,168.522446,98.930765,83.7942836,12.913167,99.99998999999998,100.0,False
2026-04-09 14:30:00,0.0,,57.5,40.14,49.0,112.95,112.95,,0.0,0.0,0.0,,0.0,0.0,0.0,0.0,0.0,0.0,3.59149,2.56,4.5971072,0.0,2.2,0.0,0.0,2.46,0.0,0.0,6.27,0.0,0.0,0.89,0.0,0.0,15.91,0.0,0.0,-5.5,0.0,-0.0048697222333333335,,1.04736475e-05,0.103313525,0.00367497262,0.0013634033,168.522599,98.930765,83.7942107,13.448801,99.99998999999998,100.0,False
2026-04-09 15:00:00,0.0,,53.03,37.52,49.75,113.9,113.9,,0.0,0.0,0.0,,0.0,0.0,0.0,0.0,0.0,0.0,4.9676800000000005,6.09,15.126585600000002,0.0,2.05,0.0,0.0,4.43,0.0,0.0,4.04,0.0,0.0,3.84,0.0,0.0,13.27,0.0,0.0,0.08,0.0,-0.004925805533333333,,1.04736475e-05,0.103313525,0.00379981386,0.00142153213,168.523004,98.930765,83.7941371,14.0221919,99.99998999999998,100.0,False
2026-04-09 15:30:00,0.0,,53.03,40.33,56.0,120.0,120.0,,0.0,0.0,0.0,,0.0,0.0,0.0,0.0,0.0,0.0,5.785010000000001,6.09,17.615355450000003,0.0,2.05,0.0,0.0,4.43,0.0,0.0,4.04,0.0,0.0,3.84,0.0,0.0,13.27,0.0,0.0,0.08,0.0,-0.004960944433333334,,1.04736475e-05,0.103313525,0.00392554566,0.00148261581,168.523105,98.930765,83.7940677,14.6247299,99.99998999999998,100.0,False
2026-04-09 16:00:00,0.0,,62.96,53.02,59.2,125.5,125.5,,0.0,0.0,0.0,,0.0,0.0,0.0,0.0,0.0,0.0,6.152489999999999,6.09,18.73433205,0.0,2.05,0.0,0.0,4.43,0.0,0.0,4.04,0.0,0.0,3.84,0.0,0.0,13.27,0.0,0.0,0.08,0.0,-0.004968555466666667,,1.04736475e-05,0.103313525,0.00405147036,0.0015417277,168.52346,98.930765,83.7940079,15.2078179,99.99998999999998,100.0,False
2026-04-09 16:30:00,0.0,,62.96,66.83,70.0,143.85,143.85,,0.0,0.0,0.0,,0.0,0.0,0.0,0.0,0.0,0.0,6.15292,6.09,18.7356414,0.0,2.05,0.0,0.0,4.43,0.0,0.0,4.04,0.0,0.0,3.84,0.0,0.0,13.27,0.0,0.0,0.08,0.0,-0.004975861166666667,,1.04736475e-05,0.103313525,0.00417758022,0.0016013576,168.523612,98.930765,83.7939567,15.7960156,99.99998999999998,100.0,False
2026-04-09 17:00:00,0.0,,85.76,70.7,79.6,135.0,135.0,,0.0,0.0,0.0,,0.0,0.0,0.0,0.0,0.0,0.0,6.28303,6.09,19.13182635,0.0,2.05,0.0,0.0,4.43,0.0,0.0,4.04,0.0,0.0,3.84,0.0,0.0,13.27,0.0,0.0,0.08,0.0,-0.004965666633333333,,1.04736475e-05,0.103313525,0.0043034317,0.00165735115,168.523815,98.930765,83.7939047,16.3483438,99.99998999999998,100.0,False
2026-04-09 17:30:00,0.0,,85.76,84.8,95.47,135.0,135.0,,0.0,0.0,0.0,,0.0,0.0,0.0,0.0,0.0,0.0,6.66557,6.09,20.29666065,0.0,2.05,0.0,0.0,4.43,0.0,0.0,4.04,0.0,0.0,3.84,0.0,0.0,13.27,0.0,0.0,0.08,0.0,-0.004939111166666667,,1.04736475e-05,0.103313525,0.00442861016,0.00170667204,168.524068,98.930765,83.7938596,16.8348519,99.99998999999998,100.0,False
2026-04-09 18:00:00,0.0,,100.0,90.0,91.46,137.0,137.0,,0.0,0.0,0.0,,0.0,0.0,0.0,0.0,0.0,0.0,7.29133,6.09,22.20209985,0.0,2.05,0.0,0.0,4.43,0.0,0.0,4.04,0.0,0.0,3.84,0.0,0.0,13.27,0.0,0.0,0.08,0.0,-0.005049583400000001,,1.04736475e-05,0.103313525,0.00455658845,0.00175913835,168.52422,98.930765,83.7938041,17.352387,99.99998999999998,100.0,False
2026-04-09 18:30:00,0.0,,100.0,97.2,97.5,128.76,128.76,,0.0,0.0,0.0,,0.0,0.0,0.0,0.0,0.0,0.0,7.30553,6.09,22.24533885,0.0,2.05,0.0,0.0,4.43,0.0,0.0,4.04,0.0,0.0,3.84,0.0,0.0,13.27,0.0,0.0,0.08,0.0,-0.0050838055,,1.04736475e-05,0.103313525,0.00468543409,0.00180929414,168.524524,98.930765,83.7937521,17.8471307,99.99998999999998,100.0,False
2026-04-09 19:00:00,0.0,,102.09,92.09,97.5,130.67,130.67,,0.0,0.0,0.0,,0.0,0.0,0.0,0.0,0.0,0.0,7.13617,5.25,18.73244625,0.0,4.82,0.0,0.0,-1.29,0.0,0.0,7.36,0.0,0.0,-1.72,0.0,0.0,14.97,0.0,0.0,-7.25,0.0,-0.005032916633333333,,1.04736475e-05,0.103313525,0.00481298997,0.00184837955,168.524676,98.930765,83.7937009,18.2326747,99.99998999999998,100.0,False
2026-04-09 19:30:00,0.0,,102.09,101.99,98.8,137.0,137.0,,0.0,0.0,0.0,,0.0,0.0,0.0,0.0,0.0,0.0,7.21911,5.25,18.950163749999998,0.0,4.82,0.0,0.0,-1.29,0.0,0.0,7.36,0.0,0.0,-1.72,0.0,0.0,14.97,0.0,0.0,-7.25,0.0,-0.005003083366666667,,1.04736475e-05,0.103313525,0.00493978976,0.00189661292,168.524879,98.930765,83.7936533,18.7084554,99.99998999999998,100.0,False
2026-04-09 20:00:00,0.0,,98.7,96.9,97.5,95.19,95.19,,0.0,0.0,0.0,,0.0,0.0,0.0,0.0,0.0,0.0,7.29542,5.25,19.1504775,0.0,4.82,0.0,0.0,-1.29,0.0,0.0,7.36,0.0,0.0,-1.72,0.0,0.0,14.97,0.0,0.0,-7.25,0.0,-0.005002611099999999,,1.04736475e-05,0.103313525,0.0050665776,0.00194149203,168.525082,98.930765,83.7936255,19.1511492,99.99998999999998,100.0,False
2026-04-09 20:30:00,0.0,,98.7,93.47,97.5,114.8,114.8,,0.0,0.0,0.0,,0.0,0.0,0.0,0.0,0.0,0.0,7.28083,5.25,19.112178749999998,0.0,4.82,0.0,0.0,-1.29,0.0,0.0,7.36,0.0,0.0,-1.72,0.0,0.0,14.97,0.0,0.0,-7.25,0.0,-0.005035055533333333,,1.04736475e-05,0.103313525,0.0051941877,0.00198857036,168.525284,98.930765,83.7935821,19.6155364,99.99998999999998,100.0,False
2026-04-09 21:00:00,0.0,,89.21,92.0,104.45,103.3,103.3,,0.0,0.0,0.0,,0.0,0.0,0.0,0.0,0.0,0.0,7.04294,5.25,18.4877175,0.0,4.82,0.0,0.0,-1.29,0.0,0.0,7.36,0.0,0.0,-1.72,0.0,0.0,14.97,0.0,0.0,-7.25,0.0,-0.005014555466666667,,1.04736475e-05,0.103313525,0.00532127825,0.0020278979,168.525487,98.930765,83.7935388,20.0034688,99.99998999999998,100.0,False
2026-04-09 21:30:00,0.0,,89.21,75.3,81.25,50.1,50.1,,0.0,0.0,0.0,,0.0,0.0,0.0,0.0,0.0,0.0,7.4058,5.25,19.440225,0.0,4.82,0.0,0.0,-1.29,0.0,0.0,7.36,0.0,0.0,-1.72,0.0,0.0,14.97,0.0,0.0,-7.25,0.0,-0.005062083233333333,,1.04736475e-05,0.103313525,0.0054495733,0.00205871127,168.52569,98.930765,83.7934738,20.3074162,99.99998999999998,100.0,False
2026-04-09 22:00:00,0.0,,70.0,74.0,80.0,49.27,49.27,,0.0,0.0,0.0,,0.0,0.0,0.0,0.0,0.0,0.0,7.29783,5.25,19.15680375,0.0,4.82,0.0,0.0,-1.29,0.0,0.0,7.36,0.0,0.0,-1.72,0.0,0.0,14.97,0.0,0.0,-7.25,0.0,-0.0050496945,,1.04736475e-05,0.103313525,0.00557755445,0.00208360597,168.525943,98.930765,83.7934097,20.552981,99.99998999999998,100.0,False
2026-04-09 22:30:00,0.0,,70.0,62.32,63.0,99.42,99.42,,0.0,0.0,0.0,,0.0,0.0,0.0,0.0,0.0,0.0,7.34177,5.25,19.272146250000002,0.0,4.82,0.0,0.0,-1.29,0.0,0.0,7.36,0.0,0.0,-1.72,0.0,0.0,14.97,0.0,0.0,-7.25,0.0,-0.005045500033333334,,1.04736475e-05,0.103313525,0.0057054292,0.00210710045,168.526197,98.930765,83.7933403,20.7847338,99.99998999999998,100.0,False
2026-04-09 23:00:00,-0.052,,55.99,61.99,65.0,93.46,93.46,,0.0,-4.85992,0.0,,0.0,0.0,0.0,0.0,0.0,0.0,7.24316,1.76,6.3739808,0.0,3.1,0.0,0.0,2.65,0.0,0.0,4.76,0.0,0.0,1.4,0.0,0.0,11.49,0.0,0.0,-0.78,0.0,-0.0050363889,,1.04736475e-05,0.103313525,0.00583307315,0.00213020244,168.526399,98.930765,83.793258,21.0126151,99.99998999999998,100.0,False
2026-04-09 23:30:00,-2.037,,55.99,57.27,63.0,87.04,87.04,,-3.2204799999999936,0.0,0.0,,-4.0,-126.0,0.0,0.0,0.0,0.0,7.2587,1.76,6.387656,0.0,3.1,0.0,0.0,2.65,0.0,0.0,4.76,0.0,0.0,1.4,0.0,0.0,11.49,0.0,0.0,-0.78,0.0,-0.12098433663333334,,0.00600350902,59.2194535,0.00889933985,0.00214295094,168.529745,98.930765,83.7930803,21.1383681,99.99998999999998,100.0,False
2026-04-10 00:00:00,-0.055,,52.59,60.01,63.0,60.97,60.97,,0.0,-3.35335,0.0,,0.0,0.0,0.0,0.0,0.0,0.0,7.47025,1.76,6.57382,0.0,3.1,0.0,0.0,2.65,0.0,0.0,4.76,0.0,0.0,1.4,0.0,0.0,11.49,0.0,0.0,-0.78,0.0,-3.850322766666667,,0.201192799,1984.59394,0.106483183,0.00214295094,168.627625,98.930765,83.7190249,21.1383681,99.99998999999998,100.0,False
2026-04-10 00:30:00,-2.003,,52.59,58.25,63.0,49.98,49.98,,-0.14994000000000568,0.0,0.0,,0.0,0.0,-4.0,-116.5,0.0,0.0,7.34314,1.76,6.4619632000000005,0.0,3.1,0.0,0.0,2.65,0.0,0.0,4.76,0.0,0.0,1.4,0.0,0.0,11.49,0.0,0.0,-0.78,0.0,-0.12603408556666665,,0.00624690546,61.62035,0.00319424921,7.94015528e-06,168.63097,98.930765,83.7070582,0.0783228033,99.99998999999998,100.0,False
2026-04-10 01:00:00,-0.049,,52.38,57.09,60.8,33.84,33.84,,0.033840000000001445,0.0,0.0,,-4.0,-121.6,3.9,111.3255,0.0,0.0,7.49283,1.76,6.5936904,0.0,3.1,0.0,0.0,2.65,0.0,0.0,4.76,0.0,0.0,1.4,0.0,0.0,11.49,0.0,0.0,-0.78,0.0,-3.8470339999999994,,0.201224655,1984.90817,0.100694741,7.94015528e-06,168.728799,98.930765,83.6333575,0.0783228033,99.99998999999998,100.0,False
2026-04-10 01:30:00,0.0,,52.38,57.04,62.36,37.8,37.8,,0.0,0.0,0.0,,0.0,0.0,0.0,0.0,0.0,0.0,7.405729999999999,1.76,6.517042399999999,0.0,3.1,0.0,0.0,2.65,0.0,0.0,4.76,0.0,0.0,1.4,0.0,0.0,11.49,0.0,0.0,-0.78,0.0,-0.10334333333333334,,0.206191067,2033.89755,0.103313908,7.94015528e-06,168.731435,98.930765,83.6198835,0.0783228033,99.99998999999998,100.0,False
2026-04-10 02:00:00,0.0,,54.01,58.7,60.0,13.02,13.02,,0.0,0.0,0.0,,0.0,0.0,0.0,0.0,0.0,0.0,7.4225200000000005,1.76,6.5318176,0.0,3.1,0.0,0.0,2.65,0.0,0.0,4.76,0.0,0.0,1.4,0.0,0.0,11.49,0.0,0.0,-0.78,0.0,-0.0050473333,,0.206191067,2033.89755,0.103441829,2.24981318e-05,168.731689,98.930765,83.6195779,0.221924722,99.99998999999998,100.0,False
2026-04-10 02:30:00,0.0,,54.01,57.43,60.0,11.09,11.09,,0.0,0.0,0.0,,0.0,0.0,0.0,0.0,0.0,0.0,7.26082,1.76,6.3895216,0.0,3.1,0.0,0.0,2.65,0.0,0.0,4.76,0.0,0.0,1.4,0.0,0.0,11.49,0.0,0.0,-0.78,0.0,-0.005109694433333333,,0.206191067,2033.89755,0.103571332,3.78714995e-05,168.731993,98.930765,83.6195175,0.373569773,99.99998999999998,100.0,False
2026-04-10 03:00:00,-0.043,,56.0,58.94,61.0,5.09,5.09,,0.0,-0.21886999999999998,0.0,,0.0,0.0,0.0,0.0,0.0,0.0,7.443560000000001,2.12,7.890173600000001,0.0,1.35,0.0,0.0,2.69,0.0,0.0,4.54,0.0,0.0,3.59,0.0,0.0,13.82,0.0,0.0,-0.2,0.0,-0.005048083266666667,,0.206191067,2033.89755,0.103699271,4.87761327e-05,168.732145,98.930765,83.6194485,0.481134602,99.99998999999998,100.0,False
2026-04-10 03:30:00,-1.669,,56.0,57.94,63.0,1.68,1.68,,-0.03192000000000021,0.0,0.0,,-3.3,-103.94999999999999,0.0,0.0,0.0,0.0,7.29971,2.12,7.737692600000001,0.0,1.35,0.0,0.0,2.69,0.0,0.0,4.54,0.0,0.0,3.59,0.0,0.0,13.82,0.0,0.0,-0.2,0.0,-0.10369839226666668,,0.211283966,2084.13462,0.106327437,5.75970407e-05,168.735034,98.930765,83.6192845,0.568145273,99.99998999999998,100.0,False
2026-04-10 04:00:00,0.0,,69.0,60.0,63.0,6.68,6.68,,0.0,0.0,0.0,,0.0,0.0,0.0,0.0,0.0,0.0,7.51388,2.12,7.964712800000001,0.0,1.35,0.0,0.0,2.69,0.0,0.0,4.54,0.0,0.0,3.59,0.0,0.0,13.82,0.0,0.0,-0.2,0.0,-3.213003133333333,,0.373849575,3687.70455,0.187758843,5.75970407e-05,168.816694,98.930765,83.5579561,0.568145273,99.99998999999998,100.0,False
2026-04-10 04:30:00,0.0,,69.0,66.0,63.0,5.21,5.21,,0.0,0.0,0.0,,0.0,0.0,0.0,0.0,0.0,0.0,7.32333,2.12,7.762729800000001,0.0,1.35,0.0,0.0,2.69,0.0,0.0,4.54,0.0,0.0,3.59,0.0,0.0,13.82,0.0,0.0,-0.2,0.0,-0.0050864722,,0.373849575,3687.70455,0.187887756,6.58453405e-05,168.816947,98.930765,83.5479833,0.649507657,99.99998999999998,99.97916666666667,False
2026-04-10 05:00:00,0.0,,83.04,81.95,83.9,108.0,108.0,,0.0,0.0,0.0,,0.0,0.0,0.0,0.0,0.0,0.0,7.48491,2.12,7.934004600000001,0.0,1.35,0.0,0.0,2.69,0.0,0.0,4.54,0.0,0.0,3.59,0.0,0.0,13.82,0.0,0.0,-0.2,0.0,-0.0050887778,,0.373849575,3687.70455,0.188016728,7.22751363e-05,168.817201,98.930765,83.5478972,0.712932063,99.99998999999998,100.0,False
2026-04-10 05:30:00,0.0,,83.04,85.99,87.51,60.11,60.11,,0.0,0.0,0.0,,0.0,0.0,0.0,0.0,0.0,0.0,7.34143,2.12,7.7819158,0.0,1.35,0.0,0.0,2.69,0.0,0.0,4.54,0.0,0.0,3.59,0.0,0.0,13.82,0.0,0.0,-0.2,0.0,-0.0051103888999999994,,0.373849575,3687.70455,0.188146248,8.27360913e-05,168.817403,98.930765,83.547811,0.816120388,99.99998999999998,100.0,False
2026-04-10 06:00:00,0.0,,105.0,96.0,98.39,118.0,118.0,,0.0,0.0,0.0,,0.0,0.0,0.0,0.0,0.0,0.0,7.2429,2.12,7.677474,0.0,1.35,0.0,0.0,2.69,0.0,0.0,4.54,0.0,0.0,3.59,0.0,0.0,13.82,0.0,0.0,-0.2,0.0,-0.005073499966666667,,0.373849575,3687.70455,0.188274832,9.5116155e-05,168.817657,98.930765,83.5477421,0.938239069,99.99998999999998,100.0,False
2026-04-10 06:30:00,0.0,,105.0,105.0,106.4,125.99,125.99,,0.0,0.0,0.0,,0.0,0.0,0.0,0.0,0.0,0.0,7.47319,2.12,7.9215814,0.0,1.35,0.0,0.0,2.69,0.0,0.0,4.54,0.0,0.0,3.59,0.0,0.0,13.82,0.0,0.0,-0.2,0.0,-0.005013305533333332,,0.373849575,3687.70455,0.188401891,0.000106437366,168.81791,98.930765,83.5476792,1.04991308,99.99998999999998,100.0,False
2026-04-10 07:00:00,0.0,,115.96,109.1,108.18,83.16,83.16,,0.0,0.0,0.0,,0.0,0.0,0.0,0.0,0.0,0.0,7.03162,7,24.61067,0.0,3.02,0.0,0.0,0.9,0.0,0.0,8.79,0.0,0.0,-1.61,0.0,0.0,19.7,0.0,0.0,-9.1,0.0,-0.005027555533333333,,0.373849575,3687.70455,0.18852931,0.000124014492,168.818113,98.930765,83.547606,1.22329631,99.99998999999998,100.0,False
2026-04-10 07:30:00,0.0,,115.96,124.0,120.0,84.29,84.29,,0.0,0.0,0.0,,0.0,0.0,0.0,0.0,0.0,0.0,6.9158599999999995,7,24.205509999999997,0.0,3.02,0.0,0.0,0.9,0.0,0.0,8.79,0.0,0.0,-1.61,0.0,0.0,19.7,0.0,0.0,-9.1,0.0,-0.0050889167,,0.373849575,3687.70455,0.188658286,0.000137205257,168.818316,98.930765,83.5475422,1.35341186,99.99998999999998,100.0,False
2026-04-10 08:00:00,0.05,,120.6,125.0,122.13,84.29,84.29,,0.0,4.2145,0.0,,0.0,0.0,0.0,0.0,0.0,0.0,6.22618,7,21.79163,0.0,3.02,0.0,0.0,0.9,0.0,0.0,8.79,0.0,0.0,-1.61,0.0,0.0,19.7,0.0,0.0,-9.1,0.0,-0.005043472266666667,,0.373849575,3687.70455,0.188786109,0.000151397073,168.818518,98.930765,83.5474776,1.49340192,99.99998999999998,100.0,False
2026-04-10 08:30:00,1.974,,120.6,125.0,123.5,84.29,84.29,,6.237460000000006,0.0,0.0,,0.0,0.0,3.8,237.5,0.0,0.0,5.4612799999999995,7,19.114479999999997,0.0,3.02,0.0,0.0,0.9,0.0,0.0,8.79,0.0,0.0,-1.61,0.0,0.0,19.7,0.0,0.0,-9.1,0.0,0.10708969786666667,,0.373849575,3687.70455,0.191668067,0.00593566316,168.821661,98.930765,83.5475419,58.5502124,99.99998999999998,100.0,False
2026-04-10 09:00:00,1.843,,120.0,126.0,126.0,80.3,80.3,,-24.652099999999994,0.0,0.0,,0.0,0.0,4.3,270.9,0.0,0.0,4.266979999999999,7,14.934429999999997,0.0,3.02,0.0,0.0,0.9,0.0,0.0,8.79,0.0,0.0,-1.61,0.0,0.0,19.7,0.0,0.0,-9.1,0.0,3.7443837,,0.373849575,3687.70455,0.286566955,0.195372136,168.917108,98.930765,83.6311413,1927.1781,99.99998999999998,100.0,False
2026-04-10 09:30:00,1.363,,120.0,124.53,116.89,84.29,84.29,,-19.97673000000001,0.0,0.0,,0.0,0.0,3.2,199.24800000000002,0.0,0.0,3.5898600000000003,7,12.56451,0.0,3.02,0.0,0.0,0.9,0.0,0.0,8.79,0.0,0.0,-1.61,0.0,0.0,19.7,0.0,0.0,-9.1,0.0,3.4790440666666664,,0.373849575,3687.70455,0.37474099,0.371451439,169.005661,98.930765,83.7261688,3664.049,99.99998999999998,100.0,False
2026-04-10 10:00:00,0.0,,112.54,117.19,114.61,80.5,80.5,,0.0,0.0,0.0,,0.0,0.0,0.0,0.0,0.0,0.0,2.59156,7,9.070459999999999,0.0,3.02,0.0,0.0,0.9,0.0,0.0,8.79,0.0,0.0,-1.61,0.0,0.0,19.7,0.0,0.0,-9.1,0.0,2.5591777333333336,,0.373849575,3687.70455,0.43960163,0.500913769,169.070695,98.930765,83.7949492,4941.08355,99.99998999999998,100.0,False
2026-04-10 10:30:00,0.0,,112.54,112.91,104.47,80.5,80.5,,0.0,0.0,0.0,,0.0,0.0,0.0,0.0,0.0,0.0,0.6693600000000001,7,2.34276,0.0,3.02,0.0,0.0,0.9,0.0,0.0,8.79,0.0,0.0,-1.61,0.0,0.0,19.7,0.0,0.0,-9.1,0.0,-0.00501275,,0.373849575,3687.70455,0.439728675,0.500942425,169.0711,98.930765,83.8020969,4941.36621,99.99998999999998,100.0,False
2026-04-10 11:00:00,0.0,,104.2,109.99,110.7,80.3,80.3,,0.0,0.0,0.0,,0.0,0.0,0.0,0.0,0.0,0.0,0.26756,2.83,0.37859740000000003,0.0,1.45,0.0,0.0,1.45,0.0,0.0,6.33,0.0,0.0,-1.06,0.0,0.0,18.52,0.0,0.0,-10.18,0.0,-0.005141638933333334,,0.373855801,3687.76596,0.439858986,0.500954915,169.071303,98.930765,83.8020537,4941.48942,99.99998999999998,100.0,False
2026-04-10 11:30:00,0.0,,104.2,103.33,100.23,80.3,80.3,,0.0,0.0,0.0,,0.0,0.0,0.0,0.0,0.0,0.0,0.39601,2.83,0.56035415,0.0,1.45,0.0,0.0,1.45,0.0,0.0,6.33,0.0,0.0,-1.06,0.0,0.0,18.52,0.0,0.0,-10.18,0.0,-0.0054786945,,0.373878992,3687.99472,0.43999784,0.500965723,169.071607,98.930765,83.8019845,4941.59603,99.99998999999998,100.0,False
2026-04-10 12:00:00,0.0,,99.8,101.92,103.08,80.25,80.25,,0.0,0.0,0.0,,0.0,0.0,0.0,0.0,0.0,0.0,0.46414,2.83,0.6567581,0.0,1.45,0.0,0.0,1.45,0.0,0.0,6.33,0.0,0.0,-1.06,0.0,0.0,18.52,0.0,0.0,-10.18,0.0,-0.005800888866666667,,0.373914431,3688.3443,0.440144859,0.500970577,169.071911,98.930765,83.8019241,4941.64391,99.99998999999998,100.0,False
2026-04-10 12:30:00,0.0,,99.8,93.53,97.14,80.2,80.2,,0.0,0.0,0.0,,0.0,0.0,0.0,0.0,0.0,0.0,0.43409,2.83,0.61423735,0.0,1.45,0.0,0.0,1.45,0.0,0.0,6.33,0.0,0.0,-1.06,0.0,0.0,18.52,0.0,0.0,-10.18,0.0,-0.0060770278333333325,,0.373959594,3688.78979,0.440298877,0.500973161,169.072164,98.930765,83.8018652,4941.6694,99.99998999999998,100.0,False
2026-04-10 13:00:00,-0.018,,92.31,92.75,94.7,76.0,76.0,,0.0,-1.3679999999999999,0.0,,0.0,0.0,0.0,0.0,0.0,0.0,0.21824000000000002,2.83,0.3088096,0.0,1.45,0.0,0.0,1.45,0.0,0.0,6.33,0.0,0.0,-1.06,0.0,0.0,18.52,0.0,0.0,-10.18,0.0,-0.0062049721333333335,,0.374007326,3689.26062,0.440456138,0.500973161,169.072519,98.930765,83.8017969,4941.6694,99.99998999999998,100.0,False
2026-04-10 13:30:00,-0.644,,92.31,89.74,90.22,61.72,61.72,,-2.7156800000000025,0.0,0.0,,-1.2,-54.132,0.0,0.0,0.0,0.0,1.4967300000000001,2.83,2.11787295,0.0,1.45,0.0,0.0,1.45,0.0,0.0,6.33,0.0,0.0,-1.06,0.0,0.0,18.52,0.0,0.0,-10.18,0.0,-0.04491336123333334,,0.376051032,3709.42003,0.441594437,0.500973161,169.073838,98.930765,83.8016768,4941.6694,99.99998999999998,100.0,False
2026-04-10 14:00:00,-2.035,,89.6,89.75,88.56,49.88,49.88,,-1.7458000000000071,0.0,0.0,,-4.0,-177.12,0.0,0.0,0.0,0.0,0.9677899999999999,2.83,1.3694228499999999,0.0,1.45,0.0,0.0,1.45,0.0,0.0,6.33,0.0,0.0,-1.06,0.0,0.0,18.52,0.0,0.0,-10.18,0.0,-1.2895648233333332,,0.441191911,4351.97878,0.474277592,0.500973161,169.106684,98.930765,83.7792451,4941.6694,99.99998999999998,100.0,False
2026-04-10 14:30:00,-1.979,,89.6,89.5,87.36,34.96,34.96,,0.7341599999999968,0.0,0.0,,-4.0,-174.72,0.0,0.0,0.0,0.0,0.72363,2.83,1.02393645,0.0,1.45,0.0,0.0,1.45,0.0,0.0,6.33,0.0,0.0,-1.06,0.0,0.0,18.52,0.0,0.0,-10.18,0.0,-3.989303566666667,,0.644097969,6353.47254,0.57538381,0.500973161,169.208263,98.930765,83.7012103,4941.6694,99.99998999999998,100.0,False
2026-04-10 15:00:00,-0.054,,90.68,92.0,92.0,26.15,26.15,,0.0,-1.4121,0.0,,-4.0,-184.0,4.0,184.0,0.0,0.0,2.11204,7.2,7.603344,0.0,3.26,0.0,0.0,0.43,0.0,0.0,7.98,0.0,0.0,-1.06,0.0,0.0,21.39,0.0,0.0,-9.91,0.0,-3.8653609,,0.84046109,8290.42586,0.673348784,0.500973161,169.306447,98.930765,83.6151427,4941.6694,99.99998999999998,100.0,False
2026-04-10 15:30:00,-2.021,,90.68,91.0,90.0,138.25,138.25,,-2.9032499999999875,0.0,0.0,,0.0,0.0,-4.0,-182.0,0.0,0.0,2.3978800000000002,7.2,8.632368000000001,0.0,3.26,0.0,0.0,0.43,0.0,0.0,7.98,0.0,0.0,-1.06,0.0,0.0,21.39,0.0,0.0,-9.91,0.0,-0.12636139116666664,,0.846739982,8352.36173,0.676551329,0.500984348,169.309843,98.930765,83.6031689,4941.77975,99.99998999999998,100.0,False
2026-04-10 16:00:00,0.0,,101.42,99.58,100.0,84.83,84.83,,0.0,0.0,0.0,,0.0,0.0,0.0,0.0,0.0,0.0,3.72337,7.2,13.404132,0.0,3.26,0.0,0.0,0.43,0.0,0.0,7.98,0.0,0.0,-1.06,0.0,0.0,21.39,0.0,0.0,-9.91,0.0,-3.877031,,1.04374557,10295.6524,0.77481207,0.500984348,169.408383,98.930765,83.5290931,4941.77975,99.99998999999998,100.0,False
2026-04-10 16:30:00,0.0,,101.42,105.19,110.0,142.9,142.9,,0.0,0.0,0.0,,0.0,0.0,0.0,0.0,0.0,0.0,4.543699999999999,7.2,16.357319999999998,0.0,3.26,0.0,0.0,0.43,0.0,0.0,7.98,0.0,0.0,-1.06,0.0,0.0,21.39,0.0,0.0,-9.91,0.0,-0.005032333366666667,,1.04374557,10295.6524,0.774939615,0.501017054,169.408686,98.930765,83.5170684,4942.10236,99.99998999999998,100.0,False
2026-04-10 17:00:00,0.0,,116.91,111.5,113.84,136.38,136.38,,0.0,0.0,0.0,,0.0,0.0,0.0,0.0,0.0,0.0,5.17525,7.2,18.6309,0.0,3.26,0.0,0.0,0.43,0.0,0.0,7.98,0.0,0.0,-1.06,0.0,0.0,21.39,0.0,0.0,-9.91,0.0,-0.004978166633333334,,1.04374557,10295.6524,0.775065785,0.501058275,169.408889,98.930765,83.5170083,4942.50897,99.99998999999998,100.0,False
2026-04-10 17:30:00,0.074,,116.91,108.99,114.09,136.38,136.38,,0.0,10.09212,0.0,,0.0,0.0,0.0,0.0,0.0,0.0,6.03146,7.2,21.713256,0.0,3.26,0.0,0.0,0.43,0.0,0.0,7.98,0.0,0.0,-1.06,0.0,0.0,21.39,0.0,0.0,-9.91,0.0,-0.004972166633333333,,1.04374557,10295.6524,0.7751918,0.501098392,169.409092,98.930765,83.5169577,4942.90469,99.99998999999998,100.0,False
2026-04-10 18:00:00,2.766,,116.0,111.62,116.03,136.38,136.38,,9.001079999999977,0.0,0.0,,0.0,0.0,5.4,301.374,0.0,0.0,6.6216800000000005,7.2,23.838048,0.0,3.26,0.0,0.0,0.43,0.0,0.0,7.98,0.0,0.0,-1.06,0.0,0.0,21.39,0.0,0.0,-9.91,0.0,0.16594585776666668,,1.04374557,10295.6524,0.779566496,0.509936412,169.413704,98.930765,83.5171031,5030.08416,99.99998999999998,100.0,False
2026-04-10 18:30:00,3.439,,116.0,105.73,113.0,136.38,136.38,,-8.319179999999992,0.0,0.0,,0.0,0.0,7.0,370.055,0.0,0.0,6.92088,7.2,24.915168,0.0,3.26,0.0,0.0,0.43,0.0,0.0,7.98,0.0,0.0,-1.06,0.0,0.0,21.39,0.0,0.0,-9.91,0.0,5.449867533333333,,1.04374557,10295.6524,0.917689727,0.786415596,169.552338,98.930765,83.6370813,7757.31354,99.99998999999998,100.0,False
2026-04-10 19:00:00,0.0,,113.4,102.98,106.5,133.0,133.0,,0.0,0.0,0.0,,0.0,0.0,0.0,0.0,0.0,0.0,7.07091,6.84,24.182512199999998,0.0,3.31,0.0,0.0,0.3,0.0,0.0,9.27,0.0,0.0,-2.71,0.0,0.0,18.41,0.0,0.0,-9.0,0.0,6.7677355666666665,,1.04374557,10295.6524,1.08921344,1.13033977,169.724426,98.930765,83.8111087,11149.8297,99.99998999999998,100.0,False
2026-04-10 19:30:00,0.0,,113.4,97.0,98.43,136.15,136.15,,0.0,0.0,0.0,,0.0,0.0,0.0,0.0,0.0,0.0,7.235270000000001,6.84,24.744623400000002,0.0,3.31,0.0,0.0,0.3,0.0,0.0,9.27,0.0,0.0,-2.71,0.0,0.0,18.41,0.0,0.0,-9.0,0.0,-0.0049810556,,1.04374557,10295.6524,1.08933968,1.13039022,169.724679,98.930765,83.8358019,11150.3274,99.99998999999998,100.0,False
2026-04-10 20:00:00,0.0,,106.8,97.58,102.1,128.0,128.0,,0.0,0.0,0.0,,0.0,0.0,0.0,0.0,0.0,0.0,7.5186,6.84,25.713612,0.0,3.31,0.0,0.0,0.3,0.0,0.0,9.27,0.0,0.0,-2.71,0.0,0.0,18.41,0.0,0.0,-9.0,0.0,-0.0050062501,,1.04374557,10295.6524,1.08946656,1.13044009,169.724882,98.930765,83.8357545,11150.8193,99.99998999999998,100.0,False
2026-04-10 20:30:00,0.0,,106.8,98.34,100.78,125.0,125.0,,0.0,0.0,0.0,,0.0,0.0,0.0,0.0,0.0,0.0,7.49751,6.84,25.6414842,0.0,3.31,0.0,0.0,0.3,0.0,0.0,9.27,0.0,0.0,-2.71,0.0,0.0,18.41,0.0,0.0,-9.0,0.0,-0.005022611066666668,,1.04374557,10295.6524,1.08959385,1.13048954,169.725085,98.930765,83.8356899,11151.3071,99.99998999999998,100.0,False
2026-04-10 21:00:00,0.0,,96.8,100.4,106.7,116.0,116.0,,0.0,0.0,0.0,,0.0,0.0,0.0,0.0,0.0,0.0,7.34487,6.84,25.1194554,0.0,3.31,0.0,0.0,0.3,0.0,0.0,9.27,0.0,0.0,-2.71,0.0,0.0,18.41,0.0,0.0,-9.0,0.0,-0.005049722233333334,,1.04374557,10295.6524,1.08972183,1.13053642,169.725439,98.930765,83.8356398,11151.7695,99.99998999999998,100.0,False
2026-04-10 21:30:00,0.0,,96.8,95.6,95.61,116.65,116.65,,0.0,0.0,0.0,,0.0,0.0,0.0,0.0,0.0,0.0,7.42429,6.84,25.3910718,0.0,3.31,0.0,0.0,0.3,0.0,0.0,9.27,0.0,0.0,-2.71,0.0,0.0,18.41,0.0,0.0,-9.0,0.0,-0.005037805533333334,,1.04374557,10295.6524,1.08984952,1.13057836,169.725592,98.930765,83.8355838,11152.1832,99.99998999999998,100.0,False
2026-04-10 22:00:00,-0.024,,75.0,88.7,98.0,119.15,119.15,,0.0,-2.8596000000000004,0.0,,0.0,0.0,0.0,0.0,0.0,0.0,7.48406,6.84,25.595485200000002,0.0,3.31,0.0,0.0,0.3,0.0,0.0,9.27,0.0,0.0,-2.71,0.0,0.0,18.41,0.0,0.0,-9.0,0.0,-0.0050187501,,1.04374557,10295.6524,1.08997671,1.13061415,169.725795,98.930765,83.8355192,11152.5363,99.99998999999998,100.0,False
2026-04-10 22:30:00,-0.91,,75.0,68.38,69.27,7.0,7.0,,-0.07000000000000006,0.0,0.0,,-1.8,-62.342999999999996,0.0,0.0,0.0,0.0,7.42408,6.84,25.3903536,0.0,3.31,0.0,0.0,0.3,0.0,0.0,9.27,0.0,0.0,-2.71,0.0,0.0,18.41,0.0,0.0,-9.0,0.0,-0.05965113223333333,,1.04655302,10323.3455,1.09148853,1.13063761,169.727518,98.930765,83.8354072,11152.7677,99.99998999999998,100.0,False
2026-04-10 23:00:00,0.763,,38.46,60.0,51.0,0.0,0.0,,0.0,0.0,0.0,,0.0,0.0,1.5,45.0,0.0,0.0,7.44447,1.6,5.955576000000001,0.0,2.12,0.0,0.0,1.51,0.0,0.0,4.56,0.0,0.0,1.05,0.0,0.0,11.17,0.0,0.0,-0.59,0.0,-1.7122467366666667,,1.1329015,11175.099,1.13488428,1.13063761,169.773239,98.930765,83.8019489,11152.7677,99.99998999999998,100.0,False
2026-04-10 23:30:00,0.0,,38.46,36.0,28.2,-12.69,-12.69,,0.0,0.0,0.0,,0.0,0.0,0.0,0.0,0.0,0.0,7.41991,1.6,5.9359280000000005,0.0,2.12,0.0,0.0,1.51,0.0,0.0,4.56,0.0,0.0,1.05,0.0,0.0,11.17,0.0,0.0,-0.59,0.0,1.4548878533333334,,1.1329015,11175.099,1.17175743,1.2044474,169.810293,98.930765,83.8297791,11880.8378,99.99998999999998,100.0,False
2026-04-11 00:00:00,0.0,,25.07,17.85,10.62,-14.95,-14.95,,0.0,0.0,0.0,,0.0,0.0,0.0,0.0,0.0,0.0,7.46197,1.6,5.969576,0.0,2.12,0.0,0.0,1.51,0.0,0.0,4.56,0.0,0.0,1.05,0.0,0.0,11.17,0.0,0.0,-0.59,0.0,-0.0050104722,,1.1329015,11175.099,1.17188442,1.20448276,169.810647,98.930765,83.8351056,11881.1866,99.99998999999998,100.0,False
2026-04-11 00:30:00,0.0,,25.07,0.0,5.0,3.26,3.26,,0.0,0.0,0.0,,0.0,0.0,0.0,0.0,0.0,0.0,7.33467,1.6,5.867736000000001,0.0,2.12,0.0,0.0,1.51,0.0,0.0,4.56,0.0,0.0,1.05,0.0,0.0,11.17,0.0,0.0,-0.59,0.0,-0.0050128610666666665,,0.0,0.0,0.000127047596,3.80732667e-05,169.810749,98.930765,83.8350367,0.375560033,99.99998999999998,100.0,False
2026-04-11 01:00:00,0.0,,19.5,0.0,3.8,-14.57,-14.57,,0.0,0.0,0.0,,0.0,0.0,0.0,0.0,0.0,0.0,7.4518699999999995,1.6,5.961496,0.0,2.12,0.0,0.0,1.51,0.0,0.0,4.56,0.0,0.0,1.05,0.0,0.0,11.17,0.0,0.0,-0.59,0.0,-0.0050014443666666665,,0.0,0.0,0.000253805842,7.30301579e-05,169.811053,98.930765,83.8349635,0.720379702,99.99998999999998,100.0,False
2026-04-11 01:30:00,-0.037,,19.5,0.0,0.01,-5.09,-5.09,,0.0,0.18833,0.0,,0.0,0.0,0.0,0.0,0.0,0.0,7.3145299999999995,1.6,5.851624,0.0,2.12,0.0,0.0,1.51,0.0,0.0,4.56,0.0,0.0,1.05,0.0,0.0,11.17,0.0,0.0,-0.59,0.0,-0.004953833366666666,,0.0,0.0,0.00037935742,0.000109043629,169.811256,98.930765,83.8348946,1.07562162,99.99998999999998,100.0,False
2026-04-11 02:00:00,-1.479,,13.0,2.49,4.63,-14.95,-14.95,,1.1810500000000026,0.0,0.0,,-4.0,-9.26,1.2,1.494,0.0,0.0,7.456810000000001,1.6,5.965448000000001,0.0,2.12,0.0,0.0,1.51,0.0,0.0,4.56,0.0,0.0,1.05,0.0,0.0,11.17,0.0,0.0,-0.59,0.0,-0.08791011003333334,,0.00427586305,42.1777117,0.00260738009,0.000131491881,169.813689,98.930765,83.8347534,1.29705432,99.99998999999998,100.0,False
2026-04-11 02:30:00,-1.999,,13.0,1.5,3.87,3.87,3.87,,0.003869999999999574,0.0,0.0,,-4.0,-7.74,0.0,0.0,0.0,0.0,7.33525,1.6,5.868200000000001,0.0,2.12,0.0,0.0,1.51,0.0,0.0,4.56,0.0,0.0,1.05,0.0,0.0,11.17,0.0,0.0,-0.59,0.0,-2.844992433333333,,0.148362329,1463.46678,0.0747118015,0.000131491881,169.88597,98.930765,83.7827123,1.29705432,99.99998999999998,100.0,False
2026-04-11 03:00:00,0.0,,13.7,0.0,3.0,-12.07,-12.07,,0.0,0.0,0.0,,0.0,0.0,0.0,0.0,0.0,0.0,7.213229999999999,1.4,5.0492609999999996,0.0,1.1,0.0,0.0,2.32,0.0,0.0,2.52,0.0,0.0,2.17,0.0,0.0,4.24,0.0,0.0,2.71,0.0,-3.8397118333333338,,0.34322801,3385.64914,0.172026718,0.000131491881,169.983648,98.930765,83.7010546,1.29705432,99.99998999999998,100.0,False
2026-04-11 03:30:00,-0.052,,13.7,0.0,2.6,-15.58,-15.58,,0.0,0.81016,0.0,,-3.5,-4.55,3.5,0.0,0.0,0.0,7.16455,1.4,5.015185,0.0,1.1,0.0,0.0,2.32,0.0,0.0,2.52,0.0,0.0,2.17,0.0,0.0,4.24,0.0,0.0,2.71,0.0,-0.0050678055,,0.34322801,3385.64914,0.172155158,0.000169847102,169.983951,98.930765,83.689176,1.67539559,99.99998999999998,100.0,False
2026-04-11 04:00:00,-2.038,,15.0,0.0,5.52,2.43,2.43,,-0.09233999999999955,0.0,0.0,,0.0,0.0,-4.0,0.0,0.0,0.0,7.27947,1.4,5.095629,0.0,1.1,0.0,0.0,2.32,0.0,0.0,2.52,0.0,0.0,2.17,0.0,0.0,4.24,0.0,0.0,2.71,0.0,-0.12078297003333333,,0.349211035,3444.66654,0.175216321,0.00019271048,169.987196,98.930765,83.6889873,1.90092315,99.99998999999998,100.0,False
2026-04-11 04:30:00,0.0,,15.0,0.0,0.5,-8.82,-8.82,,0.0,0.0,0.0,,0.0,0.0,0.0,0.0,0.0,0.0,7.39983,1.4,5.179880999999999,0.0,1.1,0.0,0.0,2.32,0.0,0.0,2.52,0.0,0.0,2.17,0.0,0.0,4.24,0.0,0.0,2.71,0.0,-3.8427294666666665,,0.544231241,5368.37315,0.272607718,0.00019271048,170.084873,98.930765,83.6157394,1.90092315,99.99998999999998,100.0,False
2026-04-11 05:00:00,0.0,,15.0,-1.66,-8.0,-6.42,-6.42,,0.0,0.0,0.0,,0.0,0.0,0.0,0.0,0.0,0.0,7.52402,1.4,5.266814,0.0,1.1,0.0,0.0,2.32,0.0,0.0,2.52,0.0,0.0,2.17,0.0,0.0,4.24,0.0,0.0,2.71,0.0,-0.0050321111,,0.544231241,5368.37315,0.272735253,0.000229599327,170.085228,98.930765,83.6040058,2.26479991,99.99998999999998,100.0,False
2026-04-11 05:30:00,0.0,,15.0,-2.24,-10.98,-4.02,-4.02,,0.0,0.0,0.0,,0.0,0.0,0.0,0.0,0.0,0.0,7.250520000000001,1.4,5.075364,0.0,1.1,0.0,0.0,2.32,0.0,0.0,2.52,0.0,0.0,2.17,0.0,0.0,4.24,0.0,0.0,2.71,0.0,-0.005010305533333333,,0.544231241,5368.37315,0.272862235,0.00027318412,170.08538,98.930765,83.603933,2.69472641,99.99998999999998,100.0,False
2026-04-11 06:00:00,0.0,,20.27,-2.55,-15.61,-1.68,-1.68,,0.0,0.0,0.0,,0.0,0.0,0.0,0.0,0.0,0.0,7.20537,1.4,5.043759,0.0,1.1,0.0,0.0,2.32,0.0,0.0,2.52,0.0,0.0,2.17,0.0,0.0,4.24,0.0,0.0,2.71,0.0,-0.0049451111,,0.544231241,5368.37315,0.272987566,0.000311796336,170.085583,98.930765,83.6038602,3.07560271,99.99998999999998,100.0,False
2026-04-11 06:30:00,0.033,,20.27,-2.55,-6.0,-4.15,-4.15,,0.0,-0.13695000000000002,0.0,,0.0,0.0,0.0,0.0,0.0,0.0,7.26924,1.4,5.088468,0.0,1.1,0.0,0.0,2.32,0.0,0.0,2.52,0.0,0.0,2.17,0.0,0.0,4.24,0.0,0.0,2.71,0.0,-0.004985361133333334,,0.544231241,5368.37315,0.273113917,0.000351968441,170.085886,98.930765,83.6038131,3.47186598,99.99998999999998,100.0,False
2026-04-11 07:00:00,1.313,,34.25,-4.25,-10.0,-4.14,-4.14,,-0.6748200000000001,0.0,0.0,,2.9,-14.5,-0.6,1.275,0.0,0.0,7.41866,4.85,17.9902505,0.0,3.32,0.0,0.0,0.22,0.0,0.0,5.15,0.0,0.0,0.34,0.0,0.0,7.53,0.0,0.0,1.23,0.0,0.0680754756,,0.544231241,5368.37315,0.275008436,0.00416913868,170.087915,98.930765,83.6038582,41.1249676,99.99998999999998,100.0,False
2026-04-11 07:30:00,3.734,,34.25,-3.32,4.0,-0.99,-0.99,,-0.18216000000000016,0.0,0.0,,7.1,14.2,0.0,0.0,0.0,0.0,7.35004,4.85,17.823846999999997,0.0,3.32,0.0,0.0,0.22,0.0,0.0,5.15,0.0,0.0,0.34,0.0,0.0,7.53,0.0,0.0,1.23,0.0,2.4604242,,0.544231241,5368.37315,0.337366234,0.128947401,170.150464,98.930765,83.6552564,1271.95522,99.99998999999998,100.0,False
2026-04-11 08:00:00,0.0,,22.96,-4.15,-8.83,-9.36,-9.36,,0.0,0.0,0.0,,0.0,0.0,0.0,0.0,0.0,0.0,7.26864,4.85,17.626452,0.0,3.32,0.0,0.0,0.22,0.0,0.0,5.15,0.0,0.0,0.34,0.0,0.0,7.53,0.0,0.0,1.23,0.0,6.854574700000001,,0.544231241,5368.37315,0.511090824,0.47752189,170.324732,98.930765,83.8199432,4710.34278,99.99998999999998,100.0,False
2026-04-11 08:30:00,0.0,,22.96,-1.45,5.25,26.42,26.42,,0.0,0.0,0.0,,0.0,0.0,0.0,0.0,0.0,0.0,7.40671,4.85,17.961271749999998,0.0,3.32,0.0,0.0,0.22,0.0,0.0,5.15,0.0,0.0,0.34,0.0,0.0,7.53,0.0,0.0,1.23,0.0,-0.004985416699999999,,0.544231241,5368.37315,0.511217176,0.477576781,170.325137,98.930765,83.8448128,4710.88423,99.99998999999998,100.0,False
2026-04-11 09:00:00,0.0,,9.57,-8.0,-11.0,-1.59,-1.59,,0.0,0.0,0.0,,0.0,0.0,0.0,0.0,0.0,0.0,7.266100000000001,4.85,17.6202925,0.0,3.32,0.0,0.0,0.22,0.0,0.0,5.15,0.0,0.0,0.34,0.0,0.0,7.53,0.0,0.0,1.23,0.0,-0.004982333266666666,,0.544231241,5368.37315,0.511343449,0.477633036,170.325239,98.930765,83.844757,4711.43914,99.99998999999998,100.0,False
2026-04-11 09:30:00,0.0,,9.57,-4.25,-20.0,-23.99,-23.99,,0.0,0.0,0.0,,0.0,0.0,0.0,0.0,0.0,0.0,7.28504,4.85,17.666222,0.0,3.32,0.0,0.0,0.22,0.0,0.0,5.15,0.0,0.0,0.34,0.0,0.0,7.53,0.0,0.0,1.23,0.0,-0.004949666733333333,,0.544231241,5368.37315,0.511468896,0.47769579,170.325594,98.930765,83.8447063,4712.05815,99.99998999999998,100.0,False
2026-04-11 10:00:00,0.0,,4.78,-4.9,-6.17,-16.95,-16.95,,0.0,0.0,0.0,,0.0,0.0,0.0,0.0,0.0,0.0,6.92966,4.85,16.8044255,0.0,3.32,0.0,0.0,0.22,0.0,0.0,5.15,0.0,0.0,0.34,0.0,0.0,7.53,0.0,0.0,1.23,0.0,-0.004995583366666666,,0.544231241,5368.37315,0.511595505,0.477750026,170.325695,98.930765,83.8446504,4712.59314,99.99998999999998,100.0,False
2026-04-11 10:30:00,0.0,,4.78,-6.8,-10.0,-21.51,-21.51,,0.0,0.0,0.0,,0.0,0.0,0.0,0.0,0.0,0.0,6.6931199999999995,4.85,16.230815999999997,0.0,3.32,0.0,0.0,0.22,0.0,0.0,5.15,0.0,0.0,0.34,0.0,0.0,7.53,0.0,0.0,1.23,0.0,-0.0049695,,0.544231241,5368.37315,0.511721453,0.47779774,170.325999,98.930765,83.8445774,4713.0638,99.99998999999998,100.0,False
2026-04-11 11:00:00,0.0,,-2.2,-9.51,-12.0,-24.67,-24.67,,0.0,0.0,0.0,,0.0,0.0,0.0,0.0,0.0,0.0,7.024760000000001,2.1,7.375998000000001,0.0,1.71,0.0,0.0,2.61,0.0,0.0,0.64,0.0,0.0,4.53,0.0,0.0,2.13,0.0,0.0,7.98,0.0,-0.005013555633333334,,0.544231241,5368.37315,0.511848519,0.47785184,170.326151,98.930765,83.8445053,4713.59745,99.99998999999998,100.0,False
2026-04-11 11:30:00,0.0,,-2.2,-17.5,-21.07,-27.34,-27.34,,0.0,0.0,0.0,,0.0,0.0,0.0,0.0,0.0,0.0,6.75772,2.1,7.095606,0.0,1.71,0.0,0.0,2.61,0.0,0.0,0.64,0.0,0.0,4.53,0.0,0.0,2.13,0.0,0.0,7.98,0.0,-0.005009499933333333,,0.544231241,5368.37315,0.511975481,0.477900579,170.326405,98.930765,83.8444366,4714.07822,99.99998999999998,100.0,False
2026-04-11 12:00:00,-0.054,,-9.09,-20.0,-18.8,-20.07,-20.07,,0.0,1.08378,0.0,,0.0,0.0,0.0,0.0,0.0,0.0,6.50465,2.1,6.8298825,0.0,1.71,0.0,0.0,2.61,0.0,0.0,0.64,0.0,0.0,4.53,0.0,0.0,2.13,0.0,0.0,7.98,0.0,-0.005065333433333334,,0.544231241,5368.37315,0.512103859,0.477953677,170.326708,98.930765,83.8443764,4714.60198,99.99998999999998,100.0,False
2026-04-11 12:30:00,-2.081,,-9.09,-22.33,-20.0,-40.0,-40.0,,3.2399999999999984,0.0,0.0,,-4.0,40.0,0.0,0.0,0.0,0.0,5.79551,2.1,6.0852855,0.0,1.71,0.0,0.0,2.61,0.0,0.0,0.64,0.0,0.0,4.53,0.0,0.0,2.13,0.0,0.0,7.98,0.0,-0.12414055550000001,,0.550380641,5429.0317,0.515250118,0.477982738,170.329852,98.930765,83.8442132,4714.88865,99.99998999999998,100.0,False
2026-04-11 13:00:00,-0.055,,-12.89,-20.02,-20.0,-14.15,-14.15,,0.0,0.77825,0.0,,0.0,0.0,0.0,0.0,0.0,0.0,5.425770000000001,2.1,5.697058500000002,0.0,1.71,0.0,0.0,2.61,0.0,0.0,0.64,0.0,0.0,4.53,0.0,0.0,2.13,0.0,0.0,7.98,0.0,-3.8815599666666665,,0.747385764,7372.31781,0.613625646,0.477982738,170.428694,98.930765,83.7702704,4714.88865,99.99998999999998,100.0,False
2026-04-11 13:30:00,-2.079,,-12.89,-25.81,-28.0,-15.36,-15.36,,1.2134400000000027,0.0,0.0,,-4.0,56.0,0.0,0.0,0.0,0.0,4.94197,2.1,5.1890685,0.0,1.71,0.0,0.0,2.61,0.0,0.0,0.64,0.0,0.0,4.53,0.0,0.0,2.13,0.0,0.0,7.98,0.0,-0.12682303,,0.753673191,7434.33787,0.616839892,0.478013377,170.432091,98.930765,83.7581535,4715.19087,99.99998999999998,100.0,False
2026-04-11 14:00:00,-1.281,,-7.5,-17.2,-21.35,18.21,18.21,,-1.4750099999999993,0.0,0.0,,-2.4,25.62,0.0,0.0,0.0,0.0,3.6615,2.1,3.8445750000000003,0.0,1.71,0.0,0.0,2.61,0.0,0.0,0.64,0.0,0.0,4.53,0.0,0.0,2.13,0.0,0.0,7.98,0.0,-3.9442863999999997,,0.954090729,9411.28452,0.71680518,0.478013377,170.532403,98.930765,83.6842981,4715.19087,99.99998999999998,100.0,False
2026-04-11 14:30:00,-2.085,,-7.5,-20.0,-35.0,24.8,24.8,,-2.107999999999999,0.0,0.0,,-4.0,70.0,0.0,0.0,0.0,0.0,3.90644,2.1,4.101762,0.0,1.71,0.0,0.0,2.61,0.0,0.0,0.64,0.0,0.0,4.53,0.0,0.0,2.13,0.0,0.0,7.98,0.0,-2.463431866666667,,1.07882758,10641.7063,0.779239206,0.478013377,170.595055,98.930765,83.6279869,4715.19087,99.99998999999998,100.0,False
2026-04-11 15:00:00,-0.039,,-1.17,-17.81,-23.92,-10.0,-10.0,,-19.61,0.0,0.0,,0.0,0.0,-4.0,35.62,0.0,0.0,2.1431,6.4,6.85792,0.0,1.71,0.0,0.0,4.1,0.0,0.0,3.76,0.0,0.0,5.32,0.0,0.0,5.75,0.0,0.0,8.36,0.0,-3.9917599999999998,,1.28179795,12643.8344,0.880407681,0.478013377,170.696685,98.930765,83.5471797,4715.19087,99.99998999999998,100.0,False
2026-04-11 15:30:00,-0.017,,-1.17,-15.93,-21.0,-14.95,-14.95,,0.0,0.25415,0.0,,0.0,0.0,0.0,0.0,0.0,0.0,1.9398,6.4,6.20736,0.0,1.71,0.0,0.0,4.1,0.0,0.0,3.76,0.0,0.0,5.32,0.0,0.0,5.75,0.0,0.0,8.36,0.0,-0.06179227936666667,,1.28452606,12670.7449,0.881973761,0.478028215,170.698206,98.930765,83.5318025,4715.33724,99.99998999999998,100.0,False
2026-04-11 16:00:00,-0.005,,3.55,-13.62,-26.0,3.35,3.35,,6.68325,0.0,0.0,,0.0,0.0,-4.0,27.24,0.0,0.0,2.0875500000000002,6.4,6.680160000000001,0.0,1.71,0.0,0.0,4.1,0.0,0.0,3.76,0.0,0.0,5.32,0.0,0.0,5.75,0.0,0.0,8.36,0.0,-0.038088777733333336,,1.28617661,12687.0261,0.882939096,0.478041983,170.699321,98.930765,83.5315638,4715.47305,99.99998999999998,100.0,False
2026-04-11 16:30:00,0.0,,3.55,-7.45,-8.05,-10.0,-10.0,,0.0,0.0,0.0,,0.0,0.0,0.0,0.0,0.0,0.0,3.88785,6.4,12.44112,0.0,1.71,0.0,0.0,4.1,0.0,0.0,3.76,0.0,0.0,5.32,0.0,0.0,5.75,0.0,0.0,8.36,0.0,-0.016310110800000003,,1.28673238,12692.5083,0.883352466,0.478070058,170.699879,98.930765,83.5306431,4715.74998,99.99998999999998,100.0,False
2026-04-11 17:00:00,0.0,,30.84,-5.03,-10.0,-10.51,-10.51,,0.0,0.0,0.0,,0.0,0.0,0.0,0.0,0.0,0.0,5.42976,6.4,17.375232,0.0,1.71,0.0,0.0,4.1,0.0,0.0,3.76,0.0,0.0,5.32,0.0,0.0,5.75,0.0,0.0,8.36,0.0,-0.004948333433333334,,1.28673238,12692.5083,0.883477881,0.478109553,170.700031,98.930765,83.5306005,4716.13957,99.99998999999998,100.0,False
2026-04-11 17:30:00,0.0,,30.84,0.78,14.7,-10.0,-10.0,,0.0,0.0,0.0,,0.0,0.0,0.0,0.0,0.0,0.0,4.448600000000001,6.4,14.235520000000003,0.0,1.71,0.0,0.0,4.1,0.0,0.0,3.76,0.0,0.0,5.32,0.0,0.0,5.75,0.0,0.0,8.36,0.0,-0.004997499999999999,,1.28673238,12692.5083,0.883604536,0.478152104,170.700386,98.930765,83.5305579,4716.5593,99.99998999999998,100.0,False
2026-04-11 18:00:00,0.001,,50.0,7.16,17.57,8.63,8.63,,0.0,0.00863,0.0,,0.0,0.0,0.0,0.0,0.0,0.0,4.52565,6.4,14.48208,0.0,1.71,0.0,0.0,4.1,0.0,0.0,3.76,0.0,0.0,5.32,0.0,0.0,5.75,0.0,0.0,8.36,0.0,-0.0049446667,,1.28673238,12692.5083,0.883729856,0.478194915,170.700487,98.930765,83.5305204,4716.98159,99.99998999999998,100.0,False
2026-04-11 18:30:00,0.143,,50.0,16.16,26.12,19.47,19.47,,1.8107100000000032,0.0,0.0,,5.3,69.218,-5.2,-42.016000000000005,0.0,0.0,5.90011,6.4,18.880352,0.0,1.71,0.0,0.0,4.1,0.0,0.0,3.76,0.0,0.0,5.32,0.0,0.0,5.75,0.0,0.0,8.36,0.0,-0.002235666633333333,,1.28673238,12692.5083,0.883839752,0.478370733,170.700893,98.930765,83.5304777,4718.71588,99.99998999999998,100.0,False
2026-04-11 19:00:00,3.587,,47.94,15.0,15.01,15.19,15.19,,-0.19746999999999848,0.0,0.0,,7.2,54.036,0.0,0.0,0.0,0.0,6.5016300000000005,5.02,16.3190913,0.0,4.08,0.0,0.0,0.01,0.0,0.0,5.05,0.0,0.0,0.84,0.0,0.0,8.86,0.0,0.0,-0.61,0.0,0.29925644433333337,,1.28673238,12692.5083,0.891424205,0.494094232,170.708547,98.930765,83.5321471,4873.81468,99.99998999999998,100.0,False
2026-04-11 19:30:00,0.0,,47.94,19.56,19.0,15.15,15.15,,0.0,0.0,0.0,,0.0,0.0,0.0,0.0,0.0,0.0,7.148350000000001,5.02,17.9423585,0.0,4.08,0.0,0.0,0.01,0.0,0.0,5.05,0.0,0.0,0.84,0.0,0.0,8.86,0.0,0.0,-0.61,0.0,6.899511733333333,,1.28673238,12692.5083,1.06628769,0.84488402,170.884081,98.930765,83.6890013,8334.05426,99.99998999999998,100.0,False
2026-04-11 20:00:00,0.065,,41.9,22.73,26.34,62.22,62.22,,0.0,4.0443,0.0,,0.0,0.0,0.0,0.0,0.0,0.0,7.2463,5.02,18.188212999999998,0.0,4.08,0.0,0.0,0.01,0.0,0.0,5.05,0.0,0.0,0.84,0.0,0.0,8.86,0.0,0.0,-0.61,0.0,-0.0049970278,,1.28673238,12692.5083,1.06641434,0.844939433,170.884233,98.930765,83.7141366,8334.60086,99.99998999999998,100.0,False
2026-04-11 20:30:00,2.644,,41.9,22.73,25.0,1.39,1.39,,-0.008339999999999698,0.0,0.0,,0.0,0.0,5.3,60.2345,0.0,0.0,7.53832,5.02,18.921183199999998,0.0,4.08,0.0,0.0,0.01,0.0,0.0,5.05,0.0,0.0,0.84,0.0,0.0,8.86,0.0,0.0,-0.61,0.0,0.14756303006666666,,1.28673238,12692.5083,1.07032362,0.852839472,170.888491,98.930765,83.7142615,8412.52795,99.99998999999998,100.0,False
2026-04-11 21:00:00,0.0,,31.1,28.4,30.8,-1.84,-1.84,,0.0,0.0,0.0,,0.0,0.0,0.0,0.0,0.0,0.0,7.51207,5.02,18.855295699999996,0.0,4.08,0.0,0.0,0.01,0.0,0.0,5.05,0.0,0.0,0.84,0.0,0.0,8.86,0.0,0.0,-0.61,0.0,5.1576017,,1.28673238,12692.5083,1.20103957,1.11400313,171.019623,98.930765,83.8308415,10988.6828,99.99998999999998,100.0,False
2026-04-11 21:30:00,0.0,,31.1,19.8,24.5,34.98,34.98,,0.0,0.0,0.0,,0.0,0.0,0.0,0.0,0.0,0.0,6.979220000000001,5.02,17.5178422,0.0,4.08,0.0,0.0,0.01,0.0,0.0,5.05,0.0,0.0,0.84,0.0,0.0,8.86,0.0,0.0,-0.61,0.0,-0.005021194366666666,,1.28673238,12692.5083,1.20116683,1.11405362,171.019826,98.930765,83.849441,10989.1809,99.99998999999998,100.0,False
2026-04-11 22:00:00,-0.023,,23.0,22.6,26.58,19.68,19.68,,0.0,-0.45264,0.0,,0.0,0.0,0.0,0.0,0.0,0.0,7.52515,5.02,18.8881265,0.0,4.08,0.0,0.0,0.01,0.0,0.0,5.05,0.0,0.0,0.84,0.0,0.0,8.86,0.0,0.0,-0.61,0.0,-0.005016611099999999,,1.28673238,12692.5083,1.20129397,1.11411088,171.020028,98.930765,83.849394,10989.7457,99.99998999999998,100.0,False
2026-04-11 22:30:00,-0.93,,23.0,8.33,11.2,10.26,10.26,,-0.30780000000000024,0.0,0.0,,0.0,0.0,-1.8,-7.497,0.0,0.0,7.369470000000001,5.02,18.4973697,0.0,4.08,0.0,0.0,0.01,0.0,0.0,5.05,0.0,0.0,0.84,0.0,0.0,8.86,0.0,0.0,-0.61,0.0,-0.05883869220000001,,1.28949398,12719.7491,1.2027852,1.11414361,171.02165,98.930765,83.8492956,10990.0685,99.99998999999998,100.0,False
2026-04-11 23:00:00,0.0,,5.0,9.81,10.0,9.57,9.57,,-33.9735,0.0,0.0,,7.1,35.5,0.0,0.0,0.0,0.0,7.425520000000001,1.62,6.0146712,0.0,2.25,0.0,0.0,1.19,0.0,0.0,2.51,0.0,0.0,2.11,0.0,0.0,2.58,0.0,0.0,0.65,0.0,-1.75957445,,1.37827856,13595.5327,1.24738043,1.11414361,171.066408,98.930765,83.8159623,10990.0685,99.99998999999998,100.0,False
2026-04-11 23:30:00,0.0,,5.0,8.0,-1.91,14.23,14.23,,0.0,0.0,0.0,,0.0,0.0,0.0,0.0,0.0,0.0,7.21196,1.62,5.841687600000001,0.0,2.25,0.0,0.0,1.19,0.0,0.0,2.51,0.0,0.0,2.11,0.0,0.0,2.58,0.0,0.0,0.65,0.0,-0.005013777766666667,,1.37827856,13595.5327,1.2475075,1.11418372,171.066611,98.930765,83.8106683,10990.4642,99.99998999999998,100.0,False
2026-04-12 00:00:00,0.0,,2.0,8.1,0.0,14.95,14.95,,0.0,0.0,0.0,,0.0,0.0,0.0,0.0,0.0,0.0,7.3610299999999995,1.62,5.9624343,0.0,2.25,0.0,0.0,1.19,0.0,0.0,2.51,0.0,0.0,2.11,0.0,0.0,2.58,0.0,0.0,0.65,0.0,-0.0050269165999999995,,1.37827856,13595.5327,1.2476349,1.11422226,171.066966,98.930765,83.8106084,10990.8444,99.99998999999998,100.0,False
2026-04-12 00:30:00,0.0,,2.0,8.0,0.0,10.63,10.63,,0.0,0.0,0.0,,0.0,0.0,0.0,0.0,0.0,0.0,7.47179,1.62,6.052149900000001,0.0,2.25,0.0,0.0,1.19,0.0,0.0,2.51,0.0,0.0,2.11,0.0,0.0,2.58,0.0,0.0,0.65,0.0,-0.004990305633333333,,0.0,0.0,0.000126475943,3.80418645e-05,171.067117,98.930765,83.8105528,0.375250277,99.99998999999998,100.0,False
2026-04-12 01:00:00,0.0,,0.87,7.26,-3.44,13.35,13.35,,0.0,0.0,0.0,,0.0,0.0,0.0,0.0,0.0,0.0,7.370979999999999,1.62,5.9704938,0.0,2.25,0.0,0.0,1.19,0.0,0.0,2.51,0.0,0.0,2.11,0.0,0.0,2.58,0.0,0.0,0.65,0.0,-0.005040250033333333,,0.0,0.0,0.000254217693,8.14908626e-05,171.067473,98.930765,83.8104844,0.803837277,99.99998999999998,100.0,False
2026-04-12 01:30:00,0.0,,0.87,8.0,-1.0,1.94,1.94,,0.0,0.0,0.0,,0.0,0.0,0.0,0.0,0.0,0.0,7.3678,1.62,5.967918,0.0,2.25,0.0,0.0,1.19,0.0,0.0,2.51,0.0,0.0,2.11,0.0,0.0,2.58,0.0,0.0,0.65,0.0,-0.005000916633333334,,0.0,0.0,0.000380962565,0.000118957473,171.067625,98.930765,83.8104289,1.17341317,99.99998999999998,100.0,False
2026-04-12 02:00:00,0.0,,0.0,8.0,-1.53,20.4,20.4,,0.0,0.0,0.0,,0.0,0.0,0.0,0.0,0.0,0.0,7.33908,1.62,5.9446548,0.0,2.25,0.0,0.0,1.19,0.0,0.0,2.51,0.0,0.0,2.11,0.0,0.0,2.58,0.0,0.0,0.65,0.0,-0.0049954445000000005,,0.0,0.0,0.00050756875,0.000160269363,171.067878,98.930765,83.810369,1.58091943,99.99998999999998,100.0,False
2026-04-12 02:30:00,0.0,,0.0,8.0,-1.78,14.23,14.23,,0.0,0.0,0.0,,0.0,0.0,0.0,0.0,0.0,0.0,7.20389,1.62,5.8351509,0.0,2.25,0.0,0.0,1.19,0.0,0.0,2.51,0.0,0.0,2.11,0.0,0.0,2.58,0.0,0.0,0.65,0.0,-0.004984888833333334,,0.0,0.0,0.000633907405,0.000196287817,171.068081,98.930765,83.8103135,1.93621051,99.99998999999998,100.0,False
2026-04-12 03:00:00,0.0,,-0.27,25.37,3.22,20.72,20.72,,0.0,0.0,0.0,,0.0,0.0,0.0,0.0,0.0,0.0,7.51207,1.4,5.258449,0.0,1.93,0.0,0.0,1.45,0.0,0.0,2.05,0.0,0.0,1.59,0.0,0.0,2.17,0.0,0.0,1.59,0.0,-0.005043444299999999,,0.0,0.0,0.000761730115,0.000232282867,171.068334,98.930765,83.8102536,2.29127072,99.99998999999998,100.0,False
2026-04-12 03:30:00,-0.051,,-0.27,18.02,5.9,12.93,12.93,,0.0,-0.65943,0.0,,0.0,0.0,0.0,0.0,0.0,0.0,7.31663,1.4,5.121640999999999,0.0,1.93,0.0,0.0,1.45,0.0,0.0,2.05,0.0,0.0,1.59,0.0,0.0,2.17,0.0,0.0,1.59,0.0,-0.005051916666666667,,0.0,0.0,0.000889767545,0.000258005889,171.068588,98.930765,83.8101903,2.54500621,99.99998999999998,100.0,False
2026-04-12 04:00:00,-2.073,,-1.93,23.07,8.31,21.28,21.28,,-1.553439999999999,0.0,0.0,,0.0,0.0,-4.0,-46.14,0.0,0.0,7.43558,1.4,5.204905999999999,0.0,1.93,0.0,0.0,1.45,0.0,0.0,2.05,0.0,0.0,1.59,0.0,0.0,2.17,0.0,0.0,1.59,0.0,-0.12189408113333333,,0.00604652036,59.6437233,0.00397909112,0.000272757768,171.071832,98.930765,83.8100151,2.69052081,99.99998999999998,100.0,False
2026-04-12 04:30:00,-2.02,,-1.93,21.1,10.0,21.71,21.71,,-0.4342000000000004,0.0,0.0,,0.0,0.0,-4.0,-42.2,0.0,0.0,7.326779999999999,1.4,5.128746,0.0,1.93,0.0,0.0,1.45,0.0,0.0,2.05,0.0,0.0,1.59,0.0,0.0,2.17,0.0,0.0,1.59,0.0,-3.9670826333333333,,0.207427552,2046.09441,0.104522135,0.000272757768,171.172753,98.930765,83.7368614,2.69052081,99.99998999999998,100.0,False
2026-04-12 05:00:00,0.0,,0.62,18.91,4.55,16.53,16.53,,0.0,0.0,0.0,,0.0,0.0,0.0,0.0,0.0,0.0,7.4843,1.4,5.2390099999999995,0.0,1.93,0.0,0.0,1.45,0.0,0.0,2.05,0.0,0.0,1.59,0.0,0.0,2.17,0.0,0.0,1.59,0.0,-3.837333166666667,,0.402064416,3966.01969,0.201776766,0.000272757768,171.270379,98.930765,83.6525277,2.69052081,99.99998999999998,100.0,False
2026-04-12 05:30:00,0.0,,0.62,23.09,9.0,12.44,12.44,,0.0,0.0,0.0,,0.0,0.0,0.0,0.0,0.0,0.0,7.31104,1.4,5.117728,0.0,1.93,0.0,0.0,1.45,0.0,0.0,2.05,0.0,0.0,1.59,0.0,0.0,2.17,0.0,0.0,1.59,0.0,-0.005074972333333333,,0.402064416,3966.01969,0.201905387,0.000299489958,171.270582,98.930765,83.6408229,2.95421087,99.99998999999998,100.0,False
2026-04-12 06:00:00,0.0,,-1.4,24.0,15.61,29.02,29.02,,0.0,0.0,0.0,,0.0,0.0,0.0,0.0,0.0,0.0,7.41018,1.4,5.187126,0.0,1.93,0.0,0.0,1.45,0.0,0.0,2.05,0.0,0.0,1.59,0.0,0.0,2.17,0.0,0.0,1.59,0.0,-0.0050324445,,0.402064416,3966.01969,0.202032932,0.000322813,171.270836,98.930765,83.6407633,3.18427263,99.99998999999998,100.0,False
2026-04-12 06:30:00,0.0,,-1.4,28.66,23.07,15.07,15.07,,0.0,0.0,0.0,,0.0,0.0,0.0,0.0,0.0,0.0,7.383640000000001,1.4,5.168548,0.0,1.93,0.0,0.0,1.45,0.0,0.0,2.05,0.0,0.0,1.59,0.0,0.0,2.17,0.0,0.0,1.59,0.0,-0.005017638866666667,,0.402064416,3966.01969,0.202160099,0.000351551753,171.271039,98.930765,83.6407165,3.46775571,99.99998999999998,100.0,False
2026-04-12 07:00:00,0.0,,1.68,28.0,24.04,66.2,66.2,,0.0,0.0,0.0,,0.0,0.0,0.0,0.0,0.0,0.0,7.06838,4.4,15.550436000000001,0.0,2.31,0.0,0.0,1.41,0.0,0.0,2.41,0.0,0.0,1.04,0.0,0.0,3.19,0.0,0.0,2.19,0.0,-0.004968444366666667,,0.402064416,3966.01969,0.202286021,0.000374408114,171.271292,98.930765,83.6406697,3.69321405,99.99998999999998,100.0,False
2026-04-12 07:30:00,0.0,,1.68,28.59,27.6,80.0,80.0,,0.0,0.0,0.0,,0.0,0.0,0.0,0.0,0.0,0.0,6.73838,4.4,14.824436000000002,0.0,2.31,0.0,0.0,1.41,0.0,0.0,2.41,0.0,0.0,1.04,0.0,0.0,3.19,0.0,0.0,2.19,0.0,-0.0050062222,,0.402064416,3966.01969,0.2024129,0.000394087723,171.271545,98.930765,83.6406279,3.88733647,99.99998999999998,100.0,False
2026-04-12 08:00:00,0.0,,0.8,28.0,14.0,50.61,50.61,,0.0,0.0,0.0,,0.0,0.0,0.0,0.0,0.0,0.0,5.89613,4.4,12.971486000000002,0.0,2.31,0.0,0.0,1.41,0.0,0.0,2.41,0.0,0.0,1.04,0.0,0.0,3.19,0.0,0.0,2.19,0.0,-0.005008194466666667,,0.402064416,3966.01969,0.20253983,0.000422480738,171.271798,98.930765,83.6405811,4.16740915,99.99998999999998,100.0,False
2026-04-12 08:30:00,0.0,,0.8,36.0,22.24,50.43,50.43,,0.0,0.0,0.0,,0.0,0.0,0.0,0.0,0.0,0.0,4.76596,4.4,10.485112,0.0,2.31,0.0,0.0,1.41,0.0,0.0,2.41,0.0,0.0,1.04,0.0,0.0,3.19,0.0,0.0,2.19,0.0,-0.004938944433333333,,0.402064416,3966.01969,0.202665004,0.000452190637,171.272052,98.930765,83.6405258,4.46047175,99.99998999999998,100.0,False
2026-04-12 09:00:00,0.0,,0.0,23.85,7.0,-6.84,-6.84,,0.0,0.0,0.0,,0.0,0.0,0.0,0.0,0.0,0.0,3.7218,4.4,8.18796,0.0,2.31,0.0,0.0,1.41,0.0,0.0,2.41,0.0,0.0,1.04,0.0,0.0,3.19,0.0,0.0,2.19,0.0,-0.0049509166999999995,,0.402064416,3966.01969,0.202790482,0.000488544497,171.272255,98.930765,83.6404662,4.81907131,99.99998999999998,100.0,False
2026-04-12 09:30:00,0.0,,0.0,20.0,10.0,24.82,24.82,,0.0,0.0,0.0,,0.0,0.0,0.0,0.0,0.0,0.0,2.2640599999999997,4.4,4.980932,0.0,2.31,0.0,0.0,1.41,0.0,0.0,2.41,0.0,0.0,1.04,0.0,0.0,3.19,0.0,0.0,2.19,0.0,-0.004951750033333333,,0.402064416,3966.01969,0.202915981,0.000522513095,171.272458,98.930765,83.6404151,5.15414232,99.99998999999998,100.0,False
2026-04-12 10:00:00,0.0,,-0.8,15.0,8.01,25.13,25.13,,0.0,0.0,0.0,,0.0,0.0,0.0,0.0,0.0,0.0,1.72927,4.4,3.8043940000000003,0.0,2.31,0.0,0.0,1.41,0.0,0.0,2.41,0.0,0.0,1.04,0.0,0.0,3.19,0.0,0.0,2.19,0.0,-0.004970999899999999,,0.402064416,3966.01969,0.203041967,0.000556371731,171.272762,98.930765,83.6403725,5.48812865,99.99998999999998,100.0,False
2026-04-12 10:30:00,-0.002,,-0.8,12.75,5.0,55.0,55.0,,0.0,-0.11,0.0,,0.0,0.0,0.0,0.0,0.0,0.0,0.6067899999999999,4.4,1.334938,0.0,2.31,0.0,0.0,1.41,0.0,0.0,2.41,0.0,0.0,1.04,0.0,0.0,3.19,0.0,0.0,2.19,0.0,-0.0049685833,,0.402064416,3966.01969,0.203167893,0.000591491581,171.273015,98.930765,83.6403299,5.83455576,99.99998999999998,100.0,False
2026-04-12 11:00:00,-0.001,,-1.0,12.1,13.0,49.87,49.87,,0.0,-0.04987,0.0,,0.0,0.0,0.0,0.0,0.0,0.0,0.5725,2.1,0.601125,0.0,2.28,0.0,0.0,1.95,0.0,0.0,3.4,0.0,0.0,4.26,0.0,0.0,3.05,0.0,0.0,6.26,0.0,-0.009662388899999999,,0.40225852,3967.93436,0.20341278,0.000591491581,171.27337,98.930765,83.6402405,5.83455576,99.99998999999998,100.0,False
2026-04-12 11:30:00,0.0,,-1.0,8.84,8.01,44.2,44.2,,0.0,0.0,0.0,,0.0,0.0,0.0,0.0,0.0,0.0,1.06705,2.1,1.1204025000000002,0.0,2.28,0.0,0.0,1.95,0.0,0.0,3.4,0.0,0.0,4.26,0.0,0.0,3.05,0.0,0.0,6.26,0.0,-0.006487194266666667,,0.40230229,3968.36611,0.203577193,0.000602190694,171.273776,98.930765,83.6401775,5.94009331,99.99998999999998,100.0,False
2026-04-12 12:00:00,-0.004,,-2.3,1.87,5.0,46.42,46.42,,92.65432,0.0,0.0,,-4.0,-10.0,0.0,0.0,0.0,0.0,3.50133,2.1,3.6763965,0.0,2.28,0.0,0.0,1.95,0.0,0.0,3.4,0.0,0.0,4.26,0.0,0.0,3.05,0.0,0.0,6.26,0.0,-0.005431305566666667,,0.402306114,3968.40383,0.203714846,0.000622913081,171.273928,98.930765,83.6401179,6.14450184,99.99998999999998,100.0,False
2026-04-12 12:30:00,-0.148,,-2.3,2.71,9.35,49.6,49.6,,99.29919999999998,0.0,0.0,,-4.0,-18.7,-0.3,-0.4065,0.0,0.0,2.84404,2.1,2.9862420000000003,0.0,2.28,0.0,0.0,1.95,0.0,0.0,3.4,0.0,0.0,4.26,0.0,0.0,3.05,0.0,0.0,6.26,0.0,-0.015215277800000001,,0.402809042,3973.36478,0.204100467,0.000636125333,171.274485,98.930765,83.6400455,6.27482934,99.99998999999998,100.0,False
2026-04-12 13:00:00,-0.05,,-2.11,4.83,5.0,65.3,65.3,,127.335,0.0,0.0,,-4.0,-10.0,0.0,0.0,0.0,0.0,3.4201799999999998,2.1,3.591189,0.0,2.28,0.0,0.0,1.95,0.0,0.0,3.4,0.0,0.0,4.26,0.0,0.0,3.05,0.0,0.0,6.26,0.0,-0.2961643033333333,,0.417566757,4118.93695,0.211606552,0.000636125333,171.282139,98.930765,83.6344903,6.27482934,99.99998999999998,100.0,False
2026-04-12 13:30:00,-1.991,,-2.11,3.44,1.47,-9.07,-9.07,,-10.96563,0.0,0.0,,-2.4,-1.764,-4.0,-6.88,0.0,0.0,1.5045,2.1,1.579725,0.0,2.28,0.0,0.0,1.95,0.0,0.0,3.4,0.0,0.0,4.26,0.0,0.0,3.05,0.0,0.0,6.26,0.0,-0.12150925220000001,,0.423560013,4178.05527,0.214686122,0.000636125333,171.285282,98.930765,83.6334688,6.27482934,99.99998999999998,100.0,False
2026-04-12 14:00:00,0.0,,-0.4,11.04,3.6,0.0,0.0,,0.0,0.0,0.0,,0.0,0.0,0.0,0.0,0.0,0.0,1.9972,2.1,2.0970600000000004,0.0,2.28,0.0,0.0,1.95,0.0,0.0,3.4,0.0,0.0,4.26,0.0,0.0,3.05,0.0,0.0,6.26,0.0,-3.861743333333333,,0.619940902,6115.18385,0.312559413,0.000636125333,171.383466,98.930765,83.5603042,6.27482934,99.99998999999998,100.0,False
2026-04-12 14:30:00,0.0,,-0.4,15.0,8.6,5.5,5.5,,0.0,0.0,0.0,,0.0,0.0,0.0,0.0,0.0,0.0,1.01059,2.1,1.0611195000000002,0.0,2.28,0.0,0.0,1.95,0.0,0.0,3.4,0.0,0.0,4.26,0.0,0.0,3.05,0.0,0.0,6.26,0.0,-0.006194861166666667,,0.619991592,6115.68386,0.312716416,0.00066543264,171.383871,98.930765,83.5486167,6.56392072,99.99998999999998,100.0,False
2026-04-12 15:00:00,0.0,,5.3,10.0,0.0,24.07,24.07,,0.0,0.0,0.0,,0.0,0.0,0.0,0.0,0.0,0.0,2.7121399999999998,5.49,7.4448243,0.0,4.48,0.0,0.0,7.25,0.0,0.0,7.54,0.0,0.0,11.51,0.0,0.0,14.69,0.0,0.0,16.09,0.0,-0.0050739167,,0.619991592,6115.68386,0.312845012,0.000691201386,171.384023,98.930765,83.5485682,6.81810724,99.99998999999998,100.0,False
2026-04-12 15:30:00,0.0,,5.3,18.08,10.0,14.6,14.6,,0.0,0.0,0.0,,0.0,0.0,0.0,0.0,0.0,0.0,3.02148,5.49,8.2939626,0.0,4.48,0.0,0.0,7.25,0.0,0.0,7.54,0.0,0.0,11.51,0.0,0.0,14.69,0.0,0.0,16.09,0.0,-0.005181055600000001,,0.619991592,6115.68386,0.312976323,0.000715084413,171.384327,98.930765,83.5485088,7.05369276,99.99998999999998,100.0,False
2026-04-12 16:00:00,0.0,,38.17,16.04,12.0,20.0,20.0,,0.0,0.0,0.0,,0.0,0.0,0.0,0.0,0.0,0.0,4.8574399999999995,5.49,13.333672799999999,0.0,4.48,0.0,0.0,7.25,0.0,0.0,7.54,0.0,0.0,11.51,0.0,0.0,14.69,0.0,0.0,16.09,0.0,-0.005422999933333333,,0.620001995,6115.78648,0.313113765,0.000735205534,171.38453,98.930765,83.548462,7.25217032,99.99998999999998,100.0,False
2026-04-12 16:30:00,0.0,,38.17,50.0,48.72,117.0,117.0,,0.0,0.0,0.0,,0.0,0.0,0.0,0.0,0.0,0.0,2.93651,5.49,8.060719950000001,0.0,4.48,0.0,0.0,7.25,0.0,0.0,7.54,0.0,0.0,11.51,0.0,0.0,14.69,0.0,0.0,16.09,0.0,-0.004973638866666667,,0.620001995,6115.78648,0.313239818,0.000770434084,171.384783,98.930765,83.5484153,7.59966967,99.99998999999998,100.0,False
2026-04-12 17:00:00,0.0,,89.41,84.06,84.53,121.5,121.5,,0.0,0.0,0.0,,0.0,0.0,0.0,0.0,0.0,0.0,0.83604,5.49,2.2949298000000002,0.0,4.48,0.0,0.0,7.25,0.0,0.0,7.54,0.0,0.0,11.51,0.0,0.0,14.69,0.0,0.0,16.09,0.0,-0.0049271944666666664,,0.620001995,6115.78648,0.313364694,0.00081305202,171.385037,98.930765,83.5483771,8.02005895,99.99998999999998,100.0,False
2026-04-12 17:30:00,0.0,,89.41,88.27,86.1,139.5,139.5,,0.0,0.0,0.0,,0.0,0.0,0.0,0.0,0.0,0.0,3.92387,5.49,10.77102315,0.0,4.48,0.0,0.0,7.25,0.0,0.0,7.54,0.0,0.0,11.51,0.0,0.0,14.69,0.0,0.0,16.09,0.0,-0.004951388966666667,,0.620001995,6115.78648,0.313490184,0.000844858437,171.385189,98.930765,83.5483388,8.3338019,99.99998999999998,100.0,False
2026-04-12 18:00:00,0.05,,109.75,100.0,101.0,142.45,142.45,,0.0,7.1225,0.0,,0.0,0.0,0.0,0.0,0.0,0.0,4.8581199999999995,5.49,13.3355394,0.0,4.48,0.0,0.0,7.25,0.0,0.0,7.54,0.0,0.0,11.51,0.0,0.0,14.69,0.0,0.0,16.09,0.0,-0.0049335555,,0.620001995,6115.78648,0.313615222,0.000876108313,171.385544,98.930765,83.5483049,8.64205505,99.99998999999998,100.0,False
2026-04-12 18:30:00,1.938,,109.75,106.44,105.0,139.5,139.5,,12.27599999999998,0.0,0.0,,0.0,0.0,3.7,196.91400000000002,0.0,0.0,5.84796,5.49,16.0526502,0.0,4.48,0.0,0.0,7.25,0.0,0.0,7.54,0.0,0.0,11.51,0.0,0.0,14.69,0.0,0.0,16.09,0.0,0.11188197216666668,,0.620001995,6115.78648,0.316618754,0.00691826797,171.388737,98.930765,83.5484039,68.2427638,99.99998999999998,100.0,False
2026-04-12 19:00:00,3.549,,118.0,116.93,115.3,142.45,142.45,,-7.264950000000022,0.0,0.0,,0.0,0.0,7.2,420.94800000000004,0.0,0.0,6.7836099999999995,6.34,21.504043699999997,0.0,7.06,0.0,0.0,0.81,0.0,0.0,9.32,0.0,0.0,-0.56,0.0,0.0,19.9,0.0,0.0,-10.44,0.0,3.8214250666666665,,0.620001995,6115.78648,0.413470204,0.20052976,171.486008,98.930765,83.6300886,1978.05363,99.99998999999998,100.0,False
2026-04-12 19:30:00,0.0,,118.0,121.85,118.04,143.99,143.99,,0.0,0.0,0.0,,0.0,0.0,0.0,0.0,0.0,0.0,7.01818,6.34,22.2476306,0.0,7.06,0.0,0.0,0.81,0.0,0.0,9.32,0.0,0.0,-0.56,0.0,0.0,19.9,0.0,0.0,-10.44,0.0,6.8962053999999995,,0.620001995,6115.78648,0.588249895,0.551291509,171.661442,98.930765,83.7988709,5438.01663,99.99998999999998,100.0,False
2026-04-12 20:00:00,0.0,,119.3,121.6,117.9,142.45,142.45,,0.0,0.0,0.0,,0.0,0.0,0.0,0.0,0.0,0.0,7.4202200000000005,6.34,23.5220974,0.0,7.06,0.0,0.0,0.81,0.0,0.0,9.32,0.0,0.0,-0.56,0.0,0.0,19.9,0.0,0.0,-10.44,0.0,-0.004948166633333334,,0.620001995,6115.78648,0.588375304,0.551333428,171.661797,98.930765,83.8242911,5438.43012,99.99998999999998,100.0,False
2026-04-12 20:30:00,0.0,,119.3,123.0,122.02,142.45,142.45,,0.0,0.0,0.0,,0.0,0.0,0.0,0.0,0.0,0.0,7.4581,6.34,23.642177,0.0,7.06,0.0,0.0,0.81,0.0,0.0,9.32,0.0,0.0,-0.56,0.0,0.0,19.9,0.0,0.0,-10.44,0.0,-0.005044749966666667,,0.620001995,6115.78648,0.58850316,0.551372799,171.661949,98.930765,83.8242493,5438.81848,99.99998999999998,100.0,False
2026-04-12 21:00:00,0.0,,116.55,121.5,116.36,96.83,96.83,,0.0,0.0,0.0,,0.0,0.0,0.0,0.0,0.0,0.0,7.42845,6.34,23.5481865,0.0,7.06,0.0,0.0,0.81,0.0,0.0,9.32,0.0,0.0,-0.56,0.0,0.0,19.9,0.0,0.0,-10.44,0.0,-0.0050463611,,0.620001995,6115.78648,0.588631057,0.551410011,171.662203,98.930765,83.8242067,5439.18555,99.99998999999998,100.0,False
2026-04-12 21:30:00,0.0,,116.55,116.08,113.7,119.59,119.59,,0.0,0.0,0.0,,0.0,0.0,0.0,0.0,0.0,0.0,7.41895,6.34,23.518071499999998,0.0,7.06,0.0,0.0,0.81,0.0,0.0,9.32,0.0,0.0,-0.56,0.0,0.0,19.9,0.0,0.0,-10.44,0.0,-0.0050262501,,0.620001995,6115.78648,0.588758443,0.551444678,171.662406,98.930765,83.824164,5439.52751,99.99998999999998,100.0,False
2026-04-12 22:00:00,0.0,,105.4,115.74,106.9,73.25,73.25,,0.0,0.0,0.0,,0.0,0.0,0.0,0.0,0.0,0.0,7.39993,6.34,23.457778100000002,0.0,7.06,0.0,0.0,0.81,0.0,0.0,9.32,0.0,0.0,-0.56,0.0,0.0,19.9,0.0,0.0,-10.44,0.0,-0.005051222266666666,,0.620001995,6115.78648,0.588886463,0.551474533,171.662609,98.930765,83.8241044,5439.822,99.99998999999998,100.0,False
2026-04-12 22:30:00,0.0,,105.4,102.53,87.15,122.18,122.18,,0.0,0.0,0.0,,0.0,0.0,0.0,0.0,0.0,0.0,7.05753,6.34,22.372370099999998,0.0,7.06,0.0,0.0,0.81,0.0,0.0,9.32,0.0,0.0,-0.56,0.0,0.0,19.9,0.0,0.0,-10.44,0.0,-0.0050684444,,0.620001995,6115.78648,0.58901492,0.55149967,171.662862,98.930765,83.8240447,5440.06995,99.99998999999998,100.0,False
2026-04-12 23:00:00,0.0,,93.0,129.28,125.0,107.48,107.48,,0.0,0.0,0.0,,0.0,0.0,0.0,0.0,0.0,0.0,7.35567,2,7.35567,0.0,1.1,0.0,0.0,1.48,0.0,0.0,5.32,0.0,0.0,-0.7,0.0,0.0,17.17,0.0,0.0,-11.53,0.0,-0.005055888933333334,,0.620001995,6115.78648,0.589143058,0.551525188,171.663116,98.930765,83.8239893,5440.32167,99.99998999999998,100.0,False
2026-04-12 23:30:00,0.0,,93.0,114.31,109.44,104.51,104.51,,0.0,0.0,0.0,,0.0,0.0,0.0,0.0,0.0,0.0,7.5118,2,7.5118,0.0,1.1,0.0,0.0,1.48,0.0,0.0,5.32,0.0,0.0,-0.7,0.0,0.0,17.17,0.0,0.0,-11.53,0.0,-0.0049954444,,0.620001995,6115.78648,0.589269664,0.551551791,171.663368,98.930765,83.8239169,5440.58408,99.99998999999998,100.0,False
2026-04-13 00:00:00,-0.054,,95.0,113.53,114.0,111.9,111.9,,0.0,-6.0426,0.0,,0.0,0.0,0.0,0.0,0.0,0.0,7.2447,2,7.2447,0.0,1.1,0.0,0.0,1.48,0.0,0.0,5.32,0.0,0.0,-0.7,0.0,0.0,17.17,0.0,0.0,-11.53,0.0,-0.005020999966666666,,0.620001995,6115.78648,0.589396918,0.551567258,171.663571,98.930765,83.8238444,5440.73665,99.99998999999998,100.0,False
2026-04-13 00:30:00,-2.011,,95.0,110.0,110.8,111.9,111.9,,155.42909999999998,0.0,0.0,,-2.8,-155.11999999999998,-4.0,-220.0,0.0,0.0,7.4211800000000006,2,7.4211800000000006,0.0,1.1,0.0,0.0,1.48,0.0,0.0,5.32,0.0,0.0,-0.7,0.0,0.0,17.17,0.0,0.0,-11.53,0.0,-0.12853813556666666,,0.00637839318,62.9173633,0.00325771268,4.47989516e-06,171.666967,98.930765,83.8236569,0.044190313,99.99998999999998,100.0,False
2026-04-13 01:00:00,0.0,,95.0,110.0,105.0,111.9,111.9,,223.8,0.0,0.0,,-4.0,-210.0,0.0,0.0,0.0,0.0,7.242319999999999,2,7.242319999999999,0.0,1.1,0.0,0.0,1.48,0.0,0.0,5.32,0.0,0.0,-0.7,0.0,0.0,17.17,0.0,0.0,-11.53,0.0,-3.8632266666666664,,0.202182413,1994.35563,0.101168596,4.47989516e-06,171.765253,98.930765,83.7506054,0.044190313,99.99998999999998,100.0,False
2026-04-13 01:30:00,0.0,,95.0,108.0,106.7,117.9,117.9,,235.8,0.0,0.0,,-4.0,-213.4,0.0,0.0,0.0,0.0,7.24952,2,7.24952,0.0,1.1,0.0,0.0,1.48,0.0,0.0,5.32,0.0,0.0,-0.7,0.0,0.0,17.17,0.0,0.0,-11.53,0.0,-0.0050069166,,0.202182413,1994.35563,0.101295494,2.74849951e-05,171.765507,98.930765,83.7387944,0.27111584,99.99998999999998,100.0,False
2026-04-13 02:00:00,-0.038,,96.76,106.1,105.7,127.0,127.0,,0.0,-4.826,0.0,,0.0,0.0,0.0,0.0,0.0,0.0,7.26058,2,7.26058,0.0,1.1,0.0,0.0,1.48,0.0,0.0,5.32,0.0,0.0,-0.7,0.0,0.0,17.17,0.0,0.0,-11.53,0.0,-0.0050570834,,0.202182413,1994.35563,0.101423662,5.16122035e-05,171.765709,98.930765,83.7387349,0.509110001,99.99998999999998,99.98611066666666,False
2026-04-13 02:30:00,-1.444,,96.76,106.8,101.71,127.0,127.0,,-5.5880000000000045,0.0,0.0,,0.0,0.0,-2.8,-149.51999999999998,0.0,0.0,7.33644,2,7.33644,0.0,1.1,0.0,0.0,1.48,0.0,0.0,5.32,0.0,0.0,-0.7,0.0,0.0,17.17,0.0,0.0,-11.53,0.0,-0.09180199786666667,,0.206651631,2038.44062,0.103750322,6.88158857e-05,171.768192,98.930765,83.7385903,0.678809531,99.99998999999998,100.0,False
2026-04-13 03:00:00,-1.973,,96.54,107.77,102.91,127.0,127.0,,3.4289999999999887,0.0,0.0,,0.0,0.0,-4.0,-215.54,0.0,0.0,7.35266,2.73,10.036380900000001,0.0,1.94,0.0,0.0,1.52,0.0,0.0,6.38,0.0,0.0,-0.39,0.0,0.0,8.98,0.0,0.0,-8.39,0.0,-2.8412959,,0.350295615,3455.36499,0.175761057,6.88158857e-05,171.840475,98.930765,83.6872267,0.678809531,99.99998999999998,100.0,False
2026-04-13 03:30:00,0.0,,96.54,106.4,100.4,127.0,127.0,,0.0,0.0,0.0,,0.0,0.0,0.0,0.0,0.0,0.0,7.334359999999999,2.73,10.011401399999999,0.0,1.94,0.0,0.0,1.52,0.0,0.0,6.38,0.0,0.0,-0.39,0.0,0.0,8.98,0.0,0.0,-8.39,0.0,-3.8396695666666667,,0.544749684,5373.48715,0.273074902,6.88158857e-05,171.938202,98.930765,83.6066491,0.678809531,99.99998999999998,100.0,False
2026-04-13 04:00:00,0.0,,101.93,107.9,111.0,127.0,127.0,,0.0,0.0,0.0,,0.0,0.0,0.0,0.0,0.0,0.0,7.51833,2.73,10.26252045,0.0,1.94,0.0,0.0,1.52,0.0,0.0,6.38,0.0,0.0,-0.39,0.0,0.0,8.98,0.0,0.0,-8.39,0.0,-0.005028305566666666,,0.544749684,5373.48715,0.273202342,9.50684541e-05,171.938355,98.930765,83.5950931,0.937768541,99.99998999999998,100.0,False
2026-04-13 04:30:00,0.0,,101.93,109.99,104.9,127.4,127.4,,0.0,0.0,0.0,,0.0,0.0,0.0,0.0,0.0,0.0,7.30842,2.73,9.975993299999999,0.0,1.94,0.0,0.0,1.52,0.0,0.0,6.38,0.0,0.0,-0.39,0.0,0.0,8.98,0.0,0.0,-8.39,0.0,-0.0050372777666666665,,0.544749684,5373.48715,0.273330008,0.000117533059,171.938659,98.930765,83.595038,1.15936255,99.99998999999998,100.0,False
2026-04-13 05:00:00,0.0,,114.9,110.0,112.54,146.64,146.64,,0.0,0.0,0.0,,0.0,0.0,0.0,0.0,0.0,0.0,7.40888,2.73,10.1131212,0.0,1.94,0.0,0.0,1.52,0.0,0.0,6.38,0.0,0.0,-0.39,0.0,0.0,8.98,0.0,0.0,-8.39,0.0,-0.0051224722666666665,,0.544753084,5373.52069,0.273459834,0.000137749697,171.938811,98.930765,83.5949787,1.3587823,99.99998999999998,100.0,False
2026-04-13 05:30:00,0.0,,114.9,110.0,115.0,147.0,147.0,,0.0,0.0,0.0,,0.0,0.0,0.0,0.0,0.0,0.0,7.25463,2.73,9.90256995,0.0,1.94,0.0,0.0,1.52,0.0,0.0,6.38,0.0,0.0,-0.39,0.0,0.0,8.98,0.0,0.0,-8.39,0.0,-0.005036111066666666,,0.544753084,5373.52069,0.27358747,0.000162828184,171.939064,98.930765,83.5949278,1.60616,99.99998999999998,100.0,False
2026-04-13 06:00:00,0.0,,128.09,122.27,127.1,160.0,160.0,,0.0,0.0,0.0,,0.0,0.0,0.0,0.0,0.0,0.0,7.16449,2.73,9.77952885,0.0,1.94,0.0,0.0,1.52,0.0,0.0,6.38,0.0,0.0,-0.39,0.0,0.0,8.98,0.0,0.0,-8.39,0.0,-0.004981833266666667,,0.544753084,5373.52069,0.273713732,0.000184236019,171.939267,98.930765,83.5948812,1.81732988,99.99998999999998,100.0,False
2026-04-13 06:30:00,0.063,,128.09,128.31,134.58,175.33,175.33,,0.0,11.04579,0.0,,0.0,0.0,0.0,0.0,0.0,0.0,7.41928,2.73,10.1273172,0.0,1.94,0.0,0.0,1.52,0.0,0.0,6.38,0.0,0.0,-0.39,0.0,0.0,8.98,0.0,0.0,-8.39,0.0,-0.005026916633333333,,0.544753084,5373.52069,0.273841135,0.000205132256,171.93952,98.930765,83.5948388,2.02345329,99.99998999999998,100.0,False
2026-04-13 07:00:00,2.466,,132.58,146.57,142.4,177.22,177.22,,20.557520000000018,0.0,0.0,,0.0,0.0,4.7,344.4395,0.0,0.0,7.17816,6.93,24.8723244,0.0,3.68,0.0,0.0,-0.28,0.0,0.0,8.03,0.0,0.0,-2.93,0.0,0.0,22.95,0.0,0.0,-13.37,0.0,0.1389959411,,0.544753084,5373.52069,0.277534147,0.00761565253,171.943373,98.930765,83.5949595,75.1218627,99.99998999999998,100.0,False
2026-04-13 07:30:00,3.082,,132.58,162.0,151.48,199.1,199.1,,16.326199999999968,0.0,0.0,,0.0,0.0,6.0,486.0,0.0,0.0,6.71377,6.93,23.26321305,0.0,3.68,0.0,0.0,-0.28,0.0,0.0,8.03,0.0,0.0,-2.93,0.0,0.0,22.95,0.0,0.0,-13.37,0.0,4.7649485,,0.544753084,5373.52069,0.398298565,0.248425343,172.06462,98.930765,83.6979702,2450.50236,99.99998999999998,100.0,False
2026-04-13 08:00:00,0.0,,122.36,156.0,151.2,215.32,215.32,,0.0,0.0,0.0,,0.0,0.0,0.0,0.0,0.0,0.0,5.93489,6.93,20.56439385,0.0,3.68,0.0,0.0,-0.28,0.0,0.0,8.03,0.0,0.0,-2.93,0.0,0.0,22.95,0.0,0.0,-13.37,0.0,5.770412733333333,,0.544753084,5373.52069,0.544545798,0.540487523,172.211414,98.930765,83.8451571,5331.4446,99.99998999999998,100.0,False
2026-04-13 08:30:00,0.0,,122.36,144.0,144.25,179.9,179.9,,0.0,0.0,0.0,,0.0,0.0,0.0,0.0,0.0,0.0,4.75167,6.93,16.46453655,0.0,3.68,0.0,0.0,-0.28,0.0,0.0,8.03,0.0,0.0,-2.93,0.0,0.0,22.95,0.0,0.0,-13.37,0.0,-0.004986472266666667,,0.544753084,5373.52069,0.544672177,0.540525125,172.211668,98.930765,83.8649784,5331.81551,99.99998999999998,100.0,False
2026-04-13 09:00:00,0.0,,115.6,139.22,136.79,80.0,80.0,,0.0,0.0,0.0,,0.0,0.0,0.0,0.0,0.0,0.0,3.53816,6.93,12.2597244,0.0,3.68,0.0,0.0,-0.28,0.0,0.0,8.03,0.0,0.0,-2.93,0.0,0.0,22.95,0.0,0.0,-13.37,0.0,-0.0049945,,0.544753084,5373.52069,0.54479876,0.540559922,172.211871,98.930765,83.8649273,5332.15875,99.99998999999998,100.0,False
2026-04-13 09:30:00,0.0,,115.6,115.62,117.09,40.88,40.88,,0.0,0.0,0.0,,0.0,0.0,0.0,0.0,0.0,0.0,2.43845,6.93,8.44922925,0.0,3.68,0.0,0.0,-0.28,0.0,0.0,8.03,0.0,0.0,-2.93,0.0,0.0,22.95,0.0,0.0,-13.37,0.0,-0.0049628889,,0.544753084,5373.52069,0.544924541,0.54057748,172.212124,98.930765,83.8648678,5332.33194,99.99998999999998,100.0,False
2026-04-13 10:00:00,0.0,,103.0,110.0,109.1,91.91,91.91,,0.0,0.0,0.0,,0.0,0.0,0.0,0.0,0.0,0.0,1.48382,6.93,5.1414363,0.0,3.68,0.0,0.0,-0.28,0.0,0.0,8.03,0.0,0.0,-2.93,0.0,0.0,22.95,0.0,0.0,-13.37,0.0,-0.004973916666666667,,0.544753084,5373.52069,0.545050601,0.540597212,172.212428,98.930765,83.864821,5332.52658,99.99998999999998,100.0,False
2026-04-13 10:30:00,0.0,,103.0,103.8,105.02,87.12,87.12,,0.0,0.0,0.0,,0.0,0.0,0.0,0.0,0.0,0.0,0.63012,6.93,2.1833658,0.0,3.68,0.0,0.0,-0.28,0.0,0.0,8.03,0.0,0.0,-2.93,0.0,0.0,22.95,0.0,0.0,-13.37,0.0,-0.004935472266666667,,0.544753084,5373.52069,0.545175688,0.540614103,172.212631,98.930765,83.8647708,5332.6932,99.99998999999998,100.0,False
2026-04-13 11:00:00,0.0,,97.06,102.01,101.0,97.3,97.3,,0.0,0.0,0.0,,0.0,0.0,0.0,0.0,0.0,0.0,0.06479,2.9,0.0939455,0.0,0.37,0.0,0.0,3.46,0.0,0.0,4.58,0.0,0.0,1.48,0.0,0.0,15.64,0.0,0.0,-9.64,0.0,-0.004961666666666666,,0.544753084,5373.52069,0.545301438,0.540634415,172.212986,98.930765,83.8647368,5332.89356,99.99998999999998,100.0,False
2026-04-13 11:30:00,-0.05,,97.06,98.4,98.0,94.05,94.05,,0.0,-4.7025,0.0,,0.0,0.0,0.0,0.0,0.0,0.0,0.87618,2.9,1.2704609999999998,0.0,0.37,0.0,0.0,3.46,0.0,0.0,4.58,0.0,0.0,1.48,0.0,0.0,15.64,0.0,0.0,-9.64,0.0,-0.005281833266666667,,0.544759243,5373.58144,0.545435302,0.540653378,172.213239,98.930765,83.8646858,5333.08061,99.99998999999998,100.0,False
2026-04-13 12:00:00,-1.962,,91.0,99.08,98.96,89.78,89.78,,3.411640000000003,0.0,0.0,,0.0,0.0,-4.0,-198.16,0.0,0.0,0.98348,2.9,1.426046,0.0,0.37,0.0,0.0,3.46,0.0,0.0,4.58,0.0,0.0,1.48,0.0,0.0,15.64,0.0,0.0,-9.64,0.0,-0.12415591666666666,,0.550924798,5434.39934,0.548581951,0.540671222,172.216686,98.930765,83.8645284,5333.25663,99.99998999999998,100.0,False
2026-04-13 12:30:00,-0.001,,91.0,97.0,99.0,88.82,88.82,,0.0,-0.08882,0.0,,0.0,0.0,0.0,0.0,0.0,0.0,1.45776,2.9,2.113752,0.0,0.37,0.0,0.0,3.46,0.0,0.0,4.58,0.0,0.0,1.48,0.0,0.0,15.64,0.0,0.0,-9.64,0.0,-3.8702648333333336,,0.747638495,7374.81078,0.646671211,0.540671222,172.315123,98.930765,83.7914121,5333.25663,99.99998999999998,100.0,False
2026-04-13 13:00:00,-0.001,,91.48,97.0,99.0,98.08,98.08,,0.0,-0.09808,0.0,,0.0,0.0,0.0,0.0,0.0,0.0,2.69557,2.9,3.9085765,0.0,0.37,0.0,0.0,3.46,0.0,0.0,4.58,0.0,0.0,1.48,0.0,0.0,15.64,0.0,0.0,-9.64,0.0,-0.007259055566666666,,0.747722754,7375.64193,0.646855188,0.540671222,172.315275,98.930765,83.7795411,5333.25663,99.99998999999998,100.0,False
2026-04-13 13:30:00,-0.029,,91.48,97.0,96.53,85.75,85.75,,0.0,-2.4867500000000002,0.0,,0.0,0.0,0.0,0.0,0.0,0.0,0.2948,2.9,0.42746,0.0,0.37,0.0,0.0,3.46,0.0,0.0,4.58,0.0,0.0,1.48,0.0,0.0,15.64,0.0,0.0,-9.64,0.0,-0.0063515278,,0.747768827,7376.0964,0.647016162,0.540680569,172.315731,98.930765,83.7794647,5333.34883,99.99998999999998,100.0,False
2026-04-13 14:00:00,-1.188,,91.0,97.0,97.85,121.45,121.45,,244.35740000000007,0.0,0.0,,-4.0,-195.7,-2.4,-116.39999999999999,0.0,0.0,2.1261799999999997,2.9,3.0829609999999996,0.0,0.37,0.0,0.0,3.46,0.0,0.0,4.58,0.0,0.0,1.48,0.0,0.0,15.64,0.0,0.0,-9.64,0.0,-0.07541752916666666,,0.751394574,7411.86127,0.648927569,0.540694043,172.317708,98.930765,83.7793416,5333.48174,99.99998999999998,100.0,False
2026-04-13 14:30:00,-0.052,,91.0,97.0,97.7,122.9,122.9,,239.4092,0.0,0.0,,-4.0,-195.4,0.0,0.0,0.0,0.0,2.3659299999999996,2.9,3.4305984999999994,0.0,0.37,0.0,0.0,3.46,0.0,0.0,4.58,0.0,0.0,1.48,0.0,0.0,15.64,0.0,0.0,-9.64,0.0,-2.3359073,,0.869607293,8577.92808,0.70812957,0.540694043,172.377318,98.930765,83.7354438,5333.48174,99.99998999999998,100.0,False
2026-04-13 15:00:00,-2.05,,94.97,99.09,99.2,85.75,85.75,,167.2125,0.0,0.0,,-4.0,-198.4,-4.0,-198.18,0.0,0.0,0.9930599999999999,7.71,3.8282462999999995,0.0,2.0,0.0,0.0,3.02,0.0,0.0,3.44,0.0,0.0,1.35,0.0,0.0,17.47,0.0,0.0,-6.04,0.0,-0.12629938556666667,,0.875890689,8639.90838,0.711330543,0.5407108,172.380512,98.930765,83.7282337,5333.64703,99.99998999999998,100.0,False
2026-04-13 15:30:00,-2.004,,94.97,100.08,100.0,85.75,85.75,,102.55700000000002,0.0,0.0,,-2.4,-120.0,-4.0,-200.16,0.0,0.0,4.4421800000000005,7.71,17.1246039,0.0,2.0,0.0,0.0,3.02,0.0,0.0,3.44,0.0,0.0,1.35,0.0,0.0,17.47,0.0,0.0,-6.04,0.0,-3.9871989333333335,,1.07874038,10640.8461,0.812383421,0.5407108,172.482091,98.930765,83.6551601,5333.64703,99.99998999999998,100.0,False
2026-04-13 16:00:00,0.0,,102.0,101.83,101.0,85.78,85.78,,0.0,0.0,0.0,,0.0,0.0,0.0,0.0,0.0,0.0,3.17577,7.71,12.24259335,0.0,2.0,0.0,0.0,3.02,0.0,0.0,3.44,0.0,0.0,1.35,0.0,0.0,17.47,0.0,0.0,-6.04,0.0,-3.8590214333333335,,1.27492826,12576.0708,0.910187727,0.5407108,172.580072,98.930765,83.5707272,5333.64703,99.99998999999998,100.0,False
2026-04-13 16:30:00,0.0,,102.0,114.61,109.85,85.78,85.78,,0.0,0.0,0.0,,0.0,0.0,0.0,0.0,0.0,0.0,2.406,7.71,9.27513,0.0,2.0,0.0,0.0,3.02,0.0,0.0,3.44,0.0,0.0,1.35,0.0,0.0,17.47,0.0,0.0,-6.04,0.0,-0.0052199444333333326,,1.27492829,12576.0711,0.910320022,0.540737278,172.580427,98.930765,83.5591255,5333.90821,99.99998999999998,100.0,False
2026-04-13 17:00:00,0.0,,118.57,113.58,115.88,85.78,85.78,,0.0,0.0,0.0,,0.0,0.0,0.0,0.0,0.0,0.0,6.050680000000001,7.71,23.3253714,0.0,2.0,0.0,0.0,3.02,0.0,0.0,3.44,0.0,0.0,1.35,0.0,0.0,17.47,0.0,0.0,-6.04,0.0,-0.0049665279,,1.27492829,12576.0711,0.910445896,0.540781968,172.58063,98.930765,83.559058,5334.34904,99.99998999999998,100.0,False
2026-04-13 17:30:00,0.075,,118.57,133.0,132.57,120.45,120.45,,0.0,9.03375,0.0,,0.0,0.0,0.0,0.0,0.0,0.0,6.88989,7.71,26.560525950000002,0.0,2.0,0.0,0.0,3.02,0.0,0.0,3.44,0.0,0.0,1.35,0.0,0.0,17.47,0.0,0.0,-6.04,0.0,-0.0050458611333333335,,1.27492829,12576.0711,0.910573781,0.540824559,172.580883,98.930765,83.5590039,5334.76917,99.99998999999998,100.0,False
2026-04-13 18:00:00,3.004,,135.28,134.0,134.4,121.62,121.62,,12.648480000000012,0.0,0.0,,0.0,0.0,5.8,388.59999999999997,0.0,0.0,6.90033,7.71,26.60077215,0.0,2.0,0.0,0.0,3.02,0.0,0.0,3.44,0.0,0.0,1.35,0.0,0.0,17.47,0.0,0.0,-6.04,0.0,0.16893580893333335,,1.27492829,12576.0711,0.91502568,0.549812309,172.585547,98.930765,83.5591376,5423.42559,99.99998999999998,100.0,False
2026-04-13 18:30:00,3.331,,135.28,136.0,137.2,103.42,103.42,,-1.9649800000000133,0.0,0.0,,0.0,0.0,6.7,455.6,0.0,0.0,6.84231,7.71,26.37710505,0.0,2.0,0.0,0.0,3.02,0.0,0.0,3.44,0.0,0.0,1.35,0.0,0.0,17.47,0.0,0.0,-6.04,0.0,5.830689700000001,,1.27492829,12576.0711,1.06280059,0.845779591,172.733913,98.930765,83.6856869,8342.88829,99.99998999999998,100.0,False
2026-04-13 19:00:00,0.0,,141.05,134.24,134.4,117.11,117.11,,0.0,0.0,0.0,,0.0,0.0,0.0,0.0,0.0,0.0,6.95001,2.5,8.6875125,0.0,4.12,0.0,0.0,-0.38,0.0,0.0,10.86,0.0,0.0,-3.78,0.0,0.0,21.29,0.0,0.0,-15.14,0.0,6.481937733333333,,1.27492829,12576.0711,1.22708094,1.17492047,172.898702,98.930765,83.8517558,11589.58,99.99998999999998,100.0,False
2026-04-13 19:30:00,0.0,,141.05,134.58,140.0,140.0,140.0,,0.0,0.0,0.0,,0.0,0.0,0.0,0.0,0.0,0.0,7.2082299999999995,2.5,9.010287499999999,0.0,4.12,0.0,0.0,-0.38,0.0,0.0,10.86,0.0,0.0,-3.78,0.0,0.0,21.29,0.0,0.0,-15.14,0.0,-0.0050067778,,1.27492829,12576.0711,1.22720784,1.1749668,172.898955,98.930765,83.8748987,11590.037,99.99998999999998,100.0,False
2026-04-13 20:00:00,0.0,,137.97,133.71,133.7,131.65,131.65,,0.0,0.0,0.0,,0.0,0.0,0.0,0.0,0.0,0.0,7.22989,2.5,9.0373625,0.0,4.12,0.0,0.0,-0.38,0.0,0.0,10.86,0.0,0.0,-3.78,0.0,0.0,21.29,0.0,0.0,-15.14,0.0,-0.005000889033333333,,1.27492829,12576.0711,1.22733458,1.17502002,172.899158,98.930765,83.8748537,11590.562,99.99998999999998,100.0,False
2026-04-13 20:30:00,0.0,,137.97,130.78,129.04,98.04,98.04,,0.0,0.0,0.0,,0.0,0.0,0.0,0.0,0.0,0.0,7.51687,2.5,9.3960875,0.0,4.12,0.0,0.0,-0.38,0.0,0.0,10.86,0.0,0.0,-3.78,0.0,0.0,21.29,0.0,0.0,-15.14,0.0,-0.004997638866666667,,1.27492829,12576.0711,1.22746124,1.1750668,172.899361,98.930765,83.874791,11591.0234,99.99998999999998,100.0,False
2026-04-13 21:00:00,0.0,,130.6,127.99,131.57,85.8,85.8,,0.0,0.0,0.0,,0.0,0.0,0.0,0.0,0.0,0.0,7.5125399999999996,2.5,9.390675,0.0,4.12,0.0,0.0,-0.38,0.0,0.0,10.86,0.0,0.0,-3.78,0.0,0.0,21.29,0.0,0.0,-15.14,0.0,-0.005011555599999999,,1.27492829,12576.0711,1.22758826,1.17510363,172.899614,98.930765,83.8747198,11591.3867,99.99998999999998,100.0,False
2026-04-13 21:30:00,0.0,,130.6,112.38,107.0,85.8,85.8,,0.0,0.0,0.0,,0.0,0.0,0.0,0.0,0.0,0.0,7.36687,2.5,9.2085875,0.0,4.12,0.0,0.0,-0.38,0.0,0.0,10.86,0.0,0.0,-3.78,0.0,0.0,21.29,0.0,0.0,-15.14,0.0,-0.0050394167,,1.27492829,12576.0711,1.22771599,1.17514038,172.899868,98.930765,83.8746401,11591.7492,99.99998999999998,100.0,False
2026-04-13 22:00:00,-0.023,,112.0,114.64,112.0,121.6,121.6,,0.0,-2.7967999999999997,0.0,,0.0,0.0,0.0,0.0,0.0,0.0,7.28119,2.5,9.1014875,0.0,4.12,0.0,0.0,-0.38,0.0,0.0,10.86,0.0,0.0,-3.78,0.0,0.0,21.29,0.0,0.0,-15.14,0.0,-0.005043194466666667,,1.27492829,12576.0711,1.2278438,1.17517911,172.90007,98.930765,83.8745553,11592.1313,99.99998999999998,100.0,False
2026-04-13 22:30:00,-0.914,,112.0,102.17,95.79,129.99,129.99,,115.17114000000001,0.0,0.0,,-1.8,-86.21100000000001,-1.8,-91.953,0.0,0.0,7.45701,2.5,9.3212625,0.0,4.12,0.0,0.0,-0.38,0.0,0.0,10.86,0.0,0.0,-3.78,0.0,0.0,21.29,0.0,0.0,-15.14,0.0,-0.05979327686666667,,1.27774185,12603.8245,1.22935922,1.17520336,172.901743,98.930765,83.8744121,11592.3705,99.99998999999998,100.0,False
2026-04-13 23:00:00,0.0,,104.99,103.24,105.15,118.0,118.0,,0.0,0.0,0.0,,0.0,0.0,0.0,0.0,0.0,0.0,7.51188,3,11.26782,0.0,0.06,0.0,0.0,1.36,0.0,0.0,4.28,0.0,0.0,-1.72,0.0,0.0,17.84,0.0,0.0,-12.93,0.0,-1.7589863933333334,,1.36645018,13478.8559,1.27393954,1.17520336,172.946551,98.930765,83.8414811,11592.3705,99.99998999999998,100.0,False
2026-04-13 23:30:00,0.0,,104.99,97.0,97.0,89.35,89.35,,0.0,0.0,0.0,,0.0,0.0,0.0,0.0,0.0,0.0,7.47586,3,11.21379,0.0,0.06,0.0,0.0,1.36,0.0,0.0,4.28,0.0,0.0,-1.72,0.0,0.0,17.84,0.0,0.0,-12.93,0.0,-0.0050407778,,1.36645018,13478.8559,1.2740673,1.17523919,172.946653,98.930765,83.8361256,11592.7239,99.99998999999998,100.0,False
2026-04-14 00:00:00,0.0,,101.0,97.0,97.0,99.34,99.34,,0.0,0.0,0.0,,0.0,0.0,0.0,0.0,0.0,0.0,7.41162,3,11.11743,0.0,0.06,0.0,0.0,1.36,0.0,0.0,4.28,0.0,0.0,-1.72,0.0,0.0,17.84,0.0,0.0,-12.93,0.0,-0.005049944466666667,,1.36645018,13478.8559,1.27419529,1.17527224,172.947008,98.930765,83.836051,11593.0499,99.99998999999998,100.0,False
2026-04-14 00:30:00,0.0,,101.0,97.0,97.0,98.33,98.33,,0.0,0.0,0.0,,0.0,0.0,0.0,0.0,0.0,0.0,7.512149999999999,3,11.268225,0.0,0.06,0.0,0.0,1.36,0.0,0.0,4.28,0.0,0.0,-1.72,0.0,0.0,17.84,0.0,0.0,-12.93,0.0,-0.0050415833,,0.0,0.0,0.000127775541,3.65041776e-05,172.94711,98.930765,83.8359664,0.360082318,99.99998999999998,100.0,False
2026-04-14 01:00:00,0.0,,100.9,97.0,97.0,88.65,88.65,,0.0,0.0,0.0,,0.0,0.0,0.0,0.0,0.0,0.0,7.42608,3,11.13912,0.0,0.06,0.0,0.0,1.36,0.0,0.0,4.28,0.0,0.0,-1.72,0.0,0.0,17.84,0.0,0.0,-12.93,0.0,-0.005058222266666666,,0.0,0.0,0.000255972785,7.11332338e-05,172.947414,98.930765,83.835869,0.701668177,99.99998999999998,100.0,False
2026-04-14 01:30:00,0.0,,100.9,97.0,97.0,90.66,90.66,,0.0,0.0,0.0,,0.0,0.0,0.0,0.0,0.0,0.0,7.38464,3,11.07696,0.0,0.06,0.0,0.0,1.36,0.0,0.0,4.28,0.0,0.0,-1.72,0.0,0.0,17.84,0.0,0.0,-12.93,0.0,-0.0050327778,,0.0,0.0,0.000383525157,9.85313621e-05,172.947617,98.930765,83.8357809,0.97192715,99.99998999999998,100.0,False
2026-04-14 02:00:00,-0.046,,99.9,98.28,97.0,82.18,82.18,,0.0,-3.7802800000000003,0.0,,0.0,0.0,0.0,0.0,0.0,0.0,7.45809,3,11.187135000000001,0.0,0.06,0.0,0.0,1.36,0.0,0.0,4.28,0.0,0.0,-1.72,0.0,0.0,17.84,0.0,0.0,-12.93,0.0,-0.0050014444,,0.0,0.0,0.000510283405,0.000129488358,172.94787,98.930765,83.8356987,1.27729129,99.99998999999998,100.0,False
2026-04-14 02:30:00,-1.767,,99.9,97.0,96.4,82.12,82.12,,-5.5020399999999965,0.0,0.0,,-2.3,-110.86,-1.1,-53.35,0.0,0.0,7.52332,3,11.284980000000001,0.0,0.06,0.0,0.0,1.36,0.0,0.0,4.28,0.0,0.0,-1.72,0.0,0.0,17.84,0.0,0.0,-12.93,0.0,-0.11029816333333335,,0.00543307594,53.5926217,0.00330571624,0.000145192106,172.950809,98.930765,83.8355048,1.43219526,99.99998999999998,100.0,False
2026-04-14 03:00:00,-2.048,,97.86,98.18,97.9,124.31,124.31,,-5.966880000000005,0.0,0.0,,0.0,0.0,-4.0,-196.36,0.0,0.0,7.42642,2.5,9.283025,0.0,2.25,0.0,0.0,0.88,0.0,0.0,6.31,0.0,0.0,-1.14,0.0,0.0,19.85,0.0,0.0,-9.91,0.0,-3.427130266666667,,0.178875844,1764.45637,0.09016403,0.000145192106,173.037943,98.930765,83.7733528,1.43219526,99.99998999999998,100.0,False
2026-04-14 03:30:00,-1.993,,97.86,98.0,97.0,114.0,114.0,,0.797999999999988,0.0,0.0,,-4.0,-194.0,0.0,0.0,0.0,0.0,7.48823,2.5,9.3602875,0.0,2.25,0.0,0.0,0.88,0.0,0.0,6.31,0.0,0.0,-1.14,0.0,0.0,19.85,0.0,0.0,-9.91,0.0,-3.9631472666666667,,0.379665112,3745.06982,0.190607334,0.000145192106,173.138814,98.930765,83.6913203,1.43219526,99.99998999999998,100.0,False
2026-04-14 04:00:00,0.0,,100.85,104.32,102.0,81.25,81.25,,0.0,0.0,0.0,,0.0,0.0,0.0,0.0,0.0,0.0,7.50664,2.5,9.3833,0.0,2.25,0.0,0.0,0.88,0.0,0.0,6.31,0.0,0.0,-1.14,0.0,0.0,19.85,0.0,0.0,-9.91,0.0,-3.8304496,,0.573540965,5657.48837,0.287687505,0.000145192106,173.236541,98.930765,83.608083,1.43219526,99.99998999999998,100.0,False
2026-04-14 04:30:00,0.0,,100.85,104.5,100.38,90.62,90.62,,0.0,0.0,0.0,,0.0,0.0,0.0,0.0,0.0,0.0,7.47733,2.5,9.3466625,0.0,2.25,0.0,0.0,0.88,0.0,0.0,6.31,0.0,0.0,-1.14,0.0,0.0,19.85,0.0,0.0,-9.91,0.0,-0.005056444366666667,,0.573540965,5657.48837,0.287815657,0.000169720013,173.236744,98.930765,83.5966703,1.67414197,99.99998999999998,100.0,False
2026-04-14 05:00:00,0.0,,110.35,111.16,108.52,142.56,142.56,,0.0,0.0,0.0,,0.0,0.0,0.0,0.0,0.0,0.0,7.505859999999999,2.5,9.382325,0.0,2.25,0.0,0.0,0.88,0.0,0.0,6.31,0.0,0.0,-1.14,0.0,0.0,19.85,0.0,0.0,-9.91,0.0,-0.005068611133333334,,0.573540965,5657.48837,0.287944119,0.000197547676,173.236947,98.930765,83.5965785,1.94863793,99.99998999999998,100.0,False
2026-04-14 05:30:00,0.0,,110.35,116.83,119.0,138.99,138.99,,0.0,0.0,0.0,,0.0,0.0,0.0,0.0,0.0,0.0,7.51384,2.5,9.3923,0.0,2.25,0.0,0.0,0.88,0.0,0.0,6.31,0.0,0.0,-1.14,0.0,0.0,19.85,0.0,0.0,-9.91,0.0,-0.0050681666,,0.573540965,5657.48837,0.288072567,0.000228977229,173.23715,98.930765,83.5964993,2.25866344,99.99998999999998,100.0,False
2026-04-14 06:00:00,0.0,,130.7,131.1,127.92,144.5,144.5,,0.0,0.0,0.0,,0.0,0.0,0.0,0.0,0.0,0.0,7.464810000000001,2.5,9.331012500000002,0.0,2.25,0.0,0.0,0.88,0.0,0.0,6.31,0.0,0.0,-1.14,0.0,0.0,19.85,0.0,0.0,-9.91,0.0,-0.0050551945,,0.573540965,5657.48837,0.288200688,0.000240026456,173.237352,98.930765,83.5964202,2.36765457,99.99998999999998,100.0,False
2026-04-14 06:30:00,0.059,,130.7,142.03,141.2,157.5,157.5,,0.0,9.292499999999999,0.0,,0.0,0.0,0.0,0.0,0.0,0.0,7.40858,2.5,9.260724999999999,0.0,2.25,0.0,0.0,0.88,0.0,0.0,6.31,0.0,0.0,-1.14,0.0,0.0,19.85,0.0,0.0,-9.91,0.0,-0.005024361066666667,,0.573540965,5657.48837,0.288328027,0.000260937193,173.237606,98.930765,83.5963587,2.573921,99.99998999999998,100.0,False
2026-04-14 07:00:00,2.267,,130.17,143.19,138.28,146.9,146.9,,9.84229999999996,0.0,0.0,,5.4,373.35600000000005,-1.0,-71.595,0.0,0.0,7.0653999999999995,3.5,12.36445,0.0,4.5,0.0,0.0,-0.02,0.0,0.0,9.35,0.0,0.0,-3.33,0.0,0.0,21.18,0.0,0.0,-13.74,0.0,0.1338986389,,0.573540965,5657.48837,0.291891225,0.00740133676,173.241408,98.930765,83.5964642,73.007822,99.99998999999998,100.0,False
2026-04-14 07:30:00,2.917,,130.17,141.69,149.0,146.9,146.9,,-4.847700000000054,0.0,0.0,,5.9,439.55,0.0,0.0,0.0,0.0,6.661899999999999,3.5,11.658324999999998,0.0,4.5,0.0,0.0,-0.02,0.0,0.0,9.35,0.0,0.0,-3.33,0.0,0.0,21.18,0.0,0.0,-13.74,0.0,4.468270100000001,,0.573540965,5657.48837,0.405136528,0.233269627,173.355102,98.930765,83.6923194,2301.00426,99.99998999999998,100.0,False
2026-04-14 08:00:00,0.0,,123.17,126.25,137.4,144.5,144.5,,0.0,0.0,0.0,,0.0,0.0,0.0,0.0,0.0,0.0,5.83929,3.5,10.2187575,0.0,4.5,0.0,0.0,-0.02,0.0,0.0,9.35,0.0,0.0,-3.33,0.0,0.0,21.18,0.0,0.0,-13.74,0.0,5.621349533333333,,0.573540965,5657.48837,0.547605855,0.517886482,173.497994,98.930765,83.8343283,5108.50476,99.99998999999998,100.0,False
2026-04-14 08:30:00,0.0,,123.17,126.12,132.23,144.5,144.5,,0.0,0.0,0.0,,0.0,0.0,0.0,0.0,0.0,0.0,4.5950299999999995,3.5,8.041302499999999,0.0,4.5,0.0,0.0,-0.02,0.0,0.0,9.35,0.0,0.0,-3.33,0.0,0.0,21.18,0.0,0.0,-13.74,0.0,-0.004973555433333333,,0.573540965,5657.48837,0.547731906,0.51793143,173.498297,98.930765,83.8533588,5108.94814,99.99998999999998,100.0,False
2026-04-14 09:00:00,0.0,,107.5,106.77,110.02,83.23,83.23,,0.0,0.0,0.0,,0.0,0.0,0.0,0.0,0.0,0.0,3.2454699999999996,3.5,5.679572499999999,0.0,4.5,0.0,0.0,-0.02,0.0,0.0,9.35,0.0,0.0,-3.33,0.0,0.0,21.18,0.0,0.0,-13.74,0.0,-0.004995222266666667,,0.573540965,5657.48837,0.547858507,0.517969191,173.4985,98.930765,83.8533174,5109.32062,99.99998999999998,100.0,False
2026-04-14 09:30:00,0.0,,107.5,101.0,101.48,82.26,82.26,,0.0,0.0,0.0,,0.0,0.0,0.0,0.0,0.0,0.0,2.2661,3.5,3.9656749999999996,0.0,4.5,0.0,0.0,-0.02,0.0,0.0,9.35,0.0,0.0,-3.33,0.0,0.0,21.18,0.0,0.0,-13.74,0.0,-0.004983083333333333,,0.573540965,5657.48837,0.5479848,0.518003185,173.498855,98.930765,83.8532625,5109.65594,99.99998999999998,100.0,False
2026-04-14 10:00:00,0.0,,98.46,100.81,101.0,82.26,82.26,,0.0,0.0,0.0,,0.0,0.0,0.0,0.0,0.0,0.0,1.44757,3.5,2.5332475,0.0,4.5,0.0,0.0,-0.02,0.0,0.0,9.35,0.0,0.0,-3.33,0.0,0.0,21.18,0.0,0.0,-13.74,0.0,-0.004961083266666667,,0.573540965,5657.48837,0.548110535,0.518043141,173.499008,98.930765,83.8532253,5110.05007,99.99998999999998,100.0,False
2026-04-14 10:30:00,0.0,,98.46,97.0,99.0,81.14,81.14,,0.0,0.0,0.0,,0.0,0.0,0.0,0.0,0.0,0.0,0.49394,3.5,0.864395,0.0,4.5,0.0,0.0,-0.02,0.0,0.0,9.35,0.0,0.0,-3.33,0.0,0.0,21.18,0.0,0.0,-13.74,0.0,-0.004997277733333333,,0.573540965,5657.48837,0.548237188,0.518079469,173.499362,98.930765,83.8531789,5110.40841,99.99998999999998,100.0,False
2026-04-14 11:00:00,0.0,,98.8,102.3,100.94,80.0,80.0,,0.0,0.0,0.0,,0.0,0.0,0.0,0.0,0.0,0.0,0.056170000000000005,3.23,0.09071455,0.0,2.17,0.0,0.0,1.49,0.0,0.0,5.6,0.0,0.0,-0.74,0.0,0.0,15.41,0.0,0.0,-10.2,0.0,-0.004981361100000001,,0.573540965,5657.48837,0.548363437,0.518124388,173.499565,98.930765,83.8531198,5110.8515,99.99998999999998,100.0,False
2026-04-14 11:30:00,0.0,,98.8,98.1,97.17,80.0,80.0,,0.0,0.0,0.0,,0.0,0.0,0.0,0.0,0.0,0.0,0.10764,3.23,0.1738386,0.0,2.17,0.0,0.0,1.49,0.0,0.0,5.6,0.0,0.0,-0.74,0.0,0.0,15.41,0.0,0.0,-10.2,0.0,-0.0061610556,,0.573574256,5657.81676,0.548519586,0.518136968,173.499869,98.930765,83.8530816,5110.97559,99.99998999999998,100.0,False
2026-04-14 12:00:00,-0.031,,96.17,93.08,91.79,61.74,61.74,,0.0,-1.91394,0.0,,0.0,0.0,0.0,0.0,0.0,0.0,0.05212,3.23,0.0841738,0.0,2.17,0.0,0.0,1.49,0.0,0.0,5.6,0.0,0.0,-0.74,0.0,0.0,15.41,0.0,0.0,-10.2,0.0,-0.0049610833,,0.573574256,5657.81676,0.54864532,0.518178182,173.500173,98.930765,83.8530727,5111.38213,99.99998999999998,100.0,False
2026-04-14 12:30:00,-1.176,,96.17,92.27,92.62,63.45,63.45,,1.5228000000000015,0.0,0.0,,0.0,0.0,-2.4,-110.72399999999999,0.0,0.0,0.10134,3.23,0.1636641,0.0,2.17,0.0,0.0,1.49,0.0,0.0,5.6,0.0,0.0,-0.74,0.0,0.0,15.41,0.0,0.0,-10.2,0.0,-0.07885527776666666,,0.577371546,5695.27376,0.550643854,0.518187908,173.502404,98.930765,83.853024,5111.47807,99.99998999999998,100.0,False
2026-04-14 13:00:00,0.0,,93.78,92.7,92.74,50.01,50.01,,0.0,0.0,0.0,,0.0,0.0,0.0,0.0,0.0,0.0,0.48648,3.23,0.7856652000000001,0.0,2.17,0.0,0.0,1.49,0.0,0.0,5.6,0.0,0.0,-0.74,0.0,0.0,15.41,0.0,0.0,-10.2,0.0,-2.3385905,,0.695771778,6863.19023,0.609913859,0.518187908,173.561861,98.930765,83.8093186,5111.47807,99.99998999999998,100.0,False
2026-04-14 13:30:00,-0.051,,93.78,92.46,91.26,40.95,40.95,,0.0,-2.08845,0.0,,0.0,0.0,0.0,0.0,0.0,0.0,2.13594,3.23,3.4495431,0.0,2.17,0.0,0.0,1.49,0.0,0.0,5.6,0.0,0.0,-0.74,0.0,0.0,15.41,0.0,0.0,-10.2,0.0,-0.005922916633333333,,0.695792078,6863.39047,0.610063972,0.518201562,173.562115,98.930765,83.8021627,5111.61276,99.99998999999998,100.0,False
2026-04-14 14:00:00,-2.025,,92.34,93.1,93.42,55.34,55.34,,-1.383499999999995,0.0,0.0,,0.0,0.0,-4.0,-186.2,0.0,0.0,1.85121,3.23,2.98970415,0.0,2.17,0.0,0.0,1.49,0.0,0.0,5.6,0.0,0.0,-0.74,0.0,0.0,15.41,0.0,0.0,-10.2,0.0,-0.12585185893333334,,0.702016489,6924.78893,0.613253602,0.518201562,173.565562,98.930765,83.8019712,5111.61276,99.99998999999998,100.0,False
2026-04-14 14:30:00,-2.021,,92.34,93.09,93.42,71.01,71.01,,-1.4912099999999935,0.0,0.0,,0.0,0.0,-4.0,-186.18,0.0,0.0,2.7479400000000003,3.23,4.437923100000001,0.0,2.17,0.0,0.0,1.49,0.0,0.0,5.6,0.0,0.0,-0.74,0.0,0.0,15.41,0.0,0.0,-10.2,0.0,-3.9863410666666668,,0.904888755,8925.94936,0.714284737,0.518201562,173.666939,98.930765,83.7292977,5111.61276,99.99998999999998,100.0,False
2026-04-14 15:00:00,-1.439,,92.65,94.4,94.91,105.0,105.0,,58.904999999999994,0.0,0.0,,0.0,0.0,-4.0,-188.8,0.0,0.0,1.71097,8,6.84388,0.0,2.9,0.0,0.0,1.24,0.0,0.0,7.78,0.0,0.0,-1.08,0.0,0.0,18.05,0.0,0.0,-8.94,0.0,-3.984965066666667,,1.10772539,10926.7583,0.815280999,0.518201562,173.768367,98.930765,83.6451242,5111.61276,99.99998999999998,100.0,False
2026-04-14 15:30:00,0.0,,92.65,95.91,94.0,89.55,89.55,,0.0,0.0,0.0,,0.0,0.0,0.0,0.0,0.0,0.0,2.76148,8,11.04592,0.0,2.9,0.0,0.0,1.24,0.0,0.0,7.78,0.0,0.0,-1.08,0.0,0.0,18.05,0.0,0.0,-8.94,0.0,-2.80424929,,1.25022557,12332.4001,0.886352815,0.518201562,173.839635,98.930765,83.5725378,5111.61276,99.99998999999998,100.0,False
2026-04-14 16:00:00,0.0,,102.26,101.94,100.0,97.28,97.28,,0.0,0.0,0.0,,0.0,0.0,0.0,0.0,0.0,0.0,2.60669,8,10.42676,0.0,2.9,0.0,0.0,1.24,0.0,0.0,7.78,0.0,0.0,-1.08,0.0,0.0,18.05,0.0,0.0,-8.94,0.0,-0.004954944366666666,,1.25022557,12332.4001,0.886478394,0.518248804,173.83994,98.930765,83.5719817,5112.07876,99.99998999999998,100.0,False
2026-04-14 16:30:00,0.0,,102.26,107.2,103.0,120.99,120.99,,0.0,0.0,0.0,,0.0,0.0,0.0,0.0,0.0,0.0,1.69663,8,6.78652,0.0,2.9,0.0,0.0,1.24,0.0,0.0,7.78,0.0,0.0,-1.08,0.0,0.0,18.05,0.0,0.0,-8.94,0.0,-0.004960055633333333,,1.25022557,12332.4001,0.886604099,0.518292591,173.840243,98.930765,83.5719414,5112.51068,99.99998999999998,100.0,False
2026-04-14 17:00:00,0.0,,112.46,120.0,116.08,119.84,119.84,,0.0,0.0,0.0,,0.0,0.0,0.0,0.0,0.0,0.0,3.47016,8,13.88064,0.0,2.9,0.0,0.0,1.24,0.0,0.0,7.78,0.0,0.0,-1.08,0.0,0.0,18.05,0.0,0.0,-8.94,0.0,-0.004954972166666668,,1.25022557,12332.4001,0.886729685,0.518339494,173.840446,98.930765,83.5718844,5112.97334,99.99998999999998,100.0,False
2026-04-14 17:30:00,0.071,,112.46,124.53,127.5,125.0,125.0,,0.0,8.875,0.0,,0.0,0.0,0.0,0.0,0.0,0.0,4.39345,8,17.5738,0.0,2.9,0.0,0.0,1.24,0.0,0.0,7.78,0.0,0.0,-1.08,0.0,0.0,18.05,0.0,0.0,-8.94,0.0,-0.0049712221666666665,,1.25022557,12332.4001,0.886855675,0.518388328,173.840751,98.930765,83.5718155,5113.45504,99.99998999999998,100.0,False
2026-04-14 18:00:00,2.929,,119.68,121.2,119.6,124.0,124.0,,9.795999999999967,0.0,0.0,,0.0,0.0,5.7,345.42,0.0,0.0,4.758439999999999,8,19.033759999999997,0.0,2.9,0.0,0.0,1.24,0.0,0.0,7.78,0.0,0.0,-1.08,0.0,0.0,18.05,0.0,0.0,-8.94,0.0,0.1600740278,,1.25022557,12332.4001,0.891079911,0.526920216,173.84511,98.930765,83.5719323,5197.61478,99.99998999999998,100.0,False
2026-04-14 18:30:00,3.394,,119.68,119.22,117.0,125.01,125.01,,-0.750059999999973,0.0,0.0,,0.0,0.0,6.8,405.348,0.0,0.0,6.61726,8,26.46904,0.0,2.9,0.0,0.0,1.24,0.0,0.0,7.78,0.0,0.0,-1.08,0.0,0.0,18.05,0.0,0.0,-8.94,0.0,5.6818788,,1.25022557,12332.4001,1.03508331,0.81566663,173.989877,98.930765,83.6940636,8045.84983,99.99998999999998,100.0,False
2026-04-14 19:00:00,0.0,,122.8,125.81,125.0,124.0,124.0,,0.0,0.0,0.0,,0.0,0.0,0.0,0.0,0.0,0.0,7.19836,7.35,26.453972999999998,0.0,6.18,0.0,0.0,0.07,0.0,0.0,6.76,0.0,0.0,-1.43,0.0,0.0,18.72,0.0,0.0,-9.75,0.0,6.584692633333333,,1.25022557,12332.4001,1.20196792,1.15058022,174.157302,98.930765,83.8609103,11349.4844,99.99998999999998,100.0,False
2026-04-14 19:30:00,0.0,,122.8,124.7,122.8,135.0,135.0,,0.0,0.0,0.0,,0.0,0.0,0.0,0.0,0.0,0.0,7.35212,7.35,27.019040999999998,0.0,6.18,0.0,0.0,0.07,0.0,0.0,6.76,0.0,0.0,-1.43,0.0,0.0,18.72,0.0,0.0,-9.75,0.0,-0.004946083333333334,,1.25022557,12332.4001,1.20209327,1.15063338,174.157555,98.930765,83.8846594,11350.0087,99.99998999999998,100.0,False
2026-04-14 20:00:00,0.0,,116.56,123.26,123.3,135.0,135.0,,0.0,0.0,0.0,,0.0,0.0,0.0,0.0,0.0,0.0,7.46512,7.35,27.434316,0.0,6.18,0.0,0.0,0.07,0.0,0.0,6.76,0.0,0.0,-1.43,0.0,0.0,18.72,0.0,0.0,-9.75,0.0,-0.005013500033333333,,1.25022557,12332.4001,1.20222034,1.15068994,174.157707,98.930765,83.8846059,11350.5667,99.99998999999998,100.0,False
2026-04-14 20:30:00,0.0,,116.56,116.0,115.0,135.0,135.0,,0.0,0.0,0.0,,0.0,0.0,0.0,0.0,0.0,0.0,7.47119,7.35,27.45662325,0.0,6.18,0.0,0.0,0.07,0.0,0.0,6.76,0.0,0.0,-1.43,0.0,0.0,18.72,0.0,0.0,-9.75,0.0,-0.005004111133333333,,1.25022557,12332.4001,1.20234716,1.15073965,174.158062,98.930765,83.884524,11351.057,99.99998999999998,100.0,False
2026-04-14 21:00:00,0.0,,107.34,109.3,112.5,139.98,139.98,,0.0,0.0,0.0,,0.0,0.0,0.0,0.0,0.0,0.0,7.489229999999999,7.35,27.522920249999995,0.0,6.18,0.0,0.0,0.07,0.0,0.0,6.76,0.0,0.0,-1.43,0.0,0.0,18.72,0.0,0.0,-9.75,0.0,-0.005045305566666666,,1.25022557,12332.4001,1.20247503,1.15079359,174.158163,98.930765,83.8844396,11351.5891,99.99998999999998,100.0,False
2026-04-14 21:30:00,0.0,,107.34,102.91,99.0,120.0,120.0,,0.0,0.0,0.0,,0.0,0.0,0.0,0.0,0.0,0.0,7.49842,7.35,27.5566935,0.0,6.18,0.0,0.0,0.07,0.0,0.0,6.76,0.0,0.0,-1.43,0.0,0.0,18.72,0.0,0.0,-9.75,0.0,-0.0050483333,,1.25022557,12332.4001,1.20260298,1.15083508,174.158416,98.930765,83.8843503,11351.9983,99.99998999999998,100.0,False
2026-04-14 22:00:00,-0.024,,95.31,104.0,100.0,97.72,97.72,,0.0,-2.34528,0.0,,0.0,0.0,0.0,0.0,0.0,0.0,7.27059,7.35,26.71941825,0.0,6.18,0.0,0.0,0.07,0.0,0.0,6.76,0.0,0.0,-1.43,0.0,0.0,18.72,0.0,0.0,-9.75,0.0,-0.005056916733333333,,1.25022557,12332.4001,1.20273115,1.15088159,174.15872,98.930765,83.8842609,11352.4571,99.99998999999998,100.0,False
2026-04-14 22:30:00,-0.919,,95.31,100.4,98.0,119.5,119.5,,-2.270500000000002,0.0,0.0,,-1.8,-88.2,0.0,0.0,0.0,0.0,7.44262,7.35,27.351628499999997,0.0,6.18,0.0,0.0,0.07,0.0,0.0,6.76,0.0,0.0,-1.43,0.0,0.0,18.72,0.0,0.0,-9.75,0.0,-0.060777359966666666,,1.25309124,12360.6674,1.20427151,1.1509105,174.160291,98.930765,83.8841102,11352.7423,99.99998999999998,100.0,False
2026-04-14 23:00:00,0.0,,80.3,81.1,84.97,101.41,101.41,,0.0,0.0,0.0,,0.0,0.0,0.0,0.0,0.0,0.0,7.5095600000000005,1.84,6.908795200000001,0.0,2.37,0.0,0.0,0.85,0.0,0.0,4.49,0.0,0.0,-1.24,0.0,0.0,14.84,0.0,0.0,-7.12,0.0,-1.75302619,,1.34162355,13233.9625,1.24870078,1.1509105,174.204898,98.930765,83.8514457,11352.7423,99.99998999999998,100.0,False
2026-04-14 23:30:00,0.0,,80.3,80.01,81.01,73.94,73.94,,0.0,0.0,0.0,,0.0,0.0,0.0,0.0,0.0,0.0,7.4578500000000005,1.84,6.861222000000001,0.0,2.37,0.0,0.0,0.85,0.0,0.0,4.49,0.0,0.0,-1.24,0.0,0.0,14.84,0.0,0.0,-7.12,0.0,-0.004998888866666666,,1.34162355,13233.9625,1.24882747,1.15094715,174.205151,98.930765,83.8461178,11353.1038,99.99998999999998,100.0,False
2026-04-15 00:00:00,0.0,,71.1,80.01,80.69,70.59,70.59,,0.0,0.0,0.0,,0.0,0.0,0.0,0.0,0.0,0.0,7.36417,1.84,6.7750364,0.0,2.37,0.0,0.0,0.85,0.0,0.0,4.49,0.0,0.0,-1.24,0.0,0.0,14.84,0.0,0.0,-7.12,0.0,-0.005002083366666667,,1.34162355,13233.9625,1.24895424,1.15097462,174.205405,98.930765,83.8460219,11353.3748,99.99998999999998,100.0,False
2026-04-15 00:30:00,0.0,,71.1,78.6,73.5,53.47,53.47,,0.0,0.0,0.0,,0.0,0.0,0.0,0.0,0.0,0.0,7.44276,1.84,6.8473392,0.0,2.37,0.0,0.0,0.85,0.0,0.0,4.49,0.0,0.0,-1.24,0.0,0.0,14.84,0.0,0.0,-7.12,0.0,-0.005002722233333334,,0.0,0.0,0.000126790633,2.86725283e-05,174.205658,98.930765,83.845931,0.282829833,99.99998999999998,100.0,False
2026-04-15 01:00:00,0.0,,66.62,72.6,69.97,58.0,58.0,,0.0,0.0,0.0,,0.0,0.0,0.0,0.0,0.0,0.0,7.31022,1.84,6.7254024,0.0,2.37,0.0,0.0,0.85,0.0,0.0,4.49,0.0,0.0,-1.24,0.0,0.0,14.84,0.0,0.0,-7.12,0.0,-0.0050076389,,0.0,0.0,0.000253705876,5.57283651e-05,174.205861,98.930765,83.8458225,0.549712395,99.99998999999998,100.0,False
2026-04-15 01:30:00,0.0,,66.62,68.0,68.05,85.0,85.0,,0.0,0.0,0.0,,0.0,0.0,0.0,0.0,0.0,0.0,7.49801,1.84,6.8981692,0.0,2.37,0.0,0.0,0.85,0.0,0.0,4.49,0.0,0.0,-1.24,0.0,0.0,14.84,0.0,0.0,-7.12,0.0,-0.004969888966666666,,0.0,0.0,0.000379664373,8.95401933e-05,174.206165,98.930765,83.8457374,0.883237002,99.99998999999998,100.0,False
2026-04-15 02:00:00,0.0,,59.29,65.0,65.0,87.5,87.5,,0.0,0.0,0.0,,0.0,0.0,0.0,0.0,0.0,0.0,7.3467,1.84,6.758964000000001,0.0,2.37,0.0,0.0,0.85,0.0,0.0,4.49,0.0,0.0,-1.24,0.0,0.0,14.84,0.0,0.0,-7.12,0.0,-0.0049922777,,0.0,0.0,0.000506190295,0.00011819684,174.206215,98.930765,83.8456547,1.16591018,99.99998999999998,100.0,False
2026-04-15 02:30:00,-0.053,,59.29,65.0,64.03,97.0,97.0,,0.0,-5.141,0.0,,0.0,0.0,0.0,0.0,0.0,0.0,7.432,1.84,6.837440000000001,0.0,2.37,0.0,0.0,0.85,0.0,0.0,4.49,0.0,0.0,-1.24,0.0,0.0,14.84,0.0,0.0,-7.12,0.0,-0.004968833266666667,,0.0,0.0,0.000632122035,0.000145085587,174.206621,98.930765,83.8455821,1.43114454,99.99998999999998,100.0,False
2026-04-15 03:00:00,-2.052,,58.9,65.0,65.0,98.0,98.0,,-5.0960000000000045,0.0,0.0,,-4.0,-130.0,0.0,0.0,0.0,0.0,7.489310000000001,1.93,7.22718415,0.0,1.43,0.0,0.0,3.95,0.0,0.0,5.01,0.0,0.0,3.39,0.0,0.0,12.22,0.0,0.0,-1.25,0.0,-0.1284081678,,0.00637578204,62.8916067,0.00388654076,0.000163685357,174.210017,98.930765,83.8453683,1.61461528,99.99998999999998,100.0,False
2026-04-15 03:30:00,-1.995,,58.9,65.0,61.7,95.53,95.53,,0.4776499999999898,0.0,0.0,,-4.0,-123.4,0.0,0.0,0.0,0.0,7.2369200000000005,1.93,6.9836278,0.0,1.43,0.0,0.0,3.95,0.0,0.0,5.01,0.0,0.0,3.39,0.0,0.0,12.22,0.0,0.0,-1.25,0.0,-3.962611666666666,,0.207842462,2050.18714,0.104316271,0.000163685357,174.310735,98.930765,83.7732195,1.61461528,99.99998999999998,100.0,False
2026-04-15 04:00:00,-0.034,,58.9,66.28,60.0,111.21,111.21,,0.0,-3.78114,0.0,,0.0,0.0,0.0,0.0,0.0,0.0,7.388439999999999,1.93,7.129844599999999,0.0,1.43,0.0,0.0,3.95,0.0,0.0,5.01,0.0,0.0,3.39,0.0,0.0,12.22,0.0,0.0,-1.25,0.0,-3.8350654,,0.402666291,3971.95667,0.201513426,0.000163685357,174.40826,98.930765,83.6902778,1.61461528,99.99998999999998,100.0,False
2026-04-15 04:30:00,-1.22,,58.9,65.0,60.0,107.0,107.0,,3.2100000000000026,0.0,0.0,,-1.3,-39.0,-1.2,-39.0,0.0,0.0,7.52696,1.93,7.263516399999999,0.0,1.43,0.0,0.0,3.95,0.0,0.0,5.01,0.0,0.0,3.39,0.0,0.0,12.22,0.0,0.0,-1.25,0.0,-0.08253944503333334,,0.40666345,4011.3852,0.203605333,0.000182947196,174.410593,98.930765,83.6785744,1.80461675,99.99998999999998,100.0,False
2026-04-15 05:00:00,0.0,,70.12,72.9,66.6,71.94,71.94,,0.0,0.0,0.0,,0.0,0.0,0.0,0.0,0.0,0.0,7.443770000000001,1.93,7.183238050000001,0.0,1.43,0.0,0.0,3.95,0.0,0.0,5.01,0.0,0.0,3.39,0.0,0.0,12.22,0.0,0.0,-1.25,0.0,-2.3426674666666667,,0.52515012,5180.1543,0.262978665,0.000182947196,174.470151,98.930765,83.6352979,1.80461675,99.99998999999998,100.0,False
2026-04-15 05:30:00,0.0,,70.12,80.12,70.05,111.67,111.67,,0.0,0.0,0.0,,0.0,0.0,0.0,0.0,0.0,0.0,7.36937,1.93,7.11144205,0.0,1.43,0.0,0.0,3.95,0.0,0.0,5.01,0.0,0.0,3.39,0.0,0.0,12.22,0.0,0.0,-1.25,0.0,-0.004996444533333333,,0.52515012,5180.1543,0.263105297,0.000206833432,174.470303,98.930765,83.6279683,2.04023393,99.99998999999998,100.0,False
2026-04-15 06:00:00,0.0,,99.55,89.29,84.0,114.45,114.45,,0.0,0.0,0.0,,0.0,0.0,0.0,0.0,0.0,0.0,7.49763,1.93,7.23521295,0.0,1.43,0.0,0.0,3.95,0.0,0.0,5.01,0.0,0.0,3.39,0.0,0.0,12.22,0.0,0.0,-1.25,0.0,-0.004986944399999999,,0.52515012,5180.1543,0.263231688,0.0002299182,174.470607,98.930765,83.6278854,2.26794531,99.99998999999998,100.0,False
2026-04-15 06:30:00,0.054,,99.55,104.43,100.0,117.0,117.0,,0.0,6.318,0.0,,0.0,0.0,0.0,0.0,0.0,0.0,7.39818,1.93,7.1392437,0.0,1.43,0.0,0.0,3.95,0.0,0.0,5.01,0.0,0.0,3.39,0.0,0.0,12.22,0.0,0.0,-1.25,0.0,-0.004971861133333333,,0.52515012,5180.1543,0.263357697,0.000257873901,174.47081,98.930765,83.6278159,2.54370426,99.99998999999998,100.0,False
2026-04-15 07:00:00,2.198,,108.28,109.48,108.34,128.9,128.9,,19.07720000000002,0.0,0.0,,0.0,0.0,4.1,224.434,0.0,0.0,7.23138,6,21.694139999999997,0.0,7.25,0.0,0.0,0.0,0.0,0.0,10.78,0.0,0.0,-0.47,0.0,0.0,21.07,0.0,0.0,-6.86,0.0,0.11930788999999999,,0.52515012,5180.1543,0.266550893,0.006690299,174.474308,98.930765,83.6278849,65.994046,99.99998999999998,100.0,False
2026-04-15 07:30:00,3.502,,108.28,109.68,122.26,128.8,128.8,,6.697599999999949,0.0,0.0,,0.0,0.0,6.9,378.396,0.0,0.0,6.9315,6,20.7945,0.0,7.25,0.0,0.0,0.0,0.0,0.0,10.78,0.0,0.0,-0.47,0.0,0.0,21.07,0.0,0.0,-6.86,0.0,4.196889333333333,,0.52515012,5180.1543,0.372918234,0.219466923,174.581109,98.930765,83.7166152,2164.85245,99.99998999999998,100.0,False
2026-04-15 08:00:00,0.0,,95.81,95.48,97.9,121.85,121.85,,0.0,0.0,0.0,,0.0,0.0,0.0,0.0,0.0,0.0,6.84152,6,20.52456,0.0,7.25,0.0,0.0,0.0,0.0,0.0,10.78,0.0,0.0,-0.47,0.0,0.0,21.07,0.0,0.0,-6.86,0.0,6.6100716,,0.52515012,5180.1543,0.540446056,0.555646544,174.749345,98.930765,83.8781431,5480.9753,99.99998999999998,100.0,False
2026-04-15 08:30:00,0.0,,95.81,94.0,106.0,120.0,120.0,,0.0,0.0,0.0,,0.0,0.0,0.0,0.0,0.0,0.0,6.5335,6,19.6005,0.0,7.25,0.0,0.0,0.0,0.0,0.0,10.78,0.0,0.0,-0.47,0.0,0.0,21.07,0.0,0.0,-6.86,0.0,-0.005040666566666667,,0.52515012,5180.1543,0.540573808,0.555689641,174.749446,98.930765,83.9017677,5481.40042,99.99998999999998,100.0,False
2026-04-15 09:00:00,0.0,,81.0,79.65,91.65,88.15,88.15,,0.0,0.0,0.0,,0.0,0.0,0.0,0.0,0.0,0.0,5.72081,6,17.16243,0.0,7.25,0.0,0.0,0.0,0.0,0.0,10.78,0.0,0.0,-0.47,0.0,0.0,21.07,0.0,0.0,-6.86,0.0,-0.005023111,,0.52515012,5180.1543,0.540701115,0.555732214,174.7498,98.930765,83.901688,5481.82036,99.99998999999998,100.0,False
2026-04-15 09:30:00,0.0,,81.0,70.0,78.53,74.34,74.34,,0.0,0.0,0.0,,0.0,0.0,0.0,0.0,0.0,0.0,5.91263,6,17.73789,0.0,7.25,0.0,0.0,0.0,0.0,0.0,10.78,0.0,0.0,-0.47,0.0,0.0,21.07,0.0,0.0,-6.86,0.0,-0.004944805533333333,,0.52515012,5180.1543,0.540826439,0.555768454,174.749953,98.930765,83.901609,5482.17784,99.99998999999998,100.0,False
2026-04-15 10:00:00,0.0,,61.0,59.0,65.0,69.66,69.66,,0.0,0.0,0.0,,0.0,0.0,0.0,0.0,0.0,0.0,5.30394,6,15.911819999999999,0.0,7.25,0.0,0.0,0.0,0.0,0.0,10.78,0.0,0.0,-0.47,0.0,0.0,21.07,0.0,0.0,-6.86,0.0,-0.0049395001,,0.52515012,5180.1543,0.540951627,0.555805282,174.750257,98.930765,83.9015377,5482.54111,99.99998999999998,100.0,False
2026-04-15 10:30:00,0.0,,61.0,59.0,57.0,63.4,63.4,,0.0,0.0,0.0,,0.0,0.0,0.0,0.0,0.0,0.0,5.83494,6,17.50482,0.0,7.25,0.0,0.0,0.0,0.0,0.0,10.78,0.0,0.0,-0.47,0.0,0.0,21.07,0.0,0.0,-6.86,0.0,-0.0049401389,,0.52515012,5180.1543,0.54107683,0.555831037,174.750409,98.930765,83.9014663,5482.79517,99.99998999999998,100.0,False
2026-04-15 11:00:00,0.0,,43.34,48.0,48.01,22.93,22.93,,0.0,0.0,0.0,,0.0,0.0,0.0,0.0,0.0,0.0,5.18341,2.5,6.479262500000001,0.0,2.32,0.0,0.0,4.2,0.0,0.0,7.78,0.0,0.0,3.05,0.0,0.0,12.38,0.0,0.0,2.46,0.0,-0.0050481388,,0.52515012,5180.1543,0.541204772,0.555851584,174.750714,98.930765,83.9013874,5482.99784,99.99998999999998,100.0,False
2026-04-15 11:30:00,-0.049,,43.34,48.0,42.0,7.82,7.82,,0.0,-0.38318,0.0,,0.0,0.0,0.0,0.0,0.0,0.0,5.439439999999999,2.5,6.799299999999999,0.0,2.32,0.0,0.0,4.2,0.0,0.0,7.78,0.0,0.0,3.05,0.0,0.0,12.38,0.0,0.0,2.46,0.0,-0.004924444433333334,,0.52515012,5180.1543,0.541329579,0.555878016,174.750967,98.930765,83.9013244,5483.25857,99.99998999999998,100.0,False
2026-04-15 12:00:00,-2.044,,36.0,48.0,43.3,34.96,34.96,,-1.5382400000000014,0.0,0.0,,-2.4,-51.959999999999994,-1.6,-38.400000000000006,0.0,0.0,5.6086,2.5,7.01075,0.0,2.32,0.0,0.0,4.2,0.0,0.0,7.78,0.0,0.0,3.05,0.0,0.0,12.38,0.0,0.0,2.46,0.0,-0.12085311003333336,,0.53115302,5239.36775,0.54439252,0.555893057,174.75421,98.930765,83.9011565,5483.40694,99.99998999999998,100.0,False
2026-04-15 12:30:00,-1.315,,36.0,48.0,38.0,64.7,64.7,,-4.205499999999997,0.0,0.0,,-4.0,-76.0,1.5,36.0,0.0,0.0,3.7252199999999998,2.5,4.656524999999999,0.0,2.32,0.0,0.0,4.2,0.0,0.0,7.78,0.0,0.0,3.05,0.0,0.0,12.38,0.0,0.0,2.46,0.0,-3.939970733333334,,0.731649647,7217.09455,0.644248431,0.555893057,174.854372,98.930765,83.8289373,5483.40694,99.99998999999998,100.0,False
2026-04-15 13:00:00,-2.065,,36.0,50.6,54.0,72.0,72.0,,-4.679999999999996,0.0,0.0,,-4.0,-108.0,0.0,0.0,0.0,0.0,5.42197,2.5,6.7774625,0.0,2.32,0.0,0.0,4.2,0.0,0.0,7.78,0.0,0.0,3.05,0.0,0.0,12.38,0.0,0.0,2.46,0.0,-2.5487092000000002,,0.860842087,8491.46686,0.708843753,0.555893057,174.919354,98.930765,83.7721376,5483.40694,99.99998999999998,100.0,False
2026-04-15 13:30:00,-2.012,,36.0,48.0,43.76,112.0,112.0,,-1.3440000000000012,0.0,0.0,,-4.0,-87.52,0.0,0.0,0.0,0.0,5.35916,2.5,6.69895,0.0,2.32,0.0,0.0,4.2,0.0,0.0,7.78,0.0,0.0,3.05,0.0,0.0,12.38,0.0,0.0,2.46,0.0,-3.987281433333333,,1.06374852,10492.9643,0.80989872,0.555893057,175.020681,98.930765,83.6927973,5483.40694,99.99998999999998,100.0,False
2026-04-15 14:00:00,0.0,,46.72,48.0,43.0,113.5,113.5,,0.0,0.0,0.0,,0.0,0.0,0.0,0.0,0.0,0.0,2.14614,2.5,2.6826749999999997,0.0,2.32,0.0,0.0,4.2,0.0,0.0,7.78,0.0,0.0,3.05,0.0,0.0,12.38,0.0,0.0,2.46,0.0,-3.8612340333333335,,1.26024456,12431.2288,0.907759105,0.555893057,175.118865,98.930765,83.6094096,5483.40694,99.99998999999998,100.0,False
2026-04-15 14:30:00,0.0,,46.72,48.0,39.44,113.0,113.0,,0.0,0.0,0.0,,0.0,0.0,0.0,0.0,0.0,0.0,4.38732,2.5,5.48415,0.0,2.32,0.0,0.0,4.2,0.0,0.0,7.78,0.0,0.0,3.05,0.0,0.0,12.38,0.0,0.0,2.46,0.0,-0.0060265555,,1.26028478,12431.6255,0.907911845,0.555921124,175.119169,98.930765,83.5978279,5483.6838,99.99998999999998,100.0,False
2026-04-15 15:00:00,-0.001,,58.44,50.0,26.6,114.79,114.79,,0.0,-0.11479,0.0,,0.0,0.0,0.0,0.0,0.0,0.0,6.2218,6,18.665399999999998,0.0,2.89,0.0,0.0,2.49,0.0,0.0,7.74,0.0,0.0,3.08,0.0,0.0,15.01,0.0,0.0,-0.74,0.0,-0.0049607778,,1.26028478,12431.6255,0.90803757,0.55596537,175.119371,98.930765,83.5977454,5484.12024,99.99998999999998,100.0,False
2026-04-15 15:30:00,0.0,,58.44,50.0,41.02,84.82,84.82,,0.0,0.0,0.0,,0.0,0.0,0.0,0.0,0.0,0.0,2.12377,6,6.371309999999999,0.0,2.89,0.0,0.0,2.49,0.0,0.0,7.74,0.0,0.0,3.08,0.0,0.0,15.01,0.0,0.0,-0.74,0.0,-0.0070405832,,1.26035499,12432.3181,0.90821601,0.555969115,175.119777,98.930765,83.5976621,5484.15719,99.99998999999998,100.0,False
2026-04-15 16:00:00,0.0,,76.47,60.01,49.02,89.43,89.43,,0.0,0.0,0.0,,0.0,0.0,0.0,0.0,0.0,0.0,4.46315,6,13.38945,0.0,2.89,0.0,0.0,2.49,0.0,0.0,7.74,0.0,0.0,3.08,0.0,0.0,15.01,0.0,0.0,-0.74,0.0,-0.004977111133333333,,1.26035499,12432.3181,0.90834215,0.555997268,175.11993,98.930765,83.5975787,5484.43489,99.99998999999998,100.0,False
2026-04-15 16:30:00,0.0,,76.47,78.88,86.0,83.0,83.0,,0.0,0.0,0.0,,0.0,0.0,0.0,0.0,0.0,0.0,4.89466,6,14.68398,0.0,2.89,0.0,0.0,2.49,0.0,0.0,7.74,0.0,0.0,3.08,0.0,0.0,15.01,0.0,0.0,-0.74,0.0,-0.004965138866666666,,1.26035499,12432.3181,0.90846799,0.556038702,175.120335,98.930765,83.5975262,5484.8436,99.99998999999998,100.0,False
2026-04-15 17:00:00,0.0,,100.42,98.18,99.0,103.93,103.93,,0.0,0.0,0.0,,0.0,0.0,0.0,0.0,0.0,0.0,4.582979999999999,6,13.748939999999997,0.0,2.89,0.0,0.0,2.49,0.0,0.0,7.74,0.0,0.0,3.08,0.0,0.0,15.01,0.0,0.0,-0.74,0.0,-0.0049241389000000005,,1.26035499,12432.3181,0.908592785,0.556077944,175.120386,98.930765,83.5974637,5485.23069,99.99998999999998,100.0,False
2026-04-15 17:30:00,0.048,,100.42,102.0,103.6,45.0,45.0,,0.0,2.16,0.0,,0.0,0.0,0.0,0.0,0.0,0.0,6.32629,6,18.97887,0.0,2.89,0.0,0.0,2.49,0.0,0.0,7.74,0.0,0.0,3.08,0.0,0.0,15.01,0.0,0.0,-0.74,0.0,-0.0050207499666666665,,1.26035499,12432.3181,0.908720035,0.556114182,175.120639,98.930765,83.5973887,5485.58815,99.99998999999998,100.0,False
2026-04-15 18:00:00,3.346,,108.52,100.0,104.4,66.0,66.0,,6.336000000000006,0.0,0.0,,0.0,0.0,6.5,325.0,0.0,0.0,6.3535699999999995,6,19.06071,0.0,2.89,0.0,0.0,2.49,0.0,0.0,7.74,0.0,0.0,3.08,0.0,0.0,15.01,0.0,0.0,-0.74,0.0,0.11793144663333334,,1.26035499,12432.3181,0.911879575,0.562549653,175.124137,98.930765,83.5974466,5549.06853,99.99998999999998,100.0,False
2026-04-15 18:30:00,2.96,,108.52,103.0,105.99,104.45,104.45,,1.0444999999999778,0.0,0.0,,0.0,0.0,5.9,303.85,0.0,0.0,6.878850000000001,6,20.636550000000003,0.0,2.89,0.0,0.0,2.49,0.0,0.0,7.74,0.0,0.0,3.08,0.0,0.0,15.01,0.0,0.0,-0.74,0.0,6.432917499999999,,1.26035499,12432.3181,1.07491755,0.889919963,175.287759,98.930765,83.7346834,8778.2951,99.99998999999998,100.0,False
2026-04-15 19:00:00,0.0,,116.23,110.0,113.0,103.6,103.6,,0.0,0.0,0.0,,0.0,0.0,0.0,0.0,0.0,0.0,6.93043,6.55,22.69715825,0.0,3.66,0.0,0.0,0.1,0.0,0.0,8.47,0.0,0.0,-2.63,0.0,0.0,19.12,0.0,0.0,-11.78,0.0,5.695702066666667,,1.26035499,12432.3181,1.21927129,1.17915729,175.432577,98.930765,83.883422,11631.3726,99.99998999999998,100.0,False
2026-04-15 19:30:00,0.0,,116.23,110.0,112.1,128.01,128.01,,0.0,0.0,0.0,,0.0,0.0,0.0,0.0,0.0,0.0,7.19066,6.55,23.5494115,0.0,3.66,0.0,0.0,0.1,0.0,0.0,8.47,0.0,0.0,-2.63,0.0,0.0,19.12,0.0,0.0,-11.78,0.0,-0.005012472266666667,,1.26035499,12432.3181,1.21939832,1.17920363,175.43283,98.930765,83.903629,11631.8297,99.99998999999998,100.0,False
2026-04-15 20:00:00,0.0,,117.0,114.7,109.0,134.4,134.4,,0.0,0.0,0.0,,0.0,0.0,0.0,0.0,0.0,0.0,7.4876000000000005,6.55,24.521890000000003,0.0,3.66,0.0,0.0,0.1,0.0,0.0,8.47,0.0,0.0,-2.63,0.0,0.0,19.12,0.0,0.0,-11.78,0.0,-0.005078250066666667,,1.26035499,12432.3181,1.21952702,1.17924804,175.433084,98.930765,83.9035621,11632.2678,99.99998999999998,100.0,False
2026-04-15 20:30:00,0.0,,117.0,110.0,111.99,134.4,134.4,,0.0,0.0,0.0,,0.0,0.0,0.0,0.0,0.0,0.0,7.415979999999999,6.55,24.287334499999996,0.0,3.66,0.0,0.0,0.1,0.0,0.0,8.47,0.0,0.0,-2.63,0.0,0.0,19.12,0.0,0.0,-11.78,0.0,-0.0050130555666666665,,1.26035499,12432.3181,1.21965408,1.17929498,175.433236,98.930765,83.9034952,11632.7308,99.99998999999998,100.0,False
2026-04-15 21:00:00,0.0,,107.0,110.0,110.83,129.0,129.0,,0.0,0.0,0.0,,0.0,0.0,0.0,0.0,0.0,0.0,7.470689999999999,6.55,24.466509749999997,0.0,3.66,0.0,0.0,0.1,0.0,0.0,8.47,0.0,0.0,-2.63,0.0,0.0,19.12,0.0,0.0,-11.78,0.0,-0.005064916666666666,,1.26035499,12432.3181,1.21978244,1.17933523,175.43354,98.930765,83.9034199,11633.1278,99.99998999999998,100.0,False
2026-04-15 21:30:00,0.0,,107.0,100.0,104.49,122.85,122.85,,0.0,0.0,0.0,,0.0,0.0,0.0,0.0,0.0,0.0,7.43142,6.55,24.3379005,0.0,3.66,0.0,0.0,0.1,0.0,0.0,8.47,0.0,0.0,-2.63,0.0,0.0,19.12,0.0,0.0,-11.78,0.0,-0.005025000000000001,,1.26035499,12432.3181,1.2199098,1.17937261,175.433693,98.930765,83.9033454,11633.4965,99.99998999999998,100.0,False
2026-04-15 22:00:00,-0.024,,91.0,95.9,100.2,118.9,118.9,,0.0,-2.8536,0.0,,0.0,0.0,0.0,0.0,0.0,0.0,7.50699,6.55,24.585392249999998,0.0,3.66,0.0,0.0,0.1,0.0,0.0,8.47,0.0,0.0,-2.63,0.0,0.0,19.12,0.0,0.0,-11.78,0.0,-0.0050277778333333335,,1.26035499,12432.3181,1.22003723,1.17941535,175.433997,98.930765,83.9032576,11633.9181,99.99998999999998,100.0,False
2026-04-15 22:30:00,-0.921,,91.0,81.48,86.0,116.8,116.8,,-2.452800000000002,0.0,0.0,,-1.8,-77.4,0.0,0.0,0.0,0.0,7.43924,6.55,24.363511,0.0,3.66,0.0,0.0,0.1,0.0,0.0,8.47,0.0,0.0,-2.63,0.0,0.0,19.12,0.0,0.0,-11.78,0.0,-0.0607226122,,1.26321944,12460.5734,1.2215762,1.17943848,175.435669,98.930765,83.9031204,11634.1463,99.99998999999998,100.0,False
2026-04-15 23:00:00,0.0,,79.0,90.6,82.42,81.01,81.01,,0.0,0.0,0.0,,0.0,0.0,0.0,0.0,0.0,0.0,7.50807,1.85,6.9449647500000005,0.0,2.34,0.0,0.0,0.68,0.0,0.0,6.46,0.0,0.0,0.0,0.0,0.0,16.77,0.0,0.0,-6.64,0.0,-1.7618655633333333,,1.35210821,13337.3847,1.26622949,1.17943848,175.480377,98.930765,83.8705206,11634.1463,99.99998999999998,100.0,False
2026-04-15 23:30:00,0.0,,79.0,82.01,67.01,65.49,65.49,,0.0,0.0,0.0,,0.0,0.0,0.0,0.0,0.0,0.0,7.2403900000000005,1.85,6.6973607500000005,0.0,2.34,0.0,0.0,0.68,0.0,0.0,6.46,0.0,0.0,0.0,0.0,0.0,16.77,0.0,0.0,-6.64,0.0,-0.005007250033333333,,1.35210821,13337.3847,1.2663564,1.17947079,175.480681,98.930765,83.8652312,11634.465,99.99998999999998,100.0,False
2026-04-16 00:00:00,0.0,,70.2,82.0,73.85,106.9,106.9,,0.0,0.0,0.0,,0.0,0.0,0.0,0.0,0.0,0.0,7.419770000000001,1.85,6.863287250000001,0.0,2.34,0.0,0.0,0.68,0.0,0.0,6.46,0.0,0.0,0.0,0.0,0.0,16.77,0.0,0.0,-6.64,0.0,-0.005009194466666666,,1.35210821,13337.3847,1.26648336,1.1795022,175.480884,98.930765,83.8651393,11634.7748,99.99998999999998,100.0,False
2026-04-16 00:30:00,0.0,,70.2,82.0,70.17,107.75,107.75,,0.0,0.0,0.0,,0.0,0.0,0.0,0.0,0.0,0.0,7.44386,1.85,6.8855705,0.0,2.34,0.0,0.0,0.68,0.0,0.0,6.46,0.0,0.0,0.0,0.0,0.0,16.77,0.0,0.0,-6.64,0.0,-0.0050051388,,0.0,0.0,0.000126851879,1.67251993e-05,175.481036,98.930765,83.8650607,0.164979707,99.99998999999998,100.0,False
2026-04-16 01:00:00,0.0,,66.99,79.48,67.55,106.69,106.69,,0.0,0.0,0.0,,0.0,0.0,0.0,0.0,0.0,0.0,7.50743,1.85,6.94437275,0.0,2.34,0.0,0.0,0.68,0.0,0.0,6.46,0.0,0.0,0.0,0.0,0.0,16.77,0.0,0.0,-6.64,0.0,-0.005025972166666667,,0.0,0.0,0.000254231768,5.03050197e-05,175.48139,98.930765,83.8649772,0.496215757,99.99998999999998,100.0,False
2026-04-16 01:30:00,0.0,,66.99,81.44,71.0,105.45,105.45,,0.0,0.0,0.0,,0.0,0.0,0.0,0.0,0.0,0.0,7.46633,1.85,6.906355250000001,0.0,2.34,0.0,0.0,0.68,0.0,0.0,6.46,0.0,0.0,0.0,0.0,0.0,16.77,0.0,0.0,-6.64,0.0,-0.0049818054999999995,,0.0,0.0,0.000380492279,7.27601415e-05,175.481492,98.930765,83.8649127,0.717716222,99.99998999999998,100.0,False
2026-04-16 02:00:00,0.0,,63.38,82.0,71.1,92.14,92.14,,0.0,0.0,0.0,,-4.0,-142.2,4.0,164.0,0.0,0.0,7.4238599999999995,1.85,6.8670705,0.0,2.34,0.0,0.0,0.68,0.0,0.0,6.46,0.0,0.0,0.0,0.0,0.0,16.77,0.0,0.0,-6.64,0.0,-0.005044361099999999,,0.0,0.0,0.000508338225,0.000102155443,175.481796,98.930765,83.8648341,1.00767559,99.99998999999998,100.0,False
2026-04-16 02:30:00,-0.053,,63.38,80.0,70.0,68.58,68.58,,0.0,-3.63474,0.0,,0.0,0.0,0.0,0.0,0.0,0.0,7.51213,1.85,6.94872025,0.0,2.34,0.0,0.0,0.68,0.0,0.0,6.46,0.0,0.0,0.0,0.0,0.0,16.77,0.0,0.0,-6.64,0.0,-0.0050253333,,0.0,0.0,0.000635701915,0.000137314845,175.481999,98.930765,83.8647564,1.35449286,99.99998999999998,100.0,False
2026-04-16 03:00:00,-2.003,,59.87,84.13,76.2,87.05,87.05,,-0.2611500000000099,0.0,0.0,,-4.0,-152.4,0.0,0.0,0.0,0.0,7.50784,1.68,6.3065856,0.0,10.0,0.0,0.0,3.85,0.0,0.0,7.16,0.0,0.0,1.72,0.0,0.0,16.77,0.0,0.0,-1.98,0.0,-0.12911733443333334,,0.0064039264,63.1692266,0.003908094,0.000149496833,175.485496,98.930765,83.8645574,1.47465769,99.99998999999998,100.0,False
2026-04-16 03:30:00,-2.0,,59.87,85.87,70.0,86.7,86.7,,0.0,-173.4,0.0,,-4.0,-140.0,0.0,0.0,0.0,0.0,7.423229999999999,1.68,6.235513199999999,0.0,10.0,0.0,0.0,3.85,0.0,0.0,7.16,0.0,0.0,1.72,0.0,0.0,16.77,0.0,0.0,-1.98,0.0,-3.955375966666667,,0.207290675,2044.74424,0.10415444,0.000149496833,175.586062,98.930765,83.7930899,1.47465769,99.99998999999998,100.0,False
2026-04-16 04:00:00,-1.956,,61.0,76.8,72.86,102.75,102.75,,4.521000000000004,0.0,0.0,,0.0,0.0,-4.0,-153.6,0.0,0.0,7.50841,1.68,6.3070644,0.0,10.0,0.0,0.0,3.85,0.0,0.0,7.16,0.0,0.0,1.72,0.0,0.0,16.77,0.0,0.0,-1.98,0.0,-3.9463709666666666,,0.407664719,4021.26186,0.20417256,0.000149496833,175.686628,98.930765,83.7107479,1.47465769,99.99998999999998,100.0,False
2026-04-16 04:30:00,-0.148,,61.0,82.04,74.6,102.4,102.4,,0.2048000000000002,0.0,0.0,,0.0,0.0,-0.3,-12.306000000000001,0.0,0.0,7.472689999999999,1.68,6.277059599999999,0.0,10.0,0.0,0.0,3.85,0.0,0.0,7.16,0.0,0.0,1.72,0.0,0.0,16.77,0.0,0.0,-1.98,0.0,-3.8424550666666666,,0.602660358,5944.72614,0.301557002,0.000149496833,175.784407,98.930765,83.6284474,1.47465769,99.99998999999998,100.0,False
2026-04-16 05:00:00,0.0,,78.1,84.13,80.69,50.0,50.0,,0.0,0.0,0.0,,0.0,0.0,0.0,0.0,0.0,0.0,7.51916,1.68,6.3160944,0.0,10.0,0.0,0.0,3.85,0.0,0.0,7.16,0.0,0.0,1.72,0.0,0.0,16.77,0.0,0.0,-1.98,0.0,-0.29824175,,0.617508606,6091.19134,0.309115739,0.000149496833,175.79196,98.930765,83.6117193,1.47465769,99.99998999999998,100.0,False
2026-04-16 05:30:00,0.0,,78.1,100.0,90.58,55.0,55.0,,0.0,0.0,0.0,,0.0,0.0,0.0,0.0,0.0,0.0,7.5208699999999995,1.68,6.317530799999999,0.0,10.0,0.0,0.0,3.85,0.0,0.0,7.16,0.0,0.0,1.72,0.0,0.0,16.77,0.0,0.0,-1.98,0.0,-0.0050006111,,0.617513198,6091.23664,0.309242476,0.000170882458,175.792213,98.930765,83.6107774,1.68560849,99.99998999999998,100.0,False
2026-04-16 06:00:00,0.0,,104.2,106.88,100.0,107.0,107.0,,0.0,0.0,0.0,,0.0,0.0,0.0,0.0,0.0,0.0,7.330220000000001,1.68,6.1573848,0.0,10.0,0.0,0.0,3.85,0.0,0.0,7.16,0.0,0.0,1.72,0.0,0.0,16.77,0.0,0.0,-1.98,0.0,-0.005021722199999999,,0.617513198,6091.23664,0.309369748,0.000195864402,175.792416,98.930765,83.6106993,1.93203388,99.99998999999998,100.0,False
2026-04-16 06:30:00,0.057,,104.2,117.99,114.43,119.4,119.4,,0.0,6.8058000000000005,0.0,,0.0,0.0,0.0,0.0,0.0,0.0,7.36359,1.68,6.1854156,0.0,10.0,0.0,0.0,3.85,0.0,0.0,7.16,0.0,0.0,1.72,0.0,0.0,16.77,0.0,0.0,-1.98,0.0,-0.0050246110333333335,,0.617513198,6091.23664,0.309497093,0.000224741273,175.792619,98.930765,83.6106428,2.21687938,99.99998999999998,100.0,False
2026-04-16 07:00:00,2.459,,114.4,108.61,108.0,119.4,119.4,,13.014600000000051,0.0,0.0,,4.6,248.39999999999998,0.1,5.4305,0.0,0.0,7.1255500000000005,3.5,12.4697125,0.0,6.98,0.0,0.0,0.25,0.0,0.0,14.18,0.0,0.0,-2.44,0.0,0.0,21.12,0.0,0.0,-6.59,0.0,0.12950752776666666,,0.617516333,6091.26756,0.312950021,0.00716643293,175.796318,98.930765,83.6107154,70.6906977,99.99998999999998,100.0,False
2026-04-16 07:30:00,3.148,,114.4,108.0,115.39,123.45,123.45,,5.9256000000000055,0.0,0.0,,6.2,357.709,0.0,0.0,0.0,0.0,6.76464,3.5,11.83812,0.0,6.98,0.0,0.0,0.25,0.0,0.0,14.18,0.0,0.0,-2.44,0.0,0.0,21.12,0.0,0.0,-6.59,0.0,4.769791666666666,,0.617516333,6091.26756,0.433837186,0.248917924,175.917667,98.930765,83.7117284,2455.36125,99.99998999999998,100.0,False
2026-04-16 08:00:00,0.0,,100.52,103.8,106.0,122.0,122.0,,0.0,0.0,0.0,,0.0,0.0,0.0,0.0,0.0,0.0,6.15975,3.5,10.779562499999999,0.0,6.98,0.0,0.0,0.25,0.0,0.0,14.18,0.0,0.0,-2.44,0.0,0.0,21.12,0.0,0.0,-6.59,0.0,5.995634433333334,,0.617516333,6091.26756,0.585792512,0.553134681,176.070189,98.930765,83.8602907,5456.19793,99.99998999999998,100.0,False
2026-04-16 08:30:00,0.0,,100.52,98.0,98.28,112.0,112.0,,0.0,0.0,0.0,,0.0,0.0,0.0,0.0,0.0,0.0,4.93562,3.5,8.637335,0.0,6.98,0.0,0.0,0.25,0.0,0.0,14.18,0.0,0.0,-2.44,0.0,0.0,21.12,0.0,0.0,-6.59,0.0,-0.004949388933333333,,0.617516333,6091.26756,0.585917951,0.553178475,176.070341,98.930765,83.8814501,5456.62992,99.99998999999998,100.0,False
2026-04-16 09:00:00,0.0,,76.4,87.5,85.0,69.21,69.21,,0.0,0.0,0.0,,0.0,0.0,0.0,0.0,0.0,0.0,3.4071100000000003,3.5,5.962442500000001,0.0,6.98,0.0,0.0,0.25,0.0,0.0,14.18,0.0,0.0,-2.44,0.0,0.0,21.12,0.0,0.0,-6.59,0.0,-0.005004916666666667,,0.617516333,6091.26756,0.586044797,0.55321469,176.070696,98.930765,83.8813959,5456.98715,99.99998999999998,100.0,False
2026-04-16 09:30:00,0.0,,76.4,79.4,76.89,40.0,40.0,,0.0,0.0,0.0,,0.0,0.0,0.0,0.0,0.0,0.0,3.725,3.5,6.51875,0.0,6.98,0.0,0.0,0.25,0.0,0.0,14.18,0.0,0.0,-2.44,0.0,0.0,21.12,0.0,0.0,-6.59,0.0,-0.0049721111,,0.617516333,6091.26756,0.586170811,0.553250903,176.070899,98.930765,83.881321,5457.34436,99.99998999999998,100.0,False
2026-04-16 10:00:00,0.0,,61.09,70.0,66.89,102.92,102.92,,0.0,0.0,0.0,,0.0,0.0,0.0,0.0,0.0,0.0,4.58302,3.5,8.020285000000001,0.0,6.98,0.0,0.0,0.25,0.0,0.0,14.18,0.0,0.0,-2.44,0.0,0.0,21.12,0.0,0.0,-6.59,0.0,-0.0049499722,,0.617516333,6091.26756,0.586296265,0.553286943,176.071203,98.930765,83.8812468,5457.69987,99.99998999999998,100.0,False
2026-04-16 10:30:00,-0.051,,61.09,68.0,64.09,101.5,101.5,,0.0,-5.1765,0.0,,0.0,0.0,0.0,0.0,0.0,0.0,5.78502,3.5,10.123785,0.0,6.98,0.0,0.0,0.25,0.0,0.0,14.18,0.0,0.0,-2.44,0.0,0.0,21.12,0.0,0.0,-6.59,0.0,-0.004988694433333333,,0.617516333,6091.26756,0.586422701,0.553320483,176.071305,98.930765,83.8811609,5458.03071,99.99998999999998,100.0,False
2026-04-16 11:00:00,-2.018,,51.83,68.65,62.89,93.87,93.87,,-1.6896599999999808,0.0,0.0,,-4.0,-125.78,0.0,0.0,0.0,0.0,4.40855,2.61,5.75315775,0.0,2.33,0.0,0.0,2.09,0.0,0.0,5.76,0.0,0.0,1.25,0.0,0.0,11.45,0.0,0.0,0.41,0.0,-0.12697277669999998,,0.623825498,6153.50205,0.58964074,0.553343211,176.074701,98.930765,83.8809742,5458.2549,99.99998999999998,100.0,False
2026-04-16 11:30:00,-1.956,,51.83,70.0,62.57,111.45,111.45,,4.903800000000005,0.0,0.0,,-4.0,-125.14,0.0,0.0,0.0,0.0,4.4237,2.61,5.7729285,0.0,2.33,0.0,0.0,2.09,0.0,0.0,5.76,0.0,0.0,1.25,0.0,0.0,11.45,0.0,0.0,0.41,0.0,-3.982362933333333,,0.826394031,8151.66642,0.690571053,0.553343211,176.176129,98.930765,83.8092062,5458.2549,99.99998999999998,100.0,False
2026-04-16 12:00:00,-0.049,,48.77,70.05,62.0,65.93,65.93,,0.0,-3.2305700000000006,0.0,,-4.0,-124.0,4.0,140.1,0.0,0.0,3.3014699999999997,2.61,4.308418349999999,0.0,2.33,0.0,0.0,2.09,0.0,0.0,5.76,0.0,0.0,1.25,0.0,0.0,11.45,0.0,0.0,0.41,0.0,-3.8603989666666667,,1.02267248,10087.7845,0.78841027,0.553343211,176.274313,98.930765,83.7262685,5458.2549,99.99998999999998,100.0,False
2026-04-16 12:30:00,-1.958,,48.77,70.0,65.3,58.4,58.4,,2.452800000000002,0.0,0.0,,-0.5,-16.325,-3.5,-122.5,0.0,0.0,3.80953,2.61,4.97143665,0.0,2.33,0.0,0.0,2.09,0.0,0.0,5.76,0.0,0.0,1.25,0.0,0.0,11.45,0.0,0.0,0.41,0.0,-0.12410280550000001,,1.0288325,10148.5478,0.791555575,0.553374886,176.277507,98.930765,83.7146886,5458.56735,99.99998999999998,100.0,False
2026-04-16 13:00:00,-0.007,,49.76,69.7,67.11,9.37,9.37,,0.0,-0.06559,0.0,,0.0,0.0,0.0,0.0,0.0,0.0,4.3068100000000005,2.61,5.620387050000001,0.0,2.33,0.0,0.0,2.09,0.0,0.0,5.76,0.0,0.0,1.25,0.0,0.0,11.45,0.0,0.0,0.41,0.0,-3.867334733333333,,1.22547246,12088.2319,0.88957057,0.553374886,176.376045,98.930765,83.6433663,5458.56735,99.99998999999998,100.0,False
2026-04-16 13:30:00,-0.292,,49.76,70.0,64.1,43.66,43.66,,0.34928000000000026,0.0,0.0,,0.0,0.0,-0.6,-21.0,0.0,0.0,2.77093,2.61,3.6160636499999996,0.0,2.33,0.0,0.0,2.09,0.0,0.0,5.76,0.0,0.0,1.25,0.0,0.0,11.45,0.0,0.0,0.41,0.0,-0.024255278133333336,,1.2264504,12097.8784,0.890185305,0.553394631,176.376653,98.930765,83.6317472,5458.76212,99.99998999999998,100.0,False
2026-04-16 14:00:00,0.0,,56.43,77.2,73.54,11.5,11.5,,0.0,0.0,0.0,,0.0,0.0,0.0,0.0,0.0,0.0,2.67763,2.61,3.49430715,0.0,2.33,0.0,0.0,2.09,0.0,0.0,5.76,0.0,0.0,1.25,0.0,0.0,11.45,0.0,0.0,0.41,0.0,-0.5860783666666667,,1.2558464,12387.8447,0.90503907,0.553394631,176.391707,98.930765,83.620976,5458.76212,99.99998999999998,100.0,False
2026-04-16 14:30:00,0.0,,56.43,82.0,77.37,11.5,11.5,,0.0,0.0,0.0,,0.0,0.0,0.0,0.0,0.0,0.0,3.6419,2.61,4.7526795,0.0,2.33,0.0,0.0,2.09,0.0,0.0,5.76,0.0,0.0,1.25,0.0,0.0,11.45,0.0,0.0,0.41,0.0,-0.005351083433333334,,1.2558464,12387.8447,0.90517469,0.55341008,176.391961,98.930765,83.6192833,5458.91451,99.99998999999998,100.0,False
2026-04-16 15:00:00,0.0,,72.9,82.0,76.0,50.17,50.17,,0.0,0.0,0.0,,0.0,0.0,0.0,0.0,0.0,0.0,3.84022,8,15.36088,0.0,2.25,0.0,0.0,2.61,0.0,0.0,6.28,0.0,0.0,1.98,0.0,0.0,24.77,0.0,0.0,-3.27,0.0,-0.0053374443999999995,,1.2558515,12387.895,0.90530996,0.55344097,176.392113,98.930765,83.6192087,5459.21921,99.99998999999998,100.0,False
2026-04-16 15:30:00,0.0,,72.9,84.62,80.0,49.17,49.17,,0.0,0.0,0.0,,0.0,0.0,0.0,0.0,0.0,0.0,3.28573,8,13.14292,0.0,2.25,0.0,0.0,2.61,0.0,0.0,6.28,0.0,0.0,1.98,0.0,0.0,24.77,0.0,0.0,-3.27,0.0,-0.005181222199999999,,1.2558515,12387.895,0.905441275,0.55347686,176.392366,98.930765,83.6191549,5459.57323,99.99998999999998,100.0,False
2026-04-16 16:00:00,0.0,,95.11,96.95,92.0,40.0,40.0,,0.0,0.0,0.0,,0.0,0.0,0.0,0.0,0.0,0.0,3.5677399999999997,8,14.270959999999999,0.0,2.25,0.0,0.0,2.61,0.0,0.0,6.28,0.0,0.0,1.98,0.0,0.0,24.77,0.0,0.0,-3.27,0.0,-0.0049663610999999995,,1.2558515,12387.895,0.905567145,0.553524197,176.39262,98.930765,83.6191102,5460.04017,99.99998999999998,100.0,False
2026-04-16 16:30:00,0.0,,95.11,103.51,97.2,49.58,49.58,,0.0,0.0,0.0,,0.0,0.0,0.0,0.0,0.0,0.0,3.12502,8,12.50008,0.0,2.25,0.0,0.0,2.61,0.0,0.0,6.28,0.0,0.0,1.98,0.0,0.0,24.77,0.0,0.0,-3.27,0.0,-0.004966805566666667,,1.2558515,12387.895,0.905693025,0.55357177,176.392772,98.930765,83.6190688,5460.50944,99.99998999999998,100.0,False
2026-04-16 17:00:00,0.0,,103.0,106.0,103.0,75.1,75.1,,0.0,0.0,0.0,,0.0,0.0,0.0,0.0,0.0,0.0,3.86211,8,15.44844,0.0,2.25,0.0,0.0,2.61,0.0,0.0,6.28,0.0,0.0,1.98,0.0,0.0,24.77,0.0,0.0,-3.27,0.0,-0.004955027733333333,,1.2558515,12387.895,0.905818605,0.553617294,176.393127,98.930765,83.6190232,5460.95849,99.99998999999998,100.0,False
2026-04-16 17:30:00,0.074,,103.0,111.0,108.11,74.28,74.28,,0.0,5.49672,0.0,,0.0,0.0,0.0,0.0,0.0,0.0,3.9942800000000003,8,15.977120000000001,0.0,2.25,0.0,0.0,2.61,0.0,0.0,6.28,0.0,0.0,1.98,0.0,0.0,24.77,0.0,0.0,-3.27,0.0,-0.0049766111,,1.2558515,12387.895,0.905944735,0.553672901,176.393228,98.930765,83.6189876,5461.50701,99.99998999999998,100.0,False
2026-04-16 18:00:00,2.822,,116.94,126.3,123.8,88.11,88.11,,10.74941999999999,0.0,0.0,,0.0,0.0,5.4,341.01,0.0,0.0,5.57003,8,22.28012,0.0,2.25,0.0,0.0,2.61,0.0,0.0,6.28,0.0,0.0,1.98,0.0,0.0,24.77,0.0,0.0,-3.27,0.0,0.16528258006666666,,1.2558515,12387.895,0.910301349,0.562476687,176.397892,98.930765,83.6191261,5548.34879,99.99998999999998,100.0,False
2026-04-16 18:30:00,3.438,,116.94,128.0,123.6,137.46,137.46,,-8.522519999999977,0.0,0.0,,0.0,0.0,7.0,448.0,0.0,0.0,6.33947,8,25.35788,0.0,2.25,0.0,0.0,2.61,0.0,0.0,6.28,0.0,0.0,1.98,0.0,0.0,24.77,0.0,0.0,-3.27,0.0,5.421515533333334,,1.2558515,12387.895,1.04770602,0.837921139,176.535816,98.930765,83.734717,8265.37142,99.99998999999998,100.0,False
2026-04-16 19:00:00,0.0,,127.47,125.0,122.42,79.15,79.15,,0.0,0.0,0.0,,0.0,0.0,0.0,0.0,0.0,0.0,6.99446,5.98,20.9134354,0.0,4.97,0.0,0.0,0.25,0.0,0.0,9.05,0.0,0.0,-3.11,0.0,0.0,19.2,0.0,0.0,-12.19,0.0,6.6246039,,1.2558515,12387.895,1.21560215,1.17500108,176.704457,98.930765,83.8984285,11590.3752,99.99998999999998,100.0,False
2026-04-16 19:30:00,0.0,,127.47,124.37,122.73,115.39,115.39,,0.0,0.0,0.0,,0.0,0.0,0.0,0.0,0.0,0.0,7.126060000000001,5.98,21.306919400000005,0.0,4.97,0.0,0.0,0.25,0.0,0.0,9.05,0.0,0.0,-3.11,0.0,0.0,19.2,0.0,0.0,-12.19,0.0,-0.004994027766666667,,1.2558515,12387.895,1.21572872,1.17505901,176.704659,98.930765,83.9223921,11590.9466,99.99998999999998,100.0,False
2026-04-16 20:00:00,0.0,,125.06,124.0,123.8,125.0,125.0,,0.0,0.0,0.0,,0.0,0.0,0.0,0.0,0.0,0.0,7.35136,5.98,21.9805664,0.0,4.97,0.0,0.0,0.25,0.0,0.0,9.05,0.0,0.0,-3.11,0.0,0.0,19.2,0.0,0.0,-12.19,0.0,-0.005002249933333334,,1.2558515,12387.895,1.2158555,1.17512183,176.704912,98.930765,83.9223521,11591.5662,99.99998999999998,100.0,False
2026-04-16 20:30:00,0.0,,125.06,123.85,122.38,140.0,140.0,,0.0,0.0,0.0,,0.0,0.0,0.0,0.0,0.0,0.0,7.51562,5.98,22.471703800000004,0.0,4.97,0.0,0.0,0.25,0.0,0.0,9.05,0.0,0.0,-3.11,0.0,0.0,19.2,0.0,0.0,-12.19,0.0,-0.004983861166666667,,1.2558515,12387.895,1.21598181,1.17517709,176.705116,98.930765,83.9223064,11592.1113,99.99998999999998,100.0,False
2026-04-16 21:00:00,0.0,,117.1,121.5,119.8,137.49,137.49,,0.0,0.0,0.0,,0.0,0.0,0.0,0.0,0.0,0.0,7.46222,5.98,22.312037800000002,0.0,4.97,0.0,0.0,0.25,0.0,0.0,9.05,0.0,0.0,-3.11,0.0,0.0,19.2,0.0,0.0,-12.19,0.0,-0.005028611133333334,,1.2558515,12387.895,1.21610926,1.17523483,176.705318,98.930765,83.9222607,11592.6809,99.99998999999998,100.0,False
2026-04-16 21:30:00,0.0,,117.1,104.8,104.8,125.0,125.0,,0.0,0.0,0.0,,0.0,0.0,0.0,0.0,0.0,0.0,7.308520000000001,5.98,21.852474800000003,0.0,4.97,0.0,0.0,0.25,0.0,0.0,9.05,0.0,0.0,-3.11,0.0,0.0,19.2,0.0,0.0,-12.19,0.0,-0.005067583333333334,,1.2558515,12387.895,1.2162377,1.17528714,176.70547,98.930765,83.9222191,11593.1969,99.99998999999998,100.0,False
2026-04-16 22:00:00,-0.022,,104.48,103.16,101.93,69.34,69.34,,0.0,-1.52548,0.0,,0.0,0.0,0.0,0.0,0.0,0.0,7.39428,5.98,22.1088972,0.0,4.97,0.0,0.0,0.25,0.0,0.0,9.05,0.0,0.0,-3.11,0.0,0.0,19.2,0.0,0.0,-12.19,0.0,-0.005005638866666666,,1.2558515,12387.895,1.21636455,1.17533787,176.705775,98.930765,83.9221734,11593.6973,99.99998999999998,100.0,False
2026-04-16 22:30:00,-0.912,,104.48,87.0,87.8,121.36,121.36,,-1.4563200000000014,0.0,0.0,,-1.8,-79.02,0.0,0.0,0.0,0.0,7.4193,5.98,22.183707000000002,0.0,4.97,0.0,0.0,0.25,0.0,0.0,9.05,0.0,0.0,-3.11,0.0,0.0,19.2,0.0,0.0,-12.19,0.0,-0.05827533446666666,,1.25859087,12414.9165,1.21784151,1.17536388,176.707346,98.930765,83.9220571,11593.9539,99.99998999999998,100.0,False
2026-04-16 23:00:00,0.0,,98.0,100.4,100.9,115.8,115.8,,0.0,0.0,0.0,,0.0,0.0,0.0,0.0,0.0,0.0,7.14563,2.15,7.681552249999999,0.0,1.52,0.0,0.0,0.84,0.0,0.0,4.81,0.0,0.0,-1.32,0.0,0.0,15.71,0.0,0.0,-9.71,0.0,-1.7618174533333335,,1.34757832,13292.7012,1.26249359,1.17536388,176.752256,98.930765,83.889678,11593.9539,99.99998999999998,100.0,False
2026-04-16 23:30:00,0.0,,98.0,98.49,99.0,111.9,111.9,,0.0,0.0,0.0,,0.0,0.0,0.0,0.0,0.0,0.0,7.33521,2.15,7.88535075,0.0,1.52,0.0,0.0,0.84,0.0,0.0,4.81,0.0,0.0,-1.32,0.0,0.0,15.71,0.0,0.0,-9.71,0.0,-0.0050041112,,1.34757832,13292.7012,1.26262041,1.17540465,176.752408,98.930765,83.8844431,11594.356,99.99998999999998,100.0,False
2026-04-17 00:00:00,0.0,,92.0,94.18,97.16,109.45,109.45,,0.0,0.0,0.0,,0.0,0.0,0.0,0.0,0.0,0.0,7.47945,2.15,8.04040875,0.0,1.52,0.0,0.0,0.84,0.0,0.0,4.81,0.0,0.0,-1.32,0.0,0.0,15.71,0.0,0.0,-9.71,0.0,-0.0049877778,,1.34757832,13292.7012,1.26274683,1.17544242,176.752712,98.930765,83.884385,11594.7286,99.99998999999998,100.0,False
2026-04-17 00:30:00,0.0,,92.0,92.0,99.69,79.99,79.99,,0.0,0.0,0.0,,0.0,0.0,0.0,0.0,0.0,0.0,7.26442,2.15,7.8092515,0.0,1.52,0.0,0.0,0.84,0.0,0.0,4.81,0.0,0.0,-1.32,0.0,0.0,15.71,0.0,0.0,-9.71,0.0,-0.004976055566666667,,0.0,0.0,0.000126114784,4.39340385e-05,176.752814,98.930765,83.8843235,0.433371507,99.99998999999998,100.0,False
2026-04-17 01:00:00,0.0,,90.13,90.12,96.26,76.03,76.03,,0.0,0.0,0.0,,0.0,0.0,0.0,0.0,0.0,0.0,7.41257,2.15,7.9685127499999995,0.0,1.52,0.0,0.0,0.84,0.0,0.0,4.81,0.0,0.0,-1.32,0.0,0.0,15.71,0.0,0.0,-9.71,0.0,-0.004988444466666666,,0.0,0.0,0.000252543557,9.06961745e-05,176.753118,98.930765,83.8842405,0.894639763,99.99998999999998,100.0,False
2026-04-17 01:30:00,0.0,,90.13,86.81,93.73,73.2,73.2,,0.0,0.0,0.0,,0.0,0.0,0.0,0.0,0.0,0.0,7.26914,2.15,7.8143255,0.0,1.52,0.0,0.0,0.84,0.0,0.0,4.81,0.0,0.0,-1.32,0.0,0.0,15.71,0.0,0.0,-9.71,0.0,-0.005030361033333333,,0.0,0.0,0.000380034678,0.000138502724,176.75327,98.930765,83.8841881,1.36621026,99.99998999999998,100.0,False
2026-04-17 02:00:00,0.0,,85.46,85.53,93.4,90.38,90.38,,0.0,0.0,0.0,,0.0,0.0,0.0,0.0,0.0,0.0,7.37217,2.15,7.92508275,0.0,1.52,0.0,0.0,0.84,0.0,0.0,4.81,0.0,0.0,-1.32,0.0,0.0,15.71,0.0,0.0,-9.71,0.0,-0.005012361066666667,,0.0,0.0,0.000507069605,0.000186218339,176.753523,98.930765,83.8841357,1.83688377,99.99998999999998,100.0,False
2026-04-17 02:30:00,0.0,,85.46,80.0,86.0,85.93,85.93,,0.0,0.0,0.0,,0.0,0.0,0.0,0.0,0.0,0.0,7.33967,2.15,7.89014525,0.0,1.52,0.0,0.0,0.84,0.0,0.0,4.81,0.0,0.0,-1.32,0.0,0.0,15.71,0.0,0.0,-9.71,0.0,-0.005061638866666667,,0.0,0.0,0.000635353435,0.000235899399,176.753726,98.930765,83.8840834,2.3269447,99.99998999999998,100.0,False
2026-04-17 03:00:00,0.0,,79.68,81.0,88.4,100.0,100.0,,0.0,0.0,0.0,,0.0,0.0,0.0,0.0,0.0,0.0,7.18166,1.93,6.9303019,0.0,1.61,0.0,0.0,1.53,0.0,0.0,4.9,0.0,0.0,1.62,0.0,0.0,17.04,0.0,0.0,-7.32,0.0,-0.0050463056,,0.0,0.0,0.00076324866,0.000290559405,176.753929,98.930765,83.8840393,2.86611865,99.99998999999998,100.0,False
2026-04-17 03:30:00,-0.05,,79.68,79.15,82.0,100.5,100.5,,0.0,-5.025,0.0,,0.0,0.0,0.0,0.0,0.0,0.0,7.40921,1.93,7.149887649999999,0.0,1.61,0.0,0.0,1.53,0.0,0.0,4.9,0.0,0.0,1.62,0.0,0.0,17.04,0.0,0.0,-7.32,0.0,-0.0050359444,,0.0,0.0,0.00089088129,0.000338982827,176.754233,98.930765,83.8839812,3.34377406,99.99998999999998,100.0,False
2026-04-17 04:00:00,-2.023,,77.91,82.0,90.06,103.78,103.78,,-2.386940000000014,0.0,0.0,,-4.0,-180.12,0.0,0.0,0.0,0.0,7.4625699999999995,1.93,7.201380049999999,0.0,1.61,0.0,0.0,1.53,0.0,0.0,4.9,0.0,0.0,1.62,0.0,0.0,17.04,0.0,0.0,-7.32,0.0,-0.12159444553333336,,0.00602113818,59.39335,0.00397261081,0.000372768655,176.757375,98.930765,83.8838284,3.6770422,99.99998999999998,100.0,False
2026-04-17 04:30:00,-0.607,,77.91,79.05,87.94,103.78,103.78,,-0.7264599999999891,0.0,0.0,,-4.0,-175.88,2.8,110.66999999999999,0.0,0.0,7.41997,1.93,7.1602710499999995,0.0,1.61,0.0,0.0,1.53,0.0,0.0,4.9,0.0,0.0,1.62,0.0,0.0,17.04,0.0,0.0,-7.32,0.0,-3.877111433333333,,0.202874346,2001.18095,0.102235395,0.000372768655,176.856016,98.930765,83.8128704,3.6770422,99.99998999999998,100.0,False
2026-04-17 05:00:00,0.0,,82.6,80.93,91.42,94.68,94.68,,0.0,0.0,0.0,,0.0,0.0,0.0,0.0,0.0,0.0,7.4609700000000005,1.93,7.19983605,0.0,1.61,0.0,0.0,1.53,0.0,0.0,4.9,0.0,0.0,1.62,0.0,0.0,17.04,0.0,0.0,-7.32,0.0,-1.1697377400000002,,0.26174701,2581.90915,0.131881611,0.000372768655,176.885719,98.930765,83.7802318,3.6770422,99.99998999999998,100.0,False
2026-04-17 05:30:00,0.0,,82.6,84.6,93.0,119.6,119.6,,0.0,0.0,0.0,,0.0,0.0,0.0,0.0,0.0,0.0,7.4981,1.93,7.2356665,0.0,1.61,0.0,0.0,1.53,0.0,0.0,4.9,0.0,0.0,1.62,0.0,0.0,17.04,0.0,0.0,-7.32,0.0,-0.005055916733333333,,0.26174701,2581.90915,0.13200975,0.0004156011,176.885973,98.930765,83.7767697,4.09954743,99.99998999999998,100.0,False
2026-04-17 06:00:00,0.0,,98.22,95.0,96.26,120.0,120.0,,0.0,0.0,0.0,,0.0,0.0,0.0,0.0,0.0,0.0,7.49826,1.93,7.2358209,0.0,1.61,0.0,0.0,1.53,0.0,0.0,4.9,0.0,0.0,1.62,0.0,0.0,17.04,0.0,0.0,-7.32,0.0,-0.0050702777666666666,,0.26174701,2581.90915,0.132138253,0.000462303861,176.886226,98.930765,83.7767283,4.56023001,99.99998999999998,100.0,False
2026-04-17 06:30:00,0.0,,98.22,101.8,110.0,123.45,123.45,,0.0,0.0,0.0,,0.0,0.0,0.0,0.0,0.0,0.0,7.317279999999999,1.93,7.061175199999999,0.0,1.61,0.0,0.0,1.53,0.0,0.0,4.9,0.0,0.0,1.62,0.0,0.0,17.04,0.0,0.0,-7.32,0.0,-0.0050188334,,0.26174701,2581.90915,0.132265452,0.000508698081,176.886429,98.930765,83.776696,5.01786909,99.99998999999998,100.0,False
2026-04-17 07:00:00,0.078,,113.24,98.24,93.4,91.79,91.79,,0.0,7.15962,0.0,,0.0,0.0,0.0,0.0,0.0,0.0,7.14029,5.8,20.706841,0.0,3.85,0.0,0.0,1.0,0.0,0.0,8.73,0.0,0.0,-1.59,0.0,0.0,18.48,0.0,0.0,-8.84,0.0,-0.005063166633333334,,0.26174701,2581.90915,0.132393775,0.000553393807,176.886631,98.930765,83.7766422,5.45875399,99.99998999999998,100.0,False
2026-04-17 07:30:00,3.218,,113.24,98.57,102.24,134.0,134.0,,9.112000000000009,0.0,0.0,,6.3,322.056,0.0,0.0,0.0,0.0,7.130319999999999,5.8,20.677927999999998,0.0,3.85,0.0,0.0,1.0,0.0,0.0,8.73,0.0,0.0,-1.59,0.0,0.0,18.48,0.0,0.0,-8.84,0.0,0.17647902663333334,,0.26174701,2581.90915,0.137035099,0.00992110004,176.891447,98.930765,83.7767803,97.8631197,99.99998999999998,100.0,False
2026-04-17 08:00:00,0.0,,98.0,88.8,92.37,134.0,134.0,,0.0,0.0,0.0,,0.0,0.0,0.0,0.0,0.0,0.0,7.01884,5.8,20.354636,0.0,3.85,0.0,0.0,1.0,0.0,0.0,8.73,0.0,0.0,-1.59,0.0,0.0,18.48,0.0,0.0,-8.84,0.0,6.082181133333333,,0.26174701,2581.90915,0.291183893,0.318735795,177.046402,98.930765,83.9103136,3144.0545,99.99998999999998,100.0,False
2026-04-17 08:30:00,0.0,,98.0,77.24,86.28,78.57,78.57,,0.0,0.0,0.0,,0.0,0.0,0.0,0.0,0.0,0.0,6.6593800000000005,5.8,19.312202,0.0,3.85,0.0,0.0,1.0,0.0,0.0,8.73,0.0,0.0,-1.59,0.0,0.0,18.48,0.0,0.0,-8.84,0.0,-0.004993916633333334,,0.26174701,2581.90915,0.29131046,0.318791649,177.046605,98.930765,83.9316907,3144.60546,99.99998999999998,100.0,False
2026-04-17 09:00:00,0.0,,79.27,74.69,83.0,52.87,52.87,,0.0,0.0,0.0,,0.0,0.0,0.0,0.0,0.0,0.0,5.51226,5.8,15.985554,0.0,3.85,0.0,0.0,1.0,0.0,0.0,8.73,0.0,0.0,-1.59,0.0,0.0,18.48,0.0,0.0,-8.84,0.0,-0.004994305566666667,,0.26174701,2581.90915,0.291437038,0.318845955,177.046858,98.930765,83.9316285,3145.14114,99.99998999999998,100.0,False
2026-04-17 09:30:00,0.0,,79.27,59.3,75.0,54.31,54.31,,0.0,0.0,0.0,,0.0,0.0,0.0,0.0,0.0,0.0,5.12746,5.8,14.869634,0.0,3.85,0.0,0.0,1.0,0.0,0.0,8.73,0.0,0.0,-1.59,0.0,0.0,18.48,0.0,0.0,-8.84,0.0,-0.0050120278333333325,,0.26174701,2581.90915,0.291564065,0.318900023,177.04696,98.930765,83.9315886,3145.67447,99.99998999999998,100.0,False
2026-04-17 10:00:00,0.0,,62.5,62.6,62.97,51.35,51.35,,0.0,0.0,0.0,,0.0,0.0,0.0,0.0,0.0,0.0,4.15382,5.8,12.046077999999998,0.0,3.85,0.0,0.0,1.0,0.0,0.0,8.73,0.0,0.0,-1.59,0.0,0.0,18.48,0.0,0.0,-8.84,0.0,-0.004995,,0.26174701,2581.90915,0.29169066,0.318949537,177.047213,98.930765,83.9315305,3146.16289,99.99998999999998,100.0,False
2026-04-17 10:30:00,0.0,,62.5,62.09,62.5,44.05,44.05,,0.0,0.0,0.0,,0.0,0.0,0.0,0.0,0.0,0.0,2.66363,5.8,7.724526999999999,0.0,3.85,0.0,0.0,1.0,0.0,0.0,8.73,0.0,0.0,-1.59,0.0,0.0,18.48,0.0,0.0,-8.84,0.0,-0.0049508333,,0.26174701,2581.90915,0.291816135,0.318998407,177.047517,98.930765,83.9314724,3146.64495,99.99998999999998,100.0,False
2026-04-17 11:00:00,0.0,,50.0,47.38,52.49,30.16,30.16,,0.0,0.0,0.0,,0.0,0.0,0.0,0.0,0.0,0.0,0.94821,3.48,1.6498854,0.0,-0.42,0.0,0.0,5.35,0.0,0.0,1.23,0.0,0.0,7.67,0.0,0.0,14.28,0.0,0.0,-0.26,0.0,-0.004922722266666666,,0.26174701,2581.90915,0.291940898,0.319043998,177.04772,98.930765,83.9314143,3147.09466,99.99998999999998,100.0,False
2026-04-17 11:30:00,-0.048,,50.0,40.0,45.33,24.51,24.51,,0.0,-1.1764800000000002,0.0,,0.0,0.0,0.0,0.0,0.0,0.0,1.65653,3.48,2.8823622,0.0,-0.42,0.0,0.0,5.35,0.0,0.0,1.23,0.0,0.0,7.67,0.0,0.0,14.28,0.0,0.0,-0.26,0.0,-0.0049125832999999995,,0.26174701,2581.90915,0.292065404,0.319088292,177.048024,98.930765,83.9313604,3147.53158,99.99998999999998,100.0,False
2026-04-17 12:00:00,-2.008,,47.0,41.46,46.94,23.26,23.26,,-0.1860800000000002,0.0,0.0,,-4.0,-93.88,0.0,0.0,0.0,0.0,1.43642,3.48,2.4993708,0.0,-0.42,0.0,0.0,5.35,0.0,0.0,1.23,0.0,0.0,7.67,0.0,0.0,14.28,0.0,0.0,-0.26,0.0,-0.12238047223333333,,0.267809882,2641.71417,0.295167055,0.319112959,177.051268,98.930765,83.9311952,3147.7749,99.99998999999998,100.0,False
2026-04-17 12:30:00,-1.999,,47.0,38.44,42.77,-1.99,-1.99,,-0.001989999999999781,0.0,0.0,,-4.0,-85.54,0.0,0.0,0.0,0.0,2.33902,3.48,4.0698948,0.0,-0.42,0.0,0.0,5.35,0.0,0.0,1.23,0.0,0.0,7.67,0.0,0.0,14.28,0.0,0.0,-0.26,0.0,-3.9847966333333336,,0.470669686,4642.75168,0.396159048,0.319112959,177.152646,98.930765,83.8597459,3147.7749,99.99998999999998,100.0,False
2026-04-17 13:00:00,-1.229,,48.98,40.04,44.5,26.98,26.98,,-0.7824200000000037,0.0,0.0,,-2.4,-53.4,0.0,0.0,0.0,0.0,1.23133,3.48,2.1425142,0.0,-0.42,0.0,0.0,5.35,0.0,0.0,1.23,0.0,0.0,7.67,0.0,0.0,14.28,0.0,0.0,-0.26,0.0,-3.9351484000000005,,0.670960618,6618.44947,0.49589274,0.319112959,177.252807,98.930765,83.777,3147.7749,99.99998999999998,100.0,False
2026-04-17 13:30:00,-1.977,,48.98,41.5,41.98,41.98,41.98,,0.9655399999999962,0.0,0.0,,-4.0,-83.96,0.0,0.0,0.0,0.0,0.16435,3.48,0.285969,0.0,-0.42,0.0,0.0,5.35,0.0,0.0,1.23,0.0,0.0,7.67,0.0,0.0,14.28,0.0,0.0,-0.26,0.0,-2.4417497666666663,,0.794800061,7840.01907,0.557777248,0.319112959,177.314951,98.930765,83.7229203,3147.7749,99.99998999999998,100.0,False
2026-04-17 14:00:00,-0.001,,53.01,46.0,53.99,85.51,85.51,,0.0,-0.08551,0.0,,0.0,0.0,0.0,0.0,0.0,0.0,3.3398499999999998,3.48,5.811338999999999,0.0,-0.42,0.0,0.0,5.35,0.0,0.0,1.23,0.0,0.0,7.67,0.0,0.0,14.28,0.0,0.0,-0.26,0.0,-3.8600288333333332,,0.991193044,9777.26695,0.655607084,0.319112959,177.412983,98.930765,83.6450875,3147.7749,99.99998999999998,100.0,False
2026-04-17 14:30:00,0.0,,53.01,49.26,56.0,86.59,86.59,,0.0,0.0,0.0,,0.0,0.0,0.0,0.0,0.0,0.0,1.5993199999999999,3.48,2.7828167999999995,0.0,-0.42,0.0,0.0,5.35,0.0,0.0,1.23,0.0,0.0,7.67,0.0,0.0,14.28,0.0,0.0,-0.26,0.0,-0.006748305633333333,,0.991248575,9777.81472,0.655778115,0.319133373,177.413338,98.930765,83.6336797,3147.97627,99.99998999999998,100.0,False
2026-04-17 15:00:00,0.0,,63.2,55.0,56.98,67.81,67.81,,0.0,0.0,0.0,,0.0,0.0,0.0,0.0,0.0,0.0,2.51694,7.2,9.060984,0.0,2.09,0.0,0.0,0.93,0.0,0.0,8.8,0.0,0.0,2.1,0.0,0.0,16.74,0.0,0.0,-1.92,0.0,-0.0055328333000000006,,0.991260676,9777.93408,0.655918341,0.319166649,177.41349,98.930765,83.6336014,3148.30451,99.99998999999998,100.0,False
2026-04-17 15:30:00,0.0,,63.2,57.02,54.2,71.2,71.2,,0.0,0.0,0.0,,0.0,0.0,0.0,0.0,0.0,0.0,4.896,7.2,17.6256,0.0,2.09,0.0,0.0,0.93,0.0,0.0,8.8,0.0,0.0,2.1,0.0,0.0,16.74,0.0,0.0,-1.92,0.0,-0.0049591389333333335,,0.991260676,9777.93408,0.656044028,0.319220761,177.413743,98.930765,83.6335272,3148.83828,99.99998999999998,100.0,False
2026-04-17 16:00:00,0.0,,79.21,66.44,65.0,64.15,64.15,,0.0,0.0,0.0,,0.0,0.0,0.0,0.0,0.0,0.0,3.6229699999999996,7.2,13.042691999999999,0.0,2.09,0.0,0.0,0.93,0.0,0.0,8.8,0.0,0.0,2.1,0.0,0.0,16.74,0.0,0.0,-1.92,0.0,-0.004888638966666667,,0.991260676,9777.93408,0.656167927,0.319267688,177.413997,98.930765,83.6334737,3149.30117,99.99998999999998,100.0,False
2026-04-17 16:30:00,0.0,,79.21,79.44,82.6,85.0,85.0,,0.0,0.0,0.0,,0.0,0.0,0.0,0.0,0.0,0.0,3.24321,7.2,11.675556,0.0,2.09,0.0,0.0,0.93,0.0,0.0,8.8,0.0,0.0,2.1,0.0,0.0,16.74,0.0,0.0,-1.92,0.0,-0.004931083333333333,,0.991260676,9777.93408,0.656292902,0.319306288,177.41425,98.930765,83.6334209,3149.68193,99.99998999999998,100.0,False
2026-04-17 17:00:00,0.0,,100.0,82.2,84.79,87.08,87.08,,0.0,0.0,0.0,,0.0,0.0,0.0,0.0,0.0,0.0,4.88524,7.2,17.586864,0.0,2.09,0.0,0.0,0.93,0.0,0.0,8.8,0.0,0.0,2.1,0.0,0.0,16.74,0.0,0.0,-1.92,0.0,-0.004978694333333334,,0.991260676,9777.93408,0.656419084,0.319346998,177.414402,98.930765,83.6333633,3150.0835,99.99998999999998,100.0,False
2026-04-17 17:30:00,0.072,,100.0,96.35,98.71,77.63,77.63,,0.0,5.589359999999999,0.0,,0.0,0.0,0.0,0.0,0.0,0.0,4.27893,7.2,15.404148,0.0,2.09,0.0,0.0,0.93,0.0,0.0,8.8,0.0,0.0,2.1,0.0,0.0,16.74,0.0,0.0,-1.92,0.0,-0.0049958332999999995,,0.991260676,9777.93408,0.6565457,0.319389379,177.414655,98.930765,83.633318,3150.50155,99.99998999999998,100.0,False
2026-04-17 18:00:00,2.879,,107.59,97.44,102.5,102.6,102.6,,8.105400000000017,0.0,0.0,,0.0,0.0,5.6,272.832,0.0,0.0,5.66371,7.2,20.389356,0.0,2.09,0.0,0.0,0.93,0.0,0.0,8.8,0.0,0.0,2.1,0.0,0.0,16.74,0.0,0.0,-1.92,0.0,0.16299691443333333,,0.991260676,9777.93408,0.660844807,0.328071042,177.419167,98.930765,83.63345,3236.13869,99.99998999999998,100.0,False
2026-04-17 18:30:00,3.435,,107.59,106.1,108.0,117.0,117.0,,-1.7550000000000145,0.0,0.0,,0.0,0.0,6.9,366.045,0.0,0.0,6.3148599999999995,7.2,22.733496,0.0,2.09,0.0,0.0,0.93,0.0,0.0,8.8,0.0,0.0,2.1,0.0,0.0,16.74,0.0,0.0,-1.92,0.0,5.6005672,,0.991260676,9777.93408,0.802787419,0.612742499,177.561754,98.930765,83.7516849,6044.17779,99.99998999999998,100.0,False
2026-04-17 19:00:00,0.0,,110.18,109.29,112.3,130.0,130.0,,0.0,0.0,0.0,,0.0,0.0,0.0,0.0,0.0,0.0,7.079020000000001,9.25,32.7404675,0.0,4.97,0.0,0.0,0.31,0.0,0.0,9.45,0.0,0.0,-1.88,0.0,0.0,17.74,0.0,0.0,-7.44,0.0,6.6664632,,0.991260676,9777.93408,0.971744451,0.951910062,177.731358,98.930765,83.9172117,9389.77412,99.99998999999998,100.0,False
2026-04-17 19:30:00,0.0,,110.18,112.63,113.28,132.0,132.0,,0.0,0.0,0.0,,0.0,0.0,0.0,0.0,0.0,0.0,7.32772,9.25,33.890705000000004,0.0,4.97,0.0,0.0,0.31,0.0,0.0,9.45,0.0,0.0,-1.88,0.0,0.0,17.74,0.0,0.0,-7.44,0.0,-0.0049819444,,0.991260676,9777.93408,0.971870715,0.951961316,177.731511,98.930765,83.9405609,9390.2797,99.99998999999998,100.0,False
2026-04-17 20:00:00,0.0,,114.0,114.5,114.56,133.4,133.4,,0.0,0.0,0.0,,0.0,0.0,0.0,0.0,0.0,0.0,7.41202,9.25,34.2805925,0.0,4.97,0.0,0.0,0.31,0.0,0.0,9.45,0.0,0.0,-1.88,0.0,0.0,17.74,0.0,0.0,-7.44,0.0,-0.005003805566666667,,0.991260676,9777.93408,0.971997532,0.952014446,177.731713,98.930765,83.940532,9390.80378,99.99998999999998,100.0,False
2026-04-17 20:30:00,0.0,,114.0,113.43,111.01,129.25,129.25,,0.0,0.0,0.0,,0.0,0.0,0.0,0.0,0.0,0.0,7.51928,9.25,34.77667,0.0,4.97,0.0,0.0,0.31,0.0,0.0,9.45,0.0,0.0,-1.88,0.0,0.0,17.74,0.0,0.0,-7.44,0.0,-0.005029583266666667,,0.991260676,9777.93408,0.972125004,0.952070982,177.731966,98.930765,83.9404906,9391.36146,99.99998999999998,100.0,False
2026-04-17 21:00:00,0.0,,104.16,109.88,110.0,124.5,124.5,,0.0,0.0,0.0,,0.0,0.0,0.0,0.0,0.0,0.0,7.513,9.25,34.747625,0.0,4.97,0.0,0.0,0.31,0.0,0.0,9.45,0.0,0.0,-1.88,0.0,0.0,17.74,0.0,0.0,-7.44,0.0,-0.005031861166666666,,0.991260676,9777.93408,0.972252533,0.952108781,177.73222,98.930765,83.9404369,9391.73431,99.99998999999998,100.0,False
2026-04-17 21:30:00,0.0,,104.16,100.01,102.25,75.03,75.03,,0.0,0.0,0.0,,0.0,0.0,0.0,0.0,0.0,0.0,7.45109,9.25,34.46129125,0.0,4.97,0.0,0.0,0.31,0.0,0.0,9.45,0.0,0.0,-1.88,0.0,0.0,17.74,0.0,0.0,-7.44,0.0,-0.005039972266666667,,0.991260676,9777.93408,0.972380268,0.952151966,177.732372,98.930765,83.9403914,9392.16029,99.99998999999998,100.0,False
2026-04-17 22:00:00,-0.023,,93.41,95.7,98.0,71.81,71.81,,0.0,-1.65163,0.0,,0.0,0.0,0.0,0.0,0.0,0.0,7.475359999999999,9.25,34.573539999999994,0.0,4.97,0.0,0.0,0.31,0.0,0.0,9.45,0.0,0.0,-1.88,0.0,0.0,17.74,0.0,0.0,-7.44,0.0,-0.005026444433333333,,0.991260676,9777.93408,0.97250766,0.95218928,177.732676,98.930765,83.9403335,9392.52836,99.99998999999998,100.0,False
2026-04-17 22:30:00,-0.923,,93.41,81.0,83.0,123.49,123.49,,-2.8402700000000025,0.0,0.0,,-1.8,-74.7,0.0,0.0,0.0,0.0,7.47917,9.25,34.59116125,0.0,4.97,0.0,0.0,0.31,0.0,0.0,9.45,0.0,0.0,-1.88,0.0,0.0,17.74,0.0,0.0,-7.44,0.0,-0.05853603116666667,,0.994017377,9805.12657,0.973991218,0.952211849,177.734248,98.930765,83.9402178,9392.75099,99.99998999999998,100.0,False
2026-04-17 23:00:00,0.0,,87.3,96.93,104.0,120.45,120.45,,0.0,0.0,0.0,,0.0,0.0,0.0,0.0,0.0,0.0,7.35134,1.55,5.697288500000001,0.0,1.35,0.0,0.0,0.41,0.0,0.0,4.99,0.0,0.0,-0.94,0.0,0.0,14.02,0.0,0.0,-10.43,0.0,-1.7651639799999999,,1.08319323,10684.7697,1.01872811,0.952211849,177.779057,98.930765,83.9079823,9392.75099,99.99998999999998,100.0,False
2026-04-17 23:30:00,0.0,,87.3,94.11,94.0,110.0,110.0,,0.0,0.0,0.0,,0.0,0.0,0.0,0.0,0.0,0.0,7.48841,1.55,5.80351775,0.0,1.35,0.0,0.0,0.41,0.0,0.0,4.99,0.0,0.0,-0.94,0.0,0.0,14.02,0.0,0.0,-10.43,0.0,-0.0050504443999999996,,1.08319323,10684.7697,1.01885611,0.952249028,177.77931,98.930765,83.9027195,9393.11773,99.99998999999998,100.0,False
2026-04-18 00:00:00,0.0,,86.7,89.05,89.0,97.47,97.47,,0.0,0.0,0.0,,0.0,0.0,0.0,0.0,0.0,0.0,7.29427,1.55,5.65305925,0.0,1.35,0.0,0.0,0.41,0.0,0.0,4.99,0.0,0.0,-0.94,0.0,0.0,14.02,0.0,0.0,-10.43,0.0,-0.004992749966666667,,1.08319323,10684.7697,1.01898265,0.952280496,177.779513,98.930765,83.9026658,9393.42813,99.99998999999998,100.0,False
2026-04-18 00:30:00,0.0,,86.7,87.9,87.85,95.11,95.11,,0.0,0.0,0.0,,0.0,0.0,0.0,0.0,0.0,0.0,7.423229999999999,1.55,5.75300325,0.0,1.35,0.0,0.0,0.41,0.0,0.0,4.99,0.0,0.0,-0.94,0.0,0.0,14.02,0.0,0.0,-10.43,0.0,-0.005033138833333333,,0.0,0.0,0.000127561521,3.97324478e-05,177.779868,98.930765,83.9026038,0.391926428,99.99998999999998,100.0,False
2026-04-18 01:00:00,0.0,,88.0,85.01,88.41,88.89,88.89,,0.0,0.0,0.0,,0.0,0.0,0.0,0.0,0.0,0.0,7.45641,1.55,5.77871775,0.0,1.35,0.0,0.0,0.41,0.0,0.0,4.99,0.0,0.0,-0.94,0.0,0.0,14.02,0.0,0.0,-10.43,0.0,-0.005017722233333334,,0.0,0.0,0.00025473232,7.32301187e-05,177.779918,98.930765,83.9025295,0.722352143,99.99998999999998,100.0,False
2026-04-18 01:30:00,0.0,,88.0,86.0,90.3,86.42,86.42,,0.0,0.0,0.0,,0.0,0.0,0.0,0.0,0.0,0.0,7.48397,1.55,5.800076750000001,0.0,1.35,0.0,0.0,0.41,0.0,0.0,4.99,0.0,0.0,-0.94,0.0,0.0,14.02,0.0,0.0,-10.43,0.0,-0.005005444433333333,,0.0,0.0,0.000381591945,0.00010375869,177.780324,98.930765,83.902451,1.02349024,99.99998999999998,100.0,False
2026-04-18 02:00:00,0.0,,88.97,84.4,89.2,85.16,85.16,,0.0,0.0,0.0,,0.0,0.0,0.0,0.0,0.0,0.0,7.30563,1.55,5.66186325,0.0,1.35,0.0,0.0,0.41,0.0,0.0,4.99,0.0,0.0,-0.94,0.0,0.0,14.02,0.0,0.0,-10.43,0.0,-0.0049947500333333335,,0.0,0.0,0.00050818053,0.000135680133,177.780425,98.930765,83.9023766,1.33836783,99.99998999999998,100.0,False
2026-04-18 02:30:00,0.0,,88.97,80.72,84.6,48.29,48.29,,0.0,0.0,0.0,,0.0,0.0,0.0,0.0,0.0,0.0,6.85568,1.55,5.3131520000000005,0.0,1.35,0.0,0.0,0.41,0.0,0.0,4.99,0.0,0.0,-0.94,0.0,0.0,14.02,0.0,0.0,-10.43,0.0,-0.0050434167,,0.0,0.0,0.000636002535,0.000165665366,177.780779,98.930765,83.9023105,1.63414636,99.99998999999998,100.0,False
2026-04-18 03:00:00,0.0,,87.43,76.88,84.9,57.78,57.78,,0.0,0.0,0.0,,0.0,0.0,0.0,0.0,0.0,0.0,7.48016,1.72,6.4329376,0.0,1.16,0.0,0.0,0.44,0.0,0.0,5.29,0.0,0.0,-1.07,0.0,0.0,15.02,0.0,0.0,-8.46,0.0,-0.0050518612000000004,,0.0,0.0,0.000764038565,0.000195372755,177.780932,98.930765,83.9022486,1.92718421,99.99998999999998,100.0,False
2026-04-18 03:30:00,0.0,,87.43,75.1,82.0,69.81,69.81,,0.0,0.0,0.0,,0.0,0.0,0.0,0.0,0.0,0.0,7.21146,1.72,6.2018556,0.0,1.16,0.0,0.0,0.44,0.0,0.0,5.29,0.0,0.0,-1.07,0.0,0.0,15.02,0.0,0.0,-8.46,0.0,-0.0050328889,,0.0,0.0,0.000891593755,0.000220831498,177.781084,98.930765,83.9021915,2.17831281,99.99998999999998,100.0,False
2026-04-18 04:00:00,0.0,,87.0,78.0,84.0,66.36,66.36,,0.0,0.0,0.0,,0.0,0.0,0.0,0.0,0.0,0.0,7.326569999999999,1.72,6.300850199999999,0.0,1.16,0.0,0.0,0.44,0.0,0.0,5.29,0.0,0.0,-1.07,0.0,0.0,15.02,0.0,0.0,-8.46,0.0,-0.0050082777,,0.0,0.0,0.00101852519,0.000247509786,177.781439,98.930765,83.9021255,2.44147118,99.99998999999998,100.0,False
2026-04-18 04:30:00,0.0,,87.0,78.06,80.48,67.22,67.22,,0.0,0.0,0.0,,0.0,0.0,0.0,0.0,0.0,0.0,7.15897,1.72,6.1567142,0.0,1.16,0.0,0.0,0.44,0.0,0.0,5.29,0.0,0.0,-1.07,0.0,0.0,15.02,0.0,0.0,-8.46,0.0,-0.004949916733333334,,0.0,0.0,0.0011439775,0.000269184364,177.78159,98.930765,83.9020635,2.65527225,99.99998999999998,100.0,False
2026-04-18 05:00:00,0.0,,88.29,81.1,78.1,66.55,66.55,,0.0,0.0,0.0,,0.0,0.0,0.0,0.0,0.0,0.0,7.230479999999999,1.72,6.218212799999999,0.0,1.16,0.0,0.0,0.44,0.0,0.0,5.29,0.0,0.0,-1.07,0.0,0.0,15.02,0.0,0.0,-8.46,0.0,-0.004961666666666666,,0.0,0.0,0.0012697276,0.00029263929,177.781895,98.930765,83.9020015,2.88663493,99.99998999999998,100.0,False
2026-04-18 05:30:00,0.0,,88.29,82.23,77.3,68.78,68.78,,0.0,0.0,0.0,,0.0,0.0,0.0,0.0,0.0,0.0,7.43013,1.72,6.3899118,0.0,1.16,0.0,0.0,0.44,0.0,0.0,5.29,0.0,0.0,-1.07,0.0,0.0,15.02,0.0,0.0,-8.46,0.0,-0.004941972166666667,,0.0,0.0,0.00139497857,0.000313486177,177.782098,98.930765,83.9019313,3.09227154,99.99998999999998,100.0,False
2026-04-18 06:00:00,0.016,,91.11,80.0,72.0,48.77,48.77,,0.0,0.78032,0.0,,0.0,0.0,0.0,0.0,0.0,0.0,7.37878,1.72,6.3457508,0.0,1.16,0.0,0.0,0.44,0.0,0.0,5.29,0.0,0.0,-1.07,0.0,0.0,15.02,0.0,0.0,-8.46,0.0,-0.0049991944666666665,,0.0,0.0,0.00152167979,0.000341366458,177.782402,98.930765,83.9018859,3.36728653,99.99998999999998,100.0,False
2026-04-18 06:30:00,0.659,,91.11,79.7,83.23,49.16,49.16,,0.4424400000000004,0.0,0.0,,0.0,0.0,1.3,51.80500000000001,0.0,0.0,7.30553,1.72,6.2827558,0.0,1.16,0.0,0.0,0.44,0.0,0.0,5.29,0.0,0.0,-1.07,0.0,0.0,15.02,0.0,0.0,-8.46,0.0,0.032323277266666665,,0.0,0.0,0.00251100689,0.00229530247,177.783466,98.930765,83.9019129,22.6411849,99.99998999999998,100.0,False
2026-04-18 07:00:00,0.0,,88.96,76.0,80.48,42.58,42.58,,0.0,0.0,0.0,,0.0,0.0,0.0,0.0,0.0,0.0,6.93196,5.8,20.102684,0.0,1.98,0.0,0.0,0.62,0.0,0.0,6.53,0.0,0.0,-1.71,0.0,0.0,15.66,0.0,0.0,-6.6,0.0,1.2648550033333334,,0.0,0.0,0.034567907,0.0665209758,177.815704,98.930765,83.9295478,656.172218,99.99998999999998,100.0,False
2026-04-18 07:30:00,0.0,,88.96,72.3,80.0,52.0,52.0,,0.0,0.0,0.0,,0.0,0.0,0.0,0.0,0.0,0.0,6.39746,5.8,18.552633999999998,0.0,1.98,0.0,0.0,0.62,0.0,0.0,6.53,0.0,0.0,-1.71,0.0,0.0,15.66,0.0,0.0,-6.6,0.0,-0.004993694466666667,,0.0,0.0,0.0346944689,0.0665382161,177.815957,98.930765,83.9339784,656.342279,99.99998999999998,100.0,False
2026-04-18 08:00:00,0.0,,79.9,56.28,59.9,37.34,37.34,,0.0,0.0,0.0,,0.0,0.0,0.0,0.0,0.0,0.0,5.408,5.8,15.683200000000001,0.0,1.98,0.0,0.0,0.62,0.0,0.0,6.53,0.0,0.0,-1.71,0.0,0.0,15.66,0.0,0.0,-6.6,0.0,-0.0050311389,,0.0,0.0,0.0348219797,0.0665664773,177.816059,98.930765,83.9339412,656.621051,99.99998999999998,100.0,False
2026-04-18 08:30:00,0.0,,79.9,63.34,59.03,10.0,10.0,,0.0,0.0,0.0,,0.0,0.0,0.0,0.0,0.0,0.0,4.41277,5.8,12.797032999999999,0.0,1.98,0.0,0.0,0.62,0.0,0.0,6.53,0.0,0.0,-1.71,0.0,0.0,15.66,0.0,0.0,-6.6,0.0,-0.004993722266666667,,0.0,0.0,0.0349485422,0.0665965613,177.816312,98.930765,83.933904,656.917804,99.99998999999998,100.0,False
2026-04-18 09:00:00,0.0,,66.1,47.34,61.44,10.0,10.0,,0.0,0.0,0.0,,0.0,0.0,0.0,0.0,0.0,0.0,3.24127,5.8,9.399683,0.0,1.98,0.0,0.0,0.62,0.0,0.0,6.53,0.0,0.0,-1.71,0.0,0.0,15.66,0.0,0.0,-6.6,0.0,-0.0049120278,,0.0,0.0,0.0350730343,0.0666209507,177.816566,98.930765,83.933871,657.158385,99.99998999999998,100.0,False
2026-04-18 09:30:00,0.0,,66.1,36.0,51.63,19.56,19.56,,0.0,0.0,0.0,,0.0,0.0,0.0,0.0,0.0,0.0,2.13911,5.8,6.203419,0.0,1.98,0.0,0.0,0.62,0.0,0.0,6.53,0.0,0.0,-1.71,0.0,0.0,15.66,0.0,0.0,-6.6,0.0,-0.004948111133333333,,0.0,0.0,0.0351984408,0.0666432863,177.816718,98.930765,83.9338296,657.378706,99.99998999999998,100.0,False
2026-04-18 10:00:00,0.0,,47.0,38.0,47.2,12.62,12.62,,0.0,0.0,0.0,,0.0,0.0,0.0,0.0,0.0,0.0,1.85206,5.8,5.370974,0.0,1.98,0.0,0.0,0.62,0.0,0.0,6.53,0.0,0.0,-1.71,0.0,0.0,15.66,0.0,0.0,-6.6,0.0,-0.0049296111,,0.0,0.0,0.0353233785,0.0666714012,177.817073,98.930765,83.9337759,657.656035,99.99998999999998,100.0,False
2026-04-18 10:30:00,0.0,,47.0,24.0,40.4,59.99,59.99,,0.0,0.0,0.0,,0.0,0.0,0.0,0.0,0.0,0.0,1.2293900000000002,5.8,3.5652310000000007,0.0,1.98,0.0,0.0,0.62,0.0,0.0,6.53,0.0,0.0,-1.71,0.0,0.0,15.66,0.0,0.0,-6.6,0.0,-0.006107972233333332,,5.13450916e-05,0.506475172,0.035478181,0.0666756428,177.817275,98.930765,83.9337305,657.697875,99.99998999999998,100.0,False
2026-04-18 11:00:00,0.0,,36.94,18.96,33.95,115.0,115.0,,0.0,0.0,0.0,,0.0,0.0,0.0,0.0,0.0,0.0,0.39332,2.56,0.5034496,0.0,0.74,0.0,0.0,3.97,0.0,0.0,4.05,0.0,0.0,4.27,0.0,0.0,9.06,0.0,0.0,3.05,0.0,-0.006448805633333333,,0.000115911464,1.14336691,0.0356416216,0.0666817549,177.81763,98.930765,83.9336726,657.758166,99.99998999999998,100.0,False
2026-04-18 11:30:00,-0.029,,36.94,17.64,27.69,112.95,112.95,,0.0,-3.2755500000000004,0.0,,0.0,0.0,0.0,0.0,0.0,0.0,2.31582,2.56,2.9642496,0.0,0.74,0.0,0.0,3.97,0.0,0.0,4.05,0.0,0.0,4.27,0.0,0.0,9.06,0.0,0.0,3.05,0.0,-0.005969805566666667,,0.00013936685,1.37473412,0.0357929223,0.0666817549,177.817782,98.930765,83.9336106,657.758166,99.99998999999998,100.0,False
2026-04-18 12:00:00,-1.196,,32.8,20.86,33.72,112.75,112.75,,0.4510000000000004,0.0,0.0,,0.0,0.0,-2.4,-25.032,0.0,0.0,3.63821,2.56,4.6569088,0.0,0.74,0.0,0.0,3.97,0.0,0.0,4.05,0.0,0.0,4.27,0.0,0.0,9.06,0.0,0.0,3.05,0.0,-0.07642088863333334,,0.0038316372,37.7958058,0.0377297584,0.0666992724,177.819911,98.930765,83.9334908,657.930961,99.99998999999998,100.0,False
2026-04-18 12:30:00,-1.965,,32.8,21.79,31.96,42.97,42.97,,1.5039499999999966,0.0,0.0,,0.0,0.0,-4.0,-43.58,0.0,0.0,0.5844,2.56,0.748032,0.0,0.74,0.0,0.0,3.97,0.0,0.0,4.05,0.0,0.0,4.27,0.0,0.0,9.06,0.0,0.0,3.05,0.0,-2.4391143,,0.127499286,1257.67081,0.0995474716,0.0666992724,177.882005,98.930765,83.8907619,657.930961,99.99998999999998,100.0,False
2026-04-18 13:00:00,-1.959,,32.94,22.01,33.0,85.89,85.89,,3.521489999999994,0.0,0.0,,-4.0,-66.0,0.0,0.0,0.0,0.0,3.70819,2.56,4.7464832,0.0,0.74,0.0,0.0,3.97,0.0,0.0,4.05,0.0,0.0,4.27,0.0,0.0,9.06,0.0,0.0,3.05,0.0,-3.9885162333333333,,0.330442775,3259.53379,0.200633735,0.0666992724,177.983483,98.930765,83.8129202,657.930961,99.99998999999998,100.0,False
2026-04-18 13:30:00,-1.917,,32.94,20.27,31.0,90.23,90.23,,7.489089999999997,0.0,0.0,,-4.0,-62.0,0.0,0.0,0.0,0.0,2.0367100000000002,2.56,2.6069888000000003,0.0,0.74,0.0,0.0,3.97,0.0,0.0,4.05,0.0,0.0,4.27,0.0,0.0,9.06,0.0,0.0,3.05,0.0,-3.9782922000000003,,0.532889209,5256.49376,0.301460878,0.0666992724,178.084759,98.930765,83.7306547,657.930961,99.99998999999998,100.0,False
2026-04-18 14:00:00,-0.001,,35.99,20.0,30.0,97.75,97.75,,0.0,-0.09775,0.0,,-4.0,-60.0,4.0,40.0,0.0,0.0,0.28476,2.56,0.3644928,0.0,0.74,0.0,0.0,3.97,0.0,0.0,4.05,0.0,0.0,4.27,0.0,0.0,9.06,0.0,0.0,3.05,0.0,-3.8694525333333334,,0.729790908,7198.75969,0.399529552,0.0666992724,178.183197,98.930765,83.6485498,657.930961,99.99998999999998,100.0,False
2026-04-18 14:30:00,-0.046,,35.99,21.13,33.0,103.9,103.9,,0.41560000000000474,0.0,0.0,,-2.4,-39.6,2.3,24.2995,0.0,0.0,0.17836000000000002,2.56,0.22830080000000003,0.0,0.74,0.0,0.0,3.97,0.0,0.0,4.05,0.0,0.0,4.27,0.0,0.0,9.06,0.0,0.0,3.05,0.0,-0.008174638866666667,,0.729953168,7200.36024,0.399736733,0.0667228642,178.183501,98.930765,83.6370559,658.163674,99.99998999999998,100.0,False
2026-04-18 15:00:00,0.0,,53.3,24.0,43.01,0.0,0.0,,0.0,0.0,0.0,,0.0,0.0,0.0,0.0,0.0,0.0,2.42544,6.93,8.4041496,0.0,1.46,0.0,0.0,4.85,0.0,0.0,4.94,0.0,0.0,5.5,0.0,0.0,19.63,0.0,0.0,2.63,0.0,-0.10218641566666668,,0.734860458,7248.76644,0.402326579,0.0667228642,178.186136,98.930765,83.6361286,658.163674,99.99998999999998,100.0,False
2026-04-18 15:30:00,0.0,,53.3,24.0,48.3,2.0,2.0,,0.0,0.0,0.0,,0.0,0.0,0.0,0.0,0.0,0.0,3.71104,6.93,12.8587536,0.0,1.46,0.0,0.0,4.85,0.0,0.0,4.94,0.0,0.0,5.5,0.0,0.0,19.63,0.0,0.0,2.63,0.0,-0.0051101944,,0.734865183,7248.81305,0.402456093,0.0667397424,178.18639,98.930765,83.6359235,658.330163,99.99998999999998,100.0,False
2026-04-18 16:00:00,0.0,,75.62,61.92,65.0,2.0,2.0,,0.0,0.0,0.0,,0.0,0.0,0.0,0.0,0.0,0.0,3.0198,6.93,10.463607,0.0,1.46,0.0,0.0,4.85,0.0,0.0,4.94,0.0,0.0,5.5,0.0,0.0,19.63,0.0,0.0,2.63,0.0,-0.006391055499999999,,0.734924738,7249.40051,0.40261807,0.0667656409,178.186644,98.930765,83.6358701,658.585629,99.99998999999998,100.0,False
2026-04-18 16:30:00,0.0,,75.62,73.95,84.0,72.78,72.78,,0.0,0.0,0.0,,0.0,0.0,0.0,0.0,0.0,0.0,4.27958,6.93,14.8287447,0.0,1.46,0.0,0.0,4.85,0.0,0.0,4.94,0.0,0.0,5.5,0.0,0.0,19.63,0.0,0.0,2.63,0.0,-0.004971472266666666,,0.734924738,7249.40051,0.402744069,0.0668059258,178.186897,98.930765,83.6358373,658.983005,99.99998999999998,100.0,False
2026-04-18 17:00:00,0.0,,100.0,83.88,96.0,91.13,91.13,,0.0,0.0,0.0,,0.0,0.0,0.0,0.0,0.0,0.0,2.1930500000000004,6.93,7.598918250000001,0.0,1.46,0.0,0.0,4.85,0.0,0.0,4.94,0.0,0.0,5.5,0.0,0.0,19.63,0.0,0.0,2.63,0.0,-0.0049576111,,0.734924738,7249.40051,0.402869716,0.0668486283,178.18705,98.930765,83.6358004,659.404228,99.99998999999998,100.0,False
2026-04-18 17:30:00,0.0,,100.0,98.0,103.65,93.55,93.55,,0.0,0.0,0.0,,0.0,0.0,0.0,0.0,0.0,0.0,5.1730100000000006,6.93,17.924479650000002,0.0,1.46,0.0,0.0,4.85,0.0,0.0,4.94,0.0,0.0,5.5,0.0,0.0,19.63,0.0,0.0,2.63,0.0,-0.0049128889,,0.734924738,7249.40051,0.40299423,0.0668912528,178.187354,98.930765,83.6357807,659.824682,99.99998999999998,100.0,False
2026-04-18 18:00:00,0.0,,110.62,100.42,107.2,99.51,99.51,,0.0,0.0,0.0,,0.0,0.0,0.0,0.0,0.0,0.0,5.84274,6.93,20.2450941,0.0,1.46,0.0,0.0,4.85,0.0,0.0,4.94,0.0,0.0,5.5,0.0,0.0,19.63,0.0,0.0,2.63,0.0,-0.004941805533333334,,0.734924738,7249.40051,0.403119477,0.0669302905,178.187505,98.930765,83.6357479,660.209756,99.99998999999998,100.0,False
2026-04-18 18:30:00,0.089,,110.62,112.26,121.01,103.44,103.44,,0.0,9.206159999999999,0.0,,0.0,0.0,0.0,0.0,0.0,0.0,6.51226,6.93,22.564980900000002,0.0,1.46,0.0,0.0,4.85,0.0,0.0,4.94,0.0,0.0,5.5,0.0,0.0,19.63,0.0,0.0,2.63,0.0,-0.0050093611333333335,,0.734924738,7249.40051,0.403246436,0.0669708767,178.187759,98.930765,83.6357232,660.610104,99.99998999999998,100.0,False
2026-04-18 19:00:00,3.529,,116.4,115.0,119.7,113.46,113.46,,-8.05566000000002,0.0,0.0,,7.2,430.92,0.0,0.0,0.0,0.0,6.7943,8.71,29.5891765,0.0,4.97,0.0,0.0,0.77,0.0,0.0,4.63,0.0,0.0,1.52,0.0,0.0,18.93,0.0,0.0,-10.1,0.0,0.20509011110000006,,0.734924738,7249.40051,0.408612845,0.0778208382,178.193436,98.930765,83.6359276,767.635643,99.99998999999998,100.0,False
2026-04-18 19:30:00,0.046,,116.4,118.86,127.76,79.87,79.87,,0.0,3.67402,0.0,,3.7,236.35600000000002,-3.7,-219.89100000000002,0.0,0.0,7.00154,8.71,30.491706700000005,0.0,4.97,0.0,0.0,0.77,0.0,0.0,4.63,0.0,0.0,1.52,0.0,0.0,18.93,0.0,0.0,-10.1,0.0,6.858875466666667,,0.734924738,7249.40051,0.582446435,0.426882814,178.367856,98.930765,83.786049,4210.83184,99.99998999999998,100.0,False
2026-04-18 20:00:00,1.814,,114.8,113.6,114.65,75.79,75.79,,-2.7284400000000026,0.0,0.0,,0.0,0.0,3.7,210.16,0.0,0.0,7.41704,8.71,32.3012092,0.0,4.97,0.0,0.0,0.77,0.0,0.0,4.63,0.0,0.0,1.52,0.0,0.0,18.93,0.0,0.0,-10.1,0.0,0.10684805339999999,,0.734924738,7249.40051,0.585322667,0.432689866,178.3711,98.930765,83.809988,4268.11341,99.99998999999998,100.0,False
2026-04-18 20:30:00,0.0,,114.8,113.64,115.08,77.13,77.13,,0.0,0.0,0.0,,0.0,0.0,0.0,0.0,0.0,0.0,7.43245,8.71,32.368319750000005,0.0,4.97,0.0,0.0,0.77,0.0,0.0,4.63,0.0,0.0,1.52,0.0,0.0,18.93,0.0,0.0,-10.1,0.0,3.615618466666666,,0.734924738,7249.40051,0.676958087,0.615693981,178.463099,98.930765,83.8885763,6073.29163,99.99998999999998,100.0,False
2026-04-18 21:00:00,0.0,,109.76,110.89,112.0,100.0,100.0,,0.0,0.0,0.0,,0.0,0.0,0.0,0.0,0.0,0.0,7.10543,8.71,30.944147650000005,0.0,4.97,0.0,0.0,0.77,0.0,0.0,4.63,0.0,0.0,1.52,0.0,0.0,18.93,0.0,0.0,-10.1,0.0,-0.0049759720666666665,,0.734924738,7249.40051,0.677084199,0.615731103,178.463302,98.930765,83.9012113,6073.6578,99.99998999999998,100.0,False
2026-04-18 21:30:00,0.0,,109.76,100.98,102.0,74.33,74.33,,0.0,0.0,0.0,,0.0,0.0,0.0,0.0,0.0,0.0,7.36499,8.71,32.07453145,0.0,4.97,0.0,0.0,0.77,0.0,0.0,4.63,0.0,0.0,1.52,0.0,0.0,18.93,0.0,0.0,-10.1,0.0,-0.005091416733333334,,0.734924738,7249.40051,0.677213239,0.615776041,178.463556,98.930765,83.9011907,6074.10108,99.99998999999998,100.0,False
2026-04-18 22:00:00,0.0,,99.84,100.03,106.0,73.0,73.0,,0.0,0.0,0.0,,0.0,0.0,0.0,0.0,0.0,0.0,7.41428,8.71,32.289189400000005,0.0,4.97,0.0,0.0,0.77,0.0,0.0,4.63,0.0,0.0,1.52,0.0,0.0,18.93,0.0,0.0,-10.1,0.0,-0.005024111133333333,,0.734924738,7249.40051,0.677340572,0.61581863,178.46381,98.930765,83.9011825,6074.52118,99.99998999999998,100.0,False
2026-04-18 22:30:00,0.014,,99.84,88.87,92.72,71.56,71.56,,0.0,1.00184,0.0,,0.0,0.0,0.0,0.0,0.0,0.0,7.35466,8.71,32.029544300000005,0.0,4.97,0.0,0.0,0.77,0.0,0.0,4.63,0.0,0.0,1.52,0.0,0.0,18.93,0.0,0.0,-10.1,0.0,-0.0050673888,,0.734924738,7249.40051,0.677469,0.615859248,178.463911,98.930765,83.901166,6074.92184,99.99998999999998,100.0,False
2026-04-18 23:00:00,0.565,,98.1,103.08,107.0,94.18,94.18,,1.412699999999991,0.0,0.0,,1.1,58.85,0.0,0.0,0.0,0.0,7.5118,2,7.5118,0.0,3.71,0.0,0.0,0.25,0.0,0.0,5.12,0.0,0.0,-2.31,0.0,0.0,15.28,0.0,0.0,-10.65,0.0,0.02907572253333333,,0.734924738,7249.40051,0.678376301,0.61766259,178.465127,98.930765,83.9011839,6092.71026,99.99998999999998,100.0,False
2026-04-18 23:30:00,0.0,,98.1,100.87,101.54,70.05,70.05,,0.0,0.0,0.0,,0.0,0.0,0.0,0.0,0.0,0.0,7.38275,2,7.38275,0.0,3.71,0.0,0.0,0.25,0.0,0.0,5.12,0.0,0.0,-2.31,0.0,0.0,15.28,0.0,0.0,-10.65,0.0,1.070915206666667,,0.734924738,7249.40051,0.705517927,0.67213422,178.492398,98.930765,83.9246032,6630.02604,99.99998999999998,100.0,False
2026-04-19 00:00:00,0.0,,95.1,98.38,99.8,102.68,102.68,,0.0,0.0,0.0,,0.0,0.0,0.0,0.0,0.0,0.0,7.46542,2,7.46542,0.0,3.71,0.0,0.0,0.25,0.0,0.0,5.12,0.0,0.0,-2.31,0.0,0.0,15.28,0.0,0.0,-10.65,0.0,-0.0050133610333333335,,0.734924738,7249.40051,0.705644988,0.67216402,178.49255,98.930765,83.9283526,6630.32,99.99998999999998,100.0,False
2026-04-19 00:30:00,0.0,,95.1,97.49,100.51,61.24,61.24,,0.0,0.0,0.0,,0.0,0.0,0.0,0.0,0.0,0.0,7.378520000000001,2,7.378520000000001,0.0,3.71,0.0,0.0,0.25,0.0,0.0,5.12,0.0,0.0,-2.31,0.0,0.0,15.28,0.0,0.0,-10.65,0.0,-0.005083361133333333,,0.0,0.0,0.000128834373,3.23092746e-05,178.492804,98.930765,83.9283197,0.318703208,99.99998999999998,100.0,False
2026-04-19 01:00:00,0.0,,93.14,97.22,97.2,102.72,102.72,,0.0,0.0,0.0,,0.0,0.0,0.0,0.0,0.0,0.0,7.51199,2,7.51199,0.0,3.71,0.0,0.0,0.25,0.0,0.0,5.12,0.0,0.0,-2.31,0.0,0.0,15.28,0.0,0.0,-10.65,0.0,-0.0050191945333333335,,0.0,0.0,0.000256042485,6.07736831e-05,178.493006,98.930765,83.9282826,0.599480118,99.99998999999998,100.0,False
2026-04-19 01:30:00,0.0,,93.14,96.46,97.12,108.9,108.9,,0.0,0.0,0.0,,0.0,0.0,0.0,0.0,0.0,0.0,7.48405,2,7.48405,0.0,3.71,0.0,0.0,0.25,0.0,0.0,5.12,0.0,0.0,-2.31,0.0,0.0,15.28,0.0,0.0,-10.65,0.0,-0.004995833233333333,,0.0,0.0,0.000382658521,9.57746597e-05,178.493311,98.930765,83.9282456,0.944734652,99.99998999999998,100.0,False
2026-04-19 02:00:00,0.0,,91.03,95.4,99.0,108.9,108.9,,0.0,0.0,0.0,,0.0,0.0,0.0,0.0,0.0,0.0,7.45078,2,7.45078,0.0,3.71,0.0,0.0,0.25,0.0,0.0,5.12,0.0,0.0,-2.31,0.0,0.0,15.28,0.0,0.0,-10.65,0.0,-0.005002555566666666,,0.0,0.0,0.00050944493,0.00012669243,178.493462,98.930765,83.9282209,1.24971187,99.99998999999998,100.0,False
2026-04-19 02:30:00,0.0,,91.03,91.45,90.0,104.96,104.96,,0.0,0.0,0.0,,0.0,0.0,0.0,0.0,0.0,0.0,7.38532,2,7.38532,0.0,3.71,0.0,0.0,0.25,0.0,0.0,5.12,0.0,0.0,-2.31,0.0,0.0,15.28,0.0,0.0,-10.65,0.0,-0.0049775556,,0.0,0.0,0.00063559773,0.000161300958,178.493665,98.930765,83.9281962,1.59109523,99.99998999999998,100.0,False
2026-04-19 03:00:00,0.0,,89.0,92.87,91.66,94.35,94.35,,0.0,0.0,0.0,,0.0,0.0,0.0,0.0,0.0,0.0,7.33302,1.83,6.709713300000001,0.0,0.8,0.0,0.0,0.76,0.0,0.0,4.62,0.0,0.0,-1.4,0.0,0.0,15.68,0.0,0.0,-9.84,0.0,-0.005008638966666667,,0.0,0.0,0.00076253832,0.000196824474,178.493918,98.930765,83.9281756,1.94150417,99.99998999999998,100.0,False
2026-04-19 03:30:00,0.0,,89.0,92.0,88.95,77.45,77.45,,0.0,0.0,0.0,,0.0,0.0,0.0,0.0,0.0,0.0,7.48017,1.83,6.84435555,0.0,0.8,0.0,0.0,0.76,0.0,0.0,4.62,0.0,0.0,-1.4,0.0,0.0,15.68,0.0,0.0,-9.84,0.0,-0.005031027800000001,,0.0,0.0,0.00089004634,0.000227048561,178.494071,98.930765,83.9281509,2.23963879,99.99998999999998,100.0,False
2026-04-19 04:00:00,0.0,,89.0,93.07,89.47,98.07,98.07,,0.0,0.0,0.0,,0.0,0.0,0.0,0.0,0.0,0.0,7.481109999999999,1.83,6.845215649999999,0.0,0.8,0.0,0.0,0.76,0.0,0.0,4.62,0.0,0.0,-1.4,0.0,0.0,15.68,0.0,0.0,-9.84,0.0,-0.0049676945,,0.0,0.0,0.00101594922,0.000262994115,178.494324,98.930765,83.9281138,2.59421077,99.99998999999998,100.0,False
2026-04-19 04:30:00,0.0,,89.0,92.15,90.84,103.61,103.61,,0.0,0.0,0.0,,0.0,0.0,0.0,0.0,0.0,0.0,7.41838,1.83,6.787817700000001,0.0,0.8,0.0,0.0,0.76,0.0,0.0,4.62,0.0,0.0,-1.4,0.0,0.0,15.68,0.0,0.0,-9.84,0.0,-0.0050258056,,0.0,0.0,0.00114332488,0.000297275807,178.494527,98.930765,83.9280891,2.93237018,99.99998999999998,100.0,False
2026-04-19 05:00:00,0.0,,89.19,94.63,88.34,114.5,114.5,,0.0,0.0,0.0,,0.0,0.0,0.0,0.0,0.0,0.0,7.55776,1.83,6.9153504,0.0,0.8,0.0,0.0,0.76,0.0,0.0,4.62,0.0,0.0,-1.4,0.0,0.0,15.68,0.0,0.0,-9.84,0.0,-0.0050273334,,0.0,0.0,0.00127073928,0.000325516464,178.494831,98.930765,83.9280726,3.21093997,99.99998999999998,100.0,False
2026-04-19 05:30:00,0.0,,89.19,95.1,88.93,113.95,113.95,,0.0,0.0,0.0,,0.0,0.0,0.0,0.0,0.0,0.0,7.49539,1.83,6.858281850000001,0.0,0.8,0.0,0.0,0.76,0.0,0.0,4.62,0.0,0.0,-1.4,0.0,0.0,15.68,0.0,0.0,-9.84,0.0,-0.005004166666666666,,0.0,0.0,0.00139756651,0.000357022686,178.494932,98.930765,83.9280521,3.52172176,99.99998999999998,100.0,False
2026-04-19 06:00:00,0.0,,91.23,94.22,91.6,67.67,67.67,,0.0,0.0,0.0,,0.0,0.0,0.0,0.0,0.0,0.0,7.50979,1.83,6.87145785,0.0,0.8,0.0,0.0,0.76,0.0,0.0,4.62,0.0,0.0,-1.4,0.0,0.0,15.68,0.0,0.0,-9.84,0.0,-0.004983777766666667,,0.0,0.0,0.00152387701,0.000393409106,178.495237,98.930765,83.9280315,3.8806425,99.99998999999998,100.0,False
2026-04-19 06:30:00,0.0,,91.23,93.96,93.82,103.28,103.28,,0.0,0.0,0.0,,0.0,0.0,0.0,0.0,0.0,0.0,7.1407799999999995,1.83,6.5338137,0.0,0.8,0.0,0.0,0.76,0.0,0.0,4.62,0.0,0.0,-1.4,0.0,0.0,15.68,0.0,0.0,-9.84,0.0,-0.005033833333333334,,0.0,0.0,0.00165145614,0.000411914072,178.495439,98.930765,83.9280273,4.06317807,99.99998999999998,100.0,False
2026-04-19 07:00:00,0.0,,91.97,94.0,88.2,116.49,116.49,,0.0,0.0,0.0,,0.0,0.0,0.0,0.0,0.0,0.0,7.06285,5.8,20.482264999999998,0.0,1.79,0.0,0.0,0.25,0.0,0.0,6.16,0.0,0.0,-1.61,0.0,0.0,15.17,0.0,0.0,-9.01,0.0,-0.004973500066666667,,0.0,0.0,0.00177750615,0.000439946045,178.495642,98.930765,83.9280109,4.33968938,99.99998999999998,100.0,False
2026-04-19 07:30:00,0.0,,91.97,90.99,88.2,116.49,116.49,,0.0,0.0,0.0,,0.0,0.0,0.0,0.0,0.0,0.0,6.52349,5.8,18.918121,0.0,1.79,0.0,0.0,0.25,0.0,0.0,6.16,0.0,0.0,-1.61,0.0,0.0,15.17,0.0,0.0,-9.01,0.0,-0.005033861133333334,,0.0,0.0,0.00190508598,0.000471550643,178.495896,98.930765,83.9279903,4.65144156,99.99998999999998,100.0,False
2026-04-19 08:00:00,0.0,,82.0,84.7,80.69,123.5,123.5,,0.0,0.0,0.0,,0.0,0.0,0.0,0.0,0.0,0.0,5.56478,5.8,16.137862,0.0,1.79,0.0,0.0,0.25,0.0,0.0,6.16,0.0,0.0,-1.61,0.0,0.0,15.17,0.0,0.0,-9.01,0.0,-0.004985555566666667,,0.0,0.0,0.00203144154,0.000509991563,178.496048,98.930765,83.9279672,5.03062818,99.99998999999998,100.0,False
2026-04-19 08:30:00,0.0,,82.0,74.07,78.0,116.5,116.5,,0.0,0.0,0.0,,0.0,0.0,0.0,0.0,0.0,0.0,4.399229999999999,5.8,12.757766999999998,0.0,1.79,0.0,0.0,0.25,0.0,0.0,6.16,0.0,0.0,-1.61,0.0,0.0,15.17,0.0,0.0,-9.01,0.0,-0.004992666666666667,,0.0,0.0,0.00215797732,0.000545631991,178.496301,98.930765,83.9279589,5.38219035,99.99998999999998,100.0,False
2026-04-19 09:00:00,0.0,,65.1,62.6,65.09,55.75,55.75,,0.0,0.0,0.0,,0.0,0.0,0.0,0.0,0.0,0.0,3.20566,5.8,9.296414,0.0,1.79,0.0,0.0,0.25,0.0,0.0,6.16,0.0,0.0,-1.61,0.0,0.0,15.17,0.0,0.0,-9.01,0.0,-0.0050355277666666665,,0.0,0.0,0.00228559938,0.000586757354,178.496453,98.930765,83.9279507,5.78785669,99.99998999999998,100.0,False
2026-04-19 09:30:00,-0.031,,65.1,54.6,61.9,46.46,46.46,,0.0,-1.44026,0.0,,0.0,0.0,0.0,0.0,0.0,0.0,2.13175,5.8,6.182074999999999,0.0,1.79,0.0,0.0,0.25,0.0,0.0,6.16,0.0,0.0,-1.61,0.0,0.0,15.17,0.0,0.0,-9.01,0.0,-0.004930083333333334,,0.0,0.0,0.00241054903,0.000625330191,178.496656,98.930765,83.9279383,6.16834455,99.99998999999998,100.0,False
2026-04-19 10:00:00,-1.229,,58.0,52.07,61.0,116.5,116.5,,-3.378500000000016,0.0,0.0,,0.0,0.0,-2.4,-62.483999999999995,0.0,0.0,1.0475999999999999,5.8,3.0380399999999996,0.0,1.79,0.0,0.0,0.25,0.0,0.0,6.16,0.0,0.0,-1.61,0.0,0.0,15.17,0.0,0.0,-9.01,0.0,-0.07912788833333333,,0.00382231193,37.70382,0.0044159922,0.000649304919,178.498886,98.930765,83.9278601,6.40483462,99.99998999999998,100.0,False
2026-04-19 10:30:00,-2.005,,58.0,50.94,60.8,38.47,38.47,,-0.19234999999999589,0.0,0.0,,0.0,0.0,-4.0,-101.88,0.0,0.0,1.40639,5.8,4.078531,0.0,1.79,0.0,0.0,0.25,0.0,0.0,6.16,0.0,0.0,-1.61,0.0,0.0,15.17,0.0,0.0,-9.01,0.0,-2.4548313333333334,,0.128179,1264.3756,0.066632043,0.000649304919,178.561334,98.930765,83.8851009,6.40483462,99.99998999999998,100.0,False
2026-04-19 11:00:00,-2.005,,59.45,49.6,56.01,42.26,42.26,,-0.2112999999999955,0.0,0.0,,0.0,0.0,-4.0,-99.2,0.0,0.0,1.31874,4,2.63748,0.0,0.96,0.0,0.0,2.88,0.0,0.0,2.76,0.0,0.0,3.54,0.0,0.0,10.49,0.0,0.0,-3.53,0.0,-3.9914881666666666,,0.331152776,3266.53734,0.167793628,0.000649304919,178.662914,98.930765,83.8073604,6.40483462,99.99998999999998,100.0,False
2026-04-19 11:30:00,-1.94,,59.45,45.01,54.3,116.5,116.5,,6.990000000000006,0.0,0.0,,0.0,0.0,-4.0,-90.02,0.0,0.0,0.84174,4,1.68348,0.0,0.96,0.0,0.0,2.88,0.0,0.0,2.76,0.0,0.0,3.54,0.0,0.0,10.49,0.0,0.0,-3.53,0.0,-3.9885187666666666,,0.534036548,5267.81127,0.268879956,0.000649304919,178.764292,98.930765,83.7252608,6.40483462,99.99998999999998,100.0,False
2026-04-19 12:00:00,0.0,,61.0,50.2,55.0,116.5,116.5,,0.0,0.0,0.0,,0.0,0.0,0.0,0.0,0.0,0.0,1.7464600000000001,4,3.4929200000000002,0.0,0.96,0.0,0.0,2.88,0.0,0.0,2.76,0.0,0.0,3.54,0.0,0.0,10.49,0.0,0.0,-3.53,0.0,-3.8594205,,0.730164745,7202.44727,0.366694376,0.000649304919,178.862476,98.930765,83.6435918,6.40483462,99.99998999999998,100.0,False
2026-04-19 12:30:00,0.0,,61.0,51.1,55.16,133.0,133.0,,0.0,0.0,0.0,,0.0,0.0,0.0,0.0,0.0,0.0,1.41157,4,2.82314,0.0,0.96,0.0,0.0,2.88,0.0,0.0,2.76,0.0,0.0,3.54,0.0,0.0,10.49,0.0,0.0,-3.53,0.0,-0.005998277866666666,,0.730187095,7202.66773,0.366846397,0.00065428146,178.862678,98.930765,83.6323028,6.45392392,99.99998999999998,100.0,False
2026-04-19 13:00:00,0.0,,67.0,53.69,57.0,110.0,110.0,,0.0,0.0,0.0,,0.0,0.0,0.0,0.0,0.0,0.0,1.02759,4,2.05518,0.0,0.96,0.0,0.0,2.88,0.0,0.0,2.76,0.0,0.0,3.54,0.0,0.0,10.49,0.0,0.0,-3.53,0.0,-0.005642777766666667,,0.730207665,7202.87064,0.36698941,0.000675944704,178.862982,98.930765,83.6322865,6.66761319,99.99998999999998,100.0,False
2026-04-19 13:30:00,0.0,,67.0,55.0,56.3,106.74,106.74,,0.0,0.0,0.0,,0.0,0.0,0.0,0.0,0.0,0.0,1.6649200000000002,4,3.3298400000000004,0.0,0.96,0.0,0.0,2.88,0.0,0.0,2.76,0.0,0.0,3.54,0.0,0.0,10.49,0.0,0.0,-3.53,0.0,-0.0059048055,,0.730241726,7203.20662,0.367139063,0.000685336926,178.863287,98.930765,83.6322783,6.76025939,99.99998999999998,100.0,False
2026-04-19 14:00:00,0.0,,68.0,61.01,57.01,111.0,111.0,,0.0,0.0,0.0,,0.0,0.0,0.0,0.0,0.0,0.0,2.21745,4,4.4349,0.0,0.96,0.0,0.0,2.88,0.0,0.0,2.76,0.0,0.0,3.54,0.0,0.0,10.49,0.0,0.0,-3.53,0.0,-0.005192,,0.730242581,7203.21505,0.367270651,0.000703240015,178.86349,98.930765,83.6322578,6.93685796,99.99998999999998,100.0,False
2026-04-19 14:30:00,0.0,,68.0,60.0,61.99,115.95,115.95,,0.0,0.0,0.0,,0.0,0.0,0.0,0.0,0.0,0.0,2.05212,4,4.10424,0.0,0.96,0.0,0.0,2.88,0.0,0.0,2.76,0.0,0.0,3.54,0.0,0.0,10.49,0.0,0.0,-3.53,0.0,-0.004906305566666667,,0.730242581,7203.21505,0.367394999,0.000734777112,178.863743,98.930765,83.6322415,7.2479443,99.99998999999998,100.0,False
2026-04-19 15:00:00,0.0,,79.0,71.97,72.01,115.95,115.95,,0.0,0.0,0.0,,0.0,0.0,0.0,0.0,0.0,0.0,3.24473,8,12.97892,0.0,0.89,0.0,0.0,2.49,0.0,0.0,5.24,0.0,0.0,0.69,0.0,0.0,15.43,0.0,0.0,-4.0,0.0,-0.005675250066666666,,0.730256866,7203.35596,0.367538834,0.000753228619,178.863945,98.930765,83.6322333,7.42995255,99.99998999999998,100.0,False
2026-04-19 15:30:00,0.0,,79.0,76.31,78.3,75.76,75.76,,0.0,0.0,0.0,,0.0,0.0,0.0,0.0,0.0,0.0,3.6479299999999997,8,14.591719999999999,0.0,0.89,0.0,0.0,2.49,0.0,0.0,5.24,0.0,0.0,0.69,0.0,0.0,15.43,0.0,0.0,-4.0,0.0,-0.005392777766666666,,0.730263179,7203.41823,0.36767551,0.000782903248,178.86425,98.930765,83.6322088,7.72266724,99.99998999999998,100.0,False
2026-04-19 16:00:00,0.0,,92.0,86.1,88.74,73.0,73.0,,0.0,0.0,0.0,,0.0,0.0,0.0,0.0,0.0,0.0,3.55122,8,14.20488,0.0,0.89,0.0,0.0,2.49,0.0,0.0,5.24,0.0,0.0,0.69,0.0,0.0,15.43,0.0,0.0,-4.0,0.0,-0.004983138866666667,,0.730263179,7203.41823,0.367801804,0.000825804445,178.864452,98.930765,83.6321965,8.14585066,99.99998999999998,100.0,False
2026-04-19 16:30:00,0.0,,92.0,95.01,99.1,73.0,73.0,,0.0,0.0,0.0,,0.0,0.0,0.0,0.0,0.0,0.0,4.82421,8,19.29684,0.0,0.89,0.0,0.0,2.49,0.0,0.0,5.24,0.0,0.0,0.69,0.0,0.0,15.43,0.0,0.0,-4.0,0.0,-0.004956472133333334,,0.730263179,7203.41823,0.367927423,0.000872631307,178.864604,98.930765,83.6321843,8.60775738,99.99998999999998,100.0,False
2026-04-19 17:00:00,0.0,,99.3,98.0,100.75,77.69,77.69,,0.0,0.0,0.0,,0.0,0.0,0.0,0.0,0.0,0.0,4.027909999999999,8,16.111639999999998,0.0,0.89,0.0,0.0,2.49,0.0,0.0,5.24,0.0,0.0,0.69,0.0,0.0,15.43,0.0,0.0,-4.0,0.0,-0.0049844167,,0.730263179,7203.41823,0.368053749,0.000914545885,178.864909,98.930765,83.6321679,9.02120865,99.99998999999998,100.0,False
2026-04-19 17:30:00,0.0,,99.3,101.0,103.0,79.01,79.01,,0.0,0.0,0.0,,0.0,0.0,0.0,0.0,0.0,0.0,5.60064,8,22.40256,0.0,0.89,0.0,0.0,2.49,0.0,0.0,5.24,0.0,0.0,0.69,0.0,0.0,15.43,0.0,0.0,-4.0,0.0,-0.005033944433333333,,0.730263179,7203.41823,0.368181331,0.000960629628,178.86506,98.930765,83.6321515,9.47578514,99.99998999999998,100.0,False
2026-04-19 18:00:00,0.0,,113.18,106.16,107.18,81.0,81.0,,0.0,0.0,0.0,,0.0,0.0,0.0,0.0,0.0,0.0,4.45802,8,17.83208,0.0,0.89,0.0,0.0,2.49,0.0,0.0,5.24,0.0,0.0,0.69,0.0,0.0,15.43,0.0,0.0,-4.0,0.0,-0.004983111133333333,,0.730263179,7203.41823,0.368307625,0.00100526237,178.865365,98.930765,83.6321352,9.91604879,99.99998999999998,100.0,False
2026-04-19 18:30:00,0.093,,113.18,113.71,112.0,137.6,137.6,,0.0,12.7968,0.0,,0.0,0.0,0.0,0.0,0.0,0.0,5.50979,8,22.03916,0.0,0.89,0.0,0.0,2.49,0.0,0.0,5.24,0.0,0.0,0.69,0.0,0.0,15.43,0.0,0.0,-4.0,0.0,-0.004940361033333333,,0.730263179,7203.41823,0.368432835,0.00104502927,178.865517,98.930765,83.6321188,10.308315,99.99998999999998,100.0,False
2026-04-19 19:00:00,3.589,,117.61,117.6,113.3,137.6,137.6,,-1.5136000000000165,0.0,0.0,,0.0,0.0,7.2,423.36,0.0,0.0,6.78084,8.81,29.869600200000004,0.0,3.05,0.0,0.0,0.1,0.0,0.0,8.1,0.0,0.0,-2.9,0.0,0.0,24.78,0.0,0.0,-12.26,0.0,0.21799408446666665,,0.730263179,7203.41823,0.374126367,0.0125405475,178.871549,98.930765,83.6323518,123.701716,99.99998999999998,100.0,False
2026-04-19 19:30:00,1.836,,117.61,120.0,117.0,94.61,94.61,,-1.3245400000000012,0.0,0.0,,3.7,216.45000000000002,0.0,0.0,0.0,0.0,6.94833,8.81,30.607393650000002,0.0,3.05,0.0,0.0,0.1,0.0,0.0,8.1,0.0,0.0,-2.9,0.0,0.0,24.78,0.0,0.0,-12.26,0.0,7.000850700000001,,0.730263179,7203.41823,0.551558224,0.368722818,179.04972,98.930765,83.7823805,3637.1335,99.99998999999998,100.0,False
2026-04-19 20:00:00,0.0,,115.0,120.0,119.7,137.6,137.6,,0.0,0.0,0.0,,0.0,0.0,0.0,0.0,0.0,0.0,7.38124,8.81,32.5143622,0.0,3.05,0.0,0.0,0.1,0.0,0.0,8.1,0.0,0.0,-2.9,0.0,0.0,24.78,0.0,0.0,-12.26,0.0,3.6037714666666667,,0.730263179,7203.41823,0.64289339,0.550978096,179.141415,98.930765,83.8846722,5434.92508,99.99998999999998,100.0,False
2026-04-19 20:30:00,0.0,,115.0,120.0,118.5,97.57,97.57,,0.0,0.0,0.0,,0.0,0.0,0.0,0.0,0.0,0.0,7.51862,8.81,33.1195211,0.0,3.05,0.0,0.0,0.1,0.0,0.0,8.1,0.0,0.0,-2.9,0.0,0.0,24.78,0.0,0.0,-12.26,0.0,-0.005036805466666666,,0.730263179,7203.41823,0.643021044,0.551034436,179.141568,98.930765,83.8972749,5435.48082,99.99998999999998,100.0,False
2026-04-19 21:00:00,0.0,,111.0,118.05,120.67,140.0,140.0,,0.0,0.0,0.0,,0.0,0.0,0.0,0.0,0.0,0.0,7.397600000000001,8.81,32.586428000000005,0.0,3.05,0.0,0.0,0.1,0.0,0.0,8.1,0.0,0.0,-2.9,0.0,0.0,24.78,0.0,0.0,-12.26,0.0,-0.005060055566666667,,0.730263179,7203.41823,0.643149288,0.551079789,179.141821,98.930765,83.8972708,5435.92819,99.99998999999998,100.0,False
2026-04-19 21:30:00,0.0,,111.0,113.36,113.6,140.0,140.0,,0.0,0.0,0.0,,0.0,0.0,0.0,0.0,0.0,0.0,7.428109999999999,8.81,32.720824549999996,0.0,3.05,0.0,0.0,0.1,0.0,0.0,8.1,0.0,0.0,-2.9,0.0,0.0,24.78,0.0,0.0,-12.26,0.0,-0.0050555554999999995,,0.730263179,7203.41823,0.643277418,0.551123981,179.142125,98.930765,83.8972626,5436.36411,99.99998999999998,100.0,False
2026-04-19 22:00:00,0.0,,97.44,114.93,115.0,140.0,140.0,,0.0,0.0,0.0,,0.0,0.0,0.0,0.0,0.0,0.0,7.50275,8.81,33.04961375,0.0,3.05,0.0,0.0,0.1,0.0,0.0,8.1,0.0,0.0,-2.9,0.0,0.0,24.78,0.0,0.0,-12.26,0.0,-0.005079666633333333,,0.730263179,7203.41823,0.643406158,0.551177254,179.142277,98.930765,83.8972626,5436.8896,99.99998999999998,100.0,False
2026-04-19 22:30:00,0.0,,97.44,103.71,101.55,80.0,80.0,,0.0,0.0,0.0,,0.0,0.0,0.0,0.0,0.0,0.0,7.43705,8.81,32.760205250000006,0.0,3.05,0.0,0.0,0.1,0.0,0.0,8.1,0.0,0.0,-2.9,0.0,0.0,24.78,0.0,0.0,-12.26,0.0,-0.004970833366666667,,0.730263179,7203.41823,0.643532141,0.551221728,179.142581,98.930765,83.8972626,5437.3283,99.99998999999998,100.0,False
2026-04-19 23:00:00,0.0,,91.88,117.0,114.62,83.25,83.25,,0.0,0.0,0.0,,0.0,0.0,0.0,0.0,0.0,0.0,7.43604,2.5,9.29505,0.0,0.13,0.0,0.0,2.01,0.0,0.0,4.23,0.0,0.0,-0.22,0.0,0.0,14.84,0.0,0.0,-11.04,0.0,-0.004944916733333333,,0.730263179,7203.41823,0.643657466,0.551260629,179.142632,98.930765,83.8972585,5437.71202,99.99998999999998,100.0,False
2026-04-19 23:30:00,0.0,,91.88,105.63,102.0,79.01,79.01,,0.0,0.0,0.0,,0.0,0.0,0.0,0.0,0.0,0.0,7.42222,2.5,9.277775,0.0,0.13,0.0,0.0,2.01,0.0,0.0,4.23,0.0,0.0,-0.22,0.0,0.0,14.84,0.0,0.0,-11.04,0.0,-0.004967361133333334,,0.730263179,7203.41823,0.643783361,0.551299679,179.142936,98.930765,83.8972585,5438.09722,99.99998999999998,99.98611066666666,False
2026-04-20 00:00:00,0.0,,91.6,101.3,100.15,79.01,79.01,,0.0,0.0,0.0,,0.0,0.0,0.0,0.0,0.0,0.0,7.377680000000001,2.5,9.222100000000001,0.0,0.13,0.0,0.0,2.01,0.0,0.0,4.23,0.0,0.0,-0.22,0.0,0.0,14.84,0.0,0.0,-11.04,0.0,-0.005011861133333333,,0.730263179,7203.41823,0.643910383,0.551337734,179.143139,98.930765,83.8972585,5438.4726,99.99998999999998,100.0,False
2026-04-20 00:30:00,0.0,,91.6,101.41,98.26,79.1,79.1,,0.0,0.0,0.0,,0.0,0.0,0.0,0.0,0.0,0.0,7.451479999999999,2.5,9.31435,0.0,0.13,0.0,0.0,2.01,0.0,0.0,4.23,0.0,0.0,-0.22,0.0,0.0,14.84,0.0,0.0,-11.04,0.0,-0.005012111066666667,,0.0,0.0,0.000127028587,3.94317688e-05,179.143342,98.930765,83.8972544,0.388960488,99.99998999999998,100.0,False
2026-04-20 01:00:00,0.0,,93.06,98.3,100.3,79.01,79.01,,0.0,0.0,0.0,,0.0,0.0,0.0,0.0,0.0,0.0,7.42014,2.5,9.275175,0.0,0.13,0.0,0.0,2.01,0.0,0.0,4.23,0.0,0.0,-0.22,0.0,0.0,14.84,0.0,0.0,-11.04,0.0,-0.0050172223,,0.0,0.0,0.000254186715,7.61331006e-05,179.143595,98.930765,83.8972544,0.750987563,99.99998999999998,100.0,False
2026-04-20 01:30:00,0.0,,93.06,103.5,98.0,79.87,79.87,,0.0,0.0,0.0,,0.0,0.0,0.0,0.0,0.0,0.0,7.45801,2.5,9.3225125,0.0,0.13,0.0,0.0,2.01,0.0,0.0,4.23,0.0,0.0,-0.22,0.0,0.0,14.84,0.0,0.0,-11.04,0.0,-0.004998583233333334,,0.0,0.0,0.000380872448,0.00011435694,179.143798,98.930765,83.8972462,1.12803287,99.99998999999998,100.0,False
2026-04-20 02:00:00,-0.001,,92.52,99.18,96.0,79.01,79.01,,0.0,-0.07901000000000001,0.0,,0.0,0.0,0.0,0.0,0.0,0.0,7.278449999999999,2.5,9.0980625,0.0,0.13,0.0,0.0,2.01,0.0,0.0,4.23,0.0,0.0,-0.22,0.0,0.0,14.84,0.0,0.0,-11.04,0.0,-0.0050046945,,0.0,0.0,0.00050771307,0.000149541497,179.144102,98.930765,83.8972421,1.47509826,99.99998999999998,100.0,False
2026-04-20 02:30:00,-0.095,,92.52,94.62,95.3,79.01,79.01,,-3.555449999999997,0.0,0.0,,-2.9,-138.185,2.8,132.468,0.0,0.0,7.30006,2.5,9.125075,0.0,0.13,0.0,0.0,2.01,0.0,0.0,4.23,0.0,0.0,-0.22,0.0,0.0,14.84,0.0,0.0,-11.04,0.0,-0.007937222233333334,,0.000134599831,1.32771158,0.000708876635,0.00017346276,179.144254,98.930765,83.8972339,1.71106095,99.99998999999998,100.0,False
2026-04-20 03:00:00,-1.953,,88.19,94.7,96.8,79.02,79.02,,3.7139399999999942,0.0,0.0,,-4.0,-193.6,0.0,0.0,0.0,0.0,7.48661,3.86,14.4491573,0.0,0.16,0.0,0.0,1.62,0.0,0.0,3.82,0.0,0.0,-0.02,0.0,0.0,16.72,0.0,0.0,-8.66,0.0,-0.21914483066666668,,0.0110787737,109.282575,0.0062629551,0.00017346276,179.14988,98.930765,83.8960979,1.71106095,99.99998999999998,100.0,False
2026-04-20 03:30:00,-1.911,,88.19,93.29,93.2,79.01,79.01,,7.031889999999998,0.0,0.0,,-4.0,-186.4,0.0,0.0,0.0,0.0,7.52651,3.86,14.5261643,0.0,0.16,0.0,0.0,1.62,0.0,0.0,3.82,0.0,0.0,-0.02,0.0,0.0,16.72,0.0,0.0,-8.66,0.0,-3.9711000333333337,,0.21227386,2093.89907,0.106907817,0.00017346276,179.251004,98.930765,83.8258615,1.71106095,99.99998999999998,100.0,False
2026-04-20 04:00:00,-0.035,,88.59,95.03,98.3,79.01,79.01,,0.0,-2.7653500000000006,0.0,,0.0,0.0,0.0,0.0,0.0,0.0,7.53401,3.86,14.5406393,0.0,0.16,0.0,0.0,1.62,0.0,0.0,3.82,0.0,0.0,-0.02,0.0,0.0,16.72,0.0,0.0,-8.66,0.0,-3.846064833333333,,0.406961087,4014.32114,0.204383745,0.00017346276,179.348732,98.930765,83.7448718,1.71106095,99.99998999999998,100.0,False
2026-04-20 04:30:00,-1.462,,88.59,96.97,96.6,79.01,79.01,,3.0023800000000027,0.0,0.0,,0.0,0.0,-3.0,-145.45499999999998,0.0,0.0,7.47968,3.86,14.435782399999999,0.0,0.16,0.0,0.0,1.62,0.0,0.0,3.82,0.0,0.0,-0.02,0.0,0.0,16.72,0.0,0.0,-8.66,0.0,-0.09168227666666666,,0.411430213,4058.40522,0.206707371,0.000195330054,179.351165,98.930765,83.7336198,1.926763,99.99998999999998,100.0,False
2026-04-20 05:00:00,0.0,,100.46,114.92,109.17,79.01,79.01,,0.0,0.0,0.0,,0.0,0.0,0.0,0.0,0.0,0.0,7.5287299999999995,3.86,14.530448899999998,0.0,0.16,0.0,0.0,1.62,0.0,0.0,3.82,0.0,0.0,-0.02,0.0,0.0,16.72,0.0,0.0,-8.66,0.0,-2.9216806,,0.559013996,5514.19232,0.280755404,0.000195330054,179.425525,98.930765,83.6808935,1.926763,99.99998999999998,100.0,False
2026-04-20 05:30:00,0.0,,100.46,111.08,110.0,79.01,79.01,,0.0,0.0,0.0,,0.0,0.0,0.0,0.0,0.0,0.0,7.1693999999999996,3.86,13.836941999999999,0.0,0.16,0.0,0.0,1.62,0.0,0.0,3.82,0.0,0.0,-0.02,0.0,0.0,16.72,0.0,0.0,-8.66,0.0,-0.005099111133333333,,0.559013996,5514.19232,0.280884637,0.000222916831,179.425779,98.930765,83.6724366,2.19888283,99.99998999999998,100.0,False
2026-04-20 06:00:00,0.0,,114.2,115.16,123.72,148.54,148.54,,0.0,0.0,0.0,,0.0,0.0,0.0,0.0,0.0,0.0,7.47356,3.86,14.4239708,0.0,0.16,0.0,0.0,1.62,0.0,0.0,3.82,0.0,0.0,-0.02,0.0,0.0,16.72,0.0,0.0,-8.66,0.0,-0.005089611133333334,,0.559013996,5514.19232,0.281013629,0.000254347893,179.425982,98.930765,83.6724243,2.50892323,99.99998999999998,100.0,False
2026-04-20 06:30:00,0.0,,114.2,124.84,129.2,144.44,144.44,,0.0,0.0,0.0,,0.0,0.0,0.0,0.0,0.0,0.0,7.28933,3.86,14.0684069,0.0,0.16,0.0,0.0,1.62,0.0,0.0,3.82,0.0,0.0,-0.02,0.0,0.0,16.72,0.0,0.0,-8.66,0.0,-0.0050564444666666665,,0.559018911,5514.2408,0.281141782,0.000266893464,179.426184,98.930765,83.672408,2.63267449,99.99998999999998,100.0,False
2026-04-20 07:00:00,0.072,,118.06,124.9,121.58,145.0,145.0,,0.0,10.44,0.0,,0.0,0.0,0.0,0.0,0.0,0.0,7.06349,10.12,35.7412594,0.0,3.52,0.0,0.0,-0.22,0.0,0.0,7.24,0.0,0.0,-2.41,0.0,0.0,25.86,0.0,0.0,-13.55,0.0,-0.0050998054999999995,,0.559018911,5514.2408,0.281271033,0.000280916381,179.426336,98.930765,83.6723835,2.77099851,99.99998999999998,100.0,False
2026-04-20 07:30:00,3.085,,118.06,126.0,128.28,144.0,144.0,,19.43999999999997,0.0,0.0,,0.9,57.726,5.0,315.0,0.0,0.0,6.523140000000001,10.12,33.0070884,0.0,3.52,0.0,0.0,-0.22,0.0,0.0,7.24,0.0,0.0,-2.41,0.0,0.0,25.86,0.0,0.0,-13.55,0.0,0.16634910890000001,,0.559018911,5514.2408,0.285656408,0.00910316716,179.43105,98.930765,83.6725223,89.7949153,99.99998999999998,100.0,False
2026-04-20 08:00:00,2.43,,111.67,124.0,120.0,143.0,143.0,,11.44000000000001,0.0,0.0,,5.2,312.0,-0.5,-31.0,0.0,0.0,5.83203,10.12,29.510071799999995,0.0,3.52,0.0,0.0,-0.22,0.0,0.0,7.24,0.0,0.0,-2.41,0.0,0.0,25.86,0.0,0.0,-13.55,0.0,5.872318866666667,,0.559018911,5514.2408,0.434486384,0.306480144,179.580481,98.930765,83.7963659,3023.16305,99.99998999999998,100.0,False
2026-04-20 08:30:00,0.0,,111.67,113.48,118.6,134.45,134.45,,0.0,0.0,0.0,,4.5,266.84999999999997,-4.5,-255.33,0.0,0.0,5.17155,10.12,26.168042999999997,0.0,3.52,0.0,0.0,-0.22,0.0,0.0,7.24,0.0,0.0,-2.41,0.0,0.0,25.86,0.0,0.0,-13.55,0.0,4.560659466666666,,0.559018911,5514.2408,0.550073234,0.537086448,179.696557,98.930765,83.9147817,5297.89592,99.99998999999998,100.0,False
2026-04-20 09:00:00,0.0,,95.5,100.3,114.0,134.45,134.45,,0.0,0.0,0.0,,0.0,0.0,0.0,0.0,0.0,0.0,4.11338,10.12,20.813702799999998,0.0,3.52,0.0,0.0,-0.22,0.0,0.0,7.24,0.0,0.0,-2.41,0.0,0.0,25.86,0.0,0.0,-13.55,0.0,-0.005006500033333333,,0.559018911,5514.2408,0.550200119,0.537118886,179.696709,98.930765,83.9304753,5298.21589,99.99998999999998,100.0,False
2026-04-20 09:30:00,0.0,,95.5,88.01,96.0,79.2,79.2,,0.0,0.0,0.0,,0.0,0.0,0.0,0.0,0.0,0.0,3.4574000000000003,10.12,17.494444,0.0,3.52,0.0,0.0,-0.22,0.0,0.0,7.24,0.0,0.0,-2.41,0.0,0.0,25.86,0.0,0.0,-13.55,0.0,-0.004938249999999999,,0.559018911,5514.2408,0.550325276,0.537146972,179.696963,98.930765,83.9304425,5298.49293,99.99998999999998,100.0,False
2026-04-20 10:00:00,0.0,,92.54,88.85,94.36,76.4,76.4,,0.0,0.0,0.0,,0.0,0.0,0.0,0.0,0.0,0.0,3.39686,10.12,17.1881116,0.0,3.52,0.0,0.0,-0.22,0.0,0.0,7.24,0.0,0.0,-2.41,0.0,0.0,25.86,0.0,0.0,-13.55,0.0,-0.0049717777333333334,,0.559018911,5514.2408,0.550451283,0.537171366,179.697166,98.930765,83.9304057,5298.73356,99.99998999999998,100.0,False
2026-04-20 10:30:00,-0.029,,92.54,87.65,88.86,76.32,76.32,,0.0,-2.21328,0.0,,0.0,0.0,0.0,0.0,0.0,0.0,3.17755,10.12,16.078402999999998,0.0,3.52,0.0,0.0,-0.22,0.0,0.0,7.24,0.0,0.0,-2.41,0.0,0.0,25.86,0.0,0.0,-13.55,0.0,-0.005393916633333333,,0.559029872,5514.34892,0.550587988,0.537191717,179.69747,98.930765,83.9303566,5298.9343,99.99998999999998,100.0,False
2026-04-20 11:00:00,-1.091,,82.66,88.85,90.3,76.32,76.32,,8.318879999999998,0.0,0.0,,0.0,0.0,-2.4,-106.61999999999999,0.0,0.0,1.72685,4.28,3.695459,0.0,2.18,0.0,0.0,0.52,0.0,0.0,6.22,0.0,0.0,-1.74,0.0,0.0,13.69,0.0,0.0,-11.3,0.0,-0.08044580446666667,,0.562899032,5552.51486,0.552626832,0.537191717,179.69965,98.930765,83.930242,5298.9343,99.99998999999998,100.0,False
2026-04-20 11:30:00,0.0,,82.66,88.78,90.1,76.4,76.4,,0.0,0.0,0.0,,0.0,0.0,0.0,0.0,0.0,0.0,2.92581,4.28,6.2612334,0.0,2.18,0.0,0.0,0.52,0.0,0.0,6.22,0.0,0.0,-1.74,0.0,0.0,13.69,0.0,0.0,-11.3,0.0,-2.3444623,,0.681552009,6722.92443,0.612045654,0.537191717,179.75926,98.930765,83.8876525,5298.9343,99.99998999999998,100.0,False
2026-04-20 12:00:00,0.0,,86.27,88.85,90.01,105.95,105.95,,0.0,0.0,0.0,,0.0,0.0,0.0,0.0,0.0,0.0,0.77819,4.28,1.6653266000000002,0.0,2.18,0.0,0.0,0.52,0.0,0.0,6.22,0.0,0.0,-1.74,0.0,0.0,13.69,0.0,0.0,-11.3,0.0,-0.006469777833333333,,0.681598676,6723.38476,0.612209626,0.537191717,179.759564,98.930765,83.8808309,5298.9343,99.99998999999998,100.0,False
2026-04-20 12:30:00,0.0,,86.27,88.59,91.42,76.4,76.4,,0.0,0.0,0.0,,0.0,0.0,0.0,0.0,0.0,0.0,2.12612,4.28,4.5498968,0.0,2.18,0.0,0.0,0.52,0.0,0.0,6.22,0.0,0.0,-1.74,0.0,0.0,13.69,0.0,0.0,-11.3,0.0,-0.005410166633333334,,0.681613153,6723.52757,0.612346744,0.537208731,179.759716,98.930765,83.8807737,5299.10213,99.99998999999998,100.0,False
2026-04-20 13:00:00,0.0,,88.8,88.62,88.86,76.4,76.4,,0.0,0.0,0.0,,0.0,0.0,0.0,0.0,0.0,0.0,1.05776,4.28,2.2636064,0.0,2.18,0.0,0.0,0.52,0.0,0.0,6.22,0.0,0.0,-1.74,0.0,0.0,13.69,0.0,0.0,-11.3,0.0,-0.006919027899999999,,0.681686573,6724.25179,0.612522101,0.537212325,179.760071,98.930765,83.8807214,5299.13758,99.99998999999998,100.0,False
2026-04-20 13:30:00,-0.049,,88.8,86.65,88.86,76.41,76.41,,0.0,-3.74409,0.0,,0.0,0.0,0.0,0.0,0.0,0.0,1.61515,4.28,3.456421,0.0,2.18,0.0,0.0,0.52,0.0,0.0,6.22,0.0,0.0,-1.74,0.0,0.0,13.69,0.0,0.0,-11.3,0.0,-0.0063260277666666665,,0.681728222,6724.66262,0.612682431,0.537212325,179.760324,98.930765,83.880656,5299.13758,99.99998999999998,100.0,False
2026-04-20 14:00:00,-1.876,,84.0,85.1,88.0,105.95,105.95,,13.137800000000013,0.0,0.0,,0.0,0.0,-4.0,-170.2,0.0,0.0,2.22465,4.28,4.760751,0.0,2.18,0.0,0.0,0.52,0.0,0.0,6.22,0.0,0.0,-1.74,0.0,0.0,13.69,0.0,0.0,-11.3,0.0,-0.1297985589,,0.68816206,6788.1269,0.615972088,0.537212325,179.76372,98.930765,83.8804762,5299.13758,99.99998999999998,100.0,False
2026-04-20 14:30:00,-1.833,,84.0,81.0,85.12,111.5,111.5,,18.620500000000003,0.0,0.0,,0.0,0.0,-4.0,-162.0,0.0,0.0,1.4897,4.28,3.187958,0.0,2.18,0.0,0.0,0.52,0.0,0.0,6.22,0.0,0.0,-1.74,0.0,0.0,13.69,0.0,0.0,-11.3,0.0,-3.975694466666667,,0.890459439,8783.61657,0.716733393,0.537212325,179.865047,98.930765,83.8102042,5299.13758,99.99998999999998,100.0,False
2026-04-20 15:00:00,-0.048,,81.73,85.26,89.8,105.95,105.95,,0.0,-5.0856,0.0,,0.0,0.0,0.0,0.0,0.0,0.0,2.4899,8.24,10.258388,0.0,2.25,0.0,0.0,1.37,0.0,0.0,6.59,0.0,0.0,0.25,0.0,0.0,16.51,0.0,0.0,-7.02,0.0,-3.869313066666667,,1.08720823,10724.3742,0.814798531,0.537212325,179.963281,98.930765,83.7287321,5299.13758,99.99998999999998,100.0,False
2026-04-20 15:30:00,-1.804,,81.73,88.86,90.95,105.95,105.95,,20.766199999999994,0.0,0.0,,0.0,0.0,-4.0,-177.72,0.0,0.0,1.723,8.24,7.09876,0.0,2.25,0.0,0.0,1.37,0.0,0.0,6.59,0.0,0.0,0.25,0.0,0.0,16.51,0.0,0.0,-7.02,0.0,-0.1288855821,,1.09359699,10787.3938,0.818065051,0.537225356,179.966779,98.930765,83.7172601,5299.26612,99.99998999999998,100.0,False
2026-04-20 16:00:00,0.0,,89.0,92.23,94.0,78.56,78.56,,0.0,0.0,0.0,,0.0,0.0,0.0,0.0,0.0,0.0,1.8188199999999999,8.24,7.493538399999999,0.0,2.25,0.0,0.0,1.37,0.0,0.0,6.59,0.0,0.0,0.25,0.0,0.0,16.51,0.0,0.0,-7.02,0.0,-3.7584459666666667,,1.28465112,12671.9785,0.913320341,0.537225356,180.062378,98.930765,83.6474076,5299.26612,99.99998999999998,100.0,False
2026-04-20 16:30:00,0.0,,89.0,99.5,101.74,78.81,78.81,,0.0,0.0,0.0,,0.0,0.0,0.0,0.0,0.0,0.0,2.6539800000000002,8.24,10.9343976,0.0,2.25,0.0,0.0,1.37,0.0,0.0,6.59,0.0,0.0,0.25,0.0,0.0,16.51,0.0,0.0,-7.02,0.0,-0.005084916633333333,,1.28465112,12671.9785,0.913449211,0.537250306,180.062581,98.930765,83.6380976,5299.51223,99.99998999999998,100.0,False
2026-04-20 17:00:00,0.062,,104.52,107.0,104.0,85.23,85.23,,0.0,5.284260000000001,0.0,,0.0,0.0,0.0,0.0,0.0,0.0,3.35099,8.24,13.8060788,0.0,2.25,0.0,0.0,1.37,0.0,0.0,6.59,0.0,0.0,0.25,0.0,0.0,16.51,0.0,0.0,-7.02,0.0,-0.004969944466666667,,1.28465112,12671.9785,0.913575171,0.537283257,180.062834,98.930765,83.6380658,5299.83727,99.99998999999998,100.0,False
2026-04-20 17:30:00,2.127,,104.52,115.0,117.02,93.19,93.19,,-58.05737000000002,0.0,0.0,,0.0,0.0,5.5,316.25,0.0,0.0,5.124020000000001,8.24,21.110962400000002,0.0,2.25,0.0,0.0,1.37,0.0,0.0,6.59,0.0,0.0,0.25,0.0,0.0,16.51,0.0,0.0,-7.02,0.0,0.1493628922,,1.28465112,12671.9785,0.917528861,0.545266825,180.067041,98.930765,83.6381904,5378.5883,99.99998999999998,100.0,False
2026-04-20 18:00:00,0.15,,115.18,121.99,120.6,139.8,139.8,,1.1640688413194767e-14,0.0,0.0,,5.8,349.73999999999995,-5.5,-335.47249999999997,0.0,0.0,4.564649999999999,8.24,18.806358,0.0,2.25,0.0,0.0,1.37,0.0,0.0,6.59,0.0,0.0,0.25,0.0,0.0,16.51,0.0,0.0,-7.02,0.0,4.2163856,,1.28465112,12671.9785,1.02439032,0.75888988,180.174551,98.930765,83.7280013,7485.79602,99.99998999999998,100.0,False
2026-04-20 18:30:00,0.145,,115.18,121.43,122.0,85.0,85.0,,-272.425,0.0,0.0,,6.7,408.7,0.0,0.0,0.0,0.0,6.04943,8.24,24.9236516,0.0,2.25,0.0,0.0,1.37,0.0,0.0,6.59,0.0,0.0,0.25,0.0,0.0,16.51,0.0,0.0,-7.02,0.0,0.2921397766666667,,1.28465112,12671.9785,1.03179441,0.774137375,180.182003,98.930765,83.7503302,7636.19945,99.99998999999998,100.0,False
2026-04-20 19:00:00,0.0,,125.73,119.4,120.81,139.8,139.8,,0.0,0.0,0.0,,0.0,0.0,0.0,0.0,0.0,0.0,6.59138,10.61,34.967270899999995,0.0,2.46,0.0,0.0,0.75,0.0,0.0,6.62,0.0,0.0,-3.06,0.0,0.0,17.1,0.0,0.0,-12.4,0.0,0.2830374766666667,,1.28465112,12671.9785,1.0389678,0.78890916,180.189252,98.930765,83.7576272,7781.9104,99.99998999999998,100.0,False
2026-04-20 19:30:00,0.0,,125.73,116.01,119.6,139.8,139.8,,0.0,0.0,0.0,,0.0,0.0,0.0,0.0,0.0,0.0,7.10947,10.61,37.715738349999995,0.0,2.46,0.0,0.0,0.75,0.0,0.0,6.62,0.0,0.0,-3.06,0.0,0.0,17.1,0.0,0.0,-12.4,0.0,-0.005002666633333333,,1.28465112,12671.9785,1.03909459,0.788945882,180.189403,98.930765,83.758597,7782.27263,99.99998999999998,100.0,False
2026-04-20 20:00:00,0.0,,117.0,115.0,120.0,139.9,139.9,,0.0,0.0,0.0,,0.0,0.0,0.0,0.0,0.0,0.0,7.07246,10.61,37.5194003,0.0,2.46,0.0,0.0,0.75,0.0,0.0,6.62,0.0,0.0,-3.06,0.0,0.0,17.1,0.0,0.0,-12.4,0.0,-0.0050287778,,1.28465112,12671.9785,1.03922204,0.788981193,180.189555,98.930765,83.7585604,7782.62095,99.99998999999998,100.0,False
2026-04-20 20:30:00,0.0,,117.0,111.0,114.81,139.8,139.8,,0.0,0.0,0.0,,0.0,0.0,0.0,0.0,0.0,0.0,7.25409,10.61,38.48294745,0.0,2.46,0.0,0.0,0.75,0.0,0.0,6.62,0.0,0.0,-3.06,0.0,0.0,17.1,0.0,0.0,-12.4,0.0,-0.005033944500000001,,1.28465112,12671.9785,1.03934962,0.789016693,180.189808,98.930765,83.758536,7782.97112,99.99998999999998,100.0,False
2026-04-20 21:00:00,0.0,,106.21,110.0,115.0,134.0,134.0,,0.0,0.0,0.0,,0.0,0.0,0.0,0.0,0.0,0.0,7.42816,10.61,39.406388799999995,0.0,2.46,0.0,0.0,0.75,0.0,0.0,6.62,0.0,0.0,-3.06,0.0,0.0,17.1,0.0,0.0,-12.4,0.0,-0.0050280278,,1.28465112,12671.9785,1.03947705,0.78904628,180.190063,98.930765,83.7585075,7783.26297,99.99998999999998,100.0,False
2026-04-20 21:30:00,0.0,,106.21,97.54,96.15,139.8,139.8,,0.0,0.0,0.0,,0.0,0.0,0.0,0.0,0.0,0.0,7.3383,10.61,38.9296815,0.0,2.46,0.0,0.0,0.75,0.0,0.0,6.62,0.0,0.0,-3.06,0.0,0.0,17.1,0.0,0.0,-12.4,0.0,-0.0050578612,,1.28465112,12671.9785,1.03960525,0.789074748,180.190214,98.930765,83.758479,7783.54378,99.99998999999998,100.0,False
2026-04-20 22:00:00,-0.022,,92.64,95.6,97.0,116.9,116.9,,0.0,-2.5718,0.0,,0.0,0.0,0.0,0.0,0.0,0.0,7.4753,10.61,39.6564665,0.0,2.46,0.0,0.0,0.75,0.0,0.0,6.62,0.0,0.0,-3.06,0.0,0.0,17.1,0.0,0.0,-12.4,0.0,-0.0050917222,,1.28465112,12671.9785,1.03973429,0.789102385,180.190417,98.930765,83.7584586,7783.8164,99.99998999999998,100.0,False
2026-04-20 22:30:00,-0.871,,92.64,84.8,81.01,116.9,116.9,,3.390100000000003,0.0,0.0,,-1.8,-72.909,0.0,0.0,0.0,0.0,7.51244,10.61,39.8534942,0.0,2.46,0.0,0.0,0.75,0.0,0.0,6.62,0.0,0.0,-3.06,0.0,0.0,17.1,0.0,0.0,-12.4,0.0,-0.061173250533333334,,1.28753916,12700.4665,1.04128468,0.789122334,180.19214,98.930765,83.7583935,7784.01318,99.99998999999998,100.0,False
2026-04-20 23:00:00,0.0,,91.9,94.0,89.0,74.21,74.21,,0.0,0.0,0.0,,0.0,0.0,0.0,0.0,0.0,0.0,7.418270000000001,4,14.836540000000001,0.0,0.97,0.0,0.0,2.96,0.0,0.0,3.96,0.0,0.0,-1.5,0.0,0.0,14.42,0.0,0.0,-8.25,0.0,-1.7677964499999999,,1.376693,13579.8925,1.0860883,0.789122334,180.236999,98.930765,83.7266056,7784.01318,99.99998999999998,100.0,False
2026-04-20 23:30:00,0.0,,91.9,91.57,85.88,74.25,74.25,,0.0,0.0,0.0,,0.0,0.0,0.0,0.0,0.0,0.0,7.342560000000001,4,14.685120000000001,0.0,0.97,0.0,0.0,2.96,0.0,0.0,3.96,0.0,0.0,-1.5,0.0,0.0,14.42,0.0,0.0,-8.25,0.0,-0.005079749966666667,,1.376693,13579.8925,1.08621704,0.789145013,180.237202,98.930765,83.7214761,7784.23689,99.99998999999998,100.0,False
2026-04-21 00:00:00,0.0,,85.83,89.4,85.14,90.78,90.78,,0.0,0.0,0.0,,0.0,0.0,0.0,0.0,0.0,0.0,7.512,4,15.024,0.0,0.97,0.0,0.0,2.96,0.0,0.0,3.96,0.0,0.0,-1.5,0.0,0.0,14.42,0.0,0.0,-8.25,0.0,-0.0049972498999999995,,1.376693,13579.8925,1.08634369,0.789168392,180.237405,98.930765,83.7214599,7784.4675,99.99998999999998,100.0,False
2026-04-21 00:30:00,0.0,,85.83,88.0,81.69,74.2,74.2,,0.0,0.0,0.0,,0.0,0.0,0.0,0.0,0.0,0.0,7.48457,4,14.96914,0.0,0.97,0.0,0.0,2.96,0.0,0.0,3.96,0.0,0.0,-1.5,0.0,0.0,14.42,0.0,0.0,-8.25,0.0,-0.0050497223,,0.0,0.0,0.000127981819,2.75242334e-05,180.237608,98.930765,83.7214517,0.271502892,99.99998999999998,100.0,False
2026-04-21 01:00:00,0.0,,85.0,86.5,84.49,74.25,74.25,,0.0,0.0,0.0,,0.0,0.0,0.0,0.0,0.0,0.0,7.50004,4,15.00008,0.0,0.97,0.0,0.0,2.96,0.0,0.0,3.96,0.0,0.0,-1.5,0.0,0.0,14.42,0.0,0.0,-8.25,0.0,-0.005002083333333333,,4.27234018e-06,0.0421429617,0.00025475626,3.86815913e-05,180.237811,98.930765,83.7214314,0.381560632,99.99998999999998,100.0,False
2026-04-21 01:30:00,-0.05,,85.0,88.0,85.88,74.25,74.25,,0.0,-3.7125000000000004,0.0,,0.0,0.0,0.0,0.0,0.0,0.0,7.40779,4,14.81558,0.0,0.97,0.0,0.0,2.96,0.0,0.0,3.96,0.0,0.0,-1.5,0.0,0.0,14.42,0.0,0.0,-8.25,0.0,-0.005039833366666667,,4.27234018e-06,0.0421429617,0.000382487449,5.3146724e-05,180.238065,98.930765,83.721407,0.524246726,99.99998999999998,100.0,False
2026-04-21 02:00:00,-2.007,,82.0,88.53,87.0,110.0,110.0,,-0.7700000000000129,0.0,0.0,,-4.0,-174.0,0.0,0.0,0.0,0.0,7.45196,4,14.90392,0.0,0.97,0.0,0.0,2.96,0.0,0.0,3.96,0.0,0.0,-1.5,0.0,0.0,14.42,0.0,0.0,-8.25,0.0,-0.12640875333333332,,0.00627320033,61.8797263,0.00358623236,6.56351031e-05,180.24141,98.930765,83.7212566,0.647433846,99.99998999999998,100.0,False
2026-04-21 02:30:00,-0.317,,82.0,86.36,85.88,74.21,74.21,,124.89542999999999,0.0,0.0,,0.0,0.0,-4.0,-172.72,0.0,0.0,7.2695,4,14.539,0.0,0.97,0.0,0.0,2.96,0.0,0.0,3.96,0.0,0.0,-1.5,0.0,0.0,14.42,0.0,0.0,-8.25,0.0,-3.972973533333333,,0.207841997,2050.18256,0.104278576,6.56351031e-05,180.342584,98.930765,83.6515873,0.647433846,99.99998999999998,100.0,False
2026-04-21 03:00:00,0.0,,83.0,87.45,85.35,74.21,74.21,,0.0,0.0,0.0,,0.0,0.0,0.0,0.0,0.0,0.0,7.52,4.08,15.3408,0.0,1.6,0.0,0.0,1.2,0.0,0.0,5.66,0.0,0.0,-0.71,0.0,0.0,16.43,0.0,0.0,-8.56,0.0,-0.6127009221666667,,0.238599675,2353.5806,0.119807071,7.46450928e-05,180.358045,98.930765,83.6257371,0.736309646,99.99998999999998,100.0,False
2026-04-21 03:30:00,0.0,,83.0,85.43,83.0,81.61,81.61,,0.0,0.0,0.0,,-1.7,-70.55,1.7,72.6155,0.0,0.0,7.4687600000000005,4.08,15.2362704,0.0,1.6,0.0,0.0,1.2,0.0,0.0,5.66,0.0,0.0,-0.71,0.0,0.0,16.43,0.0,0.0,-8.56,0.0,-0.0050506111000000005,,0.238599675,2353.5806,0.119935075,9.58497424e-05,180.358348,98.930765,83.6257006,0.945475278,99.99998999999998,100.0,False
2026-04-21 04:00:00,0.0,,86.14,87.3,83.1,85.75,85.75,,0.0,0.0,0.0,,0.0,0.0,0.0,0.0,0.0,0.0,7.41463,4.08,15.1258452,0.0,1.6,0.0,0.0,1.2,0.0,0.0,5.66,0.0,0.0,-0.71,0.0,0.0,16.43,0.0,0.0,-8.56,0.0,-0.005064722133333334,,0.238599675,2353.5806,0.120063436,0.000113895622,180.3585,98.930765,83.625656,1.12348236,99.99998999999998,100.0,False
2026-04-21 04:30:00,0.0,,86.14,85.88,80.94,121.5,121.5,,0.0,0.0,0.0,,0.0,0.0,0.0,0.0,0.0,0.0,7.42815,4.08,15.153426,0.0,1.6,0.0,0.0,1.2,0.0,0.0,5.66,0.0,0.0,-0.71,0.0,0.0,16.43,0.0,0.0,-8.56,0.0,-0.005040750033333334,,0.238599675,2353.5806,0.120191191,0.00013546193,180.358805,98.930765,83.6256195,1.33621544,99.99998999999998,100.0,False
2026-04-21 05:00:00,0.0,,94.63,95.35,90.5,121.5,121.5,,0.0,0.0,0.0,,0.0,0.0,0.0,0.0,0.0,0.0,7.33633,4.08,14.9661132,0.0,1.6,0.0,0.0,1.2,0.0,0.0,5.66,0.0,0.0,-0.71,0.0,0.0,16.43,0.0,0.0,-8.56,0.0,-0.005010138833333334,,0.238599675,2353.5806,0.12031817,0.000158962767,180.358957,98.930765,83.6255919,1.56803099,99.99998999999998,100.0,False
2026-04-21 05:30:00,0.0,,94.63,97.87,94.4,129.0,129.0,,0.0,0.0,0.0,,0.0,0.0,0.0,0.0,0.0,0.0,7.4087700000000005,4.08,15.113890800000002,0.0,1.6,0.0,0.0,1.2,0.0,0.0,5.66,0.0,0.0,-0.71,0.0,0.0,16.43,0.0,0.0,-8.56,0.0,-0.004999444466666667,,0.238601195,2353.59559,0.120444877,0.000171315686,180.359109,98.930765,83.6255675,1.68988191,99.99998999999998,99.98611066666666,False
2026-04-21 06:00:00,0.041,,111.5,110.4,102.0,133.0,133.0,,0.0,5.453,0.0,,0.0,0.0,0.0,0.0,0.0,0.0,7.41791,4.08,15.132536400000001,0.0,1.6,0.0,0.0,1.2,0.0,0.0,5.66,0.0,0.0,-0.71,0.0,0.0,16.43,0.0,0.0,-8.56,0.0,-0.005089694366666667,,0.238601195,2353.59559,0.120573872,0.000192099018,180.359311,98.930765,83.625527,1.89489161,99.99998999999998,100.0,False
2026-04-21 06:30:00,3.39,,111.5,116.39,114.98,136.0,136.0,,-21.75999999999996,0.0,0.0,,7.1,408.179,0.0,0.0,0.0,0.0,7.2977,4.08,14.887307999999999,0.0,1.6,0.0,0.0,1.2,0.0,0.0,5.66,0.0,0.0,-0.71,0.0,0.0,16.43,0.0,0.0,-8.56,0.0,0.09904966776666667,,0.238604384,2353.62705,0.123254308,0.00567489631,180.362606,98.930765,83.6255891,55.9779717,99.99998999999998,100.0,False
2026-04-21 07:00:00,0.022,,110.2,111.34,106.0,136.0,136.0,,0.0,2.992,0.0,,0.0,0.0,0.0,0.0,0.0,0.0,7.06746,10.41,36.7861293,0.0,5.3,0.0,0.0,-0.82,0.0,0.0,9.86,0.0,0.0,-1.24,0.0,0.0,18.54,0.0,0.0,-7.16,0.0,6.5183260999999995,,0.238604384,2353.62705,0.288456903,0.336286439,180.528815,98.930765,83.7629556,3317.17651,99.99998999999998,100.0,False
2026-04-21 07:30:00,0.878,,110.2,113.66,110.0,136.0,136.0,,3.8079999999999883,0.0,0.0,,4.7,258.5,-3.0,-170.49,0.0,0.0,6.273689999999999,10.41,32.654556449999994,0.0,5.3,0.0,0.0,-0.82,0.0,0.0,9.86,0.0,0.0,-1.24,0.0,0.0,18.54,0.0,0.0,-7.16,0.0,0.047501278900000006,,0.238604384,2353.62705,0.289830211,0.339021117,180.530487,98.930765,83.7863828,3344.15176,99.99998999999998,100.0,False
2026-04-21 08:00:00,0.0,,93.78,104.93,99.73,136.0,136.0,,0.0,0.0,0.0,,0.0,0.0,0.0,0.0,0.0,0.0,5.24099,10.41,27.27935295,0.0,5.3,0.0,0.0,-0.82,0.0,0.0,9.86,0.0,0.0,-1.24,0.0,0.0,18.54,0.0,0.0,-7.16,0.0,1.6545306100000001,,0.238604384,2353.62705,0.331763178,0.422896561,180.572559,98.930765,83.822001,4171.51088,99.99998999999998,100.0,False
2026-04-21 08:30:00,0.0,,93.78,94.08,84.5,133.0,133.0,,0.0,0.0,0.0,,0.0,0.0,0.0,0.0,0.0,0.0,4.98804,10.41,25.9627482,0.0,5.3,0.0,0.0,-0.82,0.0,0.0,9.86,0.0,0.0,-1.24,0.0,0.0,18.54,0.0,0.0,-7.16,0.0,-0.004979166766666667,,0.238604384,2353.62705,0.331889371,0.422931501,180.57266,98.930765,83.8277348,4171.85554,99.99998999999998,100.0,False
2026-04-21 09:00:00,0.0,,78.53,79.0,82.0,131.0,131.0,,0.0,0.0,0.0,,0.0,0.0,0.0,0.0,0.0,0.0,5.13573,10.41,26.73147465,0.0,5.3,0.0,0.0,-0.82,0.0,0.0,9.86,0.0,0.0,-1.24,0.0,0.0,18.54,0.0,0.0,-7.16,0.0,-0.004972722233333333,,0.238604384,2353.62705,0.332015401,0.422961067,180.573065,98.930765,83.8276941,4172.14718,99.99998999999998,100.0,False
2026-04-21 09:30:00,0.0,,78.53,79.0,75.86,128.9,128.9,,0.0,0.0,0.0,,0.0,0.0,0.0,0.0,0.0,0.0,3.27895,10.41,17.06693475,0.0,5.3,0.0,0.0,-0.82,0.0,0.0,9.86,0.0,0.0,-1.24,0.0,0.0,18.54,0.0,0.0,-7.16,0.0,-0.005014749933333333,,0.238604384,2353.62705,0.332142497,0.422987112,180.573116,98.930765,83.8276535,4172.40409,99.99998999999998,100.0,False
2026-04-21 10:00:00,0.0,,57.4,76.57,70.4,69.23,69.23,,0.0,0.0,0.0,,0.0,0.0,0.0,0.0,0.0,0.0,3.6114499999999996,10.41,18.79759725,0.0,5.3,0.0,0.0,-0.82,0.0,0.0,9.86,0.0,0.0,-1.24,0.0,0.0,18.54,0.0,0.0,-7.16,0.0,-0.004977555533333334,,0.238604384,2353.62705,0.332268649,0.42302139,180.57337,98.930765,83.8275933,4172.74221,99.99998999999998,100.0,False
2026-04-21 10:30:00,0.0,,57.4,60.44,57.31,57.31,57.31,,0.0,0.0,0.0,,0.0,0.0,0.0,0.0,0.0,0.0,0.9065,10.41,4.7183325,0.0,5.3,0.0,0.0,-0.82,0.0,0.0,9.86,0.0,0.0,-1.24,0.0,0.0,18.54,0.0,0.0,-7.16,0.0,-0.0072432778,,0.238698824,2354.55862,0.332452225,0.42302139,180.573674,98.930765,83.827529,4172.74221,99.99998999999998,100.0,False
2026-04-21 11:00:00,0.0,,45.54,68.28,48.01,50.04,50.04,,0.0,0.0,0.0,,0.0,0.0,0.0,0.0,0.0,0.0,0.41051,4.8,0.9852239999999999,0.0,2.25,0.0,0.0,3.62,0.0,0.0,5.26,0.0,0.0,6.91,0.0,0.0,12.19,0.0,0.0,-1.16,0.0,-0.006007972166666667,,0.23874307,2354.99507,0.332604493,0.423042,180.574079,98.930765,83.8274599,4172.94551,99.99998999999998,100.0,False
2026-04-21 11:30:00,0.0,,45.54,50.11,39.9,39.9,39.9,,0.0,0.0,0.0,,0.0,0.0,0.0,0.0,0.0,0.0,1.70472,4.8,4.091328,0.0,2.25,0.0,0.0,3.62,0.0,0.0,5.26,0.0,0.0,6.91,0.0,0.0,12.19,0.0,0.0,-1.16,0.0,-0.0076366112,,0.23884866,2356.03662,0.332798038,0.423042,180.574231,98.930765,83.8273745,4172.94551,99.99998999999998,100.0,False
2026-04-21 12:00:00,0.0,,38.87,48.4,42.08,33.31,33.31,,0.0,0.0,0.0,,0.0,0.0,0.0,0.0,0.0,0.0,1.9568299999999998,4.8,4.6963919999999995,0.0,2.25,0.0,0.0,3.62,0.0,0.0,5.26,0.0,0.0,6.91,0.0,0.0,12.19,0.0,0.0,-1.16,0.0,-0.005999138899999999,,0.238881617,2356.36171,0.332950082,0.423053598,180.574637,98.930765,83.8273135,4173.05992,99.99998999999998,100.0,False
2026-04-21 12:30:00,0.0,,38.87,42.51,33.08,25.0,25.0,,0.0,0.0,0.0,,0.0,0.0,0.0,0.0,0.0,0.0,1.0961400000000001,4.8,2.630736,0.0,2.25,0.0,0.0,3.62,0.0,0.0,5.26,0.0,0.0,6.91,0.0,0.0,12.19,0.0,0.0,-1.16,0.0,-0.0070196667,,0.238957477,2357.11001,0.333127991,0.423056119,180.57479,98.930765,83.8272444,4173.08479,99.99998999999998,100.0,False
2026-04-21 13:00:00,0.0,,33.21,38.3,29.08,15.11,15.11,,0.0,0.0,0.0,,0.0,0.0,0.0,0.0,0.0,0.0,0.20877,4.8,0.501048,0.0,2.25,0.0,0.0,3.62,0.0,0.0,5.26,0.0,0.0,6.91,0.0,0.0,12.19,0.0,0.0,-1.16,0.0,-0.005823972233333333,,0.238979027,2357.32258,0.333275595,0.423067096,180.575144,98.930765,83.8271956,4173.19306,99.99998999999998,100.0,False
2026-04-21 13:30:00,-0.046,,33.21,32.31,26.01,-29.0,-29.0,,0.0,1.334,0.0,,0.0,0.0,0.0,0.0,0.0,0.0,0.05199,4.8,0.124776,0.0,2.25,0.0,0.0,3.62,0.0,0.0,5.26,0.0,0.0,6.91,0.0,0.0,12.19,0.0,0.0,-1.16,0.0,-0.005924694566666667,,0.239018878,2357.71568,0.333425753,0.4230879,180.575499,98.930765,83.8271549,4173.39828,99.99998999999998,100.0,False
2026-04-21 14:00:00,-1.891,,30.5,28.36,24.32,-73.34,-73.34,,-7.994059999999999,0.0,0.0,,0.0,0.0,-4.0,-56.72,0.0,0.0,0.04838,4.8,0.11611199999999999,0.0,2.25,0.0,0.0,3.62,0.0,0.0,5.26,0.0,0.0,6.91,0.0,0.0,12.19,0.0,0.0,-1.16,0.0,-0.12467794563333334,,0.245210892,2418.79457,0.336585632,0.423104633,180.578743,98.930765,83.8270312,4173.56333,99.99998999999998,100.0,False
2026-04-21 14:30:00,-1.883,,30.5,25.23,24.4,-83.99,-83.99,,-9.82683,0.0,0.0,,0.0,0.0,-4.0,-50.46,0.0,0.0,7.4,4.8,17.76,0.0,2.25,0.0,0.0,3.62,0.0,0.0,5.26,0.0,0.0,6.91,0.0,0.0,12.19,0.0,0.0,-1.16,0.0,-3.987328,,0.448190443,4421.01328,0.437641781,0.423104633,180.680222,98.930765,83.7569325,4173.56333,99.99998999999998,100.0,False
2026-04-21 15:00:00,-0.985,,36.0,26.37,21.46,-71.11,-71.11,,-72.17665000000001,0.0,0.0,,0.0,0.0,-4.0,-52.74,0.0,0.0,-0.00249,14,-0.01743,0.0,1.81,0.0,0.0,4.94,0.0,0.0,4.85,0.0,0.0,6.49,0.0,0.0,17.82,0.0,0.0,4.86,0.0,-3.987420033333333,,0.651181786,6423.3483,0.538700262,0.423104633,180.781599,98.930765,83.6757071,4173.56333,99.99998999999998,100.0,False
2026-04-21 15:30:00,-0.008,,36.0,34.25,26.96,-40.0,-40.0,,-47.68,0.0,0.0,,0.0,0.0,-2.4,-41.1,0.0,0.0,0.02035,14,0.14245,0.0,1.81,0.0,0.0,4.94,0.0,0.0,4.85,0.0,0.0,6.49,0.0,0.0,17.82,0.0,0.0,4.86,0.0,-2.0650654355666664,,0.756066598,7457.94677,0.591037957,0.423116531,180.834163,98.930765,83.6202053,4173.6807,99.99998999999998,100.0,False
2026-04-21 16:00:00,0.0,,61.1,62.6,55.1,38.0,38.0,,0.0,0.0,0.0,,0.0,0.0,0.0,0.0,0.0,0.0,0.26361,14,1.8452700000000002,0.0,1.81,0.0,0.0,4.94,0.0,0.0,4.85,0.0,0.0,6.49,0.0,0.0,17.82,0.0,0.0,4.86,0.0,-0.02166938883333333,,0.756887368,7466.04296,0.591587154,0.423124568,180.834873,98.930765,83.6199383,4173.75998,99.99998999999998,100.0,False
2026-04-21 16:30:00,0.005,,61.1,66.89,60.68,40.0,40.0,,0.0,0.2,0.0,,0.0,0.0,0.0,0.0,0.0,0.0,1.07238,14,7.506660000000001,0.0,1.81,0.0,0.0,4.94,0.0,0.0,4.85,0.0,0.0,6.49,0.0,0.0,17.82,0.0,0.0,4.86,0.0,-0.00497575,,0.756887368,7466.04296,0.59171326,0.423157383,180.835076,98.930765,83.6197765,4174.08367,99.99998999999998,100.0,False
2026-04-21 17:00:00,0.261,,88.43,79.83,72.0,50.0,50.0,,0.5500000000000005,0.0,0.0,,0.0,0.0,0.5,19.9575,0.0,0.0,2.0151,14,14.105699999999999,0.0,1.81,0.0,0.0,4.94,0.0,0.0,4.85,0.0,0.0,6.49,0.0,0.0,17.82,0.0,0.0,4.86,0.0,0.006901472433333332,,0.756887368,7466.04296,0.592099246,0.423807123,180.835633,98.930765,83.6197416,4180.49279,99.99998999999998,100.0,False
2026-04-21 17:30:00,0.065,,88.43,90.93,84.6,134.0,134.0,,0.0,8.71,0.0,,0.5,21.15,-0.5,-22.7325,0.0,0.0,3.1186700000000003,14,21.83069,0.0,1.81,0.0,0.0,4.94,0.0,0.0,4.85,0.0,0.0,6.49,0.0,0.0,17.82,0.0,0.0,4.86,0.0,0.47902333266666663,,0.756887368,7466.04296,0.60423977,0.448430172,180.847899,98.930765,83.6301159,4423.378,99.99998999999998,100.0,False
2026-04-21 18:00:00,2.879,,105.8,98.58,96.0,100.0,100.0,,12.9,0.0,0.0,,5.5,264.0,0.0,0.0,0.0,0.0,4.30274,14,30.11918,0.0,1.81,0.0,0.0,4.94,0.0,0.0,4.85,0.0,0.0,6.49,0.0,0.0,17.82,0.0,0.0,4.86,0.0,0.1469656122,,0.756887368,7466.04296,0.608131996,0.456293293,180.852056,98.930765,83.6319084,4500.94092,99.99998999999998,100.0,False
2026-04-21 18:30:00,3.157,,105.8,105.0,107.58,149.8,149.8,,-6.441400000000023,0.0,0.0,,6.4,344.25600000000003,0.0,0.0,0.0,0.0,5.63208,14,39.42456,0.0,1.81,0.0,0.0,4.94,0.0,0.0,4.85,0.0,0.0,6.49,0.0,0.0,17.82,0.0,0.0,4.86,0.0,5.489461733333333,,0.756887368,7466.04296,0.747258715,0.734701392,180.991703,98.930765,83.7459285,7247.19739,99.99998999999998,100.0,False
2026-04-21 19:00:00,0.0,,114.8,111.04,109.7,149.8,149.8,,0.0,0.0,0.0,,0.0,0.0,0.0,0.0,0.0,0.0,6.44556,10.95,35.289441,0.0,2.97,0.0,0.0,0.1,0.0,0.0,7.42,0.0,0.0,-2.27,0.0,0.0,16.39,0.0,0.0,-12.22,0.0,6.107171533333333,,0.756887368,7466.04296,0.902040872,1.0449919,181.147267,98.930765,83.8951708,10307.9464,99.99998999999998,100.0,False
2026-04-21 19:30:00,0.0,,114.8,115.0,113.7,73.0,73.0,,0.0,0.0,0.0,,0.0,0.0,0.0,0.0,0.0,0.0,7.13012,10.95,39.037406999999995,0.0,2.97,0.0,0.0,0.1,0.0,0.0,7.42,0.0,0.0,-2.27,0.0,0.0,16.39,0.0,0.0,-12.22,0.0,-0.0050198612000000005,,0.756887368,7466.04296,0.902168096,1.04503162,181.147469,98.930765,83.9164552,10308.3382,99.99998999999998,100.0,False
2026-04-21 20:00:00,0.0,,112.2,110.18,107.47,113.53,113.53,,0.0,0.0,0.0,,0.0,0.0,0.0,0.0,0.0,0.0,7.379060000000001,10.95,40.4003535,0.0,2.97,0.0,0.0,0.1,0.0,0.0,7.42,0.0,0.0,-2.27,0.0,0.0,16.39,0.0,0.0,-12.22,0.0,-0.005007388933333333,,0.756887368,7466.04296,0.902295005,1.04507008,181.147672,98.930765,83.9164106,10308.7176,99.99998999999998,100.0,False
2026-04-21 20:30:00,0.0,,112.2,106.91,108.2,154.5,154.5,,0.0,0.0,0.0,,0.0,0.0,0.0,0.0,0.0,0.0,7.47937,10.95,40.94955075,0.0,2.97,0.0,0.0,0.1,0.0,0.0,7.42,0.0,0.0,-2.27,0.0,0.0,16.39,0.0,0.0,-12.22,0.0,-0.005015138766666667,,0.756887368,7466.04296,0.902422111,1.04511873,181.147875,98.930765,83.9163781,10309.1975,99.99998999999998,100.0,False
2026-04-21 21:00:00,0.0,,103.3,106.2,110.0,149.8,149.8,,0.0,0.0,0.0,,0.0,0.0,0.0,0.0,0.0,0.0,7.517399999999999,10.95,41.15776499999999,0.0,2.97,0.0,0.0,0.1,0.0,0.0,7.42,0.0,0.0,-2.27,0.0,0.0,16.39,0.0,0.0,-12.22,0.0,-0.0050584722,,0.756887368,7466.04296,0.902550315,1.04515906,181.148128,98.930765,83.9163375,10309.5953,99.99998999999998,100.0,False
2026-04-21 21:30:00,0.0,,103.3,93.58,96.8,149.8,149.8,,0.0,0.0,0.0,,0.0,0.0,0.0,0.0,0.0,0.0,7.30115,10.95,39.97379625,0.0,2.97,0.0,0.0,0.1,0.0,0.0,7.42,0.0,0.0,-2.27,0.0,0.0,16.39,0.0,0.0,-12.22,0.0,-0.0050829722,,0.756887368,7466.04296,0.902679139,1.04520043,181.148331,98.930765,83.9162969,10310.0034,99.99998999999998,100.0,False
2026-04-21 22:00:00,-0.022,,91.7,94.9,97.83,73.0,73.0,,0.0,-1.6059999999999999,0.0,,0.0,0.0,0.0,0.0,0.0,0.0,7.42261,10.95,40.638789749999994,0.0,2.97,0.0,0.0,0.1,0.0,0.0,7.42,0.0,0.0,-2.27,0.0,0.0,16.39,0.0,0.0,-12.22,0.0,-0.005085694433333334,,0.756887368,7466.04296,0.902808032,1.04524397,181.148584,98.930765,83.9162806,10310.4329,99.99998999999998,100.0,False
2026-04-21 22:30:00,-0.882,,91.7,85.0,80.0,73.0,73.0,,1.3140000000000012,0.0,0.0,,-1.8,-72.0,0.0,0.0,0.0,0.0,7.40505,10.95,40.54264875,0.0,2.97,0.0,0.0,0.1,0.0,0.0,7.42,0.0,0.0,-2.27,0.0,0.0,16.39,0.0,0.0,-12.22,0.0,-0.0591692222,,0.759668926,7493.48064,0.904307637,1.04526407,181.150206,98.930765,83.9162035,10310.6311,99.99998999999998,100.0,False
2026-04-21 23:00:00,0.0,,87.7,87.92,92.47,69.35,69.35,,0.0,0.0,0.0,,0.0,0.0,0.0,0.0,0.0,0.0,7.51213,2.29,8.60138885,0.0,1.29,0.0,0.0,1.77,0.0,0.0,4.62,0.0,0.0,-2.35,0.0,0.0,13.65,0.0,0.0,-9.91,0.0,-1.7532811100000003,,0.848081566,8365.5953,0.948743368,1.04526407,181.194711,98.930765,83.8847328,10310.6311,99.99998999999998,100.0,False
2026-04-21 23:30:00,0.0,,87.7,84.0,84.01,70.09,70.09,,0.0,0.0,0.0,,0.0,0.0,0.0,0.0,0.0,0.0,7.36155,2.29,8.42897475,0.0,1.29,0.0,0.0,1.77,0.0,0.0,4.62,0.0,0.0,-2.35,0.0,0.0,13.65,0.0,0.0,-9.91,0.0,-0.0050791944,,0.848081566,8365.5953,0.948872097,1.0452974,181.195015,98.930765,83.8796861,10310.9599,99.99998999999998,100.0,False
2026-04-22 00:00:00,0.0,,83.01,83.04,83.88,75.02,75.02,,0.0,0.0,0.0,,0.0,0.0,0.0,0.0,0.0,0.0,7.5027,2.29,8.5905915,0.0,1.29,0.0,0.0,1.77,0.0,0.0,4.62,0.0,0.0,-2.35,0.0,0.0,13.65,0.0,0.0,-9.91,0.0,-0.005073000033333333,,0.848081566,8365.5953,0.949000668,1.04532538,181.195219,98.930765,83.8796496,10311.2359,99.99998999999998,100.0,False
2026-04-22 00:30:00,-0.052,,83.01,82.46,85.55,73.07,73.07,,0.0,-3.7996399999999997,0.0,,0.0,0.0,0.0,0.0,0.0,0.0,7.462149999999999,2.29,8.544161749999999,0.0,1.29,0.0,0.0,1.77,0.0,0.0,4.62,0.0,0.0,-2.35,0.0,0.0,13.65,0.0,0.0,-9.91,0.0,-0.0050305,,0.0,0.0,0.000127494642,2.90107473e-05,181.19537,98.930765,83.8796171,0.286166073,99.99998999999998,100.0,False
2026-04-22 01:00:00,-1.981,,82.75,81.4,86.75,70.93,70.93,,1.3476699999999935,0.0,0.0,,0.0,0.0,-4.0,-162.8,0.0,0.0,7.45151,2.29,8.53197895,0.0,1.29,0.0,0.0,1.77,0.0,0.0,4.62,0.0,0.0,-2.35,0.0,0.0,13.65,0.0,0.0,-9.91,0.0,-0.12611857996666667,,0.00624553517,61.6068333,0.00332388531,4.69975234e-05,181.198715,98.930765,83.8794678,0.46359015,99.99998999999998,100.0,False
2026-04-22 01:30:00,-1.988,,82.75,84.0,88.8,76.99,76.99,,0.9238800000000008,0.0,0.0,,0.0,0.0,-4.0,-168.0,0.0,0.0,7.37992,2.29,8.4500084,0.0,1.29,0.0,0.0,1.77,0.0,0.0,4.62,0.0,0.0,-2.35,0.0,0.0,13.65,0.0,0.0,-9.91,0.0,-3.9692405999999996,,0.207664228,2048.42902,0.103921621,4.69975234e-05,181.299738,98.930765,83.8099304,0.46359015,99.99998999999998,100.0,False
2026-04-22 02:00:00,-1.224,,83.95,86.75,89.0,73.62,73.62,,1.9141200000000018,0.0,0.0,,0.0,0.0,-2.5,-108.4375,0.0,0.0,7.40175,2.29,8.475003749999999,0.0,1.29,0.0,0.0,1.77,0.0,0.0,4.62,0.0,0.0,-2.35,0.0,0.0,13.65,0.0,0.0,-9.91,0.0,-3.915355333333333,,0.406290868,4007.71,0.203153671,4.69975234e-05,181.39924,98.930765,83.7297992,0.46359015,99.99998999999998,100.0,False
2026-04-22 02:30:00,0.0,,83.95,85.5,88.07,74.9,74.9,,0.0,0.0,0.0,,0.0,0.0,0.0,0.0,0.0,0.0,7.33332,2.29,8.3966514,0.0,1.29,0.0,0.0,1.77,0.0,0.0,4.62,0.0,0.0,-2.35,0.0,0.0,13.65,0.0,0.0,-9.91,0.0,-2.4339081,,0.529236761,5220.4655,0.264839436,4.69975234e-05,181.461131,98.930765,83.6752013,0.46359015,99.99998999999998,100.0,False
2026-04-22 03:00:00,0.0,,84.56,83.4,87.0,73.38,73.38,,0.0,0.0,0.0,,0.0,0.0,0.0,0.0,0.0,0.0,7.44922,2,7.44922,0.0,2.65,0.0,0.0,2.42,0.0,0.0,6.46,0.0,0.0,-0.71,0.0,0.0,17.87,0.0,0.0,-8.91,0.0,-0.005076555566666667,,0.529236761,5220.4655,0.264968098,8.130697e-05,181.461283,98.930765,83.6682181,0.802023335,99.99998999999998,100.0,False
2026-04-22 03:30:00,0.0,,84.56,81.87,85.5,70.46,70.46,,0.0,0.0,0.0,,0.0,0.0,0.0,0.0,0.0,0.0,7.46631,2,7.46631,0.0,2.65,0.0,0.0,2.42,0.0,0.0,6.46,0.0,0.0,-0.71,0.0,0.0,17.87,0.0,0.0,-8.91,0.0,-0.005048166733333334,,0.529236761,5220.4655,0.265096041,0.000119935951,181.461638,98.930765,83.6681656,1.18306501,99.99998999999998,100.0,False
2026-04-22 04:00:00,0.0,,85.06,85.92,88.71,66.2,66.2,,0.0,0.0,0.0,,0.0,0.0,0.0,0.0,0.0,0.0,7.389060000000001,2,7.389060000000001,0.0,2.65,0.0,0.0,2.42,0.0,0.0,6.46,0.0,0.0,-0.71,0.0,0.0,17.87,0.0,0.0,-8.91,0.0,-0.0050621112,,0.529236761,5220.4655,0.265224336,0.000150921499,181.461739,98.930765,83.6681172,1.4887108,99.99998999999998,100.0,False
2026-04-22 04:30:00,0.0,,85.06,87.0,88.05,71.85,71.85,,0.0,0.0,0.0,,0.0,0.0,0.0,0.0,0.0,0.0,7.50892,2,7.50892,0.0,2.65,0.0,0.0,2.42,0.0,0.0,6.46,0.0,0.0,-0.71,0.0,0.0,17.87,0.0,0.0,-8.91,0.0,-0.005069111066666666,,0.529238686,5220.48449,0.26535281,0.000171025175,181.461993,98.930765,83.6680607,1.68701627,99.99998999999998,100.0,False
2026-04-22 05:00:00,0.0,,93.97,97.69,98.5,96.48,96.48,,0.0,0.0,0.0,,0.0,0.0,0.0,0.0,0.0,0.0,7.39658,2,7.39658,0.0,2.65,0.0,0.0,2.42,0.0,0.0,6.46,0.0,0.0,-0.71,0.0,0.0,17.87,0.0,0.0,-8.91,0.0,-0.0050528333,,0.529238686,5220.48449,0.26548087,0.000194182551,181.462246,98.930765,83.6680001,1.91544387,99.99998999999998,100.0,False
2026-04-22 05:30:00,0.049,,93.97,100.3,106.6,69.92,69.92,,0.0,3.4260800000000002,0.0,,0.0,0.0,0.0,0.0,0.0,0.0,7.45809,2,7.45809,0.0,2.65,0.0,0.0,2.42,0.0,0.0,6.46,0.0,0.0,-0.71,0.0,0.0,17.87,0.0,0.0,-8.91,0.0,-0.0050535277,,0.529238686,5220.48449,0.265608948,0.000222829672,181.4625,98.930765,83.6679396,2.19802308,99.99998999999998,100.0,False
2026-04-22 06:00:00,2.112,,111.0,100.39,103.26,129.37,129.37,,14.489440000000013,0.0,0.0,,5.3,273.639,-1.3,-65.2535,0.0,0.0,7.4779,2,7.4779,0.0,2.65,0.0,0.0,2.42,0.0,0.0,6.46,0.0,0.0,-0.71,0.0,0.0,17.87,0.0,0.0,-8.91,0.0,0.11261971883333334,,0.529239352,5220.49106,0.268634642,0.00629174804,181.465744,98.930765,83.6680117,62.0626835,99.99998999999998,100.0,False
2026-04-22 06:30:00,3.559,,111.0,110.0,120.5,134.09,134.09,,1.2068100000000457,0.0,0.0,,7.1,427.775,0.0,0.0,0.0,0.0,7.22992,2,7.22992,0.0,2.65,0.0,0.0,2.42,0.0,0.0,6.46,0.0,0.0,-0.71,0.0,0.0,17.87,0.0,0.0,-8.91,0.0,4.114996766666667,,0.529239352,5220.49106,0.372926469,0.21452802,181.570719,98.930765,83.751498,2116.13442,99.99998999999998,100.0,False
2026-04-22 07:00:00,0.0,,111.0,107.5,108.96,100.1,100.1,,0.0,0.0,0.0,,0.0,0.0,0.0,0.0,0.0,0.0,7.009180000000001,5.8,20.326622,0.0,4.81,0.0,0.0,0.5,0.0,0.0,11.82,0.0,0.0,-1.7,0.0,0.0,25.05,0.0,0.0,-8.67,0.0,6.8466995,,0.529239352,5220.49106,0.546451468,0.562373081,181.744785,98.930765,83.9118615,5547.3268,99.99998999999998,100.0,False
2026-04-22 07:30:00,0.0,,111.0,107.5,112.78,101.66,101.66,,0.0,0.0,0.0,,0.0,0.0,0.0,0.0,0.0,0.0,6.37401,5.8,18.484628999999998,0.0,4.81,0.0,0.0,0.5,0.0,0.0,11.82,0.0,0.0,-1.7,0.0,0.0,25.05,0.0,0.0,-8.67,0.0,-0.005018,,0.529239352,5220.49106,0.546578646,0.56242244,181.744937,98.930765,83.9353671,5547.81369,99.99998999999998,100.0,False
2026-04-22 08:00:00,0.0,,100.2,106.3,107.47,51.03,51.03,,0.0,0.0,0.0,,0.0,0.0,0.0,0.0,0.0,0.0,5.44763,5.8,15.798127000000001,0.0,4.81,0.0,0.0,0.5,0.0,0.0,11.82,0.0,0.0,-1.7,0.0,0.0,25.05,0.0,0.0,-8.67,0.0,-0.005049638833333333,,0.529239352,5220.49106,0.546706625,0.562477959,181.74519,98.930765,83.9353347,5548.36133,99.99998999999998,100.0,False
2026-04-22 08:30:00,0.0,,100.2,88.98,93.63,51.03,51.03,,0.0,0.0,0.0,,0.0,0.0,0.0,0.0,0.0,0.0,4.2314099999999994,5.8,12.271088999999998,0.0,4.81,0.0,0.0,0.5,0.0,0.0,11.82,0.0,0.0,-1.7,0.0,0.0,25.05,0.0,0.0,-8.67,0.0,-0.004999611233333334,,0.529239352,5220.49106,0.546833336,0.562524389,181.745342,98.930765,83.9352983,5548.81933,99.99998999999998,100.0,False
2026-04-22 09:00:00,0.0,,87.0,66.14,75.6,50.11,50.11,,0.0,0.0,0.0,,0.0,0.0,0.0,0.0,0.0,0.0,3.07587,5.8,8.920023,0.0,4.81,0.0,0.0,0.5,0.0,0.0,11.82,0.0,0.0,-1.7,0.0,0.0,25.05,0.0,0.0,-8.67,0.0,-0.0050155278,,0.529239352,5220.49106,0.546960452,0.562564972,181.745647,98.930765,83.9352537,5549.21964,99.99998999999998,100.0,False
2026-04-22 09:30:00,0.0,,87.0,44.56,56.0,30.61,30.61,,0.0,0.0,0.0,,0.0,0.0,0.0,0.0,0.0,0.0,1.96173,5.8,5.689017,0.0,4.81,0.0,0.0,0.5,0.0,0.0,11.82,0.0,0.0,-1.7,0.0,0.0,25.05,0.0,0.0,-8.67,0.0,-0.0050066945,,0.529239352,5220.49106,0.547087344,0.562598777,181.745798,98.930765,83.9352221,5549.5531,99.99998999999998,100.0,False
2026-04-22 10:00:00,0.0,,58.19,48.56,57.52,-6.06,-6.06,,0.0,0.0,0.0,,0.0,0.0,0.0,0.0,0.0,0.0,1.01641,5.8,2.947589,0.0,4.81,0.0,0.0,0.5,0.0,0.0,11.82,0.0,0.0,-1.7,0.0,0.0,25.05,0.0,0.0,-8.67,0.0,-0.0049652778,,0.529239352,5220.49106,0.547213185,0.562639209,181.746103,98.930765,83.9351816,5549.95193,99.99998999999998,100.0,False
2026-04-22 10:30:00,0.0,,58.19,31.26,38.0,-6.06,-6.06,,0.0,0.0,0.0,,0.0,0.0,0.0,0.0,0.0,0.0,0.47408,5.8,1.374832,0.0,4.81,0.0,0.0,0.5,0.0,0.0,11.82,0.0,0.0,-1.7,0.0,0.0,25.05,0.0,0.0,-8.67,0.0,-0.0051490278,,0.529243103,5220.52806,0.547343684,0.562656769,181.746306,98.930765,83.9351452,5550.12514,99.99998999999998,100.0,False
2026-04-22 11:00:00,0.0,,36.0,25.0,34.73,-9.18,-9.18,,0.0,0.0,0.0,,0.0,0.0,0.0,0.0,0.0,0.0,0.05037,4,0.10074,0.0,2.45,0.0,0.0,4.29,0.0,0.0,4.98,0.0,0.0,7.32,0.0,0.0,12.27,0.0,0.0,1.16,0.0,-0.0048965833333333335,,0.529243103,5220.52806,0.547467784,0.562688263,181.746661,98.930765,83.9351006,5550.4358,99.99998999999998,100.0,False
2026-04-22 11:30:00,0.0,,36.0,10.0,12.0,-10.0,-10.0,,0.0,0.0,0.0,,0.0,0.0,0.0,0.0,0.0,0.0,0.04881,4,0.09762,0.0,2.45,0.0,0.0,4.29,0.0,0.0,4.98,0.0,0.0,7.32,0.0,0.0,12.27,0.0,0.0,1.16,0.0,-0.004910888866666667,,0.529243103,5220.52806,0.547592248,0.562717642,181.746863,98.930765,83.9350399,5550.7256,99.99998999999998,100.0,False
2026-04-22 12:00:00,0.0,,29.0,9.0,16.01,-20.22,-20.22,,0.0,0.0,0.0,,0.0,0.0,0.0,0.0,0.0,0.0,0.05063,4,0.10126,0.0,2.45,0.0,0.0,4.29,0.0,0.0,4.98,0.0,0.0,7.32,0.0,0.0,12.27,0.0,0.0,1.16,0.0,-0.0049406111,,0.529243103,5220.52806,0.547717464,0.562749574,181.747167,98.930765,83.9349994,5551.04058,99.99998999999998,100.0,False
2026-04-22 12:30:00,0.0,,29.0,7.0,10.27,-21.54,-21.54,,0.0,0.0,0.0,,0.0,0.0,0.0,0.0,0.0,0.0,0.05133,4,0.10266,0.0,2.45,0.0,0.0,4.29,0.0,0.0,4.98,0.0,0.0,7.32,0.0,0.0,12.27,0.0,0.0,1.16,0.0,-0.0048910278,,0.529243103,5220.52806,0.547841424,0.562779532,181.747471,98.930765,83.934967,5551.33609,99.99998999999998,100.0,False
2026-04-22 13:00:00,0.0,,25.89,5.58,11.8,-21.92,-21.92,,0.0,0.0,0.0,,0.0,0.0,0.0,0.0,0.0,0.0,0.05131,4,0.10262,0.0,2.45,0.0,0.0,4.29,0.0,0.0,4.98,0.0,0.0,7.32,0.0,0.0,12.27,0.0,0.0,1.16,0.0,-0.004908222133333333,,0.529243103,5220.52806,0.54796582,0.562820598,181.747775,98.930765,83.9349265,5551.74117,99.99998999999998,100.0,False
2026-04-22 13:30:00,-0.045,,25.89,5.0,10.0,-27.5,-27.5,,0.0,1.2375,0.0,,0.0,0.0,0.0,0.0,0.0,0.0,0.0505,4,0.101,0.0,2.45,0.0,0.0,4.29,0.0,0.0,4.98,0.0,0.0,7.32,0.0,0.0,12.27,0.0,0.0,1.16,0.0,-0.004939027766666667,,0.529243103,5220.52806,0.548090996,0.562864024,181.747978,98.930765,83.934886,5552.16953,99.99998999999998,100.0,False
2026-04-22 14:00:00,-1.931,,20.04,5.11,10.0,-30.84,-30.84,,-2.1279599999999985,0.0,0.0,,0.0,0.0,-4.0,-10.22,0.0,0.0,0.04952,4,0.09904,0.0,2.45,0.0,0.0,4.29,0.0,0.0,4.98,0.0,0.0,7.32,0.0,0.0,12.27,0.0,0.0,1.16,0.0,-0.1219023079,,0.535295738,5280.2321,0.551180528,0.562894146,181.751425,98.930765,83.9347524,5552.46666,99.99998999999998,100.0,False
2026-04-22 14:30:00,-1.93,,20.04,5.81,10.0,-82.42,-82.42,,-5.769400000000005,0.0,0.0,,0.0,0.0,-4.0,-11.62,0.0,0.0,-0.0025499999999999997,4,-0.0050999999999999995,0.0,2.45,0.0,0.0,4.29,0.0,0.0,4.98,0.0,0.0,7.32,0.0,0.0,12.27,0.0,0.0,1.16,0.0,-3.9781465333333332,,0.737941388,7279.15716,0.652003979,0.562894146,181.852498,98.930765,83.8650743,5552.46666,99.99998999999998,100.0,False
2026-04-22 15:00:00,-1.919,,23.25,10.5,13.02,-40.0,-40.0,,-3.2399999999999984,0.0,0.0,,0.0,0.0,-4.0,-21.0,0.0,0.0,-0.012539999999999999,7.23,-0.0453321,0.0,2.23,0.0,0.0,4.69,0.0,0.0,9.19,0.0,0.0,5.65,0.0,0.0,17.34,0.0,0.0,7.28,0.0,-3.974140633333333,,0.940394911,9276.18706,0.752725903,0.562894146,181.953521,98.930765,83.7844598,5552.46666,99.99998999999998,100.0,False
2026-04-22 15:30:00,-1.106,,23.25,20.52,22.13,-27.5,-27.5,,-2.5849999999999964,0.0,0.0,,0.0,0.0,-2.4,-24.624,0.0,0.0,-0.00252,7.23,-0.009109800000000001,0.0,2.23,0.0,0.0,4.69,0.0,0.0,9.19,0.0,0.0,5.65,0.0,0.0,17.34,0.0,0.0,7.28,0.0,-3.937314833333333,,1.14091027,11254.0986,0.852514503,0.562894146,182.053681,98.930765,83.7037947,5552.46666,99.99998999999998,100.0,False
2026-04-22 16:00:00,0.0,,51.55,27.66,30.0,115.0,115.0,,0.0,0.0,0.0,,0.0,0.0,0.0,0.0,0.0,0.0,0.21375,7.23,0.77270625,0.0,2.23,0.0,0.0,4.69,0.0,0.0,9.19,0.0,0.0,5.65,0.0,0.0,17.34,0.0,0.0,7.28,0.0,-2.2585677333333334,,1.25535353,12382.983,0.909756383,0.562894146,182.111112,98.930765,83.6510774,5552.46666,99.99998999999998,100.0,False
2026-04-22 16:30:00,0.003,,51.55,52.0,52.01,146.29,146.29,,0.0,0.43887,0.0,,0.0,0.0,0.0,0.0,0.0,0.0,1.03481,7.23,3.74083815,0.0,2.23,0.0,0.0,4.69,0.0,0.0,9.19,0.0,0.0,5.65,0.0,0.0,17.34,0.0,0.0,7.28,0.0,-0.004986916666666666,,1.25535353,12382.983,0.909882773,0.562940866,182.111365,98.930765,83.645733,5552.92751,99.99998999999998,100.0,False
2026-04-22 17:00:00,0.26,,88.0,73.79,73.78,149.0,149.0,,1.4900000000000013,0.0,0.0,,0.0,0.0,0.5,18.4475,0.0,0.0,2.02402,7.23,7.316832300000001,0.0,2.23,0.0,0.0,4.69,0.0,0.0,9.19,0.0,0.0,5.65,0.0,0.0,17.34,0.0,0.0,7.28,0.0,0.005633166566666667,,1.25535353,12382.983,0.910193299,0.563543046,182.111922,98.930765,83.6457024,5558.8675,99.99998999999998,100.0,False
2026-04-22 17:30:00,0.056,,88.0,87.99,88.0,149.0,149.0,,0.0,8.344,0.0,,0.5,22.0,-0.5,-21.9975,0.0,0.0,3.00296,7.23,10.8557004,0.0,2.23,0.0,0.0,4.69,0.0,0.0,9.19,0.0,0.0,5.65,0.0,0.0,17.34,0.0,0.0,7.28,0.0,0.48040584,,1.25535353,12382.983,0.922368863,0.588247071,182.124189,98.930765,83.6560262,5802.55146,99.99998999999998,100.0,False
2026-04-22 18:00:00,2.748,,113.2,106.41,101.42,140.0,140.0,,-0.27999999999996916,0.0,0.0,,5.5,278.90500000000003,0.0,0.0,0.0,0.0,4.17825,7.23,15.104373750000002,0.0,2.23,0.0,0.0,4.69,0.0,0.0,9.19,0.0,0.0,5.65,0.0,0.0,17.34,0.0,0.0,7.28,0.0,0.13080424883333333,,1.25535353,12382.983,0.92584857,0.595311845,182.12789,98.930765,83.6577831,5872.23938,99.99998999999998,100.0,False
2026-04-22 18:30:00,3.212,,113.2,107.98,109.0,149.0,149.0,,1.7880000000000016,0.0,0.0,,6.4,348.8,0.0,0.0,0.0,0.0,5.616140000000001,7.23,20.302346100000005,0.0,2.23,0.0,0.0,4.69,0.0,0.0,9.19,0.0,0.0,5.65,0.0,0.0,17.34,0.0,0.0,7.28,0.0,5.281804433333333,,1.25535353,12382.983,1.05971235,0.863682506,182.262316,98.930765,83.7655147,8519.48515,99.99998999999998,100.0,False
2026-04-22 19:00:00,0.0,,115.0,114.98,116.0,135.0,135.0,,0.0,0.0,0.0,,0.0,0.0,0.0,0.0,0.0,0.0,6.36117,9.17,29.16596445,0.0,5.39,0.0,0.0,-0.8,0.0,0.0,12.32,0.0,0.0,-4.81,0.0,0.0,17.68,0.0,0.0,-11.27,0.0,6.1869464,,1.25535353,12382.983,1.21651635,1.17815259,182.419602,98.930765,83.9162307,11621.4621,99.99998999999998,100.0,False
2026-04-22 19:30:00,0.0,,115.0,117.41,118.3,140.0,140.0,,0.0,0.0,0.0,,0.0,0.0,0.0,0.0,0.0,0.0,7.11146,9.17,32.6060441,0.0,5.39,0.0,0.0,-0.8,0.0,0.0,12.32,0.0,0.0,-4.81,0.0,0.0,17.68,0.0,0.0,-11.27,0.0,-0.0049998888666666665,,1.25535353,12382.983,1.21664307,1.17820532,182.419856,98.930765,83.9373436,11621.9822,99.99998999999998,100.0,False
2026-04-22 20:00:00,0.0,,111.15,112.0,112.0,88.1,88.1,,0.0,0.0,0.0,,0.0,0.0,0.0,0.0,0.0,0.0,7.31296,9.17,33.5299216,0.0,5.39,0.0,0.0,-0.8,0.0,0.0,12.32,0.0,0.0,-4.81,0.0,0.0,17.68,0.0,0.0,-11.27,0.0,-0.005008305766666667,,1.25535353,12382.983,1.21677,1.1782635,182.42011,98.930765,83.9373032,11622.5561,99.99998999999998,100.0,False
2026-04-22 20:30:00,0.0,,111.15,112.0,112.3,140.0,140.0,,0.0,0.0,0.0,,0.0,0.0,0.0,0.0,0.0,0.0,7.41485,9.17,33.99708725,0.0,5.39,0.0,0.0,-0.8,0.0,0.0,12.32,0.0,0.0,-4.81,0.0,0.0,17.68,0.0,0.0,-11.27,0.0,-0.005060388866666666,,1.25535353,12382.983,1.21689826,1.17832763,182.420262,98.930765,83.9372629,11623.1887,99.99998999999998,100.0,False
2026-04-22 21:00:00,0.0,,101.13,108.32,114.0,88.51,88.51,,0.0,0.0,0.0,,0.0,0.0,0.0,0.0,0.0,0.0,7.40627,9.17,33.95774795,0.0,5.39,0.0,0.0,-0.8,0.0,0.0,12.32,0.0,0.0,-4.81,0.0,0.0,17.68,0.0,0.0,-11.27,0.0,-0.0050229444,,1.25535353,12382.983,1.21702556,1.17838423,182.420465,98.930765,83.9372185,11623.747,99.99998999999998,100.0,False
2026-04-22 21:30:00,0.0,,101.13,106.41,107.1,73.0,73.0,,0.0,0.0,0.0,,0.0,0.0,0.0,0.0,0.0,0.0,7.442810000000001,9.17,34.12528385,0.0,5.39,0.0,0.0,-0.8,0.0,0.0,12.32,0.0,0.0,-4.81,0.0,0.0,17.68,0.0,0.0,-11.27,0.0,-0.005056999966666666,,1.25535353,12382.983,1.21715372,1.17843409,182.420667,98.930765,83.9371668,11624.2388,99.99998999999998,100.0,False
2026-04-22 22:00:00,-0.02,,92.72,108.27,109.0,140.0,140.0,,0.0,-2.8000000000000003,0.0,,0.0,0.0,0.0,0.0,0.0,0.0,7.2976,9.17,33.459496,0.0,5.39,0.0,0.0,-0.8,0.0,0.0,12.32,0.0,0.0,-4.81,0.0,0.0,17.68,0.0,0.0,-11.27,0.0,-0.005068277766666667,,1.25535353,12382.983,1.21728218,1.1784726,182.42087,98.930765,83.9371063,11624.6187,99.99998999999998,100.0,False
2026-04-22 22:30:00,-0.891,,92.72,93.64,94.61,140.0,140.0,,1.2600000000000011,0.0,0.0,,0.0,0.0,-1.8,-84.276,0.0,0.0,7.5167,9.17,34.4640695,0.0,5.39,0.0,0.0,-0.8,0.0,0.0,12.32,0.0,0.0,-4.81,0.0,0.0,17.68,0.0,0.0,-11.27,0.0,-0.05777288886666667,,1.25806402,12409.7196,1.2187464,1.17850467,182.422543,98.930765,83.9370135,11624.9351,99.99998999999998,100.0,False
2026-04-22 23:00:00,0.0,,90.66,90.1,90.8,78.92,78.92,,0.0,0.0,0.0,,0.0,0.0,0.0,0.0,0.0,0.0,7.40419,2.29,8.47779755,0.0,1.14,0.0,0.0,1.85,0.0,0.0,3.78,0.0,0.0,-0.47,0.0,0.0,13.75,0.0,0.0,-10.28,0.0,-1.7622480133333334,,1.34693578,13286.3631,1.26340939,1.17850467,182.467352,98.930765,83.9056318,11624.9351,99.99998999999998,100.0,False
2026-04-22 23:30:00,0.0,,90.66,83.2,83.2,88.51,88.51,,0.0,0.0,0.0,,0.0,0.0,0.0,0.0,0.0,0.0,7.340859999999999,2.29,8.4052847,0.0,1.14,0.0,0.0,1.85,0.0,0.0,3.78,0.0,0.0,-0.47,0.0,0.0,13.75,0.0,0.0,-10.28,0.0,-0.005027722233333333,,1.34693578,13286.3631,1.26353681,1.17853593,182.467554,98.930765,83.9005435,11625.2434,99.99998999999998,100.0,False
2026-04-23 00:00:00,-0.052,,87.94,80.72,81.36,86.48,86.48,,0.0,-4.49696,0.0,,0.0,0.0,0.0,0.0,0.0,0.0,7.195600000000001,2.29,8.238962,0.0,1.14,0.0,0.0,1.85,0.0,0.0,3.78,0.0,0.0,-0.47,0.0,0.0,13.75,0.0,0.0,-10.28,0.0,-0.005016472166666667,,1.34693578,13286.3631,1.26366395,1.17857135,182.467757,98.930765,83.9004919,11625.5928,99.99998999999998,100.0,False
2026-04-23 00:30:00,-2.009,,87.94,83.59,81.01,81.64,81.64,,-0.7347599999999916,0.0,0.0,,0.0,0.0,-4.0,-167.18,0.0,0.0,7.311319999999999,2.29,8.3714614,0.0,1.14,0.0,0.0,1.85,0.0,0.0,3.78,0.0,0.0,-0.47,0.0,0.0,13.75,0.0,0.0,-10.28,0.0,-0.12811458666666667,,0.00635664184,62.702805,0.00324697812,2.00455131e-05,182.471103,98.930765,83.9003226,0.197731748,99.99998999999998,100.0,False
2026-04-23 01:00:00,-1.527,,87.0,86.97,85.01,70.32,70.32,,1.617360000000009,0.0,0.0,,0.0,0.0,-3.1,-134.8035,0.0,0.0,7.43321,2.29,8.51102545,0.0,1.14,0.0,0.0,1.85,0.0,0.0,3.78,0.0,0.0,-0.47,0.0,0.0,13.75,0.0,0.0,-10.28,0.0,-3.9396153,,0.206221324,2034.19601,0.10309388,2.00455131e-05,182.571466,98.930765,83.8312267,0.197731748,99.99998999999998,100.0,False
2026-04-23 01:30:00,0.0,,87.0,87.25,87.0,88.94,88.94,,0.0,0.0,0.0,,0.0,0.0,0.0,0.0,0.0,0.0,7.48675,2.29,8.57232875,0.0,1.14,0.0,0.0,1.85,0.0,0.0,3.78,0.0,0.0,-0.47,0.0,0.0,13.75,0.0,0.0,-10.28,0.0,-3.0166312666666664,,0.35883859,3539.63409,0.179548373,2.00455131e-05,182.648209,98.930765,83.7664719,0.197731748,99.99998999999998,100.0,False
2026-04-23 02:00:00,0.0,,86.82,89.99,88.0,86.45,86.45,,0.0,0.0,0.0,,0.0,0.0,0.0,0.0,0.0,0.0,7.284770000000001,2.29,8.34106165,0.0,1.14,0.0,0.0,1.85,0.0,0.0,3.78,0.0,0.0,-0.47,0.0,0.0,13.75,0.0,0.0,-10.28,0.0,-0.0050337222,,0.35883859,3539.63409,0.179675949,5.2583946e-05,182.648412,98.930765,83.7578573,0.518695405,99.99998999999998,100.0,False
2026-04-23 02:30:00,0.0,,86.82,89.4,86.94,86.22,86.22,,0.0,0.0,0.0,,0.0,0.0,0.0,0.0,0.0,0.0,7.20228,2.29,8.2466106,0.0,1.14,0.0,0.0,1.85,0.0,0.0,3.78,0.0,0.0,-0.47,0.0,0.0,13.75,0.0,0.0,-10.28,0.0,-0.0050948055,,0.35883859,3539.63409,0.179805073,8.1364296e-05,182.648614,98.930765,83.7577986,0.802588807,99.99998999999998,100.0,False
2026-04-23 03:00:00,-0.049,,88.24,88.5,89.25,75.68,75.68,,0.0,-3.7083200000000005,0.0,,0.0,0.0,0.0,0.0,0.0,0.0,7.465739999999999,2.43,9.0708741,0.0,1.65,0.0,0.0,2.09,0.0,0.0,5.2,0.0,0.0,-0.71,0.0,0.0,17.19,0.0,0.0,-8.61,0.0,-0.005091888833333333,,0.358840974,3539.65761,0.179934124,8.97630576e-05,182.648767,98.930765,83.7577311,0.885435367,99.99998999999998,100.0,False
2026-04-23 03:30:00,-1.965,,88.24,88.31,87.39,66.0,66.0,,2.3099999999999947,0.0,0.0,,0.0,0.0,-4.0,-176.62,0.0,0.0,7.3099300000000005,2.43,8.881564950000001,0.0,1.65,0.0,0.0,2.09,0.0,0.0,5.2,0.0,0.0,-0.71,0.0,0.0,17.19,0.0,0.0,-8.61,0.0,-0.12612289446666666,,0.365088873,3601.28776,0.183130624,0.000103239422,182.652111,98.930765,83.7575463,1.01836811,99.99998999999998,100.0,False
2026-04-23 04:00:00,0.0,,94.05,93.39,89.32,65.0,65.0,,0.0,0.0,0.0,,0.0,0.0,0.0,0.0,0.0,0.0,7.36032,2.43,8.9427888,0.0,1.65,0.0,0.0,2.09,0.0,0.0,5.2,0.0,0.0,-0.71,0.0,0.0,17.19,0.0,0.0,-8.61,0.0,-3.864513366666667,,0.560996966,5533.75261,0.281074119,0.000103239422,182.750448,98.930765,83.6886557,1.01836811,99.99998999999998,100.0,False
2026-04-23 04:30:00,0.0,,94.05,93.39,90.85,81.81,81.81,,0.0,0.0,0.0,,0.0,0.0,0.0,0.0,0.0,0.0,7.34593,2.43,8.925304950000001,0.0,1.65,0.0,0.0,2.09,0.0,0.0,5.2,0.0,0.0,-0.71,0.0,0.0,17.19,0.0,0.0,-8.61,0.0,-0.0049827221,,0.560996966,5533.75261,0.281200402,0.000118518579,182.750549,98.930765,83.6775186,1.16908386,99.99998999999998,100.0,False
2026-04-23 05:00:00,0.0,,103.26,102.2,102.9,68.45,68.45,,0.0,0.0,0.0,,0.0,0.0,0.0,0.0,0.0,0.0,6.81098,2.43,8.275340700000001,0.0,1.65,0.0,0.0,2.09,0.0,0.0,5.2,0.0,0.0,-0.71,0.0,0.0,17.19,0.0,0.0,-8.61,0.0,-0.0050188055333333335,,0.560999497,5533.77758,0.281327601,0.000127648081,182.750752,98.930765,83.6774544,1.25913854,99.99998999999998,100.0,False
2026-04-23 05:30:00,0.0,,103.26,103.0,104.01,105.09,105.09,,0.0,0.0,0.0,,0.0,0.0,0.0,0.0,0.0,0.0,7.5136899999999995,2.43,9.12913335,0.0,1.65,0.0,0.0,2.09,0.0,0.0,5.2,0.0,0.0,-0.71,0.0,0.0,17.19,0.0,0.0,-8.61,0.0,-0.005016972233333333,,0.560999497,5533.77758,0.281454753,0.000140532464,182.751005,98.930765,83.6773902,1.3862319,99.99998999999998,100.0,False
2026-04-23 06:00:00,0.0,,115.54,114.2,114.96,133.85,133.85,,0.0,0.0,0.0,,0.0,0.0,0.0,0.0,0.0,0.0,7.287529999999999,2.43,8.85434895,0.0,1.65,0.0,0.0,2.09,0.0,0.0,5.2,0.0,0.0,-0.71,0.0,0.0,17.19,0.0,0.0,-8.61,0.0,-0.0050103889333333335,,0.560999497,5533.77758,0.281581737,0.00016001032,182.751158,98.930765,83.6773397,1.5783642,99.99998999999998,100.0,False
2026-04-23 06:30:00,0.057,,115.54,120.0,126.0,157.0,157.0,,0.0,8.949,0.0,,0.0,0.0,0.0,0.0,0.0,0.0,7.25536,2.43,8.8152624,0.0,1.65,0.0,0.0,2.09,0.0,0.0,5.2,0.0,0.0,-0.71,0.0,0.0,17.19,0.0,0.0,-8.61,0.0,-0.0050324722,,0.561004122,5533.8232,0.281709282,0.000168687189,182.751512,98.930765,83.6772835,1.66395405,99.99998999999998,100.0,False
2026-04-23 07:00:00,2.463,,119.6,119.63,125.0,157.0,157.0,,17.741,0.0,0.0,,0.0,0.0,4.7,281.1305,0.0,0.0,6.86166,8,27.44664,0.0,5.66,0.0,0.0,-0.65,0.0,0.0,10.9,0.0,0.0,-3.8,0.0,0.0,20.99,0.0,0.0,-12.39,0.0,0.13322391663333333,,0.561004122,5533.8232,0.285255488,0.00728403691,182.755212,98.930765,83.6773559,71.8507598,99.99998999999998,100.0,False
2026-04-23 07:30:00,2.878,,119.6,128.53,130.0,114.35,114.35,,3.2018000000000026,0.0,0.0,,5.7,370.5,0.0,0.0,0.0,0.0,6.42781,8,25.71124,0.0,5.66,0.0,0.0,-0.65,0.0,0.0,10.9,0.0,0.0,-3.8,0.0,0.0,20.99,0.0,0.0,-12.39,0.0,4.749689433333333,,0.561004122,5533.8232,0.405633175,0.247710879,182.876054,98.930765,83.7746014,2443.45479,99.99998999999998,100.0,False
2026-04-23 08:00:00,0.0,,117.33,126.9,126.22,169.3,169.3,,0.0,0.0,0.0,,4.7,296.617,-4.7,-298.21500000000003,0.0,0.0,5.95406,8,23.81624,0.0,5.66,0.0,0.0,-0.65,0.0,0.0,10.9,0.0,0.0,-3.8,0.0,0.0,20.99,0.0,0.0,-12.39,0.0,5.4821237,,0.561004122,5533.8232,0.544573917,0.525331865,183.015549,98.930765,83.9074598,5181.94706,99.99998999999998,100.0,False
2026-04-23 08:30:00,0.0,,117.33,124.99,118.0,159.4,159.4,,0.0,0.0,0.0,,0.1,5.9,-0.1,-6.2495,0.0,0.0,4.907310000000001,8,19.629240000000003,0.0,5.66,0.0,0.0,-0.65,0.0,0.0,10.9,0.0,0.0,-3.8,0.0,0.0,20.99,0.0,0.0,-12.39,0.0,-0.005008499966666667,,0.561004122,5533.8232,0.544700853,0.525354434,183.015803,98.930765,83.9254408,5182.16969,99.99998999999998,100.0,False
2026-04-23 09:00:00,0.0,,103.64,113.36,116.8,160.94,160.94,,0.0,0.0,0.0,,0.0,0.0,0.0,0.0,0.0,0.0,3.24721,8,12.98884,0.0,5.66,0.0,0.0,-0.65,0.0,0.0,10.9,0.0,0.0,-3.8,0.0,0.0,20.99,0.0,0.0,-12.39,0.0,-0.005056250066666667,,0.561004122,5533.8232,0.544829001,0.525378517,183.016056,98.930765,83.9254053,5182.40724,99.99998999999998,100.0,False
2026-04-23 09:30:00,0.0,,103.64,112.0,112.32,66.0,66.0,,0.0,0.0,0.0,,0.0,0.0,0.0,0.0,0.0,0.0,1.79354,8,7.17416,0.0,5.66,0.0,0.0,-0.65,0.0,0.0,10.9,0.0,0.0,-3.8,0.0,0.0,20.99,0.0,0.0,-12.39,0.0,-0.004987499966666666,,0.561004122,5533.8232,0.544955405,0.525398182,183.016208,98.930765,83.9253651,5182.60122,99.99998999999998,100.0,False
2026-04-23 10:00:00,0.0,,87.99,107.46,110.0,76.9,76.9,,0.0,0.0,0.0,,0.0,0.0,0.0,0.0,0.0,0.0,0.86579,8,3.46316,0.0,5.66,0.0,0.0,-0.65,0.0,0.0,10.9,0.0,0.0,-3.8,0.0,0.0,20.99,0.0,0.0,-12.39,0.0,-0.0049881666333333324,,0.561004122,5533.8232,0.545081828,0.525417927,183.016614,98.930765,83.9253249,5182.79599,99.99998999999998,100.0,False
2026-04-23 10:30:00,0.0,,87.99,95.15,95.16,76.9,76.9,,0.0,0.0,0.0,,0.0,0.0,0.0,0.0,0.0,0.0,0.15319,8,0.61276,0.0,5.66,0.0,0.0,-0.65,0.0,0.0,10.9,0.0,0.0,-3.8,0.0,0.0,20.99,0.0,0.0,-12.39,0.0,-0.0049416389,,0.561004122,5533.8232,0.545207069,0.52543658,183.016766,98.930765,83.9252847,5182.97999,99.99998999999998,100.0,False
2026-04-23 11:00:00,0.0,,72.43,84.07,74.0,113.6,113.6,,0.0,0.0,0.0,,0.0,0.0,0.0,0.0,0.0,0.0,0.05022,3.76,0.0944136,0.0,1.05,0.0,0.0,4.56,0.0,0.0,5.33,0.0,0.0,3.13,0.0,0.0,14.66,0.0,0.0,-3.84,0.0,-0.0049483056,,0.561004122,5533.8232,0.545332481,0.525451408,183.017019,98.930765,83.9252364,5183.12625,99.99998999999998,100.0,False
2026-04-23 11:30:00,0.0,,72.43,77.21,66.58,114.0,114.0,,0.0,0.0,0.0,,0.0,0.0,0.0,0.0,0.0,0.0,0.04998,3.76,0.09396239999999999,0.0,1.05,0.0,0.0,4.56,0.0,0.0,5.33,0.0,0.0,3.13,0.0,0.0,14.66,0.0,0.0,-3.84,0.0,-0.004970055533333333,,0.561004122,5533.8232,0.545458444,0.525482699,183.017272,98.930765,83.9251841,5183.43491,99.99998999999998,100.0,False
2026-04-23 12:00:00,0.0,,61.51,72.17,68.0,114.0,114.0,,0.0,0.0,0.0,,0.0,0.0,0.0,0.0,0.0,0.0,0.05168,3.76,0.09715839999999999,0.0,1.05,0.0,0.0,4.56,0.0,0.0,5.33,0.0,0.0,3.13,0.0,0.0,14.66,0.0,0.0,-3.84,0.0,-0.004971916666666667,,0.561004122,5533.8232,0.545584454,0.525510542,183.017628,98.930765,83.9251447,5183.70956,99.99998999999998,100.0,False
2026-04-23 12:30:00,-0.027,,61.51,65.96,61.14,114.0,114.0,,0.0,-3.078,0.0,,0.0,0.0,0.0,0.0,0.0,0.0,0.05119,3.76,0.0962372,0.0,1.05,0.0,0.0,4.56,0.0,0.0,5.33,0.0,0.0,3.13,0.0,0.0,14.66,0.0,0.0,-3.84,0.0,-0.0049306667333333335,,0.561004122,5533.8232,0.545709418,0.525542012,183.017831,98.930765,83.9251012,5184.01998,99.99998999999998,100.0,False
2026-04-23 13:00:00,-1.181,,60.63,65.64,59.7,114.0,114.0,,2.1659999999999893,0.0,0.0,,0.0,0.0,-2.4,-78.768,0.0,0.0,0.05002,3.76,0.0940376,0.0,1.05,0.0,0.0,4.56,0.0,0.0,5.33,0.0,0.0,3.13,0.0,0.0,14.66,0.0,0.0,-3.84,0.0,-0.0750322217,,0.564619491,5569.48571,0.547611059,0.525565897,183.019959,98.930765,83.9250087,5184.25559,99.99998999999998,100.0,False
2026-04-23 13:30:00,-1.934,,60.63,60.97,55.04,114.0,114.0,,7.524000000000006,0.0,0.0,,0.0,0.0,-4.0,-121.94,0.0,0.0,7.4,3.76,13.911999999999999,0.0,1.05,0.0,0.0,4.56,0.0,0.0,5.33,0.0,0.0,3.13,0.0,0.0,14.66,0.0,0.0,-3.84,0.0,-2.4602563666666666,,0.689423488,6800.5698,0.609964604,0.525565897,183.082458,98.930765,83.8832001,5184.25559,99.99998999999998,100.0,False
2026-04-23 14:00:00,-1.936,,60.0,59.65,54.0,109.6,109.6,,7.0144000000000055,0.0,0.0,,-4.0,-108.0,0.0,0.0,0.0,0.0,7.4,3.76,13.911999999999999,0.0,1.05,0.0,0.0,4.56,0.0,0.0,5.33,0.0,0.0,3.13,0.0,0.0,14.66,0.0,0.0,-3.84,0.0,-3.9845401000000003,,0.892376819,8802.52988,0.710950095,0.525565897,183.183835,98.930765,83.8072274,5184.25559,99.99998999999998,100.0,False
2026-04-23 14:30:00,-0.846,,60.0,59.9,52.6,109.6,109.6,,126.47839999999998,0.0,0.0,,-4.0,-105.2,0.0,0.0,0.0,0.0,7.4,3.76,13.911999999999999,0.0,1.05,0.0,0.0,4.56,0.0,0.0,5.33,0.0,0.0,3.13,0.0,0.0,14.66,0.0,0.0,-3.84,0.0,-3.9828471666666663,,1.09524218,10803.6222,0.811892682,0.525565897,183.285213,98.930765,83.7270086,5184.25559,99.99998999999998,100.0,False
2026-04-23 15:00:00,0.0,,64.69,62.0,59.66,114.0,114.0,,0.0,0.0,0.0,,0.0,0.0,0.0,0.0,0.0,0.0,0.02485,6.5,0.0807625,0.0,1.32,0.0,0.0,3.89,0.0,0.0,6.62,0.0,0.0,4.77,0.0,0.0,15.04,0.0,0.0,0.04,0.0,-1.7189483944333332,,1.18251886,11664.5316,0.855458271,0.52557613,183.328856,98.930765,83.6791269,5184.35653,99.99998999999998,100.0,False
2026-04-23 15:30:00,0.0,,64.69,68.73,68.0,113.75,113.75,,0.0,0.0,0.0,,0.0,0.0,0.0,0.0,0.0,0.0,0.05095,6.5,0.1655875,0.0,1.32,0.0,0.0,3.89,0.0,0.0,6.62,0.0,0.0,4.77,0.0,0.0,15.04,0.0,0.0,0.04,0.0,-0.004941055466666667,,1.18251886,11664.5316,0.855583496,0.52559863,183.32921,98.930765,83.6790829,5184.57847,99.99998999999998,100.0,False
2026-04-23 16:00:00,0.0,,80.64,74.0,72.0,72.0,72.0,,0.0,0.0,0.0,,0.0,0.0,0.0,0.0,0.0,0.0,0.24276,6.5,0.7889700000000001,0.0,1.32,0.0,0.0,3.89,0.0,0.0,6.62,0.0,0.0,4.77,0.0,0.0,15.04,0.0,0.0,0.04,0.0,-0.004895138866666667,,1.18251886,11664.5316,0.855707562,0.525626058,183.329363,98.930765,83.679027,5184.84902,99.99998999999998,100.0,False
2026-04-23 16:30:00,0.007,,80.64,85.0,81.64,109.6,109.6,,0.0,0.7672,0.0,,0.0,0.0,0.0,0.0,0.0,0.0,0.9926200000000001,6.5,3.2260150000000003,0.0,1.32,0.0,0.0,3.89,0.0,0.0,6.62,0.0,0.0,4.77,0.0,0.0,15.04,0.0,0.0,0.04,0.0,-0.0049064444666666665,,1.18251886,11664.5316,0.855831912,0.525650401,183.329718,98.930765,83.678975,5185.08915,99.99998999999998,100.0,False
2026-04-23 17:00:00,0.32,,94.47,95.0,94.0,109.6,109.6,,2.192000000000002,0.0,0.0,,0.0,0.0,0.6,28.5,0.0,0.0,1.95803,6.5,6.3635975,0.0,1.32,0.0,0.0,3.89,0.0,0.0,6.62,0.0,0.0,4.77,0.0,0.0,15.04,0.0,0.0,0.04,0.0,0.012973333433333333,,1.18251886,11664.5316,0.856327779,0.526598048,183.330427,98.930765,83.6789381,5194.43687,99.99998999999998,100.0,False
2026-04-23 17:30:00,0.116,,94.47,94.8,94.0,139.0,139.0,,9.174000000000003,0.0,0.0,,0.6,28.2,-0.5,-23.7,0.0,0.0,3.0633600000000003,6.5,9.95592,0.0,1.32,0.0,0.0,3.89,0.0,0.0,6.62,0.0,0.0,4.77,0.0,0.0,15.04,0.0,0.0,0.04,0.0,0.5871938866666667,,1.18251886,11664.5316,0.871209814,0.556692969,183.345279,98.930765,83.6914208,5491.29738,99.99998999999998,100.0,False
2026-04-23 18:00:00,2.467,,111.49,101.95,102.9,97.87,97.87,,-22.80371000000001,0.0,0.0,,0.0,0.0,5.4,275.26500000000004,0.0,0.0,4.23762,6.5,13.772264999999999,0.0,1.32,0.0,0.0,3.89,0.0,0.0,6.62,0.0,0.0,4.77,0.0,0.0,15.04,0.0,0.0,0.04,0.0,0.23446475013333334,,1.18251886,11664.5316,0.877152166,0.569108719,183.351412,98.930765,83.6952244,5613.76808,99.99998999999998,100.0,False
2026-04-23 18:30:00,3.191,,111.49,112.65,111.7,139.0,139.0,,-1.2510000000000474,0.0,0.0,,0.0,0.0,6.4,360.48,0.0,0.0,5.4582299999999995,6.5,17.739247499999998,0.0,1.32,0.0,0.0,3.89,0.0,0.0,6.62,0.0,0.0,4.77,0.0,0.0,15.04,0.0,0.0,0.04,0.0,4.715080466666667,,1.18251886,11664.5316,0.996652712,0.808524777,183.472254,98.930765,83.7903931,7975.40159,99.99998999999998,100.0,False
2026-04-23 19:00:00,0.0,,121.8,118.0,116.7,139.0,139.0,,0.0,0.0,0.0,,0.0,0.0,0.0,0.0,0.0,0.0,6.5283,7.84,25.590936,0.0,2.77,0.0,0.0,1.08,0.0,0.0,6.72,0.0,0.0,-1.14,0.0,0.0,24.87,0.0,0.0,-12.53,0.0,6.170457466666666,,1.18251886,11664.5316,1.15303881,1.12160807,183.629135,98.930765,83.938275,11063.699,99.99998999999998,100.0,False
2026-04-23 19:30:00,0.0,,121.8,120.2,121.0,140.0,140.0,,0.0,0.0,0.0,,0.0,0.0,0.0,0.0,0.0,0.0,7.00937,7.84,27.476730399999997,0.0,2.77,0.0,0.0,1.08,0.0,0.0,6.72,0.0,0.0,-1.14,0.0,0.0,24.87,0.0,0.0,-12.53,0.0,-0.0049993611,,1.18251886,11664.5316,1.15316551,1.12164425,183.629389,98.930765,83.9592558,11064.0559,99.99998999999998,100.0,False
2026-04-23 20:00:00,0.0,,123.4,125.49,126.0,132.75,132.75,,0.0,0.0,0.0,,0.0,0.0,0.0,0.0,0.0,0.0,7.06663,7.84,27.7011896,0.0,2.77,0.0,0.0,1.08,0.0,0.0,6.72,0.0,0.0,-1.14,0.0,0.0,24.87,0.0,0.0,-12.53,0.0,-0.0049992778,,1.18251886,11664.5316,1.15329222,1.12168798,183.629642,98.930765,83.9592116,11064.4873,99.99998999999998,100.0,False
2026-04-23 20:30:00,0.0,,123.4,128.2,125.0,145.0,145.0,,0.0,0.0,0.0,,0.0,0.0,0.0,0.0,0.0,0.0,7.20461,7.84,28.242071199999998,0.0,2.77,0.0,0.0,1.08,0.0,0.0,6.72,0.0,0.0,-1.14,0.0,0.0,24.87,0.0,0.0,-12.53,0.0,-0.0050375,,1.18251886,11664.5316,1.15341989,1.1217313,183.629845,98.930765,83.9591835,11064.9146,99.99998999999998,100.0,False
2026-04-23 21:00:00,0.0,,117.94,128.68,123.39,142.0,142.0,,0.0,0.0,0.0,,0.0,0.0,0.0,0.0,0.0,0.0,7.51873,7.84,29.473421599999998,0.0,2.77,0.0,0.0,1.08,0.0,0.0,6.72,0.0,0.0,-1.14,0.0,0.0,24.87,0.0,0.0,-12.53,0.0,-0.005037222233333334,,1.18251886,11664.5316,1.15354756,1.12176614,183.629997,98.930765,83.9591434,11065.2583,99.99998999999998,100.0,False
2026-04-23 21:30:00,0.0,,117.94,120.98,116.6,140.0,140.0,,0.0,0.0,0.0,,0.0,0.0,0.0,0.0,0.0,0.0,7.4372799999999994,7.84,29.1541376,0.0,2.77,0.0,0.0,1.08,0.0,0.0,6.72,0.0,0.0,-1.14,0.0,0.0,24.87,0.0,0.0,-12.53,0.0,-0.005090916666666666,,1.18251886,11664.5316,1.15367658,1.12179823,183.630301,98.930765,83.9591033,11065.5748,99.99998999999998,100.0,False
2026-04-23 22:00:00,-0.022,,104.93,113.69,110.0,124.75,124.75,,0.0,-2.7445,0.0,,0.0,0.0,0.0,0.0,0.0,0.0,7.37589,7.84,28.9134888,0.0,2.77,0.0,0.0,1.08,0.0,0.0,6.72,0.0,0.0,-1.14,0.0,0.0,24.87,0.0,0.0,-12.53,0.0,-0.0051013055,,1.18251886,11664.5316,1.15380587,1.12183037,183.630504,98.930765,83.959064,11065.8918,99.99998999999998,100.0,False
2026-04-23 22:30:00,-0.894,,104.93,100.45,90.8,87.09,87.09,,0.5225400000000004,0.0,0.0,,0.0,0.0,-1.8,-90.405,0.0,0.0,7.474279999999999,7.84,29.299177599999997,0.0,2.77,0.0,0.0,1.08,0.0,0.0,6.72,0.0,0.0,-1.14,0.0,0.0,24.87,0.0,0.0,-12.53,0.0,-0.05898086116666667,,1.18529252,11691.8914,1.1553007,1.12184724,183.632126,98.930765,83.9589837,11066.0582,99.99998999999998,100.0,False
2026-04-23 23:00:00,0.0,,99.2,89.94,95.9,82.0,82.0,,0.0,0.0,0.0,,0.0,0.0,0.0,0.0,0.0,0.0,7.1552,2.2,7.87072,0.0,0.39,0.0,0.0,0.95,0.0,0.0,4.39,0.0,0.0,-1.35,0.0,0.0,14.51,0.0,0.0,-10.27,0.0,-1.7626724033333334,,1.2741623,12568.5153,1.19997445,1.12184724,183.676935,98.930765,83.927806,11066.0582,99.99998999999998,100.0,False
2026-04-23 23:30:00,-0.049,,99.2,88.07,87.4,82.35,82.35,,0.0,-4.03515,0.0,,0.0,0.0,0.0,0.0,0.0,0.0,7.22783,2.2,7.950613000000001,0.0,0.39,0.0,0.0,0.95,0.0,0.0,4.39,0.0,0.0,-1.35,0.0,0.0,14.51,0.0,0.0,-10.27,0.0,-0.005028,,1.2741623,12568.5153,1.20010188,1.1218696,183.677239,98.930765,83.9227351,11066.2788,99.99998999999998,100.0,False
2026-04-24 00:00:00,-2.038,,93.9,88.05,86.2,92.6,92.6,,-3.5187999999999824,0.0,0.0,,-4.0,-172.4,0.0,0.0,0.0,0.0,7.50245,2.2,8.252695000000001,0.0,0.39,0.0,0.0,0.95,0.0,0.0,4.39,0.0,0.0,-1.35,0.0,0.0,14.51,0.0,0.0,-10.27,0.0,-0.12321735996666668,,1.28027256,12628.7878,1.20322474,1.12188426,183.680585,98.930765,83.9226188,11066.4234,99.99998999999998,100.0,False
2026-04-24 00:30:00,-1.955,,93.9,88.0,90.52,96.7,96.7,,4.3514999999999935,0.0,0.0,,-4.0,-181.04,0.0,0.0,0.0,0.0,7.52608,2.2,8.278688,0.0,0.39,0.0,0.0,0.95,0.0,0.0,4.39,0.0,0.0,-1.35,0.0,0.0,14.51,0.0,0.0,-10.27,0.0,-3.958209866666667,,0.20061964,1978.94022,0.100318169,0.0,183.781405,98.930765,83.8542881,0.0,99.99998999999998,100.0,False
2026-04-24 01:00:00,0.0,,93.0,88.33,89.4,80.01,80.01,,0.0,0.0,0.0,,0.0,0.0,0.0,0.0,0.0,0.0,7.51513,2.2,8.266643,0.0,0.39,0.0,0.0,0.95,0.0,0.0,4.39,0.0,0.0,-1.35,0.0,0.0,14.51,0.0,0.0,-10.27,0.0,-3.827962766666667,,0.394456169,3890.97087,0.197335313,0.0,183.878676,98.930765,83.7754013,0.0,99.99998999999998,100.0,False
2026-04-24 01:30:00,0.0,,93.0,89.94,90.5,88.59,88.59,,0.0,0.0,0.0,,0.0,0.0,0.0,0.0,0.0,0.0,7.51737,2.2,8.269107,0.0,0.39,0.0,0.0,0.95,0.0,0.0,4.39,0.0,0.0,-1.35,0.0,0.0,14.51,0.0,0.0,-10.27,0.0,-0.0050371111,,0.394456169,3890.97087,0.197462975,1.45601708e-05,183.878929,98.930765,83.7645781,0.143623563,99.99998999999998,100.0,False
2026-04-24 02:00:00,-0.049,,95.27,89.94,90.89,90.81,90.81,,0.0,-4.44969,0.0,,0.0,0.0,0.0,0.0,0.0,0.0,7.5113900000000005,2.2,8.262529,0.0,0.39,0.0,0.0,0.95,0.0,0.0,4.39,0.0,0.0,-1.35,0.0,0.0,14.51,0.0,0.0,-10.27,0.0,-0.005057388866666667,,0.394456169,3890.97087,0.197591152,4.15212889e-05,183.879081,98.930765,83.7645581,0.409571807,99.99998999999998,100.0,False
2026-04-24 02:30:00,-1.875,,95.27,89.16,88.84,89.81,89.81,,11.22625,0.0,0.0,,-1.3,-57.746,-2.7,-120.366,0.0,0.0,7.34195,2.2,8.076145,0.0,0.39,0.0,0.0,0.95,0.0,0.0,4.39,0.0,0.0,-1.35,0.0,0.0,14.51,0.0,0.0,-10.27,0.0,-0.1242861111,,0.400604789,3951.62172,0.200741099,6.13751478e-05,183.882477,98.930765,83.7644303,0.60541305,99.99998999999998,100.0,False
2026-04-24 03:00:00,-0.002,,93.2,89.94,90.5,84.91,84.91,,0.0,-0.16982,0.0,,0.0,0.0,0.0,0.0,0.0,0.0,7.51682,2,7.51682,0.0,1.07,0.0,0.0,1.78,0.0,0.0,4.15,0.0,0.0,0.21,0.0,0.0,18.72,0.0,0.0,-7.72,0.0,-3.599356,,0.582962562,5750.42433,0.291964359,6.13751478e-05,183.974071,98.930765,83.697046,0.60541305,99.99998999999998,100.0,False
2026-04-24 03:30:00,-0.02,,93.2,86.5,90.5,80.65,80.65,,6.452000000000001,0.0,0.0,,0.0,0.0,-0.2,-8.65,0.0,0.0,7.227609999999999,2,7.227609999999999,0.0,1.07,0.0,0.0,1.78,0.0,0.0,4.15,0.0,0.0,0.21,0.0,0.0,18.72,0.0,0.0,-7.72,0.0,-0.011175638933333334,,0.583274083,5753.49721,0.292247598,7.43043164e-05,183.974426,98.930765,83.6902769,0.73294818,99.99998999999998,100.0,False
2026-04-24 04:00:00,0.0,,94.44,89.94,92.23,80.75,80.75,,0.0,0.0,0.0,,0.0,0.0,0.0,0.0,0.0,0.0,7.41851,2,7.41851,0.0,1.07,0.0,0.0,1.78,0.0,0.0,4.15,0.0,0.0,0.21,0.0,0.0,18.72,0.0,0.0,-7.72,0.0,-0.044410445,,0.585244729,5772.93594,0.293373151,7.43043164e-05,183.975643,98.930765,83.6894119,0.73294818,99.99998999999998,100.0,False
2026-04-24 04:30:00,0.0,,94.44,89.94,92.02,80.75,80.75,,0.0,0.0,0.0,,0.0,0.0,0.0,0.0,0.0,0.0,7.50471,2,7.50471,0.0,1.07,0.0,0.0,1.78,0.0,0.0,4.15,0.0,0.0,0.21,0.0,0.0,18.72,0.0,0.0,-7.72,0.0,-0.0050585555,,0.585244729,5772.93594,0.293501356,9.1309507e-05,183.975795,98.930765,83.6893321,0.90068976,99.99998999999998,100.0,False
2026-04-24 05:00:00,0.0,,106.0,102.09,110.6,80.75,80.75,,0.0,0.0,0.0,,0.0,0.0,0.0,0.0,0.0,0.0,7.247529999999999,2,7.247529999999999,0.0,1.07,0.0,0.0,1.78,0.0,0.0,4.15,0.0,0.0,0.21,0.0,0.0,18.72,0.0,0.0,-7.72,0.0,-0.0050308056,,0.585244729,5772.93594,0.293628859,0.000116135272,183.975998,98.930765,83.6893122,1.14557458,99.99998999999998,100.0,False
2026-04-24 05:30:00,0.0,,106.0,109.99,111.36,96.91,96.91,,0.0,0.0,0.0,,0.0,0.0,0.0,0.0,0.0,0.0,7.47081,2,7.47081,0.0,1.07,0.0,0.0,1.78,0.0,0.0,4.15,0.0,0.0,0.21,0.0,0.0,18.72,0.0,0.0,-7.72,0.0,-0.0049942222,,0.585244729,5772.93594,0.293755435,0.000133756344,183.976251,98.930765,83.6892923,1.3193913,99.99998999999998,100.0,False
2026-04-24 06:00:00,0.0,,120.9,109.93,112.7,123.47,123.47,,0.0,0.0,0.0,,0.0,0.0,0.0,0.0,0.0,0.0,7.37465,2,7.37465,0.0,1.07,0.0,0.0,1.78,0.0,0.0,4.15,0.0,0.0,0.21,0.0,0.0,18.72,0.0,0.0,-7.72,0.0,-0.0050030834,,0.585244729,5772.93594,0.293882234,0.000145693046,183.976404,98.930765,83.6892644,1.4371366,99.99998999999998,100.0,False
2026-04-24 06:30:00,0.0,,120.9,122.01,129.01,122.61,122.61,,0.0,0.0,0.0,,0.0,0.0,0.0,0.0,0.0,0.0,7.206720000000001,2,7.206720000000001,0.0,1.07,0.0,0.0,1.78,0.0,0.0,4.15,0.0,0.0,0.21,0.0,0.0,18.72,0.0,0.0,-7.72,0.0,-0.005035777733333333,,0.585244729,5772.93594,0.294009862,0.000170752137,183.976657,98.930765,83.6892524,1.68432298,99.99998999999998,100.0,False
2026-04-24 07:00:00,0.077,,130.0,120.54,128.0,80.77,80.77,,0.0,6.21929,0.0,,0.0,0.0,0.0,0.0,0.0,0.0,6.914479999999999,6.03,20.847157199999998,0.0,9.22,0.0,0.0,-0.44,0.0,0.0,11.31,0.0,0.0,-4.42,0.0,0.0,20.63,0.0,0.0,-14.85,0.0,-0.004999999933333333,,0.585244729,5772.93594,0.294136583,0.000190069129,183.97691,98.930765,83.6892245,1.8748685,99.99998999999998,100.0,False
2026-04-24 07:30:00,3.064,,130.0,124.0,130.0,136.87,136.87,,15.603179999999984,0.0,0.0,,3.0,195.0,2.9,179.79999999999998,0.0,0.0,6.5673,6.03,19.8004095,0.0,9.22,0.0,0.0,-0.44,0.0,0.0,11.31,0.0,0.0,-4.42,0.0,0.0,20.63,0.0,0.0,-14.85,0.0,0.18201649783333332,,0.585244729,5772.93594,0.298918449,0.00978326288,183.98203,98.930765,83.6893775,96.5034747,99.99998999999998,100.0,False
2026-04-24 08:00:00,2.666,,135.0,123.14,126.02,87.47,87.47,,10.14652000000001,0.0,0.0,,5.1,321.35099999999994,0.0,0.0,0.0,0.0,6.01529,6.03,18.136099350000002,0.0,9.22,0.0,0.0,-0.44,0.0,0.0,11.31,0.0,0.0,-4.42,0.0,0.0,20.63,0.0,0.0,-14.85,0.0,5.883661466666666,,0.585244729,5772.93594,0.448035896,0.307764515,184.131612,98.930765,83.8107005,3035.83226,99.99998999999998,100.0,False
2026-04-24 08:30:00,0.783,,135.0,114.92,116.0,87.48,87.48,,2.8868400000000025,0.0,0.0,,4.2,243.60000000000002,-2.7,-155.14200000000002,0.0,0.0,5.88656,6.03,17.7479784,0.0,9.22,0.0,0.0,-0.44,0.0,0.0,11.31,0.0,0.0,-4.42,0.0,0.0,20.63,0.0,0.0,-14.85,0.0,5.012295766666667,,0.585244729,5772.93594,0.575069164,0.561271544,184.259043,98.930765,83.9348527,5536.46109,99.99998999999998,100.0,False
2026-04-24 09:00:00,0.0,,111.0,111.92,118.91,80.78,80.78,,0.0,0.0,0.0,,0.0,0.0,0.0,0.0,0.0,0.0,5.1402600000000005,6.03,15.497883900000001,0.0,9.22,0.0,0.0,-0.44,0.0,0.0,11.31,0.0,0.0,-4.42,0.0,0.0,20.63,0.0,0.0,-14.85,0.0,1.45518513,,0.585244729,5772.93594,0.611949853,0.635028265,184.296046,98.930765,83.9825398,6264.00771,99.99998999999998,100.0,False
2026-04-24 09:30:00,0.0,,111.0,101.27,91.6,101.89,101.89,,0.0,0.0,0.0,,0.0,0.0,0.0,0.0,0.0,0.0,3.85975,6.03,11.63714625,0.0,9.22,0.0,0.0,-0.44,0.0,0.0,11.31,0.0,0.0,-4.42,0.0,0.0,20.63,0.0,0.0,-14.85,0.0,-0.0049873889,,0.585244729,5772.93594,0.612076255,0.635059706,184.296249,98.930765,83.98742,6264.31785,99.99998999999998,100.0,False
2026-04-24 10:00:00,0.0,,101.0,89.94,90.19,80.79,80.79,,0.0,0.0,0.0,,0.0,0.0,0.0,0.0,0.0,0.0,2.0959899999999996,6.03,6.319409849999999,0.0,9.22,0.0,0.0,-0.44,0.0,0.0,11.31,0.0,0.0,-4.42,0.0,0.0,20.63,0.0,0.0,-14.85,0.0,-0.004923138933333334,,0.585244729,5772.93594,0.612201028,0.635083686,184.296502,98.930765,83.98738,6264.55439,99.99998999999998,100.0,False
2026-04-24 10:30:00,0.0,,101.0,89.94,96.08,80.79,80.79,,0.0,0.0,0.0,,0.0,0.0,0.0,0.0,0.0,0.0,0.83378,6.03,2.5138467,0.0,9.22,0.0,0.0,-0.44,0.0,0.0,11.31,0.0,0.0,-4.42,0.0,0.0,20.63,0.0,0.0,-14.85,0.0,-0.006079972233333334,,0.58528134,5773.29708,0.612355121,0.635083686,184.296756,98.930765,83.98732,6264.55439,99.99998999999998,100.0,False
2026-04-24 11:00:00,0.0,,86.25,91.97,91.0,120.0,120.0,,0.0,0.0,0.0,,0.0,0.0,0.0,0.0,0.0,0.0,0.5568099999999999,4.13,1.1498126499999999,0.0,0.72,0.0,0.0,3.8,0.0,0.0,4.22,0.0,0.0,2.54,0.0,0.0,14.06,0.0,0.0,-11.1,0.0,-0.005479916633333332,,0.585287919,5773.36197,0.612494005,0.635083686,184.29706,98.930765,83.98728,6264.55439,99.99998999999998,100.0,False
2026-04-24 11:30:00,0.339,,86.25,89.96,82.84,134.83,134.83,,45.707370000000004,0.0,0.0,,0.0,0.0,0.0,0.0,0.0,0.0,0.58751,4.13,1.2132081499999998,0.0,0.72,0.0,0.0,3.8,0.0,0.0,4.22,0.0,0.0,2.54,0.0,0.0,14.06,0.0,0.0,-11.1,0.0,-0.005411416666666666,,0.5852941,5773.42294,0.612631155,0.635094762,184.297212,98.930765,83.987232,6264.66365,99.99998999999998,100.0,False
2026-04-24 12:00:00,0.771,,75.0,89.96,81.8,120.0,120.0,,92.52,0.0,0.0,,0.0,0.0,0.0,0.0,0.0,0.0,1.5465799999999998,4.13,3.1936876999999995,0.0,0.72,0.0,0.0,3.8,0.0,0.0,4.22,0.0,0.0,2.54,0.0,0.0,14.06,0.0,0.0,-11.1,0.0,0.6056765865999999,,0.585294395,5773.42585,0.628168197,0.666018172,184.313077,98.930765,83.9923669,6569.69649,99.99998999999998,100.0,False
2026-04-24 12:30:00,-0.37,,75.0,89.96,80.0,78.1,78.1,,-28.897,0.0,0.0,,0.0,0.0,0.0,0.0,0.0,0.0,1.44749,4.13,2.98906685,0.0,0.72,0.0,0.0,3.8,0.0,0.0,4.22,0.0,0.0,2.54,0.0,0.0,14.06,0.0,0.0,-11.1,0.0,1.3769681133333334,,0.585294395,5773.42585,0.663066529,0.736049023,184.348103,98.930765,84.0326998,7260.49061,99.99998999999998,100.0,False
2026-04-24 13:00:00,-1.874,,72.17,88.0,78.17,74.1,74.1,,9.336599999999992,0.0,0.0,,0.0,0.0,-4.0,-176.0,0.0,0.0,0.032979999999999995,4.13,0.06810369999999999,0.0,0.72,0.0,0.0,3.8,0.0,0.0,4.22,0.0,0.0,2.54,0.0,0.0,14.06,0.0,0.0,-11.1,0.0,-0.7954824950333333,,0.625576937,6170.77849,0.683227498,0.73605923,184.368582,98.930765,84.0266031,7260.59129,99.99998999999998,100.0,False
2026-04-24 13:30:00,-1.455,,72.17,83.25,77.9,75.0,75.0,,-109.125,0.0,0.0,,-4.0,-155.8,4.0,166.5,0.0,0.0,0.00087,4.13,0.00179655,0.0,0.72,0.0,0.0,3.8,0.0,0.0,4.22,0.0,0.0,2.54,0.0,0.0,14.06,0.0,0.0,-11.1,0.0,-3.864596966666667,,0.822393007,8112.19976,0.781173112,0.73605923,184.466816,98.930765,83.9520919,7260.59129,99.99998999999998,100.0,False
2026-04-24 14:00:00,-1.925,,65.4,82.1,77.0,120.0,120.0,,8.999999999999995,0.0,0.0,,-4.0,-154.0,0.0,0.0,0.0,0.0,0.00632,4.13,0.0130508,0.0,0.72,0.0,0.0,3.8,0.0,0.0,4.22,0.0,0.0,2.54,0.0,0.0,14.06,0.0,0.0,-11.1,0.0,-3.0374312333333333,,0.977169443,9638.93619,0.858154765,0.73605923,184.544167,98.930765,83.8934444,7260.59129,99.99998999999998,100.0,False
2026-04-24 14:30:00,-1.91,,65.4,80.8,77.0,99.48,99.48,,8.953200000000008,0.0,0.0,,0.0,0.0,-4.0,-161.6,0.0,0.0,-0.00235,4.13,-0.00485275,0.0,0.72,0.0,0.0,3.8,0.0,0.0,4.22,0.0,0.0,2.54,0.0,0.0,14.06,0.0,0.0,-11.1,0.0,-3.9795656333333334,,1.17996221,11639.3124,0.95901418,0.73605923,184.645393,98.930765,83.8136981,7260.59129,99.99998999999998,100.0,False
2026-04-24 15:00:00,-0.313,,74.4,80.1,78.0,118.9,118.9,,-31.270699999999998,0.0,0.0,,-2.4,-93.6,2.3,92.11499999999998,0.0,0.0,7.4,8.44,31.227999999999998,0.0,1.49,0.0,0.0,6.25,0.0,0.0,3.36,0.0,0.0,2.96,0.0,0.0,16.57,0.0,0.0,-0.82,0.0,-3.9259594666666664,,1.37995183,13612.038,1.05851498,0.73605923,184.745249,98.930765,83.7341191,7260.59129,99.99998999999998,100.0,False
2026-04-24 15:30:00,-0.013,,74.4,81.1,80.0,79.0,79.0,,93.77300000000001,0.0,0.0,,0.0,0.0,-2.4,-97.32,0.0,0.0,0.03369,8.44,0.1421718,0.0,1.49,0.0,0.0,6.25,0.0,0.0,3.36,0.0,0.0,2.96,0.0,0.0,16.57,0.0,0.0,-0.82,0.0,-0.6414299776666667,,1.41219084,13930.0482,1.0747716,0.73605923,184.761621,98.930765,83.7094083,7260.59129,99.99998999999998,100.0,False
2026-04-24 16:00:00,-0.01,,82.46,83.86,87.0,150.0,150.0,,0.0,-1.5,0.0,,0.0,0.0,0.0,0.0,0.0,0.0,0.33962,8.44,1.4331964,0.0,1.49,0.0,0.0,6.25,0.0,0.0,3.36,0.0,0.0,2.96,0.0,0.0,16.57,0.0,0.0,-0.82,0.0,-0.03149794433333333,,1.41348738,13942.8374,1.07556989,0.73605923,184.762534,98.930765,83.708745,7260.59129,99.99998999999998,100.0,False
2026-04-24 16:30:00,-0.017,,82.46,89.9,89.1,92.63,92.63,,0.0,-1.57471,0.0,,0.0,0.0,0.0,0.0,0.0,0.0,1.1059100000000002,8.44,4.666940200000001,0.0,1.49,0.0,0.0,6.25,0.0,0.0,3.36,0.0,0.0,2.96,0.0,0.0,16.57,0.0,0.0,-0.82,0.0,-0.026631333300000004,,1.41455474,13953.366,1.07624485,0.736072748,184.763243,98.930765,83.708189,7260.72464,99.99998999999998,100.0,False
2026-04-24 17:00:00,0.048,,101.0,96.0,95.0,93.32,93.32,,0.0,4.47936,0.0,,0.0,0.0,0.0,0.0,0.0,0.0,1.9675,8.44,8.30285,0.0,1.49,0.0,0.0,6.25,0.0,0.0,3.36,0.0,0.0,2.96,0.0,0.0,16.57,0.0,0.0,-0.82,0.0,-0.03916311066666667,,1.41625402,13970.1279,1.07723741,0.736072748,184.76446,98.930765,83.7075416,7260.72464,99.99998999999998,100.0,False
2026-04-24 17:30:00,2.383,,101.0,100.0,101.02,94.28,94.28,,196.38524,0.0,0.0,,0.0,0.0,0.6,30.0,0.0,0.0,3.04249,8.44,12.839307799999998,0.0,1.49,0.0,0.0,6.25,0.0,0.0,3.36,0.0,0.0,2.96,0.0,0.0,16.57,0.0,0.0,-0.82,0.0,0.10869102776666666,,1.41625402,13970.1279,1.08015864,0.741986981,184.767603,98.930765,83.7075086,7319.06346,99.99998999999998,100.0,False
2026-04-24 18:00:00,3.214,,119.6,104.35,110.7,136.0,136.0,,69.90399999999997,0.0,0.0,,0.0,0.0,5.4,281.745,0.0,0.0,4.67412,8.44,19.7247864,0.0,1.49,0.0,0.0,6.25,0.0,0.0,3.36,0.0,0.0,2.96,0.0,0.0,16.57,0.0,0.0,-0.82,0.0,4.4867319666666665,,1.41625402,13970.1279,1.19387184,0.969948447,184.881804,98.930765,83.7969079,9567.70727,99.99998999999998,100.0,False
2026-04-24 18:30:00,2.425,,119.6,123.25,129.6,136.0,136.0,,-105.40000000000005,0.0,0.0,,0.0,0.0,6.4,394.40000000000003,0.0,0.0,6.07085,8.44,25.618986999999997,0.0,1.49,0.0,0.0,6.25,0.0,0.0,3.36,0.0,0.0,2.96,0.0,0.0,16.57,0.0,0.0,-0.82,0.0,6.044327466666666,,1.41625402,13970.1279,1.34706126,1.27761882,185.035644,98.930765,83.9330802,12602.6109,99.99998999999998,100.0,False
2026-04-24 19:00:00,0.02,,131.0,132.0,135.49,136.0,136.0,,0.0,2.72,0.0,,0.0,0.0,0.0,0.0,0.0,0.0,6.8136,9.04,30.797472,0.0,4.39,0.0,0.0,0.65,0.0,0.0,8.32,0.0,0.0,-3.02,0.0,0.0,26.42,0.0,0.0,-13.09,0.0,4.5807104999999995,,1.41625402,13970.1279,1.46315629,1.51084443,185.152279,98.930765,84.0690144,14903.181,99.99998999999998,100.0,False
2026-04-24 19:30:00,0.0,,131.0,138.51,140.0,129.0,129.0,,0.0,0.0,0.0,,0.0,0.0,0.0,0.0,0.0,0.0,7.10751,9.04,32.1259452,0.0,4.39,0.0,0.0,0.65,0.0,0.0,8.32,0.0,0.0,-3.02,0.0,0.0,26.42,0.0,0.0,-13.09,0.0,0.03327399953333333,,1.41625402,13970.1279,1.46417008,1.51284542,185.153445,98.930765,84.0708453,14922.919,99.99998999999998,100.0,False
2026-04-24 20:00:00,0.0,,131.7,132.0,135.0,129.0,129.0,,0.0,0.0,0.0,,0.0,0.0,0.0,0.0,0.0,0.0,7.28041,9.04,32.9074532,0.0,4.39,0.0,0.0,0.65,0.0,0.0,8.32,0.0,0.0,-3.02,0.0,0.0,26.42,0.0,0.0,-13.09,0.0,-0.005005583333333333,,1.41625402,13970.1279,1.46429694,1.51291243,185.153699,98.930765,84.0708102,14923.58,99.99998999999998,100.0,False
2026-04-24 20:30:00,0.0,,131.7,129.0,133.09,129.0,129.0,,0.0,0.0,0.0,,0.0,0.0,0.0,0.0,0.0,0.0,7.43791,9.04,33.61935319999999,0.0,4.39,0.0,0.0,0.65,0.0,0.0,8.32,0.0,0.0,-3.02,0.0,0.0,26.42,0.0,0.0,-13.09,0.0,-0.0050527778,,1.41625402,13970.1279,1.464425,1.51298179,185.153901,98.930765,84.0707703,14924.2642,99.99998999999998,100.0,False
2026-04-24 21:00:00,0.0,,124.0,125.13,125.1,129.0,129.0,,0.0,0.0,0.0,,0.0,0.0,0.0,0.0,0.0,0.0,7.390680000000001,9.04,33.4058736,0.0,4.39,0.0,0.0,0.65,0.0,0.0,8.32,0.0,0.0,-3.02,0.0,0.0,26.42,0.0,0.0,-13.09,0.0,-0.0050415556,,1.41625402,13970.1279,1.46455278,1.51304226,185.154104,98.930765,84.0707304,14924.8607,99.99998999999998,100.0,False
2026-04-24 21:30:00,0.0,,124.0,115.0,119.3,129.0,129.0,,0.0,0.0,0.0,,0.0,0.0,0.0,0.0,0.0,0.0,7.37692,9.04,33.343678399999995,0.0,4.39,0.0,0.0,0.65,0.0,0.0,8.32,0.0,0.0,-3.02,0.0,0.0,26.42,0.0,0.0,-13.09,0.0,-0.005019666666666666,,1.41625402,13970.1279,1.46467999,1.51310248,185.154256,98.930765,84.0706905,14925.4547,99.99998999999998,100.0,False
2026-04-24 22:00:00,-0.021,,112.1,115.16,117.7,96.2,96.2,,0.0,-2.0202,0.0,,0.0,0.0,0.0,0.0,0.0,0.0,7.44693,9.04,33.6601236,0.0,4.39,0.0,0.0,0.65,0.0,0.0,8.32,0.0,0.0,-3.02,0.0,0.0,26.42,0.0,0.0,-13.09,0.0,-0.004957861133333333,,1.41625402,13970.1279,1.46480564,1.51315503,185.15456,98.930765,84.0706387,14925.9731,99.99998999999998,100.0,False
2026-04-24 22:30:00,-0.919,,112.1,110.0,103.32,103.32,103.32,,-1.9630800000000017,0.0,0.0,,-1.8,-92.988,0.0,0.0,0.0,0.0,7.40547,9.04,33.4727244,0.0,4.39,0.0,0.0,0.65,0.0,0.0,8.32,0.0,0.0,-3.02,0.0,0.0,26.42,0.0,0.0,-13.09,0.0,-0.05756039003333333,,1.41895246,13996.7457,1.46626448,1.51318719,185.15603,98.930765,84.0705589,14926.2903,99.99998999999998,100.0,False
2026-04-24 23:00:00,0.0,,112.97,108.9,109.6,107.79,107.79,,0.0,0.0,0.0,,0.0,0.0,0.0,0.0,0.0,0.0,7.34016,1.6,5.872128,0.0,1.75,0.0,0.0,0.0,0.0,0.0,6.6,0.0,0.0,-2.66,0.0,0.0,16.7,0.0,0.0,-12.67,0.0,-1.7679137333333335,,1.50808558,14875.9673,1.51107106,1.51318719,185.201193,98.930765,84.0394788,14926.2903,99.99998999999998,100.0,False
2026-04-24 23:30:00,0.0,,112.97,110.23,105.28,103.9,103.9,,0.0,0.0,0.0,,0.0,0.0,0.0,0.0,0.0,0.0,7.317,1.6,5.8536,0.0,1.75,0.0,0.0,0.0,0.0,0.0,6.6,0.0,0.0,-2.66,0.0,0.0,16.7,0.0,0.0,-12.67,0.0,-0.005080055533333333,,1.50808558,14875.9673,1.51119981,1.51323174,185.201396,98.930765,84.034422,14926.7297,99.99998999999998,100.0,False
2026-04-25 00:00:00,0.0,,108.62,108.5,107.0,95.67,95.67,,0.0,0.0,0.0,,0.0,0.0,0.0,0.0,0.0,0.0,7.46979,1.6,5.9758320000000005,0.0,1.75,0.0,0.0,0.0,0.0,0.0,6.6,0.0,0.0,-2.66,0.0,0.0,16.7,0.0,0.0,-12.67,0.0,-0.0050157221999999994,,1.50808558,14875.9673,1.51132694,1.5132744,185.20165,98.930765,84.0343902,14927.1505,99.99998999999998,100.0,False
2026-04-25 00:30:00,0.0,,108.62,109.27,107.0,105.36,105.36,,0.0,0.0,0.0,,0.0,0.0,0.0,0.0,0.0,0.0,7.4974300000000005,1.6,5.997944,0.0,1.75,0.0,0.0,0.0,0.0,0.0,6.6,0.0,0.0,-2.66,0.0,0.0,16.7,0.0,0.0,-12.67,0.0,-0.0049772222,,0.0,0.0,0.000126144352,3.45463281e-05,185.201853,98.930765,84.0343503,0.340769817,99.99998999999998,100.0,False
2026-04-25 01:00:00,0.0,,104.8,103.8,104.5,113.07,113.07,,0.0,0.0,0.0,,0.0,0.0,0.0,0.0,0.0,0.0,7.48337,1.6,5.986696,0.0,1.75,0.0,0.0,0.0,0.0,0.0,6.6,0.0,0.0,-2.66,0.0,0.0,16.7,0.0,0.0,-12.67,0.0,-0.004957722233333334,,0.0,0.0,0.000251794491,6.77389592e-05,185.202106,98.930765,84.0343105,0.668186577,99.99998999999998,100.0,False
2026-04-25 01:30:00,0.0,,104.8,104.61,103.02,115.87,115.87,,0.0,0.0,0.0,,0.0,0.0,0.0,0.0,0.0,0.0,7.38966,1.6,5.911728,0.0,1.75,0.0,0.0,0.0,0.0,0.0,6.6,0.0,0.0,-2.66,0.0,0.0,16.7,0.0,0.0,-12.67,0.0,-0.005041277766666666,,0.0,0.0,0.000379562288,0.000105296409,185.202258,98.930765,84.0342626,1.03865852,99.99998999999998,100.0,False
2026-04-25 02:00:00,0.0,,100.2,107.1,103.06,88.88,88.88,,0.0,0.0,0.0,,0.0,0.0,0.0,0.0,0.0,0.0,7.27018,1.6,5.816144,0.0,1.75,0.0,0.0,0.0,0.0,0.0,6.6,0.0,0.0,-2.66,0.0,0.0,16.7,0.0,0.0,-12.67,0.0,-0.005059138833333333,,0.0,0.0,0.00050778276,0.000140213157,185.202511,98.930765,84.0342076,1.38308221,99.99998999999998,100.0,False
2026-04-25 02:30:00,0.0,,100.2,101.3,98.04,104.64,104.64,,0.0,0.0,0.0,,0.0,0.0,0.0,0.0,0.0,0.0,7.539470000000001,1.6,6.031576000000001,0.0,1.75,0.0,0.0,0.0,0.0,0.0,6.6,0.0,0.0,-2.66,0.0,0.0,16.7,0.0,0.0,-12.67,0.0,-0.0050355833,,0.0,0.0,0.00063540624,0.000169620657,185.202765,98.930765,84.0341558,1.67316191,99.99998999999998,100.0,False
2026-04-25 03:00:00,0.0,,95.58,96.3,97.05,86.0,86.0,,0.0,0.0,0.0,,0.0,0.0,0.0,0.0,0.0,0.0,7.427560000000001,1.91,7.093319800000001,0.0,1.02,0.0,0.0,1.54,0.0,0.0,4.77,0.0,0.0,-0.91,0.0,0.0,18.16,0.0,0.0,-10.12,0.0,-0.0050873611999999995,,0.0,0.0,0.00076434199,0.000201564851,185.202917,98.930765,84.034108,1.98826391,99.99998999999998,100.0,False
2026-04-25 03:30:00,0.0,,95.58,92.0,93.02,81.9,81.9,,0.0,0.0,0.0,,0.0,0.0,0.0,0.0,0.0,0.0,7.419449999999999,1.91,7.085574749999999,0.0,1.02,0.0,0.0,1.54,0.0,0.0,4.77,0.0,0.0,-0.91,0.0,0.0,18.16,0.0,0.0,-10.12,0.0,-0.005095194533333333,,0.0,0.0,0.00089347627,0.000232186176,185.20317,98.930765,84.0340729,2.29031695,99.99998999999998,100.0,False
2026-04-25 04:00:00,0.0,,92.0,91.3,92.0,106.62,106.62,,0.0,0.0,0.0,,0.0,0.0,0.0,0.0,0.0,0.0,7.308020000000001,1.91,6.9791591,0.0,1.02,0.0,0.0,1.54,0.0,0.0,4.77,0.0,0.0,-0.91,0.0,0.0,18.16,0.0,0.0,-10.12,0.0,-0.005143222233333334,,0.0,0.0,0.00102382778,0.000261526974,185.203373,98.930765,84.034033,2.57973869,99.99998999999998,100.0,False
2026-04-25 04:30:00,0.0,,92.0,91.0,91.95,87.44,87.44,,0.0,0.0,0.0,,0.0,0.0,0.0,0.0,0.0,0.0,7.54155,1.91,7.20218025,0.0,1.02,0.0,0.0,1.54,0.0,0.0,4.77,0.0,0.0,-0.91,0.0,0.0,18.16,0.0,0.0,-10.12,0.0,-0.0050469445,,0.0,0.0,0.0011517392,0.000294236851,185.203678,98.930765,84.0339932,2.90239349,99.99998999999998,100.0,False
2026-04-25 05:00:00,0.0,,93.82,92.0,95.8,88.46,88.46,,0.0,0.0,0.0,,0.0,0.0,0.0,0.0,0.0,0.0,7.42474,1.91,7.0906267,0.0,1.02,0.0,0.0,1.54,0.0,0.0,4.77,0.0,0.0,-0.91,0.0,0.0,18.16,0.0,0.0,-10.12,0.0,-0.005039222233333334,,0.0,0.0,0.0012794549,0.00032230944,185.203829,98.930765,84.0339613,3.17930544,99.99998999999998,100.0,False
2026-04-25 05:30:00,0.0,,93.82,91.74,93.0,93.21,93.21,,0.0,0.0,0.0,,0.0,0.0,0.0,0.0,0.0,0.0,7.23671,1.91,6.91105805,0.0,1.02,0.0,0.0,1.54,0.0,0.0,4.77,0.0,0.0,-0.91,0.0,0.0,18.16,0.0,0.0,-10.12,0.0,-0.0050808612333333334,,0.0,0.0,0.00140822591,0.000353181011,185.204032,98.930765,84.0339214,3.48382694,99.99998999999998,100.0,False
2026-04-25 06:00:00,0.0,,100.01,98.98,98.89,94.4,94.4,,0.0,0.0,0.0,,0.0,0.0,0.0,0.0,0.0,0.0,7.4056999999999995,1.91,7.072443499999999,0.0,1.02,0.0,0.0,1.54,0.0,0.0,4.77,0.0,0.0,-0.91,0.0,0.0,18.16,0.0,0.0,-10.12,0.0,-0.005042222166666666,,0.0,0.0,0.00153601765,0.000375174717,185.204235,98.930765,84.0338816,3.70077593,99.99998999999998,100.0,False
2026-04-25 06:30:00,0.0,,100.01,103.8,104.8,97.53,97.53,,0.0,0.0,0.0,,0.0,0.0,0.0,0.0,0.0,0.0,7.22224,1.91,6.8972392,0.0,1.02,0.0,0.0,1.54,0.0,0.0,4.77,0.0,0.0,-0.91,0.0,0.0,18.16,0.0,0.0,-10.12,0.0,-0.0049414444,,0.0,0.0,0.00166125524,0.000406287345,185.204437,98.930765,84.0338537,4.00767525,99.99998999999998,100.0,False
2026-04-25 07:00:00,0.0,,119.0,105.3,106.0,82.66,82.66,,0.0,0.0,0.0,,0.0,0.0,0.0,0.0,0.0,0.0,6.931520000000001,5.83,20.205380800000004,0.0,2.46,0.0,0.0,0.3,0.0,0.0,9.69,0.0,0.0,-5.06,0.0,0.0,16.56,0.0,0.0,-12.23,0.0,-0.0050091667000000005,,0.0,0.0,0.0017882092,0.000431612517,185.204742,98.930765,84.0338233,4.25748629,99.99998999999998,100.0,False
2026-04-25 07:30:00,0.0,,119.0,105.2,106.18,82.66,82.66,,0.0,0.0,0.0,,0.0,0.0,0.0,0.0,0.0,0.0,6.18387,5.83,18.02598105,0.0,2.46,0.0,0.0,0.3,0.0,0.0,9.69,0.0,0.0,-5.06,0.0,0.0,16.56,0.0,0.0,-12.23,0.0,-0.005016389,,0.0,0.0,0.0019153462,0.000461936635,185.204843,98.930765,84.0337954,4.55660764,99.99998999999998,100.0,False
2026-04-25 08:00:00,0.0,,117.4,104.47,106.0,82.25,82.25,,0.0,0.0,0.0,,0.0,0.0,0.0,0.0,0.0,0.0,5.214,5.83,15.198810000000002,0.0,2.46,0.0,0.0,0.3,0.0,0.0,9.69,0.0,0.0,-5.06,0.0,0.0,16.56,0.0,0.0,-12.23,0.0,-0.005042972166666666,,0.0,0.0,0.00204315695,0.000503979664,185.205147,98.930765,84.0337835,4.97132596,99.99998999999998,100.0,False
2026-04-25 08:30:00,0.0,,117.4,101.0,104.8,82.25,82.25,,0.0,0.0,0.0,,0.0,0.0,0.0,0.0,0.0,0.0,3.80365,5.83,11.087639750000001,0.0,2.46,0.0,0.0,0.3,0.0,0.0,9.69,0.0,0.0,-5.06,0.0,0.0,16.56,0.0,0.0,-12.23,0.0,-0.004989388866666666,,0.0,0.0,0.00216960965,0.000540204699,185.20535,98.930765,84.0337715,5.32865478,99.99998999999998,100.0,False
2026-04-25 09:00:00,0.0,,109.6,100.0,102.64,116.22,116.22,,0.0,0.0,0.0,,0.0,0.0,0.0,0.0,0.0,0.0,2.68039,5.83,7.813336850000001,0.0,2.46,0.0,0.0,0.3,0.0,0.0,9.69,0.0,0.0,-5.06,0.0,0.0,16.56,0.0,0.0,-12.23,0.0,-0.0049737223,,0.0,0.0,0.00229566531,0.000575342949,185.205502,98.930765,84.0337556,5.6752634,99.99998999999998,100.0,False
2026-04-25 09:30:00,0.0,,109.6,97.98,99.3,109.02,109.02,,0.0,0.0,0.0,,0.0,0.0,0.0,0.0,0.0,0.0,1.7214500000000001,5.83,5.018026750000001,0.0,2.46,0.0,0.0,0.3,0.0,0.0,9.69,0.0,0.0,-5.06,0.0,0.0,16.56,0.0,0.0,-12.23,0.0,-0.004937638866666667,,0.0,0.0,0.00242080644,0.00060778756,185.205806,98.930765,84.0337237,5.99530158,99.99998999999998,100.0,False
2026-04-25 10:00:00,0.0,,94.0,87.75,90.64,154.0,154.0,,0.0,0.0,0.0,,0.0,0.0,0.0,0.0,0.0,0.0,0.7978500000000001,5.83,2.3257327500000002,0.0,2.46,0.0,0.0,0.3,0.0,0.0,9.69,0.0,0.0,-5.06,0.0,0.0,16.56,0.0,0.0,-12.23,0.0,-0.004990249966666666,,0.0,0.0,0.00254728097,0.000648470504,185.206009,98.930765,84.0336759,6.39660384,99.99998999999998,100.0,False
2026-04-25 10:30:00,0.0,,94.0,90.97,92.15,154.0,154.0,,0.0,0.0,0.0,,0.0,0.0,0.0,0.0,0.0,0.0,0.46299,5.83,1.34961585,0.0,2.46,0.0,0.0,0.3,0.0,0.0,9.69,0.0,0.0,-5.06,0.0,0.0,16.56,0.0,0.0,-12.23,0.0,-0.0049777777999999995,,0.0,0.0,0.00267343942,0.00069237704,185.206313,98.930765,84.033636,6.82970406,99.99998999999998,100.0,False
2026-04-25 11:00:00,0.0,,82.0,81.98,79.0,125.0,125.0,,0.0,0.0,0.0,,0.0,0.0,0.0,0.0,0.0,0.0,0.87498,3.03,1.3255947,0.0,1.44,0.0,0.0,4.0,0.0,0.0,7.73,0.0,0.0,1.56,0.0,0.0,11.82,0.0,0.0,-3.29,0.0,-0.0049356111,,0.0,0.0,0.00279852915,0.000745472546,185.206516,98.930765,84.0335961,7.35344556,99.99998999999998,100.0,False
2026-04-25 11:30:00,0.0,,82.0,77.97,73.0,130.0,130.0,,0.0,0.0,0.0,,0.0,0.0,0.0,0.0,0.0,0.0,0.16935,3.03,0.25656524999999997,0.0,1.44,0.0,0.0,4.0,0.0,0.0,7.73,0.0,0.0,1.56,0.0,0.0,11.82,0.0,0.0,-3.29,0.0,-0.005053083333333334,,0.0,0.0,0.00292659616,0.000789576483,185.20682,98.930765,84.0335643,7.78849297,99.99998999999998,100.0,False
2026-04-25 12:00:00,0.0,,75.2,76.4,74.7,116.06,116.06,,0.0,0.0,0.0,,0.0,0.0,0.0,0.0,0.0,0.0,0.49489999999999995,3.03,0.7497734999999999,0.0,1.44,0.0,0.0,4.0,0.0,0.0,7.73,0.0,0.0,1.56,0.0,0.0,11.82,0.0,0.0,-3.29,0.0,-0.005495777766666667,,1.03547648e-05,0.10214085,0.00306588295,0.000825847398,185.207074,98.930765,84.0335244,8.14627435,99.99998999999998,100.0,False
2026-04-25 12:30:00,-0.026,,75.2,70.99,70.0,109.9,109.9,,0.0,-2.8574,0.0,,0.0,0.0,0.0,0.0,0.0,0.0,0.3593,3.03,0.5443395,0.0,1.44,0.0,0.0,4.0,0.0,0.0,7.73,0.0,0.0,1.56,0.0,0.0,11.82,0.0,0.0,-3.29,0.0,-0.005240527766666667,,1.03547648e-05,0.10214085,0.00319870061,0.000863509647,185.207327,98.930765,84.0334973,8.51778005,99.99998999999998,100.0,False
2026-04-25 13:00:00,-1.185,,68.87,62.93,65.3,109.9,109.9,,1.6484999999999894,0.0,0.0,,0.0,0.0,-2.4,-75.51599999999999,0.0,0.0,0.94808,3.03,1.4363412,0.0,1.44,0.0,0.0,4.0,0.0,0.0,7.73,0.0,0.0,1.56,0.0,0.0,11.82,0.0,0.0,-3.29,0.0,-0.07316378023333334,,0.00352951355,34.8156158,0.00505298745,0.000901096521,185.209455,98.930765,84.0334064,8.88854224,99.99998999999998,100.0,False
2026-04-25 13:30:00,-1.957,,68.87,59.53,61.0,130.0,130.0,,5.589999999999991,0.0,0.0,,0.0,0.0,-4.0,-119.06,0.0,0.0,0.12802000000000002,3.03,0.19395030000000002,0.0,1.44,0.0,0.0,4.0,0.0,0.0,7.73,0.0,0.0,1.56,0.0,0.0,11.82,0.0,0.0,-3.29,0.0,-2.4421982,,0.127416688,1256.85605,0.0669488595,0.000901096521,185.271549,98.930765,83.9922363,8.88854224,99.99998999999998,100.0,False
2026-04-25 14:00:00,-1.947,,65.73,56.4,60.28,130.0,130.0,,6.889999999999992,0.0,0.0,,0.0,0.0,-4.0,-112.8,0.0,0.0,0.037380000000000004,3.03,0.0566307,0.0,1.44,0.0,0.0,4.0,0.0,0.0,7.73,0.0,0.0,1.56,0.0,0.0,11.82,0.0,0.0,-3.29,0.0,-3.982427066666667,,0.330334878,3258.46948,0.167880798,0.000901096521,185.372825,98.930765,83.9170982,8.88854224,99.99998999999998,100.0,False
2026-04-25 14:30:00,-1.885,,65.73,59.08,63.26,73.12,73.12,,8.4088,0.0,0.0,,0.0,0.0,-4.0,-118.16,0.0,0.0,0.13524,3.03,0.20488859999999998,0.0,1.44,0.0,0.0,4.0,0.0,0.0,7.73,0.0,0.0,1.56,0.0,0.0,11.82,0.0,0.0,-3.29,0.0,-3.980272266666667,,0.533141693,5258.9843,0.268758124,0.000901096521,185.474101,98.930765,83.8376636,8.88854224,99.99998999999998,100.0,False
2026-04-25 15:00:00,0.0,,70.0,62.3,65.54,83.53,83.53,,0.0,0.0,0.0,,0.0,0.0,0.0,0.0,0.0,0.0,0.0013700000000000001,7.2,0.004932000000000001,0.0,1.11,0.0,0.0,7.25,0.0,0.0,6.88,0.0,0.0,7.5,0.0,0.0,15.82,0.0,0.0,-3.6,0.0,-3.856756733333333,,0.72964998,7197.36955,0.366505032,0.000901096521,185.572133,98.930765,83.7584346,8.88854224,99.99998999999998,100.0,False
2026-04-25 15:30:00,0.0,,70.0,70.56,66.2,40.0,40.0,,0.0,0.0,0.0,,0.0,0.0,0.0,0.0,0.0,0.0,0.56809,7.2,2.045124,0.0,1.11,0.0,0.0,7.25,0.0,0.0,6.88,0.0,0.0,7.5,0.0,0.0,15.82,0.0,0.0,-3.6,0.0,-0.0048963888333333335,,0.72964998,7197.36955,0.366629127,0.00096872977,185.572437,98.930765,83.747501,9.55568607,99.99998999999998,100.0,False
2026-04-25 16:00:00,0.0,,81.98,78.8,72.19,60.0,60.0,,0.0,0.0,0.0,,0.0,0.0,0.0,0.0,0.0,0.0,0.7760499999999999,7.2,2.79378,0.0,1.11,0.0,0.0,7.25,0.0,0.0,6.88,0.0,0.0,7.5,0.0,0.0,15.82,0.0,0.0,-3.6,0.0,-0.004897916633333333,,0.72964998,7197.36955,0.366753262,0.00102376031,185.57264,98.930765,83.7474709,10.098515,99.99998999999998,100.0,False
2026-04-25 16:30:00,0.0,,81.98,86.33,84.0,70.0,70.0,,0.0,0.0,0.0,,0.0,0.0,0.0,0.0,0.0,0.0,1.21628,7.2,4.378608,0.0,1.11,0.0,0.0,7.25,0.0,0.0,6.88,0.0,0.0,7.5,0.0,0.0,15.82,0.0,0.0,-3.6,0.0,-0.004918777766666667,,0.72964998,7197.36955,0.366877925,0.00107897563,185.572894,98.930765,83.7474313,10.6431667,99.99998999999998,100.0,False
2026-04-25 17:00:00,0.0,,100.2,90.97,90.64,82.25,82.25,,0.0,0.0,0.0,,0.0,0.0,0.0,0.0,0.0,0.0,2.1195999999999997,7.2,7.630559999999999,0.0,1.11,0.0,0.0,7.25,0.0,0.0,6.88,0.0,0.0,7.5,0.0,0.0,15.82,0.0,0.0,-3.6,0.0,-0.004902277666666666,,0.72964998,7197.36955,0.36700217,0.00111894975,185.573096,98.930765,83.7473965,11.037477,99.99998999999998,100.0,False
2026-04-25 17:30:00,0.0,,100.2,100.0,101.0,130.3,130.3,,0.0,0.0,0.0,,0.0,0.0,0.0,0.0,0.0,0.0,3.2327600000000003,7.2,11.637936000000002,0.0,1.11,0.0,0.0,7.25,0.0,0.0,6.88,0.0,0.0,7.5,0.0,0.0,15.82,0.0,0.0,-3.6,0.0,-0.0049138333,,0.72964998,7197.36955,0.367126707,0.00115759989,185.57335,98.930765,83.7473648,11.4187274,99.99998999999998,100.0,False
2026-04-25 18:00:00,0.0,,110.7,105.68,100.02,129.16,129.16,,0.0,0.0,0.0,,0.0,0.0,0.0,0.0,0.0,0.0,4.22576,7.2,15.212736000000001,0.0,1.11,0.0,0.0,7.25,0.0,0.0,6.88,0.0,0.0,7.5,0.0,0.0,15.82,0.0,0.0,-3.6,0.0,-0.0049437778,,0.72964998,7197.36955,0.367252004,0.00120426062,185.573502,98.930765,83.74733,11.8789954,99.99998999999998,100.0,False
2026-04-25 18:30:00,0.086,,110.7,120.67,115.0,129.29,129.29,,0.0,11.118939999999998,0.0,,0.0,0.0,0.0,0.0,0.0,0.0,5.354970000000001,7.2,19.277892,0.0,1.11,0.0,0.0,7.25,0.0,0.0,6.88,0.0,0.0,7.5,0.0,0.0,15.82,0.0,0.0,-3.6,0.0,-0.0049482222000000005,,0.72964998,7197.36955,0.367377414,0.00124971367,185.573857,98.930765,83.7472951,12.3273506,99.98289666666666,100.0,False
2026-04-25 19:00:00,3.511,,121.0,124.27,118.6,138.0,138.0,,1.5180000000000167,0.0,0.0,,0.0,0.0,7.0,434.945,0.0,0.0,6.29989,8.7,27.4045215,0.0,2.45,0.0,0.0,0.25,0.0,0.0,8.27,0.0,0.0,-2.21,0.0,0.0,21.29,0.0,0.0,-12.28,0.0,0.20096777776666666,,0.72964998,7197.36955,0.372639591,0.0118978631,185.579382,98.930765,83.7474776,117.362187,99.99998999999998,100.0,False
2026-04-25 19:30:00,0.0,,121.0,129.0,121.01,138.0,138.0,,0.0,0.0,0.0,,0.0,0.0,0.0,0.0,0.0,0.0,7.113359999999999,8.7,30.943115999999993,0.0,2.45,0.0,0.0,0.25,0.0,0.0,8.27,0.0,0.0,-2.21,0.0,0.0,21.29,0.0,0.0,-12.28,0.0,6.7347494333333335,,0.72964998,7197.36955,0.543327289,0.354664,185.750658,98.930765,83.8892796,3498.45535,99.99998999999998,100.0,False
2026-04-25 20:00:00,0.001,,124.27,130.0,120.7,103.0,103.0,,0.0,0.10300000000000001,0.0,,0.0,0.0,0.0,0.0,0.0,0.0,7.2734499999999995,8.7,31.639507499999997,0.0,2.45,0.0,0.0,0.25,0.0,0.0,8.27,0.0,0.0,-2.21,0.0,0.0,21.29,0.0,0.0,-12.28,0.0,-0.005021361166666667,,0.72964998,7197.36955,0.543454552,0.35471205,185.751013,98.930765,83.9119942,3498.92932,99.99998999999998,100.0,False
2026-04-25 20:30:00,0.097,,124.27,129.85,121.2,103.01,103.01,,4.841470000000019,0.0,0.0,,3.8,230.28,-3.7,-240.2225,0.0,0.0,7.22973,8.7,31.449325499999997,0.0,2.45,0.0,0.0,0.25,0.0,0.0,8.27,0.0,0.0,-2.21,0.0,0.0,21.29,0.0,0.0,-12.28,0.0,-0.0022884166666666665,,0.72964998,7197.36955,0.543566477,0.354910691,185.751216,98.930765,83.9119743,3500.88874,99.99998999999998,100.0,False
2026-04-25 21:00:00,1.942,,126.1,129.1,120.67,130.92,130.92,,5.498640000000004,0.0,0.0,,0.0,0.0,3.8,245.28999999999996,0.0,0.0,7.43474,8.7,32.341119,0.0,2.45,0.0,0.0,0.25,0.0,0.0,8.27,0.0,0.0,-2.21,0.0,0.0,21.29,0.0,0.0,-12.28,0.0,0.20548216733333333,,0.72964998,7197.36955,0.548774284,0.365833902,185.756539,98.930765,83.9135402,3608.63683,99.99998999999998,100.0,False
2026-04-25 21:30:00,0.0,,126.1,124.13,115.18,97.57,97.57,,0.0,0.0,0.0,,0.0,0.0,0.0,0.0,0.0,0.0,7.33237,8.7,31.8958095,0.0,2.45,0.0,0.0,0.25,0.0,0.0,8.27,0.0,0.0,-2.21,0.0,0.0,21.29,0.0,0.0,-12.28,0.0,3.6990477333333334,,0.72964998,7197.36955,0.642524163,0.55294422,185.850617,98.930765,83.9913753,5454.3192,99.99998999999998,100.0,False
2026-04-25 22:00:00,0.0,,114.0,120.77,117.5,126.91,126.91,,0.0,0.0,0.0,,0.0,0.0,0.0,0.0,0.0,0.0,7.4454899999999995,8.7,32.38788149999999,0.0,2.45,0.0,0.0,0.25,0.0,0.0,8.27,0.0,0.0,-2.21,0.0,0.0,21.29,0.0,0.0,-12.28,0.0,-0.005057250066666667,,0.72964998,7197.36955,0.642652335,0.552978178,185.850769,98.930765,84.0036977,5454.65416,99.99998999999998,100.0,False
2026-04-25 22:30:00,0.011,,114.0,107.58,106.0,91.55,91.55,,0.0,1.00705,0.0,,0.0,0.0,0.0,0.0,0.0,0.0,7.51162,8.7,32.675546999999995,0.0,2.45,0.0,0.0,0.25,0.0,0.0,8.27,0.0,0.0,-2.21,0.0,0.0,21.29,0.0,0.0,-12.28,0.0,-0.0050734722333333334,,0.72964998,7197.36955,0.642780919,0.553016353,185.851022,98.930765,84.003658,5455.03073,99.99998999999998,100.0,False
2026-04-25 23:00:00,0.465,,109.06,111.0,111.5,79.46,79.46,,1.191900000000001,0.0,0.0,,0.0,0.0,0.9,49.95,0.0,0.0,7.27541,1.7,6.1840985,0.0,1.76,0.0,0.0,0.01,0.0,0.0,6.69,0.0,0.0,-3.01,0.0,0.0,18.82,0.0,0.0,-13.22,0.0,0.022902971099999992,,0.72964998,7197.36955,0.643529415,0.554488845,185.851934,98.930765,84.0036467,5469.5556,99.99998999999998,100.0,False
2026-04-25 23:30:00,0.0,,109.06,106.5,104.0,77.58,77.58,,0.0,0.0,0.0,,0.0,0.0,0.0,0.0,0.0,0.0,7.4511199999999995,1.7,6.333451999999999,0.0,1.76,0.0,0.0,0.01,0.0,0.0,6.69,0.0,0.0,-3.01,0.0,0.0,18.82,0.0,0.0,-13.22,0.0,0.8736170666666666,,0.72964998,7197.36955,0.665670653,0.598991292,185.874187,98.930765,84.0220645,5908.53396,99.99998999999998,100.0,False
2026-04-26 00:00:00,0.0,,107.0,102.17,102.9,104.87,104.87,,0.0,0.0,0.0,,0.0,0.0,0.0,0.0,0.0,0.0,7.48859,1.7,6.3653015,0.0,1.76,0.0,0.0,0.01,0.0,0.0,6.69,0.0,0.0,-3.01,0.0,0.0,18.82,0.0,0.0,-13.22,0.0,-0.0049897223,,0.72964998,7197.36955,0.665797114,0.599016513,185.87439,98.930765,84.0250023,5908.78275,99.99998999999998,100.0,False
2026-04-26 00:30:00,0.0,,107.0,99.53,101.6,113.44,113.44,,0.0,0.0,0.0,,0.0,0.0,0.0,0.0,0.0,0.0,7.43753,1.7,6.3219005,0.0,1.76,0.0,0.0,0.01,0.0,0.0,6.69,0.0,0.0,-3.01,0.0,0.0,18.82,0.0,0.0,-13.22,0.0,-0.0050009166666666665,,0.0,0.0,0.000126744872,2.52679927e-05,185.874593,98.930765,84.0249626,0.249247018,99.99998999999998,100.0,False
2026-04-26 01:00:00,0.0,,103.39,99.2,103.39,109.54,109.54,,0.0,0.0,0.0,,0.0,0.0,0.0,0.0,0.0,0.0,7.33375,1.7,6.2336875,0.0,1.76,0.0,0.0,0.01,0.0,0.0,6.69,0.0,0.0,-3.01,0.0,0.0,18.82,0.0,0.0,-13.22,0.0,-0.004986444433333333,,0.0,0.0,0.000253122956,5.20146434e-05,185.874745,98.930765,84.0249229,0.513079725,99.99998999999998,100.0,False
2026-04-26 01:30:00,0.0,,103.39,99.5,103.2,79.45,79.45,,0.0,0.0,0.0,,0.0,0.0,0.0,0.0,0.0,0.0,7.4101300000000005,1.7,6.298610500000001,0.0,1.76,0.0,0.0,0.01,0.0,0.0,6.69,0.0,0.0,-3.01,0.0,0.0,18.82,0.0,0.0,-13.22,0.0,-0.005013833299999999,,0.0,0.0,0.000380195192,7.59887e-05,185.875048,98.930765,84.0248799,0.749563175,99.99998999999998,100.0,False
2026-04-26 02:00:00,0.0,,102.71,100.9,101.79,80.63,80.63,,0.0,0.0,0.0,,0.0,0.0,0.0,0.0,0.0,0.0,7.48371,1.7,6.3611535,0.0,1.76,0.0,0.0,0.01,0.0,0.0,6.69,0.0,0.0,-3.01,0.0,0.0,18.82,0.0,0.0,-13.22,0.0,-0.004980249966666667,,0.0,0.0,0.00050641628,9.43187769e-05,185.875149,98.930765,84.0248283,0.93037362,99.99998999999998,100.0,False
2026-04-26 02:30:00,0.0,,102.71,98.6,102.7,81.15,81.15,,0.0,0.0,0.0,,0.0,0.0,0.0,0.0,0.0,0.0,7.17775,1.7,6.101087499999999,0.0,1.76,0.0,0.0,0.01,0.0,0.0,6.69,0.0,0.0,-3.01,0.0,0.0,18.82,0.0,0.0,-13.22,0.0,-0.0049831944,,1.29643071e-06,0.012788174,0.000632711995,0.000101725983,185.875454,98.930765,84.0247861,1.00343934,99.99998999999998,100.0,False
2026-04-26 03:00:00,0.0,,100.0,100.0,102.3,89.14,89.14,,0.0,0.0,0.0,,0.0,0.0,0.0,0.0,0.0,0.0,7.425770000000001,1.98,7.3515123,0.0,1.25,0.0,0.0,1.25,0.0,0.0,5.17,0.0,0.0,-1.39,0.0,0.0,17.03,0.0,0.0,-10.12,0.0,-0.005030222333333333,,1.29643071e-06,0.012788174,0.0007601996,0.000120012439,185.875606,98.930765,84.0247432,1.1838195,99.99998999999998,100.0,False
2026-04-26 03:30:00,0.0,,100.0,96.84,98.85,81.15,81.15,,0.0,0.0,0.0,,0.0,0.0,0.0,0.0,0.0,0.0,7.51261,1.98,7.437483899999999,0.0,1.25,0.0,0.0,1.25,0.0,0.0,5.17,0.0,0.0,-1.39,0.0,0.0,17.03,0.0,0.0,-10.12,0.0,-0.004954861166666667,,1.29643071e-06,0.012788174,0.000885777225,0.000145475845,185.875859,98.930765,84.0246956,1.4349941,99.99998999999998,100.0,False
2026-04-26 04:00:00,0.0,,96.0,95.9,96.0,92.4,92.4,,0.0,0.0,0.0,,0.0,0.0,0.0,0.0,0.0,0.0,7.34782,1.98,7.274341799999999,0.0,1.25,0.0,0.0,1.25,0.0,0.0,5.17,0.0,0.0,-1.39,0.0,0.0,17.03,0.0,0.0,-10.12,0.0,-0.0050211389666666665,,1.38739704e-06,0.0136854786,0.00101303462,0.000156866049,185.876113,98.930765,84.0246367,1.54734867,99.99998999999998,100.0,False
2026-04-26 04:30:00,0.0,,96.0,95.9,92.9,92.9,92.9,,0.0,0.0,0.0,,0.0,0.0,0.0,0.0,0.0,0.0,7.08334,1.98,7.0125066,0.0,1.25,0.0,0.0,1.25,0.0,0.0,5.17,0.0,0.0,-1.39,0.0,0.0,17.03,0.0,0.0,-10.12,0.0,-0.0050104722,,1.38739704e-06,0.0136854786,0.00114002167,0.000175924927,185.876215,98.930765,84.0245985,1.73534811,99.99998999999998,100.0,False
2026-04-26 05:00:00,0.0,,94.99,98.71,97.5,96.95,96.95,,0.0,0.0,0.0,,0.0,0.0,0.0,0.0,0.0,0.0,7.4574,1.98,7.382826,0.0,1.25,0.0,0.0,1.25,0.0,0.0,5.17,0.0,0.0,-1.39,0.0,0.0,17.03,0.0,0.0,-10.12,0.0,-0.004986972199999999,,2.76302008e-06,0.0272548169,0.00126641313,0.000186031007,185.876569,98.930765,84.024539,1.8350359,99.99998999999998,100.0,False
2026-04-26 05:30:00,0.0,,94.99,98.55,95.8,96.39,96.39,,0.0,0.0,0.0,,0.0,0.0,0.0,0.0,0.0,0.0,7.44402,1.98,7.3695798,0.0,1.25,0.0,0.0,1.25,0.0,0.0,5.17,0.0,0.0,-1.39,0.0,0.0,17.03,0.0,0.0,-10.12,0.0,-0.005007333333333333,,2.76302008e-06,0.0272548169,0.00139332063,0.000198976429,185.87662,98.930765,84.0244993,1.96273135,99.99998999999998,100.0,False
2026-04-26 06:00:00,0.0,,93.34,98.99,99.82,120.0,120.0,,0.0,0.0,0.0,,0.0,0.0,0.0,0.0,0.0,0.0,7.21424,1.98,7.1420976000000005,0.0,1.25,0.0,0.0,1.25,0.0,0.0,5.17,0.0,0.0,-1.39,0.0,0.0,17.03,0.0,0.0,-10.12,0.0,-0.005004305566666666,,5.07637263e-06,0.0500740503,0.00152015139,0.000211117902,185.877026,98.930765,84.0244596,2.08249654,99.99998999999998,100.0,False
2026-04-26 06:30:00,0.0,,93.34,101.22,99.72,97.41,97.41,,0.0,0.0,0.0,,0.0,0.0,0.0,0.0,0.0,0.0,7.172689999999999,1.98,7.1009630999999995,0.0,1.25,0.0,0.0,1.25,0.0,0.0,5.17,0.0,0.0,-1.39,0.0,0.0,17.03,0.0,0.0,-10.12,0.0,-0.005050166666666667,,8.83950471e-06,0.087194112,0.00164814447,0.000224179358,185.877127,98.930765,84.0244198,2.21133657,99.99998999999998,100.0,False
2026-04-26 07:00:00,0.0,,103.0,101.8,95.51,81.83,81.83,,0.0,0.0,0.0,,0.0,0.0,0.0,0.0,0.0,0.0,6.7923100000000005,5.8,19.697699,0.0,2.56,0.0,0.0,0.3,0.0,0.0,8.35,0.0,0.0,-3.28,0.0,0.0,15.21,0.0,0.0,-5.86,0.0,-0.005015611033333333,,8.98732796e-06,0.0886522612,0.00177526176,0.000235779259,185.877431,98.930765,84.0243968,2.32575962,99.99998999999998,100.0,False
2026-04-26 07:30:00,0.0,,103.0,108.76,103.8,77.34,77.34,,0.0,0.0,0.0,,0.0,0.0,0.0,0.0,0.0,0.0,6.31058,5.8,18.300682,0.0,2.56,0.0,0.0,0.3,0.0,0.0,8.35,0.0,0.0,-3.28,0.0,0.0,15.21,0.0,0.0,-5.86,0.0,-0.005043972233333333,,8.98732796e-06,0.0886522612,0.00190309784,0.000258345622,185.877532,98.930765,84.0243571,2.54835738,99.99998999999998,100.0,False
2026-04-26 08:00:00,0.0,,102.2,112.0,105.6,93.38,93.38,,0.0,0.0,0.0,,0.0,0.0,0.0,0.0,0.0,0.0,5.51954,5.8,16.006666,0.0,2.56,0.0,0.0,0.3,0.0,0.0,8.35,0.0,0.0,-3.28,0.0,0.0,15.21,0.0,0.0,-5.86,0.0,-0.0049654444,,8.98732796e-06,0.0886522612,0.0020289437,0.00027978985,185.877684,98.930765,84.0243253,2.75988625,99.99998999999998,100.0,False
2026-04-26 08:30:00,0.0,,102.2,113.75,110.0,91.63,91.63,,0.0,0.0,0.0,,0.0,0.0,0.0,0.0,0.0,0.0,4.09225,5.8,11.867524999999999,0.0,2.56,0.0,0.0,0.3,0.0,0.0,8.35,0.0,0.0,-3.28,0.0,0.0,15.21,0.0,0.0,-5.86,0.0,-0.0049666943666666664,,8.98732796e-06,0.0886522612,0.00215482123,0.000297500144,185.877989,98.930765,84.0243173,2.93458307,99.99998999999998,100.0,False
2026-04-26 09:00:00,0.0,,100.0,111.55,105.1,94.52,94.52,,0.0,0.0,0.0,,0.0,0.0,0.0,0.0,0.0,0.0,2.8886999999999996,5.8,8.377229999999999,0.0,2.56,0.0,0.0,0.3,0.0,0.0,8.35,0.0,0.0,-3.28,0.0,0.0,15.21,0.0,0.0,-5.86,0.0,-0.004973249999999999,,8.98732796e-06,0.0886522612,0.00228086491,0.000321985901,185.878191,98.930765,84.0243054,3.17611401,99.99998999999998,100.0,False
2026-04-26 09:30:00,0.0,,100.0,105.3,102.0,77.65,77.65,,0.0,0.0,0.0,,0.0,0.0,0.0,0.0,0.0,0.0,2.75285,5.8,7.983264999999999,0.0,2.56,0.0,0.0,0.3,0.0,0.0,8.35,0.0,0.0,-3.28,0.0,0.0,15.21,0.0,0.0,-5.86,0.0,-0.004953944433333333,,8.98732796e-06,0.0886522612,0.00240641931,0.000344669509,185.878495,98.930765,84.0242856,3.39986829,99.99998999999998,100.0,False
2026-04-26 10:00:00,0.0,,94.74,100.17,100.48,73.9,73.9,,0.0,0.0,0.0,,0.0,0.0,0.0,0.0,0.0,0.0,1.76049,5.8,5.105421,0.0,2.56,0.0,0.0,0.3,0.0,0.0,8.35,0.0,0.0,-3.28,0.0,0.0,15.21,0.0,0.0,-5.86,0.0,-0.004935777733333333,,8.98732796e-06,0.0886522612,0.00253151328,0.00037033322,185.878698,98.930765,84.0242538,3.65301873,99.99998999999998,100.0,False
2026-04-26 10:30:00,-0.027,,94.74,90.18,90.48,73.67,73.67,,0.0,-1.98909,0.0,,0.0,0.0,0.0,0.0,0.0,0.0,1.2078900000000001,5.8,3.5028810000000004,0.0,2.56,0.0,0.0,0.3,0.0,0.0,8.35,0.0,0.0,-3.28,0.0,0.0,15.21,0.0,0.0,-5.86,0.0,-0.004912000033333333,,8.98732796e-06,0.0886522612,0.00265600462,0.000395636978,185.879002,98.930765,84.0242506,3.90261854,99.99998999999998,100.0,False
2026-04-26 11:00:00,-1.183,,83.3,86.0,84.0,68.54,68.54,,1.1651799999999934,0.0,0.0,,0.0,0.0,-2.4,-103.2,0.0,0.0,0.45036000000000004,3.4,0.7656120000000001,0.0,1.23,0.0,0.0,4.43,0.0,0.0,4.49,0.0,0.0,6.75,0.0,0.0,14.08,0.0,0.0,-6.52,0.0,-0.07477291866666667,,0.00360583691,35.5684801,0.004551074,0.000407158923,185.880928,98.930765,84.0241632,4.01627262,99.99998999999998,100.0,False
2026-04-26 11:30:00,-1.889,,83.3,85.0,83.23,84.0,84.0,,9.323999999999998,0.0,0.0,,0.0,0.0,-4.0,-170.0,0.0,0.0,0.17981,3.4,0.305677,0.0,1.23,0.0,0.0,4.43,0.0,0.0,4.49,0.0,0.0,6.75,0.0,0.0,14.08,0.0,0.0,-6.52,0.0,-2.4479653333333338,,0.12771913,1259.83938,0.0665931105,0.000407158923,185.943326,98.930765,83.9831701,4.01627262,99.99998999999998,100.0,False
2026-04-26 12:00:00,0.0,,77.5,81.0,83.5,101.5,101.5,,0.0,0.0,0.0,,0.0,0.0,0.0,0.0,0.0,0.0,0.00318,3.4,0.005406,0.0,1.23,0.0,0.0,4.43,0.0,0.0,4.49,0.0,0.0,6.75,0.0,0.0,14.08,0.0,0.0,-6.52,0.0,-3.8653481999999997,,0.324414992,3200.0749,0.164557764,0.000407158923,186.041611,98.930765,83.9082768,4.01627262,99.99998999999998,100.0,False
2026-04-26 12:30:00,0.0,,77.5,81.45,78.0,110.0,110.0,,0.0,0.0,0.0,,0.0,0.0,0.0,0.0,0.0,0.0,0.06273,3.4,0.10664099999999999,0.0,1.23,0.0,0.0,4.43,0.0,0.0,4.49,0.0,0.0,6.75,0.0,0.0,14.08,0.0,0.0,-6.52,0.0,-0.004894777833333333,,0.324414992,3200.0749,0.164681818,0.000437819668,186.041967,98.930765,83.8972691,4.3187145,99.99998999999998,100.0,False
2026-04-26 13:00:00,0.0,,75.09,80.0,78.0,114.0,114.0,,136.79999999999998,0.0,0.0,,-2.4,-93.6,0.0,0.0,0.0,0.0,0.0494,3.4,0.08398,0.0,1.23,0.0,0.0,4.43,0.0,0.0,4.49,0.0,0.0,6.75,0.0,0.0,14.08,0.0,0.0,-6.52,0.0,-0.004911583366666667,,0.324414992,3200.0749,0.164806299,0.00046146889,186.042169,98.930765,83.8972295,4.55199374,99.99998999999998,100.0,False
2026-04-26 13:30:00,-0.044,,75.09,79.36,78.0,107.22,107.22,,209.72232,0.0,0.0,,-4.0,-156.0,0.0,0.0,0.0,0.0,0.049640000000000004,3.4,0.084388,0.0,1.23,0.0,0.0,4.43,0.0,0.0,4.49,0.0,0.0,6.75,0.0,0.0,14.08,0.0,0.0,-6.52,0.0,-0.0049434167,,0.324414992,3200.0749,0.164931587,0.000479563198,186.042422,98.930765,83.8972018,4.73047852,99.99998999999998,100.0,False
2026-04-26 14:00:00,-1.948,,66.72,80.86,77.0,155.0,155.0,,318.06,0.0,0.0,,-4.0,-154.0,-4.0,-161.72,0.0,0.0,0.0975,3.4,0.16575,0.0,1.23,0.0,0.0,4.43,0.0,0.0,4.49,0.0,0.0,6.75,0.0,0.0,14.08,0.0,0.0,-6.52,0.0,-0.12105699999999998,,0.330432032,3259.42782,0.167999695,0.000487646886,186.045768,98.930765,83.8970712,4.81021715,99.99998999999998,100.0,False
2026-04-26 14:30:00,-1.906,,66.72,79.77,78.0,117.25,117.25,,245.52150000000003,0.0,0.0,,-4.0,-156.0,-4.0,-159.54,0.0,0.0,0.35797,3.4,0.608549,0.0,1.23,0.0,0.0,4.43,0.0,0.0,4.49,0.0,0.0,6.75,0.0,0.0,14.08,0.0,0.0,-6.52,0.0,-3.9775075666666666,,0.53314104,5258.97786,0.268806951,0.000487646886,186.146942,98.930765,83.8289633,4.81021715,99.99998999999998,100.0,False
2026-04-26 15:00:00,0.0,,83.0,85.0,80.0,120.0,120.0,,0.0,0.0,0.0,,0.0,0.0,0.0,0.0,0.0,0.0,0.00122,8.05,0.0049105,0.0,1.09,0.0,0.0,2.05,0.0,0.0,5.01,0.0,0.0,1.06,0.0,0.0,13.97,0.0,0.0,-5.06,0.0,-3.8618824000000003,,0.729818962,7199.03642,0.366683765,0.000487646886,186.245177,98.930765,83.7499929,4.81021715,99.99998999999998,100.0,False
2026-04-26 15:30:00,0.0,,83.0,85.0,82.0,115.0,115.0,,0.0,0.0,0.0,,0.0,0.0,0.0,0.0,0.0,0.0,0.09256,8.05,0.37255400000000005,0.0,1.09,0.0,0.0,2.05,0.0,0.0,5.01,0.0,0.0,1.06,0.0,0.0,13.97,0.0,0.0,-5.06,0.0,-0.004974138866666666,,0.729818962,7199.03642,0.366809832,0.000530666225,186.245329,98.930765,83.7390662,5.23456594,99.99998999999998,100.0,False
2026-04-26 16:00:00,0.0,,101.6,90.18,95.0,128.33,128.33,,0.0,0.0,0.0,,0.0,0.0,0.0,0.0,0.0,0.0,1.3083099999999999,8.05,5.26594775,0.0,1.09,0.0,0.0,2.05,0.0,0.0,5.01,0.0,0.0,1.06,0.0,0.0,13.97,0.0,0.0,-5.06,0.0,-0.004970777700000001,,0.729818962,7199.03642,0.366935813,0.000577608026,186.245684,98.930765,83.7390346,5.69760643,99.99998999999998,100.0,False
2026-04-26 16:30:00,0.0,,101.6,94.4,95.4,128.33,128.33,,0.0,0.0,0.0,,0.0,0.0,0.0,0.0,0.0,0.0,3.17035,8.05,12.760658750000001,0.0,1.09,0.0,0.0,2.05,0.0,0.0,5.01,0.0,0.0,1.06,0.0,0.0,13.97,0.0,0.0,-5.06,0.0,-0.004980861066666666,,0.729818962,7199.03642,0.367062049,0.000620271985,186.245836,98.930765,83.7389952,6.1184497,99.99998999999998,100.0,False
2026-04-26 17:00:00,0.0,,118.18,97.0,96.0,136.75,136.75,,0.0,0.0,0.0,,0.0,0.0,0.0,0.0,0.0,0.0,4.11875,8.05,16.577968750000004,0.0,1.09,0.0,0.0,2.05,0.0,0.0,5.01,0.0,0.0,1.06,0.0,0.0,13.97,0.0,0.0,-5.06,0.0,-0.004897333333333333,,0.729818962,7199.03642,0.367186169,0.000662668767,186.246191,98.930765,83.7389676,6.53665749,99.99998999999998,100.0,False
2026-04-26 17:30:00,0.0,,118.18,95.0,94.97,136.75,136.75,,0.0,0.0,0.0,,0.0,0.0,0.0,0.0,0.0,0.0,3.81151,8.05,15.341327750000001,0.0,1.09,0.0,0.0,2.05,0.0,0.0,5.01,0.0,0.0,1.06,0.0,0.0,13.97,0.0,0.0,-5.06,0.0,-0.0049514444,,0.729818962,7199.03642,0.36731166,0.000713384468,186.246292,98.930765,83.7389281,7.03692427,99.99998999999998,100.0,False
2026-04-26 18:00:00,0.0,,125.0,122.4,123.1,169.0,169.0,,0.0,0.0,0.0,,0.0,0.0,0.0,0.0,0.0,0.0,5.68088,8.05,22.865542,0.0,1.09,0.0,0.0,2.05,0.0,0.0,5.01,0.0,0.0,1.06,0.0,0.0,13.97,0.0,0.0,-5.06,0.0,-0.004955694433333334,,0.729818962,7199.03642,0.367437258,0.000761328374,186.246596,98.930765,83.7389052,7.50984967,99.99998999999998,100.0,False
2026-04-26 18:30:00,0.089,,125.0,126.0,123.96,136.75,136.75,,0.0,12.17075,0.0,,0.0,0.0,0.0,0.0,0.0,0.0,6.31825,8.05,25.43095625,0.0,1.09,0.0,0.0,2.05,0.0,0.0,5.01,0.0,0.0,1.06,0.0,0.0,13.97,0.0,0.0,-5.06,0.0,-0.005014361033333334,,0.729818962,7199.03642,0.367564344,0.000811521388,186.246749,98.930765,83.7388737,8.00496058,99.99998999999998,100.0,False
2026-04-26 19:00:00,3.51,,125.2,134.89,134.04,136.75,136.75,,1.3674999999999708,0.0,0.0,,0.0,0.0,7.0,472.11499999999995,0.0,0.0,6.51087,8.98,29.2338063,0.0,2.65,0.0,0.0,0.37,0.0,0.0,7.83,0.0,0.0,-3.02,0.0,0.0,23.73,0.0,0.0,-11.02,0.0,0.21312328,,0.729818962,7199.03642,0.373134558,0.0120798728,186.252527,98.930765,83.7390776,119.157556,99.99998999999998,100.0,False
2026-04-26 19:30:00,0.045,,125.2,135.1,135.1,136.75,136.75,,-253.67125,0.0,0.0,,3.8,256.69,0.0,0.0,0.0,0.0,7.1075,8.98,31.912675,0.0,2.65,0.0,0.0,0.37,0.0,0.0,7.83,0.0,0.0,-3.02,0.0,0.0,23.73,0.0,0.0,-11.02,0.0,6.757535766666667,,0.729818962,7199.03642,0.54439976,0.35595434,186.424412,98.930765,83.8811799,3511.18344,99.99998999999998,100.0,False
2026-04-26 20:00:00,1.93,,125.91,126.0,130.0,96.67,96.67,,2.900100000000003,0.0,0.0,,0.0,0.0,3.8,239.39999999999998,0.0,0.0,7.3106800000000005,8.98,32.8249532,0.0,2.65,0.0,0.0,0.37,0.0,0.0,7.83,0.0,0.0,-3.02,0.0,0.0,23.73,0.0,0.0,-11.02,0.0,0.10870216883333332,,0.729818962,7199.03642,0.547323471,0.361860891,186.427555,98.930765,83.903956,3569.44649,99.99998999999998,100.0,False
2026-04-26 20:30:00,0.0,,125.91,126.01,130.0,95.77,95.77,,0.0,0.0,0.0,,0.0,0.0,0.0,0.0,0.0,0.0,7.39437,8.98,33.200721300000005,0.0,2.65,0.0,0.0,0.37,0.0,0.0,7.83,0.0,0.0,-3.02,0.0,0.0,23.73,0.0,0.0,-11.02,0.0,3.715983666666667,,0.729818962,7199.03642,0.641502581,0.550055492,186.521937,98.930765,83.98154,5425.82438,99.99998999999998,100.0,False
2026-04-26 21:00:00,0.0,,121.35,124.57,127.6,94.82,94.82,,0.0,0.0,0.0,,0.0,0.0,0.0,0.0,0.0,0.0,7.42522,8.98,33.33923780000001,0.0,2.65,0.0,0.0,0.37,0.0,0.0,7.83,0.0,0.0,-3.02,0.0,0.0,23.73,0.0,0.0,-11.02,0.0,-0.005025055566666666,,0.729818962,7199.03642,0.641629937,0.550109216,186.522241,98.930765,83.9939815,5426.35432,99.99998999999998,100.0,False
2026-04-26 21:30:00,0.0,,121.35,117.54,117.17,88.92,88.92,,0.0,0.0,0.0,,0.0,0.0,0.0,0.0,0.0,0.0,7.51193,8.98,33.728565700000004,0.0,2.65,0.0,0.0,0.37,0.0,0.0,7.83,0.0,0.0,-3.02,0.0,0.0,23.73,0.0,0.0,-11.02,0.0,-0.0050369444,,0.729818962,7199.03642,0.641757595,0.550165762,186.522393,98.930765,83.9939696,5426.9121,99.99998999999998,100.0,False
2026-04-26 22:00:00,0.0,,109.06,112.7,115.0,88.77,88.77,,0.0,0.0,0.0,,0.0,0.0,0.0,0.0,0.0,0.0,7.29363,8.98,32.7483987,0.0,2.65,0.0,0.0,0.37,0.0,0.0,7.83,0.0,0.0,-3.02,0.0,0.0,23.73,0.0,0.0,-11.02,0.0,-0.0049919444333333335,,0.729818962,7199.03642,0.641884113,0.550219453,186.522647,98.930765,83.9939617,5427.44172,99.99998999999998,100.0,False
2026-04-26 22:30:00,0.0,,109.06,101.97,100.0,82.05,82.05,,0.0,0.0,0.0,,0.0,0.0,0.0,0.0,0.0,0.0,7.51189,8.98,33.7283861,0.0,2.65,0.0,0.0,0.37,0.0,0.0,7.83,0.0,0.0,-3.02,0.0,0.0,23.73,0.0,0.0,-11.02,0.0,-0.005051111,,0.729818962,7199.03642,0.64201213,0.550271447,186.522849,98.930765,83.9939538,5427.95459,99.99998999999998,100.0,False
2026-04-26 23:00:00,0.0,,99.0,104.76,101.23,82.1,82.1,,0.0,0.0,0.0,,0.0,0.0,0.0,0.0,0.0,0.0,7.45514,2.26,8.424308199999999,0.0,0.21,0.0,0.0,1.52,0.0,0.0,3.91,0.0,0.0,-1.14,0.0,0.0,15.78,0.0,0.0,-12.76,0.0,-0.004982916733333333,,0.729818962,7199.03642,0.642138418,0.550315627,186.523154,98.930765,83.9939301,5428.39039,99.99998999999998,100.0,False
2026-04-26 23:30:00,0.0,,99.0,97.6,99.1,116.17,116.17,,0.0,0.0,0.0,,0.0,0.0,0.0,0.0,0.0,0.0,7.50209,2.26,8.4773617,0.0,0.21,0.0,0.0,1.52,0.0,0.0,3.91,0.0,0.0,-1.14,0.0,0.0,15.78,0.0,0.0,-12.76,0.0,-0.0050248331999999995,,0.729818962,7199.03642,0.64226577,0.550361912,186.523305,98.930765,83.9938905,5428.84695,99.99998999999998,100.0,False
2026-04-27 00:00:00,0.0,,96.1,95.25,99.2,130.0,130.0,,0.0,0.0,0.0,,0.0,0.0,0.0,0.0,0.0,0.0,7.37206,2.26,8.330427799999999,0.0,0.21,0.0,0.0,1.52,0.0,0.0,3.91,0.0,0.0,-1.14,0.0,0.0,15.78,0.0,0.0,-12.76,0.0,-0.004989444433333333,,0.729818962,7199.03642,0.642392224,0.550402697,186.523559,98.930765,83.9938445,5429.24926,99.99998999999998,100.0,False
2026-04-27 00:30:00,0.0,,96.1,93.92,98.82,114.06,114.06,,0.0,0.0,0.0,,0.0,0.0,0.0,0.0,0.0,0.0,7.49787,2.26,8.4725931,0.0,0.21,0.0,0.0,1.52,0.0,0.0,3.91,0.0,0.0,-1.14,0.0,0.0,15.78,0.0,0.0,-12.76,0.0,-0.005042944333333333,,0.0,0.0,0.000127810035,4.09209429e-05,186.523813,98.930765,83.993805,0.40364991,99.99998999999998,100.0,False
2026-04-27 01:00:00,0.0,,95.3,96.1,97.6,82.1,82.1,,0.0,0.0,0.0,,0.0,0.0,0.0,0.0,0.0,0.0,7.436850000000001,2.26,8.4036405,0.0,0.21,0.0,0.0,1.52,0.0,0.0,3.91,0.0,0.0,-1.14,0.0,0.0,15.78,0.0,0.0,-12.76,0.0,-0.0049696665999999995,,0.0,0.0,0.000253762895,8.04727126e-05,186.523914,98.930765,83.9937535,0.793794103,99.99998999999998,100.0,False
2026-04-27 01:30:00,0.0,,95.3,95.7,98.25,82.2,82.2,,0.0,0.0,0.0,,0.0,0.0,0.0,0.0,0.0,0.0,7.43607,2.26,8.402759099999999,0.0,0.21,0.0,0.0,1.52,0.0,0.0,3.91,0.0,0.0,-1.14,0.0,0.0,15.78,0.0,0.0,-12.76,0.0,-0.005018555599999999,,0.0,0.0,0.000380954815,0.000114349996,186.524269,98.930765,83.9937021,1.12796437,99.99998999999998,100.0,False
2026-04-27 02:00:00,-0.047,,93.6,95.3,95.9,82.2,82.2,,0.0,-3.8634,0.0,,0.0,0.0,0.0,0.0,0.0,0.0,7.47921,2.26,8.4515073,0.0,0.21,0.0,0.0,1.52,0.0,0.0,3.91,0.0,0.0,-1.14,0.0,0.0,15.78,0.0,0.0,-12.76,0.0,-0.005044055566666666,,0.0,0.0,0.00050879301,0.000150845782,186.524421,98.930765,83.9936546,1.48796391,99.99998999999998,100.0,False
2026-04-27 02:30:00,-1.912,,93.6,94.42,92.5,82.1,82.1,,7.224800000000006,0.0,0.0,,-4.0,-185.0,0.0,0.0,0.0,0.0,7.47033,2.26,8.441472899999999,0.0,0.21,0.0,0.0,1.52,0.0,0.0,3.91,0.0,0.0,-1.14,0.0,0.0,15.78,0.0,0.0,-12.76,0.0,-0.12619494453333333,,0.00625849897,61.73471,0.00370711909,0.000175850189,186.527817,98.930765,83.9935162,1.73461088,99.99998999999998,100.0,False
2026-04-27 03:00:00,-0.049,,93.66,97.0,95.88,113.95,113.95,,0.0,-5.583550000000001,0.0,,0.0,0.0,0.0,0.0,0.0,0.0,7.35759,2,7.35759,0.0,3.68,0.0,0.0,0.65,0.0,0.0,7.57,0.0,0.0,-2.64,0.0,0.0,19.1,0.0,0.0,-11.7,0.0,-3.8559413333333334,,0.201841527,1990.99308,0.101433361,0.000175850189,186.62595,98.930765,83.9258007,1.73461088,99.99998999999998,100.0,False
2026-04-27 03:30:00,-1.905,,93.66,95.34,93.61,82.19,82.19,,7.808049999999998,0.0,0.0,,-4.0,-187.22,0.0,0.0,0.0,0.0,7.49664,2,7.49664,0.0,3.68,0.0,0.0,0.65,0.0,0.0,7.57,0.0,0.0,-2.64,0.0,0.0,19.1,0.0,0.0,-11.7,0.0,-0.1310008066,,0.20834423,2055.13665,0.104753489,0.000199660468,186.629346,98.930765,83.9147429,1.96947881,99.99998999999998,100.0,False
2026-04-27 04:00:00,-0.048,,95.0,101.0,98.2,118.44,118.44,,0.23688000000000514,0.0,0.0,,-2.4,-117.84,2.3,116.14999999999999,0.0,0.0,7.192069999999999,2,7.192069999999999,0.0,3.68,0.0,0.0,0.65,0.0,0.0,7.57,0.0,0.0,-2.64,0.0,0.0,19.1,0.0,0.0,-11.7,0.0,-3.837480166666667,,0.403003523,3975.28317,0.202011845,0.000199660468,186.727074,98.930765,83.8473652,1.96947881,99.99998999999998,100.0,False
2026-04-27 04:30:00,0.0,,95.0,101.0,101.55,82.19,82.19,,0.0,0.0,0.0,,-4.0,-203.1,4.0,202.0,0.0,0.0,7.5310299999999994,2,7.5310299999999994,0.0,3.68,0.0,0.0,0.65,0.0,0.0,7.57,0.0,0.0,-2.64,0.0,0.0,19.1,0.0,0.0,-11.7,0.0,-0.10398716633333333,,0.407996837,4024.53792,0.20464733,0.000199660468,186.72971,98.930765,83.8354373,1.96947881,99.99998999999998,100.0,False
2026-04-27 05:00:00,0.0,,106.0,113.53,117.4,139.0,139.0,,0.0,0.0,0.0,,0.0,0.0,0.0,0.0,0.0,0.0,7.468649999999999,2,7.468649999999999,0.0,3.68,0.0,0.0,0.65,0.0,0.0,7.57,0.0,0.0,-2.64,0.0,0.0,19.1,0.0,0.0,-11.7,0.0,-0.005011666666666667,,0.407996837,4024.53792,0.204774347,0.000234611433,186.729811,98.930765,83.8352418,2.31424002,99.99998999999998,100.0,False
2026-04-27 05:30:00,0.008,,106.0,123.4,126.52,130.0,130.0,,0.0,1.04,0.0,,0.0,0.0,0.0,0.0,0.0,0.0,7.50814,2,7.50814,0.0,3.68,0.0,0.0,0.65,0.0,0.0,7.57,0.0,0.0,-2.64,0.0,0.0,19.1,0.0,0.0,-11.7,0.0,-0.004983305600000001,,0.407996837,4024.53792,0.204900646,0.000278838504,186.730217,98.930765,83.8352102,2.75050204,99.99998999999998,100.0,False
2026-04-27 06:00:00,0.432,,124.85,123.4,123.7,93.25,93.25,,7.646499999999992,0.0,0.0,,5.4,333.99,-4.7,-289.99,0.0,0.0,7.38241,2,7.38241,0.0,3.68,0.0,0.0,0.65,0.0,0.0,7.57,0.0,0.0,-2.64,0.0,0.0,19.1,0.0,0.0,-11.7,0.0,0.015220305566666667,,0.407996837,4024.53792,0.205456156,0.00136899751,186.730825,98.930765,83.8351896,13.5039831,99.99998999999998,100.0,False
2026-04-27 06:30:00,3.468,,124.85,127.0,129.68,139.0,139.0,,-11.397999999999978,0.0,0.0,,7.1,460.364,0.0,0.0,0.0,0.0,7.03845,2,7.03845,0.0,3.68,0.0,0.0,0.65,0.0,0.0,7.57,0.0,0.0,-2.64,0.0,0.0,19.1,0.0,0.0,-11.7,0.0,0.8971042066666667,,0.407996837,4024.53792,0.228192659,0.0472366183,186.753787,98.930765,83.8496033,465.948616,99.99998999999998,100.0,False
2026-04-27 07:00:00,0.0,,123.6,125.0,126.6,89.52,89.52,,0.0,0.0,0.0,,0.0,0.0,0.0,0.0,0.0,0.0,7.06161,5.84,20.6199012,0.0,3.09,0.0,0.0,0.05,0.0,0.0,7.7,0.0,0.0,-2.49,0.0,0.0,17.6,0.0,0.0,-12.54,0.0,6.823782166666668,,0.407996837,4024.53792,0.401136832,0.393711751,186.927345,98.930765,83.9946035,3883.62783,99.99998999999998,100.0,False
2026-04-27 07:30:00,0.0,,123.6,125.67,129.95,82.92,82.92,,0.0,0.0,0.0,,0.0,0.0,0.0,0.0,0.0,0.0,6.54351,5.84,19.107049200000002,0.0,3.09,0.0,0.0,0.05,0.0,0.0,7.7,0.0,0.0,-2.49,0.0,0.0,17.6,0.0,0.0,-12.54,0.0,-0.005021416666666667,,0.407996837,4024.53792,0.401264097,0.393757784,186.927649,98.930765,84.0175996,3884.08191,99.99998999999998,100.0,False
2026-04-27 08:00:00,0.0,,118.0,125.12,128.69,82.25,82.25,,0.0,0.0,0.0,,0.0,0.0,0.0,0.0,0.0,0.0,5.46457,5.84,15.9565444,0.0,3.09,0.0,0.0,0.05,0.0,0.0,7.7,0.0,0.0,-2.49,0.0,0.0,17.6,0.0,0.0,-12.54,0.0,-0.00498425,,0.407996837,4024.53792,0.401390419,0.393802526,186.927902,98.930765,84.0175522,3884.52325,99.99998999999998,100.0,False
2026-04-27 08:30:00,0.0,,118.0,115.0,115.4,82.1,82.1,,0.0,0.0,0.0,,0.0,0.0,0.0,0.0,0.0,0.0,4.74777,5.84,13.8634884,0.0,3.09,0.0,0.0,0.05,0.0,0.0,7.7,0.0,0.0,-2.49,0.0,0.0,17.6,0.0,0.0,-12.54,0.0,-0.0049755832000000005,,0.407996837,4024.53792,0.401516523,0.393846607,186.928106,98.930765,84.0175048,3884.95807,99.99998999999998,100.0,False
2026-04-27 09:00:00,0.0,,102.0,106.0,109.0,82.21,82.21,,0.0,0.0,0.0,,0.0,0.0,0.0,0.0,0.0,0.0,3.8766700000000003,5.84,11.3198764,0.0,3.09,0.0,0.0,0.05,0.0,0.0,7.7,0.0,0.0,-2.49,0.0,0.0,17.6,0.0,0.0,-12.54,0.0,-0.004967194433333333,,0.407996837,4024.53792,0.401642412,0.393890368,186.928258,98.930765,84.0174463,3885.38973,99.99998999999998,100.0,False
2026-04-27 09:30:00,0.0,,102.0,91.8,94.0,82.21,82.21,,0.0,0.0,0.0,,0.0,0.0,0.0,0.0,0.0,0.0,4.11756,5.84,12.0232752,0.0,3.09,0.0,0.0,0.05,0.0,0.0,7.7,0.0,0.0,-2.49,0.0,0.0,17.6,0.0,0.0,-12.54,0.0,-0.0049470833,,0.407996837,4024.53792,0.401767792,0.39393112,186.928562,98.930765,84.0173989,3885.79172,99.99998999999998,100.0,False
2026-04-27 10:00:00,0.0,,94.0,86.84,90.15,82.21,82.21,,0.0,0.0,0.0,,0.0,0.0,0.0,0.0,0.0,0.0,2.11931,5.84,6.1883852,0.0,3.09,0.0,0.0,0.05,0.0,0.0,7.7,0.0,0.0,-2.49,0.0,0.0,17.6,0.0,0.0,-12.54,0.0,-0.0049549167,,0.407996837,4024.53792,0.401893371,0.393964646,186.928764,98.930765,84.0173515,3886.12242,99.99998999999998,100.0,False
2026-04-27 10:30:00,-0.292,,94.0,88.0,89.25,15.0,15.0,,-4.38,0.0,0.0,,0.0,0.0,0.0,0.0,0.0,0.0,0.9759,5.84,2.849628,0.0,3.09,0.0,0.0,0.05,0.0,0.0,7.7,0.0,0.0,-2.49,0.0,0.0,17.6,0.0,0.0,-12.54,0.0,-0.0049498056,,0.407996837,4024.53792,0.402018822,0.394002238,186.928967,98.930765,84.0173001,3886.49324,99.99998999999998,100.0,False
2026-04-27 11:00:00,-1.814,,85.0,88.02,89.96,15.0,15.0,,-27.21,0.0,0.0,,0.0,0.0,0.0,0.0,0.0,0.0,0.09834999999999999,4,0.19669999999999999,0.0,1.75,0.0,0.0,1.65,0.0,0.0,9.64,0.0,0.0,-6.1,0.0,0.0,15.03,0.0,0.0,-9.64,0.0,-0.6493877967,,0.440917828,4349.27518,0.418477119,0.394025109,186.945695,98.930765,84.0141451,3886.71884,99.99998999999998,100.0,False
2026-04-27 11:30:00,0.0,,85.0,86.35,87.56,80.21,80.21,,0.0,0.0,0.0,,0.0,0.0,0.0,0.0,0.0,0.0,0.00185,4,0.0037,0.0,1.75,0.0,0.0,1.65,0.0,0.0,9.64,0.0,0.0,-6.1,0.0,0.0,15.03,0.0,0.0,-9.64,0.0,-3.8579863333333333,,0.637275632,6286.17605,0.51625519,0.394025109,187.043827,98.930765,83.9388058,3886.71884,99.99998999999998,100.0,False
2026-04-27 12:00:00,0.0,,84.0,87.9,86.02,80.21,80.21,,0.0,0.0,0.0,,0.0,0.0,0.0,0.0,0.0,0.0,0.04969,4,0.09938,0.0,1.75,0.0,0.0,1.65,0.0,0.0,9.64,0.0,0.0,-6.1,0.0,0.0,15.03,0.0,0.0,-9.64,0.0,-0.0049124722,,0.637275632,6286.17605,0.516379694,0.394070839,187.04403,98.930765,83.9279245,3887.16993,99.99998999999998,100.0,False
2026-04-27 12:30:00,0.0,,84.0,86.28,85.0,80.21,80.21,,0.0,0.0,0.0,,0.0,0.0,0.0,0.0,0.0,0.0,0.06520999999999999,4,0.13041999999999998,0.0,1.75,0.0,0.0,1.65,0.0,0.0,9.64,0.0,0.0,-6.1,0.0,0.0,15.03,0.0,0.0,-9.64,0.0,-0.005922833433333333,,0.637317141,6286.5855,0.516529803,0.394092909,187.044385,98.930765,83.9278621,3887.38763,99.99998999999998,100.0,False
2026-04-27 13:00:00,-1.217,,85.0,86.91,85.5,-3.01,-3.01,,3.66317,0.0,0.0,,0.0,0.0,0.0,0.0,0.0,0.0,0.31891,4,0.63782,0.0,1.75,0.0,0.0,1.65,0.0,0.0,9.64,0.0,0.0,-6.1,0.0,0.0,15.03,0.0,0.0,-9.64,0.0,-0.004871027766666667,,0.637317141,6286.5855,0.516653257,0.394135573,187.044638,98.930765,83.9278231,3887.80847,99.99998999999998,100.0,False
2026-04-27 13:30:00,-0.029,,85.0,87.3,85.0,15.0,15.0,,0.0,-0.435,0.0,,0.0,0.0,0.0,0.0,0.0,0.0,1.03469,4,2.06938,0.0,1.75,0.0,0.0,1.65,0.0,0.0,9.64,0.0,0.0,-6.1,0.0,0.0,15.03,0.0,0.0,-9.64,0.0,-2.6461441733333335,,0.772090463,7616.00842,0.583718002,0.394135573,187.112105,98.930765,83.8863113,3887.80847,99.99998999999998,100.0,False
2026-04-27 14:00:00,-1.132,,80.65,87.0,85.0,15.0,15.0,,1.020000000000001,0.0,0.0,,0.0,0.0,-2.4,-104.39999999999999,0.0,0.0,1.28132,4,2.56264,0.0,1.75,0.0,0.0,1.65,0.0,0.0,9.64,0.0,0.0,-6.1,0.0,0.0,15.03,0.0,0.0,-9.64,0.0,-0.08145152706666665,,0.776030504,7654.87354,0.585782337,0.394174213,187.114234,98.930765,83.875272,3888.18962,99.99998999999998,100.0,False
2026-04-27 14:30:00,-1.872,,80.65,86.17,85.0,100.0,100.0,,12.79999999999999,0.0,0.0,,0.0,0.0,-4.0,-172.34,0.0,0.0,2.49443,4,4.98886,0.0,1.75,0.0,0.0,1.65,0.0,0.0,9.64,0.0,0.0,-6.1,0.0,0.0,15.03,0.0,0.0,-9.64,0.0,-2.4354737333333336,,0.899616912,8873.94717,0.647507781,0.394174213,187.176226,98.930765,83.8345861,3888.18962,99.99998999999998,100.0,False
2026-04-27 15:00:00,-0.404,,85.0,84.0,87.1,45.29,45.29,,72.28284000000001,0.0,0.0,,0.0,0.0,-4.0,-168.0,0.0,0.0,3.5836900000000003,8.12,14.5497814,0.0,1.46,0.0,0.0,2.69,0.0,0.0,4.55,0.0,0.0,3.52,0.0,0.0,17.09,0.0,0.0,-7.5,0.0,-3.9790393,,1.10238784,10874.108,0.748353861,0.394174213,187.277502,98.930765,83.7604124,3888.18962,99.99998999999998,100.0,False
2026-04-27 15:30:00,0.0,,85.0,87.5,86.66,104.0,104.0,80.32,2.421438694000244e-08,0.0,0.0,,-4.0,-173.32,0.0,0.0,3.9999999995343387,160.64,6.35248,8.12,25.791068799999998,0.0,1.46,0.0,0.0,2.69,0.0,0.0,4.55,0.0,0.0,3.52,0.0,0.0,17.09,0.0,0.0,-7.5,0.0,-0.8350423560333334,,1.14454397,11289.942,0.769517446,0.394193176,187.29869,98.930765,83.7309144,3888.37668,99.99998999999998,100.0,False
2026-04-27 16:00:00,0.0,,94.34,93.0,91.0,80.05,80.05,,0.0,0.0,0.0,,0.0,0.0,0.0,0.0,0.0,0.0,4.4129,8.12,17.916373999999998,0.0,1.46,0.0,0.0,2.69,0.0,0.0,4.55,0.0,0.0,3.52,0.0,0.0,17.09,0.0,0.0,-7.5,0.0,-0.0049405556,,1.14454397,11289.942,0.769642661,0.394247641,187.298944,98.930765,83.7308524,3888.91393,99.99998999999998,100.0,False
2026-04-27 16:30:00,0.0,,94.34,95.76,85.51,113.0,113.0,,0.0,0.0,0.0,,0.0,0.0,0.0,0.0,0.0,0.0,3.76092,8.12,15.269335199999999,0.0,1.46,0.0,0.0,2.69,0.0,0.0,4.55,0.0,0.0,3.52,0.0,0.0,17.09,0.0,0.0,-7.5,0.0,-0.0049487499666666665,,1.14454397,11289.942,0.769768086,0.394298078,187.299147,98.930765,83.7308029,3889.41144,99.99998999999998,100.0,False
2026-04-27 17:00:00,0.0,,108.4,109.35,114.0,115.24,115.24,,0.0,0.0,0.0,,0.0,0.0,0.0,0.0,0.0,0.0,4.94746,8.12,20.0866876,0.0,1.46,0.0,0.0,2.69,0.0,0.0,4.55,0.0,0.0,3.52,0.0,0.0,17.09,0.0,0.0,-7.5,0.0,-0.004969500066666667,,1.14454397,11289.942,0.769894036,0.394360438,187.299399,98.930765,83.7307675,3890.02657,99.99998999999998,100.0,False
2026-04-27 17:30:00,0.065,,108.4,114.0,118.0,140.0,140.0,,0.0,9.1,0.0,,0.0,0.0,0.0,0.0,0.0,0.0,5.5446800000000005,8.12,22.5114008,0.0,1.46,0.0,0.0,2.69,0.0,0.0,4.55,0.0,0.0,3.52,0.0,0.0,17.09,0.0,0.0,-7.5,0.0,-0.0050373611,,1.14454397,11289.942,0.770021701,0.394420778,187.299501,98.930765,83.7307218,3890.62177,99.99998999999998,100.0,False
2026-04-27 18:00:00,3.128,,132.6,133.71,138.4,147.28,147.28,,48.30784000000004,0.0,0.0,,5.6,387.52,0.0,0.0,0.0,0.0,5.73493,8.12,23.2838158,0.0,1.46,0.0,0.0,2.69,0.0,0.0,4.55,0.0,0.0,3.52,0.0,0.0,17.09,0.0,0.0,-7.5,0.0,0.16040608443333335,,1.14454397,11289.942,0.774256356,0.402999786,187.304113,98.930765,83.7308448,3975.24631,99.99998999999998,100.0,False
2026-04-27 18:30:00,3.449,,132.6,142.81,142.0,147.44,147.44,,-0.14744000000004923,0.0,0.0,,6.9,489.90000000000003,0.0,0.0,0.0,0.0,6.429930000000001,8.12,26.1055158,0.0,1.46,0.0,0.0,2.69,0.0,0.0,4.55,0.0,0.0,3.52,0.0,0.0,17.09,0.0,0.0,-7.5,0.0,6.183918166666667,,1.14454397,11289.942,0.930983606,0.717677543,187.461552,98.930765,83.8517686,7079.27176,99.99998999999998,100.0,False
2026-04-27 19:00:00,0.0,,147.53,141.09,140.44,147.03,147.03,,0.0,0.0,0.0,,0.0,0.0,0.0,0.0,0.0,0.0,7.07832,9.27,32.8080132,0.0,2.54,0.0,0.0,0.5,0.0,0.0,6.98,0.0,0.0,-1.26,0.0,0.0,24.78,0.0,0.0,-12.26,0.0,6.818873466666666,,1.14454397,11289.942,1.10380337,1.06455784,187.634958,98.930765,84.0181992,10500.9476,99.99998999999998,100.0,False
2026-04-27 19:30:00,0.0,,147.53,145.0,144.0,140.0,140.0,,0.0,0.0,0.0,,0.0,0.0,0.0,0.0,0.0,0.0,7.1138900000000005,9.27,32.97288015,0.0,2.54,0.0,0.0,0.5,0.0,0.0,6.98,0.0,0.0,-1.26,0.0,0.0,24.78,0.0,0.0,-12.26,0.0,-0.004980361133333333,,1.14454397,11289.942,1.10392959,1.06461772,187.635111,98.930765,84.0403487,10501.5382,99.99998999999998,100.0,False
2026-04-27 20:00:00,0.0,,130.2,126.8,127.12,87.8,87.8,,0.0,0.0,0.0,,0.0,0.0,0.0,0.0,0.0,0.0,7.38931,9.27,34.24945185,0.0,2.54,0.0,0.0,0.5,0.0,0.0,6.98,0.0,0.0,-1.26,0.0,0.0,24.78,0.0,0.0,-12.26,0.0,-0.0050482778,,1.14454397,11289.942,1.10405754,1.06467949,187.635364,98.930765,84.0403052,10502.1475,99.99998999999998,100.0,False
2026-04-27 20:30:00,0.0,,130.2,121.03,127.0,81.0,81.0,,0.0,0.0,0.0,,0.0,0.0,0.0,0.0,0.0,0.0,7.41139,9.27,34.35179265,0.0,2.54,0.0,0.0,0.5,0.0,0.0,6.98,0.0,0.0,-1.26,0.0,0.0,24.78,0.0,0.0,-12.26,0.0,-0.005033361033333334,,1.14454397,11289.942,1.10418511,1.06474093,187.635566,98.930765,84.0402609,10502.7536,99.99998999999998,100.0,False
2026-04-27 21:00:00,0.0,,116.1,118.29,121.81,80.5,80.5,,0.0,0.0,0.0,,0.0,0.0,0.0,0.0,0.0,0.0,7.40349,9.27,34.31517615,0.0,2.54,0.0,0.0,0.5,0.0,0.0,6.98,0.0,0.0,-1.26,0.0,0.0,24.78,0.0,0.0,-12.26,0.0,-0.005046888833333333,,1.14454397,11289.942,1.10431302,1.06479193,187.63582,98.930765,84.0402056,10503.2567,99.99998999999998,100.0,False
2026-04-27 21:30:00,0.0,,116.1,110.87,106.13,83.0,83.0,,0.0,0.0,0.0,,0.0,0.0,0.0,0.0,0.0,0.0,7.21856,9.27,33.4580256,0.0,2.54,0.0,0.0,0.5,0.0,0.0,6.98,0.0,0.0,-1.26,0.0,0.0,24.78,0.0,0.0,-12.26,0.0,-0.005050027733333333,,1.14454397,11289.942,1.104441,1.06484006,187.635972,98.930765,84.040148,10503.7314,99.99998999999998,100.0,False
2026-04-27 22:00:00,-0.021,,106.07,107.21,107.46,124.0,124.0,,0.0,-2.604,0.0,,0.0,0.0,0.0,0.0,0.0,0.0,7.46987,9.27,34.62284745,0.0,2.54,0.0,0.0,0.5,0.0,0.0,6.98,0.0,0.0,-1.26,0.0,0.0,24.78,0.0,0.0,-12.26,0.0,-0.0050344444333333335,,1.14454397,11289.942,1.1045686,1.0648892,187.636124,98.930765,84.0400998,10504.2162,99.99998999999998,100.0,False
2026-04-27 22:30:00,-0.866,,106.07,99.74,98.01,124.0,124.0,,4.216000000000004,0.0,0.0,,0.0,0.0,-1.8,-89.76599999999999,0.0,0.0,7.47011,9.27,34.62395985,0.0,2.54,0.0,0.0,0.5,0.0,0.0,6.98,0.0,0.0,-1.26,0.0,0.0,24.78,0.0,0.0,-12.26,0.0,-0.05878472106666668,,1.14730832,11317.2099,1.10605846,1.06491925,187.637848,98.930765,84.0399839,10504.5126,99.99998999999998,100.0,False
2026-04-27 23:00:00,0.0,,107.16,98.87,104.0,122.0,122.0,,0.0,0.0,0.0,,0.0,0.0,0.0,0.0,0.0,0.0,7.47402,0.6,2.242206,0.0,6.65,0.0,0.0,-4.82,0.0,0.0,9.77,0.0,0.0,-7.06,0.0,0.0,15.38,0.0,0.0,-11.95,0.0,-1.7699082099999999,,1.23663774,12198.3678,1.1509156,1.06491925,187.683063,98.930765,84.0092173,10504.5126,99.99998999999998,100.0,False
2026-04-27 23:30:00,0.0,,107.16,100.75,105.5,82.83,82.83,,0.0,0.0,0.0,,0.0,0.0,0.0,0.0,0.0,0.0,7.51166,0.6,2.253498,0.0,6.65,0.0,0.0,-4.82,0.0,0.0,9.77,0.0,0.0,-7.06,0.0,0.0,15.38,0.0,0.0,-11.95,0.0,-0.0050034167,,1.23663774,12198.3678,1.15104241,1.06495844,187.683163,98.930765,84.0041941,10504.8991,99.99998999999998,100.0,False
2026-04-28 00:00:00,0.0,,98.6,98.15,97.0,79.89,79.89,,0.0,0.0,0.0,,0.0,0.0,0.0,0.0,0.0,0.0,7.47004,0.6,2.241012,0.0,6.65,0.0,0.0,-4.82,0.0,0.0,9.77,0.0,0.0,-7.06,0.0,0.0,15.38,0.0,0.0,-11.95,0.0,-0.0049684166333333335,,1.23663774,12198.3678,1.15116832,1.06498732,187.683468,98.930765,84.0041123,10505.184,99.99998999999998,100.0,False
2026-04-28 00:30:00,0.0,,98.6,98.93,100.06,77.5,77.5,,0.0,0.0,0.0,,0.0,0.0,0.0,0.0,0.0,0.0,7.511819999999999,0.6,2.2535459999999996,0.0,6.65,0.0,0.0,-4.82,0.0,0.0,9.77,0.0,0.0,-7.06,0.0,0.0,15.38,0.0,0.0,-11.95,0.0,-0.004952749966666666,,0.0,0.0,0.00012552412,2.56271709e-05,187.683569,98.930765,84.0040555,0.252790002,99.99998999999998,100.0,False
2026-04-28 01:00:00,0.0,,95.26,93.54,91.67,78.24,78.24,,0.0,0.0,0.0,,0.0,0.0,0.0,0.0,0.0,0.0,7.50228,0.6,2.2506839999999997,0.0,6.65,0.0,0.0,-4.82,0.0,0.0,9.77,0.0,0.0,-7.06,0.0,0.0,15.38,0.0,0.0,-11.95,0.0,-0.0049789723,,0.0,0.0,0.000251712828,4.68420407e-05,187.683873,98.930765,84.0039736,0.462056447,99.99998999999998,100.0,False
2026-04-28 01:30:00,0.0,,95.26,93.9,90.01,80.41,80.41,,0.0,0.0,0.0,,0.0,0.0,0.0,0.0,0.0,0.0,7.34825,0.6,2.204475,0.0,6.65,0.0,0.0,-4.82,0.0,0.0,9.77,0.0,0.0,-7.06,0.0,0.0,15.38,0.0,0.0,-11.95,0.0,-0.004961555533333333,,0.0,0.0,0.000377460118,7.58391855e-05,187.684076,98.930765,84.0038901,0.748088343,99.99998999999998,100.0,False
2026-04-28 02:00:00,0.0,,93.5,96.0,94.01,73.17,73.17,,0.0,0.0,0.0,,0.0,0.0,0.0,0.0,0.0,0.0,7.4648699999999995,0.6,2.239461,0.0,6.65,0.0,0.0,-4.82,0.0,0.0,9.77,0.0,0.0,-7.06,0.0,0.0,15.38,0.0,0.0,-11.95,0.0,-0.0049490833000000005,,0.0,0.0,0.00050289131,0.000103898952,187.684279,98.930765,84.0038097,1.02487381,99.99998999999998,100.0,False
2026-04-28 02:30:00,0.0,,93.5,92.0,90.19,80.41,80.41,,0.0,0.0,0.0,,0.0,0.0,0.0,0.0,0.0,0.0,7.431229999999999,0.6,2.2293689999999997,0.0,6.65,0.0,0.0,-4.82,0.0,0.0,9.77,0.0,0.0,-7.06,0.0,0.0,15.38,0.0,0.0,-11.95,0.0,-0.0049844722,,1.56021812e-06,0.01539021,0.00062921941,0.000118635487,187.684582,98.930765,84.0037473,1.17023705,99.99998999999998,100.0,False
2026-04-28 03:00:00,0.0,,89.2,92.0,91.69,66.51,66.51,,0.0,0.0,0.0,,0.0,0.0,0.0,0.0,0.0,0.0,7.40338,0.8,2.961352,0.0,0.95,0.0,0.0,1.98,0.0,0.0,3.79,0.0,0.0,-0.58,0.0,0.0,16.28,0.0,0.0,-9.19,0.0,-0.005032611066666667,,1.56021812e-06,0.01539021,0.000756767555,0.000141080985,187.684734,98.930765,84.0036709,1.39164259,99.99998999999998,100.0,False
2026-04-28 03:30:00,-0.034,,89.2,90.05,91.23,65.21,65.21,,0.0,-2.21714,0.0,,0.0,0.0,0.0,0.0,0.0,0.0,7.285810000000001,0.8,2.9143240000000006,0.0,0.95,0.0,0.0,1.98,0.0,0.0,3.79,0.0,0.0,-0.58,0.0,0.0,16.28,0.0,0.0,-9.19,0.0,-0.004990027833333333,,1.56021812e-06,0.01539021,0.000883236455,0.000167412459,187.684937,98.930765,84.0036078,1.65137993,99.99998999999998,100.0,False
2026-04-28 04:00:00,-1.42,,88.2,90.6,93.97,65.21,65.21,,1.9563000000000015,0.0,0.0,,0.0,0.0,-2.9,-131.36999999999998,0.0,0.0,7.449739999999999,0.8,2.979896,0.0,0.95,0.0,0.0,1.98,0.0,0.0,3.79,0.0,0.0,-0.58,0.0,0.0,16.28,0.0,0.0,-9.19,0.0,-0.09486000443333333,,0.00463592267,45.7293902,0.00328739952,0.000184644138,187.687472,98.930765,84.0034613,1.82135563,99.99998999999998,100.0,False
2026-04-28 04:30:00,-1.857,,88.2,90.24,91.69,65.21,65.21,,9.32503,0.0,0.0,,0.0,0.0,-4.0,-180.48,0.0,0.0,7.14673,0.8,2.858692,0.0,0.95,0.0,0.0,1.98,0.0,0.0,3.79,0.0,0.0,-0.58,0.0,0.0,16.28,0.0,0.0,-9.19,0.0,-2.9474770666666665,,0.153928738,1518.37462,0.077989225,0.000184644138,187.762542,98.930765,83.954018,1.82135563,99.99998999999998,100.0,False
2026-04-28 05:00:00,0.0,,96.18,91.62,89.9,65.21,65.21,,0.0,0.0,0.0,,0.0,0.0,0.0,0.0,0.0,0.0,7.35053,0.8,2.9402120000000003,0.0,0.95,0.0,0.0,1.98,0.0,0.0,3.79,0.0,0.0,-0.58,0.0,0.0,16.28,0.0,0.0,-9.19,0.0,-3.8310752666666663,,0.348367396,3436.34477,0.175085254,0.000184644138,187.859915,98.930765,83.8791777,1.82135563,99.99998999999998,100.0,False
2026-04-28 05:30:00,0.0,,96.18,93.53,91.67,65.21,65.21,,0.0,0.0,0.0,,0.0,0.0,0.0,0.0,0.0,0.0,7.354010000000001,0.8,2.9416040000000003,0.0,0.95,0.0,0.0,1.98,0.0,0.0,3.79,0.0,0.0,-0.58,0.0,0.0,16.28,0.0,0.0,-9.19,0.0,-0.004988777766666667,,0.348367396,3436.34477,0.17521169,0.000209692011,187.860118,98.930765,83.8684643,2.06843135,99.99998999999998,100.0,False
2026-04-28 06:00:00,0.0,,107.9,96.0,93.3,69.43,69.43,,0.0,0.0,0.0,,0.0,0.0,0.0,0.0,0.0,0.0,7.22234,0.8,2.888936,0.0,0.95,0.0,0.0,1.98,0.0,0.0,3.79,0.0,0.0,-0.58,0.0,0.0,16.28,0.0,0.0,-9.19,0.0,-0.005012277866666667,,0.348367396,3436.34477,0.175338724,0.000232596664,187.860422,98.930765,83.8683976,2.29436606,99.99998999999998,100.0,False
2026-04-28 06:30:00,0.0,,107.9,113.23,113.13,71.56,71.56,,0.0,0.0,0.0,,0.0,0.0,0.0,0.0,0.0,0.0,7.40471,0.8,2.961884,0.0,0.95,0.0,0.0,1.98,0.0,0.0,3.79,0.0,0.0,-0.58,0.0,0.0,16.28,0.0,0.0,-9.19,0.0,-0.0050174166666666666,,0.348367396,3436.34477,0.175465887,0.00025627146,187.860523,98.930765,83.8683317,2.52789756,99.99998999999998,100.0,False
2026-04-28 07:00:00,0.0,,110.5,111.5,111.2,73.4,73.4,,0.0,0.0,0.0,,0.0,0.0,0.0,0.0,0.0,0.0,7.3663,3.5,12.891024999999999,0.0,5.76,0.0,0.0,-2.61,0.0,0.0,9.92,0.0,0.0,-4.45,0.0,0.0,15.36,0.0,0.0,-12.81,0.0,-0.005043388866666667,,0.348370598,3436.37635,0.175593708,0.000269097385,187.860726,98.930765,83.8682729,2.65441428,99.99998999999998,100.0,False
2026-04-28 07:30:00,0.068,,110.5,116.5,116.53,116.14,116.14,,0.0,7.897520000000001,0.0,,0.0,0.0,0.0,0.0,0.0,0.0,7.185359999999999,3.5,12.574379999999998,0.0,5.76,0.0,0.0,-2.61,0.0,0.0,9.92,0.0,0.0,-4.45,0.0,0.0,15.36,0.0,0.0,-12.81,0.0,-0.005030972166666667,,0.348370598,3436.37635,0.175721215,0.000287705549,187.860979,98.930765,83.8682141,2.83796781,99.99998999999998,100.0,False
2026-04-28 08:00:00,2.901,,115.0,117.93,115.1,132.0,132.0,,-13.068000000000026,0.0,0.0,,0.0,0.0,6.0,353.79,0.0,0.0,7.1313699999999995,3.5,12.4798975,0.0,5.76,0.0,0.0,-2.61,0.0,0.0,9.92,0.0,0.0,-4.45,0.0,0.0,15.36,0.0,0.0,-12.81,0.0,0.17161202890000002,,0.348370598,3436.37635,0.18024052,0.00937759575,187.865744,98.930765,83.8683258,92.5019173,99.99998999999998,100.0,False
2026-04-28 08:30:00,0.0,,115.0,116.0,112.94,132.0,132.0,,0.0,0.0,0.0,,0.0,0.0,0.0,0.0,0.0,0.0,6.5479899999999995,3.5,11.4589825,0.0,5.76,0.0,0.0,-2.61,0.0,0.0,9.92,0.0,0.0,-4.45,0.0,0.0,15.36,0.0,0.0,-12.81,0.0,5.811381233333333,,0.348370598,3436.37635,0.327526072,0.304049671,188.013451,98.930765,83.9890037,2999.18852,99.99998999999998,100.0,False
2026-04-28 09:00:00,0.0,,109.02,120.0,123.0,132.0,132.0,,0.0,0.0,0.0,,0.0,0.0,0.0,0.0,0.0,0.0,6.89474,3.5,12.065795,0.0,5.76,0.0,0.0,-2.61,0.0,0.0,9.92,0.0,0.0,-4.45,0.0,0.0,15.36,0.0,0.0,-12.81,0.0,-0.005074944433333333,,0.348370598,3436.37635,0.327654693,0.304071994,188.013654,98.930765,84.0081904,2999.40872,99.99998999999998,100.0,False
2026-04-28 09:30:00,0.0,,109.02,114.9,115.0,135.0,135.0,,0.0,0.0,0.0,,0.0,0.0,0.0,0.0,0.0,0.0,5.19268,3.5,9.08719,0.0,5.76,0.0,0.0,-2.61,0.0,0.0,9.92,0.0,0.0,-4.45,0.0,0.0,15.36,0.0,0.0,-12.81,0.0,-0.004989666733333333,,0.348370598,3436.37635,0.327781153,0.304088215,188.013856,98.930765,84.0081394,2999.56873,99.99998999999998,100.0,False
2026-04-28 10:00:00,0.0,,103.0,115.32,110.0,135.0,135.0,,0.0,0.0,0.0,,0.0,0.0,0.0,0.0,0.0,0.0,5.11929,3.5,8.9587575,0.0,5.76,0.0,0.0,-2.61,0.0,0.0,9.92,0.0,0.0,-4.45,0.0,0.0,15.36,0.0,0.0,-12.81,0.0,-0.0049685833,,0.348370598,3436.37635,0.327907079,0.304107571,188.01411,98.930765,84.0080773,2999.75966,99.99998999999998,100.0,False
2026-04-28 10:30:00,0.0,,103.0,114.22,112.0,135.0,135.0,,0.0,0.0,0.0,,0.0,0.0,0.0,0.0,0.0,0.0,4.07174,3.5,7.125545000000001,0.0,5.76,0.0,0.0,-2.61,0.0,0.0,9.92,0.0,0.0,-4.45,0.0,0.0,15.36,0.0,0.0,-12.81,0.0,-0.005262638833333333,,0.348376235,3436.43195,0.328040457,0.304118751,188.014363,98.930765,84.0080262,2999.86994,99.99998999999998,100.0,False
2026-04-28 11:00:00,0.0,,101.0,118.0,115.0,135.0,135.0,,0.0,0.0,0.0,,0.0,0.0,0.0,0.0,0.0,0.0,0.28034,1.5,0.21025499999999997,0.0,2.25,0.0,0.0,1.55,0.0,0.0,7.14,0.0,0.0,-1.12,0.0,0.0,15.63,0.0,0.0,-6.81,0.0,-0.007237222166666667,,0.34847393,3437.39563,0.328223879,0.304124891,188.014616,98.930765,84.0079641,2999.9305,99.99998999999998,100.0,False
2026-04-28 11:30:00,-0.001,,101.0,111.78,115.0,135.0,135.0,,0.0,-0.135,0.0,,0.0,0.0,0.0,0.0,0.0,0.0,0.7242999999999999,1.5,0.543225,0.0,2.25,0.0,0.0,1.55,0.0,0.0,7.14,0.0,0.0,-1.12,0.0,0.0,15.63,0.0,0.0,-6.81,0.0,-0.0071805278,,0.348559872,3438.24338,0.328405865,0.304124891,188.014972,98.930765,84.0078949,2999.9305,99.99998999999998,100.0,False
2026-04-28 12:00:00,0.0,,96.82,107.9,111.0,135.0,135.0,,0.0,0.0,0.0,,0.0,0.0,0.0,0.0,0.0,0.0,0.21903999999999998,1.5,0.16427999999999998,0.0,2.25,0.0,0.0,1.55,0.0,0.0,7.14,0.0,0.0,-1.12,0.0,0.0,15.63,0.0,0.0,-6.81,0.0,-0.008941027766666667,,0.348731159,3439.93297,0.328632469,0.304124891,188.015326,98.930765,84.0078326,2999.9305,99.99998999999998,100.0,False
2026-04-28 12:30:00,0.0,,96.82,102.32,108.37,135.0,135.0,,0.0,0.0,0.0,,0.0,0.0,0.0,0.0,0.0,0.0,0.71199,1.5,0.5339925,0.0,2.25,0.0,0.0,1.55,0.0,0.0,7.14,0.0,0.0,-1.12,0.0,0.0,15.63,0.0,0.0,-6.81,0.0,-0.006889527633333333,,0.348804054,3440.65202,0.328807079,0.30412661,188.015681,98.930765,84.0077846,2999.94746,99.99998999999998,100.0,False
2026-04-28 13:00:00,0.0,,83.69,94.4,94.43,135.0,135.0,,0.0,0.0,0.0,,0.0,0.0,0.0,0.0,0.0,0.0,0.62328,1.5,0.46746,0.0,2.25,0.0,0.0,1.55,0.0,0.0,7.14,0.0,0.0,-1.12,0.0,0.0,15.63,0.0,0.0,-6.81,0.0,-0.006496305566666666,,0.348852206,3441.127,0.328971725,0.30412661,188.015935,98.930765,84.0077528,2999.94746,99.99998999999998,100.0,False
2026-04-28 13:30:00,0.0,,83.69,82.95,83.61,120.0,120.0,,0.0,0.0,0.0,,0.0,0.0,0.0,0.0,0.0,0.0,0.04994,1.5,0.037455,0.0,2.25,0.0,0.0,1.55,0.0,0.0,7.14,0.0,0.0,-1.12,0.0,0.0,15.63,0.0,0.0,-6.81,0.0,-0.0049480555,,0.348852206,3441.127,0.329097129,0.304155903,188.016289,98.930765,84.0077767,3000.23641,99.99998999999998,100.0,False
2026-04-28 14:00:00,0.0,,76.0,78.65,81.0,120.0,120.0,,0.0,0.0,0.0,,0.0,0.0,0.0,0.0,0.0,0.0,0.05008,1.5,0.037559999999999996,0.0,2.25,0.0,0.0,1.55,0.0,0.0,7.14,0.0,0.0,-1.12,0.0,0.0,15.63,0.0,0.0,-6.81,0.0,-0.004953249966666667,,0.348852206,3441.127,0.329222666,0.304184114,188.016492,98.930765,84.0077889,3000.51469,99.99998999999998,100.0,False
2026-04-28 14:30:00,-0.045,,76.0,79.29,78.0,120.0,120.0,,0.0,-5.3999999999999995,0.0,,0.0,0.0,0.0,0.0,0.0,0.0,0.05046,1.5,0.037845,0.0,2.25,0.0,0.0,1.55,0.0,0.0,7.14,0.0,0.0,-1.12,0.0,0.0,15.63,0.0,0.0,-6.81,0.0,-0.004983861133333333,,0.348852206,3441.127,0.329348979,0.304214852,188.016846,98.930765,84.0078042,3000.81789,99.99998999999998,100.0,False
2026-04-28 15:00:00,-1.92,,75.4,78.2,78.18,114.0,114.0,,9.120000000000008,0.0,0.0,,0.0,0.0,-4.0,-156.4,0.0,0.0,0.048600000000000004,0.6,0.014580000000000001,0.0,1.6,0.0,0.0,3.85,0.0,0.0,7.0,0.0,0.0,1.68,0.0,0.0,14.69,0.0,0.0,-4.26,0.0,-0.12448788776666665,,0.355037676,3502.14134,0.332504041,0.304232996,188.020091,98.930765,84.0076736,3000.99687,99.99998999999998,100.0,False
2026-04-28 15:30:00,-1.9,,75.4,77.02,81.4,115.4,115.4,,11.540000000000012,0.0,0.0,,0.0,0.0,-4.0,-154.04,0.0,0.0,7.4,0.6,2.22,0.0,1.6,0.0,0.0,3.85,0.0,0.0,7.0,0.0,0.0,1.68,0.0,0.0,14.69,0.0,0.0,-4.26,0.0,-3.9853580999999996,,0.557943426,5503.63207,0.433510263,0.304232996,188.121519,98.930765,83.9399677,3000.99687,99.99998999999998,100.0,False
2026-04-28 16:00:00,-1.188,,84.7,80.41,80.3,83.81,83.81,,1.0057200000000008,0.0,0.0,,0.0,0.0,-2.4,-96.49199999999999,0.0,0.0,0.29047,0.6,0.087141,0.0,1.6,0.0,0.0,3.85,0.0,0.0,7.0,0.0,0.0,1.68,0.0,0.0,14.69,0.0,0.0,-4.26,0.0,-3.9209981333333332,,0.757507685,7472.16186,0.532885327,0.304232996,188.221325,98.930765,83.8617702,3000.99687,99.99998999999998,100.0,False
2026-04-28 16:30:00,-1.944,,84.7,91.32,94.42,77.0,77.0,,4.312000000000004,0.0,0.0,,0.0,0.0,-4.0,-182.64,0.0,0.0,1.08982,0.6,0.326946,0.0,1.6,0.0,0.0,3.85,0.0,0.0,7.0,0.0,0.0,1.68,0.0,0.0,14.69,0.0,0.0,-4.26,0.0,-2.4631603,,0.882386115,8703.98017,0.59531247,0.304232996,188.283926,98.930765,83.8103631,3000.99687,99.99998999999998,100.0,False
2026-04-28 17:00:00,-0.38,,93.0,97.0,96.9,81.0,81.0,,-30.78,0.0,0.0,,0.0,0.0,0.0,0.0,0.0,0.0,2.00204,0.6,0.600612,0.0,1.6,0.0,0.0,3.85,0.0,0.0,7.0,0.0,0.0,1.68,0.0,0.0,14.69,0.0,0.0,-4.26,0.0,-3.9882456000000004,,1.08539344,10706.4728,0.696391876,0.304232996,188.385404,98.930765,83.736387,3000.99687,99.99998999999998,100.0,False
2026-04-28 17:30:00,0.0,,93.0,105.87,112.0,85.0,85.0,,0.0,0.0,0.0,,0.0,0.0,0.0,0.0,0.0,0.0,3.00581,0.6,0.901743,0.0,1.6,0.0,0.0,3.85,0.0,0.0,7.0,0.0,0.0,1.68,0.0,0.0,14.69,0.0,0.0,-4.26,0.0,-0.7695268610666668,,1.12418599,11089.128,0.715895016,0.304258728,188.405021,98.930765,83.7083509,3001.25069,99.99998999999998,100.0,False
2026-04-28 18:00:00,0.0,,107.0,112.8,123.01,113.0,113.0,104.92,-4.735778302844551e-08,0.0,0.0,,0.0,0.0,7.2,406.08,-7.199999999161809,-377.71,4.1991499999999995,0.6,1.259745,0.0,1.6,0.0,0.0,3.85,0.0,0.0,7.0,0.0,0.0,1.68,0.0,0.0,14.69,0.0,0.0,-4.26,0.0,-0.004962361100000001,,1.12418599,11089.128,0.716020781,0.304291652,188.405172,98.930765,83.7083119,3001.57546,99.99998999999998,100.0,False
2026-04-28 18:30:00,0.0,,107.0,119.38,131.74,118.0,118.0,109.71,-4.9453260153597967e-08,0.0,0.0,,0.0,0.0,7.2,429.768,-7.199999999161809,-394.96,5.2414499999999995,0.6,1.5724349999999998,0.0,1.6,0.0,0.0,3.85,0.0,0.0,7.0,0.0,0.0,1.68,0.0,0.0,14.69,0.0,0.0,-4.26,0.0,-0.004968694466666666,,1.12418599,11089.128,0.716146711,0.304329568,188.405375,98.930765,83.7082697,3001.94946,99.99998999999998,100.0,False
2026-04-28 19:00:00,0.0,,115.0,118.46,124.1,100.0,100.0,,0.0,0.0,0.0,,0.0,0.0,0.0,0.0,0.0,0.0,6.36812,4,12.73624,0.0,5.61,0.0,0.0,0.32,0.0,0.0,7.81,0.0,0.0,-2.88,0.0,0.0,18.92,0.0,0.0,-9.89,0.0,-0.0049782500333333335,,1.12418599,11089.128,0.716272881,0.304363826,188.405578,98.930765,83.7082167,3002.28739,99.99998999999998,100.0,False
2026-04-28 19:30:00,0.0,,115.0,119.6,124.6,119.98,119.98,,0.0,0.0,0.0,,0.0,0.0,0.0,0.0,0.0,0.0,7.01156,4,14.02312,0.0,5.61,0.0,0.0,0.32,0.0,0.0,7.81,0.0,0.0,-2.88,0.0,0.0,18.92,0.0,0.0,-9.89,0.0,-0.005036416633333333,,1.12418599,11089.128,0.716400526,0.304394471,188.405781,98.930765,83.7081667,3002.58968,99.99998999999998,100.0,False
2026-04-28 20:00:00,0.0,,117.75,118.1,117.82,121.11,121.11,,0.0,0.0,0.0,,0.0,0.0,0.0,0.0,0.0,0.0,7.15533,4,14.31066,0.0,5.61,0.0,0.0,0.32,0.0,0.0,7.81,0.0,0.0,-2.88,0.0,0.0,18.92,0.0,0.0,-9.89,0.0,-0.005049055566666666,,1.12418599,11089.128,0.716528491,0.304429877,188.406035,98.930765,83.7081183,3002.93893,99.99998999999998,100.0,False
2026-04-28 20:30:00,0.033,,117.75,116.88,117.34,110.26,110.26,,0.0,3.63858,0.0,,0.0,0.0,0.0,0.0,0.0,0.0,7.45566,4,14.91132,0.0,5.61,0.0,0.0,0.32,0.0,0.0,7.81,0.0,0.0,-2.88,0.0,0.0,18.92,0.0,0.0,-9.89,0.0,-0.005028666633333334,,1.12418599,11089.128,0.716655936,0.304471154,188.406186,98.930765,83.7080684,3003.34609,99.99998999999998,100.0,False
2026-04-28 21:00:00,3.338,,111.9,121.53,134.0,99.81,99.81,,333.16578000000004,0.0,0.0,,0.0,0.0,0.0,0.0,0.0,0.0,7.49777,4,14.99554,0.0,5.61,0.0,0.0,0.32,0.0,0.0,7.81,0.0,0.0,-2.88,0.0,0.0,18.92,0.0,0.0,-9.89,0.0,0.07846541646666667,,1.12418599,11089.128,0.718813502,0.308942418,188.40867,98.930765,83.7080867,3047.45126,99.99998999999998,100.0,False
2026-04-28 21:30:00,3.478,,111.9,111.0,116.0,118.06,118.06,112.97,56.432680041232004,0.0,0.0,,0.0,0.0,0.0,0.0,5.999999999301508,338.91,7.469,4,14.938,0.0,5.61,0.0,0.0,0.32,0.0,0.0,7.81,0.0,0.0,-2.88,0.0,0.0,18.92,0.0,0.0,-9.89,0.0,6.921566266666666,,1.12418599,11089.128,0.894235948,0.660846753,188.584915,98.930765,83.8436475,6518.68489,99.99998999999998,100.0,False
2026-04-28 22:00:00,1.495,,94.0,108.0,115.0,94.62,94.62,,141.45690000000002,0.0,0.0,,0.0,0.0,0.0,0.0,0.0,0.0,7.53183,4,15.06366,0.0,5.61,0.0,0.0,0.32,0.0,0.0,7.81,0.0,0.0,-2.88,0.0,0.0,18.92,0.0,0.0,-9.89,0.0,7.185024233333333,,1.12418599,11089.128,1.07633556,1.02612825,188.767698,98.930765,84.0115383,10121.8727,99.99998999999998,100.0,False
2026-04-28 22:30:00,-0.862,,94.0,88.06,91.69,89.28,89.28,,3.392640000000003,0.0,0.0,,0.0,0.0,-1.8,-79.254,0.0,0.0,7.40846,4,14.81692,0.0,5.61,0.0,0.0,0.32,0.0,0.0,7.81,0.0,0.0,-2.88,0.0,0.0,18.92,0.0,0.0,-9.89,0.0,3.0238779766666664,,1.12669176,11113.8453,1.1555275,1.18223574,188.847228,98.930765,84.1113585,11661.7389,99.99998999999998,100.0,False
2026-04-28 23:00:00,0.0,,89.19,93.08,88.13,84.23,84.23,,0.0,0.0,0.0,,0.0,0.0,0.0,0.0,0.0,0.0,7.534020000000001,2.04,7.6847004000000005,0.0,0.21,0.0,0.0,1.36,0.0,0.0,3.5,0.0,0.0,-0.44,0.0,0.0,14.41,0.0,0.0,-8.59,0.0,-1.7589005866666667,,1.21539845,11988.8605,1.20010565,1.18223574,188.892037,98.930765,84.0810025,11661.7389,99.99998999999998,100.0,False
2026-04-28 23:30:00,-0.007,,89.19,82.75,78.0,96.83,96.83,,0.0,-0.67781,0.0,,0.0,0.0,0.0,0.0,0.0,0.0,7.5312399999999995,2.04,7.6818648,0.0,0.21,0.0,0.0,1.36,0.0,0.0,3.5,0.0,0.0,-0.44,0.0,0.0,14.41,0.0,0.0,-8.59,0.0,-0.005094916733333333,,1.21539845,11988.8605,1.20023478,1.18227537,188.892088,98.930765,84.0760784,11662.1298,99.99998999999998,100.0,False
2026-04-29 00:00:00,-0.348,,83.36,82.28,82.14,97.86,97.86,,-4.697279999999998,0.0,0.0,,0.0,0.0,-0.6,-24.684,0.0,0.0,7.51714,2.04,7.6674828,0.0,0.21,0.0,0.0,1.36,0.0,0.0,3.5,0.0,0.0,-0.44,0.0,0.0,14.41,0.0,0.0,-8.59,0.0,-0.024208111166666667,,1.21637379,11998.4814,1.20084832,1.18229857,188.892899,98.930765,84.0760016,11662.3586,99.99998999999998,100.0,False
2026-04-29 00:30:00,-2.0,,83.36,82.28,82.0,106.3,106.3,,0.0,-212.6,0.0,,0.0,0.0,-4.0,-164.56,0.0,0.0,7.402520000000001,2.04,7.550570400000001,0.0,0.21,0.0,0.0,1.36,0.0,0.0,3.5,0.0,0.0,-0.44,0.0,0.0,14.41,0.0,0.0,-8.59,0.0,-0.7125168199999999,,0.0358762203,353.88806,0.01805826,0.0,188.910995,98.930765,84.0657058,0.0,99.99998999999998,100.0,False
2026-04-29 01:00:00,-1.983,,81.7,84.19,83.48,136.0,136.0,,2.311999999999987,0.0,0.0,,0.0,0.0,-4.0,-168.38,0.0,0.0,7.24197,2.04,7.386809400000001,0.0,0.21,0.0,0.0,1.36,0.0,0.0,3.5,0.0,0.0,-0.44,0.0,0.0,14.41,0.0,0.0,-8.59,0.0,-3.9731813333333332,,0.237583305,2343.55498,0.118755871,0.0,189.012169,98.930765,83.9969276,0.0,99.99998999999998,100.0,False
2026-04-29 01:30:00,-1.961,,81.7,83.0,83.0,110.45,110.45,,4.307549999999992,0.0,0.0,,0.0,0.0,-4.0,-166.0,0.0,0.0,7.4723999999999995,2.04,7.621848,0.0,0.21,0.0,0.0,1.36,0.0,0.0,3.5,0.0,0.0,-0.44,0.0,0.0,14.41,0.0,0.0,-8.59,0.0,-3.9553294666666665,,0.438375721,4324.19948,0.219001038,0.0,189.112837,98.930765,83.9195747,0.0,99.99998999999998,100.0,False
2026-04-29 02:00:00,0.0,,80.97,81.4,81.49,109.17,109.17,,0.0,0.0,0.0,,0.0,0.0,0.0,0.0,0.0,0.0,7.38037,2.04,7.5279774,0.0,0.21,0.0,0.0,1.36,0.0,0.0,3.5,0.0,0.0,-0.44,0.0,0.0,14.41,0.0,0.0,-8.59,0.0,-3.838995966666667,,0.633153223,6245.51203,0.316297812,0.0,189.210464,98.930765,83.8423894,0.0,99.99998999999998,100.0,False
2026-04-29 02:30:00,0.0,,80.97,77.83,80.08,108.15,108.15,,0.0,0.0,0.0,,0.0,0.0,0.0,0.0,0.0,0.0,7.3635399999999995,2.04,7.5108108,0.0,0.21,0.0,0.0,1.36,0.0,0.0,3.5,0.0,0.0,-0.44,0.0,0.0,14.41,0.0,0.0,-8.59,0.0,-0.005061277800000001,,0.633153223,6245.51203,0.316426086,3.09765263e-05,189.210616,98.930765,83.8316821,0.305556792,99.99998999999998,100.0,False
2026-04-29 03:00:00,0.0,,82.0,80.0,83.0,99.7,99.7,,0.0,0.0,0.0,,0.0,0.0,0.0,0.0,0.0,0.0,7.40494,2,7.40494,0.0,2.31,0.0,0.0,1.33,0.0,0.0,7.28,0.0,0.0,-0.63,0.0,0.0,15.48,0.0,0.0,-9.29,0.0,-0.005042861066666667,,0.633153223,6245.51203,0.316553894,6.3913973e-05,189.210819,98.930765,83.8316306,0.630456378,99.99998999999998,100.0,False
2026-04-29 03:30:00,0.0,,82.0,79.19,82.67,96.53,96.53,,0.0,0.0,0.0,,0.0,0.0,0.0,0.0,0.0,0.0,7.13458,2,7.13458,0.0,2.31,0.0,0.0,1.33,0.0,0.0,7.28,0.0,0.0,-0.63,0.0,0.0,15.48,0.0,0.0,-9.29,0.0,-0.005039805566666667,,0.633153223,6245.51203,0.316681625,9.75905347e-05,189.211072,98.930765,83.8315652,0.962646697,99.99998999999998,100.0,False
2026-04-29 04:00:00,0.0,,85.0,81.8,82.01,95.02,95.02,,0.0,0.0,0.0,,0.0,0.0,0.0,0.0,0.0,0.0,7.45559,2,7.45559,0.0,2.31,0.0,0.0,1.33,0.0,0.0,7.28,0.0,0.0,-0.63,0.0,0.0,15.48,0.0,0.0,-9.29,0.0,-0.0049881111,,0.633153223,6245.51203,0.316808045,0.00012731574,189.211274,98.930765,83.8314966,1.25586028,99.99998999999998,100.0,False
2026-04-29 04:30:00,0.0,,85.0,79.36,82.85,95.56,95.56,,0.0,0.0,0.0,,0.0,0.0,0.0,0.0,0.0,0.0,7.51436,2,7.51436,0.0,2.31,0.0,0.0,1.33,0.0,0.0,7.28,0.0,0.0,-0.63,0.0,0.0,15.48,0.0,0.0,-9.29,0.0,-0.004983833399999999,,0.633153223,6245.51203,0.316934357,0.000155009269,189.211528,98.930765,83.8314514,1.52903313,99.99998999999998,100.0,False
2026-04-29 05:00:00,0.0,,95.66,96.42,98.43,125.0,125.0,,0.0,0.0,0.0,,0.0,0.0,0.0,0.0,0.0,0.0,7.4,2,7.4,0.0,2.31,0.0,0.0,1.33,0.0,0.0,7.28,0.0,0.0,-0.63,0.0,0.0,15.48,0.0,0.0,-9.29,0.0,-0.005021583333333334,,0.633153223,6245.51203,0.317061625,0.000186094597,189.21168,98.930765,83.831386,1.83566316,99.99998999999998,100.0,False
2026-04-29 05:30:00,0.0,,95.66,97.0,102.18,125.0,125.0,,0.0,0.0,0.0,,0.0,0.0,0.0,0.0,0.0,0.0,7.15607,2,7.15607,0.0,2.31,0.0,0.0,1.33,0.0,0.0,7.28,0.0,0.0,-0.63,0.0,0.0,15.48,0.0,0.0,-9.29,0.0,-0.004985055533333334,,0.633153223,6245.51203,0.317187968,0.000219020298,189.211933,98.930765,83.8313298,2.16044688,99.99998999999998,100.0,False
2026-04-29 06:00:00,0.0,,102.34,96.68,95.01,126.0,126.0,,0.0,0.0,0.0,,0.0,0.0,0.0,0.0,0.0,0.0,7.26207,2,7.26207,0.0,2.31,0.0,0.0,1.33,0.0,0.0,7.28,0.0,0.0,-0.63,0.0,0.0,15.48,0.0,0.0,-9.29,0.0,-0.0050201944,,0.633153223,6245.51203,0.317315202,0.00025081485,189.212136,98.930765,83.8312831,2.47407279,99.99998999999998,100.0,False
2026-04-29 06:30:00,0.071,,102.34,104.59,109.09,126.0,126.0,,0.0,8.946,0.0,,0.0,0.0,0.0,0.0,0.0,0.0,7.19221,2,7.19221,0.0,2.31,0.0,0.0,1.33,0.0,0.0,7.28,0.0,0.0,-0.63,0.0,0.0,15.48,0.0,0.0,-9.29,0.0,-0.005000666733333333,,0.633153223,6245.51203,0.31744194,0.000277244339,189.212338,98.930765,83.8312364,2.73477697,99.99998999999998,100.0,False
2026-04-29 07:00:00,3.256,,104.62,99.19,100.5,126.0,126.0,,13.355999999999984,0.0,0.0,,0.0,0.0,6.3,312.44849999999997,0.0,0.0,6.89753,6.15,21.20990475,0.0,6.53,0.0,0.0,0.0,0.0,0.0,12.56,0.0,0.0,-1.42,0.0,0.0,23.12,0.0,0.0,-5.54,0.0,0.17671422663333336,,0.633153223,6245.51203,0.322090692,0.00965016004,189.217205,98.930765,83.8313506,95.1905297,99.99998999999998,100.0,False
2026-04-29 07:30:00,2.76,,104.62,100.39,100.7,135.0,135.0,,8.099999999999948,0.0,0.0,,0.0,0.0,5.4,271.053,0.0,0.0,6.4158100000000005,6.15,19.728615750000003,0.0,6.53,0.0,0.0,0.0,0.0,0.0,12.56,0.0,0.0,-1.42,0.0,0.0,23.12,0.0,0.0,-5.54,0.0,6.264908033333334,,0.633153223,6245.51203,0.480870576,0.327874134,189.376621,98.930765,83.9572753,3234.19636,99.99998999999998,100.0,False
2026-04-29 08:00:00,0.361,,93.33,97.97,102.0,125.0,125.0,,1.3750000000000013,0.0,0.0,,0.0,0.0,0.7,34.2895,0.0,0.0,5.48318,6.15,16.860778500000002,0.0,6.53,0.0,0.0,0.0,0.0,0.0,12.56,0.0,0.0,-1.42,0.0,0.0,23.12,0.0,0.0,-5.54,0.0,5.254130466666667,,0.633153223,6245.51203,0.614032982,0.594289918,189.510134,98.930765,84.0855108,5862.15895,99.99998999999998,100.0,False
2026-04-29 08:30:00,0.0,,93.33,90.34,92.4,65.32,65.32,,0.0,0.0,0.0,,0.0,0.0,0.0,0.0,0.0,0.0,3.99016,6.15,12.269742,0.0,6.53,0.0,0.0,0.0,0.0,0.0,12.56,0.0,0.0,-1.42,0.0,0.0,23.12,0.0,0.0,-5.54,0.0,0.6728868433333334,,0.633153223,6245.51203,0.631086847,0.628693008,189.527267,98.930765,84.1167687,6201.51585,99.99998999999998,100.0,False
2026-04-29 09:00:00,0.0,,69.0,85.0,85.0,32.0,32.0,,0.0,0.0,0.0,,0.0,0.0,0.0,0.0,0.0,0.0,2.80002,6.15,8.6100615,0.0,6.53,0.0,0.0,0.0,0.0,0.0,12.56,0.0,0.0,-1.42,0.0,0.0,23.12,0.0,0.0,-5.54,0.0,-0.0048876944999999995,,0.633153223,6245.51203,0.631210722,0.628726819,189.52747,98.930765,84.1189645,6201.84936,99.99998999999998,100.0,False
2026-04-29 09:30:00,0.0,,69.0,60.94,57.0,119.0,119.0,,0.0,0.0,0.0,,0.0,0.0,0.0,0.0,0.0,0.0,1.72117,6.15,5.2925977500000005,0.0,6.53,0.0,0.0,0.0,0.0,0.0,12.56,0.0,0.0,-1.42,0.0,0.0,23.12,0.0,0.0,-5.54,0.0,-0.0048792222,,0.633153223,6245.51203,0.631334383,0.628749658,189.527774,98.930765,84.1189254,6202.07465,99.99998999999998,100.0,False
2026-04-29 10:00:00,-0.04,,31.97,38.0,34.06,120.0,120.0,,0.0,-4.8,0.0,,0.0,0.0,0.0,0.0,0.0,0.0,0.84769,6.15,2.6066467500000003,0.0,6.53,0.0,0.0,0.0,0.0,0.0,12.56,0.0,0.0,-1.42,0.0,0.0,23.12,0.0,0.0,-5.54,0.0,-0.004995888833333333,,0.633153223,6245.51203,0.631461,0.628780032,189.527977,98.930765,84.1188597,6202.37426,99.99998999999998,100.0,False
2026-04-29 10:30:00,0.0,,31.97,13.0,10.0,126.0,126.0,,0.0,0.0,0.0,,0.0,0.0,0.0,0.0,0.0,0.0,0.07823000000000001,6.15,0.24055725000000003,0.0,6.53,0.0,0.0,0.0,0.0,0.0,12.56,0.0,0.0,-1.42,0.0,0.0,23.12,0.0,0.0,-5.54,0.0,-0.087557889,,0.637335478,6286.76638,0.633680096,0.628780032,189.530258,98.930765,84.117774,6202.37426,99.99998999999998,100.0,False
2026-04-29 11:00:00,0.0,,7.49,9.95,12.5,120.0,120.0,,0.0,0.0,0.0,,0.0,0.0,0.0,0.0,0.0,0.0,0.04961,3.62,0.0897941,0.0,1.25,0.0,0.0,8.03,0.0,0.0,1.71,0.0,0.0,7.99,0.0,0.0,12.5,0.0,0.0,3.05,0.0,-0.004897416666666667,,0.637335478,6286.76638,0.633804218,0.628804751,189.530562,98.930765,84.1175318,6202.6181,99.99998999999998,100.0,False
2026-04-29 11:30:00,0.0,,7.49,-1.2,8.08,120.0,120.0,,0.0,0.0,0.0,,0.0,0.0,0.0,0.0,0.0,0.0,0.04864,3.62,0.0880384,0.0,1.25,0.0,0.0,8.03,0.0,0.0,1.71,0.0,0.0,7.99,0.0,0.0,12.5,0.0,0.0,3.05,0.0,-0.0048959723,,0.637335478,6286.76638,0.633928304,0.628819224,189.530765,98.930765,84.1174849,6202.76086,99.99998999999998,100.0,False
2026-04-29 12:00:00,0.0,,3.32,3.9,5.0,5.44,5.44,,0.0,0.0,0.0,,0.0,0.0,0.0,0.0,0.0,0.0,5.2836099999999995,3.62,9.563334099999999,0.0,1.25,0.0,0.0,8.03,0.0,0.0,1.71,0.0,0.0,7.99,0.0,0.0,12.5,0.0,0.0,3.05,0.0,-0.0014454444,,0.637335478,6286.76638,0.633964937,0.628823827,189.530968,98.930765,84.1174615,6202.80626,99.99998999999998,100.0,False
2026-04-29 12:30:00,0.0,,3.32,-0.01,0.11,15.11,15.11,,0.0,0.0,0.0,,0.0,0.0,0.0,0.0,0.0,0.0,7.29287,3.62,13.2000947,0.0,1.25,0.0,0.0,8.03,0.0,0.0,1.71,0.0,0.0,7.99,0.0,0.0,12.5,0.0,0.0,3.05,0.0,0.0,,0.637335478,6286.76638,0.633964937,0.628823831,189.530968,98.930765,84.1174615,6202.8063,99.99998999999998,100.0,False
2026-04-29 13:00:00,0.0,,0.62,1.7,0.9,120.0,120.0,,0.0,0.0,0.0,,0.0,0.0,0.0,0.0,0.0,0.0,7.47091,3.62,13.522347100000001,0.0,1.25,0.0,0.0,8.03,0.0,0.0,1.71,0.0,0.0,7.99,0.0,0.0,12.5,0.0,0.0,3.05,0.0,0.0,,0.637335478,6286.76638,0.633964937,0.62882386,189.530968,98.930765,84.1174615,6202.80659,99.99998999999998,100.0,False
2026-04-29 13:30:00,0.0,,0.62,-0.88,0.4,120.0,120.0,,0.0,0.0,0.0,,0.0,0.0,0.0,0.0,0.0,0.0,7.3374,3.62,13.280694,0.0,1.25,0.0,0.0,8.03,0.0,0.0,1.71,0.0,0.0,7.99,0.0,0.0,12.5,0.0,0.0,3.05,0.0,0.0,,0.637335478,6286.76638,0.633964937,0.628823912,189.530968,98.930765,84.1174615,6202.8071,99.99998999999998,100.0,False
2026-04-29 14:00:00,0.0,,-4.3,-2.07,-2.0,120.0,120.0,,144.0,0.0,0.0,,0.0,0.0,-2.4,2.4839999999999995,0.0,0.0,7.442810000000001,3.62,13.471486100000002,0.0,1.25,0.0,0.0,8.03,0.0,0.0,1.71,0.0,0.0,7.99,0.0,0.0,12.5,0.0,0.0,3.05,0.0,0.0,,0.637335478,6286.76638,0.633964937,0.628823932,189.530968,98.930765,84.1174615,6202.8073,99.99998999999998,100.0,False
2026-04-29 14:30:00,0.0,,-4.3,-3.5,-2.92,11.68,11.68,,23.36,0.0,0.0,,0.0,0.0,-4.0,7.0,0.0,0.0,7.428850000000001,3.62,13.446218500000002,0.0,1.25,0.0,0.0,8.03,0.0,0.0,1.71,0.0,0.0,7.99,0.0,0.0,12.5,0.0,0.0,3.05,0.0,0.0,,0.637335478,6286.76638,0.633964937,0.628823947,189.530968,98.930765,84.1174615,6202.80745,99.99998999999998,100.0,False
2026-04-29 15:00:00,0.0,,-2.1,-8.0,-7.97,120.0,120.0,,240.0,0.0,0.0,,0.0,0.0,-4.0,16.0,0.0,0.0,7.4808,7.2,26.930880000000002,0.0,1.94,0.0,0.0,7.75,0.0,0.0,5.5,0.0,0.0,9.9,0.0,0.0,13.13,0.0,0.0,14.49,0.0,0.0,,0.637335478,6286.76638,0.633964937,0.628823985,189.530968,98.930765,84.1174615,6202.80782,99.99998999999998,100.0,False
2026-04-29 15:30:00,0.0,,-2.1,-1.97,3.25,15.85,15.85,,31.7,0.0,0.0,,0.0,0.0,-4.0,3.94,0.0,0.0,7.499689999999999,7.2,26.998883999999997,0.0,1.94,0.0,0.0,7.75,0.0,0.0,5.5,0.0,0.0,9.9,0.0,0.0,13.13,0.0,0.0,14.49,0.0,0.0,,0.637335478,6286.76638,0.633964937,0.628824001,189.530968,98.930765,84.1174615,6202.80798,99.99998999999998,100.0,False
2026-04-29 16:00:00,0.0,,17.0,4.42,5.0,120.0,120.0,,0.0,0.0,0.0,,0.0,0.0,0.0,0.0,0.0,0.0,7.46685,7.2,26.88066,0.0,1.94,0.0,0.0,7.75,0.0,0.0,5.5,0.0,0.0,9.9,0.0,0.0,13.13,0.0,0.0,14.49,0.0,0.0,,0.637335478,6286.76638,0.633964937,0.628824012,189.530968,98.930765,84.1174615,6202.80809,99.99998999999998,100.0,False
2026-04-29 16:30:00,0.0,,17.0,51.64,48.68,24.2,24.2,,0.0,0.0,0.0,,0.0,0.0,0.0,0.0,0.0,0.0,7.5043,7.2,27.01548,0.0,1.94,0.0,0.0,7.75,0.0,0.0,5.5,0.0,0.0,9.9,0.0,0.0,13.13,0.0,0.0,14.49,0.0,0.0,,0.637335478,6286.76638,0.633964937,0.628824033,189.530968,98.930765,84.1174615,6202.8083,99.99998999999998,100.0,False
2026-04-29 17:00:00,0.0,,75.0,54.86,64.01,55.88,55.88,,0.0,0.0,0.0,,0.0,0.0,0.0,0.0,0.0,0.0,7.49504,7.2,26.982144,0.0,1.94,0.0,0.0,7.75,0.0,0.0,5.5,0.0,0.0,9.9,0.0,0.0,13.13,0.0,0.0,14.49,0.0,0.0,,0.637335478,6286.76638,0.633964937,0.628824058,189.530968,98.930765,84.1174615,6202.80854,99.99998999999998,100.0,False
2026-04-29 17:30:00,0.0,,75.0,89.6,89.63,120.0,120.0,,0.0,0.0,0.0,,0.0,0.0,0.0,0.0,0.0,0.0,7.44826,7.2,26.813736000000002,0.0,1.94,0.0,0.0,7.75,0.0,0.0,5.5,0.0,0.0,9.9,0.0,0.0,13.13,0.0,0.0,14.49,0.0,0.0,,0.637335478,6286.76638,0.633964937,0.628824069,189.530968,98.930765,84.1174615,6202.80865,99.99998999999998,100.0,False
2026-04-29 18:00:00,0.0,,102.0,101.45,102.0,127.8,127.8,,0.0,0.0,0.0,,0.0,0.0,0.0,0.0,0.0,0.0,7.33216,7.2,26.395776,0.0,1.94,0.0,0.0,7.75,0.0,0.0,5.5,0.0,0.0,9.9,0.0,0.0,13.13,0.0,0.0,14.49,0.0,0.0,,0.637335478,6286.76638,0.633964937,0.62882408,189.530968,98.930765,84.1174615,6202.80876,99.99998999999998,100.0,False
2026-04-29 18:30:00,0.0,,102.0,108.81,109.37,97.39,97.39,,0.0,0.0,0.0,,0.0,0.0,0.0,0.0,0.0,0.0,7.46613,7.2,26.878068,0.0,1.94,0.0,0.0,7.75,0.0,0.0,5.5,0.0,0.0,9.9,0.0,0.0,13.13,0.0,0.0,14.49,0.0,0.0,,0.637335478,6286.76638,0.633964937,0.628824091,189.530968,98.930765,84.1174615,6202.80887,99.99998999999998,100.0,False
2026-04-29 19:00:00,0.0,,105.47,123.6,124.0,129.3,129.3,,0.0,0.0,0.0,,0.0,0.0,0.0,0.0,0.0,0.0,7.351649999999999,8.79,32.31050174999999,0.0,3.65,0.0,0.0,0.56,0.0,0.0,6.82,0.0,0.0,-2.15,0.0,0.0,18.68,0.0,0.0,-9.34,0.0,0.0,,0.637335478,6286.76638,0.633964937,0.628824091,189.530968,98.930765,84.1174615,6202.80887,99.99998999999998,100.0,False
2026-04-29 19:30:00,0.0,,105.47,123.46,125.07,127.8,127.8,,0.0,0.0,0.0,,0.0,0.0,0.0,0.0,0.0,0.0,7.34336,8.79,32.2740672,0.0,3.65,0.0,0.0,0.56,0.0,0.0,6.82,0.0,0.0,-2.15,0.0,0.0,18.68,0.0,0.0,-9.34,0.0,0.0,,0.637335478,6286.76638,0.633964937,0.628824091,189.530968,98.930765,84.1174615,6202.80887,99.99998999999998,100.0,False
2026-04-29 20:00:00,0.0,,104.9,109.5,114.07,127.8,127.8,,0.0,0.0,0.0,,0.0,0.0,0.0,0.0,0.0,0.0,7.494479999999999,8.79,32.938239599999996,0.0,3.65,0.0,0.0,0.56,0.0,0.0,6.82,0.0,0.0,-2.15,0.0,0.0,18.68,0.0,0.0,-9.34,0.0,0.0,,0.637335478,6286.76638,0.633964937,0.628824091,189.530968,98.930765,84.1174615,6202.80887,99.99998999999998,100.0,False
2026-04-29 20:30:00,0.0,,104.9,105.87,108.98,120.0,120.0,,0.0,0.0,0.0,,0.0,0.0,0.0,0.0,0.0,0.0,7.5038599999999995,8.79,32.979464699999994,0.0,3.65,0.0,0.0,0.56,0.0,0.0,6.82,0.0,0.0,-2.15,0.0,0.0,18.68,0.0,0.0,-9.34,0.0,0.0,,0.637335478,6286.76638,0.633964937,0.628824091,189.530968,98.930765,84.1174615,6202.80887,99.99998999999998,100.0,False
2026-04-29 21:00:00,0.0,,102.82,108.3,112.0,127.8,127.8,110.85,-5.356039531889678e-08,0.0,0.0,,0.0,0.0,7.2,389.88,-7.199999999161809,-399.06,7.46589,8.79,32.81258655,0.0,3.65,0.0,0.0,0.56,0.0,0.0,6.82,0.0,0.0,-2.15,0.0,0.0,18.68,0.0,0.0,-9.34,0.0,0.0,,0.637335478,6286.76638,0.633964937,0.628824091,189.530968,98.930765,84.1174615,6202.80887,99.99998999999998,100.0,False
2026-04-29 21:30:00,0.0,,102.82,87.26,95.37,127.8,127.8,97.98,-5.356033856429576e-08,0.0,0.0,,0.0,0.0,7.2,314.136,-7.19999999916181,-352.73,7.35937,8.79,32.34443115,0.0,3.65,0.0,0.0,0.56,0.0,0.0,6.82,0.0,0.0,-2.15,0.0,0.0,18.68,0.0,0.0,-9.34,0.0,0.0,,0.637335478,6286.76638,0.633964937,0.628824091,189.530968,98.930765,84.1174615,6202.80887,99.99998999999998,100.0,False
2026-04-29 22:00:00,0.0,,85.0,90.98,95.01,78.65,78.65,,0.0,0.0,0.0,,0.0,0.0,0.0,0.0,0.0,0.0,7.462680000000001,8.79,32.7984786,0.0,3.65,0.0,0.0,0.56,0.0,0.0,6.82,0.0,0.0,-2.15,0.0,0.0,18.68,0.0,0.0,-9.34,0.0,0.0,,0.637335478,6286.76638,0.633964937,0.628824091,189.530968,98.930765,84.1174615,6202.80887,99.99998999999998,100.0,False
2026-04-29 22:30:00,0.0,,85.0,75.02,79.91,127.8,127.8,,115.02,0.0,0.0,,0.0,0.0,-1.8,-67.518,0.0,0.0,7.38002,8.79,32.435187899999995,0.0,3.65,0.0,0.0,0.56,0.0,0.0,6.82,0.0,0.0,-2.15,0.0,0.0,18.68,0.0,0.0,-9.34,0.0,0.0,,0.637335478,6286.76638,0.633964937,0.628824091,189.530968,98.930765,84.1174615,6202.80887,99.99998999999998,100.0,False
2026-04-29 23:00:00,0.0,,76.0,94.0,88.83,69.82,69.82,,0.0,0.0,0.0,,0.0,0.0,0.0,0.0,0.0,0.0,7.50399,2,7.50399,0.0,1.27,0.0,0.0,0.59,0.0,0.0,4.06,0.0,0.0,0.26,0.0,0.0,13.02,0.0,0.0,-8.29,0.0,0.0,,0.637335478,6286.76638,0.633964937,0.628824091,189.530968,98.930765,84.1174615,6202.80887,99.99998999999998,100.0,False
2026-04-29 23:30:00,0.0,,76.0,93.47,81.17,106.2,106.2,,0.0,0.0,0.0,,0.0,0.0,0.0,0.0,0.0,0.0,7.4,2,7.4,0.0,1.27,0.0,0.0,0.59,0.0,0.0,4.06,0.0,0.0,0.26,0.0,0.0,13.02,0.0,0.0,-8.29,0.0,0.0,,0.637335478,6286.76638,0.633964937,0.628824091,189.530968,98.930765,84.1174615,6202.80887,99.99998999999998,100.0,False
2026-04-30 00:00:00,0.0,,66.7,95.0,85.6,86.12,86.12,,0.0,0.0,0.0,,0.0,0.0,0.0,0.0,0.0,0.0,7.4,2,7.4,0.0,1.27,0.0,0.0,0.59,0.0,0.0,4.06,0.0,0.0,0.26,0.0,0.0,13.02,0.0,0.0,-8.29,0.0,0.0,,0.637335478,6286.76638,0.633964937,0.628824091,189.530968,98.930765,84.1174615,6202.80887,99.99998999999998,100.0,False
2026-04-30 00:30:00,0.0,,66.7,94.02,86.86,101.06,101.06,,0.0,0.0,0.0,,0.0,0.0,0.0,0.0,0.0,0.0,7.4,2,7.4,0.0,1.27,0.0,0.0,0.59,0.0,0.0,4.06,0.0,0.0,0.26,0.0,0.0,13.02,0.0,0.0,-8.29,0.0,0.0,,0.0,0.0,0.0,0.0,189.530968,98.930765,84.1174615,0.0,99.99998999999998,100.0,False
2026-04-30 01:00:00,0.0,,60.81,94.04,85.0,85.28,85.28,,0.0,0.0,0.0,,0.0,0.0,0.0,0.0,0.0,0.0,7.4,2,7.4,0.0,1.27,0.0,0.0,0.59,0.0,0.0,4.06,0.0,0.0,0.26,0.0,0.0,13.02,0.0,0.0,-8.29,0.0,0.0,,0.0,0.0,0.0,0.0,189.530968,98.930765,84.1174615,0.0,99.99998999999998,100.0,False
2026-04-30 01:30:00,0.0,,60.81,88.0,81.6,92.51,92.51,,0.0,0.0,0.0,,0.0,0.0,0.0,0.0,0.0,0.0,7.4,2,7.4,0.0,1.27,0.0,0.0,0.59,0.0,0.0,4.06,0.0,0.0,0.26,0.0,0.0,13.02,0.0,0.0,-8.29,0.0,0.0,,0.0,0.0,0.0,0.0,189.530968,98.930765,84.1174615,0.0,99.99998999999998,100.0,False
2026-04-30 02:00:00,0.0,,59.6,89.73,79.0,54.48,54.48,,0.0,0.0,0.0,,0.0,0.0,0.0,0.0,0.0,0.0,7.4,2,7.4,0.0,1.27,0.0,0.0,0.59,0.0,0.0,4.06,0.0,0.0,0.26,0.0,0.0,13.02,0.0,0.0,-8.29,0.0,0.0,,0.0,0.0,0.0,0.0,189.530968,98.930765,84.1174615,0.0,99.99998999999998,100.0,False
2026-04-30 02:30:00,0.0,,59.6,85.73,75.0,43.73,43.73,,0.0,0.0,0.0,,0.0,0.0,0.0,0.0,0.0,0.0,7.4,2,7.4,0.0,1.27,0.0,0.0,0.59,0.0,0.0,4.06,0.0,0.0,0.26,0.0,0.0,13.02,0.0,0.0,-8.29,0.0,0.0,,0.0,0.0,0.0,0.0,189.530968,98.930765,84.1174615,0.0,99.99998999999998,100.0,False
2026-04-30 03:00:00,0.0,,61.5,85.0,76.7,50.5,50.5,,0.0,0.0,0.0,,0.0,0.0,0.0,0.0,0.0,0.0,7.4,1.91,7.067,0.0,3.43,0.0,0.0,0.2,0.0,0.0,5.34,0.0,0.0,2.24,0.0,0.0,14.0,0.0,0.0,-4.52,0.0,0.0,,0.0,0.0,0.0,0.0,189.530968,98.930765,84.1174615,0.0,99.99998999999998,100.0,False
2026-04-30 03:30:00,0.0,,61.5,85.25,75.0,43.74,43.74,,0.0,0.0,0.0,,0.0,0.0,0.0,0.0,0.0,0.0,7.4,1.91,7.067,0.0,3.43,0.0,0.0,0.2,0.0,0.0,5.34,0.0,0.0,2.24,0.0,0.0,14.0,0.0,0.0,-4.52,0.0,0.0,,0.0,0.0,0.0,0.0,189.530968,98.930765,84.1174615,0.0,99.99998999999998,100.0,False
2026-04-30 04:00:00,0.0,,64.0,89.02,75.0,30.33,30.33,,0.0,0.0,0.0,,0.0,0.0,0.0,0.0,0.0,0.0,7.4,1.91,7.067,0.0,3.43,0.0,0.0,0.2,0.0,0.0,5.34,0.0,0.0,2.24,0.0,0.0,14.0,0.0,0.0,-4.52,0.0,0.0,,0.0,0.0,0.0,0.0,189.530968,98.930765,84.1174615,0.0,99.99998999999998,100.0,False
2026-04-30 04:30:00,0.0,,64.0,84.45,77.0,30.33,30.33,,0.0,0.0,0.0,,0.0,0.0,0.0,0.0,0.0,0.0,7.4,1.91,7.067,0.0,3.43,0.0,0.0,0.2,0.0,0.0,5.34,0.0,0.0,2.24,0.0,0.0,14.0,0.0,0.0,-4.52,0.0,0.0,,0.0,0.0,0.0,0.0,189.530968,98.930765,84.1174615,0.0,99.99998999999998,100.0,False
2026-04-30 05:00:00,0.0,,69.0,83.81,82.3,75.0,75.0,,0.0,0.0,0.0,,0.0,0.0,0.0,0.0,0.0,0.0,7.4,1.91,7.067,0.0,3.43,0.0,0.0,0.2,0.0,0.0,5.34,0.0,0.0,2.24,0.0,0.0,14.0,0.0,0.0,-4.52,0.0,0.0,,0.0,0.0,0.0,0.0,189.530968,98.930765,84.1174615,0.0,99.99998999999998,100.0,False
2026-04-30 05:30:00,0.0,,69.0,91.27,84.0,65.83,65.83,,0.0,0.0,0.0,,0.0,0.0,0.0,0.0,0.0,0.0,7.4,1.91,7.067,0.0,3.43,0.0,0.0,0.2,0.0,0.0,5.34,0.0,0.0,2.24,0.0,0.0,14.0,0.0,0.0,-4.52,0.0,0.0,,0.0,0.0,0.0,0.0,189.530968,98.930765,84.1174615,0.0,99.99998999999998,100.0,False
2026-04-30 06:00:00,0.0,,87.75,94.82,92.0,137.85,137.85,,0.0,0.0,0.0,,0.0,0.0,0.0,0.0,0.0,0.0,7.4,1.91,7.067,0.0,3.43,0.0,0.0,0.2,0.0,0.0,5.34,0.0,0.0,2.24,0.0,0.0,14.0,0.0,0.0,-4.52,0.0,0.0,,0.0,0.0,0.0,0.0,189.530968,98.930765,84.1174615,0.0,99.99998999999998,100.0,False
2026-04-30 06:30:00,0.0,,87.75,112.15,101.39,150.0,150.0,,0.0,0.0,0.0,,0.0,0.0,0.0,0.0,0.0,0.0,7.4,1.91,7.067,0.0,3.43,0.0,0.0,0.2,0.0,0.0,5.34,0.0,0.0,2.24,0.0,0.0,14.0,0.0,0.0,-4.52,0.0,0.0,,0.0,0.0,0.0,0.0,189.530968,98.930765,84.1174615,0.0,99.99998999999998,100.0,False
2026-04-30 07:00:00,0.0,,81.2,85.0,88.0,137.85,137.85,,0.0,0.0,0.0,,0.0,0.0,0.0,0.0,0.0,0.0,7.4,7.27,26.899,0.0,5.41,0.0,0.0,-0.08,0.0,0.0,11.27,0.0,0.0,-0.31,0.0,0.0,20.05,0.0,0.0,-1.39,0.0,0.0,,0.0,0.0,0.0,0.0,189.530968,98.930765,84.1174615,0.0,99.99998999999998,100.0,False
2026-04-30 07:30:00,0.0,,81.2,88.14,83.41,136.9,136.9,,0.0,0.0,0.0,,0.0,0.0,0.0,0.0,0.0,0.0,7.4,7.27,26.899,0.0,5.41,0.0,0.0,-0.08,0.0,0.0,11.27,0.0,0.0,-0.31,0.0,0.0,20.05,0.0,0.0,-1.39,0.0,0.0,,0.0,0.0,0.0,0.0,189.530968,98.930765,84.1174615,0.0,99.99998999999998,100.0,False
2026-04-30 08:00:00,0.0,,69.4,74.0,77.0,137.85,137.85,,0.0,0.0,0.0,,0.0,0.0,0.0,0.0,0.0,0.0,7.4,7.27,26.899,0.0,5.41,0.0,0.0,-0.08,0.0,0.0,11.27,0.0,0.0,-0.31,0.0,0.0,20.05,0.0,0.0,-1.39,0.0,0.0,,0.0,0.0,0.0,0.0,189.530968,98.930765,84.1174615,0.0,99.99998999999998,100.0,False
2026-04-30 08:30:00,0.0,,69.4,49.33,40.63,0.37,0.37,,0.0,0.0,0.0,,0.0,0.0,0.0,0.0,0.0,0.0,7.4,7.27,26.899,0.0,5.41,0.0,0.0,-0.08,0.0,0.0,11.27,0.0,0.0,-0.31,0.0,0.0,20.05,0.0,0.0,-1.39,0.0,0.0,,0.0,0.0,0.0,0.0,189.530968,98.930765,84.1174615,0.0,99.99998999999998,100.0,False
2026-04-30 09:00:00,0.0,,16.28,30.0,32.0,-9.4,-9.4,,0.0,0.0,0.0,,0.0,0.0,0.0,0.0,0.0,0.0,7.4,7.27,26.899,0.0,5.41,0.0,0.0,-0.08,0.0,0.0,11.27,0.0,0.0,-0.31,0.0,0.0,20.05,0.0,0.0,-1.39,0.0,0.0,,0.0,0.0,0.0,0.0,189.530968,98.930765,84.1174615,0.0,99.99998999999998,100.0,False
2026-04-30 09:30:00,0.0,,16.28,2.21,3.07,-14.02,-14.02,,0.0,0.0,0.0,,0.0,0.0,0.0,0.0,0.0,0.0,7.4,7.27,26.899,0.0,5.41,0.0,0.0,-0.08,0.0,0.0,11.27,0.0,0.0,-0.31,0.0,0.0,20.05,0.0,0.0,-1.39,0.0,0.0,,0.0,0.0,0.0,0.0,189.530968,98.930765,84.1174615,0.0,99.99998999999998,100.0,False
2026-04-30 10:00:00,-0.002,,1.0,1.96,-2.0,-19.56,-19.56,,0.0,0.039119999999999995,0.0,,0.0,0.0,0.0,0.0,0.0,0.0,7.4,7.27,26.899,0.0,5.41,0.0,0.0,-0.08,0.0,0.0,11.27,0.0,0.0,-0.31,0.0,0.0,20.05,0.0,0.0,-1.39,0.0,0.0,,0.0,0.0,0.0,0.0,189.530968,98.930765,84.1174615,0.0,66.66666,68.4100418,False
2026-04-30 10:30:00,-0.001,,1.0,-11.0,-6.99,-21.64,-21.64,,0.0,0.02164,0.0,,0.0,0.0,0.0,0.0,0.0,0.0,7.4,7.27,26.899,0.0,5.41,0.0,0.0,-0.08,0.0,0.0,11.27,0.0,0.0,-0.31,0.0,0.0,20.05,0.0,0.0,-1.39,0.0,0.0,,0.000305192402,3.01046058,0.0,0.0,189.530968,98.930765,84.1173849,0.0,0.0,26.263888666666663,False
2026-04-30 11:00:00,-0.002,,-3.3,-8.93,-4.0,-25.0,-25.0,,0.0,0.05,0.0,,0.0,0.0,0.0,0.0,0.0,0.0,0.042409999999999996,2.1,0.0445305,0.0,1.81,0.0,0.0,3.77,0.0,0.0,1.16,0.0,0.0,8.0,0.0,0.0,2.6,0.0,0.0,6.16,0.0,0.0,,0.000690797285,6.81412113,0.0,0.0,189.530968,99.188957,84.1172286,0.0,0.0,48.118056,False
2026-04-30 11:30:00,0.0,,-3.3,-13.45,-6.26,-22.0,-22.0,,0.0,0.0,0.0,,0.0,0.0,0.0,0.0,0.0,0.0,2.8785100000000003,2.1,3.0224355000000003,0.0,1.81,0.0,0.0,3.77,0.0,0.0,1.16,0.0,0.0,8.0,0.0,0.0,2.6,0.0,0.0,6.16,0.0,0.0,,0.00109293985,10.7809117,0.0,0.0,189.530968,99.858932,84.1170724,0.0,44.5683725,44.65277866666667,False
2026-04-30 12:00:00,0.0,,-5.0,-14.46,-11.8,-28.14,-28.14,,0.0,0.0,0.0,,0.0,0.0,0.0,0.0,0.0,0.0,7.2829,2.1,7.647045,0.0,1.81,0.0,0.0,3.77,0.0,0.0,1.16,0.0,0.0,8.0,0.0,0.0,2.6,0.0,0.0,6.16,0.0,0.0,,0.00147813453,14.5805259,0.0,0.0,189.530968,99.861262,84.116924,0.0,55.61965326666666,50.0,False
2026-04-30 12:30:00,-0.039,,-5.0,-20.04,-15.96,-28.35,-28.35,,0.0,1.10565,0.0,,0.0,0.0,0.0,0.0,0.0,0.0,7.4929499999999996,2.1,7.8675975,0.0,1.81,0.0,0.0,3.77,0.0,0.0,1.16,0.0,0.0,8.0,0.0,0.0,2.6,0.0,0.0,6.16,0.0,-0.00091625,,0.0018200843,17.9535663,2.32217406e-05,0.0,189.530968,99.861534,84.1167912,0.0,70.81409783333334,58.465277566666664,False
2026-04-30 13:00:00,-1.934,,-6.3,-22.93,-15.62,-24.53,-24.53,,-1.6189800000000014,0.0,0.0,,0.0,0.0,-4.0,45.86,0.0,0.0,7.50765,2.1,7.8830325000000006,0.0,1.81,0.0,0.0,3.77,0.0,0.0,1.16,0.0,0.0,8.0,0.0,0.0,2.6,0.0,0.0,6.16,0.0,-0.11260205890000001,,0.00745969177,73.583444,0.00287704525,0.0,189.533807,99.861534,84.1166536,0.0,73.0769185,73.91666666666667,False
2026-04-30 13:30:00,-1.935,,-6.3,-25.0,-17.0,-25.44,-25.44,,-1.6535999999999986,0.0,0.0,,0.0,0.0,-4.0,50.0,0.0,0.0,7.48787,2.1,7.8622635,0.0,1.81,0.0,0.0,3.77,0.0,0.0,1.16,0.0,0.0,8.0,0.0,0.0,2.6,0.0,0.0,6.16,0.0,-3.9538523333333333,,0.209389743,2065.44974,0.103084776,0.0,189.634272,99.861534,84.0498556,0.0,73.0769185,75.0,False
2026-04-30 14:00:00,-1.931,,-8.35,-20.0,-10.93,-20.0,-20.0,,-1.379999999999999,0.0,0.0,,0.0,0.0,-4.0,40.0,0.0,0.0,7.4836800000000006,2.1,7.857864000000001,0.0,1.81,0.0,0.0,3.77,0.0,0.0,1.16,0.0,0.0,8.0,0.0,0.0,2.6,0.0,0.0,6.16,0.0,-3.9386514333333333,,0.410597497,4050.19119,0.20290725,0.0,189.73433,99.861534,83.9724774,0.0,73.0769185,75.0,False
2026-04-30 14:30:00,-1.019,,-8.35,-19.99,-10.94,-33.3,-33.3,,-6.027300000000001,0.0,0.0,,0.0,0.0,-2.4,23.987999999999996,0.0,0.0,7.52462,2.1,7.900851,0.0,1.81,0.0,0.0,3.77,0.0,0.0,1.16,0.0,0.0,8.0,0.0,0.0,2.6,0.0,0.0,6.16,0.0,-3.8750003166666667,,0.609345408,6010.66841,0.301116529,0.0,189.83287,99.861534,83.8953736,0.0,73.0769185,75.0,False
2026-04-30 15:00:00,0.0,,-8.07,-11.01,-11.01,-33.22,-33.22,,0.0,0.0,0.0,,0.0,0.0,0.0,0.0,0.0,0.0,7.4342,2.5,9.29275,0.0,2.81,0.0,0.0,6.75,0.0,0.0,7.32,0.0,0.0,8.29,0.0,0.0,19.25,0.0,0.0,17.57,0.0,-2.0496489566666667,,0.713827656,7041.29593,0.353063505,0.0,189.885079,99.861534,83.8457907,0.0,73.0769185,75.0,False
2026-04-30 15:30:00,0.0,,-8.07,0.08,-1.6,-33.22,-33.22,,0.0,0.0,0.0,,0.0,0.0,0.0,0.0,0.0,0.0,7.28188,2.5,9.10235,0.0,2.81,0.0,0.0,6.75,0.0,0.0,7.32,0.0,0.0,8.29,0.0,0.0,19.25,0.0,0.0,17.57,0.0,-0.00609875,,0.713866993,7041.68396,0.353218073,0.0,189.88518,99.861534,83.8432731,0.0,73.0769185,75.0,False
2026-04-30 16:00:00,0.0,,8.2,3.26,-4.0,-30.24,-30.24,,0.0,0.0,0.0,,0.0,0.0,0.0,0.0,0.0,0.0,3.15483,2.5,3.9435375,0.0,2.81,0.0,0.0,6.75,0.0,0.0,7.32,0.0,0.0,8.29,0.0,0.0,19.25,0.0,0.0,17.57,0.0,-0.006069583399999999,,0.713908915,7042.09748,0.353371903,0.0,189.885485,99.861534,83.8432839,0.0,73.0769185,75.0,False
2026-04-30 16:30:00,0.0,,8.2,44.4,45.6,-14.02,-14.02,,0.0,0.0,0.0,,0.0,0.0,0.0,0.0,0.0,0.0,1.00128,2.5,1.2515999999999998,0.0,2.81,0.0,0.0,6.75,0.0,0.0,7.32,0.0,0.0,8.29,0.0,0.0,19.25,0.0,0.0,17.57,0.0,-0.0060856389,,0.713951961,7042.5221,0.353526139,0.0,189.885585,99.861534,83.8432837,0.0,73.0769185,75.0,False
2026-04-30 17:00:00,0.0,,68.2,70.0,65.0,112.9,112.9,,0.0,0.0,0.0,,0.0,0.0,0.0,0.0,0.0,0.0,1.9189,2.5,2.398625,0.0,2.81,0.0,0.0,6.75,0.0,0.0,7.32,0.0,0.0,8.29,0.0,0.0,19.25,0.0,0.0,17.57,0.0,-0.006089416666666667,,0.714008292,7043.07775,0.353680471,0.0,189.885941,99.861534,83.8432788,0.0,73.0769185,75.0,False
2026-04-30 17:30:00,0.0,,68.2,95.0,103.0,112.9,112.9,,0.0,0.0,0.0,,0.0,0.0,0.0,0.0,0.0,0.0,2.9585700000000004,2.5,3.6982125000000003,0.0,2.81,0.0,0.0,6.75,0.0,0.0,7.32,0.0,0.0,8.29,0.0,0.0,19.25,0.0,0.0,17.57,0.0,-0.006108333366666667,,0.714070098,7043.68742,0.353835283,0.0,189.886042,99.861534,83.8432179,0.0,73.0769185,75.0,False
2026-04-30 18:00:00,0.0,,104.75,111.37,114.01,137.9,137.9,,0.0,0.0,0.0,,0.0,0.0,0.0,0.0,0.0,0.0,4.07908,2.5,5.0988500000000005,0.0,2.81,0.0,0.0,6.75,0.0,0.0,7.32,0.0,0.0,8.29,0.0,0.0,19.25,0.0,0.0,17.57,0.0,-0.006112500066666666,,0.714131819,7044.29624,0.353990201,0.0,189.886295,99.861534,83.8431516,0.0,73.0769185,75.0,False
2026-04-30 18:30:00,0.0,,104.75,122.01,128.99,95.23,95.23,,0.0,0.0,0.0,,0.0,0.0,0.0,0.0,0.0,0.0,5.22788,2.5,6.53485,0.0,2.81,0.0,0.0,6.75,0.0,0.0,7.32,0.0,0.0,8.29,0.0,0.0,19.25,0.0,0.0,17.57,0.0,-0.006101916666666668,,0.714195188,7044.92132,0.354144849,0.0,189.886549,99.861534,83.843082,0.0,73.0769185,75.0,False
2026-04-30 19:00:00,0.0,,114.2,127.0,127.0,139.57,139.57,,0.0,0.0,0.0,,0.0,0.0,0.0,0.0,0.0,0.0,6.34745,9.27,29.42043075,0.0,5.25,0.0,0.0,0.11,0.0,0.0,8.57,0.0,0.0,-1.35,0.0,0.0,22.8,0.0,0.0,-10.12,0.0,-0.0061495,,0.714262166,7045.582,0.354300704,0.0,189.886802,99.861534,83.84301,0.0,73.0769185,75.0,False
2026-04-30 19:30:00,0.0,,114.2,126.89,130.97,141.25,141.25,,0.0,0.0,0.0,,0.0,0.0,0.0,0.0,0.0,0.0,6.94879,9.27,32.20764165,0.0,5.25,0.0,0.0,0.11,0.0,0.0,8.57,0.0,0.0,-1.35,0.0,0.0,22.8,0.0,0.0,-10.12,0.0,-0.006149999933333333,,0.71432674,7046.21897,0.354456571,0.0,189.887005,99.861534,83.8429479,0.0,73.0769185,75.0,False
2026-04-30 20:00:00,0.0,,110.0,125.09,120.78,138.09,138.09,,0.0,0.0,0.0,,0.0,0.0,0.0,0.0,0.0,0.0,7.22984,9.27,33.5103084,0.0,5.25,0.0,0.0,0.11,0.0,0.0,8.57,0.0,0.0,-1.35,0.0,0.0,22.8,0.0,0.0,-10.12,0.0,-0.006191222166666667,,0.714394308,7046.88547,0.354613484,0.0,189.887309,99.861534,83.8428783,0.0,73.0769185,75.0,False
2026-04-30 20:30:00,0.072,,110.0,118.85,117.48,138.08,138.08,,0.0,9.94176,0.0,,0.0,0.0,0.0,0.0,0.0,0.0,7.39973,9.27,34.29774855,0.0,5.25,0.0,0.0,0.11,0.0,0.0,8.57,0.0,0.0,-1.35,0.0,0.0,22.8,0.0,0.0,-10.12,0.0,-0.0062075,,0.714452392,7047.45842,0.354770809,0.0,189.88741,99.861534,83.8428513,0.0,73.0769185,75.0,False
2026-04-30 21:00:00,3.432,,103.89,106.85,105.48,100.51,100.51,,-21.911179999999998,0.0,0.0,,0.0,0.0,7.3,390.0025,0.0,0.0,7.3734399999999996,9.27,34.1758944,0.0,5.25,0.0,0.0,0.11,0.0,0.0,8.57,0.0,0.0,-1.35,0.0,0.0,22.8,0.0,0.0,-10.12,0.0,0.17669294776666666,,0.71449807,7047.90899,0.359459068,0.00938645994,189.892378,99.861534,83.842977,92.589355,73.0769185,75.0,False
2026-04-30 21:30:00,2.878,,103.89,97.37,93.95,101.6,101.6,,-78.43519999999998,0.0,0.0,,0.0,0.0,7.3,355.4005,0.0,0.0,7.38653,9.27,34.23656655,0.0,5.25,0.0,0.0,0.11,0.0,0.0,8.57,0.0,0.0,-1.35,0.0,0.0,22.8,0.0,0.0,-10.12,0.0,6.554856999999999,,0.71449807,7047.90899,0.525587514,0.343133633,190.059295,99.861534,83.9739046,3384.71819,73.0769185,75.0,False
2026-04-30 22:00:00,-0.014,,89.9,96.1,97.86,69.73,69.73,,0.0,-0.9762200000000001,0.0,,0.0,0.0,0.0,0.0,0.0,0.0,7.4841999999999995,9.27,34.689266999999994,0.0,5.25,0.0,0.0,0.11,0.0,0.0,8.57,0.0,0.0,-1.35,0.0,0.0,22.8,0.0,0.0,-10.12,0.0,5.470788346666667,,0.71449807,7047.90899,0.664240968,0.621039644,190.198436,99.861534,84.1192589,6126.02199,73.0769185,75.0,False
2026-04-30 22:30:00,-0.754,,89.9,89.04,83.0,88.59,88.59,,12.934140000000003,0.0,0.0,,0.0,0.0,-1.8,-80.13600000000001,0.0,0.0,7.53483,9.27,34.92393705,0.0,5.25,0.0,0.0,0.11,0.0,0.0,8.57,0.0,0.0,-1.35,0.0,0.0,22.8,0.0,0.0,-10.12,0.0,-0.043047138633333336,,0.716477064,7067.43007,0.665331969,0.621039644,190.199601,99.861534,84.1262861,6126.02199,73.0769185,75.0,False
2026-04-30 23:00:00,-1.425,,85.0,86.3,90.0,105.72,105.72,,-150.651,0.0,0.0,,0.0,0.0,0.0,0.0,0.0,0.0,7.4868500000000004,2.09,7.82375825,0.0,1.61,0.0,0.0,10.44,0.0,0.0,5.06,0.0,0.0,-0.02,0.0,0.0,14.0,0.0,0.0,-8.94,0.0,-1.4931965900000002,,0.791918,7811.59002,0.703176034,0.621039644,190.237415,99.861534,84.1021368,6126.02199,73.0769185,75.0,False
2026-04-30 23:30:00,-1.364,,85.0,85.07,88.4,116.9,116.9,,-159.4516,0.0,0.0,,0.0,0.0,0.0,0.0,0.0,0.0,7.42152,2.09,7.7554884,0.0,1.61,0.0,0.0,10.44,0.0,0.0,5.06,0.0,0.0,-0.02,0.0,0.0,14.0,0.0,0.0,-8.94,0.0,-2.7885224333333327,,0.933669355,9209.84523,0.773849261,0.621039644,190.308227,99.861534,84.0510125,6126.02199,73.0769185,75.0,False
