Timestamp,Credited Energy Volume Battery MWh Output,Battery SoC,Day Ahead Price (EPEX),GB-ISEM Intraday 1 Price,DA HH Price,SSP,SBP,IDC Price,Imbalance Revenue,Imbalance Charge,DA MW,EPEX DA Revenues,EPEX 30 DA MW,EPEX 30 DA Revenue,IDA1 MW,IDA1 Revenue,IDC MW,IDC Revenue,SFFR Availability,SFFR Clearing Price,SFFR revenues,DCL Availability,DCL Clearing Price,DCL revenues,DCH Availability,DCH Clearing Price,DCH revenues,DML Availability,DML Clearing Price,DML revenues,DMH Availability,DMH Clearing Price,DMH revenues,DRL Availability,DRL Clearing Price,DRL revenues,DRH Availability,DRH Clearing Price,DRH revenues,Power_MW,SOC,SCADA_Daily_Import_kWh,SCADA_Cumulative_Cycles,SCADA_Import_Cycles,SCADA_Daily_Export_kWh,SCADA_RTE,SCADA_Daily_Cycles,SCADA_SOH,SCADA_Export_Cycles,SCADA_Availability,SCADA_Inverter_Availability,SCADA_SOC_calculated
2026-06-01 00:00:00,0.0,,108.0,109.0,113.84,145.0,145.0,,0.0,0.0,0.0,,0.0,0.0,0.0,0.0,0.0,0.0,7.44587,3.35,12.47183225,0.0,0.8,0.0,0.0,0.3,0.0,0.0,4.55,0.0,0.0,-3.27,0.0,0.0,14.79,0.0,0.0,-15.43,0.0,-0.0049804166,,6116.66578,208.76265,0.620091136,5017.65971,83.9214546,0.566853122,99.67692,0.508676855,99.99998999999998,100.0,False
2026-06-01 00:30:00,0.0,,108.0,105.97,108.24,103.7,103.7,,0.0,0.0,0.0,,0.0,0.0,0.0,0.0,0.0,0.0,7.0229,3.35,11.7633575,0.0,0.8,0.0,0.0,0.3,0.0,0.0,4.55,0.0,0.0,-3.27,0.0,0.0,14.79,0.0,0.0,-15.43,0.0,-0.004997388833333333,,0.0,208.762852,0.0,0.311065797,83.9213846,0.000126655462,99.67692,3.15350144e-05,99.99998999999998,100.0,False
2026-06-01 01:00:00,0.0,,101.69,105.99,105.66,108.46,108.46,,0.0,0.0,0.0,,0.0,0.0,0.0,0.0,0.0,0.0,7.28955,3.35,12.209996250000001,0.0,0.8,0.0,0.0,0.3,0.0,0.0,4.55,0.0,0.0,-3.27,0.0,0.0,14.79,0.0,0.0,-15.43,0.0,-0.004986972233333334,,0.0,208.763105,0.0,0.559264038,83.9213019,0.000253046922,99.67692,5.6696685e-05,99.99998999999998,100.0,False
2026-06-01 01:30:00,0.0,,101.69,106.0,109.65,118.71,118.71,,0.0,0.0,0.0,,0.0,0.0,0.0,0.0,0.0,0.0,7.28922,3.35,12.2094435,0.0,0.8,0.0,0.0,0.3,0.0,0.0,4.55,0.0,0.0,-3.27,0.0,0.0,14.79,0.0,0.0,-15.43,0.0,-0.004988694500000001,,0.0,208.763258,0.0,0.78927947,83.9212263,0.000379482032,99.67692,8.00150312e-05,99.99998999999998,100.0,False
2026-06-01 02:00:00,0.0,,100.57,101.71,105.65,100.0,100.0,,0.0,0.0,0.0,,0.0,0.0,0.0,0.0,0.0,0.0,7.51231,3.35,12.583119250000001,0.0,0.8,0.0,0.0,0.3,0.0,0.0,4.55,0.0,0.0,-3.27,0.0,0.0,14.79,0.0,0.0,-15.43,0.0,-0.005032000066666667,,0.0,208.763613,0.0,1.07498511,83.9211486,0.00050701469,99.67692,0.000108979101,99.99998999999998,100.0,False
2026-06-01 02:30:00,0.0,,100.57,102.17,103.8,123.18,123.18,,0.0,0.0,0.0,,0.0,0.0,0.0,0.0,0.0,0.0,7.51201,3.35,12.58261675,0.0,0.8,0.0,0.0,0.3,0.0,0.0,4.55,0.0,0.0,-3.27,0.0,0.0,14.79,0.0,0.0,-15.43,0.0,-0.0050171944,,0.0,208.763765,0.0,1.36939849,83.9210631,0.00063417211,99.67692,0.000138825938,99.99998999999998,100.0,False
2026-06-01 03:00:00,0.0,,100.91,101.44,104.0,104.98,104.98,,0.0,0.0,0.0,,0.0,0.0,0.0,0.0,0.0,0.0,7.39952,3.35,12.394196,0.0,1.31,0.0,0.0,0.61,0.0,0.0,6.37,0.0,0.0,-2.12,0.0,0.0,18.56,0.0,0.0,-13.45,0.0,-0.004982777833333334,,0.0,208.764069,0.0,1.63957186,83.9209578,0.000760457265,99.67692,0.000166215388,99.99998999999998,100.0,False
2026-06-01 03:30:00,0.0,,100.91,101.93,103.44,102.43,102.43,,0.0,0.0,0.0,,0.0,0.0,0.0,0.0,0.0,0.0,7.49857,3.35,12.56010475,0.0,1.31,0.0,0.0,0.61,0.0,0.0,6.37,0.0,0.0,-2.12,0.0,0.0,18.56,0.0,0.0,-13.45,0.0,-0.0050040556000000005,,0.0,208.764322,0.0,1.85834897,83.9208676,0.000887281695,99.67692,0.000188394424,99.99998999999998,100.0,False
2026-06-01 04:00:00,0.0,,105.06,105.7,107.4,86.1,86.1,,0.0,0.0,0.0,,0.0,0.0,0.0,0.0,0.0,0.0,7.50769,3.35,12.57538075,0.0,1.31,0.0,0.0,0.61,0.0,0.0,6.37,0.0,0.0,-2.12,0.0,0.0,18.56,0.0,0.0,-13.45,0.0,-0.005039500033333334,,0.0,208.764474,0.0,2.11563181,83.9207852,0.00101500444,99.67692,0.000214477066,99.99998999999998,100.0,False
2026-06-01 04:30:00,0.0,,105.06,106.9,106.61,86.1,86.1,,0.0,0.0,0.0,,0.0,0.0,0.0,0.0,0.0,0.0,7.29231,3.35,12.21461925,0.0,1.31,0.0,0.0,0.61,0.0,0.0,6.37,0.0,0.0,-2.12,0.0,0.0,18.56,0.0,0.0,-13.45,0.0,-0.0050209166000000005,,0.0,208.764829,0.0,2.30438529,83.9206923,0.0011422562,99.67692,0.000233612387,99.99998999999998,100.0,False
2026-06-01 05:00:00,0.0,,109.69,110.26,112.0,86.1,86.1,,0.0,0.0,0.0,,0.0,0.0,0.0,0.0,0.0,0.0,7.24953,3.35,12.14296275,0.0,1.31,0.0,0.0,0.61,0.0,0.0,6.37,0.0,0.0,-2.12,0.0,0.0,18.56,0.0,0.0,-13.45,0.0,-0.0050046944,,0.0,208.764981,0.0,2.56377718,83.9205867,0.00126909681,99.67692,0.000259908839,99.99998999999998,100.0,False
2026-06-01 05:30:00,0.0,,109.69,108.22,110.0,86.06,86.06,,0.0,0.0,0.0,,0.0,0.0,0.0,0.0,0.0,0.0,6.95989,3.35,11.65781575,0.0,1.31,0.0,0.0,0.61,0.0,0.0,6.37,0.0,0.0,-2.12,0.0,0.0,18.56,0.0,0.0,-13.45,0.0,-0.004988111133333333,,0.0,208.765285,0.0,2.80622671,83.9204887,0.00139551714,99.67692,0.000284487721,99.99998999999998,100.0,False
2026-06-01 06:00:00,0.0,,118.7,122.0,122.01,86.07,86.07,,0.0,0.0,0.0,,0.0,0.0,0.0,0.0,0.0,0.0,6.44159,3.35,10.78966325,0.0,1.31,0.0,0.0,0.61,0.0,0.0,6.37,0.0,0.0,-2.12,0.0,0.0,18.56,0.0,0.0,-13.45,0.0,-0.004979777733333334,,0.0,208.765387,0.0,2.98983283,83.9203828,0.00152172626,99.67692,0.000303101216,99.99998999999998,100.0,False
2026-06-01 06:30:00,0.0,,118.7,122.83,130.67,86.07,86.07,,0.0,0.0,0.0,,0.0,0.0,0.0,0.0,0.0,0.0,6.0466,3.35,10.128055,0.0,1.31,0.0,0.0,0.61,0.0,0.0,6.37,0.0,0.0,-2.12,0.0,0.0,18.56,0.0,0.0,-13.45,0.0,-0.0049572222,,0.0,208.765691,0.0,3.28579037,83.9202979,0.00164736372,99.67692,0.000333104596,99.99998999999998,100.0,False
2026-06-01 07:00:00,0.016,,116.4,120.49,122.0,86.06,86.06,,0.0,1.37696,0.0,,0.0,0.0,0.0,0.0,0.0,0.0,5.37688,3.35,9.006274,0.0,1.7,0.0,0.0,0.01,0.0,0.0,4.77,0.0,0.0,-4.41,0.0,0.0,15.58,0.0,0.0,-17.24,0.0,-0.0049936389,,0.0,208.765843,0.0,3.61988099,83.9202414,0.00177392414,99.67692,0.000366973805,99.99998999999998,100.0,False
2026-06-01 07:30:00,0.764,,116.4,121.5,124.85,134.0,134.0,,1.8760000000000017,0.0,0.0,,0.0,0.0,1.5,91.125,0.0,0.0,5.23417,3.35,8.76723475,0.0,1.7,0.0,0.0,0.01,0.0,0.0,4.77,0.0,0.0,-4.41,0.0,0.0,15.58,0.0,0.0,-17.24,0.0,0.04132541446666667,,0.0,208.767262,0.0,27.5795747,83.9202839,0.00298989074,99.67692,0.00279594315,99.99998999999998,100.0,False
2026-06-01 08:00:00,0.0,,109.6,106.04,110.2,134.0,134.0,,0.0,0.0,0.0,,0.0,0.0,0.0,0.0,0.0,0.0,4.31544,3.35,7.228362,0.0,1.7,0.0,0.0,0.01,0.0,0.0,4.77,0.0,0.0,-4.41,0.0,0.0,15.58,0.0,0.0,-17.24,0.0,1.4552272466666665,,0.0,208.804316,0.0,756.904691,83.9476424,0.0398716475,99.67692,0.0767329631,99.99998999999998,100.0,False
2026-06-01 08:30:00,0.0,,109.6,105.0,106.22,86.07,86.07,,0.0,0.0,0.0,,0.0,0.0,0.0,0.0,0.0,0.0,2.96183,3.35,4.96106525,0.0,1.7,0.0,0.0,0.01,0.0,0.0,4.77,0.0,0.0,-4.41,0.0,0.0,15.58,0.0,0.0,-17.24,0.0,-0.004958805633333333,,0.0,208.804569,0.0,757.327569,83.9521261,0.0399973251,99.67692,0.0767758334,99.99998999999998,100.0,False
2026-06-01 09:00:00,0.0,,106.5,98.25,101.0,134.0,134.0,,0.0,0.0,0.0,,0.0,0.0,0.0,0.0,0.0,0.0,2.59146,3.35,4.340695500000001,0.0,1.7,0.0,0.0,0.01,0.0,0.0,4.77,0.0,0.0,-4.41,0.0,0.0,15.58,0.0,0.0,-17.24,0.0,-0.004926777766666667,,0.0,208.804772,0.0,757.648769,83.9521544,0.0401221909,99.67692,0.0768083958,99.99998999999998,100.0,False
2026-06-01 09:30:00,0.0,,106.5,94.37,96.7,134.0,134.0,,0.0,0.0,0.0,,0.0,0.0,0.0,0.0,0.0,0.0,3.60365,3.35,6.03611375,0.0,1.7,0.0,0.0,0.01,0.0,0.0,4.77,0.0,0.0,-4.41,0.0,0.0,15.58,0.0,0.0,-17.24,0.0,-0.004876694466666667,,0.0,208.804924,0.0,758.037536,83.9521752,0.0402457875,99.67692,0.0768478079,99.99998999999998,100.0,False
2026-06-01 10:00:00,0.0,,100.8,106.66,100.7,134.0,134.0,,0.0,0.0,0.0,,0.0,0.0,0.0,0.0,0.0,0.0,3.30783,3.35,5.54061525,0.0,1.7,0.0,0.0,0.01,0.0,0.0,4.77,0.0,0.0,-4.41,0.0,0.0,15.58,0.0,0.0,-17.24,0.0,-0.0049132776999999996,,0.0,208.805127,0.0,758.386197,83.9522404,0.0403703112,99.67692,0.0768831542,99.99998999999998,100.0,False
2026-06-01 10:30:00,0.0,,100.8,104.53,98.2,134.0,134.0,,0.0,0.0,0.0,,0.0,0.0,0.0,0.0,0.0,0.0,2.71689,3.35,4.55079075,0.0,1.7,0.0,0.0,0.01,0.0,0.0,4.77,0.0,0.0,-4.41,0.0,0.0,15.58,0.0,0.0,-17.24,0.0,-0.004927611066666666,,0.0,208.80543,0.0,758.806124,83.9522816,0.0404951982,99.67692,0.0769257253,99.99998999999998,100.0,False
2026-06-01 11:00:00,0.0,,98.99,102.6,98.2,77.0,77.0,,0.0,0.0,0.0,,0.0,0.0,0.0,0.0,0.0,0.0,2.23936,3.35,3.750928,0.0,1.69,0.0,0.0,1.0,0.0,0.0,5.09,0.0,0.0,-2.81,0.0,0.0,12.66,0.0,0.0,-14.85,0.0,-0.004799972266666667,,0.0,208.805583,0.0,759.286104,83.9522946,0.0406168503,99.67692,0.0769743844,99.99998999999998,100.0,False
2026-06-01 11:30:00,0.0,,98.99,101.1,94.0,77.01,77.01,,0.0,0.0,0.0,,0.0,0.0,0.0,0.0,0.0,0.0,2.60742,3.35,4.3674285,0.0,1.69,0.0,0.0,1.0,0.0,0.0,5.09,0.0,0.0,-2.81,0.0,0.0,12.66,0.0,0.0,-14.85,0.0,-0.004858444366666667,,0.0,208.805836,0.0,759.667472,83.952309,0.0407399843,99.67692,0.0770130464,99.99998999999998,100.0,False
2026-06-01 12:00:00,0.0,,94.16,99.02,94.13,82.1,82.1,,0.0,0.0,0.0,,0.0,0.0,0.0,0.0,0.0,0.0,3.58325,3.35,6.001943750000001,0.0,1.69,0.0,0.0,1.0,0.0,0.0,5.09,0.0,0.0,-2.81,0.0,0.0,12.66,0.0,0.0,-14.85,0.0,-0.004963999966666666,,0.0,208.806089,0.0,760.182425,83.9523679,0.0408657935,99.67692,0.077065251,99.99998999999998,100.0,False
2026-06-01 12:30:00,0.0,,94.16,95.47,92.9,78.0,78.0,,0.0,0.0,0.0,,0.0,0.0,0.0,0.0,0.0,0.0,4.05305,3.35,6.78885875,0.0,1.69,0.0,0.0,1.0,0.0,0.0,5.09,0.0,0.0,-2.81,0.0,0.0,12.66,0.0,0.0,-14.85,0.0,-0.0049429444,,0.0,208.806292,0.0,760.681964,83.9524817,0.0409910691,99.67692,0.0771158929,99.99998999999998,100.0,False
2026-06-01 13:00:00,-0.042,,91.45,95.9,94.55,77.01,77.01,,0.0,-3.2344200000000005,0.0,,0.0,0.0,0.0,0.0,0.0,0.0,3.80062,3.35,6.3660385,0.0,1.69,0.0,0.0,1.0,0.0,0.0,5.09,0.0,0.0,-2.81,0.0,0.0,12.66,0.0,0.0,-14.85,0.0,-0.0049341389,,0.0,208.806444,0.0,761.125102,83.952594,0.0411161216,99.67692,0.0771608171,99.99998999999998,100.0,False
2026-06-01 13:30:00,-2.015,,91.45,95.48,93.19,68.81,68.81,,-1.0321500000000086,0.0,0.0,,0.0,0.0,-4.0,-190.96,0.0,0.0,2.37742,3.35,3.9821785,0.0,1.69,0.0,0.0,1.0,0.0,0.0,5.09,0.0,0.0,-2.81,0.0,0.0,12.66,0.0,0.0,-14.85,0.0,-0.12719847116666666,,62.3719833,208.809789,0.00632310402,761.452791,83.952611,0.0443398813,99.67692,0.0771940373,99.99998999999998,100.0,False
2026-06-01 14:00:00,-2.013,,87.8,96.67,93.47,70.5,70.5,,-0.916499999999993,0.0,0.0,,0.0,0.0,-4.0,-193.34,0.0,0.0,4.29051,3.35,7.18660425,0.0,1.69,0.0,0.0,1.0,0.0,0.0,5.09,0.0,0.0,-2.81,0.0,0.0,12.66,0.0,0.0,-14.85,0.0,-3.9797935666666664,,2063.18135,208.910964,0.20915978,761.452791,83.8913885,0.145205075,99.67692,0.0771940373,99.99998999999998,100.0,False
2026-06-01 14:30:00,-1.986,,87.8,95.53,92.0,124.0,124.0,,1.7360000000000015,0.0,0.0,,0.0,0.0,-4.0,-191.06,0.0,0.0,4.45433,3.35,7.46100275,0.0,1.69,0.0,0.0,1.0,0.0,0.0,5.09,0.0,0.0,-2.81,0.0,0.0,12.66,0.0,0.0,-14.85,0.0,-3.980562433333333,,4064.07738,209.012291,0.412005241,761.452791,83.8204527,0.246089755,99.67692,0.0771940373,99.99998999999998,100.0,False
2026-06-01 15:00:00,-1.184,,88.52,102.15,97.8,159.95,159.95,,2.559200000000002,0.0,0.0,,0.0,0.0,-2.4,-122.58,0.0,0.0,3.43953,3.35,5.76121275,0.0,1.84,0.0,0.0,1.64,0.0,0.0,8.54,0.0,0.0,-1.77,0.0,0.0,17.14,0.0,0.0,-9.25,0.0,-3.9157569,,6031.34413,209.111945,0.611441457,761.452791,83.7500605,0.345331982,99.67692,0.0771940373,99.99998999999998,100.0,False
2026-06-01 15:30:00,0.0,,88.52,104.0,98.2,159.95,159.95,,0.0,0.0,0.0,,0.0,0.0,0.0,0.0,0.0,0.0,2.63723,3.35,4.417360250000001,0.0,1.84,0.0,0.0,1.64,0.0,0.0,8.54,0.0,0.0,-1.77,0.0,0.0,17.14,0.0,0.0,-9.25,0.0,-2.3357961433333334,,7199.73085,209.171403,0.729889362,761.452791,83.7036279,0.404531166,99.67692,0.0771940373,99.99998999999998,100.0,False
2026-06-01 16:00:00,0.0,,103.66,120.0,112.1,82.5,82.5,,0.0,0.0,0.0,,0.0,0.0,0.0,0.0,0.0,0.0,4.26079,3.35,7.13682325,0.0,1.84,0.0,0.0,1.64,0.0,0.0,8.54,0.0,0.0,-1.77,0.0,0.0,17.14,0.0,0.0,-9.25,0.0,-0.005713222166666667,,7199.965,209.171605,0.729913099,761.833416,83.6977194,0.404675964,99.67692,0.077232624,99.99998999999998,100.0,False
2026-06-01 16:30:00,0.0,,103.66,105.85,114.4,82.5,82.5,,0.0,0.0,0.0,,0.0,0.0,0.0,0.0,0.0,0.0,5.14448,3.35,8.617004,0.0,1.84,0.0,0.0,1.64,0.0,0.0,8.54,0.0,0.0,-1.77,0.0,0.0,17.14,0.0,0.0,-9.25,0.0,-0.005096472233333333,,7199.965,209.17191,0.729913099,762.24629,83.6977935,0.40480513,99.67692,0.0772744801,99.99998999999998,100.0,False
2026-06-01 17:00:00,0.0,,124.8,124.79,126.69,87.1,87.1,,0.0,0.0,0.0,,0.0,0.0,0.0,0.0,0.0,0.0,5.64567,3.35,9.45649725,0.0,1.84,0.0,0.0,1.64,0.0,0.0,8.54,0.0,0.0,-1.77,0.0,0.0,17.14,0.0,0.0,-9.25,0.0,-0.004997805533333333,,7199.965,209.172061,0.729913099,762.8345,83.6979364,0.404931796,99.67692,0.0773341112,99.99998999999998,100.0,False
2026-06-01 17:30:00,0.056,,124.8,131.2,131.2,114.5,114.5,,0.0,6.412,0.0,,0.0,0.0,0.0,0.0,0.0,0.0,6.33582,3.35,10.612498500000001,0.0,1.84,0.0,0.0,1.64,0.0,0.0,8.54,0.0,0.0,-1.77,0.0,0.0,17.14,0.0,0.0,-9.25,0.0,-0.005029166533333333,,7199.965,209.172264,0.729913099,763.370029,83.6980405,0.405059257,99.67692,0.0773884017,99.99998999999998,100.0,False
2026-06-01 18:00:00,2.855,,135.7,138.5,137.0,163.0,163.0,,0.8149999999999826,0.0,0.0,,5.7,390.45,0.0,0.0,0.0,0.0,6.32588,3.35,10.595849,0.0,1.84,0.0,0.0,1.64,0.0,0.0,8.54,0.0,0.0,-1.77,0.0,0.0,17.14,0.0,0.0,-9.25,0.0,0.16258174890000002,,7199.965,209.176776,0.729913099,848.370388,83.6982652,0.409349126,99.67692,0.0860055097,99.99998999999998,100.0,False
2026-06-01 18:30:00,2.459,,135.7,140.0,137.0,173.5,173.5,,-154.5885,0.0,0.0,,0.0,0.0,6.7,469.0,0.0,0.0,6.55123,3.35,10.97331025,0.0,1.84,0.0,0.0,1.64,0.0,0.0,8.54,0.0,0.0,-1.77,0.0,0.0,17.14,0.0,0.0,-9.25,0.0,5.626328699999999,,7199.965,209.320275,0.729913099,3674.26379,83.8015444,0.551944646,99.67692,0.372486987,99.99998999999998,100.0,False
2026-06-01 19:00:00,0.0,,147.0,141.49,140.0,163.0,163.0,,0.0,0.0,0.0,,0.0,0.0,0.0,0.0,0.0,0.0,6.81067,3.35,11.40787225,0.0,1.89,0.0,0.0,0.17,0.0,0.0,6.15,0.0,0.0,-4.34,0.0,0.0,21.78,0.0,0.0,-13.12,0.0,4.826001133333333,,7199.965,209.444868,0.729913099,6098.50907,83.9051973,0.674256402,99.67692,0.618250458,99.99998999999998,100.0,False
2026-06-01 19:30:00,0.0,,147.0,144.0,140.0,173.5,173.5,,0.0,0.0,0.0,,0.0,0.0,0.0,0.0,0.0,0.0,6.95791,3.35,11.65449925,0.0,1.89,0.0,0.0,0.17,0.0,0.0,6.15,0.0,0.0,-4.34,0.0,0.0,21.78,0.0,0.0,-13.12,0.0,-0.004955194433333333,,7199.965,209.445223,0.729913099,6099.09781,83.9233154,0.674381988,99.67692,0.618310143,99.99998999999998,100.0,False
2026-06-01 20:00:00,0.0,,140.2,143.93,139.9,163.0,163.0,,0.0,0.0,0.0,,0.0,0.0,0.0,0.0,0.0,0.0,7.07704,3.35,11.854042000000002,0.0,1.89,0.0,0.0,0.17,0.0,0.0,6.15,0.0,0.0,-4.34,0.0,0.0,21.78,0.0,0.0,-13.12,0.0,-0.0050038056,,7199.965,209.445375,0.729913099,6099.63672,83.9233499,0.674508807,99.67692,0.618364776,99.99998999999998,100.0,False
2026-06-01 20:30:00,0.0,,140.2,146.05,140.0,159.95,159.95,,0.0,0.0,0.0,,0.0,0.0,0.0,0.0,0.0,0.0,7.27359,3.35,12.183263250000001,0.0,1.89,0.0,0.0,0.17,0.0,0.0,6.15,0.0,0.0,-4.34,0.0,0.0,21.78,0.0,0.0,-13.12,0.0,-0.005034388866666667,,7199.965,209.445628,0.729913099,6100.20942,83.9234019,0.674636399,99.67692,0.618422835,99.99998999999998,100.0,False
2026-06-01 21:00:00,0.0,,134.0,138.5,137.0,173.5,173.5,,0.0,0.0,0.0,,0.0,0.0,0.0,0.0,0.0,0.0,7.44212,3.35,12.465551,0.0,1.89,0.0,0.0,0.17,0.0,0.0,6.15,0.0,0.0,-4.34,0.0,0.0,21.78,0.0,0.0,-13.12,0.0,-0.0049735,,7199.965,209.445831,0.729913099,6100.77087,83.9233776,0.674762449,99.67692,0.618479753,99.99998999999998,100.0,False
2026-06-01 21:30:00,0.0,,134.0,136.6,130.6,148.54,148.54,,0.0,0.0,0.0,,0.0,0.0,0.0,0.0,0.0,0.0,7.51416,3.35,12.586218,0.0,1.89,0.0,0.0,0.17,0.0,0.0,6.15,0.0,0.0,-4.34,0.0,0.0,21.78,0.0,0.0,-13.12,0.0,-0.005048250033333333,,7199.965,209.446084,0.729913099,6101.34355,83.9233689,0.674890394,99.67692,0.61853781,99.99998999999998,100.0,False
2026-06-01 22:00:00,-0.017,,116.87,126.98,119.5,100.58,100.58,,0.0,-1.7098600000000002,0.0,,0.0,0.0,0.0,0.0,0.0,0.0,7.43021,3.35,12.44560175,0.0,1.89,0.0,0.0,0.17,0.0,0.0,6.15,0.0,0.0,-4.34,0.0,0.0,21.78,0.0,0.0,-13.12,0.0,-0.0050468056,,7199.965,209.446287,0.729913099,6101.94142,83.9233775,0.675018302,99.67692,0.61859842,99.99998999999998,100.0,False
2026-06-01 22:30:00,-0.885,,116.87,126.46,121.2,110.01,110.01,,1.6501500000000016,0.0,0.0,,0.0,0.0,-1.8,-113.814,0.0,0.0,7.06424,3.35,11.832602,0.0,1.89,0.0,0.0,0.17,0.0,0.0,6.15,0.0,0.0,-4.34,0.0,0.0,21.78,0.0,0.0,-13.12,0.0,-0.057693693233333336,,7226.79317,209.447858,0.732632867,6102.2094,83.923328,0.676480511,99.67692,0.618625587,99.99998999999998,100.0,False
2026-06-01 23:00:00,0.0,,116.1,119.4,119.92,105.76,105.76,,0.0,0.0,0.0,,0.0,0.0,0.0,0.0,0.0,0.0,7.43323,3.35,12.45066025,0.0,0.97,0.0,0.0,0.43,0.0,0.0,4.6,0.0,0.0,-3.52,0.0,0.0,19.67,0.0,0.0,-13.85,0.0,-1.7541302199999997,,8101.84445,209.492464,0.821343214,6102.2094,83.8958438,0.720937762,99.67692,0.618625587,99.99998999999998,100.0,False
2026-06-01 23:30:00,0.0,,116.1,124.6,124.54,113.68,113.68,,0.0,0.0,0.0,,0.0,0.0,0.0,0.0,0.0,0.0,7.35558,3.35,12.3205965,0.0,0.97,0.0,0.0,0.43,0.0,0.0,4.6,0.0,0.0,-3.52,0.0,0.0,19.67,0.0,0.0,-13.85,0.0,-0.005039444433333333,,8101.84445,209.492769,0.821343214,6102.51691,83.8914054,0.721065483,99.67692,0.618656762,99.99998999999998,100.0,False
2026-06-02 00:00:00,0.0,,109.6,118.3,113.46,98.44,98.44,,0.0,0.0,0.0,,0.0,0.0,0.0,0.0,0.0,0.0,7.41097,3.35,12.413374750000001,0.0,0.97,0.0,0.0,0.43,0.0,0.0,4.6,0.0,0.0,-3.52,0.0,0.0,19.67,0.0,0.0,-13.85,0.0,-0.0049921666666666665,,8101.84445,209.492972,0.821343214,6102.93394,83.8913814,0.721192006,99.67692,0.618699039,99.99998999999998,100.0,False
2026-06-02 00:30:00,0.0,,109.6,115.0,109.44,135.0,135.0,,0.0,0.0,0.0,,0.0,0.0,0.0,0.0,0.0,0.0,7.36818,3.35,12.3417015,0.0,0.97,0.0,0.0,0.43,0.0,0.0,4.6,0.0,0.0,-3.52,0.0,0.0,19.67,0.0,0.0,-13.85,0.0,-0.004971,,0.0,209.493276,0.0,0.277157097,83.8913593,0.000125986655,99.67692,2.80974415e-05,99.99998999999998,100.0,False
2026-06-02 01:00:00,0.0,,106.8,108.77,103.21,103.85,103.85,,0.0,0.0,0.0,,0.0,0.0,0.0,0.0,0.0,0.0,7.49895,3.35,12.56074125,0.0,0.97,0.0,0.0,0.43,0.0,0.0,4.6,0.0,0.0,-3.52,0.0,0.0,19.67,0.0,0.0,-13.85,0.0,-0.004952555533333333,,0.0,209.493428,0.0,0.680227097,83.8913343,0.000251505847,99.67692,6.89595948e-05,99.99998999999998,100.0,False
2026-06-02 01:30:00,0.0,,106.8,108.0,103.74,103.16,103.16,,0.0,0.0,0.0,,0.0,0.0,0.0,0.0,0.0,0.0,7.51299,3.35,12.584258250000001,0.0,0.97,0.0,0.0,0.43,0.0,0.0,4.6,0.0,0.0,-3.52,0.0,0.0,19.67,0.0,0.0,-13.85,0.0,-0.004986055533333334,,0.0,209.493732,0.0,0.991315143,83.8913156,0.000377874074,99.67692,0.000100496865,99.99998999999998,100.0,False
2026-06-02 02:00:00,0.0,,103.55,109.04,101.89,104.51,104.51,,0.0,0.0,0.0,,0.0,0.0,0.0,0.0,0.0,0.0,7.49426,3.35,12.5528855,0.0,0.97,0.0,0.0,0.43,0.0,0.0,4.6,0.0,0.0,-3.52,0.0,0.0,19.67,0.0,0.0,-13.85,0.0,-0.0049754445,,0.0,209.493833,0.0,1.36186485,83.8914049,0.00050397337,99.67692,0.000138062198,99.99998999999998,100.0,False
2026-06-02 02:30:00,0.0,,103.55,107.13,103.43,106.76,106.76,,0.0,0.0,0.0,,0.0,0.0,0.0,0.0,0.0,0.0,7.4703,3.35,12.5127525,0.0,0.97,0.0,0.0,0.43,0.0,0.0,4.6,0.0,0.0,-3.52,0.0,0.0,19.67,0.0,0.0,-13.85,0.0,-0.0049843333,,0.0,209.494188,0.0,1.70359051,83.8914625,0.00063029795,99.67692,0.000172705427,99.99998999999998,100.0,False
2026-06-02 03:00:00,0.0,,100.6,106.41,102.4,102.76,102.76,,0.0,0.0,0.0,,0.0,0.0,0.0,0.0,0.0,0.0,7.51769,3.35,12.59213075,0.0,1.21,0.0,0.0,0.25,0.0,0.0,4.88,0.0,0.0,-1.79,0.0,0.0,17.59,0.0,0.0,-12.17,0.0,-0.004988861033333333,,0.0,209.49429,0.0,2.04380428,83.8915519,0.000756737285,99.67692,0.000207195384,99.99998999999998,100.0,False
2026-06-02 03:30:00,0.0,,100.6,106.79,101.01,104.9,104.9,,0.0,0.0,0.0,,0.0,0.0,0.0,0.0,0.0,0.0,7.44682,3.35,12.473423499999999,0.0,1.21,0.0,0.0,0.25,0.0,0.0,4.88,0.0,0.0,-1.79,0.0,0.0,17.59,0.0,0.0,-12.17,0.0,-0.004980138933333334,,0.00232269583,209.494644,2.3546866e-07,2.191516,83.8915994,0.000882955555,99.67692,0.000222170002,99.99998999999998,100.0,False
2026-06-02 04:00:00,0.0,,101.5,109.4,104.2,114.42,114.42,,0.0,0.0,0.0,,0.0,0.0,0.0,0.0,0.0,0.0,7.4708,3.35,12.513589999999999,0.0,1.21,0.0,0.0,0.25,0.0,0.0,4.88,0.0,0.0,-1.79,0.0,0.0,17.59,0.0,0.0,-12.17,0.0,-0.005004083366666666,,0.00232269583,209.494695,2.3546866e-07,2.4536764,83.8916823,0.00100978068,99.67692,0.000248747118,99.99998999999998,100.0,False
2026-06-02 04:30:00,0.0,,101.5,110.57,103.95,118.96,118.96,,0.0,0.0,0.0,,0.0,0.0,0.0,0.0,0.0,0.0,7.50349,3.35,12.56834575,0.0,1.21,0.0,0.0,0.25,0.0,0.0,4.88,0.0,0.0,-1.79,0.0,0.0,17.59,0.0,0.0,-12.17,0.0,-0.0049963889,,0.00232269583,209.495101,2.3546866e-07,2.74266123,83.8917596,0.0011364108,99.67692,0.000278043624,99.99998999999998,100.0,False
2026-06-02 05:00:00,0.0,,106.1,118.0,112.06,131.51,131.51,,0.0,0.0,0.0,,0.0,0.0,0.0,0.0,0.0,0.0,7.2648,3.35,12.16854,0.0,1.21,0.0,0.0,0.25,0.0,0.0,4.88,0.0,0.0,-1.79,0.0,0.0,17.59,0.0,0.0,-12.17,0.0,-0.004999388866666667,,0.00232269583,209.495151,2.3546866e-07,3.01756286,83.8918328,0.00126311695,99.67692,0.000305912412,99.99998999999998,100.0,False
2026-06-02 05:30:00,0.0,,106.1,121.26,115.94,136.28,136.28,,0.0,0.0,0.0,,0.0,0.0,0.0,0.0,0.0,0.0,7.14952,3.35,11.975446,0.0,1.21,0.0,0.0,0.25,0.0,0.0,4.88,0.0,0.0,-1.79,0.0,0.0,17.59,0.0,0.0,-12.17,0.0,-0.0050119722,,0.00232269583,209.495455,2.3546866e-07,3.26058611,83.8918656,0.00139014202,99.67692,0.000330549456,99.99998999999998,100.0,False
2026-06-02 06:00:00,0.0,,118.51,119.07,115.79,136.16,136.16,,0.0,0.0,0.0,,0.0,0.0,0.0,0.0,0.0,0.0,7.31118,3.35,12.2462265,0.0,1.21,0.0,0.0,0.25,0.0,0.0,4.88,0.0,0.0,-1.79,0.0,0.0,17.59,0.0,0.0,-12.17,0.0,-0.004990583233333333,,0.00232269583,209.495658,2.3546866e-07,3.54737926,83.8919027,0.001516625,99.67692,0.000359623775,99.99998999999998,100.0,False
2026-06-02 06:30:00,0.0,,118.51,129.91,124.21,139.03,139.03,,0.0,0.0,0.0,,0.0,0.0,0.0,0.0,0.0,0.0,6.33643,3.35,10.61352025,0.0,1.21,0.0,0.0,0.25,0.0,0.0,4.88,0.0,0.0,-1.79,0.0,0.0,17.59,0.0,0.0,-12.17,0.0,-0.004942833233333333,,0.00232269583,209.495962,2.3546866e-07,3.85918996,83.8919081,0.00164189779,99.67692,0.000391234305,99.99998999999998,100.0,False
2026-06-02 07:00:00,0.0,,119.1,131.9,128.0,109.22,109.22,,0.0,0.0,0.0,,0.0,0.0,0.0,0.0,0.0,0.0,6.19062,3.35,10.3692885,0.0,1.95,0.0,0.0,-0.73,0.0,0.0,6.57,0.0,0.0,-5.37,0.0,0.0,15.95,0.0,0.0,-17.41,0.0,-0.005009666666666667,,0.00232269583,209.496165,2.3546866e-07,4.15580423,83.8919404,0.00176886443,99.67692,0.000421304263,99.99998999999998,100.0,False
2026-06-02 07:30:00,0.0,,119.1,134.0,130.0,110.92,110.92,,0.0,0.0,0.0,,0.0,0.0,0.0,0.0,0.0,0.0,6.26846,3.35,10.4996705,0.0,1.95,0.0,0.0,-0.73,0.0,0.0,6.57,0.0,0.0,-5.37,0.0,0.0,15.95,0.0,0.0,-17.41,0.0,-0.004982916666666667,,0.00232269583,209.496317,2.3546866e-07,4.47126707,83.8919938,0.00189515309,99.67692,0.000453285038,99.99998999999998,100.0,False
2026-06-02 08:00:00,0.0,,115.65,137.27,133.95,146.92,146.92,,0.0,0.0,0.0,,0.0,0.0,0.0,0.0,0.0,0.0,6.53331,3.35,10.943294250000001,0.0,1.95,0.0,0.0,-0.73,0.0,0.0,6.57,0.0,0.0,-5.37,0.0,0.0,15.95,0.0,0.0,-17.41,0.0,-0.004983749966666667,,0.00232269583,209.496621,2.3546866e-07,4.74223931,83.892045,0.00202146289,99.67692,0.000480755475,99.99998999999998,100.0,False
2026-06-02 08:30:00,0.0,,115.65,133.4,130.9,159.29,159.29,,0.0,0.0,0.0,,0.0,0.0,0.0,0.0,0.0,0.0,6.6527,3.35,11.1432725,0.0,1.95,0.0,0.0,-0.73,0.0,0.0,6.57,0.0,0.0,-5.37,0.0,0.0,15.95,0.0,0.0,-17.41,0.0,-0.005034805533333333,,0.00232269583,209.496774,2.3546866e-07,5.09578807,83.8921174,0.00214906665,99.67692,0.000516597298,99.99998999999998,100.0,False
2026-06-02 09:00:00,0.0,,110.0,136.0,132.0,159.0,159.0,,0.0,0.0,0.0,,0.0,0.0,0.0,0.0,0.0,0.0,6.5257,3.35,10.9305475,0.0,1.95,0.0,0.0,-0.73,0.0,0.0,6.57,0.0,0.0,-5.37,0.0,0.0,15.95,0.0,0.0,-17.41,0.0,-0.005024611133333333,,0.00232269583,209.497077,2.3546866e-07,5.44596913,83.8922061,0.00227641205,99.67692,0.000552097713,99.99998999999998,100.0,False
2026-06-02 09:30:00,0.0,,110.0,129.96,130.0,155.58,155.58,,0.0,0.0,0.0,,0.0,0.0,0.0,0.0,0.0,0.0,5.90293,3.35,9.88740775,0.0,1.95,0.0,0.0,-0.73,0.0,0.0,6.57,0.0,0.0,-5.37,0.0,0.0,15.95,0.0,0.0,-17.41,0.0,-0.005016749933333333,,0.00232269583,209.49728,2.3546866e-07,5.7351629,83.8922679,0.0024035582,99.67692,0.0005814154,99.99998999999998,100.0,False
2026-06-02 10:00:00,0.0,,106.0,110.0,110.95,130.53,130.53,,0.0,0.0,0.0,,0.0,0.0,0.0,0.0,0.0,0.0,4.99788,3.35,8.371449,0.0,1.95,0.0,0.0,-0.73,0.0,0.0,6.57,0.0,0.0,-5.37,0.0,0.0,15.95,0.0,0.0,-17.41,0.0,-0.0050256388,,0.00232269583,209.497483,2.3546866e-07,6.12186301,83.8923134,0.00253092964,99.67692,0.000620618017,99.99998999999998,100.0,False
2026-06-02 10:30:00,0.0,,106.0,108.08,103.3,88.11,88.11,,0.0,0.0,0.0,,0.0,0.0,0.0,0.0,0.0,0.0,4.92558,3.35,8.250346500000001,0.0,1.95,0.0,0.0,-0.73,0.0,0.0,6.57,0.0,0.0,-5.37,0.0,0.0,15.95,0.0,0.0,-17.41,0.0,-0.004990777766666667,,0.00232269583,209.497685,2.3546866e-07,6.41060964,83.8923634,0.00265741755,99.67692,0.000649890375,99.99998999999998,100.0,False
2026-06-02 11:00:00,0.0,,100.0,102.52,100.0,82.31,82.31,,0.0,0.0,0.0,,0.0,0.0,0.0,0.0,0.0,0.0,3.68056,3.35,6.164938,0.0,1.21,0.0,0.0,2.03,0.0,0.0,5.27,0.0,0.0,-1.42,0.0,0.0,14.53,0.0,0.0,-12.04,0.0,-0.004817666666666666,,0.00232269583,209.497939,2.3546866e-07,6.76045764,83.8924108,0.00277951808,99.67692,0.000685357025,99.99998999999998,100.0,False
2026-06-02 11:30:00,0.0,,100.0,97.88,97.91,82.5,82.5,,0.0,0.0,0.0,,0.0,0.0,0.0,0.0,0.0,0.0,4.87086,3.35,8.1586905,0.0,1.21,0.0,0.0,2.03,0.0,0.0,5.27,0.0,0.0,-1.42,0.0,0.0,14.53,0.0,0.0,-12.04,0.0,-0.004743999933333334,,0.00232269583,209.498193,2.3546866e-07,7.00678541,83.8924135,0.00289975157,99.67692,0.000710329072,99.99998999999998,100.0,False
2026-06-02 12:00:00,0.0,,95.98,98.85,96.0,87.0,87.0,,0.0,0.0,0.0,,0.0,0.0,0.0,0.0,0.0,0.0,4.56124,3.35,7.640077,0.0,1.21,0.0,0.0,2.03,0.0,0.0,5.27,0.0,0.0,-1.42,0.0,0.0,14.53,0.0,0.0,-12.04,0.0,-0.0048403889,,0.00232269583,209.498395,2.3546866e-07,7.31247062,83.8924605,0.00302242797,99.67692,0.000741318617,99.99998999999998,100.0,False
2026-06-02 12:30:00,-0.036,,95.98,96.32,93.84,159.9,159.9,,0.0,-5.7564,0.0,,0.0,0.0,0.0,0.0,0.0,0.0,4.34363,3.35,7.27558025,0.0,1.21,0.0,0.0,2.03,0.0,0.0,5.27,0.0,0.0,-1.42,0.0,0.0,14.53,0.0,0.0,-12.04,0.0,-0.004975055533333334,,0.00232269583,209.498548,2.3546866e-07,7.70151066,83.8925551,0.00314851742,99.67692,0.00078075845,99.99998999999998,100.0,False
2026-06-02 13:00:00,-2.019,,95.15,97.0,92.76,159.9,159.9,,-3.0381000000000205,0.0,0.0,,0.0,0.0,-4.0,-194.0,0.0,0.0,3.52839,3.35,5.91005325,0.0,1.21,0.0,0.0,2.03,0.0,0.0,5.27,0.0,0.0,-1.42,0.0,0.0,14.53,0.0,0.0,-12.04,0.0,-0.11659213776666667,,57.0961994,209.501791,0.00578825923,8.00457738,83.892549,0.0061034668,99.67692,0.00081148254,99.99998999999998,100.0,False
2026-06-02 13:30:00,-1.977,,95.15,95.52,91.8,87.05,87.05,,2.002149999999992,0.0,0.0,,0.0,0.0,-4.0,-191.04,0.0,0.0,3.13517,3.35,5.2514097500000005,0.0,1.21,0.0,0.0,2.03,0.0,0.0,5.27,0.0,0.0,-1.42,0.0,0.0,14.53,0.0,0.0,-12.04,0.0,-3.9860043333333337,,2059.27997,209.603118,0.208764268,8.00457738,83.831702,0.107126069,99.67692,0.00081148254,99.99998999999998,100.0,False
2026-06-02 14:00:00,-0.235,,93.8,94.94,94.0,159.9,159.9,,-5.596500000000005,0.0,0.0,,-4.0,-188.0,3.6,170.892,0.0,0.0,3.41967,3.35,5.72794725,0.0,1.21,0.0,0.0,2.03,0.0,0.0,5.27,0.0,0.0,-1.42,0.0,0.0,14.53,0.0,0.0,-12.04,0.0,-3.8762583,,4005.07178,209.701657,0.406023412,8.00457738,83.7611609,0.20536723,99.67692,0.00081148254,99.99998999999998,100.0,False
2026-06-02 14:30:00,-1.43,,93.8,92.97,90.3,159.9,159.9,,91.14300000000001,0.0,0.0,,0.0,0.0,-4.0,-185.94,0.0,0.0,5.44655,3.35,9.12297125,0.0,1.21,0.0,0.0,2.03,0.0,0.0,5.27,0.0,0.0,-1.42,0.0,0.0,14.53,0.0,0.0,-12.04,0.0,-0.5087848676666668,,4258.21411,209.714735,0.431686301,8.00457738,83.7452553,0.218262041,99.67692,0.00081148254,99.99998999999998,100.0,False
2026-06-02 15:00:00,0.0,,95.08,95.49,93.9,159.9,159.9,,0.0,0.0,0.0,,0.0,0.0,0.0,0.0,0.0,0.0,4.59052,3.35,7.689121,0.0,1.89,0.0,0.0,1.17,0.0,0.0,6.83,0.0,0.0,-0.95,0.0,0.0,15.26,0.0,0.0,-9.24,0.0,-2.7956393766666667,,5660.46237,209.7858,0.573842461,8.00457738,83.6934374,0.289115642,99.67692,0.00081148254,99.99998999999998,100.0,False
2026-06-02 15:30:00,0.0,,95.08,94.41,94.2,124.97,124.97,,0.0,0.0,0.0,,0.0,0.0,0.0,0.0,0.0,0.0,6.47952,3.35,10.853196,0.0,1.89,0.0,0.0,1.17,0.0,0.0,6.83,0.0,0.0,-0.95,0.0,0.0,15.26,0.0,0.0,-9.24,0.0,-0.0049486389,,5660.46237,209.785952,0.573842461,8.44113273,83.6929263,0.289241062,99.67692,0.000855739348,99.99998999999998,100.0,False
2026-06-02 16:00:00,0.0,,106.84,103.53,104.49,105.11,105.11,,0.0,0.0,0.0,,0.0,0.0,0.0,0.0,0.0,0.0,6.82526,3.35,11.4323105,0.0,1.89,0.0,0.0,1.17,0.0,0.0,6.83,0.0,0.0,-0.95,0.0,0.0,15.26,0.0,0.0,-9.24,0.0,-0.004946972166666667,,5660.46237,209.786155,0.573842461,8.82974677,83.6930639,0.28936644,99.67692,0.000895135995,99.99998999999998,100.0,False
2026-06-02 16:30:00,0.0,,106.84,105.43,108.0,155.0,155.0,,0.0,0.0,0.0,,0.0,0.0,0.0,0.0,0.0,0.0,6.05191,3.35,10.13694925,0.0,1.89,0.0,0.0,1.17,0.0,0.0,6.83,0.0,0.0,-0.95,0.0,0.0,15.26,0.0,0.0,-9.24,0.0,-0.005033999933333334,,5660.46237,209.786458,0.573842461,9.20626412,83.6931289,0.289494023,99.67692,0.000933306312,99.99998999999998,100.0,False
2026-06-02 17:00:00,0.002,,118.64,110.55,114.0,90.92,90.92,,0.0,0.18184,0.0,,0.0,0.0,0.0,0.0,0.0,0.0,4.54966,3.35,7.620680500000001,0.0,1.89,0.0,0.0,1.17,0.0,0.0,6.83,0.0,0.0,-0.95,0.0,0.0,15.26,0.0,0.0,-9.24,0.0,-0.0050672222,,5660.46237,209.786661,0.573842461,9.57194835,83.6931517,0.289622449,99.67692,0.000970378396,99.99998999999998,100.0,False
2026-06-02 17:30:00,0.16,,118.64,116.7,117.65,94.36,94.36,,5.6616,0.0,0.0,,0.0,0.0,0.2,11.670000000000002,0.0,0.0,5.82321,3.35,9.753876750000002,0.0,1.89,0.0,0.0,1.17,0.0,0.0,6.83,0.0,0.0,-0.95,0.0,0.0,15.26,0.0,0.0,-9.24,0.0,0.0011916946333333331,,5660.46237,209.787067,0.573842461,13.057151,83.6931592,0.289857522,99.67692,0.00132369887,99.99998999999998,100.0,False
2026-06-02 18:00:00,2.914,,131.84,126.08,133.9,91.79,91.79,,1.2850600000000216,0.0,0.0,,0.0,0.0,5.8,365.632,0.0,0.0,6.6266,3.35,11.099555,0.0,1.89,0.0,0.0,1.17,0.0,0.0,6.83,0.0,0.0,-0.95,0.0,0.0,15.26,0.0,0.0,-9.24,0.0,0.3648590866666666,,5660.46237,209.796445,0.573842461,201.211859,83.6969619,0.299104631,99.67692,0.0203983174,99.99998999999998,100.0,False
2026-06-02 18:30:00,2.349,,131.84,129.01,133.0,110.2,110.2,,-93.7802,0.0,0.0,,0.0,0.0,6.4,412.832,0.0,0.0,5.99293,3.35,10.038157750000002,0.0,1.89,0.0,0.0,1.17,0.0,0.0,6.83,0.0,0.0,-0.95,0.0,0.0,15.26,0.0,0.0,-9.24,0.0,5.708003333333333,,5660.46237,209.941617,0.573842461,3063.23598,83.8028756,0.443770139,99.67692,0.31054263,99.99998999999998,100.0,False
2026-06-02 19:00:00,0.0,,137.17,127.4,131.88,99.76,99.76,,0.0,0.0,0.0,,0.0,0.0,0.0,0.0,0.0,0.0,6.51587,3.35,10.91408225,0.0,2.85,0.0,0.0,0.03,0.0,0.0,6.91,0.0,0.0,-4.49,0.0,0.0,4.77,0.0,0.0,-3.5,0.0,4.5912311,,5660.46237,210.059113,0.573842461,5370.39089,83.9050905,0.560131807,99.67692,0.544435794,99.99998999999998,100.0,False
2026-06-02 19:30:00,0.0,,137.17,131.99,132.26,155.0,155.0,,0.0,0.0,0.0,,0.0,0.0,0.0,0.0,0.0,0.0,7.10338,3.35,11.8981615,0.0,2.85,0.0,0.0,0.03,0.0,0.0,6.91,0.0,0.0,-4.49,0.0,0.0,4.77,0.0,0.0,-3.5,0.0,-0.004972361066666667,,5660.46237,210.059367,0.573842461,5370.71864,83.9187141,0.560257827,99.67692,0.54446902,99.99998999999998,100.0,False
2026-06-02 20:00:00,0.0,,134.96,128.82,132.0,163.75,163.75,,0.0,0.0,0.0,,0.0,0.0,0.0,0.0,0.0,0.0,6.50971,3.35,10.90376425,0.0,2.85,0.0,0.0,0.03,0.0,0.0,6.91,0.0,0.0,-4.49,0.0,0.0,4.77,0.0,0.0,-3.5,0.0,-0.0050333611,,5660.46237,210.059569,0.573842461,5370.97562,83.9187127,0.560385395,99.67692,0.544495072,99.99998999999998,100.0,False
2026-06-02 20:30:00,0.0,,134.96,129.5,132.51,155.0,155.0,,0.0,0.0,0.0,,0.0,0.0,0.0,0.0,0.0,0.0,7.04203,3.35,11.79540025,0.0,2.85,0.0,0.0,0.03,0.0,0.0,6.91,0.0,0.0,-4.49,0.0,0.0,4.77,0.0,0.0,-3.5,0.0,-0.005041250033333333,,5660.46237,210.059772,0.573842461,5371.32387,83.9187164,0.560513162,99.67692,0.544530377,99.99998999999998,100.0,False
2026-06-02 21:00:00,0.0,,128.25,129.27,132.0,90.1,90.1,,0.0,0.0,0.0,,0.0,0.0,0.0,0.0,0.0,0.0,7.42667,3.35,12.43967225,0.0,2.85,0.0,0.0,0.03,0.0,0.0,6.91,0.0,0.0,-4.49,0.0,0.0,4.77,0.0,0.0,-3.5,0.0,-0.005012416666666667,,5660.46237,210.059975,0.573842461,5371.55538,83.9186421,0.560640199,99.67692,0.544553847,99.99998999999998,100.0,False
2026-06-02 21:30:00,-0.018,,128.25,123.0,124.0,129.99,129.99,,0.0,-2.33982,0.0,,0.0,0.0,0.0,0.0,0.0,0.0,7.50769,3.35,12.57538075,0.0,2.85,0.0,0.0,0.03,0.0,0.0,6.91,0.0,0.0,-4.49,0.0,0.0,4.77,0.0,0.0,-3.5,0.0,-0.005037861066666666,,5660.46237,210.060127,0.573842461,5371.79673,83.9185633,0.560767879,99.67692,0.544578314,99.99998999999998,100.0,False
2026-06-02 22:00:00,-0.886,,112.78,116.1,116.8,135.28,135.28,,1.8939200000000016,0.0,0.0,,-1.8,-105.12,0.0,0.0,0.0,0.0,7.49407,3.35,12.55256725,0.0,2.85,0.0,0.0,0.03,0.0,0.0,6.91,0.0,0.0,-4.49,0.0,0.0,4.77,0.0,0.0,-3.5,0.0,-0.05870786116666666,,5687.78926,210.06185,0.576612787,5371.89773,83.9184307,0.56225579,99.67692,0.544588553,99.99998999999998,100.0,False
2026-06-02 22:30:00,0.0,,112.78,113.82,111.0,85.0,85.0,,0.0,0.0,0.0,,0.0,0.0,0.0,0.0,0.0,0.0,7.30615,3.35,12.23780125,0.0,2.85,0.0,0.0,0.03,0.0,0.0,6.91,0.0,0.0,-4.49,0.0,0.0,4.77,0.0,0.0,-3.5,0.0,-1.7551514066666665,,6562.63803,210.106558,0.665302604,5371.89773,83.8909873,0.606738924,99.67692,0.544588553,99.99998999999998,100.0,False
2026-06-02 23:00:00,0.0,,110.0,104.0,105.5,104.82,104.82,,0.0,0.0,0.0,,0.0,0.0,0.0,0.0,0.0,0.0,7.51226,3.35,12.583035500000001,0.0,1.09,0.0,0.0,0.65,0.0,0.0,4.94,0.0,0.0,-2.88,0.0,0.0,6.6,0.0,0.0,-14.33,0.0,-0.005035305566666666,,6562.63803,210.10671,0.665302604,5372.11546,83.8865304,0.60686654,99.67692,0.544610626,99.99998999999998,100.0,False
2026-06-02 23:30:00,0.0,,110.0,112.76,108.15,124.25,124.25,,0.0,0.0,0.0,,0.0,0.0,0.0,0.0,0.0,0.0,7.21882,3.35,12.091523500000001,0.0,1.09,0.0,0.0,0.65,0.0,0.0,4.94,0.0,0.0,-2.88,0.0,0.0,6.6,0.0,0.0,-14.33,0.0,-0.004989027766666667,,6562.63803,210.106964,0.665302604,5372.39007,83.8864299,0.606992983,99.67692,0.544638465,99.99998999999998,100.0,False
2026-06-03 00:00:00,0.0,,103.69,107.58,102.62,144.0,144.0,,0.0,0.0,0.0,,0.0,0.0,0.0,0.0,0.0,0.0,7.42906,3.35,12.4436755,0.0,1.09,0.0,0.0,0.65,0.0,0.0,4.94,0.0,0.0,-2.88,0.0,0.0,6.6,0.0,0.0,-14.33,0.0,-0.005007861133333333,,6562.64884,210.107166,0.6653037,5372.48509,83.8863566,0.607119904,99.67692,0.544648098,99.99998999999998,100.0,False
2026-06-03 00:30:00,0.0,,103.69,106.0,102.02,88.99,88.99,,0.0,0.0,0.0,,0.0,0.0,0.0,0.0,0.0,0.0,7.49821,3.35,12.55950175,0.0,1.09,0.0,0.0,0.65,0.0,0.0,4.94,0.0,0.0,-2.88,0.0,0.0,6.6,0.0,0.0,-14.33,0.0,-0.004985638866666667,,0.02734258,210.107369,2.77191727e-06,0.154559693,83.8862722,0.000126357667,99.67692,1.56688462e-05,99.99998999999998,100.0,False
2026-06-03 01:00:00,0.0,,99.3,103.44,101.0,129.81,129.81,,0.0,0.0,0.0,,0.0,0.0,0.0,0.0,0.0,0.0,7.46062,3.35,12.4965385,0.0,1.09,0.0,0.0,0.65,0.0,0.0,4.94,0.0,0.0,-2.88,0.0,0.0,6.6,0.0,0.0,-14.33,0.0,-0.0049939167,,0.0590089067,210.107572,5.98216435e-06,0.248663635,83.8861955,0.00025292513,99.67692,2.52088509e-05,99.99998999999998,100.0,False
2026-06-03 01:30:00,-0.044,,99.3,101.56,101.76,87.9,87.9,,0.0,-3.8676,0.0,,0.0,0.0,0.0,0.0,0.0,0.0,7.26829,3.35,12.17438575,0.0,1.09,0.0,0.0,0.65,0.0,0.0,4.94,0.0,0.0,-2.88,0.0,0.0,6.6,0.0,0.0,-14.33,0.0,-0.005003222166666667,,0.0606687257,210.107825,6.15043234e-06,0.38294856,83.8861034,0.000379728434,99.67692,3.88222957e-05,99.99998999999998,100.0,False
2026-06-03 02:00:00,-2.023,,97.05,101.31,103.05,88.8,88.8,,-2.0424000000000118,0.0,0.0,,0.0,0.0,-4.0,-202.62,0.0,0.0,7.52432,3.35,12.603236,0.0,1.09,0.0,0.0,0.65,0.0,0.0,4.94,0.0,0.0,-2.88,0.0,0.0,6.6,0.0,0.0,-14.33,0.0,-0.12695516886666666,,62.3061687,210.111221,0.00631643191,0.43929687,83.8859189,0.00359732188,99.67692,4.45347359e-05,99.99998999999998,100.0,False
2026-06-03 02:30:00,-0.095,,97.05,100.0,102.0,105.01,105.01,,-4.72545,0.0,0.0,,0.0,0.0,-0.1,-5.0,0.0,0.0,7.47572,3.35,12.521831,0.0,1.09,0.0,0.0,0.65,0.0,0.0,4.94,0.0,0.0,-2.88,0.0,0.0,6.6,0.0,0.0,-14.33,0.0,-3.8461537333333333,,1990.09622,210.209,0.201750606,0.43929687,83.8256219,0.101075504,99.67692,4.45347359e-05,99.99998999999998,100.0,False
2026-06-03 03:00:00,-2.058,,97.4,100.22,99.24,91.7,91.7,,-5.318599999999985,0.0,0.0,,-4.0,-198.48,0.0,0.0,0.0,0.0,7.5335,3.35,12.618612500000001,0.0,0.5,0.0,0.0,2.46,0.0,0.0,6.21,0.0,0.0,-0.91,0.0,0.0,1.45,0.0,0.0,-11.65,0.0,-0.2262374446666667,,2101.88977,210.214829,0.213083935,0.43929687,83.8143825,0.10680934,99.67692,4.45347359e-05,99.99998999999998,100.0,False
2026-06-03 03:30:00,-1.344,,97.4,97.42,96.48,104.54,104.54,,68.57824,0.0,0.0,,-4.0,-192.96,0.0,0.0,0.0,0.0,7.53206,3.35,12.616200500000001,0.0,0.5,0.0,0.0,2.46,0.0,0.0,6.21,0.0,0.0,-0.91,0.0,0.0,1.45,0.0,0.0,-11.65,0.0,-3.9532059000000004,,4084.10637,210.315446,0.414035726,0.43929687,83.7540042,0.207000687,99.67692,4.45347359e-05,99.99998999999998,100.0,False
2026-06-03 04:00:00,0.0,,98.97,101.14,97.7,144.0,144.0,,0.0,0.0,0.0,,0.0,0.0,0.0,0.0,0.0,0.0,7.4668,3.35,12.50689,0.0,0.5,0.0,0.0,2.46,0.0,0.0,6.21,0.0,0.0,-0.91,0.0,0.0,1.45,0.0,0.0,-11.65,0.0,-2.5453686699999998,,5358.68918,210.380125,0.543249506,0.43929687,83.6977879,0.271511346,99.67692,4.45347359e-05,99.99998999999998,100.0,False
2026-06-03 04:30:00,0.0,,98.97,100.18,98.0,152.0,152.0,,0.0,0.0,0.0,,0.0,0.0,0.0,0.0,0.0,0.0,7.47118,3.35,12.514226500000001,0.0,0.5,0.0,0.0,2.46,0.0,0.0,6.21,0.0,0.0,-0.91,0.0,0.0,1.45,0.0,0.0,-11.65,0.0,-0.006353111033333333,,5359.19828,210.380479,0.543301117,0.43929687,83.6974207,0.27167236,99.67692,4.45347359e-05,99.99998999999998,100.0,False
2026-06-03 05:00:00,0.0,,109.3,108.2,106.0,94.6,94.6,,0.0,0.0,0.0,,0.0,0.0,0.0,0.0,0.0,0.0,7.32853,3.35,12.27528775,0.0,0.5,0.0,0.0,2.46,0.0,0.0,6.21,0.0,0.0,-0.91,0.0,0.0,1.45,0.0,0.0,-11.65,0.0,-0.005039249933333333,,5359.2497,210.380631,0.54330633,0.639723237,83.6973231,0.271800078,99.67692,6.48534223e-05,99.99998999999998,100.0,False
2026-06-03 05:30:00,0.0,,109.3,110.0,109.67,152.0,152.0,,0.0,0.0,0.0,,0.0,0.0,0.0,0.0,0.0,0.0,6.83911,3.35,11.45550925,0.0,0.5,0.0,0.0,2.46,0.0,0.0,6.21,0.0,0.0,-0.91,0.0,0.0,1.45,0.0,0.0,-11.65,0.0,-0.0050137500333333335,,5359.2497,210.380885,0.54330633,0.779472829,83.6972241,0.271927148,99.67692,7.90208603e-05,99.99998999999998,100.0,False
2026-06-03 06:00:00,0.0,,117.0,118.95,117.23,143.75,143.75,,0.0,0.0,0.0,,0.0,0.0,0.0,0.0,0.0,0.0,6.71462,3.35,11.2469885,0.0,0.5,0.0,0.0,2.46,0.0,0.0,6.21,0.0,0.0,-0.91,0.0,0.0,1.45,0.0,0.0,-11.65,0.0,-0.005023583266666667,,5359.2497,210.381138,0.54330633,0.951151632,83.6971419,0.272054467,99.67692,9.64251959e-05,99.99998999999998,100.0,False
2026-06-03 06:30:00,0.0,,117.0,119.22,126.23,140.0,140.0,,0.0,0.0,0.0,,0.0,0.0,0.0,0.0,0.0,0.0,6.18174,3.35,10.354414499999999,0.0,0.5,0.0,0.0,2.46,0.0,0.0,6.21,0.0,0.0,-0.91,0.0,0.0,1.45,0.0,0.0,-11.65,0.0,-0.005023250033333333,,5359.2497,210.381341,0.54330633,1.16565503,83.6970577,0.272181777,99.67692,0.000118170974,99.99998999999998,100.0,False
2026-06-03 07:00:00,0.056,,123.6,116.2,115.0,144.0,144.0,,0.0,8.064,0.0,,0.0,0.0,0.0,0.0,0.0,0.0,5.88593,3.35,9.858932750000001,0.0,2.36,0.0,0.0,0.17,0.0,0.0,6.64,0.0,0.0,-3.02,0.0,0.0,17.3,0.0,0.0,-15.95,0.0,-0.0050239444999999995,,5359.2497,210.381645,0.54330633,1.44438679,83.6969833,0.272309106,99.67692,0.00014642805,99.99998999999998,100.0,False
2026-06-03 07:30:00,1.982,,123.6,116.59,120.05,139.0,139.0,,-106.752,0.0,0.0,,5.5,330.1375,0.0,0.0,0.0,0.0,4.49293,3.35,7.525657750000001,0.0,2.36,0.0,0.0,0.17,0.0,0.0,6.64,0.0,0.0,-3.02,0.0,0.0,17.3,0.0,0.0,-15.95,0.0,0.1606677467,,5359.2497,210.386106,0.54330633,85.7991689,83.6970768,0.27654758,99.67692,0.00869808913,99.99998999999998,100.0,False
2026-06-03 08:00:00,2.096,,123.0,116.89,115.39,160.0,160.0,,-64.63999999999999,0.0,0.0,,2.3,132.6985,2.7,157.8015,0.0,0.0,4.89301,3.35,8.195791750000001,0.0,2.36,0.0,0.0,0.17,0.0,0.0,6.64,0.0,0.0,-3.02,0.0,0.0,17.3,0.0,0.0,-15.95,0.0,3.80243411,,5359.2497,210.482921,0.54330633,1992.22045,83.7719114,0.372917717,99.67692,0.201965954,99.99998999999998,100.0,False
2026-06-03 08:30:00,0.967,,123.0,110.31,116.51,144.0,144.0,,2.448000000000034,0.0,0.0,,4.6,267.973,-2.7,-148.91850000000002,0.0,0.0,4.7854,3.35,8.015545000000001,0.0,2.36,0.0,0.0,0.17,0.0,0.0,6.64,0.0,0.0,-3.02,0.0,0.0,17.3,0.0,0.0,-15.95,0.0,3.9981454333333333,,5359.2497,210.585109,0.54330633,3997.19989,83.8507827,0.474248026,99.67692,0.405225381,99.99998999999998,100.0,False
2026-06-03 09:00:00,0.0,,117.03,120.0,119.41,88.1,88.1,,0.0,0.0,0.0,,0.0,0.0,0.0,0.0,0.0,0.0,5.16658,3.35,8.654021499999999,0.0,2.36,0.0,0.0,0.17,0.0,0.0,6.64,0.0,0.0,-3.02,0.0,0.0,17.3,0.0,0.0,-15.95,0.0,1.84936966,,5359.2497,210.632148,0.54330633,4922.36567,83.8978863,0.521119058,99.67692,0.499016201,99.99998999999998,100.0,False
2026-06-03 09:30:00,0.0,,117.03,115.0,109.7,140.0,140.0,,0.0,0.0,0.0,,0.0,0.0,0.0,0.0,0.0,0.0,5.32357,3.35,8.916979750000001,0.0,2.36,0.0,0.0,0.17,0.0,0.0,6.64,0.0,0.0,-3.02,0.0,0.0,17.3,0.0,0.0,-15.95,0.0,-0.004948000033333334,,5359.2497,210.632503,0.54330633,4922.71864,83.9033665,0.521244462,99.67692,0.499051984,99.99998999999998,100.0,False
2026-06-03 10:00:00,0.0,,102.27,106.96,107.48,140.0,140.0,,0.0,0.0,0.0,,0.0,0.0,0.0,0.0,0.0,0.0,5.13522,3.35,8.6014935,0.0,2.36,0.0,0.0,0.17,0.0,0.0,6.64,0.0,0.0,-3.02,0.0,0.0,17.3,0.0,0.0,-15.95,0.0,-0.0049649722,,5359.2497,210.632605,0.54330633,4923.05042,83.9033166,0.521370296,99.67692,0.499085619,99.99998999999998,100.0,False
2026-06-03 10:30:00,0.0,,102.27,107.38,105.6,133.85,133.85,,0.0,0.0,0.0,,0.0,0.0,0.0,0.0,0.0,0.0,3.24909,3.35,5.4422257499999995,0.0,2.36,0.0,0.0,0.17,0.0,0.0,6.64,0.0,0.0,-3.02,0.0,0.0,17.3,0.0,0.0,-15.95,0.0,-0.004961027733333333,,5359.2497,210.632908,0.54330633,4923.4155,83.9032685,0.521496029,99.67692,0.49912263,99.99998999999998,100.0,False
2026-06-03 11:00:00,0.0,,88.3,99.58,95.0,135.5,135.5,,0.0,0.0,0.0,,0.0,0.0,0.0,0.0,0.0,0.0,5.72238,3.35,9.584986500000001,0.0,1.25,0.0,0.0,4.31,0.0,0.0,5.21,0.0,0.0,2.6,0.0,0.0,15.16,0.0,0.0,-6.92,0.0,-0.0054589445,,5359.36273,210.633061,0.543317788,4923.67479,83.9032178,0.521634383,99.67692,0.499148916,99.99998999999998,100.0,False
2026-06-03 11:30:00,0.0,,88.3,96.4,95.0,64.7,64.7,,0.0,0.0,0.0,,0.0,0.0,0.0,0.0,0.0,0.0,5.58659,3.35,9.357538250000001,0.0,1.25,0.0,0.0,4.31,0.0,0.0,5.21,0.0,0.0,2.6,0.0,0.0,15.16,0.0,0.0,-6.92,0.0,-0.004921555533333333,,5359.36273,210.633416,0.543317788,4924.08204,83.9031768,0.521759116,99.67692,0.499190202,99.99998999999998,100.0,False
2026-06-03 12:00:00,0.0,,70.22,90.0,96.96,45.36,45.36,,0.0,0.0,0.0,,0.0,0.0,0.0,0.0,0.0,0.0,6.36371,3.35,10.65921425,0.0,1.25,0.0,0.0,4.31,0.0,0.0,5.21,0.0,0.0,2.6,0.0,0.0,15.16,0.0,0.0,-6.92,0.0,-0.0050095278333333335,,5359.36273,210.633466,0.543317788,4924.50445,83.9031244,0.521886079,99.67692,0.499233025,99.99998999999998,100.0,False
2026-06-03 12:30:00,0.0,,70.22,85.0,88.2,26.85,26.85,,0.0,0.0,0.0,,0.0,0.0,0.0,0.0,0.0,0.0,3.82897,3.35,6.4135247500000006,0.0,1.25,0.0,0.0,4.31,0.0,0.0,5.21,0.0,0.0,2.6,0.0,0.0,15.16,0.0,0.0,-6.92,0.0,-0.004977805566666667,,5359.36273,210.633821,0.543317788,4924.84821,83.9030562,0.522012239,99.67692,0.499267874,99.99998999999998,100.0,False
2026-06-03 13:00:00,0.0,,58.37,80.99,82.0,32.43,32.43,,0.0,0.0,0.0,,0.0,0.0,0.0,0.0,0.0,0.0,5.43308,3.35,9.100409,0.0,1.25,0.0,0.0,4.31,0.0,0.0,5.21,0.0,0.0,2.6,0.0,0.0,15.16,0.0,0.0,-6.92,0.0,-0.004972499966666666,,5359.36273,210.633973,0.543317788,4925.24927,83.9030122,0.522138263,99.67692,0.499308533,99.99998999999998,100.0,False
2026-06-03 13:30:00,-0.026,,58.37,72.3,78.1,34.56,34.56,,0.0,-0.89856,0.0,,0.0,0.0,0.0,0.0,0.0,0.0,5.64222,3.35,9.4507185,0.0,1.25,0.0,0.0,4.31,0.0,0.0,5.21,0.0,0.0,2.6,0.0,0.0,15.16,0.0,0.0,-6.92,0.0,-0.0048856666,,5359.36273,210.634277,0.543317788,4925.65393,83.9029667,0.522262087,99.67692,0.499349556,99.99998999999998,100.0,False
2026-06-03 14:00:00,-1.303,,51.33,64.38,66.2,28.74,28.74,,-1.523219999999998,0.0,0.0,,-4.0,-132.4,1.5,48.285,0.0,0.0,4.3583,3.35,7.3001525,0.0,1.25,0.0,0.0,4.31,0.0,0.0,5.21,0.0,0.0,2.6,0.0,0.0,15.16,0.0,0.0,-6.92,0.0,-0.08185072089999999,,5398.55406,210.636457,0.5472909,4925.91868,83.9028411,0.524336539,99.67692,0.499376396,99.99998999999998,100.0,False
2026-06-03 14:30:00,-2.049,,51.33,60.42,63.4,28.6,28.6,,-1.4013999999999982,0.0,0.0,,-2.4,-76.08,-1.6,-48.336000000000006,0.0,0.0,4.60999,3.35,7.72173325,0.0,1.25,0.0,0.0,4.31,0.0,0.0,5.21,0.0,0.0,2.6,0.0,0.0,15.16,0.0,0.0,-6.92,0.0,-2.5447792433333336,,6672.39314,210.701338,0.676429282,4925.91868,83.8648051,0.588832258,99.67692,0.499376396,99.99998999999998,100.0,False
2026-06-03 15:00:00,-2.059,,52.3,77.88,78.0,52.1,52.1,,-3.0739000000000085,0.0,0.0,,0.0,0.0,-4.0,-155.76,0.0,0.0,4.8757,3.35,8.166797500000001,0.0,0.5,0.0,0.0,3.25,0.0,0.0,5.78,0.0,0.0,3.51,0.0,0.0,10.56,0.0,0.0,-2.39,0.0,-3.9658298999999997,,8663.26591,210.802107,0.878258613,4925.91868,83.7983675,0.689343553,99.67692,0.499376396,99.99998999999998,100.0,False
2026-06-03 15:30:00,-0.587,,52.3,77.88,82.36,90.0,90.0,,127.17,0.0,0.0,,0.0,0.0,-4.0,-155.76,0.0,0.0,6.23682,3.35,10.4466735,0.0,0.5,0.0,0.0,3.25,0.0,0.0,5.78,0.0,0.0,3.51,0.0,0.0,10.56,0.0,0.0,-2.39,0.0,-3.9826273000000003,,10663.8344,210.903485,1.08107087,4925.91868,83.728289,0.790280563,99.67692,0.499376396,99.99998999999998,100.0,False
2026-06-03 16:00:00,0.0,,72.0,85.1,84.78,90.0,90.0,,0.0,0.0,0.0,,0.0,0.0,0.0,0.0,0.0,0.0,5.66705,3.35,9.49230875,0.0,0.5,0.0,0.0,3.25,0.0,0.0,5.78,0.0,0.0,3.51,0.0,0.0,10.56,0.0,0.0,-2.39,0.0,-1.099551898,,11212.1008,210.931515,1.13665264,4925.91868,83.6975813,0.818147968,99.67692,0.499376396,99.99998999999998,100.0,False
2026-06-03 16:30:00,0.0,,72.0,81.0,90.0,139.8,139.8,,0.0,0.0,0.0,,0.0,0.0,0.0,0.0,0.0,0.0,6.73079,3.35,11.27407325,0.0,0.5,0.0,0.0,3.25,0.0,0.0,5.78,0.0,0.0,3.51,0.0,0.0,10.56,0.0,0.0,-2.39,0.0,-0.006138416599999999,,11212.3675,210.931668,1.13667968,4925.91868,83.6972352,0.818303543,99.67692,0.499376396,99.99998999999998,100.0,False
2026-06-03 17:00:00,0.005,,91.9,95.18,92.04,128.0,128.0,,0.0,0.64,0.0,,0.0,0.0,0.0,0.0,0.0,0.0,4.97868,3.35,8.339288999999999,0.0,0.5,0.0,0.0,3.25,0.0,0.0,5.78,0.0,0.0,3.51,0.0,0.0,10.56,0.0,0.0,-2.39,0.0,-0.0053378055,,11212.4124,210.931921,1.13668423,4926.19265,83.6971298,0.818438828,99.67692,0.49940417,99.99998999999998,100.0,False
2026-06-03 17:30:00,0.29,,91.9,103.37,101.26,133.0,133.0,,5.319999999999998,0.0,0.0,,0.0,0.0,0.5,25.8425,0.0,0.0,3.19214,3.35,5.346834500000001,0.0,0.5,0.0,0.0,3.25,0.0,0.0,5.78,0.0,0.0,3.51,0.0,0.0,10.56,0.0,0.0,-2.39,0.0,0.009914555233333332,,11212.4124,210.932479,1.13668423,4934.2417,83.6970733,0.818858056,99.67692,0.500220161,99.99998999999998,100.0,False
2026-06-03 18:00:00,2.128,,107.0,114.53,114.0,133.0,133.0,,-96.026,0.0,0.0,,0.0,0.0,5.7,326.4105,0.0,0.0,5.06992,3.35,8.492116,0.0,0.5,0.0,0.0,3.25,0.0,0.0,5.78,0.0,0.0,3.51,0.0,0.0,10.56,0.0,0.0,-2.39,0.0,0.58554033,,11212.4124,210.947533,1.13668423,5231.19045,83.7062423,0.833698181,99.67692,0.530324027,99.99998999999998,100.0,False
2026-06-03 18:30:00,1.316,,107.0,116.5,114.2,133.0,133.0,,-237.272,0.0,0.0,,0.0,0.0,6.2,361.15000000000003,0.0,0.0,5.40782,3.35,9.0580985,0.0,0.5,0.0,0.0,3.25,0.0,0.0,5.78,0.0,0.0,3.51,0.0,0.0,10.56,0.0,0.0,-2.39,0.0,4.096242833333334,,11212.4124,211.052256,1.13668423,7290.83983,83.7823496,0.937514703,99.67692,0.739125745,99.99998999999998,100.0,False
2026-06-03 19:00:00,0.0,,116.2,118.93,115.4,116.41,116.41,,0.0,0.0,0.0,,0.0,0.0,0.0,0.0,0.0,0.0,6.44159,3.35,10.78966325,0.0,2.5,0.0,0.0,0.99,0.0,0.0,8.03,0.0,0.0,-3.32,0.0,0.0,19.4,0.0,0.0,-14.02,0.0,2.49307075,,11212.4124,211.115465,1.13668423,8544.29448,83.846991,1.00069991,99.67692,0.866197609,99.99998999999998,100.0,False
2026-06-03 19:30:00,0.0,,116.2,122.12,117.88,118.35,118.35,,0.0,0.0,0.0,,0.0,0.0,0.0,0.0,0.0,0.0,6.70936,3.35,11.238178000000001,0.0,2.5,0.0,0.0,0.99,0.0,0.0,8.03,0.0,0.0,-3.32,0.0,0.0,19.4,0.0,0.0,-14.02,0.0,-0.0049840555,,11212.4124,211.115668,1.13668423,8544.73192,83.8484499,1.00082622,99.67692,0.866241955,99.99998999999998,100.0,False
2026-06-03 20:00:00,0.0,,116.0,118.0,115.0,74.5,74.5,,0.0,0.0,0.0,,0.0,0.0,0.0,0.0,0.0,0.0,7.00745,3.35,11.737478750000001,0.0,2.5,0.0,0.0,0.99,0.0,0.0,8.03,0.0,0.0,-3.32,0.0,0.0,19.4,0.0,0.0,-14.02,0.0,-0.0049980556,,11212.4124,211.115921,1.13668423,8545.18628,83.848394,1.00095289,99.67692,0.866288017,99.99998999999998,100.0,False
2026-06-03 20:30:00,0.0,,116.0,114.51,116.1,80.0,80.0,,0.0,0.0,0.0,,0.0,0.0,0.0,0.0,0.0,0.0,7.20732,3.35,12.072261000000001,0.0,2.5,0.0,0.0,0.99,0.0,0.0,8.03,0.0,0.0,-3.32,0.0,0.0,19.4,0.0,0.0,-14.02,0.0,-0.005038527766666667,,11212.4124,211.116073,1.13668423,8545.59927,83.8483515,1.00108059,99.67692,0.866329885,99.99998999999998,100.0,False
2026-06-03 21:00:00,0.0,,110.2,109.78,115.0,139.0,139.0,,0.0,0.0,0.0,,0.0,0.0,0.0,0.0,0.0,0.0,7.42686,3.35,12.4399905,0.0,2.5,0.0,0.0,0.99,0.0,0.0,8.03,0.0,0.0,-3.32,0.0,0.0,19.4,0.0,0.0,-14.02,0.0,-0.0050079723,,11212.4124,211.116377,1.13668423,8546.04919,83.8483036,1.00120752,99.67692,0.866375496,99.99998999999998,100.0,False
2026-06-03 21:30:00,0.0,,110.2,106.49,107.0,147.5,147.5,,0.0,0.0,0.0,,0.0,0.0,0.0,0.0,0.0,0.0,7.52005,3.35,12.596083750000002,0.0,2.5,0.0,0.0,0.99,0.0,0.0,8.03,0.0,0.0,-3.32,0.0,0.0,19.4,0.0,0.0,-14.02,0.0,-0.004973694466666667,,11212.4124,211.11658,1.13668423,8546.60203,83.8482313,1.00133357,99.67692,0.866431542,99.99998999999998,100.0,False
2026-06-03 22:00:00,0.0,,95.4,95.39,98.5,139.0,139.0,,0.0,0.0,0.0,,0.0,0.0,0.0,0.0,0.0,0.0,7.25089,3.35,12.145240750000001,0.0,2.5,0.0,0.0,0.99,0.0,0.0,8.03,0.0,0.0,-3.32,0.0,0.0,19.4,0.0,0.0,-14.02,0.0,-0.005001527766666667,,11212.4124,211.116833,1.13668423,8547.12872,83.848147,1.00146033,99.67692,0.866484936,99.99998999999998,100.0,False
2026-06-03 22:30:00,0.0,,95.4,80.39,83.5,139.0,139.0,,125.10000000000001,0.0,0.0,,-1.8,-75.15,0.0,0.0,0.0,0.0,7.51324,3.35,12.584677,0.0,2.5,0.0,0.0,0.99,0.0,0.0,8.03,0.0,0.0,-3.32,0.0,0.0,19.4,0.0,0.0,-14.02,0.0,-0.004972388866666667,,11212.4124,211.117036,1.13668423,8547.57703,83.8480409,1.00158636,99.67692,0.866530385,99.99998999999998,100.0,False
2026-06-03 23:00:00,0.0,,68.5,66.61,72.0,132.5,132.5,,0.0,0.0,0.0,,0.0,0.0,0.0,0.0,0.0,0.0,7.44766,3.35,12.4748305,0.0,1.17,0.0,0.0,0.28,0.0,0.0,3.56,0.0,0.0,-1.12,0.0,0.0,9.53,0.0,0.0,-7.6,0.0,-0.0049713056,,11212.4124,211.117238,1.13668423,8548.02793,83.8479663,1.00171235,99.67692,0.866576096,99.99998999999998,100.0,False
2026-06-03 23:30:00,0.0,,68.5,58.65,68.62,52.97,52.97,,0.0,0.0,0.0,,0.0,0.0,0.0,0.0,0.0,0.0,7.35198,3.35,12.3145665,0.0,1.17,0.0,0.0,0.28,0.0,0.0,3.56,0.0,0.0,-1.12,0.0,0.0,9.53,0.0,0.0,-7.6,0.0,-0.0049823611,,11212.4124,211.117492,1.13668423,8548.48287,83.8478798,1.00183862,99.67692,0.866622216,99.99998999999998,100.0,False
2026-06-04 00:00:00,0.0,,58.9,51.1,54.8,50.16,50.16,,0.0,0.0,0.0,,0.0,0.0,0.0,0.0,0.0,0.0,7.28608,3.35,12.204184,0.0,1.17,0.0,0.0,0.28,0.0,0.0,3.56,0.0,0.0,-1.12,0.0,0.0,9.53,0.0,0.0,-7.6,0.0,-0.005039222233333334,,11212.4124,211.117796,1.13668423,8548.79208,83.8477863,1.00196634,99.67692,0.866653563,99.99998999999998,100.0,False
2026-06-04 00:30:00,0.0,,58.9,50.2,52.8,49.95,49.95,,0.0,0.0,0.0,,0.0,0.0,0.0,0.0,0.0,0.0,7.33756,3.35,12.290413000000001,0.0,1.17,0.0,0.0,0.28,0.0,0.0,3.56,0.0,0.0,-1.12,0.0,0.0,9.53,0.0,0.0,-7.6,0.0,-0.005038999966666667,,0.0,211.1181,0.0,0.427008627,83.8477062,0.000127710068,99.67692,4.32889869e-05,99.99998999999998,100.0,False
2026-06-04 01:00:00,0.0,,54.0,51.42,58.4,15.01,15.01,,0.0,0.0,0.0,,0.0,0.0,0.0,0.0,0.0,0.0,7.43146,3.35,12.447695500000002,0.0,1.17,0.0,0.0,0.28,0.0,0.0,3.56,0.0,0.0,-1.12,0.0,0.0,9.53,0.0,0.0,-7.6,0.0,-0.005017166633333333,,0.0,211.118252,0.0,0.810264965,83.847619,0.000254866785,99.67692,8.21424843e-05,99.99998999999998,100.0,False
2026-06-04 01:30:00,0.0,,54.0,50.0,60.0,7.14,7.14,,0.0,0.0,0.0,,0.0,0.0,0.0,0.0,0.0,0.0,7.35391,3.35,12.31779925,0.0,1.17,0.0,0.0,0.28,0.0,0.0,3.56,0.0,0.0,-1.12,0.0,0.0,9.53,0.0,0.0,-7.6,0.0,-0.004991583366666667,,0.0,211.118506,0.0,1.16943923,83.8475078,0.000381375111,99.67692,0.000118554606,99.99998999999998,100.0,False
2026-06-04 02:00:00,0.0,,53.49,46.32,59.57,5.83,5.83,,7.870500000000001,0.0,0.0,,-2.7,-80.4195,0.0,0.0,0.0,0.0,7.39463,3.35,12.38600525,0.0,1.17,0.0,0.0,0.28,0.0,0.0,3.56,0.0,0.0,-1.12,0.0,0.0,9.53,0.0,0.0,-7.6,0.0,-0.004987999933333333,,0.0,211.118759,0.0,1.51426035,83.8474345,0.000507792615,99.67692,0.000153511644,99.99998999999998,100.0,False
2026-06-04 02:30:00,0.0,,53.49,41.54,56.8,6.71,6.71,,13.42,0.0,0.0,,-4.0,-113.6,0.0,0.0,0.0,0.0,7.49914,3.35,12.561059499999999,0.0,1.17,0.0,0.0,0.28,0.0,0.0,3.56,0.0,0.0,-1.12,0.0,0.0,9.53,0.0,0.0,-7.6,0.0,-0.0049917222,,0.0,211.118963,0.0,1.90230457,83.8473415,0.00063430446,99.67692,0.000192850524,99.99998999999998,100.0,False
2026-06-04 03:00:00,0.0,,53.81,42.54,56.31,13.19,13.19,,0.6595,0.0,0.0,,0.0,0.0,-0.1,-2.1270000000000002,0.0,0.0,7.49451,3.35,12.55330425,0.0,0.84,0.0,0.0,1.95,0.0,0.0,3.47,0.0,0.0,0.62,0.0,0.0,9.78,0.0,0.0,-6.53,0.0,-0.0050227779,,0.0,211.119266,0.0,2.29590953,83.8472668,0.000761603395,99.67692,0.000232753137,99.99998999999998,100.0,False
2026-06-04 03:30:00,0.0,,53.81,41.47,56.01,18.06,18.06,,0.0,0.0,0.0,,0.0,0.0,0.0,0.0,0.0,0.0,7.50424,3.35,12.569602000000001,0.0,0.84,0.0,0.0,1.95,0.0,0.0,3.47,0.0,0.0,0.62,0.0,0.0,9.78,0.0,0.0,-6.53,0.0,-0.0049967499,,0.0,211.119418,0.0,2.67774615,83.8471752,0.000888242665,99.67692,0.000271462707,99.99998999999998,100.0,False
2026-06-04 04:00:00,0.0,,54.54,46.77,56.77,23.22,23.22,,92.88,0.0,0.0,,-4.0,-113.54,-4.0,-93.54,0.0,0.0,7.50803,3.35,12.57595025,0.0,0.84,0.0,0.0,1.95,0.0,0.0,3.47,0.0,0.0,0.62,0.0,0.0,9.78,0.0,0.0,-6.53,0.0,-0.004995805566666667,,0.0,211.119672,0.0,3.09468875,83.847106,0.001014858,99.67692,0.000313731227,99.99998999999998,100.0,False
2026-06-04 04:30:00,0.0,,54.54,35.33,56.98,78.2,78.2,,156.4,0.0,0.0,,0.0,0.0,-4.0,-70.66,0.0,0.0,7.40983,3.35,12.411465250000001,0.0,0.84,0.0,0.0,1.95,0.0,0.0,3.47,0.0,0.0,0.62,0.0,0.0,9.78,0.0,0.0,-6.53,0.0,-0.005008888933333334,,0.0,211.119874,0.0,3.43952456,83.8470409,0.00114180492,99.67692,0.000348689755,99.99998999999998,100.0,False
2026-06-04 05:00:00,0.0,,56.0,45.54,55.54,101.6,101.6,,203.2,0.0,0.0,,0.0,0.0,-4.0,-91.08,0.0,0.0,7.31555,3.35,12.253546250000001,0.0,0.84,0.0,0.0,1.95,0.0,0.0,3.47,0.0,0.0,0.62,0.0,0.0,9.78,0.0,0.0,-6.53,0.0,-0.0050110001,,0.0,211.120128,0.0,3.87417373,83.8469367,0.00126880535,99.67692,0.00039275332,99.99998999999998,100.0,False
2026-06-04 05:30:00,0.0,,56.0,46.46,55.0,104.0,104.0,,0.0,0.0,0.0,,0.0,0.0,0.0,0.0,0.0,0.0,6.95288,3.35,11.646074,0.0,0.84,0.0,0.0,1.95,0.0,0.0,3.47,0.0,0.0,0.62,0.0,0.0,9.78,0.0,0.0,-6.53,0.0,-0.0049835277,,0.0,211.120382,0.0,4.35600508,83.8468577,0.00139510951,99.67692,0.000441600087,99.99998999999998,100.0,False
2026-06-04 06:00:00,0.0,,71.53,53.7,57.61,22.84,22.84,,0.0,0.0,0.0,,0.0,0.0,0.0,0.0,0.0,0.0,6.70553,3.35,11.231762750000001,0.0,0.84,0.0,0.0,1.95,0.0,0.0,3.47,0.0,0.0,0.62,0.0,0.0,9.78,0.0,0.0,-6.53,0.0,-0.005028722266666666,,0.0,211.120584,0.0,4.75824406,83.8468081,0.0015225591,99.67692,0.000482377993,99.99998999999998,100.0,False
2026-06-04 06:30:00,0.0,,71.53,68.03,74.03,56.28,56.28,,0.0,0.0,0.0,,0.0,0.0,0.0,0.0,0.0,0.0,6.30564,3.35,10.561947000000002,0.0,0.84,0.0,0.0,1.95,0.0,0.0,3.47,0.0,0.0,0.62,0.0,0.0,9.78,0.0,0.0,-6.53,0.0,-0.0050142500000000005,,0.0,211.120888,0.0,5.13807871,83.8467222,0.00164964189,99.67692,0.000520884609,99.99998999999998,100.0,False
2026-06-04 07:00:00,0.0,,83.4,70.1,74.01,68.22,68.22,,0.0,0.0,0.0,,0.0,0.0,0.0,0.0,0.0,0.0,5.68361,3.35,9.52004675,0.0,3.39,0.0,0.0,2.38,0.0,0.0,10.38,0.0,0.0,-0.34,0.0,0.0,11.52,0.0,0.0,-8.61,0.0,-0.0049914167333333335,,0.0,211.121091,0.0,5.59691173,83.8466781,0.001776146,99.67692,0.000567399868,99.99998999999998,100.0,False
2026-06-04 07:30:00,0.0,,83.4,82.0,75.99,35.49,35.49,,-39.03900000000001,0.0,0.0,,0.0,0.0,2.2,90.2,0.0,0.0,4.95328,3.35,8.296744,0.0,3.39,0.0,0.0,2.38,0.0,0.0,10.38,0.0,0.0,-0.34,0.0,0.0,11.52,0.0,0.0,-8.61,0.0,-0.005006333333333333,,0.0,211.121395,0.0,6.05867821,83.8466467,0.00190302815,99.67692,0.000614212512,99.99998999999998,100.0,False
2026-06-04 08:00:00,0.0,,80.0,81.5,74.53,66.49,66.49,,-359.046,0.0,0.0,,5.4,201.23100000000002,5.4,220.05,0.0,0.0,4.21256,3.35,7.056038,0.0,3.39,0.0,0.0,2.38,0.0,0.0,10.38,0.0,0.0,-0.34,0.0,0.0,11.52,0.0,0.0,-8.61,0.0,-0.004954083366666666,,0.0,211.121547,0.0,6.50653166,83.8466146,0.00202858606,99.67692,0.000659614691,99.99998999999998,100.0,False
2026-06-04 08:30:00,0.0,,80.0,78.03,74.99,60.15,60.15,,-288.71999999999997,0.0,0.0,,4.8,179.97599999999997,4.8,187.272,0.0,0.0,4.71971,3.35,7.90551425,0.0,3.39,0.0,0.0,2.38,0.0,0.0,10.38,0.0,0.0,-0.34,0.0,0.0,11.52,0.0,0.0,-8.61,0.0,-0.0049375,,0.0,211.121801,0.0,7.06766038,83.8466303,0.00215372369,99.67692,0.000716500413,99.99998999999998,100.0,False
2026-06-04 09:00:00,0.0,,67.62,81.64,83.5,59.11,59.11,,0.0,0.0,0.0,,0.0,0.0,0.0,0.0,0.0,0.0,4.02832,3.35,6.747436,0.0,3.39,0.0,0.0,2.38,0.0,0.0,10.38,0.0,0.0,-0.34,0.0,0.0,11.52,0.0,0.0,-8.61,0.0,-0.0049440833333333324,,0.0,211.122054,0.0,7.55897867,83.8466129,0.00227902816,99.67692,0.00076630894,99.99998999999998,100.0,False
2026-06-04 09:30:00,0.0,,67.62,77.6,77.0,52.91,52.91,,0.0,0.0,0.0,,0.0,0.0,0.0,0.0,0.0,0.0,3.62473,3.35,6.07142275,0.0,3.39,0.0,0.0,2.38,0.0,0.0,10.38,0.0,0.0,-0.34,0.0,0.0,11.52,0.0,0.0,-8.61,0.0,-0.004932805566666667,,0.0,211.122257,0.0,8.10081462,83.8465858,0.0024040468,99.67692,0.000821238813,99.99998999999998,100.0,False
2026-06-04 10:00:00,0.0,,59.94,79.25,73.39,1.31,1.31,,0.0,0.0,0.0,,0.0,0.0,0.0,0.0,0.0,0.0,0.0,3.35,0,0.0,3.39,0.0,0.0,2.38,0.0,0.0,10.38,0.0,0.0,-0.34,0.0,0.0,11.52,0.0,0.0,-8.61,0.0,-0.005010277766666667,,0.0,211.122459,0.0,8.63619487,83.8465909,0.00253102893,99.67692,0.000875514223,99.99998999999998,100.0,False
2026-06-04 10:30:00,0.0,,59.94,64.3,61.11,-3.36,-3.36,,0.0,0.0,0.0,,0.0,0.0,0.0,0.0,0.0,0.0,0.0,3.35,0,0.0,3.39,0.0,0.0,2.38,0.0,0.0,10.38,0.0,0.0,-0.34,0.0,0.0,11.52,0.0,0.0,-8.61,0.0,-0.004980722266666667,,0.0,211.122713,0.0,9.1785252,83.8465863,0.00265726198,99.67692,0.000930494214,99.99998999999998,100.0,False
2026-06-04 11:00:00,0.0,,46.3,50.52,49.01,-7.4,-7.4,,0.0,0.0,0.0,,0.0,0.0,0.0,0.0,0.0,0.0,0.0,3.35,0,0.0,1.78,0.0,0.0,2.08,0.0,0.0,4.24,0.0,0.0,3.54,0.0,0.0,6.33,0.0,0.0,-3.57,0.0,-0.0050158056,,0.0,211.122966,0.0,9.75253819,83.8465945,0.00278438421,99.67692,0.000988686108,99.99998999999998,100.0,False
2026-06-04 11:30:00,0.0,,46.3,45.87,48.8,-5.07,-5.07,,0.0,0.0,0.0,,0.0,0.0,0.0,0.0,0.0,0.0,0.0,3.35,0,0.0,1.78,0.0,0.0,2.08,0.0,0.0,4.24,0.0,0.0,3.54,0.0,0.0,6.33,0.0,0.0,-3.57,0.0,-0.0049543888999999995,,0.0,211.123119,0.0,10.3287769,83.8465871,0.00290994986,99.67692,0.00104710364,99.99998999999998,100.0,False
2026-06-04 12:00:00,0.0,,39.29,38.25,41.68,-6.74,-6.74,,0.0,0.0,0.0,,0.0,0.0,0.0,0.0,0.0,0.0,0.0,3.35,0,0.0,1.78,0.0,0.0,2.08,0.0,0.0,4.24,0.0,0.0,3.54,0.0,0.0,6.33,0.0,0.0,-3.57,0.0,-0.0049511666,,0.0,211.123372,0.0,10.9084238,83.846583,0.00303543385,99.67692,0.00110586668,99.99998999999998,100.0,False
2026-06-04 12:30:00,0.0,,39.29,28.4,32.68,-7.19,-7.19,,0.0,0.0,0.0,,0.0,0.0,0.0,0.0,0.0,0.0,0.0,3.35,0,0.0,1.78,0.0,0.0,2.08,0.0,0.0,4.24,0.0,0.0,3.54,0.0,0.0,6.33,0.0,0.0,-3.57,0.0,-0.0049819444666666666,,0.0,211.123626,0.0,11.5084599,83.8465495,0.00316169789,99.67692,0.00116669673,99.99998999999998,100.0,False
2026-06-04 13:00:00,0.0,,36.98,23.6,24.9,-8.42,-8.42,,0.0,0.0,0.0,,0.0,0.0,0.0,0.0,0.0,0.0,0.0,3.35,0,0.0,1.78,0.0,0.0,2.08,0.0,0.0,4.24,0.0,0.0,3.54,0.0,0.0,6.33,0.0,0.0,-3.57,0.0,-0.004937944400000001,,0.0,211.123777,0.0,12.0591355,83.8465449,0.00328684676,99.67692,0.00122252274,99.99998999999998,100.0,False
2026-06-04 13:30:00,0.0,,36.98,21.02,14.38,-30.0,-30.0,,0.0,0.0,0.0,,0.0,0.0,0.0,0.0,0.0,0.0,7.50154,3.35,12.565079500000001,0.0,1.78,0.0,0.0,2.08,0.0,0.0,4.24,0.0,0.0,3.54,0.0,0.0,6.33,0.0,0.0,-3.57,0.0,-0.0049717222,,0.0,211.12398,0.0,12.6307479,83.8465587,0.00341285173,99.67692,0.00128047127,99.99998999999998,100.0,False
2026-06-04 14:00:00,0.0,,34.59,16.02,19.36,-70.18,-70.18,,-140.36,0.0,0.0,,0.0,0.0,-4.0,-32.04,0.0,0.0,7.40546,3.35,12.4041455,0.0,1.78,0.0,0.0,2.08,0.0,0.0,4.24,0.0,0.0,3.54,0.0,0.0,6.33,0.0,0.0,-3.57,0.0,-0.004994250033333334,,0.0,211.124284,0.0,13.1866325,83.8465459,0.00353942764,99.67692,0.00133682536,99.99998999999998,100.0,False
2026-06-04 14:30:00,0.0,,34.59,9.88,10.0,-70.18,-70.18,,-140.36,0.0,0.0,,0.0,0.0,-4.0,-19.76,0.0,0.0,7.47918,3.35,12.5276265,0.0,1.78,0.0,0.0,2.08,0.0,0.0,4.24,0.0,0.0,3.54,0.0,0.0,6.33,0.0,0.0,-3.57,0.0,-0.004974194433333333,,0.0,211.124437,0.0,13.7742627,83.8465251,0.00366549525,99.67692,0.00139639773,99.99998999999998,100.0,False
2026-06-04 15:00:00,0.0,,40.0,8.0,12.0,-68.41,-68.41,,-273.64,0.0,0.0,,-4.0,-24.0,-4.0,-16.0,0.0,0.0,7.44332,3.35,12.467561,0.0,1.47,0.0,0.0,4.11,0.0,0.0,5.89,0.0,0.0,4.0,0.0,0.0,12.78,0.0,0.0,0.43,0.0,-0.004951222166666667,,0.0,211.12474,0.0,14.274345,83.8465088,0.00379098066,99.67692,0.00144709473,99.99998999999998,100.0,False
2026-06-04 15:30:00,0.0,,40.0,9.28,18.2,-68.41,-68.41,,-164.184,0.0,0.0,,-2.4,-21.84,-2.4,-11.136,0.0,0.0,7.48805,3.35,12.54248375,0.0,1.47,0.0,0.0,4.11,0.0,0.0,5.89,0.0,0.0,4.0,0.0,0.0,12.78,0.0,0.0,0.43,0.0,-0.004898583299999999,,0.0,211.124842,0.0,14.7798432,83.8464784,0.00391513196,99.67692,0.00149834078,99.99998999999998,100.0,False
2026-06-04 16:00:00,0.0,,64.78,24.0,22.28,-28.7,-28.7,,0.0,0.0,0.0,,0.0,0.0,0.0,0.0,0.0,0.0,7.49706,3.35,12.5575755,0.0,1.47,0.0,0.0,4.11,0.0,0.0,5.89,0.0,0.0,4.0,0.0,0.0,12.78,0.0,0.0,0.43,0.0,-0.005005611133333333,,0.0,211.125248,0.0,15.3622964,83.8464501,0.00404199581,99.67692,0.00155738832,99.99998999999998,100.0,False
2026-06-04 16:30:00,0.0,,64.78,48.63,48.0,10.95,10.95,,0.0,0.0,0.0,,0.0,0.0,0.0,0.0,0.0,0.0,2.75594,3.35,4.6161995,0.0,1.47,0.0,0.0,4.11,0.0,0.0,5.89,0.0,0.0,4.0,0.0,0.0,12.78,0.0,0.0,0.43,0.0,-0.004964666666666667,,0.0,211.125248,0.0,15.8373174,83.8464092,0.00416782194,99.67692,0.00160554467,99.99998999999998,100.0,False
2026-06-04 17:00:00,0.0,,85.44,77.48,74.0,116.53,116.53,,0.0,0.0,0.0,,0.0,0.0,0.0,0.0,0.0,0.0,2.83267,3.35,4.74472225,0.0,1.47,0.0,0.0,4.11,0.0,0.0,5.89,0.0,0.0,4.0,0.0,0.0,12.78,0.0,0.0,0.43,0.0,-0.004916305566666667,,0.0,211.125704,0.0,16.2872261,83.8463997,0.00429242241,99.67692,0.0016511552,99.99998999999998,100.0,False
2026-06-04 17:30:00,0.143,,85.44,91.26,84.09,105.88,105.88,,-6.035160000000002,0.0,0.0,,0.2,8.409,0.2,9.126000000000001,0.0,0.0,3.91455,3.35,6.55687125,0.0,1.47,0.0,0.0,4.11,0.0,0.0,5.89,0.0,0.0,4.0,0.0,0.0,12.78,0.0,0.0,0.43,0.0,-0.0048983056666666676,,0.0,211.125805,0.0,16.7546046,83.8463499,0.00441656667,99.67692,0.00169853678,99.99998999999998,100.0,False
2026-06-04 18:00:00,2.568,,101.77,95.06,94.4,45.14,45.14,,-145.89247999999998,0.0,0.0,,5.8,273.76,5.8,275.674,0.0,0.0,5.52709,3.35,9.25787575,0.0,1.47,0.0,0.0,4.11,0.0,0.0,5.89,0.0,0.0,4.0,0.0,0.0,12.78,0.0,0.0,0.43,0.0,0.3028700186666667,,0.0,211.133763,0.0,172.309143,83.8497645,0.0122060929,99.67692,0.0174682378,99.99998999999998,100.0,False
2026-06-04 18:30:00,0.429,,101.77,98.27,97.77,57.0,57.0,,-334.647,0.0,0.0,,6.3,307.97549999999995,6.3,309.5505,0.0,0.0,5.64928,3.35,9.462544000000001,0.0,1.47,0.0,0.0,4.11,0.0,0.0,5.89,0.0,0.0,4.0,0.0,0.0,12.78,0.0,0.0,0.43,0.0,4.95501262,,0.0,211.260282,0.0,2662.90469,83.9377844,0.137787559,99.67692,0.26995812,99.99998999999998,100.0,False
2026-06-04 19:00:00,0.0,,113.1,98.46,90.81,61.94,61.94,,0.0,0.0,0.0,,0.0,0.0,0.0,0.0,0.0,0.0,6.49381,3.35,10.87713175,0.0,3.81,0.0,0.0,1.05,0.0,0.0,8.7,0.0,0.0,-0.02,0.0,0.0,28.28,0.0,0.0,-10.76,0.0,0.776932428,,0.0,211.280355,0.0,3056.09381,83.9735007,0.157478388,99.67692,0.309818576,99.99998999999998,100.0,False
2026-06-04 19:30:00,0.0,,113.1,99.6,92.9,65.0,65.0,,0.0,0.0,0.0,,0.0,0.0,0.0,0.0,0.0,0.0,6.90493,3.35,11.565757750000001,0.0,3.81,0.0,0.0,1.05,0.0,0.0,8.7,0.0,0.0,-0.02,0.0,0.0,28.28,0.0,0.0,-10.76,0.0,-0.004969055533333333,,0.0,211.280507,0.0,3056.60991,83.9734527,0.157604326,99.67692,0.309870897,99.99998999999998,100.0,False
2026-06-04 20:00:00,0.0,,107.5,101.92,102.0,65.0,65.0,,0.0,0.0,0.0,,0.0,0.0,0.0,0.0,0.0,0.0,7.09351,3.35,11.881629250000001,0.0,3.81,0.0,0.0,1.05,0.0,0.0,8.7,0.0,0.0,-0.02,0.0,0.0,28.28,0.0,0.0,-10.76,0.0,-0.005027000066666666,,0.0,211.280811,0.0,3057.095,83.9733967,0.157731732,99.67692,0.309920074,99.99998999999998,100.0,False
2026-06-04 20:30:00,0.0,,107.5,102.49,102.5,115.1,115.1,,0.0,0.0,0.0,,0.0,0.0,0.0,0.0,0.0,0.0,7.42969,3.35,12.44473075,0.0,3.81,0.0,0.0,1.05,0.0,0.0,8.7,0.0,0.0,-0.02,0.0,0.0,28.28,0.0,0.0,-10.76,0.0,-0.005041416666666667,,0.0,211.280963,0.0,3057.5823,83.9733591,0.157859503,99.67692,0.309969475,99.99998999999998,100.0,False
2026-06-04 21:00:00,0.0,,105.0,100.37,96.06,134.5,134.5,,0.0,0.0,0.0,,0.0,0.0,0.0,0.0,0.0,0.0,7.50879,3.35,12.577223250000001,0.0,3.81,0.0,0.0,1.05,0.0,0.0,8.7,0.0,0.0,-0.02,0.0,0.0,28.28,0.0,0.0,-10.76,0.0,-0.005037527833333333,,0.0,211.281268,0.0,3058.0652,83.9732855,0.157987176,99.67692,0.31001843,99.99998999999998,100.0,False
2026-06-04 21:30:00,0.0,,105.0,98.79,93.32,130.0,130.0,,0.0,0.0,0.0,,0.0,0.0,0.0,0.0,0.0,0.0,7.5014,3.35,12.564845,0.0,3.81,0.0,0.0,1.05,0.0,0.0,8.7,0.0,0.0,-0.02,0.0,0.0,28.28,0.0,0.0,-10.76,0.0,-0.005050527766666667,,0.0,211.28152,0.0,3058.47486,83.9732007,0.158115178,99.67692,0.310059961,99.99998999999998,100.0,False
2026-06-04 22:00:00,-0.02,,90.4,95.62,94.86,59.97,59.97,,0.0,-1.1994,0.0,,0.0,0.0,0.0,0.0,0.0,0.0,7.11003,3.35,11.909300250000001,0.0,3.81,0.0,0.0,1.05,0.0,0.0,8.7,0.0,0.0,-0.02,0.0,0.0,28.28,0.0,0.0,-10.76,0.0,-0.0050460833666666665,,0.0,211.281723,0.0,3058.88139,83.9731166,0.158243067,99.67692,0.310101174,99.99998999999998,100.0,False
2026-06-04 22:30:00,-0.914,,90.4,83.0,80.0,97.76,97.76,,-1.3686400000000012,0.0,0.0,,0.0,0.0,-1.8,-74.7,0.0,0.0,7.38203,3.35,12.364900250000002,0.0,3.81,0.0,0.0,1.05,0.0,0.0,8.7,0.0,0.0,-0.02,0.0,0.0,28.28,0.0,0.0,-10.76,0.0,-0.06197383556666667,,28.90783,211.283498,0.00293059811,3059.15355,83.9729953,0.159813753,99.67692,0.310128764,99.99998999999998,100.0,False
2026-06-04 23:00:00,0.0,,71.34,81.32,76.4,55.89,55.89,,0.0,0.0,0.0,,0.0,0.0,0.0,0.0,0.0,0.0,7.42942,3.35,12.444278500000001,0.0,0.3,0.0,0.0,2.43,0.0,0.0,2.5,0.0,0.0,0.97,0.0,0.0,11.78,0.0,0.0,-8.22,0.0,-1.7548736466666668,,903.393097,211.328256,0.091583564,3059.15355,83.9456343,0.204289846,99.67692,0.310128764,99.99998999999998,100.0,False
2026-06-04 23:30:00,0.0,,71.34,75.1,68.5,54.8,54.8,,0.0,0.0,0.0,,0.0,0.0,0.0,0.0,0.0,0.0,7.19292,3.35,12.048141000000001,0.0,0.3,0.0,0.0,2.43,0.0,0.0,2.5,0.0,0.0,0.97,0.0,0.0,11.78,0.0,0.0,-8.22,0.0,-0.005009388866666666,,903.393097,211.328357,0.091583564,3059.43555,83.9412103,0.204416805,99.67692,0.310157353,99.99998999999998,100.0,False
2026-06-05 00:00:00,0.0,,70.0,71.01,68.5,57.92,57.92,,0.0,0.0,0.0,,0.0,0.0,0.0,0.0,0.0,0.0,7.50847,3.35,12.57668725,0.0,0.3,0.0,0.0,2.43,0.0,0.0,2.5,0.0,0.0,0.97,0.0,0.0,11.78,0.0,0.0,-8.22,0.0,-0.005047083333333333,,903.393097,211.328712,0.091583564,3059.71351,83.9411567,0.20454472,99.67692,0.310185532,99.99998999999998,100.0,False
2026-06-05 00:30:00,-0.022,,70.0,71.92,68.5,61.63,61.63,,0.0,-1.35586,0.0,,0.0,0.0,0.0,0.0,0.0,0.0,7.49933,3.35,12.56137775,0.0,0.3,0.0,0.0,2.43,0.0,0.0,2.5,0.0,0.0,0.97,0.0,0.0,11.78,0.0,0.0,-8.22,0.0,-0.005033555633333333,,0.0,211.328965,0.0,0.199347823,83.9411079,0.000127572085,99.67692,2.02093465e-05,99.99998999999998,100.0,False
2026-06-05 01:00:00,-1.269,,70.0,69.95,68.5,57.0,57.0,,-3.932999999999997,0.0,0.0,,0.0,0.0,-2.4,-83.94,0.0,0.0,7.38096,3.35,12.363108,0.0,0.3,0.0,0.0,2.43,0.0,0.0,2.5,0.0,0.0,0.97,0.0,0.0,11.78,0.0,0.0,-8.22,0.0,-0.07233380606666666,,34.3467133,211.330942,0.00348197748,0.364805822,83.9410043,0.00196082379,99.67692,3.69830337e-05,99.99998999999998,100.0,False
2026-06-05 01:30:00,-2.047,,70.0,70.0,68.5,44.91,44.91,,-2.1107700000000067,0.0,0.0,,0.0,0.0,-4.0,-140.0,0.0,0.0,7.52953,3.35,12.61196275,0.0,0.3,0.0,0.0,2.43,0.0,0.0,2.5,0.0,0.0,0.97,0.0,0.0,11.78,0.0,0.0,-8.22,0.0,-2.4783420333333335,,1272.75895,211.393897,0.129028881,0.364805822,83.9043462,0.0647727375,99.67692,3.69830337e-05,99.99998999999998,100.0,False
2026-06-05 02:00:00,-2.046,,70.42,69.6,68.01,49.17,49.17,,-2.2618199999999913,0.0,0.0,,0.0,0.0,-4.0,-139.2,0.0,0.0,7.51966,3.35,12.5954305,0.0,0.3,0.0,0.0,2.43,0.0,0.0,2.5,0.0,0.0,0.97,0.0,0.0,11.78,0.0,0.0,-8.22,0.0,-3.9570268333333334,,3256.18761,211.494565,0.330103548,0.364805822,83.838497,0.165060923,99.67692,3.69830337e-05,99.99998999999998,100.0,False
2026-06-05 02:30:00,-1.319,,70.42,68.72,68.5,95.26,95.26,,64.87206,0.0,0.0,,0.0,0.0,-4.0,-137.44,0.0,0.0,7.48586,3.35,12.5388155,0.0,0.3,0.0,0.0,2.43,0.0,0.0,2.5,0.0,0.0,0.97,0.0,0.0,11.78,0.0,0.0,-8.22,0.0,-3.9561287333333333,,5238.75121,211.595131,0.531090517,0.364805822,83.7691006,0.265326348,99.67692,3.69830337e-05,99.99998999999998,100.0,False
2026-06-05 03:00:00,0.0,,74.55,70.0,62.0,65.42,65.42,,0.0,0.0,0.0,,0.0,0.0,0.0,0.0,0.0,0.0,7.5283,3.35,12.6099025,0.0,1.53,0.0,0.0,1.33,0.0,0.0,5.05,0.0,0.0,-0.19,0.0,0.0,10.65,0.0,0.0,-6.42,0.0,-2.509036221666667,,6494.40307,211.658949,0.658385127,0.364805822,83.7138904,0.328916186,99.67692,3.69830337e-05,99.99998999999998,100.0,False
2026-06-05 03:30:00,0.0,,74.55,67.95,56.0,69.2,69.2,,0.0,0.0,0.0,,0.0,0.0,0.0,0.0,0.0,0.0,7.54295,3.35,12.63444125,0.0,1.53,0.0,0.0,1.33,0.0,0.0,5.05,0.0,0.0,-0.19,0.0,0.0,10.65,0.0,0.0,-6.42,0.0,-0.005030666633333333,,6494.40307,211.659202,0.658385127,0.469481487,83.7135081,0.329043684,99.67692,4.75947713e-05,99.99998999999998,100.0,False
2026-06-05 04:00:00,0.0,,81.28,66.47,68.0,95.0,95.0,,0.0,0.0,0.0,,0.0,0.0,0.0,0.0,0.0,0.0,7.39002,3.35,12.3782835,0.0,1.53,0.0,0.0,1.33,0.0,0.0,5.05,0.0,0.0,-0.19,0.0,0.0,10.65,0.0,0.0,-6.42,0.0,-0.005050750033333333,,6494.43279,211.659506,0.65838814,0.546638477,83.713438,0.329171691,99.67692,5.54167395e-05,99.99998999999998,100.0,False
2026-06-05 04:30:00,0.0,,81.28,73.57,68.0,61.57,61.57,,0.0,0.0,0.0,,0.0,0.0,0.0,0.0,0.0,0.0,7.3122,3.35,12.247935,0.0,1.53,0.0,0.0,1.33,0.0,0.0,5.05,0.0,0.0,-0.19,0.0,0.0,10.65,0.0,0.0,-6.42,0.0,-0.0050436111,,6494.43279,211.659658,0.65838814,0.692575267,83.7133735,0.329299519,99.67692,7.0211419e-05,99.99998999999998,100.0,False
2026-06-05 05:00:00,0.0,,88.98,93.23,92.7,59.2,59.2,,0.0,0.0,0.0,,0.0,0.0,0.0,0.0,0.0,0.0,7.30175,3.35,12.23043125,0.0,1.53,0.0,0.0,1.33,0.0,0.0,5.05,0.0,0.0,-0.19,0.0,0.0,10.65,0.0,0.0,-6.42,0.0,-0.0050245278,,6494.44775,211.659911,0.658389657,0.809401865,83.7133042,0.329426862,99.67692,8.20549855e-05,99.99998999999998,100.0,False
2026-06-05 05:30:00,0.0,,88.98,96.12,100.92,76.59,76.59,,0.0,0.0,0.0,,0.0,0.0,0.0,0.0,0.0,0.0,6.89133,3.35,11.54297775,0.0,1.53,0.0,0.0,1.33,0.0,0.0,5.05,0.0,0.0,-0.19,0.0,0.0,10.65,0.0,0.0,-6.42,0.0,-0.005012638933333333,,6494.49105,211.660165,0.658394047,0.847848724,83.7132348,0.329553904,99.67692,8.59526248e-05,99.99998999999998,100.0,False
2026-06-05 06:00:00,0.0,,103.61,93.8,97.2,68.2,68.2,,0.0,0.0,0.0,,0.0,0.0,0.0,0.0,0.0,0.0,6.66315,3.35,11.16077625,0.0,1.53,0.0,0.0,1.33,0.0,0.0,5.05,0.0,0.0,-0.19,0.0,0.0,10.65,0.0,0.0,-6.42,0.0,-0.004988055566666667,,6494.49138,211.660368,0.65839408,0.931375701,83.7131982,0.329680323,99.67692,9.44203652e-05,99.99998999999998,100.0,False
2026-06-05 06:30:00,0.0,,103.61,111.22,114.95,80.61,80.61,,0.0,0.0,0.0,,0.0,0.0,0.0,0.0,0.0,0.0,6.24421,3.35,10.45905175,0.0,1.53,0.0,0.0,1.33,0.0,0.0,5.05,0.0,0.0,-0.19,0.0,0.0,10.65,0.0,0.0,-6.42,0.0,-0.0049830834,,6494.49138,211.660671,0.65839408,1.08576563,83.7131552,0.329806616,99.67692,0.000110072001,99.99998999999998,100.0,False
2026-06-05 07:00:00,0.0,,101.08,118.96,114.0,80.5,80.5,,0.0,0.0,0.0,,0.0,0.0,0.0,0.0,0.0,0.0,5.50525,3.35,9.221293750000001,0.0,1.28,0.0,0.0,1.43,0.0,0.0,4.88,0.0,0.0,-2.26,0.0,0.0,13.15,0.0,0.0,-13.93,0.0,-0.004983611133333334,,6494.49138,211.660824,0.65839408,1.17362757,83.7131109,0.329932922,99.67692,0.000118979209,99.99998999999998,100.0,False
2026-06-05 07:30:00,0.0,,101.08,114.0,122.0,129.0,129.0,,0.0,0.0,0.0,,0.0,0.0,0.0,0.0,0.0,0.0,5.0475,3.35,8.454562500000002,0.0,1.28,0.0,0.0,1.43,0.0,0.0,4.88,0.0,0.0,-2.26,0.0,0.0,13.15,0.0,0.0,-13.93,0.0,-0.004953527833333333,,6494.49138,211.661128,0.65839408,1.32225459,83.7130421,0.330058466,99.67692,0.000134046616,99.99998999999998,100.0,False
2026-06-05 08:00:00,0.0,,100.35,112.0,114.2,115.54,115.54,,0.0,0.0,0.0,,0.0,0.0,0.0,0.0,0.0,0.0,3.88862,3.35,6.5134385,0.0,1.28,0.0,0.0,1.43,0.0,0.0,4.88,0.0,0.0,-2.26,0.0,0.0,13.15,0.0,0.0,-13.93,0.0,-0.004976527733333334,,6494.49138,211.661229,0.65839408,1.51241658,83.7130027,0.330184592,99.67692,0.000153324728,99.99998999999998,100.0,False
2026-06-05 08:30:00,0.0,,100.35,108.82,104.0,114.14,114.14,,0.0,0.0,0.0,,0.0,0.0,0.0,0.0,0.0,0.0,2.7666,3.35,4.634055,0.0,1.28,0.0,0.0,1.43,0.0,0.0,4.88,0.0,0.0,-2.26,0.0,0.0,13.15,0.0,0.0,-13.93,0.0,-0.004968972166666666,,6494.49138,211.661584,0.65839408,1.71988627,83.7129563,0.330310528,99.67692,0.000174357447,99.99998999999998,100.0,False
2026-06-05 09:00:00,0.0,,95.2,104.6,106.0,87.23,87.23,,0.0,0.0,0.0,,0.0,0.0,0.0,0.0,0.0,0.0,4.06604,3.35,6.810617000000001,0.0,1.28,0.0,0.0,1.43,0.0,0.0,4.88,0.0,0.0,-2.26,0.0,0.0,13.15,0.0,0.0,-13.93,0.0,-0.0050060554999999994,,6494.49138,211.661736,0.65839408,2.03422525,83.7129344,0.330437403,99.67692,0.000206224288,99.99998999999998,100.0,False
2026-06-05 09:30:00,0.0,,95.2,96.67,99.98,127.0,127.0,,0.0,0.0,0.0,,0.0,0.0,0.0,0.0,0.0,0.0,4.46589,3.35,7.48036575,0.0,1.28,0.0,0.0,1.43,0.0,0.0,4.88,0.0,0.0,-2.26,0.0,0.0,13.15,0.0,0.0,-13.93,0.0,-0.0049176944666666665,,6494.49138,211.661939,0.65839408,2.26826248,83.7129194,0.330562038,99.67692,0.000229950354,99.99998999999998,100.0,False
2026-06-05 10:00:00,0.0,,92.52,98.73,105.46,123.18,123.18,,0.0,0.0,0.0,,0.0,0.0,0.0,0.0,0.0,0.0,3.1972,3.35,5.35531,0.0,1.28,0.0,0.0,1.43,0.0,0.0,4.88,0.0,0.0,-2.26,0.0,0.0,13.15,0.0,0.0,-13.93,0.0,-0.0049680834,,6494.49138,211.662193,0.65839408,2.55485791,83.7128967,0.330687952,99.67692,0.000259004628,99.99998999999998,100.0,False
2026-06-05 10:30:00,-0.001,,92.52,100.0,104.84,127.0,127.0,,0.0,-0.127,0.0,,0.0,0.0,0.0,0.0,0.0,0.0,2.04526,3.35,3.4258105,0.0,1.28,0.0,0.0,1.43,0.0,0.0,4.88,0.0,0.0,-2.26,0.0,0.0,13.15,0.0,0.0,-13.93,0.0,-0.004898222233333333,,6494.49138,211.662396,0.65839408,2.69198972,83.7128866,0.330812093,99.67692,0.000272906682,99.99998999999998,100.0,False
2026-06-05 11:00:00,0.0,,98.56,103.9,110.2,92.35,92.35,,0.0,0.0,0.0,,0.0,0.0,0.0,0.0,0.0,0.0,3.43325,3.35,5.75069375,0.0,1.26,0.0,0.0,0.9,0.0,0.0,4.52,0.0,0.0,-1.46,0.0,0.0,13.64,0.0,0.0,-13.25,0.0,-0.006676388766666666,,6495.21531,211.662649,0.65846747,2.74456676,83.7128752,0.330981302,99.67692,0.000278236801,99.99998999999998,100.0,False
2026-06-05 11:30:00,0.0,,98.56,102.95,108.0,108.95,108.95,,0.0,0.0,0.0,,0.0,0.0,0.0,0.0,0.0,0.0,1.94695,3.35,3.26114125,0.0,1.26,0.0,0.0,0.9,0.0,0.0,4.52,0.0,0.0,-1.46,0.0,0.0,13.64,0.0,0.0,-13.25,0.0,-0.0054140000666666665,,6495.32175,211.662902,0.658478261,2.81384872,83.71284,0.331118516,99.67692,0.00028526042,99.99998999999998,100.0,False
2026-06-05 12:00:00,0.0,,104.0,117.82,121.93,78.22,78.22,,0.0,0.0,0.0,,0.0,0.0,0.0,0.0,0.0,0.0,3.33583,3.35,5.58751525,0.0,1.26,0.0,0.0,0.9,0.0,0.0,4.52,0.0,0.0,-1.46,0.0,0.0,13.64,0.0,0.0,-13.25,0.0,-0.005555666700000001,,6495.45478,211.663155,0.658491747,2.89430881,83.7128244,0.331259321,99.67692,0.000293417248,99.99998999999998,100.0,False
2026-06-05 12:30:00,0.0,,104.0,118.1,116.22,70.8,70.8,,0.0,0.0,0.0,,0.0,0.0,0.0,0.0,0.0,0.0,3.05158,3.35,5.1113965,0.0,1.26,0.0,0.0,0.9,0.0,0.0,4.52,0.0,0.0,-1.46,0.0,0.0,13.64,0.0,0.0,-13.25,0.0,-0.0054543888666666665,,6495.60218,211.663358,0.65850669,3.07363278,83.7128171,0.331397559,99.67692,0.00031159663,99.99998999999998,100.0,False
2026-06-05 13:00:00,0.0,,106.0,113.74,108.29,70.75,70.75,,0.0,0.0,0.0,,0.0,0.0,0.0,0.0,0.0,0.0,1.43322,3.35,2.4006435,0.0,1.26,0.0,0.0,0.9,0.0,0.0,4.52,0.0,0.0,-1.46,0.0,0.0,13.64,0.0,0.0,-13.25,0.0,-0.005078361133333333,,6495.62532,211.663612,0.658509036,3.20844869,83.7127965,0.331526266,99.67692,0.000325263904,99.99998999999998,100.0,False
2026-06-05 13:30:00,0.0,,106.0,108.17,106.01,70.75,70.75,,0.0,0.0,0.0,,0.0,0.0,0.0,0.0,0.0,0.0,3.29317,3.35,5.51605975,0.0,1.26,0.0,0.0,0.9,0.0,0.0,4.52,0.0,0.0,-1.46,0.0,0.0,13.64,0.0,0.0,-13.25,0.0,-0.0063736945,,6496.16015,211.663815,0.658563255,3.2920917,83.7127726,0.331687803,99.67692,0.000333743408,99.99998999999998,100.0,False
2026-06-05 14:00:00,0.0,,103.98,106.08,106.04,70.75,70.75,,0.0,0.0,0.0,,0.0,0.0,0.0,0.0,0.0,0.0,1.69196,3.35,2.834033,0.0,1.26,0.0,0.0,0.9,0.0,0.0,4.52,0.0,0.0,-1.46,0.0,0.0,13.64,0.0,0.0,-13.25,0.0,-0.005474194266666667,,6496.36229,211.664068,0.658583748,3.46367655,83.712734,0.331826543,99.67692,0.000351138219,99.99998999999998,100.0,False
2026-06-05 14:30:00,-0.001,,103.98,101.98,103.0,93.45,93.45,,0.0,-0.09345,0.0,,0.0,0.0,0.0,0.0,0.0,0.0,0.56689,3.35,0.94954075,0.0,1.26,0.0,0.0,0.9,0.0,0.0,4.52,0.0,0.0,-1.46,0.0,0.0,13.64,0.0,0.0,-13.25,0.0,-0.0060047499333333336,,6496.71895,211.664372,0.658619905,3.55867135,83.7127163,0.331978729,99.67692,0.000360768536,99.99998999999998,100.0,False
2026-06-05 15:00:00,0.0,,105.43,101.47,104.0,71.5,71.5,,0.0,0.0,0.0,,0.0,0.0,0.0,0.0,0.0,0.0,2.60858,3.35,4.3693715,0.0,1.57,0.0,0.0,1.86,0.0,0.0,7.68,0.0,0.0,0.0,0.0,0.0,15.29,0.0,0.0,-9.43,0.0,-0.0070532221333333344,,6497.44065,211.664575,0.658693069,3.55867135,83.7126874,0.332157488,99.67692,0.000360768536,99.99998999999998,100.0,False
2026-06-05 15:30:00,0.0,,105.43,102.52,104.16,71.75,71.75,,0.0,0.0,0.0,,0.0,0.0,0.0,0.0,0.0,0.0,2.59547,3.35,4.3474122500000005,0.0,1.57,0.0,0.0,1.86,0.0,0.0,7.68,0.0,0.0,0.0,0.0,0.0,15.29,0.0,0.0,-9.43,0.0,-0.005221500033333333,,6497.49367,211.664879,0.658698444,3.70588736,83.7126669,0.332289824,99.67692,0.0003756929,99.99998999999998,100.0,False
2026-06-05 16:00:00,0.0,,110.0,108.43,108.0,71.5,71.5,,0.0,0.0,0.0,,0.0,0.0,0.0,0.0,0.0,0.0,2.86097,3.35,4.79212475,0.0,1.57,0.0,0.0,1.86,0.0,0.0,7.68,0.0,0.0,0.0,0.0,0.0,15.29,0.0,0.0,-9.43,0.0,-0.005241611133333333,,6497.66415,211.665082,0.658715727,3.98021853,83.7126463,0.332422669,99.67692,0.000403503856,99.99998999999998,100.0,False
2026-06-05 16:30:00,0.0,,110.0,102.96,106.0,71.0,71.0,,0.0,0.0,0.0,,0.0,0.0,0.0,0.0,0.0,0.0,3.5437,3.35,5.9356975,0.0,1.57,0.0,0.0,1.86,0.0,0.0,7.68,0.0,0.0,0.0,0.0,0.0,15.29,0.0,0.0,-9.43,0.0,-0.004913777866666667,,6497.66415,211.665285,0.658715727,4.33352653,83.7126404,0.332547205,99.67692,0.000439321272,99.99998999999998,100.0,False
2026-06-05 17:00:00,0.005,,112.32,118.8,113.22,82.5,82.5,,0.0,0.41250000000000003,0.0,,0.0,0.0,0.0,0.0,0.0,0.0,4.10976,3.35,6.8838479999999995,0.0,1.57,0.0,0.0,1.86,0.0,0.0,7.68,0.0,0.0,0.0,0.0,0.0,15.29,0.0,0.0,-9.43,0.0,-0.004962527733333334,,6497.66415,211.665538,0.658715727,4.69899283,83.712582,0.332672978,99.67692,0.000476371263,99.99998999999998,100.0,False
2026-06-05 17:30:00,0.309,,112.32,122.36,114.07,84.1,84.1,,4.961899999999999,0.0,0.0,,0.0,0.0,0.5,30.59,0.0,0.0,5.26363,3.35,8.81658025,0.0,1.57,0.0,0.0,1.86,0.0,0.0,7.68,0.0,0.0,0.0,0.0,0.0,15.29,0.0,0.0,-9.43,0.0,0.010694332800000003,,6497.66415,211.666096,0.658715727,12.9701401,83.7125243,0.333111098,99.67692,0.00131487794,99.99998999999998,100.0,False
2026-06-05 18:00:00,2.897,,125.43,129.82,125.04,87.0,87.0,,4.088999999999975,0.0,0.0,,0.0,0.0,5.7,369.98699999999997,0.0,0.0,6.21202,3.35,10.4051335,0.0,1.57,0.0,0.0,1.86,0.0,0.0,7.68,0.0,0.0,0.0,0.0,0.0,15.29,0.0,0.0,-9.43,0.0,0.657254,,6497.66415,211.682975,0.658715727,346.620135,83.7217069,0.349768758,99.67692,0.0351394176,99.99998999999998,100.0,False
2026-06-05 18:30:00,3.083,,125.43,136.88,132.0,101.53,101.53,,-1.7260099999999903,0.0,0.0,,0.0,0.0,6.2,424.328,0.0,0.0,6.65191,3.35,11.14194925,0.0,1.57,0.0,0.0,1.86,0.0,0.0,7.68,0.0,0.0,0.0,0.0,0.0,15.29,0.0,0.0,-9.43,0.0,5.7081249000000005,,6497.66415,211.828249,0.658715727,3209.39667,83.8258735,0.494437349,99.67692,0.325360008,99.99998999999998,100.0,False
2026-06-05 19:00:00,0.0,,145.0,144.12,141.03,102.4,102.4,,0.0,0.0,0.0,,0.0,0.0,0.0,0.0,0.0,0.0,6.93872,3.35,11.622356,0.0,4.05,0.0,0.0,0.01,0.0,0.0,7.97,0.0,0.0,-3.76,0.0,0.0,25.36,0.0,0.0,-16.13,0.0,5.995366833333333,,6497.66415,211.98067,0.658715727,6214.85292,83.9537304,0.646385892,99.67692,0.630045085,99.99998999999998,100.0,False
2026-06-05 19:30:00,0.0,,145.0,142.95,140.01,106.8,106.8,,0.0,0.0,0.0,,0.0,0.0,0.0,0.0,0.0,0.0,7.03116,3.35,11.777193,0.0,4.05,0.0,0.0,0.01,0.0,0.0,7.97,0.0,0.0,-3.76,0.0,0.0,25.36,0.0,0.0,-16.13,0.0,-0.0050361943666666666,,6497.66415,211.980873,0.658715727,6215.17457,83.9714907,0.646513531,99.67692,0.630077693,99.99998999999998,100.0,False
2026-06-05 20:00:00,0.0,,146.59,143.01,137.48,137.67,137.67,,0.0,0.0,0.0,,0.0,0.0,0.0,0.0,0.0,0.0,7.21356,3.35,12.082713,0.0,4.05,0.0,0.0,0.01,0.0,0.0,7.97,0.0,0.0,-3.76,0.0,0.0,25.36,0.0,0.0,-16.13,0.0,-0.0050206111999999995,,6497.66415,211.981024,0.658715727,6215.4331,83.9714891,0.646640775,99.67692,0.630103902,99.99998999999998,100.0,False
2026-06-05 20:30:00,0.0,,146.59,143.28,136.67,160.0,160.0,,0.0,0.0,0.0,,0.0,0.0,0.0,0.0,0.0,0.0,7.37669,3.35,12.35595575,0.0,4.05,0.0,0.0,0.01,0.0,0.0,7.97,0.0,0.0,-3.76,0.0,0.0,25.36,0.0,0.0,-16.13,0.0,-0.0049809167,,6497.66415,211.981379,0.658715727,6215.7602,83.9714529,0.646767013,99.67692,0.630137062,99.99998999999998,100.0,False
2026-06-05 21:00:00,0.0,,135.0,141.56,142.68,96.56,96.56,,0.0,0.0,0.0,,0.0,0.0,0.0,0.0,0.0,0.0,7.50694,3.35,12.5741245,0.0,4.05,0.0,0.0,0.01,0.0,0.0,7.97,0.0,0.0,-3.76,0.0,0.0,25.36,0.0,0.0,-16.13,0.0,-0.004987555566666667,,6497.66415,211.981632,0.658715727,6216.11111,83.9713786,0.64689342,99.67692,0.630172636,99.99998999999998,100.0,False
2026-06-05 21:30:00,0.0,,135.0,142.64,137.1,88.5,88.5,,0.0,0.0,0.0,,0.0,0.0,0.0,0.0,0.0,0.0,7.31129,3.35,12.246410749999999,0.0,4.05,0.0,0.0,0.01,0.0,0.0,7.97,0.0,0.0,-3.76,0.0,0.0,25.36,0.0,0.0,-16.13,0.0,-0.005020500066666667,,6497.66415,211.981886,0.658715727,6216.40461,83.971321,0.64702066,99.67692,0.630202391,99.99998999999998,100.0,False
2026-06-05 22:00:00,-0.019,,122.5,131.4,130.42,82.5,82.5,,0.0,-1.5675,0.0,,0.0,0.0,0.0,0.0,0.0,0.0,7.47414,3.35,12.519184500000001,0.0,4.05,0.0,0.0,0.01,0.0,0.0,7.97,0.0,0.0,-3.76,0.0,0.0,25.36,0.0,0.0,-16.13,0.0,-0.005002333366666667,,6497.66415,211.982089,0.658715727,6216.71711,83.9712782,0.647147442,99.67692,0.630234071,99.99998999999998,100.0,False
2026-06-05 22:30:00,-0.894,,122.5,125.22,127.7,82.5,82.5,,0.49500000000000044,0.0,0.0,,0.0,0.0,-1.8,-112.69800000000001,0.0,0.0,7.49745,3.35,12.55822875,0.0,4.05,0.0,0.0,0.01,0.0,0.0,7.97,0.0,0.0,-3.76,0.0,0.0,25.36,0.0,0.0,-16.13,0.0,-0.06204813863333333,,6526.60324,211.983812,0.661649494,6216.85869,83.971199,0.64872001,99.67692,0.630248424,99.99998999999998,100.0,False
2026-06-05 23:00:00,0.013,,123.07,110.0,117.01,125.2,125.2,,-92.2724,0.0,0.0,,1.5,87.75750000000001,0.0,0.0,0.0,0.0,7.40237,3.35,12.398969750000001,0.0,2.25,0.0,0.0,0.13,0.0,0.0,6.37,0.0,0.0,-3.56,0.0,0.0,19.08,0.0,0.0,-14.61,0.0,-1.7546990766666666,,7400.74617,212.028418,0.750267755,6216.85869,83.9439881,0.693191679,99.67692,0.630248424,99.99998999999998,100.0,False
2026-06-05 23:30:00,0.706,,123.07,110.0,112.0,128.51,128.51,,0.7710600000000006,0.0,0.0,,0.0,0.0,1.4,77.0,0.0,0.0,7.51116,3.35,12.581193,0.0,2.25,0.0,0.0,0.13,0.0,0.0,6.37,0.0,0.0,-3.56,0.0,0.0,19.08,0.0,0.0,-14.61,0.0,0.03616024993333333,,7400.74617,212.029837,0.750267755,6238.09592,83.9396095,0.694278015,99.67692,0.632401397,99.99998999999998,100.0,False
2026-06-06 00:00:00,0.0,,114.3,108.77,100.0,124.2,124.2,,0.0,0.0,0.0,,0.0,0.0,0.0,0.0,0.0,0.0,7.4281,3.35,12.4420675,0.0,2.25,0.0,0.0,0.13,0.0,0.0,6.37,0.0,0.0,-3.56,0.0,0.0,19.08,0.0,0.0,-14.61,0.0,1.3820013966666664,,7400.74617,212.065066,0.750267755,6930.53392,83.9652545,0.729303911,99.67692,0.702598901,99.99998999999998,100.0,False
2026-06-06 00:30:00,0.0,,114.3,104.78,100.0,128.41,128.41,,0.0,0.0,0.0,,0.0,0.0,0.0,0.0,0.0,0.0,7.37799,3.35,12.35813325,0.0,2.25,0.0,0.0,0.13,0.0,0.0,6.37,0.0,0.0,-3.56,0.0,0.0,19.08,0.0,0.0,-14.61,0.0,-0.0049560000666666664,,0.0,212.065269,0.0,0.131443423,83.9692645,0.000125606491,99.67692,1.33253809e-05,99.99998999999998,100.0,False
2026-06-06 01:00:00,0.0,,109.0,101.0,107.43,119.72,119.72,,0.0,0.0,0.0,,0.0,0.0,0.0,0.0,0.0,0.0,7.16285,3.35,11.99777375,0.0,2.25,0.0,0.0,0.13,0.0,0.0,6.37,0.0,0.0,-3.56,0.0,0.0,19.08,0.0,0.0,-14.61,0.0,-0.004973388866666667,,0.0,212.065573,0.0,0.305487232,83.9691911,0.00025165369,99.67692,3.09694745e-05,99.99998999999998,100.0,False
2026-06-06 01:30:00,0.0,,109.0,104.6,105.55,126.31,126.31,,0.0,0.0,0.0,,0.0,0.0,0.0,0.0,0.0,0.0,7.51206,3.35,12.5827005,0.0,2.25,0.0,0.0,0.13,0.0,0.0,6.37,0.0,0.0,-3.56,0.0,0.0,19.08,0.0,0.0,-14.61,0.0,-0.0049757778,,0.0,212.065624,0.0,0.454822633,83.9691312,0.000377761435,99.67692,4.6108696e-05,99.99998999999998,100.0,False
2026-06-06 02:00:00,0.0,,107.8,104.3,104.28,133.32,133.32,,0.0,0.0,0.0,,0.0,0.0,0.0,0.0,0.0,0.0,7.24834,3.35,12.1409695,0.0,2.25,0.0,0.0,0.13,0.0,0.0,6.37,0.0,0.0,-3.56,0.0,0.0,19.08,0.0,0.0,-14.61,0.0,-0.0049717222000000005,,0.0,212.065978,0.0,0.597080567,83.9690653,0.000503766395,99.67692,6.0530423e-05,99.99998999999998,100.0,False
2026-06-06 02:30:00,0.0,,107.8,103.0,105.08,103.28,103.28,,0.0,0.0,0.0,,0.0,0.0,0.0,0.0,0.0,0.0,7.45155,3.35,12.48134625,0.0,2.25,0.0,0.0,0.13,0.0,0.0,6.37,0.0,0.0,-3.56,0.0,0.0,19.08,0.0,0.0,-14.61,0.0,-0.0049986111000000005,,0.0,212.066181,0.0,0.804754573,83.9690037,0.00063045283,99.67692,8.15838556e-05,99.99998999999998,100.0,False
2026-06-06 03:00:00,0.0,,110.2,101.5,102.0,117.23,117.23,,0.0,0.0,0.0,,0.0,0.0,0.0,0.0,0.0,0.0,7.51221,3.35,12.58295175,0.0,2.65,0.0,0.0,0.63,0.0,0.0,9.23,0.0,0.0,-1.66,0.0,0.0,18.37,0.0,0.0,-11.74,0.0,-0.005019694433333333,,0.0,212.066485,0.0,1.07979911,83.9689526,0.000757673615,99.67692,0.000109467131,99.99998999999998,100.0,False
2026-06-06 03:30:00,0.0,,110.2,103.62,102.15,133.1,133.1,,0.0,0.0,0.0,,0.0,0.0,0.0,0.0,0.0,0.0,7.512,3.35,12.5826,0.0,2.65,0.0,0.0,0.63,0.0,0.0,9.23,0.0,0.0,-1.66,0.0,0.0,18.37,0.0,0.0,-11.74,0.0,-0.0049869722,,0.0,212.066638,0.0,1.36164326,83.9688874,0.000884065075,99.67692,0.000138039734,99.99998999999998,100.0,False
2026-06-06 04:00:00,0.0,,106.68,100.8,106.15,137.21,137.21,,0.0,0.0,0.0,,0.0,0.0,0.0,0.0,0.0,0.0,7.37504,3.35,12.353192,0.0,2.65,0.0,0.0,0.63,0.0,0.0,9.23,0.0,0.0,-1.66,0.0,0.0,18.37,0.0,0.0,-11.74,0.0,-0.005016611099999999,,0.0,212.066941,0.0,1.62717176,83.9688188,0.00101120772,99.67692,0.000164958299,99.99998999999998,100.0,False
2026-06-06 04:30:00,0.0,,106.68,99.94,102.01,124.58,124.58,,0.0,0.0,0.0,,0.0,0.0,0.0,0.0,0.0,0.0,7.46567,3.35,12.50499725,0.0,2.65,0.0,0.0,0.63,0.0,0.0,9.23,0.0,0.0,-1.66,0.0,0.0,18.37,0.0,0.0,-11.74,0.0,-0.004983055566666667,,0.0,212.067144,0.0,1.82592791,83.9687354,0.00113749991,99.67692,0.000185107664,99.99998999999998,100.0,False
2026-06-06 05:00:00,0.0,,101.4,91.91,94.88,122.58,122.58,,0.0,0.0,0.0,,0.0,0.0,0.0,0.0,0.0,0.0,7.39174,3.35,12.3811645,0.0,2.65,0.0,0.0,0.63,0.0,0.0,9.23,0.0,0.0,-1.66,0.0,0.0,18.37,0.0,0.0,-11.74,0.0,-0.0050346111333333336,,0.0,212.067347,0.0,2.07153781,83.9686438,0.00126509874,99.67692,0.000210006935,99.99998999999998,100.0,False
2026-06-06 05:30:00,0.0,,101.4,85.7,86.37,118.06,118.06,,0.0,0.0,0.0,,0.0,0.0,0.0,0.0,0.0,0.0,7.32106,3.35,12.2627755,0.0,2.65,0.0,0.0,0.63,0.0,0.0,9.23,0.0,0.0,-1.66,0.0,0.0,18.37,0.0,0.0,-11.74,0.0,-0.0049984722666666665,,0.0,212.06755,0.0,2.2753509,83.9685438,0.00139178167,99.67692,0.000230668958,99.99998999999998,100.0,False
2026-06-06 06:00:00,0.0,,99.46,67.07,60.85,119.3,119.3,,0.0,0.0,0.0,,0.0,0.0,0.0,0.0,0.0,0.0,6.93659,3.35,11.61878825,0.0,2.65,0.0,0.0,0.63,0.0,0.0,9.23,0.0,0.0,-1.66,0.0,0.0,18.37,0.0,0.0,-11.74,0.0,-0.0050181110666666666,,0.0,212.067905,0.0,2.52246017,83.9684871,0.00151896232,99.67692,0.000255720232,99.99998999999998,100.0,False
2026-06-06 06:30:00,0.0,,99.46,67.58,72.0,88.0,88.0,,0.0,0.0,0.0,,0.0,0.0,0.0,0.0,0.0,0.0,6.8415,3.35,11.4595125,0.0,2.65,0.0,0.0,0.63,0.0,0.0,9.23,0.0,0.0,-1.66,0.0,0.0,18.37,0.0,0.0,-11.74,0.0,-0.0050170833,,0.008946841,212.068057,9.07006693e-07,2.68291689,83.9683933,0.00164611692,99.67692,0.000271986903,99.99998999999998,100.0,False
2026-06-06 07:00:00,0.0,,93.56,60.85,41.42,70.0,70.0,,0.0,0.0,0.0,,0.0,0.0,0.0,0.0,0.0,0.0,6.88149,3.35,11.52649575,0.0,3.51,0.0,0.0,0.45,0.0,0.0,9.39,0.0,0.0,-2.82,0.0,0.0,14.43,0.0,0.0,-9.85,0.0,-0.005008722233333333,,0.008946841,212.068361,9.07006693e-07,2.99541497,83.96831,0.00177305962,99.67692,0.000303667118,99.99998999999998,100.0,False
2026-06-06 07:30:00,0.0,,93.56,70.01,74.0,45.01,45.01,,0.0,0.0,0.0,,0.0,0.0,0.0,0.0,0.0,0.0,6.49587,3.35,10.88058225,0.0,3.51,0.0,0.0,0.45,0.0,0.0,9.39,0.0,0.0,-2.82,0.0,0.0,14.43,0.0,0.0,-9.85,0.0,-0.0050088333666666665,,0.008946841,212.068513,9.07006693e-07,3.2908858,83.9682043,0.00190000514,99.67692,0.000333621157,99.99998999999998,100.0,False
2026-06-06 08:00:00,0.0,,87.32,66.57,63.5,43.9,43.9,,0.0,0.0,0.0,,0.0,0.0,0.0,0.0,0.0,0.0,5.90959,3.35,9.89856325,0.0,3.51,0.0,0.0,0.45,0.0,0.0,9.39,0.0,0.0,-2.82,0.0,0.0,14.43,0.0,0.0,-9.85,0.0,-0.004972333333333333,,0.0177386932,212.068817,1.79830104e-06,3.40621698,83.9680939,0.00202602559,99.67692,0.000345313122,99.99998999999998,100.0,False
2026-06-06 08:30:00,0.0,,87.32,70.57,66.58,40.38,40.38,,0.0,0.0,0.0,,0.0,0.0,0.0,0.0,0.0,0.0,5.6669,3.35,9.4920575,0.0,3.51,0.0,0.0,0.45,0.0,0.0,9.39,0.0,0.0,-2.82,0.0,0.0,14.43,0.0,0.0,-9.85,0.0,-0.0049818056,,0.0177386932,212.069019,1.79830104e-06,3.67101556,83.9680514,0.0021522861,99.67692,0.00037215769,99.99998999999998,100.0,False
2026-06-06 09:00:00,0.0,,84.82,66.97,56.01,125.0,125.0,,0.0,0.0,0.0,,0.0,0.0,0.0,0.0,0.0,0.0,4.66466,3.35,7.813305499999999,0.0,3.51,0.0,0.0,0.45,0.0,0.0,9.39,0.0,0.0,-2.82,0.0,0.0,14.43,0.0,0.0,-9.85,0.0,-0.0049839722,,0.0177386932,212.069222,1.79830104e-06,4.05624459,83.9679906,0.00227860152,99.67692,0.000411211174,99.99998999999998,100.0,False
2026-06-06 09:30:00,0.0,,84.82,59.88,58.0,31.8,31.8,,0.0,0.0,0.0,,0.0,0.0,0.0,0.0,0.0,0.0,5.671,3.35,9.498925,0.0,3.51,0.0,0.0,0.45,0.0,0.0,9.39,0.0,0.0,-2.82,0.0,0.0,14.43,0.0,0.0,-9.85,0.0,-0.004991222233333334,,0.0177386932,212.069526,1.79830104e-06,4.38467913,83.9679706,0.0024051007,99.67692,0.000444506985,99.99998999999998,100.0,False
2026-06-06 10:00:00,0.0,,78.88,50.0,56.0,24.53,24.53,,0.0,0.0,0.0,,0.0,0.0,0.0,0.0,0.0,0.0,5.93509,3.35,9.941275749999999,0.0,3.51,0.0,0.0,0.45,0.0,0.0,9.39,0.0,0.0,-2.82,0.0,0.0,14.43,0.0,0.0,-9.85,0.0,-0.004989638933333333,,0.0177386932,212.06978,1.79830104e-06,4.77463523,83.9679343,0.00253155975,99.67692,0.000484039686,99.99998999999998,100.0,False
2026-06-06 10:30:00,0.0,,78.88,53.67,48.0,34.16,34.16,,0.0,0.0,0.0,,0.0,0.0,0.0,0.0,0.0,0.0,5.70239,3.35,9.551503250000001,0.0,3.51,0.0,0.0,0.45,0.0,0.0,9.39,0.0,0.0,-2.82,0.0,0.0,14.43,0.0,0.0,-9.85,0.0,-0.004981527766666666,,0.0177386932,212.069982,1.79830104e-06,5.10685195,83.9678818,0.00265781322,99.67692,0.000517718924,99.99998999999998,100.0,False
2026-06-06 11:00:00,0.0,,71.35,51.83,57.61,7.74,7.74,,0.0,0.0,0.0,,0.0,0.0,0.0,0.0,0.0,0.0,5.99285,3.35,10.03802375,0.0,1.7,0.0,0.0,2.64,0.0,0.0,3.66,0.0,0.0,3.41,0.0,0.0,8.5,0.0,0.0,-3.98,0.0,-0.004956833266666667,,0.0177386932,212.070236,1.79830104e-06,5.48358103,83.9678502,0.00278344083,99.67692,0.000555910706,99.99998999999998,100.0,False
2026-06-06 11:30:00,0.0,,71.35,50.0,60.1,1.74,1.74,,0.0,0.0,0.0,,0.0,0.0,0.0,0.0,0.0,0.0,4.58655,3.35,7.68247125,0.0,1.7,0.0,0.0,2.64,0.0,0.0,3.66,0.0,0.0,3.41,0.0,0.0,8.5,0.0,0.0,-3.98,0.0,-0.0049847778,,0.0177386932,212.07049,1.79830104e-06,5.7712382,83.9678298,0.00290977667,99.67692,0.000585072617,99.99998999999998,100.0,False
2026-06-06 12:00:00,0.0,,60.93,53.0,55.94,107.5,107.5,,0.0,0.0,0.0,,0.0,0.0,0.0,0.0,0.0,0.0,4.52056,3.35,7.571937999999999,0.0,1.7,0.0,0.0,2.64,0.0,0.0,3.66,0.0,0.0,3.41,0.0,0.0,8.5,0.0,0.0,-3.98,0.0,-0.0052204166,,0.0177386932,212.070641,1.79830104e-06,5.97535671,83.9677745,0.00304208462,99.67692,0.000605765602,99.99998999999998,100.0,False
2026-06-06 12:30:00,-0.025,,60.93,49.0,56.0,0.25,0.25,,0.0,-0.00625,0.0,,0.0,0.0,0.0,0.0,0.0,0.0,3.91721,3.35,6.56132675,0.0,1.7,0.0,0.0,2.64,0.0,0.0,3.66,0.0,0.0,3.41,0.0,0.0,8.5,0.0,0.0,-3.98,0.0,-0.004990138966666667,,0.0177386932,212.070896,1.79830104e-06,6.32513875,83.9677524,0.00316855634,99.67692,0.000641225566,99.99998999999998,100.0,False
2026-06-06 13:00:00,-1.283,,58.38,53.0,56.89,90.0,90.0,,-7.469999999999997,0.0,0.0,,0.0,0.0,-2.4,-63.599999999999994,0.0,0.0,1.6615,3.35,2.7830125,0.0,1.7,0.0,0.0,2.64,0.0,0.0,3.66,0.0,0.0,3.41,0.0,0.0,8.5,0.0,0.0,-3.98,0.0,-0.07718352556666667,,36.7804004,212.073075,0.00372869813,6.51713222,83.9676607,0.0051247209,99.67692,0.000660689347,99.99998999999998,100.0,False
2026-06-06 13:30:00,-2.094,,58.38,52.5,54.43,5.32,5.32,,-0.5000799999999993,0.0,0.0,,0.0,0.0,-4.0,-105.0,0.0,0.0,3.98619,3.35,6.67686825,0.0,1.7,0.0,0.0,2.64,0.0,0.0,3.66,0.0,0.0,3.41,0.0,0.0,8.5,0.0,0.0,-3.98,0.0,-2.4679606,,1271.57295,212.135574,0.128908648,6.51713222,83.9311207,0.067673524,99.67692,0.000660689347,99.99998999999998,100.0,False
2026-06-06 14:00:00,-2.099,,59.21,52.26,55.14,17.0,17.0,,-1.6830000000000034,0.0,0.0,,0.0,0.0,-4.0,-104.52,0.0,0.0,3.56198,3.35,5.9663165000000005,0.0,1.7,0.0,0.0,2.64,0.0,0.0,3.66,0.0,0.0,3.41,0.0,0.0,8.5,0.0,0.0,-3.98,0.0,-3.982393233333333,,3271.4311,212.237002,0.331648892,6.51713222,83.8650373,0.168604604,99.67692,0.000660689347,99.99998999999998,100.0,False
2026-06-06 14:30:00,-2.056,,59.21,55.0,57.72,46.03,46.03,,-2.577680000000002,0.0,0.0,,0.0,0.0,-4.0,-110.0,0.0,0.0,2.89269,3.35,4.84525575,0.0,1.7,0.0,0.0,2.64,0.0,0.0,3.66,0.0,0.0,3.41,0.0,0.0,8.5,0.0,0.0,-3.98,0.0,-3.991293766666667,,5274.54363,212.338531,0.534719056,6.51713222,83.795149,0.269761263,99.67692,0.000660689347,99.99998999999998,100.0,False
2026-06-06 15:00:00,0.0,,61.54,71.82,70.42,90.0,90.0,,0.0,0.0,0.0,,0.0,0.0,0.0,0.0,0.0,0.0,2.51696,3.35,4.215908000000001,0.0,2.25,0.0,0.0,4.59,0.0,0.0,8.97,0.0,0.0,2.7,0.0,0.0,17.13,0.0,0.0,-0.18,0.0,-3.859235233333333,,7212.26165,212.436665,0.731159701,6.51713222,83.7254814,0.367570987,99.67692,0.000660689347,99.99998999999998,100.0,False
2026-06-06 15:30:00,0.0,,61.54,78.05,79.25,107.5,107.5,,0.0,0.0,0.0,,0.0,0.0,0.0,0.0,0.0,0.0,4.45499,3.35,7.462108249999999,0.0,2.25,0.0,0.0,4.59,0.0,0.0,8.97,0.0,0.0,2.7,0.0,0.0,17.13,0.0,0.0,-0.18,0.0,-0.006102694533333334,,7212.53706,212.436968,0.731187621,6.64661388,83.7159068,0.367725656,99.67692,0.00067381585,99.99998999999998,100.0,False
2026-06-06 16:00:00,0.0,,89.94,85.0,84.99,124.5,124.5,,0.0,0.0,0.0,,0.0,0.0,0.0,0.0,0.0,0.0,4.31327,3.35,7.224727250000001,0.0,2.25,0.0,0.0,4.59,0.0,0.0,8.97,0.0,0.0,2.7,0.0,0.0,17.13,0.0,0.0,-0.18,0.0,-0.0049718889,,7212.53706,212.437171,0.731187621,7.03598076,83.7159078,0.367851664,99.67692,0.000713288818,99.99998999999998,100.0,False
2026-06-06 16:30:00,0.0,,89.94,89.95,88.0,127.0,127.0,,0.0,0.0,0.0,,0.0,0.0,0.0,0.0,0.0,0.0,5.50295,3.35,9.21744125,0.0,2.25,0.0,0.0,4.59,0.0,0.0,8.97,0.0,0.0,2.7,0.0,0.0,17.13,0.0,0.0,-0.18,0.0,-0.0049051112,,7212.53706,212.437476,0.731187621,7.36521602,83.7159047,0.367975981,99.67692,0.000746665804,99.99998999999998,100.0,False
2026-06-06 17:00:00,0.0,,119.93,105.6,106.47,133.0,133.0,,0.0,0.0,0.0,,0.0,0.0,0.0,0.0,0.0,0.0,5.22681,3.35,8.754906750000002,0.0,2.25,0.0,0.0,4.59,0.0,0.0,8.97,0.0,0.0,2.7,0.0,0.0,17.13,0.0,0.0,-0.18,0.0,-0.004987027733333333,,7212.53706,212.437679,0.731187621,7.80652481,83.7158793,0.368102374,99.67692,0.000791404503,99.99998999999998,100.0,False
2026-06-06 17:30:00,0.039,,119.93,112.4,110.0,145.0,145.0,,0.0,5.655,0.0,,0.0,0.0,0.0,0.0,0.0,0.0,6.33387,3.35,10.60923225,0.0,2.25,0.0,0.0,4.59,0.0,0.0,8.97,0.0,0.0,2.7,0.0,0.0,17.13,0.0,0.0,-0.18,0.0,-0.004958194466666666,,7212.53706,212.437831,0.731187621,8.23388907,83.7158261,0.368228036,99.67692,0.000834729543,99.99998999999998,100.0,False
2026-06-06 18:00:00,2.05,,124.59,114.72,120.0,145.0,145.0,,7.249999999999974,0.0,0.0,,0.0,0.0,4.0,229.44,0.0,0.0,6.56191,3.35,10.991199250000001,0.0,2.25,0.0,0.0,4.59,0.0,0.0,8.97,0.0,0.0,2.7,0.0,0.0,17.13,0.0,0.0,-0.18,0.0,0.11244005223333332,,7212.53706,212.441176,0.731187621,68.3173906,83.7158643,0.371244813,99.67692,0.00692583343,99.99998999999998,100.0,False
2026-06-06 18:30:00,0.071,,124.59,118.7,121.06,92.35,92.35,,0.0,6.556849999999999,0.0,,0.0,0.0,0.0,0.0,0.0,0.0,6.82035,3.35,11.42408625,0.0,2.25,0.0,0.0,4.59,0.0,0.0,8.97,0.0,0.0,2.7,0.0,0.0,17.13,0.0,0.0,-0.18,0.0,3.9059394333333333,,7212.53706,212.540121,0.731187621,2020.77717,83.787941,0.470238223,99.67692,0.204860958,99.99998999999998,100.0,False
2026-06-06 19:00:00,3.466,,126.65,119.02,124.83,89.3,89.3,,-306.6562,0.0,0.0,,6.9,430.6635,6.9,410.619,0.0,0.0,7.06199,3.35,11.82883325,0.0,3.42,0.0,0.0,0.1,0.0,0.0,7.42,0.0,0.0,-2.84,0.0,0.0,26.69,0.0,0.0,-14.72,0.0,0.20260569216666668,,7212.53706,212.545747,0.731187621,2126.26307,83.7995371,0.475540186,99.67692,0.215554835,99.99998999999998,100.0,False
2026-06-06 19:30:00,0.0,,126.65,119.57,128.83,94.66,94.66,,-189.32,0.0,0.0,,4.0,257.66,0.0,0.0,0.0,0.0,7.25433,3.35,12.151002750000002,0.0,3.42,0.0,0.0,0.1,0.0,0.0,7.42,0.0,0.0,-2.84,0.0,0.0,26.69,0.0,0.0,-14.72,0.0,6.5929177999999995,,7212.53706,212.71383,0.731187621,5433.51389,83.9212306,0.642633257,99.67692,0.550835034,99.99998999999998,100.0,False
2026-06-06 20:00:00,0.0,,125.0,118.56,123.23,94.67,94.67,,0.0,0.0,0.0,,0.0,0.0,0.0,0.0,0.0,0.0,7.35702,3.35,12.3230085,0.0,3.42,0.0,0.0,0.1,0.0,0.0,7.42,0.0,0.0,-2.84,0.0,0.0,26.69,0.0,0.0,-14.72,0.0,-0.0050276112,,7212.53706,212.713982,0.731187621,5433.76899,83.9411659,0.642760679,99.67692,0.550860895,99.99998999999998,100.0,False
2026-06-06 20:30:00,0.0,,125.0,119.53,123.39,145.0,145.0,,0.0,0.0,0.0,,0.0,0.0,0.0,0.0,0.0,0.0,7.46883,3.35,12.510290249999999,0.0,3.42,0.0,0.0,0.1,0.0,0.0,7.42,0.0,0.0,-2.84,0.0,0.0,26.69,0.0,0.0,-14.72,0.0,-0.0050219444,,7212.53706,212.714236,0.731187621,5434.20158,83.9411099,0.642887956,99.67692,0.55090475,99.99998999999998,100.0,False
2026-06-06 21:00:00,0.0,,117.54,120.57,124.41,88.5,88.5,,0.0,0.0,0.0,,0.0,0.0,0.0,0.0,0.0,0.0,7.39262,3.35,12.3826385,0.0,3.42,0.0,0.0,0.1,0.0,0.0,7.42,0.0,0.0,-2.84,0.0,0.0,26.69,0.0,0.0,-14.72,0.0,-0.005060444466666667,,7212.53706,212.71454,0.731187621,5434.61686,83.941054,0.64301621,99.67692,0.55094685,99.99998999999998,100.0,False
2026-06-06 21:30:00,0.0,,117.54,116.31,119.31,145.0,145.0,,0.0,0.0,0.0,,0.0,0.0,0.0,0.0,0.0,0.0,7.51987,3.35,12.595782250000001,0.0,3.42,0.0,0.0,0.1,0.0,0.0,7.42,0.0,0.0,-2.84,0.0,0.0,26.69,0.0,0.0,-14.72,0.0,-0.005027666633333333,,7212.53706,212.714844,0.731187621,5435.00439,83.9409883,0.643143633,99.67692,0.550986137,99.99998999999998,100.0,False
2026-06-06 22:00:00,0.0,,108.45,107.44,106.01,85.0,85.0,,0.0,0.0,0.0,,0.0,0.0,0.0,0.0,0.0,0.0,7.19568,3.35,12.052764000000002,0.0,3.42,0.0,0.0,0.1,0.0,0.0,7.42,0.0,0.0,-2.84,0.0,0.0,26.69,0.0,0.0,-14.72,0.0,-0.0050035832999999995,,7212.53706,212.714995,0.731187621,5435.49688,83.9409143,0.643270446,99.67692,0.551036064,99.99998999999998,100.0,False
2026-06-06 22:30:00,0.0,,108.45,104.0,98.0,85.01,85.01,,0.0,0.0,0.0,,0.0,0.0,0.0,0.0,0.0,0.0,7.51386,3.35,12.585715500000001,0.0,3.42,0.0,0.0,0.1,0.0,0.0,7.42,0.0,0.0,-2.84,0.0,0.0,26.69,0.0,0.0,-14.72,0.0,-0.004950527866666666,,7212.53706,212.715249,0.731187621,5435.77401,83.9408325,0.643395913,99.67692,0.551064159,99.99998999999998,100.0,False
2026-06-06 23:00:00,0.0,,105.03,102.0,106.0,114.18,114.18,,0.0,0.0,0.0,,0.0,0.0,0.0,0.0,0.0,0.0,7.50834,3.35,12.5764695,0.0,2.42,0.0,0.0,0.32,0.0,0.0,6.81,0.0,0.0,-2.01,0.0,0.0,17.04,0.0,0.0,-9.8,0.0,-0.0049960833,,7212.53706,212.715553,0.731187621,5436.09805,83.9407578,0.643522536,99.67692,0.551097009,99.99998999999998,100.0,False
2026-06-06 23:30:00,0.0,,105.03,102.38,101.68,71.5,71.5,,0.0,0.0,0.0,,0.0,0.0,0.0,0.0,0.0,0.0,7.49514,3.35,12.5543595,0.0,2.42,0.0,0.0,0.32,0.0,0.0,6.81,0.0,0.0,-2.01,0.0,0.0,17.04,0.0,0.0,-9.8,0.0,-0.0049578056,,7212.53706,212.715756,0.731187621,5436.46131,83.9407221,0.643648188,99.67692,0.551133835,99.99998999999998,100.0,False
2026-06-07 00:00:00,0.0,,99.75,96.76,94.0,93.1,93.1,,0.0,0.0,0.0,,0.0,0.0,0.0,0.0,0.0,0.0,7.27978,3.35,12.1936315,0.0,2.42,0.0,0.0,0.32,0.0,0.0,6.81,0.0,0.0,-2.01,0.0,0.0,17.04,0.0,0.0,-9.8,0.0,-0.005026861166666666,,7212.53706,212.715959,0.731187621,5436.8182,83.9406792,0.64377559,99.67692,0.551170016,99.99998999999998,100.0,False
2026-06-07 00:30:00,0.0,,99.75,85.78,84.24,82.85,82.85,,0.0,0.0,0.0,,0.0,0.0,0.0,0.0,0.0,0.0,7.51386,3.35,12.585715500000001,0.0,2.42,0.0,0.0,0.32,0.0,0.0,6.81,0.0,0.0,-2.01,0.0,0.0,17.04,0.0,0.0,-9.8,0.0,-0.0050367499999999996,,0.0,212.716263,0.0,0.4115132,83.9406316,0.000127653044,99.67692,4.17181021e-05,99.99998999999998,100.0,False
2026-06-07 01:00:00,0.0,,82.7,84.93,83.0,91.53,91.53,,0.0,0.0,0.0,,0.0,0.0,0.0,0.0,0.0,0.0,7.42074,3.35,12.4297395,0.0,2.42,0.0,0.0,0.32,0.0,0.0,6.81,0.0,0.0,-2.01,0.0,0.0,17.04,0.0,0.0,-9.8,0.0,-0.005075777833333334,,0.0,212.716466,0.0,0.753259775,83.9406125,0.000256295223,99.67692,7.63634514e-05,99.99998999999998,100.0,False
2026-06-07 01:30:00,0.0,,82.7,76.78,77.55,67.33,67.33,,0.0,0.0,0.0,,0.0,0.0,0.0,0.0,0.0,0.0,7.42808,3.35,12.442034,0.0,2.42,0.0,0.0,0.32,0.0,0.0,6.81,0.0,0.0,-2.01,0.0,0.0,17.04,0.0,0.0,-9.8,0.0,-0.005049916533333333,,0.0,212.71672,0.0,1.0527264,83.9405718,0.000384281964,99.67692,0.000106722573,99.99998999999998,100.0,False
2026-06-07 02:00:00,0.0,,69.18,65.0,73.0,75.53,75.53,,0.0,0.0,0.0,,0.0,0.0,0.0,0.0,0.0,0.0,7.37932,3.35,12.360361,0.0,2.42,0.0,0.0,0.32,0.0,0.0,6.81,0.0,0.0,-2.01,0.0,0.0,17.04,0.0,0.0,-9.8,0.0,-0.004987555633333334,,0.0,212.716972,0.0,1.45695503,83.9405394,0.00051068821,99.67692,0.000147702185,99.99998999999998,100.0,False
2026-06-07 02:30:00,0.0,,69.18,51.02,65.02,40.93,40.93,,0.0,0.0,0.0,,0.0,0.0,0.0,0.0,0.0,0.0,7.51294,3.35,12.584174500000001,0.0,2.42,0.0,0.0,0.32,0.0,0.0,6.81,0.0,0.0,-2.01,0.0,0.0,17.04,0.0,0.0,-9.8,0.0,-0.004956972166666666,,0.0,212.717125,0.0,1.87008688,83.9404868,0.00063631934,99.67692,0.000189584381,99.99998999999998,100.0,False
2026-06-07 03:00:00,0.0,,58.91,54.08,60.31,28.15,28.15,,0.0,0.0,0.0,,0.0,0.0,0.0,0.0,0.0,0.0,7.28954,3.35,12.2099795,0.0,3.37,0.0,0.0,2.24,0.0,0.0,6.99,0.0,0.0,0.54,0.0,0.0,22.8,0.0,0.0,-0.32,0.0,-0.005016916666666667,,0.0,212.717479,0.0,2.30222703,83.9404237,0.00076346972,99.67692,0.000233393588,99.99998999999998,100.0,False
2026-06-07 03:30:00,0.0,,58.91,36.0,54.02,19.7,19.7,,0.0,0.0,0.0,,0.0,0.0,0.0,0.0,0.0,0.0,7.36372,3.35,12.334231,0.0,3.37,0.0,0.0,2.24,0.0,0.0,6.99,0.0,0.0,0.54,0.0,0.0,22.8,0.0,0.0,-0.32,0.0,-0.004992555566666667,,0.0,212.717581,0.0,2.72047475,83.9403564,0.000890002685,99.67692,0.000275794418,99.99998999999998,100.0,False
2026-06-07 04:00:00,0.0,,45.6,13.22,40.0,26.12,26.12,,0.0,0.0,0.0,,0.0,0.0,0.0,0.0,0.0,0.0,6.8629,3.35,11.4953575,0.0,3.37,0.0,0.0,2.24,0.0,0.0,6.99,0.0,0.0,0.54,0.0,0.0,22.8,0.0,0.0,-0.32,0.0,-0.0050212776666666665,,0.0,212.717936,0.0,3.13296115,83.9402837,0.0010172636,99.67692,0.00031761118,99.99998999999998,100.0,False
2026-06-07 04:30:00,0.0,,45.6,6.01,25.95,27.01,27.01,,0.0,0.0,0.0,,0.0,0.0,0.0,0.0,0.0,0.0,7.36548,3.35,12.337179,0.0,3.37,0.0,0.0,2.24,0.0,0.0,6.99,0.0,0.0,0.54,0.0,0.0,22.8,0.0,0.0,-0.32,0.0,-0.004973777866666667,,0.0,212.718189,0.0,3.52478684,83.9401956,0.00114332065,99.67692,0.000357333416,99.99998999999998,100.0,False
2026-06-07 05:00:00,0.0,,29.33,-2.0,14.5,4.17,4.17,,0.0,0.0,0.0,,0.0,0.0,0.0,0.0,0.0,0.0,7.01931,3.35,11.757344250000001,0.0,3.37,0.0,0.0,2.24,0.0,0.0,6.99,0.0,0.0,0.54,0.0,0.0,22.8,0.0,0.0,-0.32,0.0,-0.005015694466666667,,0.0,212.718442,0.0,3.95799726,83.9401397,0.00127044006,99.67692,0.000401251124,99.99998999999998,100.0,False
2026-06-07 05:30:00,0.0,,29.33,-1.16,-1.0,3.51,3.51,,0.0,0.0,0.0,,0.0,0.0,0.0,0.0,0.0,0.0,6.94225,3.35,11.62826875,0.0,3.37,0.0,0.0,2.24,0.0,0.0,6.99,0.0,0.0,0.54,0.0,0.0,22.8,0.0,0.0,-0.32,0.0,-0.004961944433333334,,0.0,212.718595,0.0,4.31350754,83.9400947,0.0013961972,99.67692,0.0004372918,99.99998999999998,100.0,False
2026-06-07 06:00:00,0.0,,14.0,-2.0,10.86,0.79,0.79,,0.0,0.0,0.0,,0.0,0.0,0.0,0.0,0.0,0.0,7.14508,3.35,11.968009,0.0,3.37,0.0,0.0,2.24,0.0,0.0,6.99,0.0,0.0,0.54,0.0,0.0,22.8,0.0,0.0,-0.32,0.0,-0.005007361066666666,,0.0,212.718899,0.0,4.70729827,83.9401039,0.00152310541,99.67692,0.000477213246,99.99998999999998,100.0,False
2026-06-07 06:30:00,0.0,,14.0,0.0,8.0,-5.0,-5.0,,0.0,0.0,0.0,,0.0,0.0,0.0,0.0,0.0,0.0,6.46779,3.35,10.83354825,0.0,3.37,0.0,0.0,2.24,0.0,0.0,6.99,0.0,0.0,0.54,0.0,0.0,22.8,0.0,0.0,-0.32,0.0,-0.0050093610666666665,,0.0,212.719101,0.0,5.13319721,83.9400964,0.0016500643,99.67692,0.000520389736,99.99998999999998,100.0,False
2026-06-07 07:00:00,0.0,,4.0,0.0,3.53,-8.46,-8.46,,0.0,0.0,0.0,,0.0,0.0,0.0,0.0,0.0,0.0,5.49619,3.35,9.206118250000001,0.0,1.39,0.0,0.0,1.9,0.0,0.0,1.54,0.0,0.0,1.45,0.0,0.0,2.32,0.0,0.0,-0.79,0.0,-0.0050284723000000005,,0.0,212.719355,0.0,5.53812626,83.9401119,0.00177750755,99.67692,0.000561440355,99.99998999999998,100.0,False
2026-06-07 07:30:00,0.0,,4.0,1.0,2.43,-6.75,-6.75,,0.0,0.0,0.0,,0.0,0.0,0.0,0.0,0.0,0.0,4.67148,3.35,7.824729,0.0,1.39,0.0,0.0,1.9,0.0,0.0,1.54,0.0,0.0,1.45,0.0,0.0,2.32,0.0,0.0,-0.79,0.0,-0.004940694466666667,,0.0,212.719558,0.0,5.82563406,83.9401331,0.00190272612,99.67692,0.000590587123,99.99998999999998,100.0,False
2026-06-07 08:00:00,0.0,,4.82,0.0,2.86,-6.75,-6.75,,0.0,0.0,0.0,,0.0,0.0,0.0,0.0,0.0,0.0,3.71046,3.35,6.2150205,0.0,1.39,0.0,0.0,1.9,0.0,0.0,1.54,0.0,0.0,1.45,0.0,0.0,2.32,0.0,0.0,-0.79,0.0,-0.004905111233333333,,0.0,212.719862,0.0,6.13743764,83.9401482,0.00202704288,99.67692,0.000622196932,99.99998999999998,100.0,False
2026-06-07 08:30:00,0.0,,4.82,0.0,4.49,21.39,21.39,,0.0,0.0,0.0,,0.0,0.0,0.0,0.0,0.0,0.0,2.66762,3.35,4.4682635,0.0,1.39,0.0,0.0,1.9,0.0,0.0,1.54,0.0,0.0,1.45,0.0,0.0,2.32,0.0,0.0,-0.79,0.0,-0.0049254167333333335,,0.0,212.720065,0.0,6.44507993,83.9401494,0.00215187426,99.67692,0.00065338488,99.99998999999998,100.0,False
2026-06-07 09:00:00,0.0,,6.26,-2.0,3.91,39.88,39.88,,0.0,0.0,0.0,,0.0,0.0,0.0,0.0,0.0,0.0,2.95972,3.35,4.957531,0.0,1.39,0.0,0.0,1.9,0.0,0.0,1.54,0.0,0.0,1.45,0.0,0.0,2.32,0.0,0.0,-0.79,0.0,-0.0048845,,0.0,212.720267,0.0,6.79971998,83.9401506,0.00227566863,99.67692,0.000689337335,99.99998999999998,100.0,False
2026-06-07 09:30:00,0.0,,6.26,0.0,2.09,-6.7,-6.7,,0.0,0.0,0.0,,0.0,0.0,0.0,0.0,0.0,0.0,3.33187,3.35,5.58088225,0.0,1.39,0.0,0.0,1.9,0.0,0.0,1.54,0.0,0.0,1.45,0.0,0.0,2.32,0.0,0.0,-0.79,0.0,-0.0049469444,,0.0,212.720572,0.0,7.15472711,83.9401511,0.0024010456,99.67692,0.000725327004,99.99998999999998,100.0,False
2026-06-07 10:00:00,0.0,,12.74,-2.0,0.0,-5.82,-5.82,,0.0,0.0,0.0,,0.0,0.0,0.0,0.0,0.0,0.0,2.90902,3.35,4.8726085,0.0,1.39,0.0,0.0,1.9,0.0,0.0,1.54,0.0,0.0,1.45,0.0,0.0,2.32,0.0,0.0,-0.79,0.0,-0.004887222266666666,,0.0,212.720775,0.0,7.41670825,83.9401461,0.00252490898,99.67692,0.000751885947,99.99998999999998,100.0,False
2026-06-07 10:30:00,0.0,,12.74,-2.0,0.0,-10.96,-10.96,,0.0,0.0,0.0,,0.0,0.0,0.0,0.0,0.0,0.0,2.41908,3.35,4.051959,0.0,1.39,0.0,0.0,1.9,0.0,0.0,1.54,0.0,0.0,1.45,0.0,0.0,2.32,0.0,0.0,-0.79,0.0,-0.004891638899999999,,0.0,212.720977,0.0,7.71638971,83.9401475,0.00264888427,99.67692,0.000782266848,99.99998999999998,100.0,False
2026-06-07 11:00:00,-0.001,,12.1,-1.93,-2.0,-14.14,-14.14,,0.0,0.014140000000000002,0.0,,0.0,0.0,0.0,0.0,0.0,0.0,1.81139,3.35,3.0340782500000003,0.0,0.6,0.0,0.0,3.49,0.0,0.0,1.51,0.0,0.0,3.4,0.0,0.0,0.77,0.0,0.0,5.03,0.0,-0.005012944433333333,,0.0,212.721281,0.0,7.99586799,83.9401453,0.00277593398,99.67692,0.000810599605,99.99998999999998,100.0,False
2026-06-07 11:30:00,0.0,,12.1,-0.76,1.0,-17.48,-17.48,,0.0,0.0,0.0,,0.0,0.0,0.0,0.0,0.0,0.0,1.69828,3.35,2.8446190000000002,0.0,0.6,0.0,0.0,3.49,0.0,0.0,1.51,0.0,0.0,3.4,0.0,0.0,0.77,0.0,0.0,5.03,0.0,-0.007235249933333333,,0.962193967,212.721535,9.75446382e-05,8.04566722,83.9401292,0.00295930653,99.67692,0.000815648117,99.99998999999998,100.0,False
2026-06-07 12:00:00,-0.001,,13.33,-1.46,-2.0,-14.14,-14.14,,0.0,0.014140000000000002,0.0,,0.0,0.0,0.0,0.0,0.0,0.0,1.85104,3.35,3.100492,0.0,0.6,0.0,0.0,3.49,0.0,0.0,1.51,0.0,0.0,3.4,0.0,0.0,0.77,0.0,0.0,5.03,0.0,-0.0062396388999999995,,1.4724019,212.721839,0.000149268147,8.19452414,83.9401109,0.00311744598,99.67692,0.000830738832,99.99998999999998,100.0,False
2026-06-07 12:30:00,-0.04,,13.33,-2.0,-5.8,-14.14,-14.14,,0.0,0.5656,0.0,,0.0,0.0,0.0,0.0,0.0,0.0,2.24764,3.35,3.764797,0.0,0.6,0.0,0.0,3.49,0.0,0.0,1.51,0.0,0.0,3.4,0.0,0.0,0.77,0.0,0.0,5.03,0.0,-0.0062396110333333326,,1.91069073,212.722093,0.000193700691,8.29791046,83.9401046,0.00327558473,99.67692,0.000841219859,99.99998999999998,100.0,False
2026-06-07 13:00:00,-2.027,,8.08,-1.0,-3.9,-19.3,-19.3,,0.5211000000000027,0.0,0.0,,0.0,0.0,-4.0,2.0,0.0,0.0,1.45523,3.35,2.4375102500000003,0.0,0.6,0.0,0.0,3.49,0.0,0.0,1.51,0.0,0.0,3.4,0.0,0.0,0.77,0.0,0.0,5.03,0.0,-0.12252975113333332,,61.8685138,212.725337,0.00627206364,8.29791046,83.9400041,0.0063810189,99.67692,0.000841219859,99.99998999999998,100.0,False
2026-06-07 13:30:00,-1.241,,8.08,-1.0,-2.2,-21.1,-21.1,,0.8651000000000032,0.0,0.0,,0.0,0.0,-2.4,1.2,0.0,0.0,0.67633,3.35,1.13285275,0.0,0.6,0.0,0.0,3.49,0.0,0.0,1.51,0.0,0.0,3.4,0.0,0.0,0.77,0.0,0.0,5.03,0.0,-3.9251412,,2033.38373,212.825295,0.206138977,8.29791046,83.8801184,0.105861085,99.67692,0.000841219859,99.99998999999998,100.0,False
2026-06-07 14:00:00,-2.049,,7.99,-1.0,-2.0,-23.61,-23.61,,1.1568899999999984,0.0,0.0,,0.0,0.0,-4.0,2.0,0.0,0.0,1.37758,3.35,2.3074465,0.0,0.6,0.0,0.0,3.49,0.0,0.0,1.51,0.0,0.0,3.4,0.0,0.0,0.77,0.0,0.0,5.03,0.0,-2.4353745,,3252.04853,212.887135,0.329683939,8.29791046,83.8346677,0.167584015,99.67692,0.000841219859,99.99998999999998,100.0,False
2026-06-07 14:30:00,-2.013,,7.99,-1.0,-2.0,-18.23,-18.23,,-21.639010000000006,0.0,0.0,,-2.4,2.4,-4.0,2.0,0.0,0.0,2.58941,3.35,4.33726175,0.0,0.6,0.0,0.0,3.49,0.0,0.0,1.51,0.0,0.0,3.4,0.0,0.0,0.77,0.0,0.0,5.03,0.0,-3.972314266666667,,5248.24776,212.988259,0.532053251,8.29791046,83.7689275,0.268259651,99.67692,0.000841219859,99.99998999999998,100.0,False
2026-06-07 15:00:00,0.0,,6.59,1.0,1.0,-12.66,-12.66,,0.0,0.0,0.0,,0.0,0.0,0.0,0.0,0.0,0.0,2.55093,3.35,4.27280775,0.0,0.1,0.0,0.0,6.75,0.0,0.0,6.52,0.0,0.0,7.65,0.0,0.0,11.55,0.0,0.0,5.03,0.0,-3.868070833333333,,7191.22648,213.086696,0.729027212,8.29791046,83.6995957,0.366293307,99.67692,0.000841219859,99.99998999999998,100.0,False
2026-06-07 15:30:00,0.0,,6.59,1.0,3.29,-14.14,-14.14,,0.0,0.0,0.0,,0.0,0.0,0.0,0.0,0.0,0.0,3.32175,3.35,5.56393125,0.0,0.1,0.0,0.0,6.75,0.0,0.0,6.52,0.0,0.0,7.65,0.0,0.0,11.55,0.0,0.0,5.03,0.0,-0.0061906111,,7191.58876,213.086898,0.729063939,8.39544844,83.6899054,0.366450204,99.67692,0.000851107997,99.99998999999998,100.0,False
2026-06-07 16:00:00,0.0,,36.6,12.0,3.4,-29.0,-29.0,,0.0,0.0,0.0,,0.0,0.0,0.0,0.0,0.0,0.0,4.2115,3.35,7.0542625,0.0,0.1,0.0,0.0,6.75,0.0,0.0,6.52,0.0,0.0,7.65,0.0,0.0,11.55,0.0,0.0,5.03,0.0,-0.0048853888666666664,,7191.58876,213.087254,0.729063939,8.60312628,83.6899054,0.366574021,99.67692,0.000872161818,99.99998999999998,100.0,False
2026-06-07 16:30:00,0.0,,36.6,37.03,40.01,-8.0,-8.0,,0.0,0.0,0.0,,0.0,0.0,0.0,0.0,0.0,0.0,3.77238,3.35,6.3187365,0.0,0.1,0.0,0.0,6.75,0.0,0.0,6.52,0.0,0.0,7.65,0.0,0.0,11.55,0.0,0.0,5.03,0.0,-0.004901416600000001,,7191.58876,213.087405,0.729063939,8.79856125,83.6898769,0.366698244,99.67692,0.00089197449,99.99998999999998,100.0,False
2026-06-07 17:00:00,0.0,,68.39,71.96,66.0,122.85,122.85,,0.0,0.0,0.0,,0.0,0.0,0.0,0.0,0.0,0.0,5.5216,3.35,9.24868,0.0,0.1,0.0,0.0,6.75,0.0,0.0,6.52,0.0,0.0,7.65,0.0,0.0,11.55,0.0,0.0,5.03,0.0,-0.004921805533333333,,7191.58876,213.087709,0.729063939,8.99331472,83.6898462,0.366822984,99.67692,0.000911718074,99.99998999999998,100.0,False
2026-06-07 17:30:00,0.0,,68.39,93.55,88.0,126.42,126.42,,0.0,0.0,0.0,,0.0,0.0,0.0,0.0,0.0,0.0,5.62637,3.35,9.424169749999999,0.0,0.1,0.0,0.0,6.75,0.0,0.0,6.52,0.0,0.0,7.65,0.0,0.0,11.55,0.0,0.0,5.03,0.0,-0.004936722199999999,,7191.58876,213.087862,0.729063939,9.12689152,83.6898279,0.366948102,99.67692,0.000925259731,99.99998999999998,100.0,False
2026-06-07 18:00:00,0.0,,100.4,103.26,96.8,74.76,74.76,,0.0,0.0,0.0,,0.0,0.0,0.0,0.0,0.0,0.0,6.35804,3.35,10.649717,0.0,0.1,0.0,0.0,6.75,0.0,0.0,6.52,0.0,0.0,7.65,0.0,0.0,11.55,0.0,0.0,5.03,0.0,-0.004933083333333334,,7191.58876,213.088216,0.729063939,9.30426317,83.6897999,0.367073128,99.67692,0.000943241192,99.99998999999998,100.0,False
2026-06-07 18:30:00,0.0,,100.4,110.8,96.8,139.0,139.0,,0.0,0.0,0.0,,0.0,0.0,0.0,0.0,0.0,0.0,6.25702,3.35,10.4805085,0.0,0.1,0.0,0.0,6.75,0.0,0.0,6.52,0.0,0.0,7.65,0.0,0.0,11.55,0.0,0.0,5.03,0.0,-0.0049306667,,7191.58876,213.088267,0.729063939,9.45107371,83.6897891,0.367198092,99.67692,0.00095812445,99.99998999999998,100.0,False
2026-06-07 19:00:00,0.0,,111.07,116.3,114.0,86.31,86.31,,0.0,0.0,0.0,,0.0,0.0,0.0,0.0,0.0,0.0,6.76871,3.35,11.337589249999999,0.0,3.82,0.0,0.0,2.96,0.0,0.0,8.44,0.0,0.0,-0.86,0.0,0.0,17.48,0.0,0.0,-12.62,0.0,-0.004966277799999999,,7191.58876,213.088673,0.729063939,9.70743632,83.6897687,0.367323959,99.67692,0.000984113802,99.99998999999998,100.0,False
2026-06-07 19:30:00,0.0,,111.07,120.0,122.36,144.9,144.9,,0.0,0.0,0.0,,0.0,0.0,0.0,0.0,0.0,0.0,6.7546,3.35,11.313955,0.0,3.82,0.0,0.0,2.96,0.0,0.0,8.44,0.0,0.0,-0.86,0.0,0.0,17.48,0.0,0.0,-12.62,0.0,-0.004939333299999999,,7191.58876,213.088825,0.729063939,9.85018441,83.6897338,0.367449143,99.67692,0.00099858522,99.99998999999998,100.0,False
2026-06-07 20:00:00,0.0,,118.0,122.41,118.91,86.51,86.51,,0.0,0.0,0.0,,0.0,0.0,0.0,0.0,0.0,0.0,7.27392,3.35,12.183816,0.0,3.82,0.0,0.0,2.96,0.0,0.0,8.44,0.0,0.0,-0.86,0.0,0.0,17.48,0.0,0.0,-12.62,0.0,-0.0049533055000000005,,7191.58876,213.089128,0.729063939,10.0385797,83.6897113,0.367574681,99.67692,0.00101768423,99.99998999999998,100.0,False
2026-06-07 20:30:00,0.07,,118.0,124.56,125.0,126.9,126.9,,0.0,8.883000000000001,0.0,,0.0,0.0,0.0,0.0,0.0,0.0,7.28001,3.35,12.19401675,0.0,3.82,0.0,0.0,2.96,0.0,0.0,8.44,0.0,0.0,-0.86,0.0,0.0,17.48,0.0,0.0,-12.62,0.0,-0.004970749966666667,,7191.58876,213.089281,0.729063939,10.1947209,83.6896544,0.367700662,99.67692,0.0010335134,99.99998999999998,100.0,False
2026-06-07 21:00:00,3.723,,122.87,125.84,118.85,121.95,121.95,,-448.41015000000004,0.0,0.0,,7.4,439.745,7.4,465.60800000000006,0.0,0.0,7.41058,3.35,12.412721500000002,0.0,3.82,0.0,0.0,2.96,0.0,0.0,8.44,0.0,0.0,-0.86,0.0,0.0,17.48,0.0,0.0,-12.62,0.0,0.2117415044666667,,7191.58876,213.095212,0.729063939,120.413458,83.6898013,0.373235384,99.67692,0.0122071927,99.99998999999998,100.0,False
2026-06-07 21:30:00,1.753,,122.87,125.7,118.4,117.1,117.1,,-204.5737,0.0,0.0,,3.5,207.20000000000002,3.5,219.975,0.0,0.0,7.51144,3.35,12.581662000000001,0.0,3.82,0.0,0.0,2.96,0.0,0.0,8.44,0.0,0.0,-0.86,0.0,0.0,17.48,0.0,0.0,-12.62,0.0,7.2456309333333335,,7191.58876,213.279363,0.729063939,3759.91519,83.8217391,0.556871032,99.67692,0.381170096,99.99998999999998,100.0,False
2026-06-07 22:00:00,0.0,,113.1,128.0,124.0,117.55,117.55,,0.0,0.0,0.0,,0.0,0.0,0.0,0.0,0.0,0.0,7.49336,3.35,12.551378,0.0,3.82,0.0,0.0,2.96,0.0,0.0,8.44,0.0,0.0,-0.86,0.0,0.0,17.48,0.0,0.0,-12.62,0.0,3.4158435666666667,,7191.58876,213.366446,0.729063939,5466.15601,83.9056711,0.643443292,99.67692,0.554144204,99.99998999999998,100.0,False
2026-06-07 22:30:00,0.0,,113.1,124.0,118.48,83.0,83.0,,0.0,0.0,0.0,,0.0,0.0,0.0,0.0,0.0,0.0,7.47581,3.35,12.52198175,0.0,3.82,0.0,0.0,2.96,0.0,0.0,8.44,0.0,0.0,-0.86,0.0,0.0,17.48,0.0,0.0,-12.62,0.0,-0.0050172499666666665,,7191.58876,213.366801,0.729063939,5466.2965,83.9156881,0.64357045,99.67692,0.554158447,99.99998999999998,100.0,False
2026-06-07 23:00:00,0.0,,109.0,119.5,119.94,83.0,83.0,,0.0,0.0,0.0,,0.0,0.0,0.0,0.0,0.0,0.0,7.50259,3.35,12.56683825,0.0,0.95,0.0,0.0,0.65,0.0,0.0,4.48,0.0,0.0,-3.14,0.0,0.0,16.32,0.0,0.0,-14.78,0.0,-0.005013055533333334,,7191.58876,213.366852,0.729063939,5466.47357,83.9156595,0.643697503,99.67692,0.554176398,99.99998999999998,100.0,False
2026-06-07 23:30:00,-0.037,,109.0,105.2,103.0,98.17,98.17,,0.0,-3.63229,0.0,,0.0,0.0,0.0,0.0,0.0,0.0,7.50711,3.35,12.57440925,0.0,0.95,0.0,0.0,0.65,0.0,0.0,4.48,0.0,0.0,-3.14,0.0,0.0,16.32,0.0,0.0,-14.78,0.0,-0.0049673333000000005,,7191.58876,213.367257,0.729063939,5466.5839,83.9156433,0.643823396,99.67692,0.554187582,99.99998999999998,100.0,False
2026-06-08 00:00:00,-2.025,,108.54,104.2,103.0,123.0,123.0,,-3.074999999999989,0.0,0.0,,0.0,0.0,-4.0,-208.4,0.0,0.0,7.45821,3.35,12.49250175,0.0,0.95,0.0,0.0,0.65,0.0,0.0,4.48,0.0,0.0,-3.14,0.0,0.0,16.32,0.0,0.0,-14.78,0.0,-0.1171481689,,7249.01318,213.370451,0.734885472,5466.6763,83.9155332,0.646792439,99.67692,0.55419695,99.99998999999998,100.0,False
2026-06-08 00:30:00,-2.008,,108.54,104.2,104.8,124.5,124.5,,-0.9960000000000009,0.0,0.0,,0.0,0.0,-4.0,-208.4,0.0,0.0,7.54958,3.35,12.6455465,0.0,0.95,0.0,0.0,0.65,0.0,0.0,4.48,0.0,0.0,-3.14,0.0,0.0,16.32,0.0,0.0,-14.78,0.0,-3.9667727,,1990.56148,213.471321,0.201797773,0.0,83.8560196,0.100535188,99.67692,0.0,99.99998999999998,100.0,False
2026-06-08 01:00:00,-1.964,,107.0,101.34,100.0,124.5,124.5,,4.482000000000004,0.0,0.0,,0.0,0.0,-4.0,-202.68,0.0,0.0,7.31845,3.35,12.258403750000001,0.0,0.95,0.0,0.0,0.65,0.0,0.0,4.48,0.0,0.0,-3.14,0.0,0.0,16.32,0.0,0.0,-14.78,0.0,-3.9342047333333334,,3963.61627,213.57128,0.401820764,0.0,83.787435,0.200244964,99.67692,0.0,99.99998999999998,100.0,False
2026-06-08 01:30:00,0.0,,107.0,104.2,98.0,112.8,112.8,,0.0,0.0,0.0,,0.0,0.0,0.0,0.0,0.0,0.0,7.51423,3.35,12.586335250000001,0.0,0.95,0.0,0.0,0.65,0.0,0.0,4.48,0.0,0.0,-3.14,0.0,0.0,16.32,0.0,0.0,-14.78,0.0,-3.8073905333333333,,5871.86388,213.667892,0.595273778,0.0,83.7193436,0.296740719,99.67692,0.0,99.99998999999998,100.0,False
2026-06-08 02:00:00,0.0,,104.66,101.3,100.0,123.0,123.0,,0.0,0.0,0.0,,0.0,0.0,0.0,0.0,0.0,0.0,7.3585,3.35,12.325487500000001,0.0,0.95,0.0,0.0,0.65,0.0,0.0,4.48,0.0,0.0,-3.14,0.0,0.0,16.32,0.0,0.0,-14.78,0.0,-0.006092499966666667,,5872.30422,213.668247,0.595318418,0.0,83.7098415,0.296895128,99.67692,0.0,99.99998999999998,100.0,False
2026-06-08 02:30:00,0.0,,104.66,101.5,101.0,124.5,124.5,,0.0,0.0,0.0,,0.0,0.0,0.0,0.0,0.0,0.0,7.50477,3.35,12.57048975,0.0,0.95,0.0,0.0,0.65,0.0,0.0,4.48,0.0,0.0,-3.14,0.0,0.0,16.32,0.0,0.0,-14.78,0.0,-0.006210944433333333,,5872.7676,213.66845,0.595365394,0.0,83.7098046,0.297052541,99.67692,0.0,99.99998999999998,100.0,False
2026-06-08 03:00:00,0.0,,105.89,100.0,99.0,126.75,126.75,,0.0,0.0,0.0,,0.0,0.0,0.0,0.0,0.0,0.0,7.49757,3.35,12.55842975,0.0,0.01,0.0,0.0,2.21,0.0,0.0,4.64,0.0,0.0,-0.5,0.0,0.0,3.73,0.0,0.0,-10.18,0.0,-0.006220138899999999,,5873.29176,213.668805,0.595418532,0.0,83.7097752,0.297210186,99.67692,0.0,99.99998999999998,100.0,False
2026-06-08 03:30:00,0.0,,105.89,100.0,99.0,124.65,124.65,,0.0,0.0,0.0,,0.0,0.0,0.0,0.0,0.0,0.0,7.37579,3.35,12.35444825,0.0,0.01,0.0,0.0,2.21,0.0,0.0,4.64,0.0,0.0,-0.5,0.0,0.0,3.73,0.0,0.0,-10.18,0.0,-0.006187194433333334,,5873.79626,213.668956,0.595469677,0.0,83.7097416,0.297366996,99.67692,0.0,99.99998999999998,100.0,False
2026-06-08 04:00:00,0.0,,107.96,104.2,104.0,123.0,123.0,,0.0,0.0,0.0,,0.0,0.0,0.0,0.0,0.0,0.0,7.41174,3.35,12.4146645,0.0,0.01,0.0,0.0,2.21,0.0,0.0,4.64,0.0,0.0,-0.5,0.0,0.0,3.73,0.0,0.0,-10.18,0.0,-0.005565833366666666,,5873.98258,213.669159,0.595488566,0.055577875,83.709697,0.297508059,99.67692,5.63433558e-06,99.99998999999998,100.0,False
2026-06-08 04:30:00,0.0,,107.96,104.0,104.0,103.57,103.57,,0.0,0.0,0.0,,0.0,0.0,0.0,0.0,0.0,0.0,7.43757,3.35,12.45792975,0.0,0.01,0.0,0.0,2.21,0.0,0.0,4.64,0.0,0.0,-0.5,0.0,0.0,3.73,0.0,0.0,-10.18,0.0,-0.004989638966666667,,5873.98258,213.669463,0.595488566,0.207059505,83.7096622,0.297634518,99.67692,2.09911361e-05,99.99998999999998,100.0,False
2026-06-08 05:00:00,0.0,,115.56,108.1,114.0,92.23,92.23,,0.0,0.0,0.0,,0.0,0.0,0.0,0.0,0.0,0.0,7.40887,3.35,12.40985725,0.0,0.01,0.0,0.0,2.21,0.0,0.0,4.64,0.0,0.0,-0.5,0.0,0.0,3.73,0.0,0.0,-10.18,0.0,-0.004995166633333333,,5873.98258,213.669666,0.595488566,0.333560652,83.7096335,0.297761117,99.67692,3.38154823e-05,99.99998999999998,100.0,False
2026-06-08 05:30:00,0.0,,115.56,108.98,113.29,94.03,94.03,,0.0,0.0,0.0,,0.0,0.0,0.0,0.0,0.0,0.0,7.33825,3.35,12.291568750000001,0.0,0.01,0.0,0.0,2.21,0.0,0.0,4.64,0.0,0.0,-0.5,0.0,0.0,3.73,0.0,0.0,-10.18,0.0,-0.004970861133333333,,5873.98258,213.669869,0.595488566,0.560918413,83.7095917,0.2978871,99.67692,5.68644011e-05,99.99998999999998,100.0,False
2026-06-08 06:00:00,0.0,,120.96,115.0,114.3,117.52,117.52,,0.0,0.0,0.0,,0.0,0.0,0.0,0.0,0.0,0.0,7.05276,3.35,11.813373,0.0,0.01,0.0,0.0,2.21,0.0,0.0,4.64,0.0,0.0,-0.5,0.0,0.0,3.73,0.0,0.0,-10.18,0.0,-0.005027000033333334,,5873.98258,213.670173,0.595488566,0.827656197,83.7095411,0.298014506,99.67692,8.39055606e-05,99.99998999999998,100.0,False
2026-06-08 06:30:00,0.0,,120.96,118.83,122.29,117.52,117.52,,0.0,0.0,0.0,,0.0,0.0,0.0,0.0,0.0,0.0,6.57723,3.35,11.01686025,0.0,0.01,0.0,0.0,2.21,0.0,0.0,4.64,0.0,0.0,-0.5,0.0,0.0,3.73,0.0,0.0,-10.18,0.0,-0.005019972300000001,,5873.98258,213.670427,0.595488566,1.0915445,83.709489,0.298141734,99.67692,0.000110657848,99.99998999999998,100.0,False
2026-06-08 07:00:00,0.0,,116.72,122.5,111.45,117.0,117.0,,0.0,0.0,0.0,,0.0,0.0,0.0,0.0,0.0,0.0,6.1845,3.35,10.3590375,0.0,1.5,0.0,0.0,0.08,0.0,0.0,6.11,0.0,0.0,-4.87,0.0,0.0,8.83,0.0,0.0,-17.5,0.0,-0.004934472233333333,,5873.98258,213.67068,0.595488566,1.24717425,83.7094493,0.298266794,99.67692,0.000126435173,99.99998999999998,100.0,False
2026-06-08 07:30:00,0.0,,116.72,123.2,126.81,122.2,122.2,,0.0,0.0,0.0,,0.0,0.0,0.0,0.0,0.0,0.0,5.8324,3.35,9.76927,0.0,1.5,0.0,0.0,0.08,0.0,0.0,6.11,0.0,0.0,-4.87,0.0,0.0,8.83,0.0,0.0,-17.5,0.0,-0.004971166633333334,,5873.98258,213.670933,0.595488566,1.38246062,83.7094276,0.298392785,99.67692,0.000140150142,99.99998999999998,100.0,False
2026-06-08 08:00:00,0.046,,121.23,126.99,122.5,118.83,118.83,,-374.78982,0.0,0.0,,6.4,392.0,0.0,0.0,0.0,0.0,5.44369,3.35,9.11818075,0.0,1.5,0.0,0.0,0.08,0.0,0.0,6.11,0.0,0.0,-4.87,0.0,0.0,8.83,0.0,0.0,-17.5,0.0,-0.0049680555,,5873.98258,213.671187,0.595488566,1.63175266,83.7094211,0.298518698,99.67692,0.000165422699,99.99998999999998,100.0,False
2026-06-08 08:30:00,2.207,,121.23,122.5,122.5,118.82,118.82,,-106.10626000000002,0.0,0.0,,0.0,0.0,6.2,379.75,0.0,0.0,5.40591,3.35,9.054899250000002,0.0,1.5,0.0,0.0,0.08,0.0,0.0,6.11,0.0,0.0,-4.87,0.0,0.0,8.83,0.0,0.0,-17.5,0.0,0.12861772670000002,,5873.98258,213.674786,0.595488566,69.9856432,83.7095552,0.301947834,99.67692,0.0070949564,99.99998999999998,100.0,False
2026-06-08 09:00:00,2.72,,121.88,122.5,118.01,117.79,117.79,,-356.9037,0.0,0.0,,6.0,354.03000000000003,5.5,336.875,0.0,0.0,6.14224,3.35,10.288252,0.0,1.5,0.0,0.0,0.08,0.0,0.0,6.11,0.0,0.0,-4.87,0.0,0.0,8.83,0.0,0.0,-17.5,0.0,4.3570455,,5873.98258,213.786402,0.595488566,2257.63119,83.7865684,0.412374224,99.67692,0.228872582,99.99998999999998,100.0,False
2026-06-08 09:30:00,0.0,,121.88,118.2,119.5,85.0,85.0,,0.0,0.0,0.0,,0.0,0.0,0.0,0.0,0.0,0.0,6.25698,3.35,10.480441500000001,0.0,1.5,0.0,0.0,0.08,0.0,0.0,6.11,0.0,0.0,-4.87,0.0,0.0,8.83,0.0,0.0,-17.5,0.0,5.3149507,,5873.98258,213.921639,0.595488566,4925.26103,83.8973152,0.547078078,99.67692,0.499309725,99.99998999999998,100.0,False
2026-06-08 10:00:00,0.0,,111.06,113.81,114.67,123.99,123.99,,0.0,0.0,0.0,,0.0,0.0,0.0,0.0,0.0,0.0,6.452,3.35,10.8071,0.0,1.5,0.0,0.0,0.08,0.0,0.0,6.11,0.0,0.0,-4.87,0.0,0.0,8.83,0.0,0.0,-17.5,0.0,-0.005002499933333334,,5873.98258,213.921842,0.595488566,4925.58452,83.91298,0.547204863,99.67692,0.499342519,99.99998999999998,100.0,False
2026-06-08 10:30:00,0.0,,111.06,106.19,112.3,83.24,83.24,,0.0,0.0,0.0,,0.0,0.0,0.0,0.0,0.0,0.0,6.30265,3.35,10.55693875,0.0,1.5,0.0,0.0,0.08,0.0,0.0,6.11,0.0,0.0,-4.87,0.0,0.0,8.83,0.0,0.0,-17.5,0.0,-0.005031000066666667,,5873.98258,213.922096,0.595488566,4925.91091,83.912948,0.547332369,99.67692,0.499375608,99.99998999999998,100.0,False
2026-06-08 11:00:00,0.0,,106.38,107.46,110.02,68.23,68.23,,0.0,0.0,0.0,,0.0,0.0,0.0,0.0,0.0,0.0,5.16827,3.35,8.65685225,0.0,0.98,0.0,0.0,3.42,0.0,0.0,5.81,0.0,0.0,0.0,0.0,0.0,10.84,0.0,0.0,-14.3,0.0,-0.005051833333333333,,5873.98258,213.92245,0.595488566,4926.21709,83.9129352,0.547460405,99.67692,0.499406648,99.99998999999998,100.0,False
2026-06-08 11:30:00,0.0,,106.38,102.28,105.0,63.94,63.94,,0.0,0.0,0.0,,0.0,0.0,0.0,0.0,0.0,0.0,4.5261,3.35,7.581217499999999,0.0,0.98,0.0,0.0,3.42,0.0,0.0,5.81,0.0,0.0,0.0,0.0,0.0,10.84,0.0,0.0,-14.3,0.0,-0.004975499966666667,,5873.98258,213.922502,0.595488566,4926.58827,83.9129416,0.547586506,99.67692,0.499444277,99.99998999999998,100.0,False
2026-06-08 12:00:00,0.0,,98.1,101.17,102.2,64.59,64.59,,0.0,0.0,0.0,,0.0,0.0,0.0,0.0,0.0,0.0,5.24897,3.35,8.79202475,0.0,0.98,0.0,0.0,3.42,0.0,0.0,5.81,0.0,0.0,0.0,0.0,0.0,10.84,0.0,0.0,-14.3,0.0,-0.0049949722,,5873.98258,213.922856,0.595488566,4926.8083,83.9129577,0.5477131,99.67692,0.499466583,99.99998999999998,100.0,False
2026-06-08 12:30:00,-0.025,,98.1,95.65,96.98,82.5,82.5,,0.0,-2.0625,0.0,,0.0,0.0,0.0,0.0,0.0,0.0,4.9339,3.35,8.2642825,0.0,0.98,0.0,0.0,3.42,0.0,0.0,5.81,0.0,0.0,0.0,0.0,0.0,10.84,0.0,0.0,-14.3,0.0,-0.004996666733333333,,5873.98258,213.923008,0.595488566,4927.15957,83.9129488,0.547839737,99.67692,0.499502194,99.99998999999998,100.0,False
2026-06-08 13:00:00,-1.227,,96.0,91.0,85.9,116.0,116.0,,-3.1320000000000157,0.0,0.0,,0.0,0.0,-2.4,-109.2,0.0,0.0,4.7799,3.35,8.0063325,0.0,0.98,0.0,0.0,3.42,0.0,0.0,5.81,0.0,0.0,0.0,0.0,0.0,10.84,0.0,0.0,-14.3,0.0,-0.0794168066,,5912.09376,213.925238,0.599352175,4927.39195,83.9128818,0.549852503,99.67692,0.499525752,99.99998999999998,100.0,False
2026-06-08 13:30:00,-2.009,,96.0,84.2,85.9,78.82,78.82,,-0.7093799999999918,0.0,0.0,,0.0,0.0,-4.0,-168.4,0.0,0.0,4.67889,3.35,7.8371407500000005,0.0,0.98,0.0,0.0,3.42,0.0,0.0,5.81,0.0,0.0,0.0,0.0,0.0,10.84,0.0,0.0,-14.3,0.0,-2.45002643,,7145.41231,213.987687,0.724382694,4927.39195,83.8766423,0.611959415,99.67692,0.499525752,99.99998999999998,100.0,False
2026-06-08 14:00:00,-2.007,,92.62,86.33,85.9,82.5,82.5,,-0.5775000000000097,0.0,0.0,,0.0,0.0,-4.0,-172.66,0.0,0.0,5.21141,3.35,8.72911175,0.0,0.98,0.0,0.0,3.42,0.0,0.0,5.81,0.0,0.0,0.0,0.0,0.0,10.84,0.0,0.0,-14.3,0.0,-3.9851727999999995,,9146.32784,214.089064,0.927230133,4927.39195,83.8111776,0.712960942,99.67692,0.499525752,99.99998999999998,100.0,False
2026-06-08 14:30:00,-1.137,,92.62,83.0,85.9,82.5,82.5,,71.1975,0.0,0.0,,0.0,0.0,-4.0,-166.0,0.0,0.0,5.25141,3.35,8.79611175,0.0,0.98,0.0,0.0,3.42,0.0,0.0,5.81,0.0,0.0,0.0,0.0,0.0,10.84,0.0,0.0,-14.3,0.0,-3.9868121999999997,,11148.1722,214.190492,1.13017173,4927.39195,83.7419596,0.814004016,99.67692,0.499525752,99.99998999999998,100.0,False
2026-06-08 15:00:00,0.0,,92.36,88.8,88.37,116.0,116.0,,0.0,0.0,0.0,,0.0,0.0,0.0,0.0,0.0,0.0,6.08564,3.35,10.193446999999999,0.0,1.35,0.0,0.0,1.88,0.0,0.0,6.8,0.0,0.0,-0.25,0.0,0.0,7.94,0.0,0.0,-9.0,0.0,-2.2230326056666665,,12261.2112,214.24706,1.24300864,4927.39195,83.6921326,0.870345286,99.67692,0.499525752,99.99998999999998,100.0,False
2026-06-08 15:30:00,0.0,,92.36,88.8,85.9,119.95,119.95,,0.0,0.0,0.0,,0.0,0.0,0.0,0.0,0.0,0.0,5.6946,3.35,9.538455,0.0,1.35,0.0,0.0,1.88,0.0,0.0,6.8,0.0,0.0,-0.25,0.0,0.0,7.94,0.0,0.0,-9.0,0.0,-0.0064903889666666666,,12261.5681,214.247263,1.24304482,4927.39195,83.6919157,0.870509782,99.67692,0.499525752,99.99998999999998,100.0,False
2026-06-08 16:00:00,0.0,,104.3,97.68,99.0,83.23,83.23,,0.0,0.0,0.0,,0.0,0.0,0.0,0.0,0.0,0.0,5.04948,3.35,8.457879,0.0,1.35,0.0,0.0,1.88,0.0,0.0,6.8,0.0,0.0,-0.25,0.0,0.0,7.94,0.0,0.0,-9.0,0.0,-0.0065138611,,12261.9506,214.247618,1.24308359,4927.39195,83.6918919,0.870674867,99.67692,0.499525752,99.99998999999998,100.0,False
2026-06-08 16:30:00,0.0,,104.3,104.1,100.06,82.5,82.5,,0.0,0.0,0.0,,0.0,0.0,0.0,0.0,0.0,0.0,2.175,3.35,3.643125,0.0,1.35,0.0,0.0,1.88,0.0,0.0,6.8,0.0,0.0,-0.25,0.0,0.0,7.94,0.0,0.0,-9.0,0.0,-0.006372472266666668,,12262.3584,214.24777,1.24312494,4927.39195,83.6918621,0.870836377,99.67692,0.499525752,99.99998999999998,100.0,False
2026-06-08 17:00:00,0.004,,119.6,112.0,116.02,83.23,83.23,,0.0,0.33292000000000005,0.0,,0.0,0.0,0.0,0.0,0.0,0.0,4.18972,3.35,7.017781000000001,0.0,1.35,0.0,0.0,1.88,0.0,0.0,6.8,0.0,0.0,-0.25,0.0,0.0,7.94,0.0,0.0,-9.0,0.0,-0.008451222433333334,,12263.8068,214.248074,1.24327177,4927.39195,83.691831,0.871050567,99.67692,0.499525752,99.99998999999998,100.0,False
2026-06-08 17:30:00,0.257,,119.6,120.0,121.73,83.4,83.4,,4.7538,0.0,0.0,,0.0,0.0,0.4,24.0,0.0,0.0,4.43705,3.35,7.43205875,0.0,1.35,0.0,0.0,1.88,0.0,0.0,6.8,0.0,0.0,-0.25,0.0,0.0,7.94,0.0,0.0,-9.0,0.0,0.007360694766666665,,12263.8068,214.248632,1.24327177,4934.03958,83.6918032,0.871407827,99.67692,0.500199671,99.99998999999998,100.0,False
2026-06-08 18:00:00,2.325,,139.81,130.42,127.5,85.0,85.0,,-48.87499999999998,0.0,0.0,,0.0,0.0,5.8,378.21799999999996,0.0,0.0,5.51799,3.35,9.24263325,0.0,1.35,0.0,0.0,1.88,0.0,0.0,6.8,0.0,0.0,-0.25,0.0,0.0,7.94,0.0,0.0,-9.0,0.0,0.5594235133333333,,12263.8068,214.262824,1.24327177,5219.14053,83.699172,0.885586039,99.67692,0.529102439,99.99998999999998,100.0,False
2026-06-08 18:30:00,0.869,,139.81,134.47,130.0,153.0,153.0,,-348.99299999999994,0.0,0.0,,0.0,0.0,6.3,423.5805,0.0,0.0,6.47107,3.35,10.83904225,0.0,1.35,0.0,0.0,1.88,0.0,0.0,6.8,0.0,0.0,-0.25,0.0,0.0,7.94,0.0,0.0,-9.0,0.0,4.5819218,,12263.8068,214.379966,1.24327177,7520.11196,83.7866086,1.00171177,99.67692,0.762368738,99.99998999999998,100.0,False
2026-06-08 19:00:00,0.0,,145.3,132.9,130.0,150.0,150.0,,0.0,0.0,0.0,,0.0,0.0,0.0,0.0,0.0,0.0,6.67813,3.35,11.185867750000002,0.0,2.65,0.0,0.0,0.05,0.0,0.0,7.3,0.0,0.0,-3.59,0.0,0.0,25.52,0.0,0.0,-15.51,0.0,1.6822476499999999,,12263.8068,214.422646,1.24327177,8362.34045,83.8284054,1.04434721,99.67692,0.847751598,99.99998999999998,100.0,False
2026-06-08 19:30:00,0.0,,145.3,135.9,130.0,156.54,156.54,,0.0,0.0,0.0,,0.0,0.0,0.0,0.0,0.0,0.0,6.13834,3.35,10.281719500000001,0.0,2.65,0.0,0.0,0.05,0.0,0.0,7.3,0.0,0.0,-3.59,0.0,0.0,25.52,0.0,0.0,-15.51,0.0,-0.005018916666666667,,12263.8068,214.42295,1.24327177,8362.63524,83.8333706,1.04447441,99.67692,0.847781483,99.99998999999998,100.0,False
2026-06-08 20:00:00,0.0,,143.2,133.0,131.26,141.81,141.81,,0.0,0.0,0.0,,0.0,0.0,0.0,0.0,0.0,0.0,7.05513,3.35,11.81734275,0.0,2.65,0.0,0.0,0.05,0.0,0.0,7.3,0.0,0.0,-3.59,0.0,0.0,25.52,0.0,0.0,-15.51,0.0,-0.004978472166666667,,12263.8068,214.423102,1.24327177,8362.95158,83.8333087,1.04460058,99.67692,0.847813553,99.99998999999998,100.0,False
2026-06-08 20:30:00,0.0,,143.2,133.0,130.88,148.25,148.25,,0.0,0.0,0.0,,0.0,0.0,0.0,0.0,0.0,0.0,7.3291,3.35,12.2762425,0.0,2.65,0.0,0.0,0.05,0.0,0.0,7.3,0.0,0.0,-3.59,0.0,0.0,25.52,0.0,0.0,-15.51,0.0,-0.0049763333333333335,,12263.8068,214.423356,1.24327177,8363.20128,83.8332359,1.0447267,99.67692,0.847838867,99.99998999999998,100.0,False
2026-06-08 21:00:00,0.0,,133.87,130.0,128.49,90.02,90.02,,0.0,0.0,0.0,,0.0,0.0,0.0,0.0,0.0,0.0,7.36567,3.35,12.33749725,0.0,2.65,0.0,0.0,0.05,0.0,0.0,7.3,0.0,0.0,-3.59,0.0,0.0,25.52,0.0,0.0,-15.51,0.0,-0.0049688056,,12263.8068,214.423559,1.24327177,8363.59547,83.8331854,1.04485263,99.67692,0.847878829,99.99998999999998,100.0,False
2026-06-08 21:30:00,0.0,,133.87,129.33,127.5,90.03,90.03,,0.0,0.0,0.0,,0.0,0.0,0.0,0.0,0.0,0.0,7.50664,3.35,12.573622,0.0,2.65,0.0,0.0,0.05,0.0,0.0,7.3,0.0,0.0,-3.59,0.0,0.0,25.52,0.0,0.0,-15.51,0.0,-0.005048000033333334,,12263.8068,214.423862,1.24327177,8363.95056,83.8331335,1.04498057,99.67692,0.847914827,99.99998999999998,100.0,False
2026-06-08 22:00:00,-0.017,,114.0,114.33,112.8,90.03,90.03,,0.0,-1.53051,0.0,,0.0,0.0,0.0,0.0,0.0,0.0,7.36884,3.35,12.342807,0.0,2.65,0.0,0.0,0.05,0.0,0.0,7.3,0.0,0.0,-3.59,0.0,0.0,25.52,0.0,0.0,-15.51,0.0,-0.005011555566666667,,12263.8068,214.424116,1.24327177,8364.36778,83.8330837,1.04510759,99.67692,0.847957123,99.99998999999998,100.0,False
2026-06-08 22:30:00,-0.889,,114.0,107.54,108.4,90.02,90.02,,0.9902200000000009,0.0,0.0,,0.0,0.0,-1.8,-96.786,0.0,0.0,7.31282,3.35,12.248973500000002,0.0,2.65,0.0,0.0,0.05,0.0,0.0,7.3,0.0,0.0,-3.59,0.0,0.0,25.52,0.0,0.0,-15.51,0.0,-0.05767444666666666,,12290.619,214.425687,1.24598992,8364.57281,83.8329703,1.04656931,99.67692,0.847977909,99.99998999999998,100.0,False
2026-06-08 23:00:00,0.0,,114.04,107.0,110.0,106.19,106.19,,0.0,0.0,0.0,,0.0,0.0,0.0,0.0,0.0,0.0,7.44947,3.35,12.47786225,0.0,0.99,0.0,0.0,0.59,0.0,0.0,4.72,0.0,0.0,-2.81,0.0,0.0,16.15,0.0,0.0,-14.42,0.0,-1.7626007066666667,,13172.3075,214.470344,1.33537313,8364.57281,83.8059167,1.09124124,99.67692,0.847977909,99.99998999999998,100.0,False
2026-06-08 23:30:00,0.0,,114.04,107.0,109.0,107.53,107.53,,0.0,0.0,0.0,,0.0,0.0,0.0,0.0,0.0,0.0,7.37796,3.35,12.358083,0.0,0.99,0.0,0.0,0.59,0.0,0.0,4.72,0.0,0.0,-2.81,0.0,0.0,16.15,0.0,0.0,-14.42,0.0,-0.0050421944333333335,,13172.3075,214.470497,1.33537313,8364.86601,83.8015732,1.09136903,99.67692,0.848007633,99.99998999999998,100.0,False
2026-06-09 00:00:00,0.0,,110.65,105.87,106.0,104.97,104.97,,0.0,0.0,0.0,,0.0,0.0,0.0,0.0,0.0,0.0,7.41892,3.35,12.426691,0.0,0.99,0.0,0.0,0.59,0.0,0.0,4.72,0.0,0.0,-2.81,0.0,0.0,16.15,0.0,0.0,-14.42,0.0,-0.0050404444333333335,,13172.3075,214.470952,1.33537313,8365.1839,83.8015329,1.09149678,99.67692,0.84803986,99.99998999999998,100.0,False
2026-06-09 00:30:00,0.0,,110.65,108.12,111.1,105.65,105.65,,0.0,0.0,0.0,,0.0,0.0,0.0,0.0,0.0,0.0,7.51294,3.35,12.584174500000001,0.0,0.99,0.0,0.0,0.59,0.0,0.0,4.72,0.0,0.0,-2.81,0.0,0.0,16.15,0.0,0.0,-14.42,0.0,-0.0049946667,,0.0,214.471003,0.0,0.25202285,83.8014802,0.000126586471,99.67692,2.55493991e-05,99.99998999999998,100.0,False
2026-06-09 01:00:00,0.0,,104.1,105.52,110.43,105.07,105.07,,0.0,0.0,0.0,,0.0,0.0,0.0,0.0,0.0,0.0,7.51286,3.35,12.5840405,0.0,0.99,0.0,0.0,0.59,0.0,0.0,4.72,0.0,0.0,-2.81,0.0,0.0,16.15,0.0,0.0,-14.42,0.0,-0.005043694433333333,,0.0,214.471257,0.0,0.62872275,83.801438,0.000254415518,99.67692,6.37382225e-05,99.99998999999998,100.0,False
2026-06-09 01:30:00,0.0,,104.1,103.5,105.36,102.35,102.35,,0.0,0.0,0.0,,0.0,0.0,0.0,0.0,0.0,0.0,7.24514,3.35,12.135609500000001,0.0,0.99,0.0,0.0,0.59,0.0,0.0,4.72,0.0,0.0,-2.81,0.0,0.0,16.15,0.0,0.0,-14.42,0.0,-0.0049995556,,0.0,214.47151,0.0,0.984323972,83.8014019,0.000381125895,99.67692,9.97881186e-05,99.99998999999998,100.0,False
2026-06-09 02:00:00,0.0,,102.08,100.91,103.6,100.5,100.5,,0.0,0.0,0.0,,0.0,0.0,0.0,0.0,0.0,0.0,7.51308,3.35,12.584409,0.0,0.99,0.0,0.0,0.59,0.0,0.0,4.72,0.0,0.0,-2.81,0.0,0.0,16.15,0.0,0.0,-14.42,0.0,-0.005038638866666667,,0.0,214.471764,0.0,1.30655111,83.8013831,0.00050882681,99.67692,0.00013245464,99.99998999999998,100.0,False
2026-06-09 02:30:00,0.0,,102.08,100.0,103.23,116.91,116.91,,0.0,0.0,0.0,,0.0,0.0,0.0,0.0,0.0,0.0,7.47488,3.35,12.520424,0.0,0.99,0.0,0.0,0.59,0.0,0.0,4.72,0.0,0.0,-2.81,0.0,0.0,16.15,0.0,0.0,-14.42,0.0,-0.005049500033333334,,0.0,214.472068,0.0,1.65957717,83.8013478,0.000636802995,99.67692,0.000168243473,99.99998999999998,100.0,False
2026-06-09 03:00:00,0.0,,101.0,100.0,100.8,85.29,85.29,,0.0,0.0,0.0,,0.0,0.0,0.0,0.0,0.0,0.0,7.03628,3.35,11.785769,0.0,1.05,0.0,0.0,0.82,0.0,0.0,5.19,0.0,0.0,0.01,0.0,0.0,10.31,0.0,0.0,-11.93,0.0,-0.0050906667,,0.0,214.47227,0.0,2.00467182,83.8013276,0.000765822525,99.67692,0.000203228241,99.99998999999998,100.0,False
2026-06-09 03:30:00,0.0,,101.0,100.0,99.51,121.85,121.85,,0.0,0.0,0.0,,0.0,0.0,0.0,0.0,0.0,0.0,7.46636,3.35,12.506153,0.0,1.05,0.0,0.0,0.82,0.0,0.0,5.19,0.0,0.0,0.01,0.0,0.0,10.31,0.0,0.0,-11.93,0.0,-0.005033,,0.0,214.472575,0.0,2.34869317,83.8013081,0.00089338053,99.67692,0.000238104201,99.99998999999998,100.0,False
2026-06-09 04:00:00,0.0,,100.2,99.38,102.33,126.5,126.5,,0.0,0.0,0.0,,0.0,0.0,0.0,0.0,0.0,0.0,7.4992,3.35,12.561160000000001,0.0,1.05,0.0,0.0,0.82,0.0,0.0,5.19,0.0,0.0,0.01,0.0,0.0,10.31,0.0,0.0,-11.93,0.0,-0.005047722366666667,,0.0,214.472777,0.0,2.69818551,83.8012706,0.00102131165,99.67692,0.000273534795,99.99998999999998,100.0,False
2026-06-09 04:30:00,0.0,,100.2,98.07,101.5,99.29,99.29,,0.0,0.0,0.0,,0.0,0.0,0.0,0.0,0.0,0.0,7.4708,3.35,12.513589999999999,0.0,1.05,0.0,0.0,0.82,0.0,0.0,5.19,0.0,0.0,0.01,0.0,0.0,10.31,0.0,0.0,-11.93,0.0,-0.005036138866666667,,0.0,214.473081,0.0,2.85615333,83.8012304,0.00114894922,99.67692,0.000289549148,99.99998999999998,100.0,False
2026-06-09 05:00:00,0.0,,108.09,103.6,104.96,100.95,100.95,,0.0,0.0,0.0,,0.0,0.0,0.0,0.0,0.0,0.0,7.273,3.35,12.182275,0.0,1.05,0.0,0.0,0.82,0.0,0.0,5.19,0.0,0.0,0.01,0.0,0.0,10.31,0.0,0.0,-11.93,0.0,-0.0050167222,,0.0,214.473284,0.0,3.20189768,83.8012033,0.00127609466,99.67692,0.000324599781,99.99998999999998,100.0,False
2026-06-09 05:30:00,0.0,,108.09,107.44,106.08,92.08,92.08,,0.0,0.0,0.0,,0.0,0.0,0.0,0.0,0.0,0.0,6.91079,3.35,11.575573250000001,0.0,1.05,0.0,0.0,0.82,0.0,0.0,5.19,0.0,0.0,0.01,0.0,0.0,10.31,0.0,0.0,-11.93,0.0,-0.0050324445,,0.0,214.473436,0.0,3.46114074,83.8011734,0.00140363859,99.67692,0.000350881145,99.99998999999998,100.0,False
2026-06-09 06:00:00,0.0,,119.37,107.03,106.84,84.75,84.75,,0.0,0.0,0.0,,0.0,0.0,0.0,0.0,0.0,0.0,6.81365,3.35,11.41286375,0.0,1.05,0.0,0.0,0.82,0.0,0.0,5.19,0.0,0.0,0.01,0.0,0.0,10.31,0.0,0.0,-11.93,0.0,-0.005065166699999999,,0.0,214.47374,0.0,3.68821,83.8011523,0.00153201183,99.67692,0.000373900816,99.99998999999998,100.0,False
2026-06-09 06:30:00,0.0,,119.37,117.88,116.6,87.0,87.0,,0.0,0.0,0.0,,0.0,0.0,0.0,0.0,0.0,0.0,6.25479,3.35,10.47677325,0.0,1.05,0.0,0.0,0.82,0.0,0.0,5.19,0.0,0.0,0.01,0.0,0.0,10.31,0.0,0.0,-11.93,0.0,-0.0050204166333333335,,0.0,214.473994,0.0,3.96752738,83.8010968,0.00165925092,99.67692,0.000402217262,99.99998999999998,100.0,False
2026-06-09 07:00:00,0.019,,123.0,120.0,115.0,87.98,87.98,,0.0,1.67162,0.0,,0.0,0.0,0.0,0.0,0.0,0.0,5.52084,3.35,9.247406999999999,0.0,1.85,0.0,0.0,0.38,0.0,0.0,6.36,0.0,0.0,-3.38,0.0,0.0,10.31,0.0,0.0,-14.68,0.0,-0.0050792222000000005,,0.0,214.474197,0.0,4.3299824,83.8010723,0.00178798039,99.67692,0.000438961977,99.99998999999998,100.0,False
2026-06-09 07:30:00,0.979,,123.0,118.09,118.0,84.65,84.65,,2.4548499999999835,0.0,0.0,,5.2,306.8,-3.3,-194.8485,0.0,0.0,4.34075,3.35,7.27075625,0.0,1.85,0.0,0.0,0.38,0.0,0.0,6.36,0.0,0.0,-3.38,0.0,0.0,10.31,0.0,0.0,-14.68,0.0,0.051813693900000006,,0.0,214.475869,0.0,33.6454149,83.801098,0.00327009767,99.67692,0.00341088173,99.99998999999998,100.0,False
2026-06-09 08:00:00,0.0,,117.54,118.0,118.03,143.0,143.0,,0.0,0.0,0.0,,0.0,0.0,0.0,0.0,0.0,0.0,4.11378,3.35,6.890581500000001,0.0,1.85,0.0,0.0,0.38,0.0,0.0,6.36,0.0,0.0,-3.38,0.0,0.0,10.31,0.0,0.0,-14.68,0.0,1.8684392666666667,,0.0,214.523516,0.0,968.867515,83.8352707,0.0506244354,99.67692,0.0982211845,99.99998999999998,100.0,False
2026-06-09 08:30:00,0.0,,117.54,109.03,111.97,73.59,73.59,,0.0,0.0,0.0,,0.0,0.0,0.0,0.0,0.0,0.0,2.96355,3.35,4.96394625,0.0,1.85,0.0,0.0,0.38,0.0,0.0,6.36,0.0,0.0,-3.38,0.0,0.0,10.31,0.0,0.0,-14.68,0.0,-0.0049723889,,0.0,214.523719,0.0,969.392777,83.8407769,0.0507504572,99.67692,0.0982744342,99.99998999999998,100.0,False
2026-06-09 09:00:00,0.0,,101.0,103.93,104.34,70.38,70.38,,0.0,0.0,0.0,,0.0,0.0,0.0,0.0,0.0,0.0,2.748,3.35,4.602900000000001,0.0,1.85,0.0,0.0,0.38,0.0,0.0,6.36,0.0,0.0,-3.38,0.0,0.0,10.31,0.0,0.0,-14.68,0.0,-0.004980472233333333,,0.0,214.523973,0.0,969.829145,83.8407836,0.0508766839,99.67692,0.098318672,99.99998999999998,100.0,False
2026-06-09 09:30:00,0.0,,101.0,96.0,100.03,65.55,65.55,,0.0,0.0,0.0,,0.0,0.0,0.0,0.0,0.0,0.0,2.22906,3.35,3.7336755000000004,0.0,1.85,0.0,0.0,0.38,0.0,0.0,6.36,0.0,0.0,-3.38,0.0,0.0,10.31,0.0,0.0,-14.68,0.0,-0.004954333266666667,,0.0,214.524124,0.0,970.315157,83.8407779,0.0510022482,99.67692,0.0983679426,99.99998999999998,100.0,False
2026-06-09 10:00:00,0.0,,89.26,88.56,94.87,69.55,69.55,,0.0,0.0,0.0,,0.0,0.0,0.0,0.0,0.0,0.0,2.38395,3.35,3.99311625,0.0,1.85,0.0,0.0,0.38,0.0,0.0,6.36,0.0,0.0,-3.38,0.0,0.0,10.31,0.0,0.0,-14.68,0.0,-0.005579027766666667,,0.0851704667,214.524479,8.63435299e-06,970.62107,83.8407749,0.0511436449,99.67692,0.0983989552,99.99998999999998,100.0,False
2026-06-09 10:30:00,0.0,,89.26,88.0,89.87,60.68,60.68,,0.0,0.0,0.0,,0.0,0.0,0.0,0.0,0.0,0.0,3.29414,3.35,5.5176845000000005,0.0,1.85,0.0,0.0,0.38,0.0,0.0,6.36,0.0,0.0,-3.38,0.0,0.0,10.31,0.0,0.0,-14.68,0.0,-0.0062339999666666665,,0.502119333,214.524631,5.09035084e-05,970.86716,83.8407539,0.0513016414,99.67692,0.0984239031,99.99998999999998,100.0,False
2026-06-09 11:00:00,0.0,,80.6,88.0,85.91,67.09,67.09,,0.0,0.0,0.0,,0.0,0.0,0.0,0.0,0.0,0.0,5.47067,3.35,9.16337225,0.0,1.25,0.0,0.0,2.29,0.0,0.0,6.58,0.0,0.0,0.74,0.0,0.0,11.35,0.0,0.0,-10.73,0.0,-0.006419694633333333,,0.957380633,214.524935,9.70566753e-05,971.002137,83.8407411,0.0514643443,99.67692,0.0984375868,99.99998999999998,100.0,False
2026-06-09 11:30:00,0.0,,80.6,83.82,83.82,41.04,41.04,,0.0,0.0,0.0,,0.0,0.0,0.0,0.0,0.0,0.0,1.73998,3.35,2.9144665,0.0,1.25,0.0,0.0,2.29,0.0,0.0,6.58,0.0,0.0,0.74,0.0,0.0,11.35,0.0,0.0,-10.73,0.0,-0.0049648334,,0.957380633,214.525138,9.70566753e-05,971.448077,83.8407277,0.0515901747,99.67692,0.098482795,99.99998999999998,100.0,False
2026-06-09 12:00:00,0.0,,76.0,82.62,86.93,130.0,130.0,,0.0,0.0,0.0,,0.0,0.0,0.0,0.0,0.0,0.0,4.68483,3.35,7.84709025,0.0,1.25,0.0,0.0,2.29,0.0,0.0,6.58,0.0,0.0,0.74,0.0,0.0,11.35,0.0,0.0,-10.73,0.0,-0.005935027799999999,,1.24001638,214.525442,0.000125709528,971.588308,83.8407199,0.0517405939,99.67692,0.0984970112,99.99998999999998,100.0,False
2026-06-09 12:30:00,0.0,,76.0,80.75,81.6,26.64,26.64,,0.0,0.0,0.0,,0.0,0.0,0.0,0.0,0.0,0.0,2.70734,3.35,4.5347945,0.0,1.25,0.0,0.0,2.29,0.0,0.0,6.58,0.0,0.0,0.74,0.0,0.0,11.35,0.0,0.0,-10.73,0.0,-0.0053087778,,1.24941516,214.525595,0.000126662351,971.877668,83.8406975,0.0518751413,99.67692,0.0985263457,99.99998999999998,100.0,False
2026-06-09 13:00:00,0.0,,74.14,76.0,80.0,10.01,10.01,,0.0,0.0,0.0,,0.0,0.0,0.0,0.0,0.0,0.0,4.04821,3.35,6.78075175,0.0,1.25,0.0,0.0,2.29,0.0,0.0,6.58,0.0,0.0,0.74,0.0,0.0,11.35,0.0,0.0,-10.73,0.0,-0.005351083366666666,,1.26907721,214.525898,0.000128655636,972.133173,83.8407096,0.052010761,99.67692,0.0985522481,99.99998999999998,100.0,False
2026-06-09 13:30:00,-0.022,,74.14,74.2,78.14,38.79,38.79,,0.0,-0.8533799999999999,0.0,,0.0,0.0,0.0,0.0,0.0,0.0,1.74403,3.35,2.92125025,0.0,1.25,0.0,0.0,2.29,0.0,0.0,6.58,0.0,0.0,0.74,0.0,0.0,11.35,0.0,0.0,-10.73,0.0,-0.005117222233333334,,1.26907721,214.526152,0.000128655636,972.412702,83.8406713,0.0521404535,99.67692,0.098580586,99.99998999999998,100.0,False
2026-06-09 14:00:00,-1.253,,71.38,69.14,74.0,130.0,130.0,,-6.889999999999992,0.0,0.0,,-2.4,-88.8,0.0,0.0,0.0,0.0,1.12757,3.35,1.8886797499999999,0.0,1.25,0.0,0.0,2.29,0.0,0.0,6.58,0.0,0.0,0.74,0.0,0.0,11.35,0.0,0.0,-10.73,0.0,-0.07397372446666667,,36.4007639,214.528129,0.0036902116,972.610119,83.8406373,0.0540152678,99.67692,0.0986005996,99.99998999999998,100.0,False
2026-06-09 14:30:00,-2.071,,71.38,69.89,73.6,112.45,112.45,,-7.98395000000002,0.0,0.0,,0.0,0.0,-4.0,-139.78,0.0,0.0,4.00132,3.35,6.702211,0.0,1.25,0.0,0.0,2.29,0.0,0.0,6.58,0.0,0.0,0.74,0.0,0.0,11.35,0.0,0.0,-10.73,0.0,-2.4451654,,1258.62656,214.590577,0.127596178,972.610119,83.8051413,0.115986342,99.67692,0.0986005996,99.99998999999998,100.0,False
2026-06-09 15:00:00,-1.421,,71.22,77.89,75.75,123.79,123.79,,71.67441,0.0,0.0,,0.0,0.0,-4.0,-155.78,0.0,0.0,5.9182,3.35,9.912984999999999,0.0,1.11,0.0,0.0,5.25,0.0,0.0,5.98,0.0,0.0,3.29,0.0,0.0,10.31,0.0,0.0,-2.68,0.0,-3.989728733333333,,3262.03026,214.692057,0.33069586,972.610119,83.7397273,0.217103336,99.67692,0.0986005996,99.99998999999998,100.0,False
2026-06-09 15:30:00,-0.039,,71.22,79.96,79.6,144.0,144.0,,282.384,0.0,0.0,,0.0,0.0,-4.0,-159.92,0.0,0.0,2.09358,3.35,3.5067465000000007,0.0,1.11,0.0,0.0,5.25,0.0,0.0,5.98,0.0,0.0,3.29,0.0,0.0,10.31,0.0,0.0,-2.68,0.0,-2.701409415,,4615.03456,214.760739,0.467859799,972.610119,83.6818276,0.285568742,99.67692,0.0986005996,99.99998999999998,100.0,False
2026-06-09 16:00:00,0.0,,86.24,89.7,84.9,139.25,139.25,,0.0,0.0,0.0,,0.0,0.0,0.0,0.0,0.0,0.0,5.32415,3.35,8.917951250000002,0.0,1.11,0.0,0.0,5.25,0.0,0.0,5.98,0.0,0.0,3.29,0.0,0.0,10.31,0.0,0.0,-2.68,0.0,-0.08216266579999999,,4653.2178,214.763071,0.471730713,972.748516,83.6805675,0.287651099,99.67692,0.09861463,99.99998999999998,100.0,False
2026-06-09 16:30:00,0.0,,86.24,94.66,99.75,82.14,82.14,,0.0,0.0,0.0,,0.0,0.0,0.0,0.0,0.0,0.0,2.32802,3.35,3.8994335,0.0,1.11,0.0,0.0,5.25,0.0,0.0,5.98,0.0,0.0,3.29,0.0,0.0,10.31,0.0,0.0,-2.68,0.0,-0.005229777799999999,,4653.2178,214.763274,0.471730713,973.137548,83.6799508,0.287783645,99.67692,0.098654069,99.99998999999998,100.0,False
2026-06-09 17:00:00,0.011,,107.08,102.4,106.0,78.11,78.11,,0.0,0.8592099999999999,0.0,,0.0,0.0,0.0,0.0,0.0,0.0,5.52357,3.35,9.25197975,0.0,1.11,0.0,0.0,5.25,0.0,0.0,5.98,0.0,0.0,3.29,0.0,0.0,10.31,0.0,0.0,-2.68,0.0,-0.005219861100000001,,4653.2178,214.763628,0.471730713,973.554653,83.6800065,0.287915938,99.67692,0.098696354,99.99998999999998,100.0,False
2026-06-09 17:30:00,0.61,,107.08,110.5,111.47,36.91,36.91,,2.2145999999999977,0.0,0.0,,1.1,61.3085,0.0,0.0,0.0,0.0,5.70484,3.35,9.555607,0.0,1.11,0.0,0.0,5.25,0.0,0.0,5.98,0.0,0.0,3.29,0.0,0.0,10.31,0.0,0.0,-2.68,0.0,0.02919024923333333,,4653.2178,214.764845,0.471730713,991.406299,83.6799319,0.288825411,99.67692,0.100506106,99.99998999999998,100.0,False
2026-06-09 18:00:00,2.718,,124.55,112.66,114.0,82.16,82.16,,1.478879999999983,0.0,0.0,,0.0,0.0,5.4,304.182,0.0,0.0,5.90364,3.35,9.888597,0.0,1.11,0.0,0.0,5.25,0.0,0.0,5.98,0.0,0.0,3.29,0.0,0.0,10.31,0.0,0.0,-2.68,0.0,1.2413696966666665,,4653.2178,214.796779,0.471730713,1615.73308,83.6998509,0.320287092,99.67692,0.163798677,99.99998999999998,100.0,False
2026-06-09 18:30:00,2.813,,124.55,119.97,119.0,84.39,84.39,,-15.780929999999985,0.0,0.0,,0.0,0.0,6.0,359.90999999999997,0.0,0.0,6.04754,3.35,10.1296295,0.0,1.11,0.0,0.0,5.25,0.0,0.0,5.98,0.0,0.0,3.29,0.0,0.0,10.31,0.0,0.0,-2.68,0.0,5.394034133333332,,4653.2178,214.934196,0.471730713,4317.9926,83.7984447,0.456995262,99.67692,0.437746484,99.99998999999998,100.0,False
2026-06-09 19:00:00,0.0,,135.0,122.0,125.6,144.48,144.48,,0.0,0.0,0.0,,0.0,0.0,0.0,0.0,0.0,0.0,6.6359,3.35,11.115132500000001,0.0,3.47,0.0,0.0,0.25,0.0,0.0,7.61,0.0,0.0,-3.26,0.0,0.0,10.31,0.0,0.0,-17.87,0.0,5.5261164,,4653.2178,215.075313,0.471730713,7086.50357,83.9180888,0.59705097,99.67692,0.718410685,99.99998999999998,100.0,False
2026-06-09 19:30:00,0.0,,135.0,126.44,126.9,147.0,147.0,,0.0,0.0,0.0,,0.0,0.0,0.0,0.0,0.0,0.0,6.82961,3.35,11.43959675,0.0,3.47,0.0,0.0,0.25,0.0,0.0,7.61,0.0,0.0,-3.26,0.0,0.0,10.31,0.0,0.0,-17.87,0.0,-0.0049479723,,4653.2178,215.075617,0.471730713,7086.95677,83.9312454,0.597176372,99.67692,0.718456629,99.99998999999998,100.0,False
2026-06-09 20:00:00,0.0,,137.71,131.44,130.0,156.0,156.0,,0.0,0.0,0.0,,0.0,0.0,0.0,0.0,0.0,0.0,7.29367,3.35,12.21689725,0.0,3.47,0.0,0.0,0.25,0.0,0.0,7.61,0.0,0.0,-3.26,0.0,0.0,10.31,0.0,0.0,-17.87,0.0,-0.004981638933333333,,4653.2178,215.075972,0.471730713,7087.39963,83.9311003,0.597302628,99.67692,0.718501525,99.99998999999998,100.0,False
2026-06-09 20:30:00,0.0,,137.71,133.99,130.0,149.5,149.5,,0.0,0.0,0.0,,0.0,0.0,0.0,0.0,0.0,0.0,7.27199,3.35,12.18058325,0.0,3.47,0.0,0.0,0.25,0.0,0.0,7.61,0.0,0.0,-3.26,0.0,0.0,10.31,0.0,0.0,-17.87,0.0,-0.005011333299999999,,4653.2178,215.076377,0.471730713,7087.84079,83.9309998,0.597429637,99.67692,0.718546248,99.99998999999998,100.0,False
2026-06-09 21:00:00,0.0,,131.4,128.99,129.6,144.48,144.48,,0.0,0.0,0.0,,0.0,0.0,0.0,0.0,0.0,0.0,7.26232,3.35,12.164386,0.0,3.47,0.0,0.0,0.25,0.0,0.0,7.61,0.0,0.0,-3.26,0.0,0.0,10.31,0.0,0.0,-17.87,0.0,-0.005004750066666667,,4653.2178,215.076631,0.471730713,7088.23736,83.9309098,0.59755648,99.67692,0.718586452,99.99998999999998,100.0,False
2026-06-09 21:30:00,0.0,,131.4,123.0,130.2,156.0,156.0,,0.0,0.0,0.0,,0.0,0.0,0.0,0.0,0.0,0.0,7.40927,3.35,12.410527250000001,0.0,3.47,0.0,0.0,0.25,0.0,0.0,7.61,0.0,0.0,-3.26,0.0,0.0,10.31,0.0,0.0,-17.87,0.0,-0.005001722166666667,,4653.2178,215.076986,0.471730713,7088.64731,83.930837,0.597683244,99.67692,0.718628011,99.99998999999998,100.0,False
2026-06-09 22:00:00,-0.018,,120.03,115.95,119.7,156.0,156.0,,0.0,-2.808,0.0,,0.0,0.0,0.0,0.0,0.0,0.0,7.46134,3.35,12.4977445,0.0,3.47,0.0,0.0,0.25,0.0,0.0,7.61,0.0,0.0,-3.26,0.0,0.0,10.31,0.0,0.0,-17.87,0.0,-0.005020777733333333,,4653.2178,215.07734,0.471730713,7089.03498,83.9307168,0.597810493,99.67692,0.718667312,99.99998999999998,100.0,False
2026-06-09 22:30:00,-0.892,,120.03,109.99,109.0,156.0,156.0,,1.248000000000001,0.0,0.0,,-1.8,-98.10000000000001,0.0,0.0,0.0,0.0,7.47127,3.35,12.514377249999999,0.0,3.47,0.0,0.0,0.25,0.0,0.0,7.61,0.0,0.0,-3.26,0.0,0.0,10.31,0.0,0.0,-17.87,0.0,-0.060197026666666674,,4681.21862,215.079065,0.474569361,7089.29814,83.9304976,0.599336146,99.67692,0.718693991,99.99998999999998,100.0,False
2026-06-09 23:00:00,0.0,,106.5,114.2,112.0,90.0,90.0,,0.0,0.0,0.0,,0.0,0.0,0.0,0.0,0.0,0.0,7.38792,3.35,12.374766000000001,0.0,1.16,0.0,0.0,0.53,0.0,0.0,4.5,0.0,0.0,-2.75,0.0,0.0,22.03,0.0,0.0,-9.0,0.0,-1.76720061,,5561.36553,215.124126,0.563796289,7089.29814,83.9035124,0.644124658,99.67692,0.718693991,99.99998999999998,100.0,False
2026-06-09 23:30:00,0.0,,106.5,106.64,108.78,85.11,85.11,,0.0,0.0,0.0,,0.0,0.0,0.0,0.0,0.0,0.0,7.35804,3.35,12.324717,0.0,1.16,0.0,0.0,0.53,0.0,0.0,4.5,0.0,0.0,-2.75,0.0,0.0,22.03,0.0,0.0,-9.0,0.0,-0.0050546111,,5561.36553,215.124481,0.563796289,7089.67235,83.8990881,0.644252764,99.67692,0.718731927,99.99998999999998,100.0,False
2026-06-10 00:00:00,0.0,,102.4,106.86,107.74,86.01,86.01,,0.0,0.0,0.0,,0.0,0.0,0.0,0.0,0.0,0.0,7.4525,3.35,12.4829375,0.0,1.16,0.0,0.0,0.53,0.0,0.0,4.5,0.0,0.0,-2.75,0.0,0.0,22.03,0.0,0.0,-9.0,0.0,-0.005048638933333333,,5561.36553,215.124786,0.563796289,7090.00535,83.8989645,0.644380718,99.67692,0.718765686,99.99998999999998,100.0,False
2026-06-10 00:30:00,0.0,,102.4,106.19,106.22,99.83,99.83,,0.0,0.0,0.0,,0.0,0.0,0.0,0.0,0.0,0.0,7.52237,3.35,12.59996975,0.0,1.16,0.0,0.0,0.53,0.0,0.0,4.5,0.0,0.0,-2.75,0.0,0.0,22.03,0.0,0.0,-9.0,0.0,-0.0050593888333333335,,0.0,215.125089,0.0,0.412930033,83.8987665,0.00012822681,99.67692,4.18617369e-05,99.99998999999998,100.0,False
2026-06-10 01:00:00,0.0,,100.33,103.0,101.86,95.06,95.06,,0.0,0.0,0.0,,0.0,0.0,0.0,0.0,0.0,0.0,7.13595,3.35,11.95271625,0.0,1.16,0.0,0.0,0.53,0.0,0.0,4.5,0.0,0.0,-2.75,0.0,0.0,22.03,0.0,0.0,-9.0,0.0,-0.004986750033333333,,0.0,215.125444,0.0,0.791245557,83.8985623,0.000254612639,99.67692,8.02143478e-05,99.99998999999998,100.0,False
2026-06-10 01:30:00,0.0,,100.33,98.99,99.64,95.06,95.06,,0.0,0.0,0.0,,0.0,0.0,0.0,0.0,0.0,0.0,7.36999,3.35,12.344733249999999,0.0,1.16,0.0,0.0,0.53,0.0,0.0,4.5,0.0,0.0,-2.75,0.0,0.0,22.03,0.0,0.0,-9.0,0.0,-0.0050325,,0.0,215.125748,0.0,1.08818441,83.898398,0.00038215797,99.67692,0.000110317211,99.99998999999998,100.0,False
2026-06-10 02:00:00,0.0,,102.01,101.29,94.29,94.05,94.05,,0.0,0.0,0.0,,0.0,0.0,0.0,0.0,0.0,0.0,7.36243,3.35,12.33207025,0.0,1.16,0.0,0.0,0.53,0.0,0.0,4.5,0.0,0.0,-2.75,0.0,0.0,22.03,0.0,0.0,-9.0,0.0,-0.004951138966666667,,0.0,215.126053,0.0,1.26177026,83.8982371,0.00050764126,99.67692,0.000127914878,99.99998999999998,100.0,False
2026-06-10 02:30:00,-0.04,,102.01,98.71,97.47,84.0,84.0,,0.0,-3.36,0.0,,0.0,0.0,0.0,0.0,0.0,0.0,7.24864,3.35,12.141472,0.0,1.16,0.0,0.0,0.53,0.0,0.0,4.5,0.0,0.0,-2.75,0.0,0.0,22.03,0.0,0.0,-9.0,0.0,-0.005009111133333333,,0.0,215.126407,0.0,1.51267306,83.8980762,0.000634593815,99.67692,0.000153350729,99.99998999999998,100.0,False
2026-06-10 03:00:00,-1.971,,100.48,97.52,99.88,91.38,91.38,,2.650019999999992,0.0,0.0,,0.0,0.0,-4.0,-195.04,0.0,0.0,7.37503,3.35,12.35317525,0.0,1.36,0.0,0.0,0.82,0.0,0.0,5.78,0.0,0.0,-1.49,0.0,0.0,17.83,0.0,0.0,-11.79,0.0,-0.1278306389,,62.7555383,215.129905,0.0063619878,1.63743765,83.8977924,0.00387437546,99.67692,0.000165999028,99.99998999999998,100.0,False
2026-06-10 03:30:00,-1.931,,100.48,96.13,100.8,92.62,92.62,,6.390779999999996,0.0,0.0,,0.0,0.0,-4.0,-192.26,0.0,0.0,7.4221,3.35,12.4320175,0.0,1.36,0.0,0.0,0.82,0.0,0.0,5.78,0.0,0.0,-1.49,0.0,0.0,17.83,0.0,0.0,-11.79,0.0,-3.9725591666666666,,2052.37176,215.230978,0.208063933,1.63743765,83.8385422,0.104556219,99.67692,0.000165999028,99.99998999999998,100.0,False
2026-06-10 04:00:00,0.0,,103.76,97.11,99.0,90.09,90.09,,0.0,0.0,0.0,,0.0,0.0,0.0,0.0,0.0,0.0,7.37479,3.35,12.35277325,0.0,1.36,0.0,0.0,0.82,0.0,0.0,5.78,0.0,0.0,-1.49,0.0,0.0,17.83,0.0,0.0,-11.79,0.0,-3.8472820999999997,,3977.06422,215.328706,0.403184081,1.63743765,83.7704094,0.202062998,99.67692,0.000165999028,99.99998999999998,100.0,False
2026-06-10 04:30:00,0.0,,103.76,97.03,99.75,85.99,85.99,,0.0,0.0,0.0,,0.0,0.0,0.0,0.0,0.0,0.0,7.45658,3.35,12.4897715,0.0,1.36,0.0,0.0,0.82,0.0,0.0,5.78,0.0,0.0,-1.49,0.0,0.0,17.83,0.0,0.0,-11.79,0.0,-0.005057361133333333,,3977.10672,215.328959,0.403188389,1.68863797,83.760617,0.202191173,99.67692,0.000171189579,99.99998999999998,100.0,False
2026-06-10 05:00:00,0.0,,106.74,103.51,103.04,84.1,84.1,,0.0,0.0,0.0,,0.0,0.0,0.0,0.0,0.0,0.0,7.11004,3.35,11.909317,0.0,1.36,0.0,0.0,0.82,0.0,0.0,5.78,0.0,0.0,-1.49,0.0,0.0,17.83,0.0,0.0,-11.79,0.0,-0.0050787222333333335,,3977.10672,215.329415,0.403188389,1.88894611,83.7603831,0.20231989,99.67692,0.000191496279,99.99998999999998,100.0,False
2026-06-10 05:30:00,0.0,,106.74,103.81,103.01,84.11,84.11,,0.0,0.0,0.0,,0.0,0.0,0.0,0.0,0.0,0.0,7.0577,3.35,11.8216475,0.0,1.36,0.0,0.0,0.82,0.0,0.0,5.78,0.0,0.0,-1.49,0.0,0.0,17.83,0.0,0.0,-11.79,0.0,-0.0049640277333333335,,3977.1479,215.329669,0.403192564,1.92413177,83.7602532,0.2024457,99.67692,0.000195063307,99.99998999999998,100.0,False
2026-06-10 06:00:00,0.0,,115.0,105.3,105.35,83.0,83.0,,0.0,0.0,0.0,,0.0,0.0,0.0,0.0,0.0,0.0,6.87163,3.35,11.50998025,0.0,1.36,0.0,0.0,0.82,0.0,0.0,5.78,0.0,0.0,-1.49,0.0,0.0,17.83,0.0,0.0,-11.79,0.0,-0.004976833333333333,,3977.1479,215.330024,0.403192564,2.00568936,83.7601287,0.202571834,99.67692,0.000203331396,99.99998999999998,100.0,False
2026-06-10 06:30:00,0.0,,115.0,112.47,118.48,103.49,103.49,,0.0,0.0,0.0,,0.0,0.0,0.0,0.0,0.0,0.0,6.34389,3.35,10.62601575,0.0,1.36,0.0,0.0,0.82,0.0,0.0,5.78,0.0,0.0,-1.49,0.0,0.0,17.83,0.0,0.0,-11.79,0.0,-0.004945805633333334,,3977.1479,215.330328,0.403192564,2.09622824,83.7599796,0.202697182,99.67692,0.000212509985,99.99998999999998,100.0,False
2026-06-10 07:00:00,0.0,,117.7,113.97,120.58,150.0,150.0,,0.0,0.0,0.0,,0.0,0.0,0.0,0.0,0.0,0.0,5.44714,3.35,9.1239595,0.0,1.74,0.0,0.0,0.2,0.0,0.0,6.08,0.0,0.0,-3.97,0.0,0.0,15.47,0.0,0.0,-17.65,0.0,-0.0049826388666666666,,3977.16509,215.330682,0.403194307,2.2084031,83.759842,0.202823464,99.67692,0.00022388197,99.99998999999998,100.0,False
2026-06-10 07:30:00,0.0,,117.7,116.02,121.0,150.0,150.0,,0.0,0.0,0.0,,0.0,0.0,0.0,0.0,0.0,0.0,4.32706,3.35,7.247825500000001,0.0,1.74,0.0,0.0,0.2,0.0,0.0,6.08,0.0,0.0,-3.97,0.0,0.0,15.47,0.0,0.0,-17.65,0.0,-0.004924777766666667,,3977.16509,215.330986,0.403194307,2.48440978,83.7597142,0.202948279,99.67692,0.000251862786,99.99998999999998,100.0,False
2026-06-10 08:00:00,0.0,,117.85,115.0,118.41,134.8,134.8,,0.0,0.0,0.0,,0.0,0.0,0.0,0.0,0.0,0.0,3.0739,3.35,5.1487825,0.0,1.74,0.0,0.0,0.2,0.0,0.0,6.08,0.0,0.0,-3.97,0.0,0.0,15.47,0.0,0.0,-17.65,0.0,-0.005012861099999999,,3977.16509,215.331291,0.403194307,2.73025858,83.7596347,0.203075327,99.67692,0.000276786276,99.99998999999998,100.0,False
2026-06-10 08:30:00,0.0,,117.85,113.7,118.99,110.37,110.37,,0.0,0.0,0.0,,0.0,0.0,0.0,0.0,0.0,0.0,3.5108,3.35,5.880590000000001,0.0,1.74,0.0,0.0,0.2,0.0,0.0,6.08,0.0,0.0,-3.97,0.0,0.0,15.47,0.0,0.0,-17.65,0.0,-0.0049793889,,3977.16509,215.331696,0.403194307,2.9908988,83.7596659,0.203201527,99.67692,0.000303209281,99.99998999999998,100.0,False
2026-06-10 09:00:00,0.0,,116.0,114.51,119.01,139.37,139.37,,0.0,0.0,0.0,,0.0,0.0,0.0,0.0,0.0,0.0,2.8456,3.35,4.766380000000001,0.0,1.74,0.0,0.0,0.2,0.0,0.0,6.08,0.0,0.0,-3.97,0.0,0.0,15.47,0.0,0.0,-17.65,0.0,-0.0049535000666666665,,3977.16509,215.33195,0.403194307,3.24463578,83.7596849,0.20332707,99.67692,0.000328932454,99.99998999999998,100.0,False
2026-06-10 09:30:00,0.0,,116.0,106.01,112.79,90.0,90.0,,0.0,0.0,0.0,,0.0,0.0,0.0,0.0,0.0,0.0,3.3373,3.35,5.5899775,0.0,1.74,0.0,0.0,0.2,0.0,0.0,6.08,0.0,0.0,-3.97,0.0,0.0,15.47,0.0,0.0,-17.65,0.0,-0.005204055566666667,,3977.20444,215.332304,0.403198296,3.42850751,83.7597562,0.203458963,99.67692,0.000347572876,99.99998999999998,100.0,False
2026-06-10 10:00:00,0.0,,108.26,106.71,114.71,84.17,84.17,,0.0,0.0,0.0,,0.0,0.0,0.0,0.0,0.0,0.0,1.17703,3.35,1.97152525,0.0,1.74,0.0,0.0,0.2,0.0,0.0,6.08,0.0,0.0,-3.97,0.0,0.0,15.47,0.0,0.0,-17.65,0.0,-0.0054503055,,3977.33047,215.332609,0.403211073,3.51819531,83.7597571,0.203597097,99.67692,0.000356665184,99.99998999999998,100.0,False
2026-06-10 10:30:00,0.0,,108.26,103.62,111.62,84.12,84.12,,0.0,0.0,0.0,,0.0,0.0,0.0,0.0,0.0,0.0,4.62498,3.35,7.7468415,0.0,1.74,0.0,0.0,0.2,0.0,0.0,6.08,0.0,0.0,-3.97,0.0,0.0,15.47,0.0,0.0,-17.65,0.0,-0.0070029166333333325,,3978.12629,215.332862,0.403291751,3.51819531,83.7597684,0.203774581,99.67692,0.000356665184,99.99998999999998,100.0,False
2026-06-10 11:00:00,0.0,,108.23,100.27,104.6,83.9,83.9,,0.0,0.0,0.0,,0.0,0.0,0.0,0.0,0.0,0.0,1.16097,3.35,1.9446247500000002,0.0,1.59,0.0,0.0,1.17,0.0,0.0,4.51,0.0,0.0,-0.65,0.0,0.0,13.29,0.0,0.0,-11.27,0.0,-0.004966333333333334,,3978.12629,215.333268,0.403291751,3.72967952,83.7597435,0.203900449,99.67692,0.000378104885,99.99998999999998,100.0,False
2026-06-10 11:30:00,0.0,,108.23,95.9,103.0,83.9,83.9,,0.0,0.0,0.0,,0.0,0.0,0.0,0.0,0.0,0.0,2.39821,3.35,4.01700175,0.0,1.59,0.0,0.0,1.17,0.0,0.0,4.51,0.0,0.0,-0.65,0.0,0.0,13.29,0.0,0.0,-11.27,0.0,-0.0054550277,,3978.29071,215.333622,0.403308419,3.93491978,83.7598628,0.204038704,99.67692,0.000398911591,99.99998999999998,100.0,False
2026-06-10 12:00:00,0.0,,105.4,93.91,103.91,84.12,84.12,,0.0,0.0,0.0,,0.0,0.0,0.0,0.0,0.0,0.0,1.69029,3.35,2.8312357500000003,0.0,1.59,0.0,0.0,1.17,0.0,0.0,4.51,0.0,0.0,-0.65,0.0,0.0,13.29,0.0,0.0,-11.27,0.0,-0.004968861033333333,,3978.29071,215.333926,0.403308419,4.18577027,83.7599581,0.204164636,99.67692,0.000424342139,99.99998999999998,100.0,False
2026-06-10 12:30:00,0.0,,105.4,90.4,100.4,83.9,83.9,,0.0,0.0,0.0,,0.0,0.0,0.0,0.0,0.0,0.0,3.60695,3.35,6.04164125,0.0,1.59,0.0,0.0,1.17,0.0,0.0,4.51,0.0,0.0,-0.65,0.0,0.0,13.29,0.0,0.0,-11.27,0.0,-0.006503138699999998,,3978.87587,215.334281,0.403367741,4.24608843,83.7599943,0.204329454,99.67692,0.000430457032,99.99998999999998,100.0,False
2026-06-10 13:00:00,0.0,,101.44,93.63,101.63,71.7,71.7,,0.0,0.0,0.0,,0.0,0.0,0.0,0.0,0.0,0.0,3.13682,3.35,5.2541735,0.0,1.59,0.0,0.0,1.17,0.0,0.0,4.51,0.0,0.0,-0.65,0.0,0.0,13.29,0.0,0.0,-11.27,0.0,-0.005569499933333333,,3978.98168,215.334636,0.403378468,4.33607109,83.7599663,0.204470609,99.67692,0.000439579232,99.99998999999998,100.0,False
2026-06-10 13:30:00,-0.002,,101.44,90.56,98.01,71.75,71.75,,0.0,-0.14350000000000002,0.0,,0.0,0.0,0.0,0.0,0.0,0.0,2.25263,3.35,3.77315525,0.0,1.59,0.0,0.0,1.17,0.0,0.0,4.51,0.0,0.0,-0.65,0.0,0.0,13.29,0.0,0.0,-11.27,0.0,-0.0057764722000000004,,3979.22784,215.33494,0.403403423,4.43663477,83.7599005,0.20461701,99.67692,0.000449774108,99.99998999999998,100.0,False
2026-06-10 14:00:00,-0.139,,97.12,91.51,96.1,71.75,71.75,,-2.7982500000000003,0.0,0.0,,0.0,0.0,-0.2,-9.151000000000002,0.0,0.0,0.35135,3.35,0.58851125,0.0,1.59,0.0,0.0,1.17,0.0,0.0,4.51,0.0,0.0,-0.65,0.0,0.0,13.29,0.0,0.0,-11.27,0.0,-0.012352083533333334,,3982.8888,215.335447,0.403774561,4.59675972,83.7599105,0.204930066,99.67692,0.000466007145,99.99998999999998,100.0,False
2026-06-10 14:30:00,-1.991,,97.12,91.06,95.0,71.3,71.3,,0.6416999999999926,0.0,0.0,,0.0,0.0,-4.0,-182.12,0.0,0.0,2.14036,3.35,3.5851029999999997,0.0,1.59,0.0,0.0,1.17,0.0,0.0,4.51,0.0,0.0,-0.65,0.0,0.0,13.29,0.0,0.0,-11.27,0.0,-0.32025716666666665,,4141.79353,215.343608,0.419883896,4.59675972,83.7568701,0.213046768,99.67692,0.000466007145,99.99998999999998,100.0,False
2026-06-10 15:00:00,0.0,,96.44,91.05,94.06,71.75,71.75,,0.0,0.0,0.0,,0.0,0.0,0.0,0.0,0.0,0.0,4.59033,3.35,7.68880275,0.0,2.6,0.0,0.0,2.12,0.0,0.0,6.67,0.0,0.0,0.0,0.0,0.0,18.29,0.0,0.0,-6.28,0.0,-3.8746301666666665,,6085.31453,215.442147,0.616912831,4.59675972,83.6971195,0.311246666,99.67692,0.000466007145,99.99998999999998,100.0,False
2026-06-10 15:30:00,0.0,,96.44,91.14,97.04,84.12,84.12,,0.0,0.0,0.0,,0.0,0.0,0.0,0.0,0.0,0.0,2.25455,3.35,3.7763712500000004,0.0,2.6,0.0,0.0,2.12,0.0,0.0,6.67,0.0,0.0,0.0,0.0,0.0,18.29,0.0,0.0,-6.28,0.0,-0.004981805533333334,,6085.31453,215.4424,0.616912831,4.85135238,83.6875216,0.311372926,99.67692,0.000491817065,99.99998999999998,100.0,False
2026-06-10 16:00:00,0.0,,107.2,103.48,107.43,84.2,84.2,,0.0,0.0,0.0,,0.0,0.0,0.0,0.0,0.0,0.0,0.89569,3.35,1.50028075,0.0,2.6,0.0,0.0,2.12,0.0,0.0,6.67,0.0,0.0,0.0,0.0,0.0,18.29,0.0,0.0,-6.28,0.0,-0.005006833333333333,,6085.31453,215.442755,0.616912831,5.0750476,83.687523,0.311499821,99.67692,0.000514494685,99.99998999999998,100.0,False
2026-06-10 16:30:00,0.0,,107.2,103.28,108.32,84.2,84.2,,0.0,0.0,0.0,,0.0,0.0,0.0,0.0,0.0,0.0,4.57012,3.35,7.6549510000000005,0.0,2.6,0.0,0.0,2.12,0.0,0.0,6.67,0.0,0.0,0.0,0.0,0.0,18.29,0.0,0.0,-6.28,0.0,-0.00488775,,6085.31453,215.44306,0.616912831,5.2985669,83.6877249,0.311623698,99.67692,0.000537154471,99.99998999999998,100.0,False
2026-06-10 17:00:00,0.001,,116.51,111.29,114.37,89.55,89.55,,0.0,0.08955,0.0,,0.0,0.0,0.0,0.0,0.0,0.0,5.58388,3.35,9.352999,0.0,2.6,0.0,0.0,2.12,0.0,0.0,6.67,0.0,0.0,0.0,0.0,0.0,18.29,0.0,0.0,-6.28,0.0,-0.0049909166999999996,,6085.31453,215.443414,0.616912831,5.49166366,83.6877083,0.311750189,99.67692,0.000556730101,99.99998999999998,100.0,False
2026-06-10 17:30:00,0.154,,116.51,119.0,119.77,84.3,84.3,,4.552199999999999,0.0,0.0,,0.0,0.0,0.2,11.9,0.0,0.0,6.77292,3.35,11.344641000000001,0.0,2.6,0.0,0.0,2.12,0.0,0.0,6.67,0.0,0.0,0.0,0.0,0.0,18.29,0.0,0.0,-6.28,0.0,0.0009633613666666664,,6085.31453,215.443921,0.616912831,8.77945642,83.6875503,0.311983277,99.67692,0.000890037694,99.99998999999998,100.0,False
2026-06-10 18:00:00,2.942,,132.25,133.38,131.0,90.0,90.0,,-0.7200000000000006,0.0,0.0,,0.0,0.0,5.9,393.471,0.0,0.0,6.07275,3.35,10.171856250000001,0.0,2.6,0.0,0.0,2.12,0.0,0.0,6.67,0.0,0.0,0.0,0.0,0.0,18.29,0.0,0.0,-6.28,0.0,0.3604268343333333,,6085.31453,215.453298,0.616912831,194.087296,83.6910668,0.321140876,99.67692,0.0196760484,99.99998999999998,100.0,False
2026-06-10 18:30:00,2.869,,132.25,137.54,134.0,108.11,108.11,,-30.378909999999966,0.0,0.0,,0.0,0.0,6.3,433.251,0.0,0.0,5.81726,3.35,9.7439105,0.0,2.6,0.0,0.0,2.12,0.0,0.0,6.67,0.0,0.0,0.0,0.0,0.0,18.29,0.0,0.0,-6.28,0.0,5.8235395,,6085.31453,215.601664,0.616912831,3110.79543,83.7940949,0.468734571,99.67692,0.315364079,99.99998999999998,100.0,False
2026-06-10 19:00:00,1.459,,140.68,142.93,149.68,122.9,122.9,,179.3111,0.0,0.0,,0.0,0.0,0.0,0.0,0.0,0.0,6.82259,3.35,11.42783825,0.0,3.85,0.0,0.0,0.1,0.0,0.0,7.76,0.0,0.0,-3.04,0.0,0.0,27.97,0.0,0.0,-8.75,0.0,5.674109133333334,,6085.31453,215.746177,0.616912831,5953.56295,83.9108528,0.612541055,99.67692,0.60355621,99.99998999999998,100.0,False
2026-06-10 19:30:00,0.123,,140.68,146.94,145.6,172.9,172.9,,21.2667,0.0,0.0,,0.0,0.0,0.0,0.0,0.0,0.0,7.01693,3.35,11.753357750000001,0.0,3.85,0.0,0.0,0.1,0.0,0.0,7.76,0.0,0.0,-3.04,0.0,0.0,27.97,0.0,0.0,-8.75,0.0,2.8155877199333332,,6085.31453,215.817952,0.616912831,7365.4844,83.9890971,0.683983903,99.67692,0.746693011,99.99998999999998,100.0,False
2026-06-10 20:00:00,0.0,,143.31,152.04,150.7,117.67,117.67,,0.0,0.0,0.0,,0.0,0.0,0.0,0.0,0.0,0.0,7.35136,3.35,12.313528,0.0,3.85,0.0,0.0,0.1,0.0,0.0,7.76,0.0,0.0,-3.04,0.0,0.0,27.97,0.0,0.0,-8.75,0.0,0.24266655666666667,,6085.31453,215.824542,0.616912831,7488.6741,83.9939821,0.690217798,99.67692,0.759181652,99.99998999999998,100.0,False
2026-06-10 20:30:00,0.043,,143.31,149.95,147.16,122.34,122.34,,0.0,5.260619999999999,0.0,,0.0,0.0,0.0,0.0,0.0,0.0,7.40292,3.35,12.399891,0.0,3.85,0.0,0.0,0.1,0.0,0.0,7.76,0.0,0.0,-3.04,0.0,0.0,27.97,0.0,0.0,-8.75,0.0,-0.0049765278,,6085.31453,215.824948,0.616912831,7488.85292,83.9938428,0.690343925,99.67692,0.75919978,99.99998999999998,100.0,False
2026-06-10 21:00:00,0.0,,142.5,140.87,143.8,151.0,151.0,,0.0,0.0,0.0,,0.0,0.0,0.0,0.0,0.0,0.0,7.28303,3.35,12.19907525,0.0,3.85,0.0,0.0,0.1,0.0,0.0,7.76,0.0,0.0,-3.04,0.0,0.0,27.97,0.0,0.0,-8.75,0.0,0.08224766776666666,,6085.31453,215.827431,0.616912831,7532.29189,83.9954887,0.692601195,99.67692,0.763603506,99.99998999999998,100.0,False
2026-06-10 21:30:00,0.0,,142.5,140.15,142.5,156.53,156.53,,0.0,0.0,0.0,,0.0,0.0,0.0,0.0,0.0,0.0,7.51599,3.35,12.589283250000001,0.0,3.85,0.0,0.0,0.1,0.0,0.0,7.76,0.0,0.0,-3.04,0.0,0.0,27.97,0.0,0.0,-8.75,0.0,-0.0050645555999999994,,6085.31453,215.827736,0.616912831,7532.51393,83.9954092,0.692729553,99.67692,0.763626016,99.99998999999998,100.0,False
2026-06-10 22:00:00,-0.014,,126.3,122.89,124.35,141.12,141.12,,0.0,-1.97568,0.0,,0.0,0.0,0.0,0.0,0.0,0.0,7.25265,3.35,12.148188750000001,0.0,3.85,0.0,0.0,0.1,0.0,0.0,7.76,0.0,0.0,-3.04,0.0,0.0,27.97,0.0,0.0,-8.75,0.0,-0.005014138833333333,,6085.31453,215.828192,0.616912831,7532.78353,83.9952488,0.692856633,99.67692,0.763653347,99.99998999999998,100.0,False
2026-06-10 22:30:00,-0.895,,126.3,124.29,124.21,118.04,118.04,,0.5902000000000005,0.0,0.0,,-1.8,-111.789,0.0,0.0,0.0,0.0,7.33211,3.35,12.28128425,0.0,3.85,0.0,0.0,0.1,0.0,0.0,7.76,0.0,0.0,-3.04,0.0,0.0,27.97,0.0,0.0,-8.75,0.0,-0.05345908563333334,,6109.97777,215.829764,0.619413124,7532.90627,83.99505,0.694211518,99.67692,0.76366579,99.99998999999998,100.0,False
2026-06-10 23:00:00,0.0,,115.9,122.78,123.24,120.0,120.0,,0.0,0.0,0.0,,0.0,0.0,0.0,0.0,0.0,0.0,7.38407,3.35,12.36831725,0.0,1.22,0.0,0.0,0.2,0.0,0.0,4.72,0.0,0.0,-3.14,0.0,0.0,18.16,0.0,0.0,-15.07,0.0,-1.7644338700000002,,6988.57262,215.874471,0.708482708,7532.90627,83.9682253,0.738929909,99.67692,0.76366579,99.99998999999998,100.0,False
2026-06-10 23:30:00,0.0,,115.9,121.35,122.16,125.0,125.0,,0.0,0.0,0.0,,0.0,0.0,0.0,0.0,0.0,0.0,7.29197,3.35,12.214049750000001,0.0,1.22,0.0,0.0,0.2,0.0,0.0,4.72,0.0,0.0,-3.14,0.0,0.0,18.16,0.0,0.0,-15.07,0.0,-0.004999250033333333,,6988.57262,215.874876,0.708482708,7533.00505,83.9638197,0.739056612,99.67692,0.763675804,99.99998999999998,100.0,False
2026-06-11 00:00:00,0.0,,109.67,113.25,117.7,142.9,142.9,,0.0,0.0,0.0,,0.0,0.0,0.0,0.0,0.0,0.0,7.43269,3.35,12.44975575,0.0,1.22,0.0,0.0,0.2,0.0,0.0,4.72,0.0,0.0,-3.14,0.0,0.0,18.16,0.0,0.0,-15.07,0.0,-0.004997166633333334,,6988.63585,215.87518,0.708489118,7533.03479,83.9636802,0.739183262,99.67692,0.763678819,99.99998999999998,100.0,False
2026-06-11 00:30:00,0.0,,109.67,116.0,116.3,90.11,90.11,,0.0,0.0,0.0,,0.0,0.0,0.0,0.0,0.0,0.0,7.42511,3.35,12.43705925,0.0,1.22,0.0,0.0,0.2,0.0,0.0,4.72,0.0,0.0,-3.14,0.0,0.0,18.16,0.0,0.0,-15.07,0.0,-0.005002777766666667,,0.0705517167,215.875535,7.15234341e-06,0.0902824867,83.963459,0.000126792041,99.67692,9.15259584e-06,99.99998999999998,100.0,False
2026-06-11 01:00:00,0.0,,106.9,120.0,114.75,90.78,90.78,,0.0,0.0,0.0,,0.0,0.0,0.0,0.0,0.0,0.0,7.27499,3.35,12.18560825,0.0,1.22,0.0,0.0,0.2,0.0,0.0,4.72,0.0,0.0,-3.14,0.0,0.0,18.16,0.0,0.0,-15.07,0.0,-0.005026916699999999,,0.0705517167,215.875839,7.15234341e-06,0.194568272,83.9633056,0.000254195866,99.67692,1.97248084e-05,99.99998999999998,100.0,False
2026-06-11 01:30:00,0.0,,106.9,115.58,109.61,123.07,123.07,,0.0,0.0,0.0,,0.0,0.0,0.0,0.0,0.0,0.0,7.5129,3.35,12.5841075,0.0,1.22,0.0,0.0,0.2,0.0,0.0,4.72,0.0,0.0,-3.14,0.0,0.0,18.16,0.0,0.0,-15.07,0.0,-0.005018083233333333,,0.078547247,215.876193,7.96290878e-06,0.233960627,83.9631768,0.000381375814,99.67692,2.37182995e-05,99.99998999999998,100.0,False
2026-06-11 02:00:00,0.0,,104.17,119.56,109.0,113.34,113.34,,0.0,0.0,0.0,,0.0,0.0,0.0,0.0,0.0,0.0,7.3142,3.35,12.251285,0.0,1.22,0.0,0.0,0.2,0.0,0.0,4.72,0.0,0.0,-3.14,0.0,0.0,18.16,0.0,0.0,-15.07,0.0,-0.005079666666666666,,0.0844936003,215.876498,8.56573409e-06,0.337719762,83.963015,0.000510116555,99.67692,3.42371217e-05,99.99998999999998,100.0,False
2026-06-11 02:30:00,0.0,,104.17,110.3,104.7,100.74,100.74,,0.0,0.0,0.0,,0.0,0.0,0.0,0.0,0.0,0.0,7.11168,3.35,11.912063999999999,0.0,1.22,0.0,0.0,0.2,0.0,0.0,4.72,0.0,0.0,-3.14,0.0,0.0,18.16,0.0,0.0,-15.07,0.0,-0.0050296945,,0.0844936003,215.876752,8.56573409e-06,0.404056209,83.9628903,0.00063759078,99.67692,4.09621324e-05,99.99998999999998,100.0,False
2026-06-11 03:00:00,0.0,,105.24,110.71,103.6,99.06,99.06,,0.0,0.0,0.0,,0.0,0.0,0.0,0.0,0.0,0.0,7.33635,3.35,12.28838625,0.0,2.45,0.0,0.0,0.86,0.0,0.0,6.56,0.0,0.0,-0.65,0.0,0.0,17.65,0.0,0.0,-12.39,0.0,-0.0050016389,,0.151646834,215.877157,1.53735484e-05,0.465155476,83.9627663,0.00076435396,99.67692,4.71562119e-05,99.99998999999998,100.0,False
2026-06-11 03:30:00,0.0,,105.24,107.28,100.3,100.2,100.2,,0.0,0.0,0.0,,0.0,0.0,0.0,0.0,0.0,0.0,7.51302,3.35,12.5843085,0.0,2.45,0.0,0.0,0.86,0.0,0.0,6.56,0.0,0.0,-0.65,0.0,0.0,17.65,0.0,0.0,-12.39,0.0,-0.005001666666666667,,0.244487539,215.877461,2.47854896e-05,0.504800377,83.9626353,0.000891117835,99.67692,5.11753054e-05,99.99998999999998,100.0,False
2026-06-11 04:00:00,0.0,,108.0,111.27,103.54,90.11,90.11,,0.0,0.0,0.0,,0.0,0.0,0.0,0.0,0.0,0.0,7.45152,3.35,12.481296,0.0,2.45,0.0,0.0,0.86,0.0,0.0,6.56,0.0,0.0,-0.65,0.0,0.0,17.65,0.0,0.0,-12.39,0.0,-0.004994194466666667,,0.299791569,215.877816,3.03920635e-05,0.584721127,83.9624503,0.00101769235,99.67692,5.92774562e-05,99.99998999999998,100.0,False
2026-06-11 04:30:00,0.0,,108.0,108.6,101.61,90.11,90.11,,0.0,0.0,0.0,,0.0,0.0,0.0,0.0,0.0,0.0,7.34803,3.35,12.30795025,0.0,2.45,0.0,0.0,0.86,0.0,0.0,6.56,0.0,0.0,-0.65,0.0,0.0,17.65,0.0,0.0,-12.39,0.0,-0.004997889033333334,,0.299791569,215.878171,3.03920635e-05,0.634504208,83.9622296,0.00114436048,99.67692,6.43243312e-05,99.99998999999998,100.0,False
2026-06-11 05:00:00,0.0,,109.72,112.02,110.2,90.11,90.11,,0.0,0.0,0.0,,0.0,0.0,0.0,0.0,0.0,0.0,7.08086,3.35,11.860440500000001,0.0,2.45,0.0,0.0,0.86,0.0,0.0,6.56,0.0,0.0,-0.65,0.0,0.0,17.65,0.0,0.0,-12.39,0.0,-0.0049944722,,0.327616699,215.878475,3.32129004e-05,0.706053583,83.9620741,0.00127094203,99.67692,7.15778145e-05,99.99998999999998,100.0,False
2026-06-11 05:30:00,0.0,,109.72,113.62,111.11,91.05,91.05,,0.0,0.0,0.0,,0.0,0.0,0.0,0.0,0.0,0.0,6.66619,3.35,11.16586825,0.0,2.45,0.0,0.0,0.86,0.0,0.0,6.56,0.0,0.0,-0.65,0.0,0.0,17.65,0.0,0.0,-12.39,0.0,-0.005013055566666667,,0.421622499,215.878779,4.27429557e-05,0.719128505,83.9619617,0.00139799455,99.67692,7.29033149e-05,99.99998999999998,100.0,False
2026-06-11 06:00:00,0.0,,121.57,109.13,108.89,92.0,92.0,,0.0,0.0,0.0,,0.0,0.0,0.0,0.0,0.0,0.0,6.62351,3.35,11.09437925,0.0,2.45,0.0,0.0,0.86,0.0,0.0,6.56,0.0,0.0,-0.65,0.0,0.0,17.65,0.0,0.0,-12.39,0.0,-0.0050101388,,0.421622499,215.879235,4.27429557e-05,0.866010537,83.9618229,0.00152497315,99.67692,8.77938205e-05,99.99998999999998,100.0,False
2026-06-11 06:30:00,0.0,,121.57,120.92,118.0,152.5,152.5,,0.0,0.0,0.0,,0.0,0.0,0.0,0.0,0.0,0.0,6.47003,3.35,10.83730025,0.0,2.45,0.0,0.0,0.86,0.0,0.0,6.56,0.0,0.0,-0.65,0.0,0.0,17.65,0.0,0.0,-12.39,0.0,-0.004970777833333333,,0.421622499,215.879337,4.27429557e-05,1.07364823,83.9616999,0.00165095417,99.67692,0.000108843572,99.99998999999998,100.0,False
2026-06-11 07:00:00,0.003,,117.51,114.95,110.51,91.06,91.06,,0.0,0.27318000000000003,0.0,,0.0,0.0,0.0,0.0,0.0,0.0,6.21828,3.35,10.415619,0.0,1.57,0.0,0.0,0.66,0.0,0.0,5.25,0.0,0.0,-4.0,0.0,0.0,16.59,0.0,0.0,-17.37,0.0,-0.0049827222,,0.437968579,215.879743,4.44000774e-05,1.22583531,83.961555,0.00177723792,99.67692,0.000124271889,99.99998999999998,100.0,False
2026-06-11 07:30:00,0.0,,117.51,123.2,121.1,149.0,149.0,,-126.64999999999999,0.0,0.0,,0.0,0.0,1.7,104.72,0.0,0.0,5.67781,3.35,9.51033175,0.0,1.57,0.0,0.0,0.66,0.0,0.0,5.25,0.0,0.0,-4.0,0.0,0.0,16.59,0.0,0.0,-17.37,0.0,0.0008919442999999992,,0.437968579,215.8803,4.44000774e-05,4.35891627,83.9614115,0.00196983791,99.67692,0.000441895215,99.99998999999998,100.0,False
2026-06-11 08:00:00,0.0,,116.56,113.99,114.0,91.69,91.69,,0.0,0.0,0.0,,0.0,0.0,0.0,0.0,0.0,0.0,4.88251,3.35,8.17820425,0.0,1.57,0.0,0.0,0.66,0.0,0.0,5.25,0.0,0.0,-4.0,0.0,0.0,16.59,0.0,0.0,-17.37,0.0,-0.005014944433333334,,0.437968579,215.880503,4.44000774e-05,4.51746483,83.961387,0.00209693831,99.67692,0.000457968442,99.99998999999998,100.0,False
2026-06-11 08:30:00,0.0,,116.56,112.51,111.5,132.37,132.37,,0.0,0.0,0.0,,0.0,0.0,0.0,0.0,0.0,0.0,5.43052,3.35,9.096121,0.0,1.57,0.0,0.0,0.66,0.0,0.0,5.25,0.0,0.0,-4.0,0.0,0.0,16.59,0.0,0.0,-17.37,0.0,-0.004985749966666667,,0.437968579,215.880908,4.44000774e-05,4.71626562,83.9612672,0.00222329879,99.67692,0.000478122332,99.99998999999998,100.0,False
2026-06-11 09:00:00,0.0,,115.53,114.99,114.0,131.77,131.77,,0.0,0.0,0.0,,0.0,0.0,0.0,0.0,0.0,0.0,4.76648,3.35,7.983853999999999,0.0,1.57,0.0,0.0,0.66,0.0,0.0,5.25,0.0,0.0,-4.0,0.0,0.0,16.59,0.0,0.0,-17.37,0.0,-0.005000388933333333,,0.437968579,215.881161,4.44000774e-05,4.99687884,83.9611208,0.00235003029,99.67692,0.000506570146,99.99998999999998,100.0,False
2026-06-11 09:30:00,0.0,,115.53,112.8,108.53,134.0,134.0,,0.0,0.0,0.0,,0.0,0.0,0.0,0.0,0.0,0.0,4.838,3.35,8.10365,0.0,1.57,0.0,0.0,0.66,0.0,0.0,5.25,0.0,0.0,-4.0,0.0,0.0,16.59,0.0,0.0,-17.37,0.0,-0.0050025833,,0.437968579,215.881517,4.44000774e-05,5.33238803,83.9610193,0.0024768174,99.67692,0.000540583166,99.99998999999998,100.0,False
2026-06-11 10:00:00,0.0,,114.4,114.0,108.4,143.0,143.0,,0.0,0.0,0.0,,0.0,0.0,0.0,0.0,0.0,0.0,5.98899,3.35,10.031558250000002,0.0,1.57,0.0,0.0,0.66,0.0,0.0,5.25,0.0,0.0,-4.0,0.0,0.0,16.59,0.0,0.0,-17.37,0.0,-0.004953194366666667,,0.437968579,215.881922,4.44000774e-05,5.64028097,83.9609062,0.00260235279,99.67692,0.000571796525,99.99998999999998,100.0,False
2026-06-11 10:30:00,0.0,,114.4,108.52,103.41,139.0,139.0,,0.0,0.0,0.0,,0.0,0.0,0.0,0.0,0.0,0.0,5.62145,3.35,9.41592875,0.0,1.57,0.0,0.0,0.66,0.0,0.0,5.25,0.0,0.0,-4.0,0.0,0.0,16.59,0.0,0.0,-17.37,0.0,-0.004990805599999999,,0.437968579,215.882226,4.44000774e-05,5.95304039,83.9607739,0.0027288414,99.67692,0.000603503234,99.99998999999998,100.0,False
2026-06-11 11:00:00,0.0,,113.78,99.93,100.0,138.0,138.0,,0.0,0.0,0.0,,0.0,0.0,0.0,0.0,0.0,0.0,5.71049,3.35,9.56507075,0.0,1.38,0.0,0.0,0.92,0.0,0.0,5.08,0.0,0.0,-1.9,0.0,0.0,16.7,0.0,0.0,-12.9,0.0,-0.004998916633333334,,0.437968579,215.882479,4.44000774e-05,6.26602461,83.9606045,0.00285553558,99.67692,0.000635232733,99.99998999999998,100.0,False
2026-06-11 11:30:00,0.0,,113.78,99.93,100.99,83.05,83.05,,0.0,0.0,0.0,,0.0,0.0,0.0,0.0,0.0,0.0,5.9995,3.35,10.049162500000001,0.0,1.38,0.0,0.0,0.92,0.0,0.0,5.08,0.0,0.0,-1.9,0.0,0.0,16.7,0.0,0.0,-12.9,0.0,-0.0049721111,,0.437968579,215.882885,4.44000774e-05,6.60295666,83.9604502,0.0029815504,99.67692,0.000669389999,99.99998999999998,100.0,False
2026-06-11 12:00:00,0.0,,105.23,104.93,104.0,92.02,92.02,,0.0,0.0,0.0,,0.0,0.0,0.0,0.0,0.0,0.0,5.8274,3.35,9.760895,0.0,1.38,0.0,0.0,0.92,0.0,0.0,5.08,0.0,0.0,-1.9,0.0,0.0,16.7,0.0,0.0,-12.9,0.0,-0.005007361133333333,,0.437968579,215.883088,4.44000774e-05,6.86014207,83.9602521,0.0031084586,99.67692,0.000695462764,99.99998999999998,100.0,False
2026-06-11 12:30:00,0.0,,105.23,110.13,108.1,125.89,125.89,,0.0,0.0,0.0,,0.0,0.0,0.0,0.0,0.0,0.0,6.03233,3.35,10.10415275,0.0,1.38,0.0,0.0,0.92,0.0,0.0,5.08,0.0,0.0,-1.9,0.0,0.0,16.7,0.0,0.0,-12.9,0.0,-0.005011027800000001,,0.437968579,215.883493,4.44000774e-05,7.13127076,83.9600676,0.00323545974,99.67692,0.000722949062,99.99998999999998,100.0,False
2026-06-11 13:00:00,0.0,,99.91,112.72,105.72,129.5,129.5,,0.0,0.0,0.0,,0.0,0.0,0.0,0.0,0.0,0.0,5.68481,3.35,9.522056749999999,0.0,1.38,0.0,0.0,0.92,0.0,0.0,5.08,0.0,0.0,-1.9,0.0,0.0,16.7,0.0,0.0,-12.9,0.0,-0.005024555633333334,,0.437968579,215.883747,4.44000774e-05,7.43270498,83.9598789,0.00336280372,99.67692,0.000753507653,99.99998999999998,100.0,False
2026-06-11 13:30:00,-0.02,,99.91,102.94,99.67,129.5,129.5,,0.0,-2.59,0.0,,0.0,0.0,0.0,0.0,0.0,0.0,4.64879,3.35,7.7867232500000005,0.0,1.38,0.0,0.0,0.92,0.0,0.0,5.08,0.0,0.0,-1.9,0.0,0.0,16.7,0.0,0.0,-12.9,0.0,-0.005064722233333333,,0.443227368,215.884152,4.49331992e-05,7.63890179,83.9597469,0.0034911657,99.67692,0.000774411331,99.99998999999998,100.0,False
2026-06-11 14:00:00,-1.271,,91.1,96.04,92.8,125.5,125.5,,-8.910499999999994,0.0,0.0,,0.0,0.0,-2.4,-115.248,0.0,0.0,5.24154,3.35,8.779579499999999,0.0,1.38,0.0,0.0,0.92,0.0,0.0,5.08,0.0,0.0,-1.9,0.0,0.0,16.7,0.0,0.0,-12.9,0.0,-0.07069588893333334,,34.0304874,215.886129,0.00344991934,7.75514525,83.9595431,0.00528290551,99.67692,0.000786195781,99.99998999999998,100.0,False
2026-06-11 14:30:00,-2.071,,91.1,95.33,93.59,125.5,125.5,,-8.910500000000022,0.0,0.0,,0.0,0.0,-4.0,-190.66,0.0,0.0,6.46503,3.35,10.82892525,0.0,1.38,0.0,0.0,0.92,0.0,0.0,5.08,0.0,0.0,-1.9,0.0,0.0,16.7,0.0,0.0,-12.9,0.0,-2.466900053333333,,1266.50157,215.948933,0.128394525,7.75514525,83.9238384,0.0678048299,99.67692,0.000786195781,99.99998999999998,100.0,False
2026-06-11 15:00:00,-2.071,,90.0,88.51,87.01,135.0,135.0,,-9.585000000000024,0.0,0.0,,0.0,0.0,-4.0,-177.02,0.0,0.0,6.36416,3.35,10.659968000000001,0.0,1.25,0.0,0.0,2.65,0.0,0.0,4.8,0.0,0.0,1.36,0.0,0.0,20.56,0.0,0.0,-7.65,0.0,-3.9899764333333336,,3266.6651,216.050361,0.331165728,7.75514525,83.8588252,0.168928101,99.67692,0.000786195781,99.99998999999998,100.0,False
2026-06-11 15:30:00,-2.027,,90.0,89.82,88.71,135.0,135.0,,-3.6450000000000182,0.0,0.0,,0.0,0.0,-4.0,-179.64,0.0,0.0,6.15535,3.35,10.31021125,0.0,1.25,0.0,0.0,2.65,0.0,0.0,4.8,0.0,0.0,1.36,0.0,0.0,20.56,0.0,0.0,-7.65,0.0,-3.9898575,,5266.48602,216.151941,0.533902197,7.75514525,83.7902184,0.270048358,99.67692,0.000786195781,99.99998999999998,100.0,False
2026-06-11 16:00:00,0.0,,94.05,92.99,93.5,88.41,88.41,,0.0,0.0,0.0,,0.0,0.0,0.0,0.0,0.0,0.0,6.53142,3.35,10.9401285,0.0,1.25,0.0,0.0,2.65,0.0,0.0,4.8,0.0,0.0,1.36,0.0,0.0,20.56,0.0,0.0,-7.65,0.0,-3.870074033333333,,7205.57704,216.250225,0.730482033,7.75514525,83.7217442,0.368132784,99.67692,0.000786195781,99.99998999999998,100.0,False
2026-06-11 16:30:00,0.0,,94.05,99.13,98.0,138.9,138.9,,0.0,0.0,0.0,,0.0,0.0,0.0,0.0,0.0,0.0,6.48965,3.35,10.87016375,0.0,1.25,0.0,0.0,2.65,0.0,0.0,4.8,0.0,0.0,1.36,0.0,0.0,20.56,0.0,0.0,-7.65,0.0,-0.0050441111,,7205.57704,216.250581,0.730482033,8.0535706,83.7121642,0.368260624,99.67692,0.000816449341,99.99998999999998,100.0,False
2026-06-11 17:00:00,0.0,,106.56,111.0,106.57,139.0,139.0,,0.0,0.0,0.0,,0.0,0.0,0.0,0.0,0.0,0.0,6.67959,3.35,11.18831325,0.0,1.25,0.0,0.0,2.65,0.0,0.0,4.8,0.0,0.0,1.36,0.0,0.0,20.56,0.0,0.0,-7.65,0.0,-0.0050023611,,7205.57704,216.250935,0.730482033,8.39409608,83.7119982,0.368387406,99.67692,0.000850970899,99.99998999999998,100.0,False
2026-06-11 17:30:00,0.054,,106.56,115.3,109.67,142.5,142.5,,0.0,7.695,0.0,,0.0,0.0,0.0,0.0,0.0,0.0,6.69905,3.35,11.22090875,0.0,1.25,0.0,0.0,2.65,0.0,0.0,4.8,0.0,0.0,1.36,0.0,0.0,20.56,0.0,0.0,-7.65,0.0,-0.004964000066666667,,7205.57704,216.251239,0.730482033,8.66215044,83.711869,0.368513215,99.67692,0.000878145529,99.99998999999998,100.0,False
2026-06-11 18:00:00,2.812,,117.39,128.01,125.0,139.0,139.0,,15.567999999999952,0.0,0.0,,0.0,0.0,5.4,345.627,0.0,0.0,6.97501,3.35,11.68314175,0.0,1.25,0.0,0.0,2.65,0.0,0.0,4.8,0.0,0.0,1.36,0.0,0.0,20.56,0.0,0.0,-7.65,0.0,0.1580660577,,7205.57704,216.255801,0.730482033,91.5605279,83.7119101,0.372689728,99.67692,0.00928216022,99.99998999999998,100.0,False
2026-06-11 18:30:00,3.403,,117.39,126.0,123.05,139.0,139.0,,-13.482999999999997,0.0,0.0,,0.0,0.0,7.0,441.0,0.0,0.0,6.89167,3.35,11.543547250000001,0.0,1.25,0.0,0.0,2.65,0.0,0.0,4.8,0.0,0.0,1.36,0.0,0.0,20.56,0.0,0.0,-7.65,0.0,5.443139133333332,,7205.57704,216.394333,0.730482033,2818.60068,83.8071233,0.510642431,99.67692,0.285742161,99.99998999999998,100.0,False
2026-06-11 19:00:00,0.0,,127.0,124.03,124.2,139.0,139.0,,0.0,0.0,0.0,,0.0,0.0,0.0,0.0,0.0,0.0,7.23696,3.35,12.121908,0.0,3.45,0.0,0.0,0.3,0.0,0.0,7.08,0.0,0.0,-2.08,0.0,0.0,21.19,0.0,0.0,-15.25,0.0,6.4773431666666665,,7205.57704,216.55968,0.730482033,6067.85353,83.9412438,0.674806342,99.67692,0.615142681,99.99998999999998,100.0,False
2026-06-11 19:30:00,0.0,,127.0,127.56,123.79,142.3,142.3,,0.0,0.0,0.0,,0.0,0.0,0.0,0.0,0.0,0.0,7.16388,3.35,11.999499,0.0,3.45,0.0,0.0,0.3,0.0,0.0,7.08,0.0,0.0,-2.08,0.0,0.0,21.19,0.0,0.0,-15.25,0.0,-0.004945694433333334,,7205.57704,216.560085,0.730482033,6068.21407,83.9593848,0.674931687,99.67692,0.615179232,99.99998999999998,100.0,False
2026-06-11 20:00:00,0.0,,122.4,126.01,121.86,143.98,143.98,,0.0,0.0,0.0,,0.0,0.0,0.0,0.0,0.0,0.0,7.42881,3.35,12.443256750000002,0.0,3.45,0.0,0.0,0.3,0.0,0.0,7.08,0.0,0.0,-2.08,0.0,0.0,21.19,0.0,0.0,-15.25,0.0,-0.004968388933333334,,7205.57704,216.560339,0.730482033,6068.70986,83.959382,0.675057607,99.67692,0.615229494,99.99998999999998,100.0,False
2026-06-11 20:30:00,0.0,,122.4,123.48,121.86,150.27,150.27,,0.0,0.0,0.0,,0.0,0.0,0.0,0.0,0.0,0.0,7.21985,3.35,12.09324875,0.0,3.45,0.0,0.0,0.3,0.0,0.0,7.08,0.0,0.0,-2.08,0.0,0.0,21.19,0.0,0.0,-15.25,0.0,-0.005030777833333333,,7205.57704,216.560795,0.730482033,6069.00274,83.9593861,0.675185109,99.67692,0.615259185,99.99998999999998,100.0,False
2026-06-11 21:00:00,0.0,,114.12,117.5,117.9,153.7,153.7,,0.0,0.0,0.0,,0.0,0.0,0.0,0.0,0.0,0.0,7.49272,3.35,12.550306,0.0,3.45,0.0,0.0,0.3,0.0,0.0,7.08,0.0,0.0,-2.08,0.0,0.0,21.19,0.0,0.0,-15.25,0.0,-0.0051058333,,7205.57704,216.561251,0.730482033,6069.48706,83.9593655,0.675314512,99.67692,0.615308284,99.99998999999998,100.0,False
2026-06-11 21:30:00,0.0,,114.12,108.81,107.0,145.0,145.0,,0.0,0.0,0.0,,0.0,0.0,0.0,0.0,0.0,0.0,7.36464,3.35,12.335772,0.0,3.45,0.0,0.0,0.3,0.0,0.0,7.08,0.0,0.0,-2.08,0.0,0.0,21.19,0.0,0.0,-15.25,0.0,-0.004980999966666667,,7205.57704,216.561555,0.730482033,6069.95305,83.9593668,0.675440753,99.67692,0.615355525,99.99998999999998,100.0,False
2026-06-11 22:00:00,-0.018,,96.48,94.15,94.98,125.85,125.85,,0.0,-2.2653,0.0,,0.0,0.0,0.0,0.0,0.0,0.0,7.42934,3.35,12.4441445,0.0,3.45,0.0,0.0,0.3,0.0,0.0,7.08,0.0,0.0,-2.08,0.0,0.0,21.19,0.0,0.0,-15.25,0.0,-0.005033083366666667,,7205.57704,216.56191,0.730482033,6070.37097,83.9593681,0.675568313,99.67692,0.615397893,99.99998999999998,100.0,False
2026-06-11 22:30:00,-0.934,,96.48,86.39,85.55,85.0,85.0,,-2.8900000000000023,0.0,0.0,,0.0,0.0,-1.8,-77.751,0.0,0.0,7.47631,3.35,12.52281925,0.0,3.45,0.0,0.0,0.3,0.0,0.0,7.08,0.0,0.0,-2.08,0.0,0.0,21.19,0.0,0.0,-15.25,0.0,-0.0599536406,,7233.51785,216.563684,0.733314597,6070.65576,83.9593214,0.677087798,99.67692,0.615426764,99.99998999999998,100.0,False
2026-06-11 23:00:00,0.0,,91.44,96.0,118.0,55.0,55.0,,0.0,0.0,0.0,,0.0,0.0,0.0,0.0,0.0,0.0,7.49895,3.35,12.56074125,0.0,1.49,0.0,0.0,0.95,0.0,0.0,4.88,0.0,0.0,-0.32,0.0,0.0,14.82,0.0,0.0,-9.85,0.0,-1.7755089566666669,,8119.36428,216.609254,0.823119327,6070.65576,83.9323418,0.722086879,99.67692,0.615426764,99.99998999999998,100.0,False
2026-06-11 23:30:00,0.0,,91.44,98.98,111.53,74.91,74.91,,0.0,0.0,0.0,,0.0,0.0,0.0,0.0,0.0,0.0,7.34938,3.35,12.310211500000001,0.0,1.49,0.0,0.0,0.95,0.0,0.0,4.88,0.0,0.0,-0.32,0.0,0.0,14.82,0.0,0.0,-9.85,0.0,-0.005031638966666667,,8119.36428,216.609507,0.823119327,6070.95493,83.9280195,0.722214403,99.67692,0.615457093,99.99998999999998,100.0,False
2026-06-12 00:00:00,0.0,,84.0,95.82,100.0,96.92,96.92,,0.0,0.0,0.0,,0.0,0.0,0.0,0.0,0.0,0.0,7.18565,3.35,12.03596375,0.0,1.49,0.0,0.0,0.95,0.0,0.0,4.88,0.0,0.0,-0.32,0.0,0.0,14.82,0.0,0.0,-9.85,0.0,-0.005005388966666666,,8119.36428,216.609962,0.823119327,6071.33248,83.9279893,0.722341261,99.67692,0.615495368,99.99998999999998,100.0,False
2026-06-12 00:30:00,0.0,,84.0,87.05,91.23,92.97,92.97,,0.0,0.0,0.0,,0.0,0.0,0.0,0.0,0.0,0.0,7.29475,3.35,12.21870625,0.0,1.49,0.0,0.0,0.95,0.0,0.0,4.88,0.0,0.0,-0.32,0.0,0.0,14.82,0.0,0.0,-9.85,0.0,-0.005045638933333333,,0.0,216.610217,0.0,0.166269723,83.9279454,0.000127878328,99.67692,1.68559776e-05,99.99998999999998,100.0,False
2026-06-12 01:00:00,0.0,,79.16,85.9,81.0,87.14,87.14,,0.0,0.0,0.0,,0.0,0.0,0.0,0.0,0.0,0.0,7.50294,3.35,12.5674245,0.0,1.49,0.0,0.0,0.95,0.0,0.0,4.88,0.0,0.0,-0.32,0.0,0.0,14.82,0.0,0.0,-9.85,0.0,-0.0050042499666666665,,0.0,216.610622,0.0,0.51390594,83.9279,0.000254707681,99.67692,5.20984029e-05,99.99998999999998,100.0,False
2026-06-12 01:30:00,-0.041,,79.16,85.76,84.7,108.98,108.98,,0.0,-4.46818,0.0,,0.0,0.0,0.0,0.0,0.0,0.0,7.35864,3.35,12.325722,0.0,1.49,0.0,0.0,0.95,0.0,0.0,4.88,0.0,0.0,-0.32,0.0,0.0,14.82,0.0,0.0,-9.85,0.0,-0.0049744167,,0.0,216.611079,0.0,0.692960515,83.9278649,0.00038078093,99.67692,7.02504744e-05,99.99998999999998,100.0,False
2026-06-12 02:00:00,-2.04,,76.32,82.23,83.55,118.34,118.34,,-4.7336000000000045,0.0,0.0,,0.0,0.0,-4.0,-164.46,0.0,0.0,7.5101,3.35,12.579417500000002,0.0,1.49,0.0,0.0,0.95,0.0,0.0,4.88,0.0,0.0,-0.32,0.0,0.0,14.82,0.0,0.0,-9.85,0.0,-0.12674766893333334,,62.1150617,216.614626,0.006297058,0.798142265,83.9277257,0.00359311543,99.67692,8.09135175e-05,99.99998999999998,100.0,False
2026-06-12 02:30:00,-1.122,,76.32,80.83,82.0,125.0,125.0,,-9.000000000000007,0.0,0.0,,0.0,0.0,-2.1,-84.8715,0.0,0.0,7.48195,3.35,12.532266250000001,0.0,1.49,0.0,0.0,0.95,0.0,0.0,4.88,0.0,0.0,-0.32,0.0,0.0,14.82,0.0,0.0,-9.85,0.0,-3.9050118,,2021.71773,216.713875,0.204956309,0.798142265,83.8690272,0.102563015,99.67692,8.09135175e-05,99.99998999999998,100.0,False
2026-06-12 03:00:00,-2.048,,74.9,86.17,80.23,122.85,122.85,,-5.896800000000005,0.0,0.0,,0.0,0.0,-4.0,-172.34,0.0,0.0,7.40691,3.35,12.40657425,0.0,0.01,0.0,0.0,2.72,0.0,0.0,6.44,0.0,0.0,2.45,0.0,0.0,17.59,0.0,0.0,-9.5,0.0,-2.1869291333333334,,3115.11401,216.769885,0.315801885,0.798142265,83.8281754,0.157989265,99.67692,8.09135175e-05,99.99998999999998,100.0,False
2026-06-12 03:30:00,-1.474,,74.9,84.6,82.78,76.87,76.87,,40.433620000000005,0.0,0.0,,0.0,0.0,-4.0,-169.2,0.0,0.0,7.34852,3.35,12.308771,0.0,0.01,0.0,0.0,2.72,0.0,0.0,6.44,0.0,0.0,2.45,0.0,0.0,17.59,0.0,0.0,-9.5,0.0,-3.930160166666667,,5087.38273,216.869793,0.515745187,0.798142265,83.7649322,0.257596534,99.67692,8.09135175e-05,99.99998999999998,100.0,False
2026-06-12 04:00:00,0.0,,75.8,85.86,84.2,122.85,122.85,,0.0,0.0,0.0,,0.0,0.0,0.0,0.0,0.0,0.0,7.52,3.35,12.596,0.0,0.01,0.0,0.0,2.72,0.0,0.0,6.44,0.0,0.0,2.45,0.0,0.0,17.59,0.0,0.0,-9.5,0.0,-2.7847904833333335,,6483.73287,216.940555,0.657303411,0.798142265,83.7062491,0.328175177,99.67692,8.09135175e-05,99.99998999999998,100.0,False
2026-06-12 04:30:00,0.0,,75.8,88.42,89.4,81.36,81.36,,0.0,0.0,0.0,,0.0,0.0,0.0,0.0,0.0,0.0,7.26451,3.35,12.168054249999999,0.0,0.01,0.0,0.0,2.72,0.0,0.0,6.44,0.0,0.0,2.45,0.0,0.0,17.59,0.0,0.0,-9.5,0.0,-0.004990555533333333,,6483.73287,216.941011,0.657303411,1.18005119,83.7060567,0.32830166,99.67692,0.000119630418,99.99998999999998,100.0,False
2026-06-12 05:00:00,0.0,,86.0,96.7,90.38,86.85,86.85,,0.0,0.0,0.0,,0.0,0.0,0.0,0.0,0.0,0.0,7.13039,3.35,11.943403250000001,0.0,0.01,0.0,0.0,2.72,0.0,0.0,6.44,0.0,0.0,2.45,0.0,0.0,17.59,0.0,0.0,-9.5,0.0,-0.004971666666666667,,6483.73287,216.941315,0.657303411,1.46281116,83.7060416,0.328427662,99.67692,0.000148295864,99.99998999999998,100.0,False
2026-06-12 05:30:00,0.0,,86.0,102.17,98.5,41.15,41.15,,0.0,0.0,0.0,,0.0,0.0,0.0,0.0,0.0,0.0,7.03045,3.35,11.776003750000001,0.0,0.01,0.0,0.0,2.72,0.0,0.0,6.44,0.0,0.0,2.45,0.0,0.0,17.59,0.0,0.0,-9.5,0.0,-0.005045166633333333,,6483.73287,216.941721,0.657303411,1.69806208,83.7060061,0.328555529,99.67692,0.00017214497,99.99998999999998,100.0,False
2026-06-12 06:00:00,0.0,,99.45,104.0,103.12,40.0,40.0,,0.0,0.0,0.0,,0.0,0.0,0.0,0.0,0.0,0.0,6.47594,3.35,10.8471995,0.0,0.01,0.0,0.0,2.72,0.0,0.0,6.44,0.0,0.0,2.45,0.0,0.0,17.59,0.0,0.0,-9.5,0.0,-0.004979611133333333,,6483.73287,216.942126,0.657303411,2.08053272,83.7059842,0.328681734,99.67692,0.000210918815,99.99998999999998,100.0,False
2026-06-12 06:30:00,0.0,,99.45,117.51,120.0,128.63,128.63,,0.0,0.0,0.0,,0.0,0.0,0.0,0.0,0.0,0.0,6.18779,3.35,10.36454825,0.0,0.01,0.0,0.0,2.72,0.0,0.0,6.44,0.0,0.0,2.45,0.0,0.0,17.59,0.0,0.0,-9.5,0.0,-0.005020388866666667,,6483.73287,216.94243,0.657303411,2.39441081,83.7059692,0.328808973,99.67692,0.000242738932,99.99998999999998,100.0,False
2026-06-12 07:00:00,0.062,,106.5,109.09,111.61,145.0,145.0,,0.0,8.99,0.0,,0.0,0.0,0.0,0.0,0.0,0.0,5.90441,3.35,9.88988675,0.0,4.36,0.0,0.0,0.2,0.0,0.0,9.17,0.0,0.0,-2.72,0.0,0.0,18.18,0.0,0.0,-12.83,0.0,-0.004979805566666666,,6483.73287,216.942836,0.657303411,2.7532181,83.7059364,0.328935182,99.67692,0.000279113851,99.99998999999998,100.0,False
2026-06-12 07:30:00,2.444,,106.5,115.42,119.59,144.14,144.14,,-94.55584000000002,0.0,0.0,,6.2,370.72900000000004,0.0,0.0,0.0,0.0,6.14239,3.35,10.28850325,0.0,4.36,0.0,0.0,0.2,0.0,0.0,9.17,0.0,0.0,-2.72,0.0,0.0,18.18,0.0,0.0,-12.83,0.0,0.18440559,,6483.73287,216.948005,0.657303411,98.0025066,83.7060843,0.333778245,99.67692,0.0099352307,99.99998999999998,100.0,False
2026-06-12 08:00:00,0.364,,105.79,107.0,110.6,143.9,143.9,,9.209599999999961,0.0,0.0,,5.9,326.27,-5.3,-283.55,0.0,0.0,5.99325,3.35,10.03869375,0.0,4.36,0.0,0.0,0.2,0.0,0.0,9.17,0.0,0.0,-2.72,0.0,0.0,18.18,0.0,0.0,-12.83,0.0,4.658576333333333,,6483.73287,217.067529,0.657303411,2435.84862,83.7894963,0.451846732,99.67692,0.246939786,99.99998999999998,100.0,False
2026-06-12 08:30:00,1.552,,105.79,102.65,107.3,143.9,143.9,,-186.78220000000002,0.0,0.0,,0.3,16.095,5.4,277.15500000000003,0.0,0.0,4.93542,3.35,8.266828499999999,0.0,4.36,0.0,0.0,0.2,0.0,0.0,9.17,0.0,0.0,-2.72,0.0,0.0,18.18,0.0,0.0,-12.83,0.0,0.7350498333333334,,6483.73287,217.086386,0.657303411,2806.85562,83.8155383,0.470476076,99.67692,0.284551478,99.99998999999998,100.0,False
2026-06-12 09:00:00,0.0,,103.61,99.11,101.02,143.9,143.9,,0.0,0.0,0.0,,0.0,0.0,0.0,0.0,0.0,0.0,4.48496,3.35,7.512308,0.0,4.36,0.0,0.0,0.2,0.0,0.0,9.17,0.0,0.0,-2.72,0.0,0.0,18.18,0.0,0.0,-12.83,0.0,2.954025533333333,,6483.73287,217.161861,0.657303411,4289.90381,83.8762499,0.545343868,99.67692,0.434898918,99.99998999999998,100.0,False
2026-06-12 09:30:00,0.0,,103.61,84.64,87.28,141.9,141.9,,0.0,0.0,0.0,,0.0,0.0,0.0,0.0,0.0,0.0,3.99901,3.35,6.698341750000001,0.0,4.36,0.0,0.0,0.2,0.0,0.0,9.17,0.0,0.0,-2.72,0.0,0.0,18.18,0.0,0.0,-12.83,0.0,-0.0049836666,,6483.73287,217.162166,0.657303411,4290.30617,83.8805731,0.545470175,99.67692,0.434939708,99.99998999999998,100.0,False
2026-06-12 10:00:00,0.0,,88.0,86.51,86.2,49.67,49.67,,0.0,0.0,0.0,,0.0,0.0,0.0,0.0,0.0,0.0,2.92172,3.35,4.893881,0.0,4.36,0.0,0.0,0.2,0.0,0.0,9.17,0.0,0.0,-2.72,0.0,0.0,18.18,0.0,0.0,-12.83,0.0,-0.004948305566666667,,6483.73287,217.162622,0.657303411,4290.74119,83.8805402,0.545595587,99.67692,0.434983809,99.99998999999998,100.0,False
2026-06-12 10:30:00,0.0,,88.0,73.48,76.74,48.62,48.62,,0.0,0.0,0.0,,0.0,0.0,0.0,0.0,0.0,0.0,2.30213,3.35,3.8560677500000002,0.0,4.36,0.0,0.0,0.2,0.0,0.0,9.17,0.0,0.0,-2.72,0.0,0.0,18.18,0.0,0.0,-12.83,0.0,-0.00512075,,6483.73287,217.162874,0.657303411,4290.98365,83.8805033,0.545725368,99.67692,0.435008389,99.99998999999998,100.0,False
2026-06-12 11:00:00,0.0,,71.76,72.39,71.1,116.86,116.86,,0.0,0.0,0.0,,0.0,0.0,0.0,0.0,0.0,0.0,2.33365,3.35,3.90886375,0.0,2.68,0.0,0.0,7.08,0.0,0.0,11.53,0.0,0.0,4.67,0.0,0.0,17.11,0.0,0.0,0.33,0.0,-0.006312277833333334,,6484.02296,217.16328,0.65733282,4290.99129,83.8804499,0.54588535,99.67692,0.435009163,99.99998999999998,100.0,False
2026-06-12 11:30:00,0.0,,71.76,53.61,58.9,15.0,15.0,,0.0,0.0,0.0,,0.0,0.0,0.0,0.0,0.0,0.0,2.24083,3.35,3.75339025,0.0,2.68,0.0,0.0,7.08,0.0,0.0,11.53,0.0,0.0,4.67,0.0,0.0,17.11,0.0,0.0,0.33,0.0,-0.0054234721333333335,,6484.13332,217.163736,0.657344008,4291.22689,83.8803951,0.546022804,99.67692,0.435033048,99.99998999999998,100.0,False
2026-06-12 12:00:00,-0.001,,50.3,66.0,59.02,0.78,0.78,,0.0,-0.0007800000000000001,0.0,,0.0,0.0,0.0,0.0,0.0,0.0,1.86233,3.35,3.1194027500000003,0.0,2.68,0.0,0.0,7.08,0.0,0.0,11.53,0.0,0.0,4.67,0.0,0.0,17.11,0.0,0.0,0.33,0.0,-0.006527583366666667,,6484.79506,217.164091,0.657411093,4291.4256,83.8803334,0.546188241,99.67692,0.435053193,99.99998999999998,100.0,False
2026-06-12 12:30:00,0.0,,50.3,52.4,49.32,-5.88,-5.88,,0.0,0.0,0.0,,0.0,0.0,0.0,0.0,0.0,0.0,6.06359,3.35,10.15651325,0.0,2.68,0.0,0.0,7.08,0.0,0.0,11.53,0.0,0.0,4.67,0.0,0.0,17.11,0.0,0.0,0.33,0.0,-0.0067629721666666665,,6485.42421,217.164446,0.657474875,4291.59013,83.8802675,0.546359643,99.67692,0.435069872,99.99998999999998,100.0,False
2026-06-12 13:00:00,0.0,,31.31,50.0,51.28,-5.0,-5.0,,0.0,0.0,0.0,,0.0,0.0,0.0,0.0,0.0,0.0,3.89871,3.35,6.53033925,0.0,2.68,0.0,0.0,7.08,0.0,0.0,11.53,0.0,0.0,4.67,0.0,0.0,17.11,0.0,0.0,0.33,0.0,-0.004963777766666667,,6485.42421,217.164801,0.657474875,4292.13051,83.8802169,0.546485448,99.67692,0.435124655,99.99998999999998,100.0,False
2026-06-12 13:30:00,-0.037,,31.31,35.32,38.8,-14.5,-14.5,,0.0,0.5365,0.0,,0.0,0.0,0.0,0.0,0.0,0.0,6.92345,3.35,11.59677875,0.0,2.68,0.0,0.0,7.08,0.0,0.0,11.53,0.0,0.0,4.67,0.0,0.0,17.11,0.0,0.0,0.33,0.0,-0.005683361099999999,,6485.63072,217.165207,0.65749581,4292.48873,83.8801841,0.546629488,99.67692,0.43516097,99.99998999999998,100.0,False
2026-06-12 14:00:00,-2.058,,26.15,42.0,40.04,-26.21,-26.21,,1.5201799999999956,0.0,0.0,,-2.4,-48.047999999999995,-1.6,-33.6,0.0,0.0,3.55804,3.35,5.959717,0.0,2.68,0.0,0.0,7.08,0.0,0.0,11.53,0.0,0.0,4.67,0.0,0.0,17.11,0.0,0.0,0.33,0.0,-0.1206115011,,6544.62602,217.168501,0.663476595,4292.69786,83.8800726,0.549686305,99.67692,0.435182171,99.99998999999998,100.0,False
2026-06-12 14:30:00,-2.065,,26.15,38.22,35.08,-27.5,-27.5,,1.7874999999999985,0.0,0.0,,-4.0,-70.16,0.0,0.0,0.0,0.0,3.52107,3.35,5.89779225,0.0,2.68,0.0,0.0,7.08,0.0,0.0,11.53,0.0,0.0,4.67,0.0,0.0,17.11,0.0,0.0,0.33,0.0,-3.9789936000000004,,8547.48538,217.269828,0.866521094,4292.69786,83.8211906,0.650531225,99.67692,0.435182171,99.99998999999998,100.0,False
2026-06-12 15:00:00,-1.094,,25.89,43.22,44.0,-30.7,-30.7,,-27.814199999999996,0.0,0.0,,-4.0,-88.0,0.0,0.0,0.0,0.0,5.89533,3.35,9.874677750000002,0.0,1.85,0.0,0.0,8.0,0.0,0.0,7.06,0.0,0.0,9.33,0.0,0.0,31.67,0.0,0.0,4.33,0.0,-3.9778764333333334,,10549.4695,217.370952,1.06947686,4292.69786,83.7529371,0.751347832,99.67692,0.435182171,99.99998999999998,100.0,False
2026-06-12 15:30:00,-0.012,,25.89,44.41,42.2,-30.7,-30.7,,-38.0066,0.0,0.0,,-4.0,-84.4,1.5,33.3075,0.0,0.0,7.15936,3.35,11.991928000000001,0.0,1.85,0.0,0.0,8.0,0.0,0.0,7.06,0.0,0.0,9.33,0.0,0.0,31.67,0.0,0.0,4.33,0.0,-2.0750917663333333,,11591.429,217.42382,1.17510792,4292.69786,83.7061009,0.803939637,99.67692,0.435182171,99.99998999999998,100.0,False
2026-06-12 16:00:00,0.0,,47.93,42.15,37.02,-30.0,-30.0,,0.0,0.0,0.0,,0.0,0.0,0.0,0.0,0.0,0.0,7.41846,3.35,12.4259205,0.0,1.85,0.0,0.0,8.0,0.0,0.0,7.06,0.0,0.0,9.33,0.0,0.0,31.67,0.0,0.0,4.33,0.0,-0.030005083733333337,,11603.5926,217.424885,1.17634103,4292.69786,83.7055605,0.804700097,99.67692,0.435182171,99.99998999999998,100.0,False
2026-06-12 16:30:00,0.0,,47.93,56.54,53.6,-30.0,-30.0,,0.0,0.0,0.0,,0.0,0.0,0.0,0.0,0.0,0.0,4.43336,3.35,7.425878000000001,0.0,1.85,0.0,0.0,8.0,0.0,0.0,7.06,0.0,0.0,9.33,0.0,0.0,31.67,0.0,0.0,4.33,0.0,-0.005855972133333334,,11603.5968,217.42524,1.17634146,4292.73954,83.7055278,0.804848512,99.67692,0.435186396,99.99998999999998,100.0,False
2026-06-12 17:00:00,0.0,,73.0,36.0,58.4,-14.1,-14.1,-16.67,9.028011338507725e-10,0.0,0.0,,0.0,0.0,1.1,19.8,-1.0999999998719432,9.17,4.47152,3.35,7.489796,0.0,1.85,0.0,0.0,8.0,0.0,0.0,7.06,0.0,0.0,9.33,0.0,0.0,31.67,0.0,0.0,4.33,0.0,-0.005875305599999999,,11603.5973,217.425543,1.17634151,4292.75695,83.7055006,0.804997412,99.67692,0.435188161,99.99998999999998,100.0,False
2026-06-12 17:30:00,0.0,,73.0,63.58,71.0,90.0,90.0,,0.0,0.0,0.0,,1.1,39.050000000000004,-1.1,-34.969,0.0,0.0,7.50242,3.35,12.5665535,0.0,1.85,0.0,0.0,8.0,0.0,0.0,7.06,0.0,0.0,9.33,0.0,0.0,31.67,0.0,0.0,4.33,0.0,-0.0058881945,,11603.603,217.426051,1.17634208,4292.77696,83.7054911,0.805146647,99.67692,0.43519019,99.99998999999998,100.0,False
2026-06-12 18:00:00,0.0,,87.34,63.65,74.9,109.46,109.46,22.77,-3.3768446821014204e-08,0.0,0.0,,0.0,0.0,5.3,168.67249999999999,-5.299999999382999,-60.34,7.5027,3.35,12.5670225,0.0,1.85,0.0,0.0,8.0,0.0,0.0,7.06,0.0,0.0,9.33,0.0,0.0,31.67,0.0,0.0,4.33,0.0,-0.0051855555,,11603.603,217.426507,1.17634208,4293.16823,83.7054747,0.805278072,99.67692,0.435229856,99.99998999999998,100.0,False
2026-06-12 18:30:00,0.0,,87.34,72.91,82.0,113.5,113.5,53.99,-3.9639417082071304e-08,0.0,0.0,,0.0,0.0,6.0,218.73,-5.999999999301508,-161.97,7.51208,3.35,12.582734,0.0,1.85,0.0,0.0,8.0,0.0,0.0,7.06,0.0,0.0,9.33,0.0,0.0,31.67,0.0,0.0,4.33,0.0,-0.005097694466666667,,11603.603,217.42671,1.17634208,4293.67473,83.7054747,0.805407272,99.67692,0.435281203,99.99998999999998,100.0,False
2026-06-12 19:00:00,0.0,,97.67,78.42,84.13,109.0,109.0,,0.0,0.0,0.0,,0.0,0.0,0.0,0.0,0.0,0.0,7.50213,3.35,12.56606775,0.0,3.45,0.0,0.0,0.1,0.0,0.0,7.5,0.0,0.0,2.04,0.0,0.0,15.81,0.0,0.0,-4.74,0.0,-0.004914277833333334,,11603.603,217.427166,1.17634208,4294.13411,83.7054692,0.805531822,99.67692,0.435327774,99.99998999999998,100.0,False
2026-06-12 19:30:00,0.0,,97.67,85.19,88.13,55.0,55.0,,0.0,0.0,0.0,,0.0,0.0,0.0,0.0,0.0,0.0,7.49949,3.35,12.56164575,0.0,3.45,0.0,0.0,0.1,0.0,0.0,7.5,0.0,0.0,2.04,0.0,0.0,15.81,0.0,0.0,-4.74,0.0,-0.00359125001,,11603.603,217.427571,1.17634208,4295.3239,83.7054745,0.805625836,99.67692,0.435448392,99.99998999999998,100.0,False
2026-06-12 20:00:00,0.0,,97.2,89.05,91.3,93.33,93.33,,0.0,0.0,0.0,,0.0,0.0,0.0,0.0,0.0,0.0,7.49919,3.35,12.561143249999999,0.0,3.45,0.0,0.0,0.1,0.0,0.0,7.5,0.0,0.0,2.04,0.0,0.0,15.81,0.0,0.0,-4.74,0.0,-0.004945583366666667,,11603.603,217.427824,1.17634208,4295.78074,83.7054697,0.805751181,99.67692,0.435494705,99.99998999999998,100.0,False
2026-06-12 20:30:00,0.0,,97.2,89.56,94.8,150.97,150.97,,0.0,0.0,0.0,,0.0,0.0,0.0,0.0,0.0,0.0,7.49932,3.35,12.561361,0.0,3.45,0.0,0.0,0.1,0.0,0.0,7.5,0.0,0.0,2.04,0.0,0.0,15.81,0.0,0.0,-4.74,0.0,-0.0049961667,,11603.603,217.428331,1.17634208,4296.19275,83.7054568,0.805877806,99.67692,0.435536474,99.99998999999998,100.0,False
2026-06-12 21:00:00,0.0,,94.32,92.96,97.78,98.48,98.48,,0.0,0.0,0.0,,0.0,0.0,0.0,0.0,0.0,0.0,7.50431,3.35,12.56971925,0.0,3.45,0.0,0.0,0.1,0.0,0.0,7.5,0.0,0.0,2.04,0.0,0.0,15.81,0.0,0.0,-4.74,0.0,-0.005033694433333333,,11603.603,217.428686,1.17634208,4296.6601,83.7054568,0.806005376,99.67692,0.435583852,99.99998999999998,100.0,False
2026-06-12 21:30:00,0.0,,94.32,91.8,98.22,135.19,135.19,,0.0,0.0,0.0,,0.0,0.0,0.0,0.0,0.0,0.0,7.51978,3.35,12.5956315,0.0,3.45,0.0,0.0,0.1,0.0,0.0,7.5,0.0,0.0,2.04,0.0,0.0,15.81,0.0,0.0,-4.74,0.0,-0.005020166633333333,,11603.603,217.429041,1.17634208,4297.04732,83.7054608,0.806132611,99.67692,0.435623108,99.99998999999998,100.0,False
2026-06-12 22:00:00,0.001,,86.17,90.25,98.0,132.0,132.0,,0.0,0.132,0.0,,0.0,0.0,0.0,0.0,0.0,0.0,7.51438,3.35,12.586586500000001,0.0,3.45,0.0,0.0,0.1,0.0,0.0,7.5,0.0,0.0,2.04,0.0,0.0,15.81,0.0,0.0,-4.74,0.0,-0.0050711111,,11603.603,217.429497,1.17634208,4297.51897,83.705454,0.806261136,99.67692,0.435670922,99.99998999999998,100.0,False
2026-06-12 22:30:00,0.0,,86.17,87.15,89.32,132.0,132.0,,118.8,0.0,0.0,,0.0,0.0,-1.8,-78.435,0.0,0.0,7.51163,3.35,12.58198025,0.0,3.45,0.0,0.0,0.1,0.0,0.0,7.5,0.0,0.0,2.04,0.0,0.0,15.81,0.0,0.0,-4.74,0.0,-0.0032638889333333333,,11603.603,217.429801,1.17634208,4298.91766,83.7054662,0.806350428,99.67692,0.435812718,99.99998999999998,100.0,False
2026-06-12 23:00:00,0.0,,63.2,77.99,80.94,131.7,131.7,,-263.4,0.0,0.0,,4.0,161.88,0.0,0.0,0.0,0.0,7.51152,3.35,12.581796,0.0,2.69,0.0,0.0,0.25,0.0,0.0,7.66,0.0,0.0,4.63,0.0,0.0,17.02,0.0,0.0,-3.49,0.0,-0.005077249966666667,,11603.603,217.430207,1.17634208,4299.38619,83.7054845,0.806479113,99.67692,0.435860216,99.99998999999998,100.0,False
2026-06-12 23:30:00,0.0,,63.2,74.12,69.04,124.91,124.91,,0.0,0.0,0.0,,0.0,0.0,0.0,0.0,0.0,0.0,7.5116,3.35,12.58193,0.0,2.69,0.0,0.0,0.25,0.0,0.0,7.66,0.0,0.0,4.63,0.0,0.0,17.02,0.0,0.0,-3.49,0.0,-0.0049859166,,11603.603,217.430612,1.17634208,4299.80312,83.7054865,0.806605473,99.67692,0.435902483,99.99998999999998,100.0,False
2026-06-13 00:00:00,0.0,,48.95,74.89,70.0,94.69,94.69,,0.0,0.0,0.0,,0.0,0.0,0.0,0.0,0.0,0.0,7.51191,3.35,12.582449250000002,0.0,2.69,0.0,0.0,0.25,0.0,0.0,7.66,0.0,0.0,4.63,0.0,0.0,17.02,0.0,0.0,-3.49,0.0,-0.005006444566666666,,11603.603,217.430865,1.17634208,4300.16803,83.7054729,0.806732358,99.67692,0.435939477,99.99998999999998,100.0,False
2026-06-13 00:30:00,0.0,,48.95,74.89,61.31,78.74,78.74,,0.0,0.0,0.0,,0.0,0.0,0.0,0.0,0.0,0.0,7.51179,3.35,12.582248250000001,0.0,2.69,0.0,0.0,0.25,0.0,0.0,7.66,0.0,0.0,4.63,0.0,0.0,17.02,0.0,0.0,-3.49,0.0,-0.004971055566666667,,0.0,217.431271,0.0,0.381796583,83.7054497,0.000125988063,99.67692,3.87055114e-05,99.99998999999998,100.0,False
2026-06-13 01:00:00,0.0,,31.4,66.0,54.4,73.05,73.05,,0.0,0.0,0.0,,0.0,0.0,0.0,0.0,0.0,0.0,7.51211,3.35,12.58278425,0.0,2.69,0.0,0.0,0.25,0.0,0.0,7.66,0.0,0.0,4.63,0.0,0.0,17.02,0.0,0.0,-3.49,0.0,-0.005026638966666667,,0.0,217.431626,0.0,0.795520053,83.7054367,0.00025338485,99.67692,8.06476847e-05,99.99998999999998,100.0,False
2026-06-13 01:30:00,0.0,,31.4,55.99,50.03,63.86,63.86,,0.0,0.0,0.0,,0.0,0.0,0.0,0.0,0.0,0.0,7.51176,3.35,12.582198,0.0,2.69,0.0,0.0,0.25,0.0,0.0,7.66,0.0,0.0,4.63,0.0,0.0,17.02,0.0,0.0,-3.49,0.0,-0.004966055466666667,,0.0,217.431981,0.0,1.1162423,83.7054319,0.000379246189,99.67692,0.000113161644,99.99998999999998,100.0,False
2026-06-13 02:00:00,0.0,,30.36,40.66,44.63,13.05,13.05,,0.0,0.0,0.0,,0.0,0.0,0.0,0.0,0.0,0.0,7.51226,3.35,12.583035500000001,0.0,2.69,0.0,0.0,0.25,0.0,0.0,7.66,0.0,0.0,4.63,0.0,0.0,17.02,0.0,0.0,-3.49,0.0,-0.004982722233333333,,0.0,217.432336,0.0,1.35079723,83.7054088,0.000505529935,99.67692,0.000136940192,99.99998999999998,100.0,False
2026-06-13 02:30:00,0.0,,30.36,29.98,36.33,-8.0,-8.0,,0.0,0.0,0.0,,0.0,0.0,0.0,0.0,0.0,0.0,7.51179,3.35,12.582248250000001,0.0,2.69,0.0,0.0,0.25,0.0,0.0,7.66,0.0,0.0,4.63,0.0,0.0,17.02,0.0,0.0,-3.49,0.0,-0.00499025,,0.0,217.432894,0.0,1.45618044,83.7053788,0.00063200447,99.67692,0.000147623659,99.99998999999998,100.0,False
2026-06-13 03:00:00,0.0,,24.98,25.0,40.33,55.44,55.44,,0.0,0.0,0.0,,0.0,0.0,0.0,0.0,0.0,0.0,7.52213,3.35,12.59956775,0.0,1.45,0.0,0.0,0.67,0.0,0.0,3.82,0.0,0.0,4.08,0.0,0.0,7.77,0.0,0.0,1.19,0.0,-0.0049929445,,0.000136879942,217.433147,1.38765206e-08,1.63318269,83.705357,0.000758547295,99.67692,0.000165567671,99.99998999999998,100.0,False
2026-06-13 03:30:00,0.0,,24.98,25.0,36.41,60.04,60.04,,0.0,0.0,0.0,,0.0,0.0,0.0,0.0,0.0,0.0,7.51251,3.35,12.58345425,0.0,1.45,0.0,0.0,0.67,0.0,0.0,3.82,0.0,0.0,4.08,0.0,0.0,7.77,0.0,0.0,1.19,0.0,-0.005053527766666666,,0.000136879942,217.433552,1.38765206e-08,1.93214479,83.7053202,0.000886625555,99.67692,0.000195875646,99.99998999999998,100.0,False
2026-06-13 04:00:00,0.0,,21.4,27.3,37.34,86.17,86.17,,0.0,0.0,0.0,,0.0,0.0,0.0,0.0,0.0,0.0,7.51279,3.35,12.58392325,0.0,1.45,0.0,0.0,0.67,0.0,0.0,3.82,0.0,0.0,4.08,0.0,0.0,7.77,0.0,0.0,1.19,0.0,-0.005013972233333333,,0.000136879942,217.433907,1.38765206e-08,2.1612408,83.7053052,0.00101370131,99.67692,0.000219100783,99.99998999999998,100.0,False
2026-06-13 04:30:00,0.0,,21.4,27.92,33.71,54.51,54.51,,0.0,0.0,0.0,,0.0,0.0,0.0,0.0,0.0,0.0,7.50189,3.35,12.56566575,0.0,1.45,0.0,0.0,0.67,0.0,0.0,3.82,0.0,0.0,4.08,0.0,0.0,7.77,0.0,0.0,1.19,0.0,-0.005008944433333333,,0.000136879942,217.434262,1.38765206e-08,2.41030291,83.7052956,0.00114064964,99.67692,0.000244350031,99.99998999999998,100.0,False
2026-06-13 05:00:00,0.0,,15.44,32.21,32.7,52.15,52.15,,0.0,0.0,0.0,,0.0,0.0,0.0,0.0,0.0,0.0,7.49829,3.35,12.55963575,0.0,1.45,0.0,0.0,0.67,0.0,0.0,3.82,0.0,0.0,4.08,0.0,0.0,7.77,0.0,0.0,1.19,0.0,-0.0049815831999999996,,0.0346065799,217.434718,3.50832205e-06,2.51919752,83.7052793,0.00126690452,99.67692,0.000255389473,99.99998999999998,100.0,False
2026-06-13 05:30:00,0.0,,15.44,21.08,30.0,-14.1,-14.1,,0.0,0.0,0.0,,0.0,0.0,0.0,0.0,0.0,0.0,7.50253,3.35,12.56673775,0.0,1.45,0.0,0.0,0.67,0.0,0.0,3.82,0.0,0.0,4.08,0.0,0.0,7.77,0.0,0.0,1.19,0.0,-0.004946694466666666,,0.0346065799,217.435073,3.50832205e-06,2.73976797,83.7052766,0.00139227518,99.67692,0.000277750313,99.99998999999998,100.0,False
2026-06-13 06:00:00,0.0,,4.27,16.83,21.1,0.0,0.0,,0.0,0.0,0.0,,0.0,0.0,0.0,0.0,0.0,0.0,7.50156,3.35,12.565113,0.0,1.45,0.0,0.0,0.67,0.0,0.0,3.82,0.0,0.0,4.08,0.0,0.0,7.77,0.0,0.0,1.19,0.0,-0.005016416666666666,,0.0346065799,217.435428,3.50832205e-06,2.94273691,83.7052738,0.00151941289,99.67692,0.000298326758,99.99998999999998,100.0,False
2026-06-13 06:30:00,0.0,,4.27,18.07,22.9,7.9,7.9,,0.0,0.0,0.0,,0.0,0.0,0.0,0.0,0.0,0.0,7.50035,3.35,12.563086250000001,0.0,1.45,0.0,0.0,0.67,0.0,0.0,3.82,0.0,0.0,4.08,0.0,0.0,7.77,0.0,0.0,1.19,0.0,-0.005062805566666667,,0.0346065799,217.435732,3.50832205e-06,3.24962262,83.7052717,0.00164772629,99.67692,0.000329438007,99.99998999999998,100.0,False
2026-06-13 07:00:00,0.0,,0.0,-4.0,6.01,12.47,12.47,,0.0,0.0,0.0,,0.0,0.0,0.0,0.0,0.0,0.0,7.50143,3.35,12.564895250000001,0.0,3.45,0.0,0.0,4.85,0.0,0.0,3.46,0.0,0.0,9.62,0.0,0.0,6.82,0.0,0.0,10.28,0.0,-0.0050277222,,0.0346065799,217.436138,3.50832205e-06,3.62392163,83.7052656,0.00177515052,99.67692,0.000367383434,99.99998999999998,100.0,False
2026-06-13 07:30:00,0.0,,0.0,0.0,3.34,10.97,10.97,,0.0,0.0,0.0,,0.0,0.0,0.0,0.0,0.0,0.0,7.50156,3.35,12.565113,0.0,3.45,0.0,0.0,4.85,0.0,0.0,3.46,0.0,0.0,9.62,0.0,0.0,6.82,0.0,0.0,10.28,0.0,-0.0049533611666666665,,0.0346065799,217.436594,3.50832205e-06,3.88183592,83.7052588,0.00190069013,99.67692,0.000393530092,99.99998999999998,100.0,False
2026-06-13 08:00:00,0.0,,-1.39,-1.4,7.9,-1.69,-1.69,,0.0,0.0,0.0,,0.0,0.0,0.0,0.0,0.0,0.0,7.50102,3.35,12.5642085,0.0,3.45,0.0,0.0,4.85,0.0,0.0,3.46,0.0,0.0,9.62,0.0,0.0,6.82,0.0,0.0,10.28,0.0,-0.004926944466666667,,0.0346065799,217.436897,3.50832205e-06,4.14785674,83.7052628,0.00202556023,99.67692,0.000420498568,99.99998999999998,100.0,False
2026-06-13 08:30:00,0.001,,-1.39,-1.7,8.3,-5.6,-5.6,,0.0,-0.0056,0.0,,0.0,0.0,0.0,0.0,0.0,0.0,7.50079,3.35,12.56382325,0.0,3.45,0.0,0.0,4.85,0.0,0.0,3.46,0.0,0.0,9.62,0.0,0.0,6.82,0.0,0.0,10.28,0.0,-0.004950555533333334,,0.0346065799,217.437303,3.50832205e-06,4.41080127,83.705256,0.00215102873,99.67692,0.000447155177,99.99998999999998,100.0,False
2026-06-13 09:00:00,0.0,,-10.0,0.1,10.07,-4.22,-4.22,,0.0,0.0,0.0,,0.0,0.0,0.0,0.0,0.0,0.0,7.48693,3.35,12.540607750000001,0.0,3.45,0.0,0.0,4.85,0.0,0.0,3.46,0.0,0.0,9.62,0.0,0.0,6.82,0.0,0.0,10.28,0.0,-0.0032446666,,0.0346065799,217.437658,3.50832205e-06,5.50096481,83.7052865,0.00223712764,99.67692,0.000557673027,99.99998999999998,100.0,False
2026-06-13 09:30:00,0.0,,-10.0,-1.4,8.59,-6.48,-6.48,,0.0,0.0,0.0,,0.0,0.0,0.0,0.0,0.0,0.0,7.49159,3.35,12.548413250000001,0.0,3.45,0.0,0.0,4.85,0.0,0.0,3.46,0.0,0.0,9.62,0.0,0.0,6.82,0.0,0.0,10.28,0.0,-0.005030000033333333,,0.0346065799,217.438013,3.50832205e-06,5.77753178,83.7052776,0.00236460961,99.67692,0.000585710643,99.99998999999998,100.0,False
2026-06-13 10:00:00,0.0,,-18.99,-8.28,-3.17,36.15,36.15,,0.0,0.0,0.0,,0.0,0.0,0.0,0.0,0.0,0.0,7.50108,3.35,12.564309,0.0,3.45,0.0,0.0,4.85,0.0,0.0,3.46,0.0,0.0,9.62,0.0,0.0,6.82,0.0,0.0,10.28,0.0,-0.004997916766666667,,0.0346065799,217.438469,3.50832205e-06,6.05516007,83.7052776,0.00249127846,99.67692,0.000613855853,99.99998999999998,100.0,False
2026-06-13 10:30:00,0.001,,-18.99,-12.1,-10.51,-7.01,-7.01,,0.0,-0.00701,0.0,,0.0,0.0,0.0,0.0,0.0,0.0,7.50145,3.35,12.56492875,0.0,3.45,0.0,0.0,4.85,0.0,0.0,3.46,0.0,0.0,9.62,0.0,0.0,6.82,0.0,0.0,10.28,0.0,-0.005015444466666667,,0.0346065799,217.438824,3.50832205e-06,6.44009288,83.7052749,0.00261839153,99.67692,0.000652879306,99.99998999999998,100.0,False
2026-06-13 11:00:00,0.0,,-20.1,-22.15,-15.34,-13.12,-13.12,,0.0,0.0,0.0,,0.0,0.0,0.0,0.0,0.0,0.0,7.50096,3.35,12.564108000000001,0.0,3.12,0.0,0.0,5.5,0.0,0.0,1.93,0.0,0.0,7.52,0.0,0.0,1.04,0.0,0.0,18.25,0.0,-0.0032165277966666665,,0.0346065799,217.439178,3.50832205e-06,7.71694278,83.705291,0.00270465446,99.67692,0.000782322917,99.99998999999998,100.0,False
2026-06-13 11:30:00,0.0,,-20.1,-23.52,-14.0,-6.38,-6.38,,0.0,0.0,0.0,,0.0,0.0,0.0,0.0,0.0,0.0,7.50177,3.35,12.56546475,0.0,3.12,0.0,0.0,5.5,0.0,0.0,1.93,0.0,0.0,7.52,0.0,0.0,1.04,0.0,0.0,18.25,0.0,-0.0049371666333333335,,0.0346065799,217.439533,3.50832205e-06,8.05603464,83.7052883,0.00282978364,99.67692,0.000816699138,99.99998999999998,100.0,False
2026-06-13 12:00:00,0.001,,-23.0,-27.0,-22.0,-11.6,-11.6,,0.0,-0.0116,0.0,,0.0,0.0,0.0,0.0,0.0,0.0,7.50159,3.35,12.565163250000001,0.0,3.12,0.0,0.0,5.5,0.0,0.0,1.93,0.0,0.0,7.52,0.0,0.0,1.04,0.0,0.0,18.25,0.0,-0.004934250066666666,,0.0346065799,217.439888,3.50832205e-06,8.45702265,83.7052815,0.00295483889,99.67692,0.000857350225,99.99998999999998,100.0,False
2026-06-13 12:30:00,0.0,,-23.0,-28.96,-23.96,-24.68,-24.68,,0.0,0.0,0.0,,0.0,0.0,0.0,0.0,0.0,0.0,7.50156,3.35,12.565113,0.0,3.12,0.0,0.0,5.5,0.0,0.0,1.93,0.0,0.0,7.52,0.0,0.0,1.04,0.0,0.0,18.25,0.0,-0.0013806668,,0.0346065799,217.440243,3.50832205e-06,10.7404831,83.7053526,0.00308769386,99.67692,0.00108884131,99.99998999999998,100.0,False
2026-06-13 13:00:00,0.0,,-25.2,-29.36,-23.7,-16.92,-16.92,,0.0,0.0,0.0,,0.0,0.0,0.0,0.0,0.0,0.0,7.50148,3.35,12.564979000000001,0.0,3.12,0.0,0.0,5.5,0.0,0.0,1.93,0.0,0.0,7.52,0.0,0.0,1.04,0.0,0.0,18.25,0.0,-0.004960472233333333,,0.0346065799,217.440699,3.50832205e-06,11.1523256,83.7053424,0.00321341369,99.67692,0.00113059279,99.99998999999998,100.0,False
2026-06-13 13:30:00,0.0,,-25.2,-30.0,-20.06,-18.92,-18.92,,0.0,0.0,0.0,,0.0,0.0,0.0,0.0,0.0,0.0,7.50144,3.35,12.564912,0.0,3.12,0.0,0.0,5.5,0.0,0.0,1.93,0.0,0.0,7.52,0.0,0.0,1.04,0.0,0.0,18.25,0.0,-0.004949027866666666,,0.0346065799,217.441003,3.50832205e-06,11.5544709,83.7053356,0.00333884348,99.67692,0.0011713612,99.99998999999998,100.0,False
2026-06-13 14:00:00,0.0,,-25.0,-28.76,-13.5,-26.38,-26.38,,0.0,0.0,0.0,,0.0,0.0,0.0,0.0,0.0,0.0,7.50189,3.35,12.56566575,0.0,3.12,0.0,0.0,5.5,0.0,0.0,1.93,0.0,0.0,7.52,0.0,0.0,1.04,0.0,0.0,18.25,0.0,-0.0049789723666666666,,0.0346065799,217.441358,3.50832205e-06,11.9551936,83.7053356,0.00346503219,99.67692,0.00121198539,99.99998999999998,100.0,False
2026-06-13 14:30:00,0.0,,-25.0,-26.2,-16.11,-24.64,-24.64,,0.0,0.0,0.0,,0.0,0.0,0.0,0.0,0.0,0.0,7.5014,3.35,12.564845,0.0,3.12,0.0,0.0,5.5,0.0,0.0,1.93,0.0,0.0,7.52,0.0,0.0,1.04,0.0,0.0,18.25,0.0,-0.005027388866666667,,0.0346065799,217.441713,3.50832205e-06,12.3477918,83.7053396,0.00359244798,99.67692,0.00125178594,99.99998999999998,100.0,False
2026-06-13 15:00:00,0.0,,-18.99,-20.0,-5.23,-30.84,-30.84,,-61.68,0.0,0.0,,-4.0,10.46,0.0,0.0,0.0,0.0,7.50662,3.35,12.5735885,0.0,1.47,0.0,0.0,5.96,0.0,0.0,1.42,0.0,0.0,9.22,0.0,0.0,3.37,0.0,0.0,15.97,0.0,-0.005061444466666666,,0.0346065799,217.442068,3.50832205e-06,12.7999928,83.7053328,0.00372072689,99.67692,0.00129762887,99.99998999999998,100.0,False
2026-06-13 15:30:00,0.0,,-18.99,-10.81,-3.16,-30.84,-30.84,,-37.007999999999996,0.0,0.0,,-2.4,3.792,0.0,0.0,0.0,0.0,7.52061,3.35,12.59702175,0.0,1.47,0.0,0.0,5.96,0.0,0.0,1.42,0.0,0.0,9.22,0.0,0.0,3.37,0.0,0.0,15.97,0.0,-0.004967777766666666,,0.0346065799,217.442474,3.50832205e-06,13.2493136,83.7053328,0.00384663188,99.67692,0.0013431798,99.99998999999998,100.0,False
2026-06-13 16:00:00,0.0,,-5.66,-3.79,4.61,-30.84,-30.84,,0.0,0.0,0.0,,0.0,0.0,0.0,0.0,0.0,0.0,7.50645,3.35,12.573303750000001,0.0,1.47,0.0,0.0,5.96,0.0,0.0,1.42,0.0,0.0,9.22,0.0,0.0,3.37,0.0,0.0,15.97,0.0,-0.004938444466666666,,0.0346065799,217.442777,3.50832205e-06,13.701644,83.7053369,0.00397179344,99.67692,0.00138903584,99.99998999999998,100.0,False
2026-06-13 16:30:00,0.0,,-5.66,9.06,34.06,-36.65,-36.65,,0.0,0.0,0.0,,0.0,0.0,0.0,0.0,0.0,0.0,7.50148,3.35,12.564979000000001,0.0,1.47,0.0,0.0,5.96,0.0,0.0,1.42,0.0,0.0,9.22,0.0,0.0,3.37,0.0,0.0,15.97,0.0,-0.004971861033333333,,0.0346065799,217.443183,3.50832205e-06,14.1992623,83.7053267,0.00409780191,99.67692,0.00143948305,99.99998999999998,100.0,False
2026-06-13 17:00:00,0.0,,5.0,4.65,6.01,-75.0,-75.0,,0.0,0.0,0.0,,0.0,0.0,0.0,0.0,0.0,0.0,7.50147,3.35,12.56496225,0.0,1.47,0.0,0.0,5.96,0.0,0.0,1.42,0.0,0.0,9.22,0.0,0.0,3.37,0.0,0.0,15.97,0.0,-0.004929583366666667,,0.0346065799,217.443588,3.50832205e-06,14.5446161,83.7053267,0.00422273889,99.67692,0.00147449409,99.99998999999998,100.0,False
2026-06-13 17:30:00,0.0,,5.0,17.35,28.0,-35.99,-35.99,,0.0,0.0,0.0,,0.0,0.0,0.0,0.0,0.0,0.0,7.50176,3.35,12.565448,0.0,1.47,0.0,0.0,5.96,0.0,0.0,1.42,0.0,0.0,9.22,0.0,0.0,3.37,0.0,0.0,15.97,0.0,-0.004964250033333333,,0.0346065799,217.443893,3.50832205e-06,14.9145586,83.7053267,0.00434855447,99.67692,0.00151199786,99.99998999999998,100.0,False
2026-06-13 18:00:00,0.0,,39.46,26.0,18.08,-28.7,-28.7,,0.0,0.0,0.0,,0.0,0.0,0.0,0.0,0.0,0.0,7.50046,3.35,12.563270500000002,0.0,1.47,0.0,0.0,5.96,0.0,0.0,1.42,0.0,0.0,9.22,0.0,0.0,3.37,0.0,0.0,15.97,0.0,-0.004924472266666666,,0.0346065799,217.444298,3.50832205e-06,15.2787221,83.7053267,0.00447336192,99.67692,0.00154891578,99.99998999999998,100.0,False
2026-06-13 18:30:00,0.0,,39.46,37.8,42.9,0.0,0.0,,0.0,0.0,0.0,,0.0,0.0,0.0,0.0,0.0,0.0,7.50136,3.35,12.564778,0.0,1.47,0.0,0.0,5.96,0.0,0.0,1.42,0.0,0.0,9.22,0.0,0.0,3.37,0.0,0.0,15.97,0.0,-0.004988916666666667,,0.0346065799,217.444704,3.50832205e-06,15.6378223,83.7053307,0.00459980265,99.67692,0.00158532039,99.99998999999998,100.0,False
2026-06-13 19:00:00,0.0,,72.52,76.0,90.0,110.0,110.0,,0.0,0.0,0.0,,0.0,0.0,0.0,0.0,0.0,0.0,7.31768,3.35,12.257114000000001,0.0,4.51,0.0,0.0,1.77,0.0,0.0,7.65,0.0,0.0,4.85,0.0,0.0,21.17,0.0,0.0,-0.31,0.0,-0.0049345556,,0.0346065799,217.445058,3.50832205e-06,15.9863276,83.7053307,0.00472486565,99.67692,0.00162065092,99.99998999999998,100.0,False
2026-06-13 19:30:00,0.001,,72.52,84.0,96.72,40.69,40.69,,0.0,0.04069,0.0,,0.0,0.0,0.0,0.0,0.0,0.0,7.05064,3.35,11.809822,0.0,4.51,0.0,0.0,1.77,0.0,0.0,7.65,0.0,0.0,4.85,0.0,0.0,21.17,0.0,0.0,-0.31,0.0,-0.004983305600000001,,0.0346065799,217.445414,3.50832205e-06,16.3750179,83.7053205,0.00485116418,99.67692,0.0016600553,99.99998999999998,100.0,False
2026-06-13 20:00:00,0.0,,82.0,92.76,106.0,105.04,105.04,,0.0,0.0,0.0,,0.0,0.0,0.0,0.0,0.0,0.0,7.19517,3.35,12.05190975,0.0,4.51,0.0,0.0,1.77,0.0,0.0,7.65,0.0,0.0,4.85,0.0,0.0,21.17,0.0,0.0,-0.31,0.0,-0.0032361111,,0.0346065799,217.445819,3.50832205e-06,17.6100905,83.7053612,0.00493763339,99.67692,0.00178526364,99.99998999999998,100.0,False
2026-06-13 20:30:00,0.0,,82.0,97.4,102.33,41.16,41.16,,0.0,0.0,0.0,,0.0,0.0,0.0,0.0,0.0,0.0,7.39384,3.35,12.384682,0.0,4.51,0.0,0.0,1.77,0.0,0.0,7.65,0.0,0.0,4.85,0.0,0.0,21.17,0.0,0.0,-0.31,0.0,-0.005067500033333333,,0.0346065799,217.446224,3.50832205e-06,18.0241367,83.7053693,0.00506606578,99.67692,0.00182723853,99.99998999999998,100.0,False
2026-06-13 21:00:00,0.0,,92.88,96.65,101.63,77.52,77.52,,0.0,0.0,0.0,,0.0,0.0,0.0,0.0,0.0,0.0,7.51139,3.35,12.58157825,0.0,4.51,0.0,0.0,1.77,0.0,0.0,7.65,0.0,0.0,4.85,0.0,0.0,21.17,0.0,0.0,-0.31,0.0,-0.004978361066666667,,0.0346065799,217.446579,3.50832205e-06,18.3740198,83.7053625,0.00519223898,99.67692,0.00186270874,99.99998999999998,100.0,False
2026-06-13 21:30:00,0.0,,92.88,95.99,100.37,107.25,107.25,,0.0,0.0,0.0,,0.0,0.0,0.0,0.0,0.0,0.0,7.52862,3.35,12.6104385,0.0,4.51,0.0,0.0,1.77,0.0,0.0,7.65,0.0,0.0,4.85,0.0,0.0,21.17,0.0,0.0,-0.31,0.0,-0.0050055,,0.0346065799,217.446984,3.50832205e-06,18.7824389,83.7053625,0.00531910003,99.67692,0.00190411317,99.99998999999998,100.0,False
2026-06-13 22:00:00,0.0,,82.18,92.11,92.0,72.48,72.48,,0.0,0.0,0.0,,0.0,0.0,0.0,0.0,0.0,0.0,7.51247,3.35,12.583387250000001,0.0,4.51,0.0,0.0,1.77,0.0,0.0,7.65,0.0,0.0,4.85,0.0,0.0,21.17,0.0,0.0,-0.31,0.0,-0.005064777733333334,,0.0346065799,217.447339,3.50832205e-06,19.2534828,83.7053625,0.00544746343,99.67692,0.00195186634,99.99998999999998,100.0,False
2026-06-13 22:30:00,0.0,,82.18,91.01,91.92,130.0,130.0,,0.0,0.0,0.0,,0.0,0.0,0.0,0.0,0.0,0.0,7.51181,3.35,12.58228175,0.0,4.51,0.0,0.0,1.77,0.0,0.0,7.65,0.0,0.0,4.85,0.0,0.0,21.17,0.0,0.0,-0.31,0.0,-0.0050037778,,0.0346065799,217.447593,3.50832205e-06,19.6819996,83.7053625,0.00557428083,99.67692,0.00199530822,99.99998999999998,100.0,False
2026-06-13 23:00:00,0.0,,80.0,60.62,64.03,38.54,38.54,,0.0,0.0,0.0,,0.0,0.0,0.0,0.0,0.0,0.0,7.51182,3.35,12.5822985,0.0,1.39,0.0,0.0,0.73,0.0,0.0,4.61,0.0,0.0,-0.2,0.0,0.0,13.58,0.0,0.0,-4.95,0.0,-0.005007361166666667,,0.0346065799,217.447999,3.50832205e-06,20.1072639,83.7053666,0.00570118898,99.67692,0.00203842037,99.99998999999998,100.0,False
2026-06-13 23:30:00,0.0,,80.0,42.58,54.58,41.28,41.28,,0.0,0.0,0.0,,0.0,0.0,0.0,0.0,0.0,0.0,7.51206,3.35,12.5827005,0.0,1.39,0.0,0.0,0.73,0.0,0.0,4.61,0.0,0.0,-0.2,0.0,0.0,13.58,0.0,0.0,-4.95,0.0,-0.004969194466666667,,0.0346065799,217.448404,3.50832205e-06,20.4978997,83.7053598,0.00582712988,99.67692,0.00207802198,99.99998999999998,100.0,False
2026-06-14 00:00:00,0.0,,73.0,39.05,32.59,29.55,29.55,,0.0,0.0,0.0,,0.0,0.0,0.0,0.0,0.0,0.0,7.5118,3.35,12.582265,0.0,1.39,0.0,0.0,0.73,0.0,0.0,4.61,0.0,0.0,-0.2,0.0,0.0,13.58,0.0,0.0,-4.95,0.0,-0.005009166733333333,,0.0346065799,217.448708,3.50832205e-06,20.9366017,83.7053496,0.00595408388,99.67692,0.00212249641,99.99998999999998,100.0,False
2026-06-14 00:30:00,0.0,,73.0,30.27,34.61,29.31,29.31,,0.0,0.0,0.0,,0.0,0.0,0.0,0.0,0.0,0.0,7.51227,3.35,12.58305225,0.0,1.39,0.0,0.0,0.73,0.0,0.0,4.61,0.0,0.0,-0.2,0.0,0.0,13.58,0.0,0.0,-4.95,0.0,-0.004977805566666667,,0.0,217.449164,0.0,0.384771727,83.7053394,0.000126159138,99.67692,3.90071235e-05,99.99998999999998,100.0,False
2026-06-14 01:00:00,0.0,,67.0,34.75,22.31,8.44,8.44,,0.0,0.0,0.0,,0.0,0.0,0.0,0.0,0.0,0.0,7.51243,3.35,12.58332025,0.0,1.39,0.0,0.0,0.73,0.0,0.0,4.61,0.0,0.0,-0.2,0.0,0.0,13.58,0.0,0.0,-4.95,0.0,-0.0050346389,,0.0,217.449519,0.0,0.805854485,83.7053366,0.000253758677,99.67692,8.16953617e-05,99.99998999999998,100.0,False
2026-06-14 01:30:00,0.0,,67.0,32.83,31.51,7.31,7.31,,0.0,0.0,0.0,,0.0,0.0,0.0,0.0,0.0,0.0,7.51213,3.35,12.58281775,0.0,1.39,0.0,0.0,0.73,0.0,0.0,4.61,0.0,0.0,-0.2,0.0,0.0,13.58,0.0,0.0,-4.95,0.0,-0.0050246945,,0.0,217.449874,0.0,1.16689795,83.7053298,0.000381106183,99.67692,0.000118296978,99.99998999999998,100.0,False
2026-06-14 02:00:00,0.0,,62.0,31.01,30.5,1.0,1.0,,0.0,0.0,0.0,,0.0,0.0,0.0,0.0,0.0,0.0,7.51245,3.35,12.58335375,0.0,1.39,0.0,0.0,0.73,0.0,0.0,4.61,0.0,0.0,-0.2,0.0,0.0,13.58,0.0,0.0,-4.95,0.0,-0.0050041944,,0.0,217.450229,0.0,1.51034873,83.7053298,0.00050793413,99.67692,0.000153115095,99.99998999999998,100.0,False
2026-06-14 02:30:00,0.0,,62.0,25.38,24.37,-1.66,-1.66,,0.0,0.0,0.0,,0.0,0.0,0.0,0.0,0.0,0.0,7.51232,3.35,12.583136,0.0,1.39,0.0,0.0,0.73,0.0,0.0,4.61,0.0,0.0,-0.2,0.0,0.0,13.58,0.0,0.0,-4.95,0.0,-0.005029083333333333,,0.0,217.450685,0.0,1.83899727,83.7053277,0.00063539286,99.67692,0.0001864326,99.99998999999998,100.0,False
2026-06-14 03:00:00,0.0,,60.0,35.04,35.2,-2.1,-2.1,,0.0,0.0,0.0,,0.0,0.0,0.0,0.0,0.0,0.0,7.5121,3.35,12.582767500000001,0.0,0.96,0.0,0.0,4.22,0.0,0.0,4.88,0.0,0.0,3.99,0.0,0.0,9.3,0.0,0.0,-0.44,0.0,-0.005089972266666667,,0.0,217.451091,0.0,2.21582882,83.7053216,0.000764394795,99.67692,0.00022463477,99.99998999999998,100.0,False
2026-06-14 03:30:00,0.0,,60.0,37.25,30.21,-1.66,-1.66,,0.0,0.0,0.0,,0.0,0.0,0.0,0.0,0.0,0.0,7.51222,3.35,12.5829685,0.0,0.96,0.0,0.0,4.22,0.0,0.0,4.88,0.0,0.0,3.99,0.0,0.0,9.3,0.0,0.0,-0.44,0.0,-0.005026472233333333,,0.0,217.451344,0.0,2.51658598,83.7053216,0.000891787355,99.67692,0.000255124722,99.99998999999998,100.0,False
2026-06-14 04:00:00,0.0,,58.18,36.24,40.0,-14.1,-14.1,,0.0,0.0,0.0,,0.0,0.0,0.0,0.0,0.0,0.0,7.5124,3.35,12.58327,0.0,0.96,0.0,0.0,4.22,0.0,0.0,4.88,0.0,0.0,3.99,0.0,0.0,9.3,0.0,0.0,-0.44,0.0,-0.005078111066666667,,0.0,217.4518,0.0,2.88311731,83.7053189,0.00102048866,99.67692,0.000292282684,99.99998999999998,100.0,False
2026-06-14 04:30:00,0.0,,58.18,35.43,43.0,-20.0,-20.0,,0.0,0.0,0.0,,0.0,0.0,0.0,0.0,0.0,0.0,7.46584,3.35,12.505282000000001,0.0,0.96,0.0,0.0,4.22,0.0,0.0,4.88,0.0,0.0,3.99,0.0,0.0,9.3,0.0,0.0,-0.44,0.0,-0.005040027833333333,,0.0,217.452105,0.0,3.23195616,83.705312,0.00114822479,99.67692,0.000327647029,99.99998999999998,100.0,False
2026-06-14 05:00:00,0.0,,50.3,33.66,50.0,-14.1,-14.1,,0.0,0.0,0.0,,0.0,0.0,0.0,0.0,0.0,0.0,7.28858,3.35,12.2083715,0.0,0.96,0.0,0.0,4.22,0.0,0.0,4.88,0.0,0.0,3.99,0.0,0.0,9.3,0.0,0.0,-0.44,0.0,-0.005030416633333333,,0.0,217.45251,0.0,3.58439681,83.7053161,0.00127571732,99.67692,0.000363376514,99.99998999999998,100.0,False
2026-06-14 05:30:00,0.0,,50.3,31.8,49.43,-7.46,-7.46,,0.0,0.0,0.0,,0.0,0.0,0.0,0.0,0.0,0.0,7.08543,3.35,11.86809525,0.0,0.96,0.0,0.0,4.22,0.0,0.0,4.88,0.0,0.0,3.99,0.0,0.0,9.3,0.0,0.0,-0.44,0.0,-0.005021166666666667,,0.0,217.453016,0.0,3.93991535,83.7052957,0.00140297541,99.67692,0.000399418028,99.99998999999998,100.0,False
2026-06-14 06:00:00,0.0,,57.45,35.11,36.78,-14.1,-14.1,,0.0,0.0,0.0,,0.0,0.0,0.0,0.0,0.0,0.0,6.95651,3.35,11.65215425,0.0,0.96,0.0,0.0,4.22,0.0,0.0,4.88,0.0,0.0,3.99,0.0,0.0,9.3,0.0,0.0,-0.44,0.0,-0.005055972233333333,,0.0,217.453321,0.0,4.30214009,83.705293,0.00153111563,99.67692,0.000436139399,99.99998999999998,100.0,False
2026-06-14 06:30:00,0.0,,57.45,35.47,27.3,-11.62,-11.62,,0.0,0.0,0.0,,0.0,0.0,0.0,0.0,0.0,0.0,6.52616,3.35,10.931318000000001,0.0,0.96,0.0,0.0,4.22,0.0,0.0,4.88,0.0,0.0,3.99,0.0,0.0,9.3,0.0,0.0,-0.44,0.0,-0.005025416666666667,,0.0,217.453676,0.0,4.59853206,83.7052841,0.00165848144,99.67692,0.00046618682,99.99998999999998,100.0,False
2026-06-14 07:00:00,0.0,,47.46,35.47,55.0,-7.76,-7.76,,0.0,0.0,0.0,,0.0,0.0,0.0,0.0,0.0,0.0,5.67267,3.35,9.50172225,0.0,1.39,0.0,0.0,3.1,0.0,0.0,4.32,0.0,0.0,2.13,0.0,0.0,13.22,0.0,0.0,-2.03,0.0,-0.005062083433333333,,0.0,217.45403,0.0,4.98998247,83.7052779,0.00178677654,99.67692,0.000505871011,99.99998999999998,100.0,False
2026-06-14 07:30:00,0.0,,47.46,48.07,55.0,-10.72,-10.72,,0.0,0.0,0.0,,0.0,0.0,0.0,0.0,0.0,0.0,4.60814,3.35,7.718634499999999,0.0,1.39,0.0,0.0,3.1,0.0,0.0,4.32,0.0,0.0,2.13,0.0,0.0,13.22,0.0,0.0,-2.03,0.0,-0.005027805533333333,,0.0,217.454335,0.0,5.3324629,83.7052541,0.00191420289,99.67692,0.000540590756,99.99998999999998,100.0,False
2026-06-14 08:00:00,0.0,,58.75,51.28,59.7,-14.1,-14.1,,0.0,0.0,0.0,,0.0,0.0,0.0,0.0,0.0,0.0,3.57778,3.35,5.9927815,0.0,1.39,0.0,0.0,3.1,0.0,0.0,4.32,0.0,0.0,2.13,0.0,0.0,13.22,0.0,0.0,-2.03,0.0,-0.005002750033333334,,0.0,217.454638,0.0,5.64033837,83.7052582,0.00204099423,99.67692,0.000571802344,99.99998999999998,100.0,False
2026-06-14 08:30:00,0.0,,58.75,55.0,61.9,-13.0,-13.0,,0.0,0.0,0.0,,0.0,0.0,0.0,0.0,0.0,0.0,2.9969,3.35,5.019807500000001,0.0,1.39,0.0,0.0,3.1,0.0,0.0,4.32,0.0,0.0,2.13,0.0,0.0,13.22,0.0,0.0,-2.03,0.0,-0.0049549166666666665,,0.0,217.455095,0.0,5.95089139,83.705248,0.00216657326,99.67692,0.000603285374,99.99998999999998,100.0,False
2026-06-14 09:00:00,0.0,,64.19,61.2,71.0,-12.5,-12.5,,0.0,0.0,0.0,,0.0,0.0,0.0,0.0,0.0,0.0,1.57399,3.35,2.63643325,0.0,1.39,0.0,0.0,3.1,0.0,0.0,4.32,0.0,0.0,2.13,0.0,0.0,13.22,0.0,0.0,-2.03,0.0,-0.004962888766666666,,0.0,217.45545,0.0,6.16235525,83.705248,0.00229235434,99.67692,0.000624723012,99.99998999999998,100.0,False
2026-06-14 09:30:00,0.0,,64.19,68.78,71.0,-10.65,-10.65,,0.0,0.0,0.0,,0.0,0.0,0.0,0.0,0.0,0.0,1.78735,3.35,2.9938112500000003,0.0,1.39,0.0,0.0,3.1,0.0,0.0,4.32,0.0,0.0,2.13,0.0,0.0,13.22,0.0,0.0,-2.03,0.0,-0.004614444366666667,,0.0,217.455855,0.0,6.54027687,83.7052534,0.00240930434,99.67692,0.00066303569,99.99998999999998,100.0,False
2026-06-14 10:00:00,0.0,,77.85,83.94,83.0,-9.67,-9.67,,0.0,0.0,0.0,,0.0,0.0,0.0,0.0,0.0,0.0,2.40146,3.35,4.022445500000001,0.0,1.39,0.0,0.0,3.1,0.0,0.0,4.32,0.0,0.0,2.13,0.0,0.0,13.22,0.0,0.0,-2.03,0.0,-0.004893388866666667,,0.0,217.456311,0.0,6.78081036,83.7052506,0.00253332399,99.67692,0.000687420329,99.99998999999998,100.0,False
2026-06-14 10:30:00,0.0,,77.85,81.34,83.0,83.84,83.84,,0.0,0.0,0.0,,0.0,0.0,0.0,0.0,0.0,0.0,3.00932,3.35,5.040611,0.0,1.39,0.0,0.0,3.1,0.0,0.0,4.32,0.0,0.0,2.13,0.0,0.0,13.22,0.0,0.0,-2.03,0.0,-0.004943388933333333,,0.0,217.456565,0.0,7.03279456,83.7052275,0.00265861086,99.67692,0.000712965809,99.99998999999998,100.0,False
2026-06-14 11:00:00,0.0,,86.0,86.24,85.0,37.21,37.21,,0.0,0.0,0.0,,0.0,0.0,0.0,0.0,0.0,0.0,1.90409,3.35,3.18935075,0.0,0.89,0.0,0.0,2.95,0.0,0.0,4.09,0.0,0.0,1.58,0.0,0.0,14.07,0.0,0.0,-8.61,0.0,-0.0049540555666666665,,0.0,217.456971,0.0,7.35702582,83.7052207,0.00278416806,99.67692,0.000745835503,99.99998999999998,100.0,False
2026-06-14 11:30:00,0.0,,86.0,81.66,74.98,45.87,45.87,,0.0,0.0,0.0,,0.0,0.0,0.0,0.0,0.0,0.0,2.73577,3.35,4.58241475,0.0,0.89,0.0,0.0,2.95,0.0,0.0,4.09,0.0,0.0,1.58,0.0,0.0,14.07,0.0,0.0,-8.61,0.0,-0.0049268333333333325,,0.0,217.457376,0.0,7.61427234,83.7052145,0.00290903535,99.67692,0.000771914464,99.99998999999998,100.0,False
2026-06-14 12:00:00,0.0,,93.0,82.64,74.9,110.61,110.61,,0.0,0.0,0.0,,0.0,0.0,0.0,0.0,0.0,0.0,0.92134,3.35,1.5432445000000001,0.0,0.89,0.0,0.0,2.95,0.0,0.0,4.09,0.0,0.0,1.58,0.0,0.0,14.07,0.0,0.0,-8.61,0.0,-0.004950944433333333,,0.0,217.45768,0.0,7.94799623,83.7052043,0.00303451371,99.67692,0.000805746495,99.99998999999998,100.0,False
2026-06-14 12:30:00,0.0,,93.0,83.36,77.1,64.7,64.7,,0.0,0.0,0.0,,0.0,0.0,0.0,0.0,0.0,0.0,4.36145,3.35,7.30542875,0.0,0.89,0.0,0.0,2.95,0.0,0.0,4.09,0.0,0.0,1.58,0.0,0.0,14.07,0.0,0.0,-8.61,0.0,-0.0049321667,,0.0,217.458136,0.0,8.26813753,83.7051825,0.00315951616,99.67692,0.000838201559,99.99998999999998,100.0,False
2026-06-14 13:00:00,0.0,,90.12,86.13,82.2,65.23,65.23,,0.0,0.0,0.0,,0.0,0.0,0.0,0.0,0.0,0.0,1.93675,3.35,3.24405625,0.0,0.89,0.0,0.0,2.95,0.0,0.0,4.09,0.0,0.0,1.58,0.0,0.0,14.07,0.0,0.0,-8.61,0.0,-0.0048939167000000006,,0.0,217.45844,0.0,8.54026634,83.7051797,0.00328354919,99.67692,0.000865789247,99.99998999999998,100.0,False
2026-06-14 13:30:00,0.0,,90.12,85.35,81.01,65.28,65.28,,0.0,0.0,0.0,,0.0,0.0,0.0,0.0,0.0,0.0,2.43985,3.35,4.08674875,0.0,0.89,0.0,0.0,2.95,0.0,0.0,4.09,0.0,0.0,1.58,0.0,0.0,14.07,0.0,0.0,-8.61,0.0,-0.004962694500000001,,0.0,217.458796,0.0,8.77931491,83.7051729,0.00340932534,99.67692,0.000890023348,99.99998999999998,100.0,False
2026-06-14 14:00:00,0.0,,87.62,85.35,82.99,67.94,67.94,,0.0,0.0,0.0,,0.0,0.0,0.0,0.0,0.0,0.0,3.91207,3.35,6.55271725,0.0,0.89,0.0,0.0,2.95,0.0,0.0,4.09,0.0,0.0,1.58,0.0,0.0,14.07,0.0,0.0,-8.61,0.0,-0.00499,,0.0,217.459201,0.0,9.05581181,83.7051627,0.00353579355,99.67692,0.000918053861,99.99998999999998,100.0,False
2026-06-14 14:30:00,0.0,,87.62,84.66,85.95,55.0,55.0,,0.0,0.0,0.0,,0.0,0.0,0.0,0.0,0.0,0.0,1.99318,3.35,3.3385765,0.0,0.89,0.0,0.0,2.95,0.0,0.0,4.09,0.0,0.0,1.58,0.0,0.0,14.07,0.0,0.0,-8.61,0.0,-0.0049310555,,0.0,217.459505,0.0,9.3740154,83.7051606,0.00366076783,99.67692,0.000950312485,99.99998999999998,100.0,False
2026-06-14 15:00:00,0.0,,96.5,86.19,86.01,50.0,50.0,,0.0,0.0,0.0,,0.0,0.0,0.0,0.0,0.0,0.0,3.00334,3.35,5.0305945,0.0,2.82,0.0,0.0,2.97,0.0,0.0,7.81,0.0,0.0,2.49,0.0,0.0,14.48,0.0,0.0,-7.98,0.0,-0.004907138966666666,,0.0,217.45991,0.0,9.74347327,83.7051606,0.00378513597,99.67692,0.000987767131,99.99998999999998,100.0,False
2026-06-14 15:30:00,0.0,,96.5,94.41,91.59,22.28,22.28,,0.0,0.0,0.0,,0.0,0.0,0.0,0.0,0.0,0.0,4.20626,3.35,7.045485500000001,0.0,2.82,0.0,0.0,2.97,0.0,0.0,7.81,0.0,0.0,2.49,0.0,0.0,14.48,0.0,0.0,-7.98,0.0,-0.004868722266666667,,0.0,217.460265,0.0,10.1281253,83.7051538,0.00390853046,99.67692,0.00102676212,99.99998999999998,100.0,False
2026-06-14 16:00:00,0.0,,109.55,98.79,106.16,20.0,20.0,,0.0,0.0,0.0,,0.0,0.0,0.0,0.0,0.0,0.0,3.87133,3.35,6.48447775,0.0,2.82,0.0,0.0,2.97,0.0,0.0,7.81,0.0,0.0,2.49,0.0,0.0,14.48,0.0,0.0,-7.98,0.0,-0.005020000033333334,,0.0,217.46067,0.0,10.47684,83.705162,0.004035759,99.67692,0.00106211388,99.99998999999998,100.0,False
2026-06-14 16:30:00,0.0,,109.55,106.56,108.59,73.41,73.41,,0.0,0.0,0.0,,0.0,0.0,0.0,0.0,0.0,0.0,4.2127,3.35,7.0562725,0.0,2.82,0.0,0.0,2.97,0.0,0.0,7.81,0.0,0.0,2.49,0.0,0.0,14.48,0.0,0.0,-7.98,0.0,-0.0049833888666666664,,0.0,217.461026,0.0,10.8572709,83.7051552,0.00416205963,99.67692,0.00110068094,99.99998999999998,100.0,False
2026-06-14 17:00:00,0.0,,115.0,111.0,115.0,129.6,129.6,,0.0,0.0,0.0,,0.0,0.0,0.0,0.0,0.0,0.0,4.41976,3.35,7.403098000000001,0.0,2.82,0.0,0.0,2.97,0.0,0.0,7.81,0.0,0.0,2.49,0.0,0.0,14.48,0.0,0.0,-7.98,0.0,-0.0049603889,,0.0,217.46138,0.0,11.273056,83.705145,0.00428777737,99.67692,0.00114283212,99.99998999999998,100.0,False
2026-06-14 17:30:00,0.0,,115.0,120.0,119.62,119.58,119.58,,0.0,0.0,0.0,,0.0,0.0,0.0,0.0,0.0,0.0,4.51686,3.35,7.5657405,0.0,2.82,0.0,0.0,2.97,0.0,0.0,7.81,0.0,0.0,2.49,0.0,0.0,14.48,0.0,0.0,-7.98,0.0,-0.0048949722,,0.0,217.461684,0.0,11.6662727,83.705149,0.00441183714,99.67692,0.00118269537,99.99998999999998,100.0,False
2026-06-14 18:00:00,0.0,,120.0,118.44,122.47,116.61,116.61,,0.0,0.0,0.0,,0.0,0.0,0.0,0.0,0.0,0.0,4.98569,3.35,8.35103075,0.0,2.82,0.0,0.0,2.97,0.0,0.0,7.81,0.0,0.0,2.49,0.0,0.0,14.48,0.0,0.0,-7.98,0.0,-0.0049401388666666666,,0.0,217.46209,0.0,11.9821705,83.7051388,0.00453704164,99.67692,0.00121472024,99.99998999999998,100.0,False
2026-06-14 18:30:00,0.0,,120.0,117.4,116.0,108.26,108.26,,0.0,0.0,0.0,,0.0,0.0,0.0,0.0,0.0,0.0,5.88104,3.35,9.850742,0.0,2.82,0.0,0.0,2.97,0.0,0.0,7.81,0.0,0.0,2.49,0.0,0.0,14.48,0.0,0.0,-7.98,0.0,-0.0049891389,,0.0,217.462445,0.0,12.3930283,83.7051388,0.00466348801,99.67692,0.0012563719,99.99998999999998,100.0,False
2026-06-14 19:00:00,0.0,,125.0,121.96,121.0,85.69,85.69,,0.0,0.0,0.0,,0.0,0.0,0.0,0.0,0.0,0.0,6.45494,3.35,10.8120245,0.0,1.99,0.0,0.0,0.81,0.0,0.0,8.0,0.0,0.0,-2.62,0.0,0.0,18.16,0.0,0.0,-14.85,0.0,-0.004941499933333334,,0.0,217.462749,0.0,12.6961401,83.7051361,0.00478872701,99.67692,0.00128710056,99.99998999999998,100.0,False
2026-06-14 19:30:00,0.0,,125.0,125.15,124.33,129.24,129.24,,0.0,0.0,0.0,,0.0,0.0,0.0,0.0,0.0,0.0,6.98797,3.35,11.70484975,0.0,1.99,0.0,0.0,0.81,0.0,0.0,8.0,0.0,0.0,-2.62,0.0,0.0,18.16,0.0,0.0,-14.85,0.0,-0.004948861033333333,,0.0,217.463205,0.0,13.0758523,83.7051374,0.00491415256,99.67692,0.00132559476,99.99998999999998,100.0,False
2026-06-14 20:00:00,0.0,,123.7,123.9,128.67,112.2,112.2,,0.0,0.0,0.0,,0.0,0.0,0.0,0.0,0.0,0.0,7.18968,3.35,12.042714,0.0,1.99,0.0,0.0,0.81,0.0,0.0,8.0,0.0,0.0,-2.62,0.0,0.0,18.16,0.0,0.0,-14.85,0.0,-0.004990055533333333,,0.0,217.463509,0.0,13.5371393,83.7051415,0.00504062215,99.67692,0.0013723588,99.99998999999998,100.0,False
2026-06-14 20:30:00,0.0,,123.7,124.29,129.22,150.0,150.0,,0.0,0.0,0.0,,0.0,0.0,0.0,0.0,0.0,0.0,7.33901,3.35,12.292841750000001,0.0,1.99,0.0,0.0,0.81,0.0,0.0,8.0,0.0,0.0,-2.62,0.0,0.0,18.16,0.0,0.0,-14.85,0.0,-0.0049958610999999995,,0.0,217.463864,0.0,13.9051641,83.7051313,0.0051672389,99.67692,0.00140966816,99.99998999999998,100.0,False
2026-06-14 21:00:00,0.0,,126.0,124.7,123.3,92.22,92.22,,0.0,0.0,0.0,,0.0,0.0,0.0,0.0,0.0,0.0,7.46861,3.35,12.50992175,0.0,1.99,0.0,0.0,0.81,0.0,0.0,8.0,0.0,0.0,-2.62,0.0,0.0,18.16,0.0,0.0,-14.85,0.0,-0.005032805633333333,,0.0,217.46432,0.0,14.3525921,83.7051353,0.005294792,99.67692,0.00145502721,99.99998999999998,100.0,False
2026-06-14 21:30:00,0.0,,126.0,121.97,123.8,150.0,150.0,,0.0,0.0,0.0,,0.0,0.0,0.0,0.0,0.0,0.0,7.51838,3.35,12.5932865,0.0,1.99,0.0,0.0,0.81,0.0,0.0,8.0,0.0,0.0,-2.62,0.0,0.0,18.16,0.0,0.0,-14.85,0.0,-0.004869055533333333,,0.0,217.464625,0.0,14.7694,83.7051353,0.00541819495,99.67692,0.00149728207,99.99998999999998,100.0,False
2026-06-14 22:00:00,0.0,,118.04,125.11,122.6,107.58,107.58,,0.0,0.0,0.0,,0.0,0.0,0.0,0.0,0.0,0.0,7.51361,3.35,12.58529675,0.0,1.99,0.0,0.0,0.81,0.0,0.0,8.0,0.0,0.0,-2.62,0.0,0.0,18.16,0.0,0.0,-14.85,0.0,-0.005066222266666667,,0.0,217.464979,0.0,15.2921517,83.7051353,0.00554659495,99.67692,0.00155027724,99.99998999999998,100.0,False
2026-06-14 22:30:00,0.0,,118.04,121.21,119.02,83.22,83.22,,0.0,0.0,0.0,,0.0,0.0,0.0,0.0,0.0,0.0,7.51174,3.35,12.5821645,0.0,1.99,0.0,0.0,0.81,0.0,0.0,8.0,0.0,0.0,-2.62,0.0,0.0,18.16,0.0,0.0,-14.85,0.0,-0.0050155278333333326,,0.0,217.465384,0.0,15.7697218,83.7051251,0.00567371015,99.67692,0.00159869201,99.99998999999998,100.0,False
2026-06-14 23:00:00,0.0,,100.99,107.83,103.0,83.15,83.15,,0.0,0.0,0.0,,0.0,0.0,0.0,0.0,0.0,0.0,7.51197,3.35,12.58254975,0.0,1.27,0.0,0.0,0.68,0.0,0.0,5.31,0.0,0.0,-2.19,0.0,0.0,15.32,0.0,0.0,-15.3,0.0,-0.005088611133333333,,0.0,217.465739,0.0,16.1819505,83.7051183,0.00580267755,99.67692,0.00164048265,99.99998999999998,100.0,False
2026-06-14 23:30:00,0.0,,100.99,103.75,95.98,83.15,83.15,,0.0,0.0,0.0,,0.0,0.0,0.0,0.0,0.0,0.0,7.51181,3.35,12.58228175,0.0,1.27,0.0,0.0,0.68,0.0,0.0,5.31,0.0,0.0,-2.19,0.0,0.0,15.32,0.0,0.0,-15.3,0.0,-0.005024694433333333,,0.0,217.466145,0.0,16.5512063,83.7051264,0.00593002505,99.67692,0.00167791681,99.99998999999998,100.0,False
2026-06-15 00:00:00,0.0,,100.0,105.88,97.17,81.0,81.0,,0.0,0.0,0.0,,0.0,0.0,0.0,0.0,0.0,0.0,7.51138,3.35,12.5815615,0.0,1.27,0.0,0.0,0.68,0.0,0.0,5.31,0.0,0.0,-2.19,0.0,0.0,15.32,0.0,0.0,-15.3,0.0,-0.005029583266666666,,0.0,217.4665,0.0,16.9607511,83.7051094,0.00605749645,99.67692,0.00171943536,99.99998999999998,100.0,False
2026-06-15 00:30:00,0.0,,100.0,104.0,93.46,81.0,81.0,,0.0,0.0,0.0,,0.0,0.0,0.0,0.0,0.0,0.0,7.51187,3.35,12.58238225,0.0,1.27,0.0,0.0,0.68,0.0,0.0,5.31,0.0,0.0,-2.19,0.0,0.0,15.32,0.0,0.0,-15.3,0.0,-0.004954,,0.0,217.466855,0.0,0.224663567,83.7051094,0.000125555801,99.67692,2.27757886e-05,99.99998999999998,100.0,False
2026-06-15 01:00:00,0.0,,96.8,97.3,90.99,80.05,80.05,,0.0,0.0,0.0,,0.0,0.0,0.0,0.0,0.0,0.0,7.51225,3.35,12.58301875,0.0,1.27,0.0,0.0,0.68,0.0,0.0,5.31,0.0,0.0,-2.19,0.0,0.0,15.32,0.0,0.0,-15.3,0.0,-0.005008222166666666,,0.0,217.467159,0.0,0.571017267,83.7050992,0.000252485826,99.67692,5.78881957e-05,99.99998999999998,100.0,False
2026-06-15 01:30:00,0.0,,96.8,96.8,91.02,81.75,81.75,,0.0,0.0,0.0,,0.0,0.0,0.0,0.0,0.0,0.0,7.51222,3.35,12.5829685,0.0,1.27,0.0,0.0,0.68,0.0,0.0,5.31,0.0,0.0,-2.19,0.0,0.0,15.32,0.0,0.0,-15.3,0.0,-0.005037805533333334,,0.0,217.467463,0.0,0.914286085,83.7051033,0.000380165623,99.67692,9.26878658e-05,99.99998999999998,100.0,False
2026-06-15 02:00:00,0.0,,94.05,95.07,92.94,80.05,80.05,,0.0,0.0,0.0,,0.0,0.0,0.0,0.0,0.0,0.0,7.51278,3.35,12.583906500000001,0.0,1.27,0.0,0.0,0.68,0.0,0.0,5.31,0.0,0.0,-2.19,0.0,0.0,15.32,0.0,0.0,-15.3,0.0,-0.005059972233333334,,0.0,217.467919,0.0,1.24381961,83.7050965,0.00050840722,99.67692,0.000126095089,99.99998999999998,100.0,False
2026-06-15 02:30:00,0.0,,94.05,94.51,90.2,79.1,79.1,,0.0,0.0,0.0,,0.0,0.0,0.0,0.0,0.0,0.0,7.51939,3.35,12.59497825,0.0,1.27,0.0,0.0,0.68,0.0,0.0,5.31,0.0,0.0,-2.19,0.0,0.0,15.32,0.0,0.0,-15.3,0.0,-0.005056694433333333,,0.0,217.468274,0.0,1.58228641,83.7050937,0.00063656574,99.67692,0.000160407943,99.99998999999998,100.0,False
2026-06-15 03:00:00,0.0,,93.98,93.64,88.0,77.0,77.0,,0.0,0.0,0.0,,0.0,0.0,0.0,0.0,0.0,0.0,7.52285,3.35,12.60077375,0.0,0.04,0.0,0.0,2.0,0.0,0.0,6.69,0.0,0.0,-0.24,0.0,0.0,17.09,0.0,0.0,-8.92,0.0,-0.0050430556,,0.0,217.468628,0.0,1.930566,83.7050835,0.0007643786,99.67692,0.000195715592,99.99998999999998,100.0,False
2026-06-15 03:30:00,0.0,,93.98,92.03,90.98,77.0,77.0,,0.0,0.0,0.0,,0.0,0.0,0.0,0.0,0.0,0.0,7.53979,3.35,12.62914825,0.0,0.04,0.0,0.0,2.0,0.0,0.0,6.69,0.0,0.0,-0.24,0.0,0.0,17.09,0.0,0.0,-8.92,0.0,-0.005005472266666667,,0.0,217.469034,0.0,2.24204002,83.7050774,0.000891238925,99.67692,0.000227291991,99.99998999999998,100.0,False
2026-06-15 04:00:00,0.0,,95.0,94.14,89.15,80.02,80.02,,0.0,0.0,0.0,,0.0,0.0,0.0,0.0,0.0,0.0,7.54941,3.35,12.64526175,0.0,0.04,0.0,0.0,2.0,0.0,0.0,6.69,0.0,0.0,-0.24,0.0,0.0,17.09,0.0,0.0,-8.92,0.0,-0.005012555566666667,,0.0,217.46944,0.0,2.60877836,83.7050706,0.00101827878,99.67692,0.000264470938,99.99998999999998,100.0,False
2026-06-15 04:30:00,0.0,,95.0,94.46,87.12,77.0,77.0,,0.0,0.0,0.0,,0.0,0.0,0.0,0.0,0.0,0.0,7.46725,3.35,12.50764375,0.0,0.04,0.0,0.0,2.0,0.0,0.0,6.69,0.0,0.0,-0.24,0.0,0.0,17.09,0.0,0.0,-8.92,0.0,-0.0049850278,,0.0,217.469744,0.0,2.84938934,83.7050746,0.00114462095,99.67692,0.000288863433,99.99998999999998,100.0,False
2026-06-15 05:00:00,0.0,,94.39,94.63,93.46,79.1,79.1,,0.0,0.0,0.0,,0.0,0.0,0.0,0.0,0.0,0.0,7.15006,3.35,11.9763505,0.0,0.04,0.0,0.0,2.0,0.0,0.0,6.69,0.0,0.0,-0.24,0.0,0.0,17.09,0.0,0.0,-8.92,0.0,-0.005065194366666667,,0.0,217.470149,0.0,3.03552149,83.7050678,0.00127299491,99.67692,0.00030773301,99.99998999999998,100.0,False
2026-06-15 05:30:00,0.0,,94.39,94.72,91.9,77.26,77.26,,0.0,0.0,0.0,,0.0,0.0,0.0,0.0,0.0,0.0,6.6628,3.35,11.16019,0.0,0.04,0.0,0.0,2.0,0.0,0.0,6.69,0.0,0.0,-0.24,0.0,0.0,17.09,0.0,0.0,-8.92,0.0,-0.0051101667333333335,,0.0,217.470555,0.0,3.28066029,83.7050678,0.00140250865,99.67692,0.000332584522,99.99998999999998,100.0,False
2026-06-15 06:00:00,0.0,,105.7,105.2,94.3,77.1,77.1,,0.0,0.0,0.0,,0.0,0.0,0.0,0.0,0.0,0.0,6.46133,3.35,10.82272775,0.0,0.04,0.0,0.0,2.0,0.0,0.0,6.69,0.0,0.0,-0.24,0.0,0.0,17.09,0.0,0.0,-8.92,0.0,-0.0050815277,,0.0,217.470809,0.0,3.55904643,83.7050556,0.00153129655,99.67692,0.000360806561,99.99998999999998,100.0,False
2026-06-15 06:30:00,0.0,,105.7,121.89,111.32,80.02,80.02,,0.0,0.0,0.0,,0.0,0.0,0.0,0.0,0.0,0.0,6.47982,3.35,10.8536985,0.0,0.04,0.0,0.0,2.0,0.0,0.0,6.69,0.0,0.0,-0.24,0.0,0.0,17.09,0.0,0.0,-8.92,0.0,-0.004975722233333333,,0.0,217.471264,0.0,3.75767095,83.705046,0.00165740289,99.67692,0.000380942581,99.99998999999998,100.0,False
2026-06-15 07:00:00,0.0,,111.16,118.71,118.5,106.06,106.06,,0.0,0.0,0.0,,0.0,0.0,0.0,0.0,0.0,0.0,5.45667,3.35,9.13992225,0.0,2.44,0.0,0.0,0.2,0.0,0.0,7.95,0.0,0.0,-1.96,0.0,0.0,16.66,0.0,0.0,-14.67,0.0,-0.004980805633333334,,0.0,217.47162,0.0,4.04065565,83.7050358,0.00178363806,99.67692,0.000409630809,99.99998999999998,100.0,False
2026-06-15 07:30:00,0.0,,111.16,124.15,120.0,104.99,104.99,,0.0,0.0,0.0,,0.0,0.0,0.0,0.0,0.0,0.0,4.76245,3.35,7.97710375,0.0,2.44,0.0,0.0,0.2,0.0,0.0,7.95,0.0,0.0,-1.96,0.0,0.0,16.66,0.0,0.0,-14.67,0.0,-0.004995583266666667,,0.0,217.471974,0.0,4.3686088,83.7050229,0.00191024777,99.67692,0.000442877818,99.99998999999998,100.0,False
2026-06-15 08:00:00,0.0,,120.1,123.53,113.9,111.53,111.53,,0.0,0.0,0.0,,0.0,0.0,0.0,0.0,0.0,0.0,4.17596,3.35,6.994733,0.0,2.44,0.0,0.0,0.2,0.0,0.0,7.95,0.0,0.0,-1.96,0.0,0.0,16.66,0.0,0.0,-14.67,0.0,-0.00492625,,0.0,217.472431,0.0,4.68946193,83.704997,0.00203510026,99.67692,0.000475405046,99.99998999999998,100.0,False
2026-06-15 08:30:00,0.0,,120.1,118.9,106.92,126.91,126.91,,0.0,0.0,0.0,,0.0,0.0,0.0,0.0,0.0,0.0,3.93254,3.35,6.5870045,0.0,2.44,0.0,0.0,0.2,0.0,0.0,7.95,0.0,0.0,-1.96,0.0,0.0,16.66,0.0,0.0,-14.67,0.0,-0.0049595000666666665,,0.0,217.472735,0.0,5.02723416,83.7049643,0.00216079545,99.67692,0.000509647487,99.99998999999998,100.0,False
2026-06-15 09:00:00,0.0,,105.0,115.16,109.84,135.2,135.2,,0.0,0.0,0.0,,0.0,0.0,0.0,0.0,0.0,0.0,2.73992,3.35,4.589366,0.0,2.44,0.0,0.0,0.2,0.0,0.0,7.95,0.0,0.0,-1.96,0.0,0.0,16.66,0.0,0.0,-14.67,0.0,-0.004926361066666667,,0.0,217.47309,0.0,5.35163679,83.7049282,0.00228565077,99.67692,0.000542534553,99.99998999999998,100.0,False
2026-06-15 09:30:00,0.0,,105.0,104.19,101.22,129.57,129.57,,0.0,0.0,0.0,,0.0,0.0,0.0,0.0,0.0,0.0,2.03558,3.35,3.4095965,0.0,2.44,0.0,0.0,0.2,0.0,0.0,7.95,0.0,0.0,-1.96,0.0,0.0,16.66,0.0,0.0,-14.67,0.0,-0.004949055566666667,,0.0,217.473393,0.0,5.65085035,83.7049002,0.00241108126,99.67692,0.00057286802,99.99998999999998,100.0,False
2026-06-15 10:00:00,0.0,,99.65,94.28,92.7,137.0,137.0,,0.0,0.0,0.0,,0.0,0.0,0.0,0.0,0.0,0.0,2.19432,3.35,3.675486,0.0,2.44,0.0,0.0,0.2,0.0,0.0,7.95,0.0,0.0,-1.96,0.0,0.0,16.66,0.0,0.0,-14.67,0.0,-0.004898999966666667,,0.0,217.473901,0.0,6.01086005,83.7048782,0.00253524312,99.67692,0.000609364836,99.99998999999998,100.0,False
2026-06-15 10:30:00,0.0,,99.65,89.0,85.1,81.76,81.76,,0.0,0.0,0.0,,0.0,0.0,0.0,0.0,0.0,0.0,1.71906,3.35,2.8794255,0.0,2.44,0.0,0.0,0.2,0.0,0.0,7.95,0.0,0.0,-1.96,0.0,0.0,16.66,0.0,0.0,-14.67,0.0,-0.0048734443999999995,,0.0,217.474154,0.0,6.241761,83.7048874,0.00265875729,99.67692,0.000632772953,99.99998999999998,100.0,False
2026-06-15 11:00:00,0.0,,92.95,93.0,88.4,120.94,120.94,,0.0,0.0,0.0,,0.0,0.0,0.0,0.0,0.0,0.0,2.2401,3.35,3.7521675,0.0,0.2,0.0,0.0,2.65,0.0,0.0,3.84,0.0,0.0,-1.02,0.0,0.0,13.99,0.0,0.0,-13.07,0.0,-0.0048844444333333336,,0.0,217.474509,0.0,6.50862323,83.7048755,0.00278255025,99.67692,0.000659826729,99.99998999999998,100.0,False
2026-06-15 11:30:00,0.0,,92.95,92.26,84.8,81.75,81.75,,0.0,0.0,0.0,,0.0,0.0,0.0,0.0,0.0,0.0,0.79253,3.35,1.32748775,0.0,0.2,0.0,0.0,2.65,0.0,0.0,3.84,0.0,0.0,-1.02,0.0,0.0,13.99,0.0,0.0,-13.07,0.0,-0.004928638833333333,,0.0,217.475016,0.0,6.91042149,83.7048582,0.00290746329,99.67692,0.000700559957,99.99998999999998,100.0,False
2026-06-15 12:00:00,0.0,,92.47,93.0,89.31,81.76,81.76,,0.0,0.0,0.0,,0.0,0.0,0.0,0.0,0.0,0.0,1.21099,3.35,2.02840825,0.0,0.2,0.0,0.0,2.65,0.0,0.0,3.84,0.0,0.0,-1.02,0.0,0.0,13.99,0.0,0.0,-13.07,0.0,-0.0049249722,,0.0,217.475421,0.0,7.18998761,83.7048916,0.0030322834,99.67692,0.000728901618,99.99998999999998,100.0,False
2026-06-15 12:30:00,0.0,,92.47,93.47,88.7,81.75,81.75,,0.0,0.0,0.0,,0.0,0.0,0.0,0.0,0.0,0.0,0.4219,3.35,0.7066825,0.0,0.2,0.0,0.0,2.65,0.0,0.0,3.84,0.0,0.0,-1.02,0.0,0.0,13.99,0.0,0.0,-13.07,0.0,-0.004985972333333334,,0.0,217.475674,0.0,7.59011946,83.7049041,0.00315864952,99.67692,0.00076946591,99.99998999999998,100.0,False
2026-06-15 13:00:00,0.0,,93.5,92.7,89.73,89.9,89.9,,0.0,0.0,0.0,,0.0,0.0,0.0,0.0,0.0,0.0,1.87616,3.35,3.1425680000000003,0.0,0.2,0.0,0.0,2.65,0.0,0.0,3.84,0.0,0.0,-1.02,0.0,0.0,13.99,0.0,0.0,-13.07,0.0,-0.0049375278,,0.0,217.47608,0.0,7.94619074,83.7049367,0.00328378784,99.67692,0.000805563459,99.99998999999998,100.0,False
2026-06-15 13:30:00,0.0,,93.5,91.86,84.5,119.5,119.5,,0.0,0.0,0.0,,0.0,0.0,0.0,0.0,0.0,0.0,1.84428,3.35,3.089169,0.0,0.2,0.0,0.0,2.65,0.0,0.0,3.84,0.0,0.0,-1.02,0.0,0.0,13.99,0.0,0.0,-13.07,0.0,-0.004925333366666667,,0.0,217.476485,0.0,8.33777598,83.7049667,0.00340861711,99.67692,0.000845261318,99.99998999999998,100.0,False
2026-06-15 14:00:00,0.0,,93.46,90.55,87.51,81.76,81.76,,0.0,0.0,0.0,,0.0,0.0,0.0,0.0,0.0,0.0,3.18273,3.35,5.33107275,0.0,0.2,0.0,0.0,2.65,0.0,0.0,3.84,0.0,0.0,-1.02,0.0,0.0,13.99,0.0,0.0,-13.07,0.0,-0.004881611066666667,,0.0,217.47684,0.0,8.67648645,83.7049846,0.00353233827,99.67692,0.000879598875,99.99998999999998,100.0,False
2026-06-15 14:30:00,0.0,,93.46,90.55,86.26,83.25,83.25,,0.0,0.0,0.0,,0.0,0.0,0.0,0.0,0.0,0.0,3.67189,3.35,6.15041575,0.0,0.2,0.0,0.0,2.65,0.0,0.0,3.84,0.0,0.0,-1.02,0.0,0.0,13.99,0.0,0.0,-13.07,0.0,-0.0049749167,,0.0,217.477195,0.0,9.0490181,83.7050079,0.00365842419,99.67692,0.000917365133,99.99998999999998,100.0,False
2026-06-15 15:00:00,0.0,,97.8,92.65,86.92,77.39,77.39,,0.0,0.0,0.0,,0.0,0.0,0.0,0.0,0.0,0.0,5.0292,3.35,8.423910000000001,0.0,4.2,0.0,0.0,1.46,0.0,0.0,8.06,0.0,0.0,-1.78,0.0,0.0,20.52,0.0,0.0,-8.79,0.0,-0.004973805566666667,,0.0,217.4776,0.0,9.43077762,83.7050272,0.00378448194,99.67692,0.000956066887,99.99998999999998,100.0,False
2026-06-15 15:30:00,0.0,,97.8,97.1,93.6,76.44,76.44,,0.0,0.0,0.0,,0.0,0.0,0.0,0.0,0.0,0.0,3.45611,3.35,5.7889842499999995,0.0,4.2,0.0,0.0,1.46,0.0,0.0,8.06,0.0,0.0,-1.78,0.0,0.0,20.52,0.0,0.0,-8.79,0.0,-0.004924750066666666,,0.0,217.477956,0.0,9.81064943,83.7050263,0.00390929642,99.67692,0.00099457727,99.99998999999998,100.0,False
2026-06-15 16:00:00,0.0,,106.78,102.1,99.0,80.1,80.1,,0.0,0.0,0.0,,0.0,0.0,0.0,0.0,0.0,0.0,2.8392,3.35,4.75566,0.0,4.2,0.0,0.0,1.46,0.0,0.0,8.06,0.0,0.0,-1.78,0.0,0.0,20.52,0.0,0.0,-8.79,0.0,-0.0048866945,,0.0,217.478361,0.0,10.0901687,83.7050322,0.00403314642,99.67692,0.00102291418,99.99998999999998,100.0,False
2026-06-15 16:30:00,0.0,,106.78,107.5,109.0,81.8,81.8,,0.0,0.0,0.0,,0.0,0.0,0.0,0.0,0.0,0.0,2.57027,3.35,4.30520225,0.0,4.2,0.0,0.0,1.46,0.0,0.0,8.06,0.0,0.0,-1.78,0.0,0.0,20.52,0.0,0.0,-8.79,0.0,-0.004798361133333333,,0.0,217.478767,0.0,10.4064441,83.70504,0.00415475765,99.67692,0.00105497733,99.99998999999998,100.0,False
2026-06-15 17:00:00,0.0,,121.5,118.2,111.9,130.0,130.0,,0.0,0.0,0.0,,0.0,0.0,0.0,0.0,0.0,0.0,3.50943,3.35,5.87829525,0.0,4.2,0.0,0.0,1.46,0.0,0.0,8.06,0.0,0.0,-1.78,0.0,0.0,20.52,0.0,0.0,-8.79,0.0,-0.004828222133333333,,0.0,217.479122,0.0,10.775879,83.7050371,0.0042771257,99.67692,0.00109242965,99.99998999999998,100.0,False
2026-06-15 17:30:00,0.0,,121.5,128.0,127.3,139.19,139.19,,0.0,0.0,0.0,,0.0,0.0,0.0,0.0,0.0,0.0,4.0031,3.35,6.7051925,0.0,4.2,0.0,0.0,1.46,0.0,0.0,8.06,0.0,0.0,-1.78,0.0,0.0,20.52,0.0,0.0,-8.79,0.0,-0.0048799722,,0.0,217.479476,0.0,11.0968219,83.7050417,0.00440080531,99.67692,0.00112496598,99.99998999999998,100.0,False
2026-06-15 18:00:00,0.0,,132.14,133.9,130.01,111.89,111.89,,0.0,0.0,0.0,,0.0,0.0,0.0,0.0,0.0,0.0,4.70352,3.35,7.878396,0.0,4.2,0.0,0.0,1.46,0.0,0.0,8.06,0.0,0.0,-1.78,0.0,0.0,20.52,0.0,0.0,-8.79,0.0,-0.004919666633333333,,0.0,217.47978,0.0,11.349997,83.7050381,0.00452549096,99.67692,0.00115063219,99.99998999999998,100.0,False
2026-06-15 18:30:00,0.0,,132.14,135.49,134.59,140.0,140.0,,0.0,0.0,0.0,,0.0,0.0,0.0,0.0,0.0,0.0,5.52778,3.35,9.2590315,0.0,4.2,0.0,0.0,1.46,0.0,0.0,8.06,0.0,0.0,-1.78,0.0,0.0,20.52,0.0,0.0,-8.79,0.0,-0.0048879723,,0.0,217.480236,0.0,11.5866696,83.7050325,0.00464937334,99.67692,0.00117462542,99.99998999999998,100.0,False
2026-06-15 19:00:00,0.0,,134.4,134.06,134.59,143.0,143.0,,0.0,0.0,0.0,,0.0,0.0,0.0,0.0,0.0,0.0,6.58308,3.35,11.026659,0.0,2.03,0.0,0.0,0.01,0.0,0.0,7.76,0.0,0.0,-1.4,0.0,0.0,28.31,0.0,0.0,-14.43,0.0,-0.004934250066666667,,0.0,217.48049,0.0,11.9642628,83.7050418,0.00477442858,99.67692,0.0012129048,99.99998999999998,100.0,False
2026-06-15 19:30:00,0.0,,134.4,135.9,134.41,145.0,145.0,,0.0,0.0,0.0,,0.0,0.0,0.0,0.0,0.0,0.0,6.77737,3.35,11.352094750000001,0.0,2.03,0.0,0.0,0.01,0.0,0.0,7.76,0.0,0.0,-1.4,0.0,0.0,28.31,0.0,0.0,-14.43,0.0,-0.0031400556116666666,,0.0,217.480896,0.0,13.138953,83.7050564,0.00485691593,99.67692,0.00133199174,99.99998999999998,100.0,False
2026-06-15 20:00:00,0.0,,132.96,136.95,137.34,139.08,139.08,,0.0,0.0,0.0,,0.0,0.0,0.0,0.0,0.0,0.0,7.06117,3.35,11.82745975,0.0,2.03,0.0,0.0,0.01,0.0,0.0,7.76,0.0,0.0,-1.4,0.0,0.0,28.31,0.0,0.0,-14.43,0.0,-0.0050083611,,0.0,217.481301,0.0,13.4167813,83.705086,0.00498384947,99.67692,0.00136015723,99.99998999999998,100.0,False
2026-06-15 20:30:00,0.0,,132.96,137.96,137.68,138.38,138.38,,0.0,0.0,0.0,,0.0,0.0,0.0,0.0,0.0,0.0,7.35179,3.35,12.31424825,0.0,2.03,0.0,0.0,0.01,0.0,0.0,7.76,0.0,0.0,-1.4,0.0,0.0,28.31,0.0,0.0,-14.43,0.0,-0.004999944433333334,,0.0,217.481605,0.0,13.7524524,83.7050865,0.00511056967,99.67692,0.00139418666,99.99998999999998,100.0,False
2026-06-15 21:00:00,0.0,,130.74,137.0,134.09,145.0,145.0,,0.0,0.0,0.0,,0.0,0.0,0.0,0.0,0.0,0.0,7.4849,3.35,12.5372075,0.0,2.03,0.0,0.0,0.01,0.0,0.0,7.76,0.0,0.0,-1.4,0.0,0.0,28.31,0.0,0.0,-14.43,0.0,-0.0049757222,,0.0,217.482011,0.0,14.1198551,83.7050891,0.00523667602,99.67692,0.00143143296,99.99998999999998,100.0,False
2026-06-15 21:30:00,0.0,,130.74,135.0,133.59,145.0,145.0,,0.0,0.0,0.0,,0.0,0.0,0.0,0.0,0.0,0.0,7.52899,3.35,12.611058250000001,0.0,2.03,0.0,0.0,0.01,0.0,0.0,7.76,0.0,0.0,-1.4,0.0,0.0,28.31,0.0,0.0,-14.43,0.0,-0.004984277766666666,,0.0,217.482315,0.0,14.4477533,83.7050652,0.00536299922,99.67692,0.0014646744,99.99998999999998,100.0,False
2026-06-15 22:00:00,0.0,,114.46,128.0,125.79,149.65,149.65,,0.0,0.0,0.0,,0.0,0.0,0.0,0.0,0.0,0.0,7.51231,3.35,12.583119250000001,0.0,2.03,0.0,0.0,0.01,0.0,0.0,7.76,0.0,0.0,-1.4,0.0,0.0,28.31,0.0,0.0,-14.43,0.0,-0.004986138866666667,,0.0,217.48272,0.0,14.8419608,83.7050406,0.00548936957,99.67692,0.00150463809,99.99998999999998,100.0,False
2026-06-15 22:30:00,0.0,,114.46,121.99,122.21,100.91,100.91,,0.0,0.0,0.0,,0.0,0.0,0.0,0.0,0.0,0.0,7.51666,3.35,12.590405500000001,0.0,2.03,0.0,0.0,0.01,0.0,0.0,7.76,0.0,0.0,-1.4,0.0,0.0,28.31,0.0,0.0,-14.43,0.0,-0.005028083333333333,,0.0,217.483075,0.0,15.2390411,83.705031,0.00561680292,99.67692,0.00154489303,99.99998999999998,100.0,False
2026-06-15 23:00:00,0.0,,105.99,115.8,115.1,144.0,144.0,,0.0,0.0,0.0,,0.0,0.0,0.0,0.0,0.0,0.0,7.51153,3.35,12.58181275,0.0,1.09,0.0,0.0,0.01,0.0,0.0,5.02,0.0,0.0,-2.78,0.0,0.0,18.65,0.0,0.0,-13.2,0.0,-0.0033058055443333334,,0.0,217.48348,0.0,16.4739207,83.7050145,0.00570238579,99.67692,0.0016700818,99.99998999999998,100.0,False
2026-06-15 23:30:00,0.0,,105.99,109.86,108.31,99.95,99.95,,0.0,0.0,0.0,,0.0,0.0,0.0,0.0,0.0,0.0,7.51138,3.35,12.5815615,0.0,1.09,0.0,0.0,0.01,0.0,0.0,5.02,0.0,0.0,-2.78,0.0,0.0,18.65,0.0,0.0,-13.2,0.0,-0.00500125,,0.0,217.483835,0.0,16.8249064,83.7050353,0.00582913914,99.67692,0.00170566379,99.99998999999998,100.0,False
2026-06-16 00:00:00,0.0,,101.99,108.72,108.69,130.64,130.64,,0.0,0.0,0.0,,0.0,0.0,0.0,0.0,0.0,0.0,7.51188,3.35,12.582399,0.0,1.09,0.0,0.0,0.01,0.0,0.0,5.02,0.0,0.0,-2.78,0.0,0.0,18.65,0.0,0.0,-13.2,0.0,-0.0049796667,,0.0,217.48424,0.0,17.159703,83.705016,0.00595534539,99.67692,0.00173960457,99.99998999999998,100.0,False
2026-06-16 00:30:00,0.0,,101.99,110.06,108.03,134.73,134.73,,0.0,0.0,0.0,,0.0,0.0,0.0,0.0,0.0,0.0,7.51151,3.35,12.58177925,0.0,1.09,0.0,0.0,0.01,0.0,0.0,5.02,0.0,0.0,-2.78,0.0,0.0,18.65,0.0,0.0,-13.2,0.0,-0.004989888866666667,,0.0,217.484646,0.0,0.35429345,83.7050192,0.000126465381,99.67692,3.59173177e-05,99.99998999999998,100.0,False
2026-06-16 01:00:00,0.0,,100.6,103.08,95.08,90.01,90.01,,0.0,0.0,0.0,,0.0,0.0,0.0,0.0,0.0,0.0,7.51181,3.35,12.58228175,0.0,1.09,0.0,0.0,0.01,0.0,0.0,5.02,0.0,0.0,-2.78,0.0,0.0,18.65,0.0,0.0,-13.2,0.0,-0.0048737500000000005,,0.0,217.484951,0.0,0.734302215,83.705023,0.000249987299,99.67692,7.44415849e-05,99.99998999999998,100.0,False
2026-06-16 01:30:00,0.0,,100.6,104.0,96.0,128.99,128.99,,0.0,0.0,0.0,,0.0,0.0,0.0,0.0,0.0,0.0,7.51193,3.35,12.58248275,0.0,1.09,0.0,0.0,0.01,0.0,0.0,5.02,0.0,0.0,-2.78,0.0,0.0,18.65,0.0,0.0,-13.2,0.0,-0.0049636944,,0.0,217.485357,0.0,1.08875389,83.7049996,0.000375788798,99.67692,0.000110374943,99.99998999999998,100.0,False
2026-06-16 02:00:00,0.0,,97.97,100.5,100.0,125.0,125.0,,0.0,0.0,0.0,,0.0,0.0,0.0,0.0,0.0,0.0,7.51624,3.35,12.589702,0.0,1.09,0.0,0.0,0.01,0.0,0.0,5.02,0.0,0.0,-2.78,0.0,0.0,18.65,0.0,0.0,-13.2,0.0,-0.005004916633333334,,0.0,217.485762,0.0,1.47693232,83.7049892,0.000502635045,99.67692,0.000149727429,99.99998999999998,100.0,False
2026-06-16 02:30:00,0.0,,97.97,101.0,98.19,81.0,81.0,,0.0,0.0,0.0,,0.0,0.0,0.0,0.0,0.0,0.0,7.5121,3.35,12.582767500000001,0.0,1.09,0.0,0.0,0.01,0.0,0.0,5.02,0.0,0.0,-2.78,0.0,0.0,18.65,0.0,0.0,-13.2,0.0,-0.0050433333,,0.0,217.486015,0.0,1.85420406,83.7049789,0.00063045494,99.67692,0.000187974224,99.99998999999998,100.0,False
2026-06-16 03:00:00,0.0,,97.19,101.41,99.98,77.05,77.05,,0.0,0.0,0.0,,0.0,0.0,0.0,0.0,0.0,0.0,7.51288,3.35,12.584074000000001,0.0,0.76,0.0,0.0,0.84,0.0,0.0,5.89,0.0,0.0,-2.12,0.0,0.0,16.44,0.0,0.0,-11.66,0.0,-0.0049721111,,0.0,217.486421,0.0,2.1869088,83.7049685,0.00075646976,99.67692,0.000221702936,99.99998999999998,100.0,False
2026-06-16 03:30:00,0.0,,97.19,102.04,99.6,81.67,81.67,,0.0,0.0,0.0,,0.0,0.0,0.0,0.0,0.0,0.0,7.51608,3.35,12.589433999999999,0.0,0.76,0.0,0.0,0.84,0.0,0.0,5.89,0.0,0.0,-2.12,0.0,0.0,16.44,0.0,0.0,-11.66,0.0,-0.004994666700000001,,0.0,217.486876,0.0,2.50831477,83.7049492,0.000883056225,99.67692,0.000254286209,99.99998999999998,100.0,False
2026-06-16 04:00:00,0.0,,99.81,103.98,104.0,130.41,130.41,,0.0,0.0,0.0,,0.0,0.0,0.0,0.0,0.0,0.0,7.51921,3.35,12.594676750000001,0.0,0.76,0.0,0.0,0.84,0.0,0.0,5.89,0.0,0.0,-2.12,0.0,0.0,16.44,0.0,0.0,-11.66,0.0,-0.0050312777666666674,,0.0,217.487181,0.0,2.85617782,83.7049401,0.00101057058,99.67692,0.00028955163,99.99998999999998,100.0,False
2026-06-16 04:30:00,0.0,,99.81,101.96,99.81,130.97,130.97,,0.0,0.0,0.0,,0.0,0.0,0.0,0.0,0.0,0.0,7.49053,3.35,12.54663775,0.0,0.76,0.0,0.0,0.84,0.0,0.0,5.89,0.0,0.0,-2.12,0.0,0.0,16.44,0.0,0.0,-11.66,0.0,-0.004991749966666667,,0.0,217.487586,0.0,3.27072126,83.7049209,0.00113708313,99.67692,0.00033157693,99.99998999999998,100.0,False
2026-06-16 05:00:00,0.0,,106.06,109.0,112.1,131.0,131.0,,0.0,0.0,0.0,,0.0,0.0,0.0,0.0,0.0,0.0,7.30766,3.35,12.2403305,0.0,0.76,0.0,0.0,0.84,0.0,0.0,5.89,0.0,0.0,-2.12,0.0,0.0,16.44,0.0,0.0,-11.66,0.0,-0.004936194433333333,,0.0,217.487941,0.0,3.58546641,83.7049165,0.00126218766,99.67692,0.000363484947,99.99998999999998,100.0,False
2026-06-16 05:30:00,0.0,,106.06,112.36,115.05,81.1,81.1,,0.0,0.0,0.0,,0.0,0.0,0.0,0.0,0.0,0.0,7.0717,3.35,11.8450975,0.0,0.76,0.0,0.0,0.84,0.0,0.0,5.89,0.0,0.0,-2.12,0.0,0.0,16.44,0.0,0.0,-11.66,0.0,-0.005052972233333334,,0.0,217.488296,0.0,3.8977782,83.7048878,0.00139025184,99.67692,0.000395146277,99.99998999999998,100.0,False
2026-06-16 06:00:00,0.0,,114.39,116.0,119.84,131.0,131.0,,0.0,0.0,0.0,,0.0,0.0,0.0,0.0,0.0,0.0,6.81131,3.35,11.40894425,0.0,0.76,0.0,0.0,0.84,0.0,0.0,5.89,0.0,0.0,-2.12,0.0,0.0,16.44,0.0,0.0,-11.66,0.0,-0.005017722166666667,,0.0,217.4886,0.0,4.22854626,83.7048889,0.00151742265,99.67692,0.000428678654,99.99998999999998,100.0,False
2026-06-16 06:30:00,0.0,,114.39,122.84,126.5,131.0,131.0,,0.0,0.0,0.0,,0.0,0.0,0.0,0.0,0.0,0.0,6.38667,3.35,10.69767225,0.0,0.76,0.0,0.0,0.84,0.0,0.0,5.89,0.0,0.0,-2.12,0.0,0.0,16.44,0.0,0.0,-11.66,0.0,-0.004987777866666667,,0.0,217.489006,0.0,4.65148806,83.7048935,0.00164383452,99.67692,0.000471555357,99.99998999999998,100.0,False
2026-06-16 07:00:00,0.0,,117.93,121.6,121.65,91.91,91.91,,0.0,0.0,0.0,,0.0,0.0,0.0,0.0,0.0,0.0,5.64588,3.35,9.456849,0.0,2.04,0.0,0.0,0.1,0.0,0.0,8.15,0.0,0.0,-5.64,0.0,0.0,18.89,0.0,0.0,-17.55,0.0,-0.0049013333666666666,,0.0,217.489361,0.0,5.09053112,83.7048872,0.00176805552,99.67692,0.000516064362,99.99998999999998,100.0,False
2026-06-16 07:30:00,0.0,,117.93,123.65,122.0,131.0,131.0,,0.0,0.0,0.0,,0.0,0.0,0.0,0.0,0.0,0.0,4.7372,3.35,7.93481,0.0,2.04,0.0,0.0,0.1,0.0,0.0,8.15,0.0,0.0,-5.64,0.0,0.0,18.89,0.0,0.0,-17.55,0.0,-0.0050093333,,0.0,217.489665,0.0,5.55438754,83.7048808,0.00189501371,99.67692,0.00056308888,99.99998999999998,100.0,False
2026-06-16 08:00:00,0.0,,119.61,123.0,121.9,131.0,131.0,,0.0,0.0,0.0,,0.0,0.0,0.0,0.0,0.0,0.0,3.70807,3.35,6.21101725,0.0,2.04,0.0,0.0,0.1,0.0,0.0,8.15,0.0,0.0,-5.64,0.0,0.0,18.89,0.0,0.0,-17.55,0.0,-0.0049790555666666654,,0.0,217.490172,0.0,6.06152866,83.7048534,0.00202120453,99.67692,0.000614501483,99.99998999999998,100.0,False
2026-06-16 08:30:00,0.0,,119.61,116.67,119.2,131.0,131.0,,0.0,0.0,0.0,,0.0,0.0,0.0,0.0,0.0,0.0,3.65924,3.35,6.129227,0.0,2.04,0.0,0.0,0.1,0.0,0.0,8.15,0.0,0.0,-5.64,0.0,0.0,18.89,0.0,0.0,-17.55,0.0,-0.004932500033333333,,0.0,217.490526,0.0,6.57513866,83.7048403,0.00214621543,99.67692,0.000666569884,99.99998999999998,100.0,False
2026-06-16 09:00:00,-0.003,,114.13,112.3,116.04,131.0,131.0,,0.0,-0.393,0.0,,0.0,0.0,0.0,0.0,0.0,0.0,4.61478,3.35,7.7297565,0.0,2.04,0.0,0.0,0.1,0.0,0.0,8.15,0.0,0.0,-5.64,0.0,0.0,18.89,0.0,0.0,-17.55,0.0,-0.0049970277333333335,,0.0,217.490881,0.0,7.10066505,83.7048332,0.00227286173,99.67692,0.000719846337,99.99998999999998,100.0,False
2026-06-16 09:30:00,-0.004,,114.13,107.34,107.84,131.0,131.0,,0.0,-0.524,0.0,,0.0,0.0,0.0,0.0,0.0,0.0,3.46145,3.35,5.7979287500000005,0.0,2.04,0.0,0.0,0.1,0.0,0.0,8.15,0.0,0.0,-5.64,0.0,0.0,18.89,0.0,0.0,-17.55,0.0,-0.011970916633333334,,3.30011117,217.491439,0.0003345564,7.45123621,83.7047077,0.00257625657,99.67692,0.000755386299,99.99998999999998,100.0,False
2026-06-16 10:00:00,0.0,,99.06,102.5,104.0,82.0,82.0,,0.0,0.0,0.0,,0.0,0.0,0.0,0.0,0.0,0.0,2.55178,3.35,4.2742315,0.0,2.04,0.0,0.0,0.1,0.0,0.0,8.15,0.0,0.0,-5.64,0.0,0.0,18.89,0.0,0.0,-17.55,0.0,-0.012480305466666668,,6.8413245,217.491946,0.000693555089,7.79853446,83.7045829,0.00289256153,99.67692,0.000790594462,99.99998999999998,100.0,False
2026-06-16 10:30:00,0.0,,99.06,97.91,99.07,82.0,82.0,,0.0,0.0,0.0,,0.0,0.0,0.0,0.0,0.0,0.0,2.82571,3.35,4.73306425,0.0,2.04,0.0,0.0,0.1,0.0,0.0,8.15,0.0,0.0,-5.64,0.0,0.0,18.89,0.0,0.0,-17.55,0.0,-0.005302833266666667,,6.89058636,217.492351,0.000698549124,8.06577714,83.7045873,0.00302695827,99.67692,0.000817686807,99.99998999999998,100.0,False
2026-06-16 11:00:00,-0.004,,94.5,90.4,90.01,76.66,76.66,,0.0,-0.30663999999999997,0.0,,0.0,0.0,0.0,0.0,0.0,0.0,2.27142,3.35,3.8046285,0.0,2.05,0.0,0.0,1.65,0.0,0.0,7.61,0.0,0.0,-1.51,0.0,0.0,13.42,0.0,0.0,-12.47,0.0,-0.004930194466666667,,6.89058636,217.492807,0.000698549124,8.48898271,83.70461,0.00315191075,99.67692,0.00086059025,99.99998999999998,100.0,False
2026-06-16 11:30:00,0.0,,94.5,86.55,85.59,46.0,46.0,,0.0,0.0,0.0,,0.0,0.0,0.0,0.0,0.0,0.0,1.326,3.35,2.22105,0.0,2.05,0.0,0.0,1.65,0.0,0.0,7.61,0.0,0.0,-1.51,0.0,0.0,13.42,0.0,0.0,-12.47,0.0,-0.013073222566666667,,10.8152722,217.493365,0.00109642323,8.77753377,83.7045074,0.00348324278,99.67692,0.000889842781,99.99998999999998,100.0,False
2026-06-16 12:00:00,0.0,,90.85,87.7,87.0,104.97,104.97,,0.0,0.0,0.0,,0.0,0.0,0.0,0.0,0.0,0.0,4.22507,3.35,7.07699225,0.0,2.05,0.0,0.0,1.65,0.0,0.0,7.61,0.0,0.0,-1.51,0.0,0.0,13.42,0.0,0.0,-12.47,0.0,-0.004945888866666667,,10.8152722,217.49377,0.00109642323,9.27355314,83.704545,0.00360859301,99.67692,0.000940127892,99.99998999999998,100.0,False
2026-06-16 12:30:00,0.0,,90.85,86.12,87.0,113.0,113.0,,0.0,0.0,0.0,,0.0,0.0,0.0,0.0,0.0,0.0,3.26355,3.35,5.46644625,0.0,2.05,0.0,0.0,1.65,0.0,0.0,7.61,0.0,0.0,-1.51,0.0,0.0,13.42,0.0,0.0,-12.47,0.0,-0.005060111033333334,,10.8152722,217.493973,0.00109642323,9.78400048,83.7045669,0.00373683813,99.67692,0.000991875671,99.99998999999998,100.0,False
2026-06-16 13:00:00,-0.005,,91.0,86.6,87.0,112.0,112.0,,0.0,-0.56,0.0,,0.0,0.0,0.0,0.0,0.0,0.0,2.22525,3.35,3.72729375,0.0,2.05,0.0,0.0,1.65,0.0,0.0,7.61,0.0,0.0,-1.51,0.0,0.0,13.42,0.0,0.0,-12.47,0.0,-0.005379722233333333,,10.8866866,217.494429,0.00110366303,10.1235217,83.7045781,0.00387318357,99.67692,0.00102629542,99.99998999999998,100.0,False
2026-06-16 13:30:00,0.0,,91.0,84.0,87.0,131.0,131.0,,0.0,0.0,0.0,,0.0,0.0,0.0,0.0,0.0,0.0,2.17415,3.35,3.64170125,0.0,2.05,0.0,0.0,1.65,0.0,0.0,7.61,0.0,0.0,-1.51,0.0,0.0,13.42,0.0,0.0,-12.47,0.0,-0.0153562778,,15.847079,217.495038,0.00160653427,10.2500261,83.7044244,0.00426237811,99.67692,0.0010391201,99.99998999999998,100.0,False
2026-06-16 14:00:00,0.0,,89.0,83.42,87.0,79.0,79.0,,0.0,0.0,0.0,,0.0,0.0,0.0,0.0,0.0,0.0,2.15375,3.35,3.60753125,0.0,2.05,0.0,0.0,1.65,0.0,0.0,7.61,0.0,0.0,-1.51,0.0,0.0,13.42,0.0,0.0,-12.47,0.0,-0.004943416666666666,,15.847079,217.495494,0.00160653427,10.6753135,83.7044597,0.00438766569,99.67692,0.00108223459,99.99998999999998,100.0,False
2026-06-16 14:30:00,0.0,,89.0,84.0,86.0,100.0,100.0,,0.0,0.0,0.0,,0.0,0.0,0.0,0.0,0.0,0.0,2.0299,3.35,3.4000825000000003,0.0,2.05,0.0,0.0,1.65,0.0,0.0,7.61,0.0,0.0,-1.51,0.0,0.0,13.42,0.0,0.0,-12.47,0.0,-0.0049635276999999995,,15.847079,217.495899,0.00160653427,11.1778454,83.7044829,0.00451346296,99.67692,0.00113317992,99.99998999999998,100.0,False
2026-06-16 15:00:00,0.0,,87.89,83.88,87.18,77.1,77.1,,0.0,0.0,0.0,,0.0,0.0,0.0,0.0,0.0,0.0,0.0,3.35,0,0.0,1.58,0.0,0.0,1.7,0.0,0.0,8.05,0.0,0.0,-1.16,0.0,0.0,17.3,0.0,0.0,-8.58,0.0,-0.0049035,,15.847079,217.496102,0.00160653427,11.6463965,83.7045102,0.00463773887,99.67692,0.00118068037,99.99998999999998,100.0,False
2026-06-16 15:30:00,0.0,,87.89,87.68,89.4,79.8,79.8,,0.0,0.0,0.0,,0.0,0.0,0.0,0.0,0.0,0.0,0.0,3.35,0,0.0,1.58,0.0,0.0,1.7,0.0,0.0,8.05,0.0,0.0,-1.16,0.0,0.0,17.3,0.0,0.0,-8.58,0.0,-0.0049556388666666664,,15.847079,217.496609,0.00160653427,12.229074,83.7045463,0.00476333621,99.67692,0.00123975065,99.99998999999998,100.0,False
2026-06-16 16:00:00,0.0,,95.11,95.0,96.61,87.5,87.5,,0.0,0.0,0.0,,0.0,0.0,0.0,0.0,0.0,0.0,0.0,3.35,0,0.0,1.58,0.0,0.0,1.7,0.0,0.0,8.05,0.0,0.0,-1.16,0.0,0.0,17.3,0.0,0.0,-8.58,0.0,-0.0050443332999999995,,15.847079,217.496964,0.00160653427,12.7695895,83.7045771,0.00489118145,99.67692,0.00129454666,99.99998999999998,100.0,False
2026-06-16 16:30:00,0.0,,95.11,101.39,96.97,46.05,46.05,,0.0,0.0,0.0,,0.0,0.0,0.0,0.0,0.0,0.0,0.0,3.35,0,0.0,1.58,0.0,0.0,1.7,0.0,0.0,8.05,0.0,0.0,-1.16,0.0,0.0,17.3,0.0,0.0,-8.58,0.0,-0.0049118333000000005,,15.847079,217.497268,0.00160653427,13.2079738,83.7045984,0.00501566855,99.67692,0.00133898888,99.99998999999998,100.0,False
2026-06-16 17:00:00,0.0,,110.96,110.6,113.2,144.0,144.0,,0.0,0.0,0.0,,0.0,0.0,0.0,0.0,0.0,0.0,0.0,3.35,0,0.0,1.58,0.0,0.0,1.7,0.0,0.0,8.05,0.0,0.0,-1.16,0.0,0.0,17.3,0.0,0.0,-8.58,0.0,-0.004913416666666667,,15.847079,217.497724,0.00160653427,13.7422414,83.7046211,0.0051401958,99.67692,0.0013931515,99.99998999999998,100.0,False
2026-06-16 17:30:00,0.0,,110.96,118.85,118.5,157.13,157.13,,0.0,0.0,0.0,,0.0,0.0,0.0,0.0,0.0,0.0,0.0,3.35,0,0.0,1.58,0.0,0.0,1.7,0.0,0.0,8.05,0.0,0.0,-1.16,0.0,0.0,17.3,0.0,0.0,-8.58,0.0,-0.004912166633333334,,15.847079,217.498079,0.00160653427,14.2709794,83.7046601,0.00526469135,99.67692,0.00144675353,99.99998999999998,100.0,False
2026-06-16 18:00:00,0.0,,127.28,132.99,132.88,156.51,156.51,,0.0,0.0,0.0,,0.0,0.0,0.0,0.0,0.0,0.0,0.0,3.35,0,0.0,1.58,0.0,0.0,1.7,0.0,0.0,8.05,0.0,0.0,-1.16,0.0,0.0,17.3,0.0,0.0,-8.58,0.0,-0.004944388966666667,,15.847079,217.498383,0.00160653427,14.9368652,83.7046883,0.0053900036,99.67692,0.00151425925,99.99998999999998,100.0,False
2026-06-16 18:30:00,0.0,,127.28,135.03,137.88,157.17,157.17,,0.0,0.0,0.0,,0.0,0.0,0.0,0.0,0.0,0.0,0.0,3.35,0,0.0,1.58,0.0,0.0,1.7,0.0,0.0,8.05,0.0,0.0,-1.16,0.0,0.0,17.3,0.0,0.0,-8.58,0.0,-0.004945138866666666,,15.847079,217.498738,0.00160653427,15.5150371,83.7047246,0.0055153348,99.67692,0.00157287276,99.99998999999998,100.0,False
2026-06-16 19:00:00,0.0,,139.13,141.16,144.0,154.34,154.34,,0.0,0.0,0.0,,0.0,0.0,0.0,0.0,0.0,0.0,0.0,3.35,0,0.0,2.54,0.0,0.0,0.3,0.0,0.0,8.3,0.0,0.0,-3.86,0.0,0.0,28.5,0.0,0.0,-11.86,0.0,-0.004918083333333333,,15.847079,217.499143,0.00160653427,16.0837713,83.704748,0.0056399803,99.67692,0.0016305295,99.99998999999998,100.0,False
2026-06-16 19:30:00,0.0,,139.13,143.32,140.0,154.34,154.34,,0.0,0.0,0.0,,0.0,0.0,0.0,0.0,0.0,0.0,0.0,3.35,0,0.0,2.54,0.0,0.0,0.3,0.0,0.0,8.3,0.0,0.0,-3.86,0.0,0.0,28.5,0.0,0.0,-11.86,0.0,-0.0050521667,,15.847079,217.499448,0.00160653427,16.6043518,83.7047783,0.0057680241,99.67692,0.00168330456,99.99998999999998,100.0,False
2026-06-16 20:00:00,0.0,,139.32,142.31,141.59,136.0,136.0,,0.0,0.0,0.0,,0.0,0.0,0.0,0.0,0.0,0.0,0.0,3.35,0,0.0,2.54,0.0,0.0,0.3,0.0,0.0,8.3,0.0,0.0,-3.86,0.0,0.0,28.5,0.0,0.0,-11.86,0.0,-0.0050152777,,15.847079,217.499853,0.00160653427,17.0997059,83.7048188,0.00589513295,99.67692,0.00173352222,99.99998999999998,100.0,False
2026-06-16 20:30:00,0.0,,139.32,141.5,141.0,146.2,146.2,,0.0,0.0,0.0,,0.0,0.0,0.0,0.0,0.0,0.0,0.0,3.35,0,0.0,2.54,0.0,0.0,0.3,0.0,0.0,8.3,0.0,0.0,-3.86,0.0,0.0,28.5,0.0,0.0,-11.86,0.0,-0.0050320000333333335,,15.847079,217.500259,0.00160653427,17.5560233,83.7048239,0.0060226656,99.67692,0.00177978245,99.99998999999998,100.0,False
2026-06-16 21:00:00,0.0,,136.6,142.33,137.96,133.0,133.0,,0.0,0.0,0.0,,0.0,0.0,0.0,0.0,0.0,0.0,0.0,3.35,0,0.0,2.54,0.0,0.0,0.3,0.0,0.0,8.3,0.0,0.0,-3.86,0.0,0.0,28.5,0.0,0.0,-11.86,0.0,-0.005011055600000001,,15.847079,217.500613,0.00160653427,18.0720926,83.7048325,0.00614966745,99.67692,0.00183210017,99.99998999999998,100.0,False
2026-06-16 21:30:00,0.0,,136.6,140.02,140.0,89.5,89.5,,0.0,0.0,0.0,,0.0,0.0,0.0,0.0,0.0,0.0,0.0,3.35,0,0.0,2.54,0.0,0.0,0.3,0.0,0.0,8.3,0.0,0.0,-3.86,0.0,0.0,28.5,0.0,0.0,-11.86,0.0,-0.004934666766666667,,15.847079,217.501019,0.00160653427,18.6807497,83.7048452,0.00627473325,99.67692,0.00189380419,99.99998999999998,100.0,False
2026-06-16 22:00:00,0.0,,122.84,129.7,127.06,117.31,117.31,,0.0,0.0,0.0,,0.0,0.0,0.0,0.0,0.0,0.0,0.0,3.35,0,0.0,2.54,0.0,0.0,0.3,0.0,0.0,8.3,0.0,0.0,-3.86,0.0,0.0,28.5,0.0,0.0,-11.86,0.0,-0.0049423055,,15.847079,217.501374,0.00160653427,19.154374,83.7048544,0.00639999265,99.67692,0.00194181895,99.99998999999998,100.0,False
2026-06-16 22:30:00,0.0,,122.84,126.33,130.8,115.77,115.77,,0.0,0.0,0.0,,0.0,0.0,0.0,0.0,0.0,0.0,0.0,3.35,0,0.0,2.54,0.0,0.0,0.3,0.0,0.0,8.3,0.0,0.0,-3.86,0.0,0.0,28.5,0.0,0.0,-11.86,0.0,-0.005020833299999999,,15.847079,217.501779,0.00160653427,19.6191928,83.7048542,0.0065272423,99.67692,0.00198894103,99.99998999999998,100.0,False
2026-06-16 23:00:00,0.0,,109.0,118.27,124.53,77.15,77.15,,0.0,0.0,0.0,,0.0,0.0,0.0,0.0,0.0,0.0,0.0,3.35,0,0.0,1.85,0.0,0.0,0.61,0.0,0.0,6.17,0.0,0.0,-0.21,0.0,0.0,19.37,0.0,0.0,-15.29,0.0,-0.0049881945,,15.847079,217.502083,0.00160653427,20.121667,83.7048417,0.00665366475,99.67692,0.00203988052,99.99998999999998,100.0,False
2026-06-16 23:30:00,0.0,,109.0,112.39,121.17,93.22,93.22,,0.0,0.0,0.0,,0.0,0.0,0.0,0.0,0.0,0.0,0.0,3.35,0,0.0,1.85,0.0,0.0,0.61,0.0,0.0,6.17,0.0,0.0,-0.21,0.0,0.0,19.37,0.0,0.0,-15.29,0.0,-0.004975250066666667,,15.847079,217.502489,0.00160653427,20.5529262,83.7048468,0.0067797591,99.67692,0.00208360042,99.99998999999998,100.0,False
2026-06-17 00:00:00,0.0,,105.36,113.91,115.6,133.25,133.25,,0.0,0.0,0.0,,0.0,0.0,0.0,0.0,0.0,0.0,0.0,3.35,0,0.0,1.85,0.0,0.0,0.61,0.0,0.0,6.17,0.0,0.0,-0.21,0.0,0.0,19.37,0.0,0.0,-15.29,0.0,-0.004940805533333333,,15.847079,217.502894,0.00160653427,20.9893547,83.7048519,0.0069049805,99.67692,0.00212784436,99.99998999999998,100.0,False
2026-06-17 00:30:00,0.0,,105.36,113.99,116.65,136.4,136.4,,0.0,0.0,0.0,,0.0,0.0,0.0,0.0,0.0,0.0,0.0,3.35,0,0.0,1.85,0.0,0.0,0.61,0.0,0.0,6.17,0.0,0.0,-0.21,0.0,0.0,19.37,0.0,0.0,-15.29,0.0,-0.0050243056,,0.0,217.503046,0.0,0.436706365,83.7048652,0.000127337649,99.67692,4.42721175e-05,99.99998999999998,100.0,False
2026-06-17 01:00:00,0.0,,101.6,110.2,110.65,133.0,133.0,,0.0,0.0,0.0,,0.0,0.0,0.0,0.0,0.0,0.0,0.0,3.35,0,0.0,1.85,0.0,0.0,0.61,0.0,0.0,6.17,0.0,0.0,-0.21,0.0,0.0,19.37,0.0,0.0,-15.29,0.0,-0.004961527733333334,,0.0,217.503502,0.0,0.825834588,83.7048838,0.000253084236,99.67692,8.37208908e-05,99.99998999999998,100.0,False
2026-06-17 01:30:00,0.0,,101.6,109.58,110.1,139.0,139.0,,0.0,0.0,0.0,,0.0,0.0,0.0,0.0,0.0,0.0,0.0,3.35,0,0.0,1.85,0.0,0.0,0.61,0.0,0.0,6.17,0.0,0.0,-0.21,0.0,0.0,19.37,0.0,0.0,-15.29,0.0,-0.0050050556,,0.0,217.503959,0.0,1.25696137,83.7048917,0.000379934007,99.67692,0.000127427365,99.99998999999998,100.0,False
2026-06-17 02:00:00,0.0,,99.17,108.69,108.84,140.25,140.25,,0.0,0.0,0.0,,0.0,0.0,0.0,0.0,0.0,0.0,0.0,3.35,0,0.0,1.85,0.0,0.0,0.61,0.0,0.0,6.17,0.0,0.0,-0.21,0.0,0.0,19.37,0.0,0.0,-15.29,0.0,-0.005073138866666667,,0.0,217.504212,0.0,1.66302803,83.7048968,0.0005085093,99.67692,0.000168593312,99.99998999999998,100.0,False
2026-06-17 02:30:00,0.0,,99.17,104.47,104.62,139.0,139.0,,0.0,0.0,0.0,,0.0,0.0,0.0,0.0,0.0,0.0,0.0,3.35,0,0.0,1.85,0.0,0.0,0.61,0.0,0.0,6.17,0.0,0.0,-0.21,0.0,0.0,19.37,0.0,0.0,-15.29,0.0,-0.004994722133333333,,0.0,217.504668,0.0,2.08270565,83.7048992,0.00063509718,99.67692,0.000211139101,99.99998999999998,100.0,False
2026-06-17 03:00:00,0.0,,96.8,103.31,102.15,139.0,139.0,,0.0,0.0,0.0,,0.0,0.0,0.0,0.0,0.0,0.0,0.0,3.35,0,0.0,1.73,0.0,0.0,1.09,0.0,0.0,5.81,0.0,0.0,-0.22,0.0,0.0,17.66,0.0,0.0,-7.74,0.0,-0.004978388833333334,,0.0,217.504973,0.0,2.5114588,83.7049083,0.0007612711,99.67692,0.000254604943,99.99998999999998,100.0,False
2026-06-17 03:30:00,0.0,,96.8,100.92,102.1,93.35,93.35,,0.0,0.0,0.0,,0.0,0.0,0.0,0.0,0.0,0.0,0.0,3.35,0,0.0,1.73,0.0,0.0,1.09,0.0,0.0,5.81,0.0,0.0,-0.22,0.0,0.0,17.66,0.0,0.0,-7.74,0.0,-0.004983444466666667,,0.0,217.505277,0.0,2.93984562,83.7049216,0.00088757315,99.67692,0.000298033647,99.99998999999998,100.0,False
2026-06-17 04:00:00,0.0,,98.11,105.03,101.98,167.0,167.0,,0.0,0.0,0.0,,0.0,0.0,0.0,0.0,0.0,0.0,0.0,3.35,0,0.0,1.73,0.0,0.0,1.09,0.0,0.0,5.81,0.0,0.0,-0.22,0.0,0.0,17.66,0.0,0.0,-7.74,0.0,-0.005028222333333333,,0.0,217.505733,0.0,3.37844901,83.7049186,0.00101501006,99.67692,0.00034249808,99.99998999999998,100.0,False
2026-06-17 04:30:00,0.0,,98.11,101.56,99.83,167.0,167.0,,0.0,0.0,0.0,,0.0,0.0,0.0,0.0,0.0,0.0,0.0,3.35,0,0.0,1.73,0.0,0.0,1.09,0.0,0.0,5.81,0.0,0.0,-0.22,0.0,0.0,17.66,0.0,0.0,-7.74,0.0,-0.005008388833333333,,0.0,217.506037,0.0,3.86375747,83.7048899,0.00114194432,99.67692,0.000391697347,99.99998999999998,100.0,False
2026-06-17 05:00:00,0.0,,103.84,106.21,105.13,167.0,167.0,,0.0,0.0,0.0,,0.0,0.0,0.0,0.0,0.0,0.0,0.0,3.35,0,0.0,1.73,0.0,0.0,1.09,0.0,0.0,5.81,0.0,0.0,-0.22,0.0,0.0,17.66,0.0,0.0,-7.74,0.0,-0.004975749966666667,,0.0,217.506442,0.0,4.31768644,83.7048666,0.00126805135,99.67692,0.000437715446,99.99998999999998,100.0,False
2026-06-17 05:30:00,0.0,,103.84,105.78,105.8,167.0,167.0,,0.0,0.0,0.0,,0.0,0.0,0.0,0.0,0.0,0.0,0.0,3.35,0,0.0,1.73,0.0,0.0,1.09,0.0,0.0,5.81,0.0,0.0,-0.22,0.0,0.0,17.66,0.0,0.0,-7.74,0.0,-0.004920749933333334,,0.0,217.506898,0.0,4.83667662,83.7048407,0.00139276446,99.67692,0.000490329276,99.99998999999998,100.0,False
2026-06-17 06:00:00,0.0,,112.96,102.25,101.73,167.0,167.0,,0.0,0.0,0.0,,0.0,0.0,0.0,0.0,0.0,0.0,0.0,3.35,0,0.0,1.73,0.0,0.0,1.09,0.0,0.0,5.81,0.0,0.0,-0.22,0.0,0.0,17.66,0.0,0.0,-7.74,0.0,-0.004983722133333333,,0.0,217.507152,0.0,5.29085823,83.7048066,0.00151907354,99.67692,0.000536372986,99.99998999999998,100.0,False
2026-06-17 06:30:00,0.0,,112.96,111.91,110.1,167.0,167.0,,0.0,0.0,0.0,,0.0,0.0,0.0,0.0,0.0,0.0,0.0,3.35,0,0.0,1.73,0.0,0.0,1.09,0.0,0.0,5.81,0.0,0.0,-0.22,0.0,0.0,17.66,0.0,0.0,-7.74,0.0,-0.004999944433333334,,0.0,217.507558,0.0,5.57607333,83.704797,0.00164579377,99.67692,0.000565287327,99.99998999999998,100.0,False
2026-06-17 07:00:00,0.0,,110.28,102.1,104.08,80.01,80.01,,0.0,0.0,0.0,,0.0,0.0,0.0,0.0,0.0,0.0,0.0,3.35,0,0.0,2.05,0.0,0.0,1.7,0.0,0.0,7.95,0.0,0.0,-1.09,0.0,0.0,18.75,0.0,0.0,-14.95,0.0,-0.004998888833333334,,0.0,217.507912,0.0,5.83573068,83.7047846,0.00177248725,99.67692,0.000591610691,99.99998999999998,100.0,False
2026-06-17 07:30:00,0.0,,110.28,105.88,107.21,122.0,122.0,,0.0,0.0,0.0,,0.0,0.0,0.0,0.0,0.0,0.0,0.0,3.35,0,0.0,2.05,0.0,0.0,1.7,0.0,0.0,7.95,0.0,0.0,-1.09,0.0,0.0,18.75,0.0,0.0,-14.95,0.0,-0.005016666666666667,,0.0,217.508217,0.0,6.07172176,83.7047925,0.0018996313,99.67692,0.000615534832,99.99998999999998,100.0,False
2026-06-17 08:00:00,0.0,,101.4,95.99,97.11,80.03,80.03,,0.0,0.0,0.0,,0.0,0.0,0.0,0.0,0.0,0.0,0.0,3.35,0,0.0,2.05,0.0,0.0,1.7,0.0,0.0,7.95,0.0,0.0,-1.09,0.0,0.0,18.75,0.0,0.0,-14.95,0.0,-0.005054555499999999,,0.0381866367,217.508622,3.87125859e-06,6.27401871,83.704789,0.00202773561,99.67692,0.000636043153,99.99998999999998,100.0,False
2026-06-17 08:30:00,0.0,,101.4,93.6,95.6,80.0,80.0,,0.0,0.0,0.0,,0.0,0.0,0.0,0.0,0.0,0.0,0.0,3.35,0,0.0,2.05,0.0,0.0,1.7,0.0,0.0,7.95,0.0,0.0,-1.09,0.0,0.0,18.75,0.0,0.0,-14.95,0.0,-0.0050897223,,0.0381866367,217.508926,3.87125859e-06,6.60974489,83.704803,0.0021567312,99.67692,0.000670078171,99.99998999999998,100.0,False
2026-06-17 09:00:00,0.046,,97.0,94.9,96.67,124.19,124.19,,0.0,5.71274,0.0,,0.0,0.0,0.0,0.0,0.0,0.0,4.0683,3.35,6.8144025,0.0,2.05,0.0,0.0,1.7,0.0,0.0,7.95,0.0,0.0,-1.09,0.0,0.0,18.75,0.0,0.0,-14.95,0.0,-0.00497025,,0.0381866367,217.509382,3.87125859e-06,6.8947905,83.7048013,0.00228269885,99.67692,0.000698975329,99.99998999999998,100.0,False
2026-06-17 09:30:00,0.024,,97.0,94.06,97.01,126.25,126.25,,0.0,3.0300000000000002,0.0,,0.0,0.0,0.0,0.0,0.0,0.0,4.09991,3.35,6.867349250000001,0.0,2.05,0.0,0.0,1.7,0.0,0.0,7.95,0.0,0.0,-1.09,0.0,0.0,18.75,0.0,0.0,-14.95,0.0,0.08635978066666666,,0.992854803,217.512119,0.000100652951,53.6543705,83.7061177,0.00465984905,99.67692,0.00543933587,99.99998999999998,100.0,False
2026-06-17 10:00:00,0.077,,93.7,90.08,90.0,120.0,120.0,,0.0,9.24,0.0,,0.0,0.0,0.0,0.0,0.0,0.0,3.32031,3.35,5.56151925,0.0,2.05,0.0,0.0,1.7,0.0,0.0,7.95,0.0,0.0,-1.09,0.0,0.0,18.75,0.0,0.0,-14.95,0.0,0.0411533338,,0.992854803,217.51364,0.000100652951,77.1327476,83.7076252,0.00583348856,99.67692,0.00781951063,99.99998999999998,100.0,False
2026-06-17 10:30:00,0.0,,93.7,86.44,88.14,120.0,120.0,,0.0,0.0,0.0,,0.0,0.0,0.0,0.0,0.0,0.0,2.76412,3.35,4.629901,0.0,2.05,0.0,0.0,1.7,0.0,0.0,7.95,0.0,0.0,-1.09,0.0,0.0,18.75,0.0,0.0,-14.95,0.0,0.1448054933,,0.992854803,217.517696,0.000100652951,152.275885,83.710692,0.00958709322,99.67692,0.0154373199,99.99998999999998,100.0,False
2026-06-17 11:00:00,0.0,,86.0,88.0,90.0,118.0,118.0,,0.0,0.0,0.0,,0.0,0.0,0.0,0.0,0.0,0.0,3.61224,3.35,6.050502,0.0,5.91,0.0,0.0,4.12,0.0,0.0,4.84,0.0,0.0,0.11,0.0,0.0,13.14,0.0,0.0,-12.64,0.0,-0.005005055533333334,,0.992854803,217.518101,0.000100652951,152.560523,83.7107231,0.00971394298,99.67692,0.0154661758,99.99998999999998,100.0,False
2026-06-17 11:30:00,0.0,,86.0,86.2,85.37,120.0,120.0,,0.0,0.0,0.0,,0.0,0.0,0.0,0.0,0.0,0.0,3.65829,3.35,6.1276357500000005,0.0,5.91,0.0,0.0,4.12,0.0,0.0,4.84,0.0,0.0,0.11,0.0,0.0,13.14,0.0,0.0,-12.64,0.0,-0.004963555566666666,,0.992854803,217.518405,0.000100652951,152.966838,83.7107394,0.00983974096,99.67692,0.0155073669,99.99998999999998,100.0,False
2026-06-17 12:00:00,0.0,,80.0,91.77,88.9,79.05,79.05,,0.0,0.0,0.0,,0.0,0.0,0.0,0.0,0.0,0.0,4.68711,3.35,7.85090925,0.0,5.91,0.0,0.0,4.12,0.0,0.0,4.84,0.0,0.0,0.11,0.0,0.0,13.14,0.0,0.0,-12.64,0.0,-0.0049292222,,0.992854803,217.518862,0.000100652951,153.376046,83.7107502,0.00996466879,99.67692,0.0155488513,99.99998999999998,100.0,False
2026-06-17 12:30:00,0.0,,80.0,89.2,86.2,120.0,120.0,,0.0,0.0,0.0,,0.0,0.0,0.0,0.0,0.0,0.0,4.38076,3.35,7.337773000000001,0.0,5.91,0.0,0.0,4.12,0.0,0.0,4.84,0.0,0.0,0.11,0.0,0.0,13.14,0.0,0.0,-12.64,0.0,-0.004857194433333333,,0.992854803,217.519216,0.000100652951,153.721351,83.7107664,0.0100877711,99.67692,0.0155838574,99.99998999999998,100.0,False
2026-06-17 13:00:00,0.0,,75.0,82.0,82.0,115.0,115.0,,0.0,0.0,0.0,,0.0,0.0,0.0,0.0,0.0,0.0,3.84195,3.35,6.435266250000001,0.0,5.91,0.0,0.0,4.12,0.0,0.0,4.84,0.0,0.0,0.11,0.0,0.0,13.14,0.0,0.0,-12.64,0.0,-0.005015055599999999,,0.992854803,217.519571,0.000100652951,154.077173,83.7107712,0.0102148743,99.67692,0.0156199297,99.99998999999998,100.0,False
2026-06-17 13:30:00,0.0,,75.0,76.85,75.53,114.6,114.6,,0.0,0.0,0.0,,0.0,0.0,0.0,0.0,0.0,0.0,2.23746,3.35,3.7477455,0.0,5.91,0.0,0.0,4.12,0.0,0.0,4.84,0.0,0.0,0.11,0.0,0.0,13.14,0.0,0.0,-12.64,0.0,-0.004994000033333334,,0.992854803,217.520027,0.000100652951,154.42871,83.7107855,0.0103414439,99.67692,0.0156555675,99.99998999999998,100.0,False
2026-06-17 14:00:00,0.0,,73.0,72.3,72.26,106.81,106.81,,0.0,0.0,0.0,,0.0,0.0,0.0,0.0,0.0,0.0,2.36435,3.35,3.9602862500000002,0.0,5.91,0.0,0.0,4.12,0.0,0.0,4.84,0.0,0.0,0.11,0.0,0.0,13.14,0.0,0.0,-12.64,0.0,-0.004916750033333334,,0.992854803,217.520433,0.000100652951,154.858267,83.7107879,0.0104660556,99.67692,0.0156991149,99.99998999999998,100.0,False
2026-06-17 14:30:00,-0.122,,73.0,70.93,71.74,74.6,74.6,,-9.101199999999999,0.0,0.0,,0.0,0.0,0.0,0.0,0.0,0.0,3.62239,3.35,6.067503250000001,0.0,5.91,0.0,0.0,4.12,0.0,0.0,4.84,0.0,0.0,0.11,0.0,0.0,13.14,0.0,0.0,-12.64,0.0,-0.0049967222,,0.992854803,217.520736,0.000100652951,155.264218,83.710785,0.0105926942,99.67692,0.0157402691,99.99998999999998,100.0,False
2026-06-17 15:00:00,-0.778,,75.0,79.71,80.45,114.6,114.6,,-89.1588,0.0,0.0,,0.0,0.0,0.0,0.0,0.0,0.0,5.76111,3.35,9.64985925,0.0,1.74,0.0,0.0,3.72,0.0,0.0,8.14,0.0,0.0,2.58,0.0,0.0,15.93,0.0,0.0,-3.85,0.0,-0.2576418044666667,,127.80743,217.527479,0.0129567737,155.579209,83.709712,0.0171224526,99.67692,0.015772202,99.99998999999998,100.0,False
2026-06-17 15:30:00,-0.778,,75.0,80.28,83.29,114.6,114.6,,-89.1588,0.0,0.0,,0.0,0.0,0.0,0.0,0.0,0.0,5.73203,3.35,9.60115025,0.0,1.74,0.0,0.0,3.72,0.0,0.0,8.14,0.0,0.0,2.58,0.0,0.0,15.93,0.0,0.0,-3.85,0.0,-1.5003431200000001,,876.323363,217.565748,0.0888393071,155.579209,83.685284,0.0551476408,99.67692,0.015772202,99.99998999999998,100.0,False
2026-06-17 16:00:00,-0.776,,87.22,90.3,90.26,114.6,114.6,,-88.9296,0.0,0.0,,0.0,0.0,0.0,0.0,0.0,0.0,4.80972,3.35,8.056281,0.0,1.74,0.0,0.0,3.72,0.0,0.0,8.14,0.0,0.0,2.58,0.0,0.0,15.93,0.0,0.0,-3.85,0.0,-1.50041245,,1624.66841,217.603968,0.164704517,155.579209,83.6598398,0.0931745857,99.67692,0.015772202,99.99998999999998,100.0,False
2026-06-17 16:30:00,-0.103,,87.22,90.86,90.0,97.07,97.07,,-9.998209999999998,0.0,0.0,,0.0,0.0,0.0,0.0,0.0,0.0,4.69678,3.35,7.867106500000001,0.0,1.74,0.0,0.0,3.72,0.0,0.0,8.14,0.0,0.0,2.58,0.0,0.0,15.93,0.0,0.0,-3.85,0.0,-1.50263447,,2374.40995,217.642186,0.240711299,155.579209,83.6343873,0.131257847,99.67692,0.015772202,99.99998999999998,100.0,False
2026-06-17 17:00:00,0.0,,102.0,85.35,88.0,99.25,99.25,,0.0,0.0,0.0,,0.0,0.0,0.0,0.0,0.0,0.0,4.91526,3.35,8.2330605,0.0,1.74,0.0,0.0,3.72,0.0,0.0,8.14,0.0,0.0,2.58,0.0,0.0,15.93,0.0,0.0,-3.85,0.0,-0.19014144436666666,,2466.5672,217.647205,0.250053953,155.826647,83.6269826,0.136076854,99.67692,0.0157972866,99.99998999999998,100.0,False
2026-06-17 17:30:00,0.0,,102.0,96.76,94.64,80.03,80.03,,0.0,0.0,0.0,,0.0,0.0,0.0,0.0,0.0,0.0,4.20461,3.35,7.04272175,0.0,1.74,0.0,0.0,3.72,0.0,0.0,8.14,0.0,0.0,2.58,0.0,0.0,15.93,0.0,0.0,-3.85,0.0,-0.004978388899999999,,2466.5672,217.64751,0.250053953,156.132716,83.6270163,0.136203028,99.67692,0.0158283151,99.99998999999998,100.0,False
2026-06-17 18:00:00,0.0,,123.4,110.0,112.53,132.0,132.0,,0.0,0.0,0.0,,0.0,0.0,0.0,0.0,0.0,0.0,4.19671,3.35,7.029489250000001,0.0,1.74,0.0,0.0,3.72,0.0,0.0,8.14,0.0,0.0,2.58,0.0,0.0,15.93,0.0,0.0,-3.85,0.0,-0.004995555533333334,,2466.5672,217.647915,0.250053953,156.486379,83.6270331,0.136329637,99.67692,0.0158641685,99.99998999999998,100.0,False
2026-06-17 18:30:00,0.0,,123.4,117.76,117.53,150.0,150.0,,0.0,0.0,0.0,,0.0,0.0,0.0,0.0,0.0,0.0,5.06026,3.35,8.4759355,0.0,1.74,0.0,0.0,3.72,0.0,0.0,8.14,0.0,0.0,2.58,0.0,0.0,15.93,0.0,0.0,-3.85,0.0,-0.0049345834,,2466.5672,217.648269,0.250053953,156.754434,83.6270498,0.136454701,99.67692,0.0158913432,99.99998999999998,100.0,False
2026-06-17 19:00:00,0.0,,135.18,134.02,133.88,141.08,141.08,,0.0,0.0,0.0,,0.0,0.0,0.0,0.0,0.0,0.0,4.96247,3.35,8.31213725,0.0,6.57,0.0,0.0,2.48,0.0,0.0,10.59,0.0,0.0,-0.43,0.0,0.0,12.13,0.0,0.0,-4.61,0.0,-0.005027138833333333,,2466.5672,217.648624,0.250053953,157.049585,83.6270672,0.136582111,99.67692,0.0159212648,99.99998999999998,100.0,False
2026-06-17 19:30:00,0.0,,135.18,131.96,137.5,144.44,144.44,,0.0,0.0,0.0,,0.0,0.0,0.0,0.0,0.0,0.0,5.13436,3.35,8.600053,0.0,6.57,0.0,0.0,2.48,0.0,0.0,10.59,0.0,0.0,-0.43,0.0,0.0,12.13,0.0,0.0,-4.61,0.0,-0.005004111133333333,,2466.5672,217.648979,0.250053953,157.359512,83.6270792,0.136708936,99.67692,0.0159526844,99.99998999999998,100.0,False
2026-06-17 20:00:00,0.0,,139.0,135.66,137.5,148.0,148.0,,0.0,0.0,0.0,,0.0,0.0,0.0,0.0,0.0,0.0,5.34877,3.35,8.95918975,0.0,6.57,0.0,0.0,2.48,0.0,0.0,10.59,0.0,0.0,-0.43,0.0,0.0,12.13,0.0,0.0,-4.61,0.0,-0.005016777766666667,,2466.5672,217.649384,0.250053953,157.708979,83.6270912,0.136836083,99.67692,0.0159881124,99.99998999999998,100.0,False
2026-06-17 20:30:00,0.0,,139.0,136.0,137.6,144.44,144.44,,0.0,0.0,0.0,,0.0,0.0,0.0,0.0,0.0,0.0,5.43088,3.35,9.096724,0.0,6.57,0.0,0.0,2.48,0.0,0.0,10.59,0.0,0.0,-0.43,0.0,0.0,12.13,0.0,0.0,-4.61,0.0,-0.005046361133333333,,2466.5672,217.649739,0.250053953,158.032422,83.6271101,0.13696398,99.67692,0.0160209022,99.99998999999998,100.0,False
2026-06-17 21:00:00,0.0,,134.0,134.63,134.46,139.31,139.31,,0.0,0.0,0.0,,0.0,0.0,0.0,0.0,0.0,0.0,5.60558,3.35,9.3893465,0.0,6.57,0.0,0.0,2.48,0.0,0.0,10.59,0.0,0.0,-0.43,0.0,0.0,12.13,0.0,0.0,-4.61,0.0,-0.0050162777,,2466.5672,217.650145,0.250053953,158.383409,83.6271154,0.137091114,99.67692,0.0160564843,99.99998999999998,100.0,False
2026-06-17 21:30:00,0.0,,134.0,135.6,137.5,138.91,138.91,,0.0,0.0,0.0,,0.0,0.0,0.0,0.0,0.0,0.0,5.63609,3.35,9.44045075,0.0,6.57,0.0,0.0,2.48,0.0,0.0,10.59,0.0,0.0,-0.43,0.0,0.0,12.13,0.0,0.0,-4.61,0.0,-0.005068583333333334,,2466.5672,217.6505,0.250053953,158.757614,83.627135,0.137219574,99.67692,0.0160944202,99.99998999999998,100.0,False
2026-06-17 22:00:00,0.0,,120.98,125.67,123.83,124.96,124.96,,0.0,0.0,0.0,,0.0,0.0,0.0,0.0,0.0,0.0,5.63758,3.35,9.4429465,0.0,6.57,0.0,0.0,2.48,0.0,0.0,10.59,0.0,0.0,-0.43,0.0,0.0,12.13,0.0,0.0,-4.61,0.0,-0.005013166633333333,,2466.5672,217.650804,0.250053953,159.099595,83.6271335,0.137346629,99.67692,0.0161290893,99.99998999999998,100.0,False
2026-06-17 22:30:00,0.0,,120.98,128.67,126.0,124.81,124.81,,0.0,0.0,0.0,,0.0,0.0,0.0,0.0,0.0,0.0,5.63806,3.35,9.4437505,0.0,6.57,0.0,0.0,2.48,0.0,0.0,10.59,0.0,0.0,-0.43,0.0,0.0,12.13,0.0,0.0,-4.61,0.0,-0.0049740278333333336,,2466.5672,217.651159,0.250053953,159.281981,83.627134,0.137472692,99.67692,0.0161475791,99.99998999999998,100.0,False
2026-06-17 23:00:00,0.0,,110.58,119.01,121.3,125.0,125.0,,0.0,0.0,0.0,,0.0,0.0,0.0,0.0,0.0,0.0,5.63468,3.35,9.438089000000002,0.0,2.78,0.0,0.0,0.44,0.0,0.0,6.38,0.0,0.0,-2.92,0.0,0.0,18.05,0.0,0.0,-14.37,0.0,-0.004990722233333334,,2466.5672,217.651614,0.250053953,159.477646,83.627142,0.137599179,99.67692,0.0161674151,99.99998999999998,100.0,False
2026-06-17 23:30:00,0.0,,110.58,113.05,107.12,117.3,117.3,,0.0,0.0,0.0,,0.0,0.0,0.0,0.0,0.0,0.0,5.63377,3.35,9.43656475,0.0,2.78,0.0,0.0,0.44,0.0,0.0,6.38,0.0,0.0,-2.92,0.0,0.0,18.05,0.0,0.0,-14.37,0.0,-0.004951361133333333,,2466.5672,217.651919,0.250053953,159.61343,83.6271418,0.137724668,99.67692,0.0161811805,99.99998999999998,100.0,False
2026-06-18 00:00:00,0.0,,105.43,111.7,114.0,79.39,79.39,,0.0,0.0,0.0,,0.0,0.0,0.0,0.0,0.0,0.0,5.63615,3.35,9.44055125,0.0,2.78,0.0,0.0,0.44,0.0,0.0,6.38,0.0,0.0,-2.92,0.0,0.0,18.05,0.0,0.0,-14.37,0.0,-0.0049594722666666665,,2466.57038,217.652274,0.250054275,159.734084,83.6271159,0.137850363,99.67692,0.0161934121,99.99998999999998,100.0,False
2026-06-18 00:30:00,0.0,,105.43,107.44,110.0,98.49,98.49,,0.0,0.0,0.0,,0.0,0.0,0.0,0.0,0.0,0.0,5.63877,3.35,9.44493975,0.0,2.78,0.0,0.0,0.44,0.0,0.0,6.38,0.0,0.0,-2.92,0.0,0.0,18.05,0.0,0.0,-14.37,0.0,-0.004964472233333334,,0.0,217.65273,0.0,0.175368097,83.6270996,0.000125821213,99.67692,1.77783463e-05,99.99998999999998,100.0,False
2026-06-18 01:00:00,0.0,,101.1,105.0,108.01,50.0,50.0,,0.0,0.0,0.0,,0.0,0.0,0.0,0.0,0.0,0.0,5.63416,3.35,9.437218,0.0,2.78,0.0,0.0,0.44,0.0,0.0,6.38,0.0,0.0,-2.92,0.0,0.0,18.05,0.0,0.0,-14.37,0.0,-0.005045583266666666,,0.0466318283,217.653034,4.72740941e-06,0.321591198,83.6270791,0.00025369813,99.67692,3.26020513e-05,99.99998999999998,100.0,False
2026-06-18 01:30:00,0.0,,101.1,105.22,106.01,54.15,54.15,,0.0,0.0,0.0,,0.0,0.0,0.0,0.0,0.0,0.0,5.6349,3.35,9.4384575,0.0,2.78,0.0,0.0,0.44,0.0,0.0,6.38,0.0,0.0,-2.92,0.0,0.0,18.05,0.0,0.0,-14.37,0.0,-0.004960166633333333,,0.0560400333,217.653439,5.68118795e-06,0.417273983,83.6270674,0.000379410221,99.67692,4.23021148e-05,99.99998999999998,100.0,False
2026-06-18 02:00:00,0.0,,98.1,104.11,101.86,53.5,53.5,,0.0,0.0,0.0,,0.0,0.0,0.0,0.0,0.0,0.0,5.63539,3.35,9.439278250000001,0.0,2.78,0.0,0.0,0.44,0.0,0.0,6.38,0.0,0.0,-2.92,0.0,0.0,18.05,0.0,0.0,-14.37,0.0,-0.0049540555666666665,,0.0827006,217.653744,8.38396454e-06,0.562574007,83.6270477,0.00050496743,99.67692,5.70322407e-05,99.99998999999998,100.0,False
2026-06-18 02:30:00,0.0,,98.1,102.57,99.7,67.0,67.0,,0.0,0.0,0.0,,0.0,0.0,0.0,0.0,0.0,0.0,5.63737,3.35,9.44259475,0.0,2.78,0.0,0.0,0.44,0.0,0.0,6.38,0.0,0.0,-2.92,0.0,0.0,18.05,0.0,0.0,-14.37,0.0,-0.0049741389,,0.10372788,217.65415,1.05156537e-05,0.680421083,83.6270475,0.00063103364,99.67692,6.89792605e-05,99.99998999999998,100.0,False
2026-06-18 03:00:00,0.0,,98.28,102.67,101.0,67.0,67.0,,0.0,0.0,0.0,,0.0,0.0,0.0,0.0,0.0,0.0,5.63785,3.35,9.44339875,0.0,2.25,0.0,0.0,0.7,0.0,0.0,6.41,0.0,0.0,-1.16,0.0,0.0,20.92,0.0,0.0,-11.05,0.0,-0.004985750033333333,,0.104174446,217.654555,1.05609253e-05,0.770046472,83.6270474,0.00075739412,99.67692,7.80652416e-05,99.99998999999998,100.0,False
2026-06-18 03:30:00,0.0,,98.28,103.07,98.5,80.04,80.04,,0.0,0.0,0.0,,0.0,0.0,0.0,0.0,0.0,0.0,5.63545,3.35,9.43937875,0.0,2.25,0.0,0.0,0.7,0.0,0.0,6.41,0.0,0.0,-1.16,0.0,0.0,20.92,0.0,0.0,-11.05,0.0,-0.0049640278000000005,,0.212987024,217.654808,2.1592052e-05,0.875712632,83.627052,0.00088320407,99.67692,8.87773929e-05,99.99998999999998,100.0,False
2026-06-18 04:00:00,0.0,,103.52,104.39,102.85,65.54,65.54,,0.0,0.0,0.0,,0.0,0.0,0.0,0.0,0.0,0.0,5.63572,3.35,9.439831,0.0,2.25,0.0,0.0,0.7,0.0,0.0,6.41,0.0,0.0,-1.16,0.0,0.0,20.92,0.0,0.0,-11.05,0.0,-0.0049983334,,0.240089646,217.655214,2.4339643e-05,0.973931108,83.6270403,0.00100988347,99.67692,9.8734518e-05,99.99998999999998,100.0,False
2026-06-18 04:30:00,0.0,,103.52,105.0,100.53,127.48,127.48,,0.0,0.0,0.0,,0.0,0.0,0.0,0.0,0.0,0.0,5.59652,3.35,9.374171,0.0,2.25,0.0,0.0,0.7,0.0,0.0,6.41,0.0,0.0,-1.16,0.0,0.0,20.92,0.0,0.0,-11.05,0.0,-0.004949499966666666,,0.302530449,217.65562,3.06697238e-05,1.09996952,83.6270199,0.00113532522,99.67692,0.000111511953,99.99998999999998,100.0,False
2026-06-18 05:00:00,0.0,,107.37,110.56,108.99,86.02,86.02,,0.0,0.0,0.0,,0.0,0.0,0.0,0.0,0.0,0.0,5.48624,3.35,9.189452,0.0,2.25,0.0,0.0,0.7,0.0,0.0,6.41,0.0,0.0,-1.16,0.0,0.0,20.92,0.0,0.0,-11.05,0.0,-0.005012527766666667,,0.375916136,217.655873,3.81093675e-05,1.20523075,83.6270008,0.00126236437,99.67692,0.000122183054,99.99998999999998,100.0,False
2026-06-18 05:30:00,0.0,,107.37,114.39,113.57,67.0,67.0,,0.0,0.0,0.0,,0.0,0.0,0.0,0.0,0.0,0.0,5.29707,3.35,8.87259225,0.0,2.25,0.0,0.0,0.7,0.0,0.0,6.41,0.0,0.0,-1.16,0.0,0.0,20.92,0.0,0.0,-11.05,0.0,-0.004885138833333334,,0.375916136,217.65638,3.81093675e-05,1.26395387,83.6269913,0.00138617493,99.67692,0.000128136246,99.99998999999998,100.0,False
2026-06-18 06:00:00,0.0,,115.0,110.16,108.3,129.0,129.0,,0.0,0.0,0.0,,0.0,0.0,0.0,0.0,0.0,0.0,5.07125,3.35,8.49434375,0.0,2.25,0.0,0.0,0.7,0.0,0.0,6.41,0.0,0.0,-1.16,0.0,0.0,20.92,0.0,0.0,-11.05,0.0,-0.00492925,,0.400725931,217.656786,4.06245178e-05,1.37007133,83.626979,0.00151110346,99.67692,0.000138894149,99.99998999999998,100.0,False
2026-06-18 06:30:00,0.0,,115.0,121.83,118.42,146.0,146.0,,0.0,0.0,0.0,,0.0,0.0,0.0,0.0,0.0,0.0,4.83869,3.35,8.10480575,0.0,2.25,0.0,0.0,0.7,0.0,0.0,6.41,0.0,0.0,-1.16,0.0,0.0,20.92,0.0,0.0,-11.05,0.0,-0.004977694366666667,,0.400725931,217.657038,4.06245178e-05,1.5027028,83.6269736,0.00163725978,99.67692,0.000152339971,99.99998999999998,100.0,False
2026-06-18 07:00:00,0.0,,110.19,105.51,106.21,127.45,127.45,,0.0,0.0,0.0,,0.0,0.0,0.0,0.0,0.0,0.0,4.54551,3.35,7.6137292500000004,0.0,2.65,0.0,0.0,3.47,0.0,0.0,8.77,0.0,0.0,-2.08,0.0,0.0,18.32,0.0,0.0,-13.0,0.0,-0.004902833266666667,,0.406765051,217.657394,4.12367476e-05,1.72005816,83.6269654,0.00176151879,99.67692,0.000174374873,99.99998999999998,100.0,False
2026-06-18 07:30:00,0.0,,110.19,112.47,115.0,133.0,133.0,,0.0,0.0,0.0,,0.0,0.0,0.0,0.0,0.0,0.0,4.29706,3.35,7.1975755,0.0,2.65,0.0,0.0,3.47,0.0,0.0,8.77,0.0,0.0,-2.08,0.0,0.0,18.32,0.0,0.0,-13.0,0.0,-0.00486975,,0.406765051,217.657799,4.12367476e-05,1.90403392,83.6269497,0.00188493933,99.67692,0.000193025841,99.99998999999998,100.0,False
2026-06-18 08:00:00,0.0,,99.81,114.22,112.4,133.0,133.0,,0.0,0.0,0.0,,0.0,0.0,0.0,0.0,0.0,0.0,3.77515,3.35,6.32337625,0.0,2.65,0.0,0.0,3.47,0.0,0.0,8.77,0.0,0.0,-2.08,0.0,0.0,18.32,0.0,0.0,-13.0,0.0,-0.004954166666666667,,0.406765051,217.658103,4.12367476e-05,2.18911329,83.6269422,0.00201049936,99.67692,0.000221926421,99.99998999999998,100.0,False
2026-06-18 08:30:00,0.0,,99.81,107.26,105.25,109.25,109.25,,0.0,0.0,0.0,,0.0,0.0,0.0,0.0,0.0,0.0,3.76702,3.35,6.3097585,0.0,2.65,0.0,0.0,3.47,0.0,0.0,8.77,0.0,0.0,-2.08,0.0,0.0,18.32,0.0,0.0,-13.0,0.0,-0.004946055633333333,,0.406765051,217.658508,4.12367476e-05,2.49728174,83.6269191,0.00213585382,99.67692,0.000253167711,99.99998999999998,100.0,False
2026-06-18 09:00:00,0.0,,97.2,103.9,97.21,67.0,67.0,,0.0,0.0,0.0,,0.0,0.0,0.0,0.0,0.0,0.0,3.65886,3.35,6.1285905,0.0,2.65,0.0,0.0,3.47,0.0,0.0,8.77,0.0,0.0,-2.08,0.0,0.0,18.32,0.0,0.0,-13.0,0.0,-0.0049686944,,0.406765051,217.658813,4.12367476e-05,2.93681741,83.6269095,0.00226178204,99.67692,0.000297726655,99.99998999999998,100.0,False
2026-06-18 09:30:00,0.0,,97.2,108.47,101.97,80.5,80.5,,0.0,0.0,0.0,,0.0,0.0,0.0,0.0,0.0,0.0,3.71936,3.35,6.229928,0.0,2.65,0.0,0.0,3.47,0.0,0.0,8.77,0.0,0.0,-2.08,0.0,0.0,18.32,0.0,0.0,-13.0,0.0,-0.0050273333333333324,,0.406765051,217.659268,4.12367476e-05,3.38185469,83.6268951,0.00238919643,99.67692,0.000342843339,99.99998999999998,100.0,False
2026-06-18 10:00:00,0.0,,87.0,99.67,99.3,67.0,67.0,,0.0,0.0,0.0,,0.0,0.0,0.0,0.0,0.0,0.0,2.73196,3.35,4.576033,0.0,2.65,0.0,0.0,3.47,0.0,0.0,8.77,0.0,0.0,-2.08,0.0,0.0,18.32,0.0,0.0,-13.0,0.0,-0.004973583366666667,,0.406765051,217.659624,4.12367476e-05,3.90239075,83.626897,0.00251524855,99.67692,0.000395613885,99.99998999999998,100.0,False
2026-06-18 10:30:00,0.0,,87.0,105.02,95.27,100.0,100.0,,0.0,0.0,0.0,,0.0,0.0,0.0,0.0,0.0,0.0,1.71017,3.35,2.8645347500000002,0.0,2.65,0.0,0.0,3.47,0.0,0.0,8.77,0.0,0.0,-2.08,0.0,0.0,18.32,0.0,0.0,-13.0,0.0,-0.0049096389,,0.406765051,217.659928,4.12367476e-05,4.32951967,83.6268602,0.00263968005,99.67692,0.000438915067,99.99998999999998,100.0,False
2026-06-18 11:00:00,0.0,,90.0,105.21,90.0,105.0,105.0,,0.0,0.0,0.0,,0.0,0.0,0.0,0.0,0.0,0.0,0.99977,3.35,1.6746147500000002,0.0,2.36,0.0,0.0,6.34,0.0,0.0,8.11,0.0,0.0,1.25,0.0,0.0,19.68,0.0,0.0,-5.75,0.0,-0.004929666633333333,,0.406765051,217.660333,4.12367476e-05,4.77864463,83.6268533,0.00276461914,99.67692,0.000484446148,99.99998999999998,100.0,False
2026-06-18 11:30:00,0.0,,90.0,100.48,89.4,100.0,100.0,,0.0,0.0,0.0,,0.0,0.0,0.0,0.0,0.0,0.0,0.89154,3.35,1.4933295,0.0,2.36,0.0,0.0,6.34,0.0,0.0,8.11,0.0,0.0,1.25,0.0,0.0,19.68,0.0,0.0,-5.75,0.0,-0.004869333366666667,,0.406765051,217.660688,4.12367476e-05,5.25970991,83.6268693,0.00288802912,99.67692,0.000533215253,99.99998999999998,100.0,False
2026-06-18 12:00:00,0.0,,81.6,88.41,80.07,81.0,81.0,,0.0,0.0,0.0,,0.0,0.0,0.0,0.0,0.0,0.0,0.8306,3.35,1.3912550000000001,0.0,2.36,0.0,0.0,6.34,0.0,0.0,8.11,0.0,0.0,1.25,0.0,0.0,19.68,0.0,0.0,-5.75,0.0,-0.004907111066666667,,0.406765051,217.660993,4.12367476e-05,5.79522322,83.6268948,0.00301239656,99.67692,0.000587504153,99.99998999999998,100.0,False
2026-06-18 12:30:00,0.0,,81.6,86.63,80.0,106.4,106.4,,0.0,0.0,0.0,,0.0,0.0,0.0,0.0,0.0,0.0,1.23252,3.35,2.064471,0.0,2.36,0.0,0.0,6.34,0.0,0.0,8.11,0.0,0.0,1.25,0.0,0.0,19.68,0.0,0.0,-5.75,0.0,-0.004905444466666666,,0.406765051,217.661499,4.12367476e-05,6.23132049,83.6269195,0.00313672174,99.67692,0.000631714523,99.99998999999998,100.0,False
2026-06-18 13:00:00,0.0,,71.0,75.0,78.0,105.0,105.0,,0.0,0.0,0.0,,0.0,0.0,0.0,0.0,0.0,0.0,0.68211,3.35,1.14253425,0.0,2.36,0.0,0.0,6.34,0.0,0.0,8.11,0.0,0.0,1.25,0.0,0.0,19.68,0.0,0.0,-5.75,0.0,-0.0049138611,,0.406765051,217.661804,4.12367476e-05,6.76585466,83.6269457,0.00326126026,99.67692,0.00068590416,99.99998999999998,100.0,False
2026-06-18 13:30:00,0.0,,71.0,75.0,72.0,105.0,105.0,,0.0,0.0,0.0,,0.0,0.0,0.0,0.0,0.0,0.0,0.32968,3.35,0.552214,0.0,2.36,0.0,0.0,6.34,0.0,0.0,8.11,0.0,0.0,1.25,0.0,0.0,19.68,0.0,0.0,-5.75,0.0,-0.00495725,,0.406765051,217.662209,4.12367476e-05,7.27617679,83.6269481,0.00338689843,99.67692,0.000737639246,99.99998999999998,100.0,False
2026-06-18 14:00:00,0.0,,67.4,75.0,71.15,106.4,106.4,,0.0,0.0,0.0,,0.0,0.0,0.0,0.0,0.0,0.0,0.72925,3.35,1.22149375,0.0,2.36,0.0,0.0,6.34,0.0,0.0,8.11,0.0,0.0,1.25,0.0,0.0,19.68,0.0,0.0,-5.75,0.0,-0.00490025,,0.406765051,217.662564,4.12367476e-05,7.71476333,83.6269734,0.00351109197,99.67692,0.00078210197,99.99998999999998,100.0,False
2026-06-18 14:30:00,0.0,,67.4,75.0,70.85,106.4,106.4,,0.0,0.0,0.0,,0.0,0.0,0.0,0.0,0.0,0.0,1.75255,3.35,2.9355212500000003,0.0,2.36,0.0,0.0,6.34,0.0,0.0,8.11,0.0,0.0,1.25,0.0,0.0,19.68,0.0,0.0,-5.75,0.0,-0.005023389033333333,,0.406765051,217.662918,4.12367476e-05,8.30237585,83.6270231,0.00363840639,99.67692,0.000841672548,99.99998999999998,100.0,False
2026-06-18 15:00:00,0.0,,72.94,85.68,76.81,100.0,100.0,,0.0,0.0,0.0,,0.0,0.0,0.0,0.0,0.0,0.0,0.83286,3.35,1.3950405000000001,0.0,5.56,0.0,0.0,4.08,0.0,0.0,6.58,0.0,0.0,3.58,0.0,0.0,18.22,0.0,0.0,-2.14,0.0,-0.004919555633333333,,0.406765051,217.663375,4.12367476e-05,8.91375187,83.6270442,0.00376308922,99.67692,0.000903652206,99.99998999999998,100.0,False
2026-06-18 15:30:00,0.0,,72.94,87.45,77.7,100.0,100.0,,0.0,0.0,0.0,,0.0,0.0,0.0,0.0,0.0,0.0,1.29393,3.35,2.16733275,0.0,5.56,0.0,0.0,4.08,0.0,0.0,6.58,0.0,0.0,3.58,0.0,0.0,18.22,0.0,0.0,-2.14,0.0,-0.004925722233333333,,0.406765051,217.663729,4.12367476e-05,9.52633278,83.6270693,0.00388792834,99.67692,0.000965754012,99.99998999999998,100.0,False
2026-06-18 16:00:00,0.0,,97.06,101.34,95.27,105.0,105.0,,0.0,0.0,0.0,,0.0,0.0,0.0,0.0,0.0,0.0,2.78368,3.35,4.662664,0.0,5.56,0.0,0.0,4.08,0.0,0.0,6.58,0.0,0.0,3.58,0.0,0.0,18.22,0.0,0.0,-2.14,0.0,-0.004924083366666666,,0.406765051,217.664084,4.12367476e-05,10.1676304,83.6270876,0.00401272593,99.67692,0.00103076704,99.99998999999998,100.0,False
2026-06-18 16:30:00,0.0,,97.06,94.95,89.0,105.0,105.0,,0.0,0.0,0.0,,0.0,0.0,0.0,0.0,0.0,0.0,3.1623,3.35,5.2968525,0.0,5.56,0.0,0.0,4.08,0.0,0.0,6.58,0.0,0.0,3.58,0.0,0.0,18.22,0.0,0.0,-2.14,0.0,-0.004877027766666667,,0.406765051,217.664591,4.12367476e-05,10.680765,83.6271032,0.00413633091,99.67692,0.00108278725,99.99998999999998,100.0,False
2026-06-18 17:00:00,0.0,,103.81,115.0,114.9,79.0,79.0,,0.0,0.0,0.0,,0.0,0.0,0.0,0.0,0.0,0.0,3.59872,3.35,6.027856000000001,0.0,5.56,0.0,0.0,4.08,0.0,0.0,6.58,0.0,0.0,3.58,0.0,0.0,18.22,0.0,0.0,-2.14,0.0,-0.004908833366666666,,0.406765051,217.664895,4.12367476e-05,11.3718364,83.627119,0.004260742,99.67692,0.00115284621,99.99998999999998,100.0,False
2026-06-18 17:30:00,0.0,,103.81,120.42,118.08,80.04,80.04,,0.0,0.0,0.0,,0.0,0.0,0.0,0.0,0.0,0.0,3.3705,3.35,5.6455874999999995,0.0,5.56,0.0,0.0,4.08,0.0,0.0,6.58,0.0,0.0,3.58,0.0,0.0,18.22,0.0,0.0,-2.14,0.0,-0.0048961667,,0.406765051,217.66525,4.12367476e-05,12.0221731,83.6271402,0.00438483206,99.67692,0.0012187756,99.99998999999998,100.0,False
2026-06-18 18:00:00,0.0,,123.38,129.2,134.0,92.0,92.0,,0.0,0.0,0.0,,0.0,0.0,0.0,0.0,0.0,0.0,2.88915,3.35,4.83932625,0.0,5.56,0.0,0.0,4.08,0.0,0.0,6.58,0.0,0.0,3.58,0.0,0.0,18.22,0.0,0.0,-2.14,0.0,-0.00500875,,0.406765051,217.665706,4.12367476e-05,12.5978016,83.6271886,0.00451177546,99.67692,0.00127713127,99.99998999999998,100.0,False
2026-06-18 18:30:00,0.0,,123.38,138.35,147.3,215.74,215.74,,0.0,0.0,0.0,,0.0,0.0,0.0,0.0,0.0,0.0,4.47904,3.35,7.502392,0.0,5.56,0.0,0.0,4.08,0.0,0.0,6.58,0.0,0.0,3.58,0.0,0.0,18.22,0.0,0.0,-2.14,0.0,-0.0048940555,,0.406765051,217.666061,4.12367476e-05,13.1398132,83.6272261,0.004635812,99.67692,0.00133207894,99.99998999999998,100.0,False
2026-06-18 19:00:00,0.0,,146.0,150.0,159.0,225.0,225.0,,0.0,0.0,0.0,,0.0,0.0,0.0,0.0,0.0,0.0,4.94707,3.35,8.28634225,0.0,5.12,0.0,0.0,0.64,0.0,0.0,12.45,0.0,0.0,-2.97,0.0,0.0,30.83,0.0,0.0,-16.08,0.0,-0.004943388799999999,,0.406765051,217.666365,4.12367476e-05,13.8062609,83.627265,0.00476109887,99.67692,0.00139964162,99.99998999999998,100.0,False
2026-06-18 19:30:00,0.0,,146.0,152.98,158.2,385.55,385.55,,0.0,0.0,0.0,,0.0,0.0,0.0,0.0,0.0,0.0,5.30144,3.35,8.879912000000001,0.0,5.12,0.0,0.0,0.64,0.0,0.0,12.45,0.0,0.0,-2.97,0.0,0.0,30.83,0.0,0.0,-16.08,0.0,-0.004951083366666667,,0.406765051,217.666821,4.12367476e-05,14.4578103,83.6273134,0.00488658075,99.67692,0.00146569395,99.99998999999998,100.0,False
2026-06-18 20:00:00,0.0,,159.2,152.16,156.49,85.54,85.54,,0.0,0.0,0.0,,0.0,0.0,0.0,0.0,0.0,0.0,5.37217,3.35,8.99838475,0.0,5.12,0.0,0.0,0.64,0.0,0.0,12.45,0.0,0.0,-2.97,0.0,0.0,30.83,0.0,0.0,-16.08,0.0,-0.0050198888666666665,,0.406765051,217.667176,4.12367476e-05,15.1128823,83.6273734,0.00501380645,99.67692,0.00153210339,99.99998999999998,100.0,False
2026-06-18 20:30:00,0.0,,159.2,147.82,153.53,100.47,100.47,,0.0,0.0,0.0,,0.0,0.0,0.0,0.0,0.0,0.0,5.50022,3.35,9.212868499999999,0.0,5.12,0.0,0.0,0.64,0.0,0.0,12.45,0.0,0.0,-2.97,0.0,0.0,30.83,0.0,0.0,-16.08,0.0,-0.004971499933333334,,0.406765051,217.667481,4.12367476e-05,15.6860884,83.6274116,0.0051398058,99.67692,0.00159021348,99.99998999999998,100.0,False
2026-06-18 21:00:00,0.0,,148.0,146.53,147.35,92.4,92.4,,0.0,0.0,0.0,,0.0,0.0,0.0,0.0,0.0,0.0,5.61169,3.35,9.39958075,0.0,5.12,0.0,0.0,0.64,0.0,0.0,12.45,0.0,0.0,-2.97,0.0,0.0,30.83,0.0,0.0,-16.08,0.0,-0.004991888833333333,,0.406765051,217.667936,4.12367476e-05,16.3995385,83.6274683,0.00526632185,99.67692,0.00166254113,99.99998999999998,100.0,False
2026-06-18 21:30:00,0.0,,148.0,142.0,145.1,139.84,139.84,,0.0,0.0,0.0,,0.0,0.0,0.0,0.0,0.0,0.0,5.64056,3.35,9.447938,0.0,5.12,0.0,0.0,0.64,0.0,0.0,12.45,0.0,0.0,-2.97,0.0,0.0,30.83,0.0,0.0,-16.08,0.0,-0.005017388833333333,,0.406765051,217.66819,4.12367476e-05,17.0456542,83.6275032,0.00539348425,99.67692,0.00172804261,99.99998999999998,100.0,False
2026-06-18 22:00:00,0.0,,129.0,127.34,132.0,140.0,140.0,,0.0,0.0,0.0,,0.0,0.0,0.0,0.0,0.0,0.0,5.63674,3.35,9.4415395,0.0,5.12,0.0,0.0,0.64,0.0,0.0,12.45,0.0,0.0,-2.97,0.0,0.0,30.83,0.0,0.0,-16.08,0.0,-0.0050419999333333335,,0.406765051,217.668545,4.12367476e-05,17.7094529,83.6275517,0.00552127035,99.67692,0.00179533673,99.99998999999998,100.0,False
2026-06-18 22:30:00,0.0,,129.0,131.2,138.0,140.0,140.0,,0.0,0.0,0.0,,0.0,0.0,0.0,0.0,0.0,0.0,5.63555,3.35,9.439546250000001,0.0,5.12,0.0,0.0,0.64,0.0,0.0,12.45,0.0,0.0,-2.97,0.0,0.0,30.83,0.0,0.0,-16.08,0.0,-0.0049616667,,0.406765051,217.669051,4.12367476e-05,18.2894868,83.6275947,0.0056470204,99.67692,0.00185413901,99.99998999999998,100.0,False
2026-06-18 23:00:00,0.0,,110.09,113.7,115.0,130.0,130.0,,0.0,0.0,0.0,,0.0,0.0,0.0,0.0,0.0,0.0,5.6358,3.35,9.439964999999999,0.0,3.05,0.0,0.0,0.65,0.0,0.0,7.0,0.0,0.0,-2.59,0.0,0.0,17.96,0.0,0.0,-13.84,0.0,-0.005035916633333333,,0.406765051,217.669254,4.12367476e-05,18.8752427,83.6276466,0.00577465235,99.67692,0.00191352137,99.99998999999998,100.0,False
2026-06-18 23:30:00,0.0,,110.09,108.25,110.01,80.54,80.54,,0.0,0.0,0.0,,0.0,0.0,0.0,0.0,0.0,0.0,5.63749,3.35,9.44279575,0.0,3.05,0.0,0.0,0.65,0.0,0.0,7.0,0.0,0.0,-2.59,0.0,0.0,17.96,0.0,0.0,-13.84,0.0,-0.0050294167,,0.406765051,217.669711,4.12367476e-05,19.3863631,83.6276903,0.00590211955,99.67692,0.00196533738,99.99998999999998,100.0,False
2026-06-19 00:00:00,0.0,,104.7,100.35,103.6,80.19,80.19,,0.0,0.0,0.0,,0.0,0.0,0.0,0.0,0.0,0.0,5.63652,3.35,9.441171,0.0,3.05,0.0,0.0,0.65,0.0,0.0,7.0,0.0,0.0,-2.59,0.0,0.0,17.96,0.0,0.0,-13.84,0.0,-0.0049898889,,0.406765051,217.670166,4.12367476e-05,19.8161046,83.6277306,0.0060285849,99.67692,0.00200890342,99.99998999999998,100.0,False
2026-06-19 00:30:00,0.0,,104.7,100.35,104.1,75.8,75.8,,0.0,0.0,0.0,,0.0,0.0,0.0,0.0,0.0,0.0,5.63419,3.35,9.43726825,0.0,3.05,0.0,0.0,0.65,0.0,0.0,7.0,0.0,0.0,-2.59,0.0,0.0,17.96,0.0,0.0,-13.84,0.0,-0.004987777666666668,,0.0,217.670369,0.0,0.48245709,83.6277682,0.000126411873,99.67692,4.8910203e-05,99.99998999999998,100.0,False
2026-06-19 01:00:00,0.0,,103.4,99.0,100.1,80.59,80.59,,0.0,0.0,0.0,,0.0,0.0,0.0,0.0,0.0,0.0,5.63812,3.35,9.443851,0.0,3.05,0.0,0.0,0.65,0.0,0.0,7.0,0.0,0.0,-2.59,0.0,0.0,17.96,0.0,0.0,-13.84,0.0,-0.004930305566666667,,0.0,217.670775,0.0,0.81384333,83.6277943,0.000251367155,99.67692,8.25052493e-05,99.99998999999998,100.0,False
2026-06-19 01:30:00,0.0,,103.4,100.8,102.2,60.5,60.5,,0.0,0.0,0.0,,0.0,0.0,0.0,0.0,0.0,0.0,5.63287,3.35,9.43505725,0.0,3.05,0.0,0.0,0.65,0.0,0.0,7.0,0.0,0.0,-2.59,0.0,0.0,17.96,0.0,0.0,-13.84,0.0,-0.004948777733333334,,0.0,217.671282,0.0,1.05537708,83.6278203,0.000376790601,99.67692,0.000106991292,99.99998999999998,100.0,False
2026-06-19 02:00:00,0.0,,100.79,99.4,99.4,60.72,60.72,,0.0,0.0,0.0,,0.0,0.0,0.0,0.0,0.0,0.0,5.64035,3.35,9.44758625,0.0,3.05,0.0,0.0,0.65,0.0,0.0,7.0,0.0,0.0,-2.59,0.0,0.0,17.96,0.0,0.0,-13.84,0.0,-0.0049483056,,0.0,217.671536,0.0,1.42267672,83.6278471,0.00050220208,99.67692,0.000144227142,99.99998999999998,100.0,False
2026-06-19 02:30:00,0.0,,100.79,96.47,97.47,47.6,47.6,,0.0,0.0,0.0,,0.0,0.0,0.0,0.0,0.0,0.0,5.63337,3.35,9.435894750000001,0.0,3.05,0.0,0.0,0.65,0.0,0.0,7.0,0.0,0.0,-2.59,0.0,0.0,17.96,0.0,0.0,-13.84,0.0,-0.004962361133333333,,0.0,217.671891,0.0,1.70059789,83.627888,0.000627969795,99.67692,0.000172402043,99.99998999999998,100.0,False
2026-06-19 03:00:00,0.0,,98.5,93.32,94.61,47.6,47.6,,0.0,0.0,0.0,,0.0,0.0,0.0,0.0,0.0,0.0,5.63363,3.35,9.436330250000001,0.0,1.45,0.0,0.0,1.33,0.0,0.0,6.77,0.0,0.0,-2.79,0.0,0.0,18.39,0.0,0.0,-9.28,0.0,-0.0049970556000000005,,0.0,217.672347,0.0,1.96012266,83.627912,0.000754616805,99.67692,0.000198711967,99.99998999999998,100.0,False
2026-06-19 03:30:00,0.0,,98.5,91.11,94.2,104.44,104.44,,0.0,0.0,0.0,,0.0,0.0,0.0,0.0,0.0,0.0,5.63576,3.35,9.439898000000001,0.0,1.45,0.0,0.0,1.33,0.0,0.0,6.77,0.0,0.0,-2.79,0.0,0.0,18.39,0.0,0.0,-9.28,0.0,-0.004932833333333333,,0.0,217.672752,0.0,2.16143688,83.6279462,0.00087963615,99.67692,0.000219120661,99.99998999999998,100.0,False
2026-06-19 04:00:00,0.0,,96.7,89.74,92.19,72.99,72.99,,0.0,0.0,0.0,,0.0,0.0,0.0,0.0,0.0,0.0,5.63472,3.35,9.438156,0.0,1.45,0.0,0.0,1.33,0.0,0.0,6.77,0.0,0.0,-2.79,0.0,0.0,18.39,0.0,0.0,-9.28,0.0,-0.0049967500666666664,,0.0,217.673056,0.0,2.39313363,83.6279851,0.00100627543,99.67692,0.000242609455,99.99998999999998,100.0,False
2026-06-19 04:30:00,0.0,,96.7,84.64,87.0,61.98,61.98,,0.0,0.0,0.0,,0.0,0.0,0.0,0.0,0.0,0.0,5.61229,3.35,9.40058575,0.0,1.45,0.0,0.0,1.33,0.0,0.0,6.77,0.0,0.0,-2.79,0.0,0.0,18.39,0.0,0.0,-9.28,0.0,-0.0050680276666666664,,0.00564106433,217.673411,5.7187594e-07,2.62505685,83.6280261,0.00113472118,99.67692,0.000266121208,99.99998999999998,100.0,False
2026-06-19 05:00:00,0.0,,97.07,84.2,88.0,95.24,95.24,,0.0,0.0,0.0,,0.0,0.0,0.0,0.0,0.0,0.0,5.51597,3.35,9.23924975,0.0,1.45,0.0,0.0,1.33,0.0,0.0,6.77,0.0,0.0,-2.79,0.0,0.0,18.39,0.0,0.0,-9.28,0.0,-0.0049853611,,0.00564106433,217.673816,5.7187594e-07,2.88621196,83.628063,0.0012610718,99.67692,0.000292596411,99.99998999999998,100.0,False
2026-06-19 05:30:00,0.0,,97.07,86.0,91.1,114.39,114.39,,0.0,0.0,0.0,,0.0,0.0,0.0,0.0,0.0,0.0,5.35259,3.35,8.96558825,0.0,1.45,0.0,0.0,1.33,0.0,0.0,6.77,0.0,0.0,-2.79,0.0,0.0,18.39,0.0,0.0,-9.28,0.0,-0.0049998611333333335,,0.00564106433,217.674222,5.7187594e-07,3.22607264,83.6280715,0.00138778993,99.67692,0.000327050573,99.99998999999998,100.0,False
2026-06-19 06:00:00,0.0,,106.07,97.0,93.1,102.09,102.09,,0.0,0.0,0.0,,0.0,0.0,0.0,0.0,0.0,0.0,5.22553,3.35,8.75276275,0.0,1.45,0.0,0.0,1.33,0.0,0.0,6.77,0.0,0.0,-2.79,0.0,0.0,18.39,0.0,0.0,-9.28,0.0,-0.005029249966666666,,0.00564106433,217.674527,5.7187594e-07,3.46176676,83.6280922,0.00151525289,99.67692,0.000350944609,99.99998999999998,100.0,False
2026-06-19 06:30:00,0.0,,106.07,102.56,108.88,100.61,100.61,,0.0,0.0,0.0,,0.0,0.0,0.0,0.0,0.0,0.0,4.91273,3.35,8.228822749999999,0.0,1.45,0.0,0.0,1.33,0.0,0.0,6.77,0.0,0.0,-2.79,0.0,0.0,18.39,0.0,0.0,-9.28,0.0,-0.0048715278,,0.00564106433,217.674982,5.7187594e-07,3.91852467,83.6281284,0.00163871849,99.67692,0.000397249499,99.99998999999998,100.0,False
2026-06-19 07:00:00,0.0,,105.3,94.0,96.0,87.68,87.68,,0.0,0.0,0.0,,0.0,0.0,0.0,0.0,0.0,0.0,4.33744,3.35,7.265212,0.0,3.15,0.0,0.0,3.49,0.0,0.0,7.58,0.0,0.0,0.0,0.0,0.0,16.53,0.0,0.0,-7.88,0.0,-0.0050103888666666666,,0.00564106433,217.675337,5.7187594e-07,4.37878761,83.6281482,0.00176570343,99.67692,0.000443909718,99.99998999999998,100.0,False
2026-06-19 07:30:00,0.0,,105.3,96.0,98.0,58.4,58.4,,0.0,0.0,0.0,,0.0,0.0,0.0,0.0,0.0,0.0,3.62038,3.35,6.0641365,0.0,3.15,0.0,0.0,3.49,0.0,0.0,7.58,0.0,0.0,0.0,0.0,0.0,16.53,0.0,0.0,-7.88,0.0,-0.004987583366666667,,0.00564106433,217.67559,5.7187594e-07,4.81284844,83.6281783,0.00189211038,99.67692,0.000487913639,99.99998999999998,100.0,False
2026-06-19 08:00:00,0.0,,97.0,88.68,88.25,89.25,89.25,,0.0,0.0,0.0,,0.0,0.0,0.0,0.0,0.0,0.0,2.88152,3.35,4.8265460000000004,0.0,3.15,0.0,0.0,3.49,0.0,0.0,7.58,0.0,0.0,0.0,0.0,0.0,16.53,0.0,0.0,-7.88,0.0,-0.0049108610333333325,,0.00564106433,217.676148,5.7187594e-07,5.15340801,83.6281947,0.00201657285,99.67692,0.000522438653,99.99998999999998,100.0,False
2026-06-19 08:30:00,0.0,,97.0,96.0,96.1,47.6,47.6,,0.0,0.0,0.0,,0.0,0.0,0.0,0.0,0.0,0.0,2.16549,3.35,3.6271957500000003,0.0,3.15,0.0,0.0,3.49,0.0,0.0,7.58,0.0,0.0,0.0,0.0,0.0,16.53,0.0,0.0,-7.88,0.0,-0.004921999933333333,,0.00564106433,217.676452,5.7187594e-07,5.5101127,83.6282056,0.00214131763,99.67692,0.000558600415,99.99998999999998,100.0,False
2026-06-19 09:00:00,0.0,,83.12,85.58,89.01,105.0,105.0,,0.0,0.0,0.0,,0.0,0.0,0.0,0.0,0.0,0.0,1.52499,3.35,2.5543582500000004,0.0,3.15,0.0,0.0,3.49,0.0,0.0,7.58,0.0,0.0,0.0,0.0,0.0,16.53,0.0,0.0,-7.88,0.0,-0.0049036389,,0.00564106433,217.676756,5.7187594e-07,5.83004171,83.6282083,0.00226559706,99.67692,0.000591033958,99.99998999999998,100.0,False
2026-06-19 09:30:00,0.0,,83.12,81.6,83.07,103.41,103.41,,0.0,0.0,0.0,,0.0,0.0,0.0,0.0,0.0,0.0,0.96439,3.35,1.61535325,0.0,3.15,0.0,0.0,3.49,0.0,0.0,7.58,0.0,0.0,0.0,0.0,0.0,16.53,0.0,0.0,-7.88,0.0,-0.004950722233333334,,0.00564106433,217.677263,5.7187594e-07,6.1869835,83.6281839,0.00239106979,99.67692,0.000627219758,99.99998999999998,100.0,False
2026-06-19 10:00:00,0.0,,70.4,65.14,66.61,102.46,102.46,,0.0,0.0,0.0,,0.0,0.0,0.0,0.0,0.0,0.0,0.45826,3.35,0.7675855,0.0,3.15,0.0,0.0,3.49,0.0,0.0,7.58,0.0,0.0,0.0,0.0,0.0,16.53,0.0,0.0,-7.88,0.0,-0.0049814167000000005,,0.00564106433,217.677618,5.7187594e-07,6.45017279,83.6281783,0.00251732045,99.67692,0.00065390118,99.99998999999998,100.0,False
2026-06-19 10:30:00,0.0,,70.4,62.4,63.95,105.0,105.0,,0.0,0.0,0.0,,0.0,0.0,0.0,0.0,0.0,0.0,0.1044,3.35,0.17487000000000003,0.0,3.15,0.0,0.0,3.49,0.0,0.0,7.58,0.0,0.0,0.0,0.0,0.0,16.53,0.0,0.0,-7.88,0.0,-0.004947611133333333,,0.00564106433,217.677973,5.7187594e-07,6.69197108,83.628164,0.00264271433,99.67692,0.000678414041,99.99998999999998,100.0,False
2026-06-19 11:00:00,0.0,,57.02,61.13,65.31,90.0,90.0,,0.0,0.0,0.0,,0.0,0.0,0.0,0.0,0.0,0.0,0.03632,3.35,0.060836,0.0,1.9,0.0,0.0,6.72,0.0,0.0,5.71,0.0,0.0,3.07,0.0,0.0,11.02,0.0,0.0,-1.93,0.0,-0.004927777733333333,,0.00564106433,217.678429,5.7187594e-07,6.97245064,83.6281605,0.00276760554,99.67692,0.000706848305,99.99998999999998,100.0,False
2026-06-19 11:30:00,0.0,,57.02,61.07,62.26,74.57,74.57,,0.0,0.0,0.0,,0.0,0.0,0.0,0.0,0.0,0.0,0.03615,3.35,0.06055125,0.0,1.9,0.0,0.0,6.72,0.0,0.0,5.71,0.0,0.0,3.07,0.0,0.0,11.02,0.0,0.0,-1.93,0.0,-0.004941277733333333,,0.00564106433,217.678784,5.7187594e-07,7.30631223,83.6281555,0.00289283891,99.67692,0.000740694296,99.99998999999998,100.0,False
2026-06-19 12:00:00,0.0,,57.33,60.01,64.93,90.0,90.0,,0.0,0.0,0.0,,0.0,0.0,0.0,0.0,0.0,0.0,0.03688,3.35,0.06177400000000001,0.0,1.9,0.0,0.0,6.72,0.0,0.0,5.71,0.0,0.0,3.07,0.0,0.0,11.02,0.0,0.0,-1.93,0.0,-0.004930583266666667,,0.00564106433,217.679139,5.7187594e-07,7.55397815,83.628137,0.00301780124,99.67692,0.000765802001,99.99998999999998,100.0,False
2026-06-19 12:30:00,0.0,,57.33,63.74,62.5,105.0,105.0,,0.0,0.0,0.0,,0.0,0.0,0.0,0.0,0.0,0.0,0.03746,3.35,0.0627455,0.0,1.9,0.0,0.0,6.72,0.0,0.0,5.71,0.0,0.0,3.07,0.0,0.0,11.02,0.0,0.0,-1.93,0.0,-0.0048963056,,0.00564106433,217.679595,5.7187594e-07,7.86741364,83.6281549,0.0031418948,99.67692,0.000797577248,99.99998999999998,100.0,False
2026-06-19 13:00:00,0.0,,59.51,61.0,61.0,109.95,109.95,,0.0,0.0,0.0,,0.0,0.0,0.0,0.0,0.0,0.0,0.04941,3.35,0.08276175000000001,0.0,1.9,0.0,0.0,6.72,0.0,0.0,5.71,0.0,0.0,3.07,0.0,0.0,11.02,0.0,0.0,-1.93,0.0,-0.004887166666666667,,0.00564106433,217.67995,5.7187594e-07,8.25523939,83.6281335,0.00326575675,99.67692,0.000836893981,99.99998999999998,100.0,False
2026-06-19 13:30:00,0.0,,59.51,64.67,64.37,117.75,117.75,,0.0,0.0,0.0,,0.0,0.0,0.0,0.0,0.0,0.0,1.15797,3.35,1.93959975,0.0,1.9,0.0,0.0,6.72,0.0,0.0,5.71,0.0,0.0,3.07,0.0,0.0,11.02,0.0,0.0,-1.93,0.0,-0.0048941666,,0.00564106433,217.680457,5.7187594e-07,8.60425743,83.6281149,0.00338979612,99.67692,0.000872276491,99.99998999999998,100.0,False
2026-06-19 14:00:00,0.0,,61.66,68.0,59.0,119.9,119.9,,0.0,0.0,0.0,,0.0,0.0,0.0,0.0,0.0,0.0,0.3649,3.35,0.6112075,0.0,1.9,0.0,0.0,6.72,0.0,0.0,5.71,0.0,0.0,3.07,0.0,0.0,11.02,0.0,0.0,-1.93,0.0,-0.004949333333333333,,0.00564106433,217.680711,5.7187594e-07,9.0372953,83.6281045,0.00351523365,99.67692,0.000916176707,99.99998999999998,100.0,False
2026-06-19 14:30:00,0.0,,61.66,64.67,64.0,117.75,117.75,,0.0,0.0,0.0,,0.0,0.0,0.0,0.0,0.0,0.0,0.1911,3.35,0.3200925,0.0,1.9,0.0,0.0,6.72,0.0,0.0,5.71,0.0,0.0,3.07,0.0,0.0,11.02,0.0,0.0,-1.93,0.0,-0.004881361133333334,,0.00564106433,217.681166,5.7187594e-07,9.39409963,83.6280867,0.00363894847,99.67692,0.000952348571,99.99998999999998,100.0,False
2026-06-19 15:00:00,0.0,,82.29,93.56,91.0,68.0,68.0,,0.0,0.0,0.0,,0.0,0.0,0.0,0.0,0.0,0.0,0.13041,3.35,0.21843675,0.0,2.5,0.0,0.0,5.75,0.0,0.0,7.62,0.0,0.0,6.55,0.0,0.0,30.39,0.0,0.0,-4.83,0.0,-0.004897805566666667,,0.00564106433,217.681521,5.7187594e-07,9.8013914,83.6280784,0.00376308006,99.67692,0.000993638716,99.99998999999998,100.0,False
2026-06-19 15:30:00,0.0,,82.29,101.39,93.68,73.64,73.64,,0.0,0.0,0.0,,0.0,0.0,0.0,0.0,0.0,0.0,0.54403,3.35,0.91125025,0.0,2.5,0.0,0.0,5.75,0.0,0.0,7.62,0.0,0.0,6.55,0.0,0.0,30.39,0.0,0.0,-4.83,0.0,-0.0048971111,,0.00564106433,217.681978,5.7187594e-07,10.2545786,83.6281142,0.00388719405,99.67692,0.00103958162,99.99998999999998,100.0,False
2026-06-19 16:00:00,0.0,,96.66,97.41,96.74,76.0,76.0,,0.0,0.0,0.0,,0.0,0.0,0.0,0.0,0.0,0.0,1.04981,3.35,1.75843175,0.0,2.5,0.0,0.0,5.75,0.0,0.0,7.62,0.0,0.0,6.55,0.0,0.0,30.39,0.0,0.0,-4.83,0.0,-0.004917805599999999,,0.00564106433,217.682332,5.7187594e-07,10.7042932,83.6281161,0.00401183253,99.67692,0.00108517247,99.99998999999998,100.0,False
2026-06-19 16:30:00,0.0,,96.66,93.0,94.0,65.0,65.0,,0.0,0.0,0.0,,0.0,0.0,0.0,0.0,0.0,0.0,1.58598,3.35,2.6565165,0.0,2.5,0.0,0.0,5.75,0.0,0.0,7.62,0.0,0.0,6.55,0.0,0.0,30.39,0.0,0.0,-4.83,0.0,-0.004871333366666667,,0.00564106433,217.682738,5.7187594e-07,11.2435403,83.6281275,0.0041352932,99.67692,0.00113983989,99.99998999999998,100.0,False
2026-06-19 17:00:00,0.0,,106.35,108.3,104.3,11.0,11.0,,0.0,0.0,0.0,,0.0,0.0,0.0,0.0,0.0,0.0,2.2239,3.35,3.7250325,0.0,2.5,0.0,0.0,5.75,0.0,0.0,7.62,0.0,0.0,6.55,0.0,0.0,30.39,0.0,0.0,-4.83,0.0,-0.004877666700000001,,0.00564106433,217.683092,5.7187594e-07,11.8045494,83.6281628,0.00425891438,99.67692,0.00119671349,99.99998999999998,100.0,False
2026-06-19 17:30:00,0.0,,106.35,108.0,100.0,21.0,21.0,,0.0,0.0,0.0,,0.0,0.0,0.0,0.0,0.0,0.0,2.89854,3.35,4.8550545000000005,0.0,2.5,0.0,0.0,5.75,0.0,0.0,7.62,0.0,0.0,6.55,0.0,0.0,30.39,0.0,0.0,-4.83,0.0,-0.004847833333333333,,0.00564106433,217.683397,5.7187594e-07,12.2686075,83.6281853,0.00438177946,99.67692,0.00124375845,99.99998999999998,100.0,False
2026-06-19 18:00:00,0.0,,118.07,113.1,115.0,70.73,70.73,,0.0,0.0,0.0,,0.0,0.0,0.0,0.0,0.0,0.0,3.6861,3.35,6.1742175,0.0,2.5,0.0,0.0,5.75,0.0,0.0,7.62,0.0,0.0,6.55,0.0,0.0,30.39,0.0,0.0,-4.83,0.0,-0.004873638866666666,,0.00564106433,217.683802,5.7187594e-07,12.7764253,83.6282195,0.00450529856,99.67692,0.00129523966,99.99998999999998,100.0,False
2026-06-19 18:30:00,0.0,,118.07,125.0,126.9,77.09,77.09,,0.0,0.0,0.0,,0.0,0.0,0.0,0.0,0.0,0.0,4.2864,3.35,7.1797200000000005,0.0,2.5,0.0,0.0,5.75,0.0,0.0,7.62,0.0,0.0,6.55,0.0,0.0,30.39,0.0,0.0,-4.83,0.0,-0.004907916666666666,,0.00564106433,217.684258,5.7187594e-07,13.3063937,83.6282678,0.00462968641,99.67692,0.00134896643,99.99998999999998,100.0,False
2026-06-19 19:00:00,0.0,,134.35,134.0,135.9,140.0,140.0,,0.0,0.0,0.0,,0.0,0.0,0.0,0.0,0.0,0.0,4.90015,3.35,8.20775125,0.0,5.32,0.0,0.0,2.1,0.0,0.0,9.44,0.0,0.0,-0.35,0.0,0.0,25.96,0.0,0.0,-10.82,0.0,-0.004951805533333333,,0.00564106433,217.684562,5.7187594e-07,13.9254844,83.6283284,0.0047551866,99.67692,0.00141172818,99.99998999999998,100.0,False
2026-06-19 19:30:00,0.0,,134.35,134.49,139.2,112.47,112.47,,0.0,0.0,0.0,,0.0,0.0,0.0,0.0,0.0,0.0,5.24432,3.35,8.784236,0.0,5.32,0.0,0.0,2.1,0.0,0.0,9.44,0.0,0.0,-0.35,0.0,0.0,25.96,0.0,0.0,-10.82,0.0,-0.004975972233333333,,0.00564106433,217.684968,5.7187594e-07,14.5697535,83.6283803,0.00488129926,99.67692,0.00147704245,99.99998999999998,100.0,False
2026-06-19 20:00:00,0.0,,134.36,135.0,136.0,137.98,137.98,,0.0,0.0,0.0,,0.0,0.0,0.0,0.0,0.0,0.0,5.35267,3.35,8.96572225,0.0,5.32,0.0,0.0,2.1,0.0,0.0,9.44,0.0,0.0,-0.35,0.0,0.0,25.96,0.0,0.0,-10.82,0.0,-0.004997333466666667,,0.00564106433,217.685323,5.7187594e-07,15.1899573,83.6284321,0.00500795335,99.67692,0.00153991704,99.99998999999998,100.0,False
2026-06-19 20:30:00,0.0,,134.36,138.0,136.0,94.35,94.35,,0.0,0.0,0.0,,0.0,0.0,0.0,0.0,0.0,0.0,5.50597,3.35,9.222499749999999,0.0,5.32,0.0,0.0,2.1,0.0,0.0,9.44,0.0,0.0,-0.35,0.0,0.0,25.96,0.0,0.0,-10.82,0.0,-0.004975472266666666,,0.00564106433,217.685729,5.7187594e-07,15.825046,83.6284832,0.00513405335,99.67692,0.00160430063,99.99998999999998,100.0,False
2026-06-19 21:00:00,0.0,,135.74,132.9,136.0,94.01,94.01,,0.0,0.0,0.0,,0.0,0.0,0.0,0.0,0.0,0.0,5.62489,3.35,9.42169075,0.0,5.32,0.0,0.0,2.1,0.0,0.0,9.44,0.0,0.0,-0.35,0.0,0.0,25.96,0.0,0.0,-10.82,0.0,-0.0049564722,,0.00564106433,217.686033,5.7187594e-07,16.4900704,83.6285344,0.0052596718,99.67692,0.00167171901,99.99998999999998,100.0,False
2026-06-19 21:30:00,0.0,,135.74,132.9,133.6,155.0,155.0,,0.0,0.0,0.0,,0.0,0.0,0.0,0.0,0.0,0.0,5.64916,3.35,9.462343,0.0,5.32,0.0,0.0,2.1,0.0,0.0,9.44,0.0,0.0,-0.35,0.0,0.0,25.96,0.0,0.0,-10.82,0.0,-0.004963305566666667,,0.00564106433,217.686387,5.7187594e-07,17.0872414,83.628576,0.00538546345,99.67692,0.00173225861,99.99998999999998,100.0,False
2026-06-19 22:00:00,0.0,,121.13,124.63,117.68,155.0,155.0,,0.0,0.0,0.0,,0.0,0.0,0.0,0.0,0.0,0.0,5.64799,3.35,9.46038325,0.0,5.32,0.0,0.0,2.1,0.0,0.0,9.44,0.0,0.0,-0.35,0.0,0.0,25.96,0.0,0.0,-10.82,0.0,-0.004943416766666667,,0.00564106433,217.686843,5.7187594e-07,17.724823,83.6286164,0.005510751,99.67692,0.00179689491,99.99998999999998,100.0,False
2026-06-19 22:30:00,0.0,,121.13,127.98,119.8,130.0,130.0,,0.0,0.0,0.0,,0.0,0.0,0.0,0.0,0.0,0.0,5.63316,3.35,9.435543000000001,0.0,5.32,0.0,0.0,2.1,0.0,0.0,9.44,0.0,0.0,-0.35,0.0,0.0,25.96,0.0,0.0,-10.82,0.0,-0.0049787778,,0.00564106433,217.687198,5.7187594e-07,18.3853327,83.6286539,0.0056369348,99.67692,0.00186385561,99.98503333333333,100.0,False
2026-06-19 23:00:00,0.0,,106.86,106.6,106.3,80.6,80.6,,0.0,0.0,0.0,,0.0,0.0,0.0,0.0,0.0,0.0,5.63456,3.35,9.437888,0.0,1.3,0.0,0.0,0.01,0.0,0.0,5.58,0.0,0.0,-3.2,0.0,0.0,15.86,0.0,0.0,-11.85,0.0,-0.005015111166666667,,0.00564106433,217.687553,5.7187594e-07,18.9885295,83.6286983,0.0057640394,99.67692,0.00192500608,99.99998999999998,100.0,False
2026-06-19 23:30:00,0.0,,106.86,107.84,106.81,112.08,112.08,,0.0,0.0,0.0,,0.0,0.0,0.0,0.0,0.0,0.0,5.63774,3.35,9.4432145,0.0,1.3,0.0,0.0,0.01,0.0,0.0,5.58,0.0,0.0,-3.2,0.0,0.0,15.86,0.0,0.0,-11.85,0.0,-0.0050414444,,0.00564106433,217.687858,5.7187594e-07,19.4971634,83.62874,0.00589181145,99.67692,0.00197657002,99.99998999999998,100.0,False
2026-06-20 00:00:00,0.0,,103.48,105.8,108.0,98.19,98.19,,0.0,0.0,0.0,,0.0,0.0,0.0,0.0,0.0,0.0,5.63534,3.35,9.439194500000001,0.0,1.3,0.0,0.0,0.01,0.0,0.0,5.58,0.0,0.0,-3.2,0.0,0.0,15.86,0.0,0.0,-11.85,0.0,-0.005019638933333333,,0.00564106433,217.688313,5.7187594e-07,20.0627176,83.6287911,0.0060190308,99.67692,0.00203390438,99.99998999999998,100.0,False
2026-06-20 00:30:00,0.0,,103.48,104.72,105.47,92.29,92.29,,0.0,0.0,0.0,,0.0,0.0,0.0,0.0,0.0,0.0,5.63344,3.35,9.436012,0.0,1.3,0.0,0.0,0.01,0.0,0.0,5.58,0.0,0.0,-3.2,0.0,0.0,15.86,0.0,0.0,-11.85,0.0,-0.004942527833333333,,0.0,217.688567,0.0,0.501863733,83.6288362,0.000125265047,99.67692,5.08775963e-05,99.99998999999998,100.0,False
2026-06-20 01:00:00,0.0,,101.4,102.78,102.71,94.57,94.57,,0.0,0.0,0.0,,0.0,0.0,0.0,0.0,0.0,0.0,5.63952,3.35,9.446196,0.0,1.3,0.0,0.0,0.01,0.0,0.0,5.58,0.0,0.0,-3.2,0.0,0.0,15.86,0.0,0.0,-11.85,0.0,-0.005020444433333333,,0.0,217.688973,0.0,0.94475529,83.6288703,0.000252504837,99.67692,9.5776752e-05,99.99998999999998,100.0,False
2026-06-20 01:30:00,0.0,,101.4,99.0,100.31,93.63,93.63,,0.0,0.0,0.0,,0.0,0.0,0.0,0.0,0.0,0.0,5.63564,3.35,9.439697,0.0,1.3,0.0,0.0,0.01,0.0,0.0,5.58,0.0,0.0,-3.2,0.0,0.0,15.86,0.0,0.0,-11.85,0.0,-0.0049985833,,0.0,217.689429,0.0,1.29290369,83.628912,0.000379190572,99.67692,0.000131071101,99.99998999999998,100.0,False
2026-06-20 02:00:00,0.0,,99.89,96.71,96.2,115.0,115.0,,0.0,0.0,0.0,,0.0,0.0,0.0,0.0,0.0,0.0,5.63709,3.35,9.44212575,0.0,1.3,0.0,0.0,0.01,0.0,0.0,5.58,0.0,0.0,-3.2,0.0,0.0,15.86,0.0,0.0,-11.85,0.0,-0.005092861099999999,,0.0,217.689733,0.0,1.69100944,83.6289604,0.000508265715,99.67692,0.000171429992,99.99998999999998,100.0,False
2026-06-20 02:30:00,0.0,,99.89,92.54,90.2,122.5,122.5,,0.0,0.0,0.0,,0.0,0.0,0.0,0.0,0.0,0.0,5.63784,3.35,9.443382,0.0,1.3,0.0,0.0,0.01,0.0,0.0,5.58,0.0,0.0,-3.2,0.0,0.0,15.86,0.0,0.0,-11.85,0.0,-0.0050005278000000005,,0.0,217.690138,0.0,1.97053135,83.6290034,0.00063500073,99.67692,0.000199767172,99.99998999999998,100.0,False
2026-06-20 03:00:00,0.0,,97.94,100.44,101.7,122.5,122.5,,0.0,0.0,0.0,,0.0,0.0,0.0,0.0,0.0,0.0,5.63605,3.35,9.44038375,0.0,0.89,0.0,0.0,0.71,0.0,0.0,5.21,0.0,0.0,-2.83,0.0,0.0,21.76,0.0,0.0,-14.71,0.0,-0.0049748889,,0.0,217.690392,0.0,2.27489266,83.6290565,0.00076108595,99.67692,0.000230622503,99.99998999999998,100.0,False
2026-06-20 03:30:00,0.0,,97.94,99.18,99.66,120.0,120.0,,0.0,0.0,0.0,,0.0,0.0,0.0,0.0,0.0,0.0,5.63927,3.35,9.445777249999999,0.0,0.89,0.0,0.0,0.71,0.0,0.0,5.21,0.0,0.0,-2.83,0.0,0.0,21.76,0.0,0.0,-14.71,0.0,-0.004969611133333334,,0.0,217.690798,0.0,2.49230707,83.6291029,0.000887037405,99.67692,0.000252663392,99.99998999999998,100.0,False
2026-06-20 04:00:00,0.0,,97.14,97.9,100.1,120.0,120.0,,0.0,0.0,0.0,,0.0,0.0,0.0,0.0,0.0,0.0,5.63584,3.35,9.440032,0.0,0.89,0.0,0.0,0.71,0.0,0.0,5.21,0.0,0.0,-2.83,0.0,0.0,21.76,0.0,0.0,-14.71,0.0,-0.004944277766666667,,0.0,217.691152,0.0,2.73242436,83.6291418,0.0010123468,99.67692,0.000277005837,99.99998999999998,100.0,False
2026-06-20 04:30:00,0.0,,97.14,97.87,100.57,122.5,122.5,,0.0,0.0,0.0,,0.0,0.0,0.0,0.0,0.0,0.0,5.62669,3.35,9.42470575,0.0,0.89,0.0,0.0,0.71,0.0,0.0,5.21,0.0,0.0,-2.83,0.0,0.0,21.76,0.0,0.0,-14.71,0.0,-0.0049805555999999996,,0.0,217.691609,0.0,2.98170162,83.6291739,0.00113857564,99.67692,0.000302276896,99.99998999999998,100.0,False
2026-06-20 05:00:00,0.0,,96.86,97.92,98.7,122.5,122.5,,0.0,0.0,0.0,,0.0,0.0,0.0,0.0,0.0,0.0,5.52784,3.35,9.259132000000001,0.0,0.89,0.0,0.0,0.71,0.0,0.0,5.21,0.0,0.0,-2.83,0.0,0.0,21.76,0.0,0.0,-14.71,0.0,-0.005035111100000001,,0.0,217.691963,0.0,3.15450401,83.6292169,0.00126618715,99.67692,0.000319795138,99.99998999999998,100.0,False
2026-06-20 05:30:00,0.0,,96.86,95.04,96.2,122.5,122.5,,0.0,0.0,0.0,,0.0,0.0,0.0,0.0,0.0,0.0,5.33721,3.35,8.93982675,0.0,0.89,0.0,0.0,0.71,0.0,0.0,5.21,0.0,0.0,-2.83,0.0,0.0,21.76,0.0,0.0,-14.71,0.0,-0.004960500033333333,,0.0,217.692318,0.0,3.38733162,83.6292653,0.00139190769,99.67692,0.000343398575,99.99998999999998,100.0,False
2026-06-20 06:00:00,0.0,,94.64,92.54,91.8,122.5,122.5,,0.0,0.0,0.0,,0.0,0.0,0.0,0.0,0.0,0.0,5.11953,3.35,8.57521275,0.0,0.89,0.0,0.0,0.71,0.0,0.0,5.21,0.0,0.0,-2.83,0.0,0.0,21.76,0.0,0.0,-14.71,0.0,-0.005046472166666666,,0.0,217.692774,0.0,3.56793503,83.6293191,0.00151980712,99.67692,0.000361707663,99.99998999999998,100.0,False
2026-06-20 06:30:00,0.0,,94.64,94.37,97.2,122.5,122.5,,0.0,0.0,0.0,,0.0,0.0,0.0,0.0,0.0,0.0,4.66129,3.35,7.80766075,0.0,0.89,0.0,0.0,0.71,0.0,0.0,5.21,0.0,0.0,-2.83,0.0,0.0,21.76,0.0,0.0,-14.71,0.0,-0.0049514445,,0.0,217.693078,0.0,3.83125156,83.6293634,0.00164529816,99.67692,0.000388401985,99.99998999999998,100.0,False
2026-06-20 07:00:00,0.0,,91.04,94.8,92.4,127.0,127.0,,0.0,0.0,0.0,,0.0,0.0,0.0,0.0,0.0,0.0,4.28252,3.35,7.173221,0.0,1.25,0.0,0.0,0.65,0.0,0.0,5.63,0.0,0.0,-2.57,0.0,0.0,13.21,0.0,0.0,-13.35,0.0,-0.004990916666666667,,0.0,217.693433,0.0,4.16928292,83.6293921,0.00177178959,99.67692,0.000422670696,99.99998999999998,100.0,False
2026-06-20 07:30:00,0.0,,91.04,98.0,97.0,118.0,118.0,,0.0,0.0,0.0,,0.0,0.0,0.0,0.0,0.0,0.0,3.75717,3.35,6.29325975,0.0,1.25,0.0,0.0,0.65,0.0,0.0,5.63,0.0,0.0,-2.57,0.0,0.0,13.21,0.0,0.0,-13.35,0.0,-0.004821527666666666,,0.0,217.69394,0.0,4.56407156,83.6294316,0.00189398797,99.67692,0.000462693307,99.99998999999998,100.0,False
2026-06-20 08:00:00,0.0,,92.8,87.0,84.1,83.21,83.21,,0.0,0.0,0.0,,0.0,0.0,0.0,0.0,0.0,0.0,3.15718,3.35,5.2882765,0.0,1.25,0.0,0.0,0.65,0.0,0.0,5.63,0.0,0.0,-2.57,0.0,0.0,13.21,0.0,0.0,-13.35,0.0,-0.004942777833333333,,0.0,217.694193,0.0,4.95464423,83.6294501,0.00201925936,99.67692,0.000502288515,99.99998999999998,100.0,False
2026-06-20 08:30:00,0.0,,92.8,86.0,88.0,121.0,121.0,,0.0,0.0,0.0,,0.0,0.0,0.0,0.0,0.0,0.0,1.99602,3.35,3.3433335,0.0,1.25,0.0,0.0,0.65,0.0,0.0,5.63,0.0,0.0,-2.57,0.0,0.0,13.21,0.0,0.0,-13.35,0.0,-0.0049874167,,0.0,217.694598,0.0,5.3149725,83.6294929,0.00214566208,99.67692,0.000538817626,99.99998999999998,100.0,False
2026-06-20 09:00:00,0.0,,93.63,89.89,89.03,125.0,125.0,,0.0,0.0,0.0,,0.0,0.0,0.0,0.0,0.0,0.0,1.65105,3.35,2.76550875,0.0,1.25,0.0,0.0,0.65,0.0,0.0,5.63,0.0,0.0,-2.57,0.0,0.0,13.21,0.0,0.0,-13.35,0.0,-0.004983000033333333,,0.0,217.695055,0.0,5.71613288,83.629539,0.00227195286,99.67692,0.000579486187,99.99998999999998,100.0,False
2026-06-20 09:30:00,0.0,,93.63,83.74,82.78,125.0,125.0,,0.0,0.0,0.0,,0.0,0.0,0.0,0.0,0.0,0.0,1.63948,3.35,2.7461290000000003,0.0,1.25,0.0,0.0,0.65,0.0,0.0,5.63,0.0,0.0,-2.57,0.0,0.0,13.21,0.0,0.0,-13.35,0.0,-0.004945500066666666,,0.0,217.695409,0.0,6.13736444,83.6295852,0.00239729324,99.67692,0.000622189511,99.99998999999998,100.0,False
2026-06-20 10:00:00,0.0,,84.17,84.62,86.78,124.5,124.5,,0.0,0.0,0.0,,0.0,0.0,0.0,0.0,0.0,0.0,1.87962,3.35,3.1483635000000003,0.0,1.25,0.0,0.0,0.65,0.0,0.0,5.63,0.0,0.0,-2.57,0.0,0.0,13.21,0.0,0.0,-13.35,0.0,-0.0049879722,,0.0,217.695764,0.0,6.54890676,83.6296035,0.00252371005,99.67692,0.000663910565,99.99998999999998,100.0,False
2026-06-20 10:30:00,0.0,,84.17,74.47,83.6,82.88,82.88,,0.0,0.0,0.0,,0.0,0.0,0.0,0.0,0.0,0.0,1.18498,3.35,1.9848415,0.0,1.25,0.0,0.0,0.65,0.0,0.0,5.63,0.0,0.0,-2.57,0.0,0.0,13.21,0.0,0.0,-13.35,0.0,-0.004939333333333334,,0.0,217.696271,0.0,6.90896746,83.6296028,0.00264889413,99.67692,0.000700412551,99.99998999999998,100.0,False
2026-06-20 11:00:00,0.0,,82.33,74.95,75.64,121.45,121.45,,0.0,0.0,0.0,,0.0,0.0,0.0,0.0,0.0,0.0,1.40447,3.35,2.3524872500000003,0.0,0.3,0.0,0.0,3.11,0.0,0.0,4.32,0.0,0.0,0.66,0.0,0.0,10.65,0.0,0.0,-10.21,0.0,-0.004909972133333333,,0.0,217.696575,0.0,7.26635341,83.6296041,0.00277333407,99.67692,0.000736643378,99.99998999999998,100.0,False
2026-06-20 11:30:00,0.0,,82.33,74.47,76.9,102.33,102.33,,0.0,0.0,0.0,,0.0,0.0,0.0,0.0,0.0,0.0,2.25583,3.35,3.7785152500000003,0.0,0.3,0.0,0.0,3.11,0.0,0.0,4.32,0.0,0.0,0.66,0.0,0.0,10.65,0.0,0.0,-10.21,0.0,-0.004931861033333333,,0.0,217.697031,0.0,7.68123797,83.6296203,0.00289832878,99.67692,0.000778703259,99.99998999999998,100.0,False
2026-06-20 12:00:00,0.0,,81.5,77.86,80.0,115.0,115.0,,0.0,0.0,0.0,,0.0,0.0,0.0,0.0,0.0,0.0,2.87199,3.35,4.81058325,0.0,0.3,0.0,0.0,3.11,0.0,0.0,4.32,0.0,0.0,0.66,0.0,0.0,10.65,0.0,0.0,-10.21,0.0,-0.004873361166666666,,0.0,217.697488,0.0,8.04118288,83.6296332,0.00302184085,99.67692,0.000815193507,99.99998999999998,100.0,False
2026-06-20 12:30:00,0.0,,81.5,75.0,78.5,100.18,100.18,,0.0,0.0,0.0,,0.0,0.0,0.0,0.0,0.0,0.0,1.10202,3.35,1.8458835,0.0,0.3,0.0,0.0,3.11,0.0,0.0,4.32,0.0,0.0,0.66,0.0,0.0,10.65,0.0,0.0,-10.21,0.0,-0.004904833333333333,,0.0,217.697792,0.0,8.52397205,83.629653,0.00314615055,99.67692,0.000864137375,99.99998999999998,100.0,False
2026-06-20 13:00:00,0.0,,81.5,76.52,78.0,115.0,115.0,,0.0,0.0,0.0,,0.0,0.0,0.0,0.0,0.0,0.0,1.35819,3.35,2.27496825,0.0,0.3,0.0,0.0,3.11,0.0,0.0,4.32,0.0,0.0,0.66,0.0,0.0,10.65,0.0,0.0,-10.21,0.0,-0.004980305633333334,,0.0,217.698249,0.0,8.91392946,83.6296584,0.00327237305,99.67692,0.000903670209,99.99998999999998,100.0,False
2026-06-20 13:30:00,0.0,,81.5,75.94,78.01,115.0,115.0,,0.0,0.0,0.0,,0.0,0.0,0.0,0.0,0.0,0.0,0.77322,3.35,1.2951435,0.0,0.3,0.0,0.0,3.11,0.0,0.0,4.32,0.0,0.0,0.66,0.0,0.0,10.65,0.0,0.0,-10.21,0.0,-0.004905305566666666,,0.0,217.698603,0.0,9.30633041,83.6296501,0.00339669472,99.67692,0.000943450763,99.99998999999998,100.0,False
2026-06-20 14:00:00,0.0,,80.57,76.34,79.08,115.0,115.0,,0.0,0.0,0.0,,0.0,0.0,0.0,0.0,0.0,0.0,1.45132,3.35,2.430961,0.0,0.3,0.0,0.0,3.11,0.0,0.0,4.32,0.0,0.0,0.66,0.0,0.0,10.65,0.0,0.0,-10.21,0.0,-0.004858166633333333,,0.0,217.698908,0.0,9.73377451,83.6296554,0.00351982169,99.67692,0.000986783897,99.99998999999998,100.0,False
2026-06-20 14:30:00,0.0,,80.57,77.83,78.0,82.0,82.0,,0.0,0.0,0.0,,0.0,0.0,0.0,0.0,0.0,0.0,1.15876,3.35,1.9409230000000002,0.0,0.3,0.0,0.0,3.11,0.0,0.0,4.32,0.0,0.0,0.66,0.0,0.0,10.65,0.0,0.0,-10.21,0.0,-0.0048411389,,0.0,217.699414,0.0,10.1415138,83.629658,0.0036425171,99.67692,0.00102811941,99.99998999999998,100.0,False
2026-06-20 15:00:00,0.0,,83.51,75.48,78.0,77.0,77.0,,0.0,0.0,0.0,,0.0,0.0,0.0,0.0,0.0,0.0,1.98597,3.35,3.32649975,0.0,1.32,0.0,0.0,2.82,0.0,0.0,7.17,0.0,0.0,0.72,0.0,0.0,12.85,0.0,0.0,-6.11,0.0,-0.004937805633333334,,0.0,217.699719,0.0,10.6011626,83.6296531,0.00376766247,99.67692,0.00107471737,99.99998999999998,100.0,False
2026-06-20 15:30:00,0.0,,83.51,79.47,81.87,96.49,96.49,,0.0,0.0,0.0,,0.0,0.0,0.0,0.0,0.0,0.0,3.17728,3.35,5.321944,0.0,1.32,0.0,0.0,2.82,0.0,0.0,7.17,0.0,0.0,0.72,0.0,0.0,12.85,0.0,0.0,-6.11,0.0,-0.004902500066666667,,0.0,217.700073,0.0,11.0968579,83.6296701,0.00389191304,99.67692,0.00112496963,99.99998999999998,100.0,False
2026-06-20 16:00:00,0.0,,92.8,86.71,89.23,97.33,97.33,,0.0,0.0,0.0,,0.0,0.0,0.0,0.0,0.0,0.0,2.80141,3.35,4.692361750000001,0.0,1.32,0.0,0.0,2.82,0.0,0.0,7.17,0.0,0.0,0.72,0.0,0.0,12.85,0.0,0.0,-6.11,0.0,-0.0049417222,,0.0,217.70063,0.0,11.6219428,83.629717,0.00401715766,99.67692,0.00117820132,99.99998999999998,100.0,False
2026-06-20 16:30:00,0.0,,92.8,79.11,83.0,84.43,84.43,,0.0,0.0,0.0,,0.0,0.0,0.0,0.0,0.0,0.0,3.20917,3.35,5.37535975,0.0,1.32,0.0,0.0,2.82,0.0,0.0,7.17,0.0,0.0,0.72,0.0,0.0,12.85,0.0,0.0,-6.11,0.0,-0.0049565278,,0.0,217.700884,0.0,12.1785435,83.6297795,0.00414277754,99.67692,0.00123462801,99.99998999999998,100.0,False
2026-06-20 17:00:00,0.0,,98.2,96.97,100.0,82.76,82.76,,0.0,0.0,0.0,,0.0,0.0,0.0,0.0,0.0,0.0,3.92295,3.35,6.570941250000001,0.0,1.32,0.0,0.0,2.82,0.0,0.0,7.17,0.0,0.0,0.72,0.0,0.0,12.85,0.0,0.0,-6.11,0.0,-0.005007027833333333,,0.0,217.701239,0.0,12.7085026,83.6298136,0.00426967728,99.67692,0.00128835384,99.99998999999998,100.0,False
2026-06-20 17:30:00,0.0,,98.2,99.02,98.0,91.37,91.37,,0.0,0.0,0.0,,0.0,0.0,0.0,0.0,0.0,0.0,4.34208,3.35,7.272984,0.0,1.32,0.0,0.0,2.82,0.0,0.0,7.17,0.0,0.0,0.72,0.0,0.0,12.85,0.0,0.0,-6.11,0.0,-0.004966083366666666,,0.0,217.701594,0.0,13.2183103,83.6298545,0.00439553933,99.67692,0.00134003677,99.99998999999998,100.0,False
2026-06-20 18:00:00,0.0,,113.33,118.51,117.17,106.15,106.15,,0.0,0.0,0.0,,0.0,0.0,0.0,0.0,0.0,0.0,4.4762,3.35,7.497635000000001,0.0,1.32,0.0,0.0,2.82,0.0,0.0,7.17,0.0,0.0,0.72,0.0,0.0,12.85,0.0,0.0,-6.11,0.0,-0.0049784721999999995,,0.0,217.701999,0.0,13.7858665,83.6298967,0.00452171537,99.67692,0.00139757409,99.99998999999998,100.0,False
2026-06-20 18:30:00,0.0,,113.33,127.48,124.45,115.49,115.49,,0.0,0.0,0.0,,0.0,0.0,0.0,0.0,0.0,0.0,5.00448,3.35,8.382504,0.0,1.32,0.0,0.0,2.82,0.0,0.0,7.17,0.0,0.0,0.72,0.0,0.0,12.85,0.0,0.0,-6.11,0.0,-0.00499125,,0.0,217.702405,0.0,14.1970289,83.6299573,0.00464821524,99.67692,0.00143925663,99.99998999999998,100.0,False
2026-06-20 19:00:00,0.0,,127.88,139.99,142.0,137.52,137.52,,0.0,0.0,0.0,,0.0,0.0,0.0,0.0,0.0,0.0,5.13139,3.35,8.59507825,0.0,5.14,0.0,0.0,0.01,0.0,0.0,9.11,0.0,0.0,-3.75,0.0,0.0,28.82,0.0,0.0,-10.71,0.0,-0.004980305533333333,,0.0,217.70276,0.0,14.6477277,83.6300071,0.00477443774,99.67692,0.00148494726,99.99998999999998,100.0,False
2026-06-20 19:30:00,0.0,,127.88,139.17,139.2,136.65,136.65,,0.0,0.0,0.0,,0.0,0.0,0.0,0.0,0.0,0.0,5.30142,3.35,8.8798785,0.0,5.14,0.0,0.0,0.01,0.0,0.0,9.11,0.0,0.0,-3.75,0.0,0.0,28.82,0.0,0.0,-10.71,0.0,-0.004994805533333333,,0.0,217.703165,0.0,15.021527,83.6300663,0.00490102773,99.67692,0.00152284203,99.99998999999998,100.0,False
2026-06-20 20:00:00,0.0,,130.02,139.99,140.17,157.96,157.96,,0.0,0.0,0.0,,0.0,0.0,0.0,0.0,0.0,0.0,5.55284,3.35,9.301007,0.0,5.14,0.0,0.0,0.01,0.0,0.0,9.11,0.0,0.0,-3.75,0.0,0.0,28.82,0.0,0.0,-10.71,0.0,-0.005029611166666666,,0.0,217.703418,0.0,15.4639321,83.6301297,0.00502849985,99.67692,0.00156769187,99.99998999999998,100.0,False
2026-06-20 20:30:00,0.0,,130.02,140.0,141.91,162.45,162.45,,0.0,0.0,0.0,,0.0,0.0,0.0,0.0,0.0,0.0,5.56492,3.35,9.321241,0.0,5.14,0.0,0.0,0.01,0.0,0.0,9.11,0.0,0.0,-3.75,0.0,0.0,28.82,0.0,0.0,-10.71,0.0,-0.005034194466666667,,0.0,217.703824,0.0,15.9114384,83.6301896,0.0051560881,99.67692,0.00161305886,99.99998999999998,100.0,False
2026-06-20 21:00:00,0.0,,131.37,139.99,138.82,151.0,151.0,,0.0,0.0,0.0,,0.0,0.0,0.0,0.0,0.0,0.0,5.63503,3.35,9.438675250000001,0.0,5.14,0.0,0.0,0.01,0.0,0.0,9.11,0.0,0.0,-3.75,0.0,0.0,28.82,0.0,0.0,-10.71,0.0,-0.005053361033333333,,0.0,217.70428,0.0,16.3724555,83.6302516,0.0052841622,99.67692,0.00165979553,99.99998999999998,100.0,False
2026-06-20 21:30:00,0.0,,131.37,139.99,141.38,82.96,82.96,,0.0,0.0,0.0,,0.0,0.0,0.0,0.0,0.0,0.0,5.64034,3.35,9.4475695,0.0,5.14,0.0,0.0,0.01,0.0,0.0,9.11,0.0,0.0,-3.75,0.0,0.0,28.82,0.0,0.0,-10.71,0.0,-0.005022249933333334,,0.0,217.704534,0.0,16.8577439,83.6302926,0.00541144775,99.67692,0.00170899277,99.99998999999998,100.0,False
2026-06-20 22:00:00,0.0,,119.2,129.0,126.72,136.49,136.49,,0.0,0.0,0.0,,0.0,0.0,0.0,0.0,0.0,0.0,5.63802,3.35,9.4436835,0.0,5.14,0.0,0.0,0.01,0.0,0.0,9.11,0.0,0.0,-3.75,0.0,0.0,28.82,0.0,0.0,-10.71,0.0,-0.0050060000333333335,,0.0,217.70499,0.0,17.268557,83.6303519,0.00553832145,99.67692,0.00175063989,99.99998999999998,100.0,False
2026-06-20 22:30:00,0.0,,119.2,127.9,123.48,65.0,65.0,,0.0,0.0,0.0,,0.0,0.0,0.0,0.0,0.0,0.0,5.63621,3.35,9.44065175,0.0,5.14,0.0,0.0,0.01,0.0,0.0,9.11,0.0,0.0,-3.75,0.0,0.0,28.82,0.0,0.0,-10.71,0.0,-0.005036472133333333,,0.0,217.705345,0.0,17.7284469,83.6304077,0.00566596745,99.67692,0.0017972623,99.99998999999998,100.0,False
2026-06-20 23:00:00,0.0,,118.59,119.0,122.91,144.0,144.0,,0.0,0.0,0.0,,0.0,0.0,0.0,0.0,0.0,0.0,5.6371,3.35,9.442142500000001,0.0,2.63,0.0,0.0,-0.05,0.0,0.0,5.64,0.0,0.0,-2.69,0.0,0.0,19.35,0.0,0.0,-13.26,0.0,-0.004977333433333333,,0.0,217.7057,0.0,18.0751324,83.6304528,0.0057921146,99.67692,0.00183240834,99.99998999999998,100.0,False
2026-06-20 23:30:00,0.0,,118.59,114.08,119.6,145.0,145.0,,0.0,0.0,0.0,,0.0,0.0,0.0,0.0,0.0,0.0,5.63585,3.35,9.440048749999999,0.0,2.63,0.0,0.0,-0.05,0.0,0.0,5.64,0.0,0.0,-2.69,0.0,0.0,19.35,0.0,0.0,-13.26,0.0,-0.004997388966666666,,0.0,217.706105,0.0,18.4781015,83.6304937,0.00591877005,99.67692,0.00187326026,99.99998999999998,100.0,False
2026-06-21 00:00:00,0.0,,113.6,109.6,118.6,140.0,140.0,,0.0,0.0,0.0,,0.0,0.0,0.0,0.0,0.0,0.0,5.63613,3.35,9.44051775,0.0,2.63,0.0,0.0,-0.05,0.0,0.0,5.64,0.0,0.0,-2.69,0.0,0.0,19.35,0.0,0.0,-13.26,0.0,-0.0049591667,,0.0,217.70646,0.0,18.9048269,83.6305496,0.0060444568,99.67692,0.00191652054,99.99998999999998,100.0,False
2026-06-21 00:30:00,0.0,,113.6,110.39,114.89,140.0,140.0,,0.0,0.0,0.0,,0.0,0.0,0.0,0.0,0.0,0.0,5.62823,3.35,9.42728525,0.0,2.63,0.0,0.0,-0.05,0.0,0.0,5.64,0.0,0.0,-2.69,0.0,0.0,19.35,0.0,0.0,-13.26,0.0,-0.004963083366666667,,0.0,217.706764,0.0,0.322183192,83.630613,0.000125786013,99.67692,3.2662066e-05,99.99998999999998,100.0,False
2026-06-21 01:00:00,0.0,,109.53,110.91,110.89,110.74,110.74,,0.0,0.0,0.0,,0.0,0.0,0.0,0.0,0.0,0.0,5.63382,3.35,9.4366485,0.0,2.63,0.0,0.0,-0.05,0.0,0.0,5.64,0.0,0.0,-2.69,0.0,0.0,19.35,0.0,0.0,-13.26,0.0,-0.005016333333333334,,0.0,217.707169,0.0,0.60976023,83.6306519,0.000252921611,99.67692,6.18158532e-05,99.99998999999998,100.0,False
2026-06-21 01:30:00,0.0,,109.53,110.1,109.41,95.08,95.08,,0.0,0.0,0.0,,0.0,0.0,0.0,0.0,0.0,0.0,5.63816,3.35,9.443918,0.0,2.63,0.0,0.0,-0.05,0.0,0.0,5.64,0.0,0.0,-2.69,0.0,0.0,19.35,0.0,0.0,-13.26,0.0,-0.004996055533333334,,0.0,217.707626,0.0,0.879235903,83.6307038,0.000379543281,99.67692,8.91345726e-05,99.99998999999998,100.0,False
2026-06-21 02:00:00,0.0,,106.59,108.98,108.98,129.0,129.0,,0.0,0.0,0.0,,0.0,0.0,0.0,0.0,0.0,0.0,5.637,3.35,9.441975,0.0,2.63,0.0,0.0,-0.05,0.0,0.0,5.64,0.0,0.0,-2.69,0.0,0.0,19.35,0.0,0.0,-13.26,0.0,-0.0050487778,,0.0,217.708032,0.0,1.2568815,83.6307475,0.00050750116,99.67692,0.000127419268,99.99998999999998,100.0,False
2026-06-21 02:30:00,0.0,,106.59,107.5,104.0,129.0,129.0,,0.0,0.0,0.0,,0.0,0.0,0.0,0.0,0.0,0.0,5.63366,3.35,9.4363805,0.0,2.63,0.0,0.0,-0.05,0.0,0.0,5.64,0.0,0.0,-2.69,0.0,0.0,19.35,0.0,0.0,-13.26,0.0,-0.0049434722333333335,,0.0,217.708335,0.0,1.4986473,83.6308014,0.00063279014,99.67692,0.000151928835,99.99998999999998,100.0,False
2026-06-21 03:00:00,0.0,,103.19,108.0,100.0,135.0,135.0,,0.0,0.0,0.0,,0.0,0.0,0.0,0.0,0.0,0.0,5.63349,3.35,9.43609575,0.0,2.27,0.0,0.0,0.1,0.0,0.0,5.76,0.0,0.0,-2.63,0.0,0.0,12.45,0.0,0.0,-10.49,0.0,-0.005011972233333333,,0.0,217.708741,0.0,1.79605818,83.6308525,0.000759815215,99.67692,0.000182079551,99.99998999999998,100.0,False
2026-06-21 03:30:00,0.0,,103.19,106.6,102.8,133.9,133.9,,0.0,0.0,0.0,,0.0,0.0,0.0,0.0,0.0,0.0,5.63515,3.35,9.438876250000002,0.0,2.27,0.0,0.0,0.1,0.0,0.0,5.76,0.0,0.0,-2.63,0.0,0.0,12.45,0.0,0.0,-10.49,0.0,-0.0050162778,,0.0,217.709095,0.0,2.05392797,83.6309091,0.0008869494,99.67692,0.000208221697,99.99998999999998,100.0,False
2026-06-21 04:00:00,0.0,,99.11,104.79,99.8,135.0,135.0,,0.0,0.0,0.0,,0.0,0.0,0.0,0.0,0.0,0.0,5.63363,3.35,9.436330250000001,0.0,2.27,0.0,0.0,0.1,0.0,0.0,5.76,0.0,0.0,-2.63,0.0,0.0,12.45,0.0,0.0,-10.49,0.0,-0.0049618611,,0.0,217.709451,0.0,2.24510742,83.6309508,0.00101270443,99.67692,0.000227602956,99.99998999999998,100.0,False
2026-06-21 04:30:00,0.0,,99.11,103.16,101.0,123.3,123.3,,0.0,0.0,0.0,,0.0,0.0,0.0,0.0,0.0,0.0,5.61671,3.35,9.40798925,0.0,2.27,0.0,0.0,0.1,0.0,0.0,5.76,0.0,0.0,-2.63,0.0,0.0,12.45,0.0,0.0,-10.49,0.0,-0.004981166733333334,,0.0,217.709805,0.0,2.45141549,83.6309858,0.00113894876,99.67692,0.000248517913,99.99998999999998,100.0,False
2026-06-21 05:00:00,0.0,,97.8,105.37,99.51,122.5,122.5,,0.0,0.0,0.0,,0.0,0.0,0.0,0.0,0.0,0.0,5.53265,3.35,9.26718875,0.0,2.27,0.0,0.0,0.1,0.0,0.0,5.76,0.0,0.0,-2.63,0.0,0.0,12.45,0.0,0.0,-10.49,0.0,-0.004951388933333333,,0.0,217.710262,0.0,2.74708172,83.6310302,0.00126443839,99.67692,0.000278491761,99.99998999999998,100.0,False
2026-06-21 05:30:00,0.0,,97.8,102.99,100.49,122.5,122.5,,0.0,0.0,0.0,,0.0,0.0,0.0,0.0,0.0,0.0,5.4161,3.35,9.071967500000001,0.0,2.27,0.0,0.0,0.1,0.0,0.0,5.76,0.0,0.0,-2.63,0.0,0.0,12.45,0.0,0.0,-10.49,0.0,-0.004992388833333333,,0.0,217.710566,0.0,2.9484639,83.6310557,0.00139096713,99.67692,0.000298907345,99.99998999999998,100.0,False
2026-06-21 06:00:00,0.0,,93.9,99.76,99.02,119.6,119.6,,0.0,0.0,0.0,,0.0,0.0,0.0,0.0,0.0,0.0,5.22579,3.35,8.75319825,0.0,2.27,0.0,0.0,0.1,0.0,0.0,5.76,0.0,0.0,-2.63,0.0,0.0,12.45,0.0,0.0,-10.49,0.0,-0.0049737222,,0.0,217.71087,0.0,3.16166012,83.6310913,0.00151702277,99.67692,0.000320520605,99.99998999999998,100.0,False
2026-06-21 06:30:00,0.0,,93.9,99.76,99.0,119.25,119.25,,0.0,0.0,0.0,,0.0,0.0,0.0,0.0,0.0,0.0,5.10026,3.35,8.542935499999999,0.0,2.27,0.0,0.0,0.1,0.0,0.0,5.76,0.0,0.0,-2.63,0.0,0.0,12.45,0.0,0.0,-10.49,0.0,-0.004975972166666666,,0.0,217.711376,0.0,3.26830396,83.6311493,0.00164313544,99.67692,0.000331331871,99.99998999999998,100.0,False
2026-06-21 07:00:00,0.0,,91.52,93.99,91.91,80.9,80.9,,0.0,0.0,0.0,,0.0,0.0,0.0,0.0,0.0,0.0,4.95378,3.35,8.2975815,0.0,2.06,0.0,0.0,1.29,0.0,0.0,6.36,0.0,0.0,-3.45,0.0,0.0,15.63,0.0,0.0,-15.96,0.0,-0.004926333333333334,,0.0,217.71158,0.0,3.46646913,83.6312051,0.00176799006,99.67692,0.000351421323,99.99998999999998,100.0,False
2026-06-21 07:30:00,0.0,,91.52,93.34,94.6,82.68,82.68,,0.0,0.0,0.0,,0.0,0.0,0.0,0.0,0.0,0.0,4.69829,3.35,7.8696357500000005,0.0,2.06,0.0,0.0,1.29,0.0,0.0,6.36,0.0,0.0,-3.45,0.0,0.0,15.63,0.0,0.0,-15.96,0.0,-0.0049974445,,0.0,217.711985,0.0,3.63115404,83.6312522,0.00189464693,99.67692,0.000368116637,99.99998999999998,100.0,False
2026-06-21 08:00:00,0.0,,87.2,90.3,89.9,95.71,95.71,,0.0,0.0,0.0,,0.0,0.0,0.0,0.0,0.0,0.0,4.37396,3.35,7.326383000000001,0.0,2.06,0.0,0.0,1.29,0.0,0.0,6.36,0.0,0.0,-3.45,0.0,0.0,15.63,0.0,0.0,-15.96,0.0,-0.004964555533333334,,0.0,217.712492,0.0,3.90191533,83.6313034,0.00202047025,99.67692,0.000395565688,99.99998999999998,100.0,False
2026-06-21 08:30:00,0.0,,87.2,90.53,92.68,95.21,95.21,,0.0,0.0,0.0,,0.0,0.0,0.0,0.0,0.0,0.0,3.8399,3.35,6.4318325000000005,0.0,2.06,0.0,0.0,1.29,0.0,0.0,6.36,0.0,0.0,-3.45,0.0,0.0,15.63,0.0,0.0,-15.96,0.0,-0.0049356667,,0.0,217.712695,0.0,4.18347881,83.6313369,0.0021455614,99.67692,0.000424109837,99.99998999999998,100.0,False
2026-06-21 09:00:00,0.0,,90.0,91.39,92.0,94.82,94.82,,0.0,0.0,0.0,,0.0,0.0,0.0,0.0,0.0,0.0,4.02994,3.35,6.7501495,0.0,2.06,0.0,0.0,1.29,0.0,0.0,6.36,0.0,0.0,-3.45,0.0,0.0,15.63,0.0,0.0,-15.96,0.0,-0.004953944500000001,,0.0,217.713151,0.0,4.65776776,83.6313881,0.0022711158,99.67692,0.000472191976,99.99998999999998,100.0,False
2026-06-21 09:30:00,0.0,,90.0,91.35,94.31,92.27,92.27,,0.0,0.0,0.0,,0.0,0.0,0.0,0.0,0.0,0.0,3.99986,3.35,6.6997655,0.0,2.06,0.0,0.0,1.29,0.0,0.0,6.36,0.0,0.0,-3.45,0.0,0.0,15.63,0.0,0.0,-15.96,0.0,-0.004964722233333333,,0.0,217.713505,0.0,5.14827143,83.6314229,0.00239694334,99.67692,0.00052191792,99.99998999999998,100.0,False
2026-06-21 10:00:00,0.0,,90.0,94.0,94.04,92.59,92.59,,0.0,0.0,0.0,,0.0,0.0,0.0,0.0,0.0,0.0,3.96323,3.35,6.63841025,0.0,2.06,0.0,0.0,1.29,0.0,0.0,6.36,0.0,0.0,-3.45,0.0,0.0,15.63,0.0,0.0,-15.96,0.0,-0.004957638933333334,,0.0,217.71381,0.0,5.65513768,83.6314713,0.00252259138,99.67692,0.000573302658,99.99998999999998,100.0,False
2026-06-21 10:30:00,0.0,,90.0,93.23,92.72,91.51,91.51,,0.0,0.0,0.0,,0.0,0.0,0.0,0.0,0.0,0.0,3.02546,3.35,5.0676455,0.0,2.06,0.0,0.0,1.29,0.0,0.0,6.36,0.0,0.0,-3.45,0.0,0.0,15.63,0.0,0.0,-15.96,0.0,-0.004933333266666667,,0.0,217.714266,0.0,6.11683763,83.6315224,0.0026476234,99.67692,0.000620108558,99.99998999999998,100.0,False
2026-06-21 11:00:00,0.0,,87.72,93.61,95.42,91.14,91.14,,0.0,0.0,0.0,,0.0,0.0,0.0,0.0,0.0,0.0,2.85568,3.35,4.783264,0.0,1.39,0.0,0.0,1.33,0.0,0.0,5.44,0.0,0.0,-1.53,0.0,0.0,13.38,0.0,0.0,-13.85,0.0,-0.004942138833333333,,0.0,217.714571,0.0,6.6094018,83.6315559,0.00277287858,99.67692,0.000670043389,99.99998999999998,100.0,False
2026-06-21 11:30:00,0.0,,87.72,94.76,93.96,92.8,92.8,,0.0,0.0,0.0,,0.0,0.0,0.0,0.0,0.0,0.0,2.46633,3.35,4.13110275,0.0,1.39,0.0,0.0,1.33,0.0,0.0,5.44,0.0,0.0,-1.53,0.0,0.0,13.38,0.0,0.0,-13.85,0.0,-0.004963444466666667,,0.0,217.715026,0.0,7.17048825,83.63159,0.00289867375,99.67692,0.000726924826,99.99998999999998,100.0,False
2026-06-21 12:00:00,0.0,,89.11,91.8,93.4,92.5,92.5,,0.0,0.0,0.0,,0.0,0.0,0.0,0.0,0.0,0.0,2.99518,3.35,5.0169265,0.0,1.39,0.0,0.0,1.33,0.0,0.0,5.44,0.0,0.0,-1.53,0.0,0.0,13.38,0.0,0.0,-13.85,0.0,-0.004943972233333333,,0.0,217.715381,0.0,7.69142535,83.6316403,0.0030239754,99.67692,0.000779736029,99.99998999999998,100.0,False
2026-06-21 12:30:00,0.0,,89.11,90.3,92.0,93.29,93.29,,0.0,0.0,0.0,,0.0,0.0,0.0,0.0,0.0,0.0,1.73355,3.35,2.90369625,0.0,1.39,0.0,0.0,1.33,0.0,0.0,5.44,0.0,0.0,-1.53,0.0,0.0,13.38,0.0,0.0,-13.85,0.0,-0.004943611,,0.0,217.715686,0.0,8.23137995,83.6317049,0.0031492679,99.67692,0.000834475175,99.99998999999998,100.0,False
2026-06-21 13:00:00,0.0,,90.0,93.8,94.0,82.0,82.0,,0.0,0.0,0.0,,0.0,0.0,0.0,0.0,0.0,0.0,0.63599,3.35,1.06528325,0.0,1.39,0.0,0.0,1.33,0.0,0.0,5.44,0.0,0.0,-1.53,0.0,0.0,13.38,0.0,0.0,-13.85,0.0,-0.004965972266666667,,0.0,217.71604,0.0,8.75980943,83.631749,0.00327512713,99.67692,0.000888045935,99.99998999999998,100.0,False
2026-06-21 13:30:00,0.0,,90.0,94.2,93.5,81.0,81.0,,0.0,0.0,0.0,,0.0,0.0,0.0,0.0,0.0,0.0,0.24567,3.35,0.41149725000000004,0.0,1.39,0.0,0.0,1.33,0.0,0.0,5.44,0.0,0.0,-1.53,0.0,0.0,13.38,0.0,0.0,-13.85,0.0,-0.004934777800000001,,0.0,217.716344,0.0,9.17768093,83.6317905,0.00340019576,99.67692,0.000930408625,99.99998999999998,100.0,False
2026-06-21 14:00:00,0.0,,89.65,93.74,95.08,80.9,80.9,,0.0,0.0,0.0,,0.0,0.0,0.0,0.0,0.0,0.0,1.42037,3.35,2.37911975,0.0,1.39,0.0,0.0,1.33,0.0,0.0,5.44,0.0,0.0,-1.53,0.0,0.0,13.38,0.0,0.0,-13.85,0.0,-0.004873833366666667,,0.0,217.716801,0.0,9.61519798,83.6318238,0.00352371979,99.67692,0.000974762927,99.99998999999998,100.0,False
2026-06-21 14:30:00,0.0,,89.65,96.51,95.99,81.0,81.0,,0.0,0.0,0.0,,0.0,0.0,0.0,0.0,0.0,0.0,0.90295,3.35,1.5124412500000002,0.0,1.39,0.0,0.0,1.33,0.0,0.0,5.44,0.0,0.0,-1.53,0.0,0.0,13.38,0.0,0.0,-13.85,0.0,-0.0049153610333333335,,0.0,217.717206,0.0,10.0402255,83.6318707,0.00364829631,99.67692,0.00101785107,99.99998999999998,100.0,False
2026-06-21 15:00:00,0.0,,90.12,92.0,91.52,80.7,80.7,,0.0,0.0,0.0,,0.0,0.0,0.0,0.0,0.0,0.0,0.57769,3.35,0.9676307500000001,0.0,2.25,0.0,0.0,1.88,0.0,0.0,7.22,0.0,0.0,-0.46,0.0,0.0,15.0,0.0,0.0,-9.48,0.0,-0.004905472233333334,,0.0,217.71751,0.0,10.4474385,83.6319026,0.0037726222,99.67692,0.00105913323,99.99998999999998,100.0,False
2026-06-21 15:30:00,0.0,,90.12,91.19,90.0,78.0,78.0,,0.0,0.0,0.0,,0.0,0.0,0.0,0.0,0.0,0.0,1.36054,3.35,2.2789045000000003,0.0,2.25,0.0,0.0,1.88,0.0,0.0,7.22,0.0,0.0,-0.46,0.0,0.0,15.0,0.0,0.0,-9.48,0.0,-0.0049136111,,0.0,217.717966,0.0,10.8855231,83.6319345,0.00389715438,99.67692,0.00110354507,99.99998999999998,100.0,False
2026-06-21 16:00:00,0.0,,93.0,90.3,94.0,76.0,76.0,,0.0,0.0,0.0,,0.0,0.0,0.0,0.0,0.0,0.0,1.88853,3.35,3.1632877500000003,0.0,2.25,0.0,0.0,1.88,0.0,0.0,7.22,0.0,0.0,-0.46,0.0,0.0,15.0,0.0,0.0,-9.48,0.0,-0.004953,,0.0,217.718372,0.0,11.4376016,83.6319678,0.00402268484,99.67692,0.00115951331,99.99998999999998,100.0,False
2026-06-21 16:30:00,0.0,,93.0,90.3,96.38,77.0,77.0,,0.0,0.0,0.0,,0.0,0.0,0.0,0.0,0.0,0.0,3.61774,3.35,6.0597145,0.0,2.25,0.0,0.0,1.88,0.0,0.0,7.22,0.0,0.0,-0.46,0.0,0.0,15.0,0.0,0.0,-9.48,0.0,-0.0048934166,,0.0,217.718676,0.0,11.9812737,83.6319834,0.00414670519,99.67692,0.00121462932,99.99998999999998,100.0,False
2026-06-21 17:00:00,0.0,,102.6,99.78,98.86,80.0,80.0,,0.0,0.0,0.0,,0.0,0.0,0.0,0.0,0.0,0.0,2.24862,3.35,3.7664385,0.0,2.25,0.0,0.0,1.88,0.0,0.0,7.22,0.0,0.0,-0.46,0.0,0.0,15.0,0.0,0.0,-9.48,0.0,-0.0049251111,,0.0,217.719133,0.0,12.5080791,83.6320237,0.00427152882,99.67692,0.00126803544,99.99998999999998,100.0,False
2026-06-21 17:30:00,0.0,,102.6,102.91,100.0,80.63,80.63,,0.0,0.0,0.0,,0.0,0.0,0.0,0.0,0.0,0.0,2.85079,3.35,4.77507325,0.0,2.25,0.0,0.0,1.88,0.0,0.0,7.22,0.0,0.0,-0.46,0.0,0.0,15.0,0.0,0.0,-9.48,0.0,-0.0049665278666666665,,0.0,217.719436,0.0,13.0617885,83.6320713,0.00439740213,99.67692,0.00132416901,99.99998999999998,100.0,False
2026-06-21 18:00:00,0.0,,120.58,112.11,110.11,90.32,90.32,,0.0,0.0,0.0,,0.0,0.0,0.0,0.0,0.0,0.0,3.58831,3.35,6.01041925,0.0,2.25,0.0,0.0,1.88,0.0,0.0,7.22,0.0,0.0,-0.46,0.0,0.0,15.0,0.0,0.0,-9.48,0.0,-0.0049840833,,0.0,217.719791,0.0,13.6156241,83.6321196,0.00452372037,99.67692,0.00138031537,99.99998999999998,100.0,False
2026-06-21 18:30:00,0.0,,120.58,119.82,120.21,173.0,173.0,,0.0,0.0,0.0,,0.0,0.0,0.0,0.0,0.0,0.0,4.2546,3.35,7.126455,0.0,2.25,0.0,0.0,1.88,0.0,0.0,7.22,0.0,0.0,-0.46,0.0,0.0,15.0,0.0,0.0,-9.48,0.0,-0.004911611133333334,,0.0,217.720298,0.0,14.1744556,83.6321647,0.00464820186,99.67692,0.00143696821,99.99998999999998,100.0,False
2026-06-21 19:00:00,0.0,,133.49,129.41,128.21,173.0,173.0,,0.0,0.0,0.0,,0.0,0.0,0.0,0.0,0.0,0.0,4.87236,3.35,8.161202999999999,0.0,3.98,0.0,0.0,0.4,0.0,0.0,9.49,0.0,0.0,-3.42,0.0,0.0,25.63,0.0,0.0,-13.87,0.0,-0.0049453611,,0.0,217.720501,0.0,14.7736478,83.6322361,0.00477353871,99.67692,0.0014977127,99.99998999999998,100.0,False
2026-06-21 19:30:00,0.0,,133.49,133.41,129.0,173.0,173.0,,0.0,0.0,0.0,,0.0,0.0,0.0,0.0,0.0,0.0,5.23059,3.35,8.76123825,0.0,3.98,0.0,0.0,0.4,0.0,0.0,9.49,0.0,0.0,-3.42,0.0,0.0,25.63,0.0,0.0,-13.87,0.0,-0.004974833333333334,,0.0,217.720957,0.0,15.2939833,83.6323062,0.00489962252,99.67692,0.00155046292,99.99998999999998,100.0,False
2026-06-21 20:00:00,0.0,,136.12,133.43,127.38,176.0,176.0,,0.0,0.0,0.0,,0.0,0.0,0.0,0.0,0.0,0.0,5.30515,3.35,8.88612625,0.0,3.98,0.0,0.0,0.4,0.0,0.0,9.49,0.0,0.0,-3.42,0.0,0.0,25.63,0.0,0.0,-13.87,0.0,-0.004962055566666667,,0.0,217.721362,0.0,15.7807127,83.6323642,0.0050253825,99.67692,0.00159980624,99.99998999999998,100.0,False
2026-06-21 20:30:00,0.0,,136.12,133.43,129.0,176.0,176.0,,0.0,0.0,0.0,,0.0,0.0,0.0,0.0,0.0,0.0,5.45604,3.35,9.138867,0.0,3.98,0.0,0.0,0.4,0.0,0.0,9.49,0.0,0.0,-3.42,0.0,0.0,25.63,0.0,0.0,-13.87,0.0,-0.004945833333333333,,0.0,217.721667,0.0,16.2292541,83.6324302,0.0051507313,99.67692,0.00164527816,99.98503333333333,100.0,False
2026-06-21 21:00:00,0.0,,130.54,129.16,127.17,176.0,176.0,,0.0,0.0,0.0,,0.0,0.0,0.0,0.0,0.0,0.0,5.60885,3.35,9.39482375,0.0,3.98,0.0,0.0,0.4,0.0,0.0,9.49,0.0,0.0,-3.42,0.0,0.0,25.63,0.0,0.0,-13.87,0.0,-0.0050130834,,0.0,217.722072,0.0,16.7184039,83.6324706,0.00527778455,99.67692,0.00169486685,99.99998999999998,100.0,False
2026-06-21 21:30:00,0.0,,130.54,127.55,127.17,173.0,173.0,,0.0,0.0,0.0,,0.0,0.0,0.0,0.0,0.0,0.0,5.64212,3.35,9.450551,0.0,3.98,0.0,0.0,0.4,0.0,0.0,9.49,0.0,0.0,-3.42,0.0,0.0,25.63,0.0,0.0,-13.87,0.0,-0.005030722233333334,,0.0,217.722427,0.0,17.2648176,83.6325252,0.0054052848,99.67692,0.0017502608,99.99998999999998,100.0,False
2026-06-21 22:00:00,0.0,,119.0,122.65,119.91,125.49,125.49,,0.0,0.0,0.0,,0.0,0.0,0.0,0.0,0.0,0.0,5.63617,3.35,9.44058475,0.0,3.98,0.0,0.0,0.4,0.0,0.0,9.49,0.0,0.0,-3.42,0.0,0.0,25.63,0.0,0.0,-13.87,0.0,-0.005025583266666667,,0.0,217.722782,0.0,17.735912,83.6325514,0.00553265485,99.67692,0.00179801909,99.99998999999998,100.0,False
2026-06-21 22:30:00,0.0,,119.0,119.9,119.91,121.68,121.68,,0.0,0.0,0.0,,0.0,0.0,0.0,0.0,0.0,0.0,5.63477,3.35,9.43823975,0.0,3.98,0.0,0.0,0.4,0.0,0.0,9.49,0.0,0.0,-3.42,0.0,0.0,25.63,0.0,0.0,-13.87,0.0,-0.0050686389,,0.0,217.723137,0.0,18.1081609,83.6325878,0.00566111605,99.67692,0.00183575668,99.99998999999998,100.0,False
2026-06-21 23:00:00,0.0,,108.91,111.98,108.81,114.36,114.36,,0.0,0.0,0.0,,0.0,0.0,0.0,0.0,0.0,0.0,5.63408,3.35,9.437084,0.0,2.56,0.0,0.0,1.19,0.0,0.0,5.72,0.0,0.0,-3.0,0.0,0.0,17.34,0.0,0.0,-13.88,0.0,-0.0050198611333333336,,0.0,217.723491,0.0,18.5031851,83.6326356,0.0057883411,99.67692,0.00187580317,99.99998999999998,100.0,False
2026-06-21 23:30:00,0.0,,108.91,107.22,107.5,97.7,97.7,,0.0,0.0,0.0,,0.0,0.0,0.0,0.0,0.0,0.0,5.63646,3.35,9.4410705,0.0,2.56,0.0,0.0,1.19,0.0,0.0,5.72,0.0,0.0,-3.0,0.0,0.0,17.34,0.0,0.0,-13.88,0.0,-0.0049589444333333335,,0.0,217.723896,0.0,18.9370395,83.6326387,0.0059140222,99.67692,0.00191978616,99.99998999999998,100.0,False
2026-06-22 00:00:00,0.0,,105.0,105.93,104.47,111.19,111.19,,0.0,0.0,0.0,,0.0,0.0,0.0,0.0,0.0,0.0,5.63571,3.35,9.439814250000001,0.0,2.56,0.0,0.0,1.19,0.0,0.0,5.72,0.0,0.0,-3.0,0.0,0.0,17.34,0.0,0.0,-13.88,0.0,-0.004936944333333333,,0.0,217.724303,0.0,19.3078235,83.6326317,0.00603914575,99.67692,0.00195737525,99.99998999999998,100.0,False
2026-06-22 00:30:00,0.0,,105.0,105.93,102.34,108.63,108.63,,0.0,0.0,0.0,,0.0,0.0,0.0,0.0,0.0,0.0,5.63956,3.35,9.446263,0.0,2.56,0.0,0.0,1.19,0.0,0.0,5.72,0.0,0.0,-3.0,0.0,0.0,17.34,0.0,0.0,-13.88,0.0,-0.004890027799999999,,0.0,217.724657,0.0,0.384688562,83.6326341,0.000123934468,99.67692,3.89986924e-05,99.99998999999998,100.0,False
2026-06-22 01:00:00,0.0,,101.93,103.8,97.9,104.94,104.94,,0.0,0.0,0.0,,0.0,0.0,0.0,0.0,0.0,0.0,5.63566,3.35,9.4397305,0.0,2.56,0.0,0.0,1.19,0.0,0.0,5.72,0.0,0.0,-3.0,0.0,0.0,17.34,0.0,0.0,-13.88,0.0,-0.0049487499666666665,,0.0,217.724911,0.0,0.794178933,83.6326583,0.000249357211,99.67692,8.05117256e-05,99.99998999999998,100.0,False
2026-06-22 01:30:00,0.0,,101.93,103.5,97.83,100.83,100.83,,0.0,0.0,0.0,,0.0,0.0,0.0,0.0,0.0,0.0,5.63646,3.35,9.4410705,0.0,2.56,0.0,0.0,1.19,0.0,0.0,5.72,0.0,0.0,-3.0,0.0,0.0,17.34,0.0,0.0,-13.88,0.0,-0.004947250066666666,,0.0,217.725266,0.0,1.20693864,83.6326715,0.00037474194,99.67692,0.000122356195,99.99998999999998,100.0,False
2026-06-22 02:00:00,0.0,,98.86,102.81,100.6,81.33,81.33,,0.0,0.0,0.0,,0.0,0.0,0.0,0.0,0.0,0.0,5.63566,3.35,9.4397305,0.0,2.56,0.0,0.0,1.19,0.0,0.0,5.72,0.0,0.0,-3.0,0.0,0.0,17.34,0.0,0.0,-13.88,0.0,-0.004958611066666667,,0.0,217.72562,0.0,1.6064368,83.6326848,0.000500414605,99.67692,0.000162856245,99.99998999999998,100.0,False
2026-06-22 02:30:00,0.0,,98.86,102.17,96.17,81.33,81.33,,0.0,0.0,0.0,,0.0,0.0,0.0,0.0,0.0,0.0,5.63625,3.35,9.44071875,0.0,2.56,0.0,0.0,1.19,0.0,0.0,5.72,0.0,0.0,-3.0,0.0,0.0,17.34,0.0,0.0,-13.88,0.0,-0.004962500000000001,,0.0,217.726077,0.0,1.8818718,83.6326981,0.000626185835,99.67692,0.000190779105,99.99998999999998,100.0,False
2026-06-22 03:00:00,0.0,,95.1,100.4,98.0,81.33,81.33,,0.0,0.0,0.0,,0.0,0.0,0.0,0.0,0.0,0.0,5.63426,3.35,9.437385500000001,0.0,2.25,0.0,0.0,1.99,0.0,0.0,7.14,0.0,0.0,-1.08,0.0,0.0,17.75,0.0,0.0,-9.99,0.0,-0.004982222133333333,,0.0,217.726431,0.0,2.24841255,83.632746,0.000752456905,99.67692,0.000227938021,99.99998999999998,100.0,False
2026-06-22 03:30:00,0.0,,95.1,99.56,98.6,81.33,81.33,,0.0,0.0,0.0,,0.0,0.0,0.0,0.0,0.0,0.0,5.63497,3.35,9.43857475,0.0,2.25,0.0,0.0,1.99,0.0,0.0,7.14,0.0,0.0,-1.08,0.0,0.0,17.75,0.0,0.0,-9.99,0.0,-0.004988472266666666,,0.0,217.726787,0.0,2.60884626,83.6327897,0.000878886385,99.67692,0.000264477822,99.99998999999998,100.0,False
2026-06-22 04:00:00,0.0,,97.3,100.75,103.55,81.34,81.34,,0.0,0.0,0.0,,0.0,0.0,0.0,0.0,0.0,0.0,5.63484,3.35,9.438357,0.0,2.25,0.0,0.0,1.99,0.0,0.0,7.14,0.0,0.0,-1.08,0.0,0.0,17.75,0.0,0.0,-9.99,0.0,-0.004982916633333333,,0.0,217.727141,0.0,2.86066844,83.6328301,0.00100517506,99.67692,0.000290006877,99.99998999999998,100.0,False
2026-06-22 04:30:00,0.0,,97.3,99.02,100.0,81.34,81.34,,0.0,0.0,0.0,,0.0,0.0,0.0,0.0,0.0,0.0,5.60198,3.35,9.383316500000001,0.0,2.25,0.0,0.0,1.99,0.0,0.0,7.14,0.0,0.0,-1.08,0.0,0.0,17.75,0.0,0.0,-9.99,0.0,-0.004961166733333334,,0.0,217.727597,0.0,3.17094555,83.6328867,0.00113091249,99.67692,0.000321461937,99.99998999999998,100.0,False
2026-06-22 05:00:00,0.0,,106.51,107.75,108.0,81.34,81.34,,0.0,0.0,0.0,,0.0,0.0,0.0,0.0,0.0,0.0,5.5112,3.35,9.231259999999999,0.0,2.25,0.0,0.0,1.99,0.0,0.0,7.14,0.0,0.0,-1.08,0.0,0.0,17.75,0.0,0.0,-9.99,0.0,-0.005009222266666666,,0.0,217.727901,0.0,3.5547569,83.6329183,0.00125786786,99.67692,0.0003603717,99.99998999999998,100.0,False
2026-06-22 05:30:00,0.0,,106.51,109.45,109.0,81.34,81.34,,0.0,0.0,0.0,,0.0,0.0,0.0,0.0,0.0,0.0,5.40156,3.35,9.047613,0.0,2.25,0.0,0.0,1.99,0.0,0.0,7.14,0.0,0.0,-1.08,0.0,0.0,17.75,0.0,0.0,-9.99,0.0,-0.005030833266666667,,0.0,217.728256,0.0,3.94283597,83.6329316,0.00138537096,99.67692,0.000399714113,99.99998999999998,100.0,False
2026-06-22 06:00:00,0.0,,113.16,114.49,115.9,81.36,81.36,,0.0,0.0,0.0,,0.0,0.0,0.0,0.0,0.0,0.0,5.21896,3.35,8.741758,0.0,2.25,0.0,0.0,1.99,0.0,0.0,7.14,0.0,0.0,-1.08,0.0,0.0,17.75,0.0,0.0,-9.99,0.0,-0.0049566111,,0.0,217.728611,0.0,4.29560466,83.6329578,0.00151099293,99.67692,0.000435476855,99.99998999999998,100.0,False
2026-06-22 06:30:00,0.0,,113.16,118.0,118.0,81.36,81.36,,0.0,0.0,0.0,,0.0,0.0,0.0,0.0,0.0,0.0,4.97505,3.35,8.33320875,0.0,2.25,0.0,0.0,1.99,0.0,0.0,7.14,0.0,0.0,-1.08,0.0,0.0,17.75,0.0,0.0,-9.99,0.0,-0.004886916666666667,,0.0,217.728966,0.0,4.52731583,83.6329901,0.00163484855,99.67692,0.00045896711,99.99998999999998,100.0,False
2026-06-22 07:00:00,0.0,,111.6,107.48,106.3,81.36,81.36,,0.0,0.0,0.0,,0.0,0.0,0.0,0.0,0.0,0.0,4.3046,3.35,7.210205,0.0,2.55,0.0,0.0,0.45,0.0,0.0,6.17,0.0,0.0,-1.03,0.0,0.0,20.83,0.0,0.0,-14.89,0.0,-0.004949611033333333,,0.0,217.729422,0.0,4.82459837,83.6330298,0.00176029311,99.67692,0.000489104815,99.99998999999998,100.0,False
2026-06-22 07:30:00,0.0,,111.6,110.0,106.03,81.34,81.34,,0.0,0.0,0.0,,0.0,0.0,0.0,0.0,0.0,0.0,3.81332,3.35,6.387311,0.0,2.55,0.0,0.0,0.45,0.0,0.0,6.17,0.0,0.0,-1.03,0.0,0.0,20.83,0.0,0.0,-14.89,0.0,-0.004966944399999999,,0.0,217.729726,0.0,5.20996215,83.6330735,0.00188617699,99.67692,0.000528171959,99.99998999999998,100.0,False
2026-06-22 08:00:00,0.0,,100.69,97.0,96.84,81.31,81.31,,0.0,0.0,0.0,,0.0,0.0,0.0,0.0,0.0,0.0,3.31628,3.35,5.554769,0.0,2.55,0.0,0.0,0.45,0.0,0.0,6.17,0.0,0.0,-1.03,0.0,0.0,20.83,0.0,0.0,-14.89,0.0,-0.0050210278,,0.0,217.730081,0.0,5.57719741,83.6331259,0.00201343156,99.67692,0.000565401283,99.99998999999998,100.0,False
2026-06-22 08:30:00,0.0,,100.69,93.0,94.66,81.04,81.04,,0.0,0.0,0.0,,0.0,0.0,0.0,0.0,0.0,0.0,2.22469,3.35,3.7263557499999997,0.0,2.55,0.0,0.0,0.45,0.0,0.0,6.17,0.0,0.0,-1.03,0.0,0.0,20.83,0.0,0.0,-14.89,0.0,-0.004961055533333334,,0.0,217.730537,0.0,5.8748501,83.6331662,0.00213916618,99.67692,0.000595576512,99.99998999999998,100.0,False
2026-06-22 09:00:00,0.0,,96.33,90.0,94.78,81.01,81.01,,0.0,0.0,0.0,,0.0,0.0,0.0,0.0,0.0,0.0,1.39169,3.35,2.3310807500000004,0.0,2.55,0.0,0.0,0.45,0.0,0.0,6.17,0.0,0.0,-1.03,0.0,0.0,20.83,0.0,0.0,-14.89,0.0,-0.0049843888666666674,,0.0,217.730791,0.0,6.22554164,83.6332104,0.00226549216,99.67692,0.000631128678,99.99998999999998,100.0,False
2026-06-22 09:30:00,0.0,,96.33,88.0,90.0,74.8,74.8,,0.0,0.0,0.0,,0.0,0.0,0.0,0.0,0.0,0.0,1.14787,3.35,1.92268225,0.0,2.55,0.0,0.0,0.45,0.0,0.0,6.17,0.0,0.0,-1.03,0.0,0.0,20.83,0.0,0.0,-14.89,0.0,-0.0049541945,,0.0,217.731246,0.0,6.51413624,83.6332518,0.0023910529,99.67692,0.000660385623,99.99998999999998,100.0,False
2026-06-22 10:00:00,0.0,,89.43,90.0,93.0,73.11,73.11,,0.0,0.0,0.0,,0.0,0.0,0.0,0.0,0.0,0.0,0.4829,3.35,0.8088575,0.0,2.55,0.0,0.0,0.45,0.0,0.0,6.17,0.0,0.0,-1.03,0.0,0.0,20.83,0.0,0.0,-14.89,0.0,-0.004885277733333333,,0.0,217.731652,0.0,6.7875103,83.6332796,0.00251486698,99.67692,0.00068809955,99.99998999999998,100.0,False
2026-06-22 10:30:00,0.0,,89.43,91.3,89.34,74.8,74.8,,0.0,0.0,0.0,,0.0,0.0,0.0,0.0,0.0,0.0,0.08609,3.35,0.14420075000000002,0.0,2.55,0.0,0.0,0.45,0.0,0.0,6.17,0.0,0.0,-1.03,0.0,0.0,20.83,0.0,0.0,-14.89,0.0,-0.0049318610333333335,,0.0,217.732008,0.0,6.95655894,83.6332897,0.00263986169,99.67692,0.000705237247,99.99998999999998,100.0,False
2026-06-22 11:00:00,0.0,,89.74,85.0,88.07,78.0,78.0,,0.0,0.0,0.0,,0.0,0.0,0.0,0.0,0.0,0.0,0.10135,3.35,0.16976125,0.0,1.75,0.0,0.0,3.98,0.0,0.0,5.54,0.0,0.0,4.1,0.0,0.0,16.03,0.0,0.0,-7.91,0.0,-0.004909472200000001,,0.0,217.732463,0.0,7.16692048,83.6332815,0.00276428895,99.67692,0.000726563135,99.99998999999998,100.0,False
2026-06-22 11:30:00,0.0,,89.74,85.0,85.3,64.3,64.3,,0.0,0.0,0.0,,0.0,0.0,0.0,0.0,0.0,0.0,0.0426,3.35,0.071355,0.0,1.75,0.0,0.0,3.98,0.0,0.0,5.54,0.0,0.0,4.1,0.0,0.0,16.03,0.0,0.0,-7.91,0.0,-0.004930555533333333,,0.0,217.732919,0.0,7.37164582,83.6332569,0.00288925058,99.67692,0.000747317639,99.99998999999998,100.0,False
2026-06-22 12:00:00,0.0,,91.6,86.82,90.3,60.0,60.0,,0.0,0.0,0.0,,0.0,0.0,0.0,0.0,0.0,0.0,0.03704,3.35,0.06204199999999999,0.0,1.75,0.0,0.0,3.98,0.0,0.0,5.54,0.0,0.0,4.1,0.0,0.0,16.03,0.0,0.0,-7.91,0.0,-0.00492375,,0.0,217.733274,0.0,7.54004752,83.6332466,0.00301403971,99.67692,0.000764389751,99.99998999999998,100.0,False
2026-06-22 12:30:00,0.0,,91.6,85.8,87.64,60.0,60.0,,0.0,0.0,0.0,,0.0,0.0,0.0,0.0,0.0,0.0,0.03684,3.35,0.061707,0.0,1.75,0.0,0.0,3.98,0.0,0.0,5.54,0.0,0.0,4.1,0.0,0.0,16.03,0.0,0.0,-7.91,0.0,-0.004841194466666666,,0.0,217.733629,0.0,7.75376033,83.6332322,0.00313673652,99.67692,0.000786055381,99.99998999999998,100.0,False
2026-06-22 13:00:00,0.0,,92.35,85.0,84.05,55.0,55.0,,0.0,0.0,0.0,,0.0,0.0,0.0,0.0,0.0,0.0,0.03664,3.35,0.061372,0.0,1.75,0.0,0.0,3.98,0.0,0.0,5.54,0.0,0.0,4.1,0.0,0.0,16.03,0.0,0.0,-7.91,0.0,-0.004942944433333333,,0.0,217.734085,0.0,7.95609836,83.6332273,0.00326201213,99.67692,0.000806567867,99.99998999999998,100.0,False
2026-06-22 13:30:00,0.0,,92.35,85.0,84.34,40.0,40.0,,0.0,0.0,0.0,,0.0,0.0,0.0,0.0,0.0,0.0,0.03622,3.35,0.06066850000000001,0.0,1.75,0.0,0.0,3.98,0.0,0.0,5.54,0.0,0.0,4.1,0.0,0.0,16.03,0.0,0.0,-7.91,0.0,-0.004932694366666667,,0.0,217.73444,0.0,8.1146012,83.6332155,0.00338702796,99.67692,0.000822636459,99.99998999999998,100.0,False
2026-06-22 14:00:00,0.0,,94.0,87.5,88.0,69.3,69.3,,0.0,0.0,0.0,,0.0,0.0,0.0,0.0,0.0,0.0,0.0357,3.35,0.0597975,0.0,1.75,0.0,0.0,3.98,0.0,0.0,5.54,0.0,0.0,4.1,0.0,0.0,16.03,0.0,0.0,-7.91,0.0,-0.004912305633333333,,0.0,217.734896,0.0,8.29403972,83.633224,0.00351152704,99.67692,0.000840827454,99.99998999999998,100.0,False
2026-06-22 14:30:00,0.0,,94.0,87.5,89.0,10.0,10.0,,0.0,0.0,0.0,,0.0,0.0,0.0,0.0,0.0,0.0,0.10411,3.35,0.17438425,0.0,1.75,0.0,0.0,3.98,0.0,0.0,5.54,0.0,0.0,4.1,0.0,0.0,16.03,0.0,0.0,-7.91,0.0,-0.0049201111,,0.0,217.735251,0.0,8.51179921,83.6332149,0.00363622396,99.67692,0.000862903326,99.99998999999998,100.0,False
2026-06-22 15:00:00,0.0,,92.38,87.5,89.0,109.0,109.0,,0.0,0.0,0.0,,0.0,0.0,0.0,0.0,0.0,0.0,0.12228,3.35,0.204819,0.0,4.0,0.0,0.0,7.75,0.0,0.0,11.24,0.0,0.0,5.71,0.0,0.0,20.62,0.0,0.0,0.19,0.0,-0.004917444466666667,,0.0,217.735657,0.0,8.83040395,83.63321,0.00376085328,99.67692,0.000895202618,99.99998999999998,100.0,False
2026-06-22 15:30:00,0.0,,92.38,91.0,90.6,81.05,81.05,,0.0,0.0,0.0,,0.0,0.0,0.0,0.0,0.0,0.0,0.62939,3.35,1.05422825,0.0,4.0,0.0,0.0,7.75,0.0,0.0,11.24,0.0,0.0,5.71,0.0,0.0,20.62,0.0,0.0,0.19,0.0,-0.004916777833333333,,0.0,217.736163,0.0,9.03417806,83.6332349,0.00388546571,99.67692,0.000915860689,99.99998999999998,100.0,False
2026-06-22 16:00:00,0.0,,103.9,98.0,100.0,172.0,172.0,,0.0,0.0,0.0,,0.0,0.0,0.0,0.0,0.0,0.0,0.99754,3.35,1.6708795,0.0,4.0,0.0,0.0,7.75,0.0,0.0,11.24,0.0,0.0,5.71,0.0,0.0,20.62,0.0,0.0,0.19,0.0,-0.0050186666333333334,,0.0,217.736518,0.0,9.29668685,83.6332491,0.00401266044,99.67692,0.000942473125,99.99998999999998,100.0,False
2026-06-22 16:30:00,0.0,,103.9,104.0,99.96,172.0,172.0,,0.0,0.0,0.0,,0.0,0.0,0.0,0.0,0.0,0.0,1.80935,3.35,3.03066125,0.0,4.0,0.0,0.0,7.75,0.0,0.0,11.24,0.0,0.0,5.71,0.0,0.0,20.62,0.0,0.0,0.19,0.0,-0.004862138866666667,,0.0,217.736822,0.0,9.59157806,83.6332735,0.00413588808,99.67692,0.000972368403,99.99998999999998,100.0,False
2026-06-22 17:00:00,0.0,,116.3,127.34,129.82,173.0,173.0,,0.0,0.0,0.0,,0.0,0.0,0.0,0.0,0.0,0.0,2.56455,3.35,4.29562125,0.0,4.0,0.0,0.0,7.75,0.0,0.0,11.24,0.0,0.0,5.71,0.0,0.0,20.62,0.0,0.0,0.19,0.0,-0.004971638866666667,,0.0,217.737279,0.0,9.89921334,83.6332925,0.00426189094,99.67692,0.00100355564,99.99998999999998,100.0,False
2026-06-22 17:30:00,0.0,,116.3,142.65,146.65,174.0,174.0,,0.0,0.0,0.0,,0.0,0.0,0.0,0.0,0.0,0.0,3.36909,3.35,5.64322575,0.0,4.0,0.0,0.0,7.75,0.0,0.0,11.24,0.0,0.0,5.71,0.0,0.0,20.62,0.0,0.0,0.19,0.0,-0.004907750066666667,,0.0,217.737685,0.0,10.201037,83.6333074,0.00438627456,99.67692,0.00103415371,99.99998999999998,100.0,False
2026-06-22 18:00:00,0.0,,143.34,168.0,165.0,174.0,174.0,,0.0,0.0,0.0,,0.0,0.0,0.0,0.0,0.0,0.0,3.82659,3.35,6.40953825,0.0,4.0,0.0,0.0,7.75,0.0,0.0,11.24,0.0,0.0,5.71,0.0,0.0,20.62,0.0,0.0,0.19,0.0,-0.004940222266666666,,0.0,217.738039,0.0,10.5968693,83.6333406,0.00451148118,99.67692,0.00107428213,99.99998999999998,100.0,False
2026-06-22 18:30:00,0.0,,143.34,171.79,183.0,173.0,173.0,,0.0,0.0,0.0,,0.0,0.0,0.0,0.0,0.0,0.0,4.58928,3.35,7.687043999999999,0.0,4.0,0.0,0.0,7.75,0.0,0.0,11.24,0.0,0.0,5.71,0.0,0.0,20.62,0.0,0.0,0.19,0.0,-0.0049050278000000004,,0.0,217.738445,0.0,10.9513749,83.633395,0.0046357958,99.67692,0.00111022095,99.99998999999998,100.0,False
2026-06-22 19:00:00,0.0,,167.75,179.0,189.54,184.44,184.44,,0.0,0.0,0.0,,0.0,0.0,0.0,0.0,0.0,0.0,4.90468,3.35,8.215339,0.0,10.58,0.0,0.0,5.75,0.0,0.0,16.58,0.0,0.0,0.57,0.0,0.0,37.81,0.0,0.0,-12.93,0.0,-0.0049796111,,0.0,217.738748,0.0,11.3305543,83.6334488,0.0047620007,99.67692,0.00114866114,99.99998999999998,100.0,False
2026-06-22 19:30:00,0.0,,167.75,177.0,177.0,173.0,173.0,,0.0,0.0,0.0,,0.0,0.0,0.0,0.0,0.0,0.0,5.29102,3.35,8.862458499999999,0.0,10.58,0.0,0.0,5.75,0.0,0.0,16.58,0.0,0.0,0.57,0.0,0.0,37.81,0.0,0.0,-12.93,0.0,-0.004945833333333333,,0.0,217.739154,0.0,11.6842786,83.6334999,0.00488734953,99.67692,0.00118452076,99.99998999999998,100.0,False
2026-06-22 20:00:00,0.0,,159.16,173.17,177.15,174.0,174.0,,0.0,0.0,0.0,,0.0,0.0,0.0,0.0,0.0,0.0,5.57467,3.35,9.337572250000001,0.0,10.58,0.0,0.0,5.75,0.0,0.0,16.58,0.0,0.0,0.57,0.0,0.0,37.81,0.0,0.0,-12.93,0.0,-0.0050403611,,0.0,217.73956,0.0,12.0844969,83.6335503,0.0050150941,99.67692,0.00122509381,99.99998999999998,100.0,False
2026-06-22 20:30:00,0.0,,159.16,175.65,173.25,114.7,114.7,,0.0,0.0,0.0,,0.0,0.0,0.0,0.0,0.0,0.0,5.60635,3.35,9.39063625,0.0,10.58,0.0,0.0,5.75,0.0,0.0,16.58,0.0,0.0,0.57,0.0,0.0,37.81,0.0,0.0,-12.93,0.0,-0.005018416699999999,,0.0,217.739813,0.0,12.4940418,83.6335966,0.0051422825,99.67692,0.00126661238,99.99998999999998,100.0,False
2026-06-22 21:00:00,0.0,,155.45,170.21,173.0,112.38,112.38,,0.0,0.0,0.0,,0.0,0.0,0.0,0.0,0.0,0.0,5.63978,3.35,9.4466315,0.0,10.58,0.0,0.0,5.75,0.0,0.0,16.58,0.0,0.0,0.57,0.0,0.0,37.81,0.0,0.0,-12.93,0.0,-0.004998222199999999,,0.0,217.740218,0.0,12.8333691,83.6336368,0.0052689591,99.67692,0.00130101247,99.99998999999998,100.0,False
2026-06-22 21:30:00,0.0,,155.45,163.13,165.0,174.0,174.0,,0.0,0.0,0.0,,0.0,0.0,0.0,0.0,0.0,0.0,5.64251,3.35,9.45120425,0.0,10.58,0.0,0.0,5.75,0.0,0.0,16.58,0.0,0.0,0.57,0.0,0.0,37.81,0.0,0.0,-12.93,0.0,-0.0049775278,,0.0,217.740523,0.0,13.1897291,83.6336676,0.0053951112,99.67692,0.00133713928,99.99998999999998,100.0,False
2026-06-22 22:00:00,0.0,,128.0,144.39,144.5,105.0,105.0,,0.0,0.0,0.0,,0.0,0.0,0.0,0.0,0.0,0.0,5.63357,3.35,9.436229749999999,0.0,10.58,0.0,0.0,5.75,0.0,0.0,16.58,0.0,0.0,0.57,0.0,0.0,37.81,0.0,0.0,-12.93,0.0,-0.005032250066666666,,0.0,217.740878,0.0,13.5515763,83.6337065,0.0055226502,99.67692,0.00137382238,99.99998999999998,100.0,False
2026-06-22 22:30:00,0.0,,128.0,142.41,139.0,90.0,90.0,,0.0,0.0,0.0,,0.0,0.0,0.0,0.0,0.0,0.0,5.63445,3.35,9.43770375,0.0,10.58,0.0,0.0,5.75,0.0,0.0,16.58,0.0,0.0,0.57,0.0,0.0,37.81,0.0,0.0,-12.93,0.0,-0.005052472266666667,,0.0,217.741333,0.0,13.8384071,83.6337536,0.0056507017,99.67692,0.00140290052,99.99998999999998,100.0,False
2026-06-22 23:00:00,0.0,,119.6,122.41,124.18,147.0,147.0,,0.0,0.0,0.0,,0.0,0.0,0.0,0.0,0.0,0.0,5.63581,3.35,9.439981750000001,0.0,1.95,0.0,0.0,0.43,0.0,0.0,7.78,0.0,0.0,-2.78,0.0,0.0,21.24,0.0,0.0,-15.27,0.0,-0.0050747222,,0.0,217.741689,0.0,14.1877306,83.6337857,0.0057793171,99.67692,0.00143831399,99.99998999999998,100.0,False
2026-06-22 23:30:00,0.0,,119.6,116.32,115.0,84.0,84.0,,0.0,0.0,0.0,,0.0,0.0,0.0,0.0,0.0,0.0,5.63461,3.35,9.43797175,0.0,1.95,0.0,0.0,0.43,0.0,0.0,7.78,0.0,0.0,-2.78,0.0,0.0,21.24,0.0,0.0,-15.27,0.0,-0.005031527733333333,,0.0,217.742094,0.0,14.5276204,83.633849,0.0059068378,99.67692,0.00147277111,99.99998999999998,100.0,False
2026-06-23 00:00:00,0.0,,112.8,113.17,111.31,82.05,82.05,,0.0,0.0,0.0,,0.0,0.0,0.0,0.0,0.0,0.0,5.64026,3.35,9.4474355,0.0,1.95,0.0,0.0,0.43,0.0,0.0,7.78,0.0,0.0,-2.78,0.0,0.0,21.24,0.0,0.0,-15.27,0.0,-0.0050210556,,0.0,217.742449,0.0,14.8054066,83.6338988,0.0060340931,99.67692,0.00150093233,99.99998999999998,100.0,False
2026-06-23 00:30:00,0.0,,112.8,112.76,115.0,81.65,81.65,,0.0,0.0,0.0,,0.0,0.0,0.0,0.0,0.0,0.0,5.63675,3.35,9.44155625,0.0,1.95,0.0,0.0,0.43,0.0,0.0,7.78,0.0,0.0,-2.78,0.0,0.0,21.24,0.0,0.0,-15.27,0.0,-0.004988916666666667,,0.0,217.742753,0.0,0.233496058,83.6339594,0.000126440741,99.67692,2.36712028e-05,99.99998999999998,100.0,False
2026-06-23 01:00:00,0.0,,108.0,110.02,112.7,81.65,81.65,,0.0,0.0,0.0,,0.0,0.0,0.0,0.0,0.0,0.0,5.63922,3.35,9.4456935,0.0,1.95,0.0,0.0,0.43,0.0,0.0,7.78,0.0,0.0,-2.78,0.0,0.0,21.24,0.0,0.0,-15.27,0.0,-0.004990583333333333,,0.0,217.743209,0.0,0.499788192,83.6340254,0.000252923721,99.67692,5.06671836e-05,99.99998999999998,100.0,False
2026-06-23 01:30:00,0.0,,108.0,107.86,108.3,84.0,84.0,,0.0,0.0,0.0,,0.0,0.0,0.0,0.0,0.0,0.0,5.63609,3.35,9.44045075,0.0,1.95,0.0,0.0,0.43,0.0,0.0,7.78,0.0,0.0,-2.78,0.0,0.0,21.24,0.0,0.0,-15.27,0.0,-0.0050465833333333335,,0.0,217.743666,0.0,0.708096292,83.6340671,0.000380825986,99.67692,7.17848988e-05,99.99998999999998,100.0,False
2026-06-23 02:00:00,0.0,,104.95,108.3,108.2,124.97,124.97,,0.0,0.0,0.0,,0.0,0.0,0.0,0.0,0.0,0.0,5.63582,3.35,9.4399985,0.0,1.95,0.0,0.0,0.43,0.0,0.0,7.78,0.0,0.0,-2.78,0.0,0.0,21.24,0.0,0.0,-15.27,0.0,-0.005021499933333334,,0.0,217.744021,0.0,0.883714718,83.6341304,0.000508092525,99.67692,8.95886228e-05,99.99998999999998,100.0,False
2026-06-23 02:30:00,0.0,,104.95,107.6,107.6,124.59,124.59,,0.0,0.0,0.0,,0.0,0.0,0.0,0.0,0.0,0.0,5.63473,3.35,9.438172750000001,0.0,1.95,0.0,0.0,0.43,0.0,0.0,7.78,0.0,0.0,-2.78,0.0,0.0,21.24,0.0,0.0,-15.27,0.0,-0.005027944433333333,,0.0,217.744375,0.0,1.14199918,83.6341856,0.0006355224,99.67692,0.000115772807,99.99998999999998,100.0,False
2026-06-23 03:00:00,0.0,,103.57,108.64,117.27,125.0,125.0,,0.0,0.0,0.0,,0.0,0.0,0.0,0.0,0.0,0.0,5.63605,3.35,9.44038375,0.0,1.85,0.0,0.0,1.25,0.0,0.0,7.78,0.0,0.0,-1.78,0.0,0.0,21.68,0.0,0.0,-15.97,0.0,-0.005074500033333333,,0.0,217.74478,0.0,1.34594004,83.6342394,0.000764132195,99.67692,0.000136447784,99.99998999999998,100.0,False
2026-06-23 03:30:00,0.0,,103.57,107.22,114.14,101.88,101.88,,0.0,0.0,0.0,,0.0,0.0,0.0,0.0,0.0,0.0,5.63472,3.35,9.438156,0.0,1.85,0.0,0.0,1.25,0.0,0.0,7.78,0.0,0.0,-1.78,0.0,0.0,21.68,0.0,0.0,-15.97,0.0,-0.005058361266666666,,0.0,217.745085,0.0,1.56535513,83.6342987,0.00089233296,99.67692,0.000158691496,99.99998999999998,100.0,False
2026-06-23 04:00:00,0.0,,107.9,106.41,108.0,107.3,107.3,,0.0,0.0,0.0,,0.0,0.0,0.0,0.0,0.0,0.0,5.63657,3.35,9.44125475,0.0,1.85,0.0,0.0,1.25,0.0,0.0,7.78,0.0,0.0,-1.78,0.0,0.0,21.68,0.0,0.0,-15.97,0.0,-0.0049852222,,0.0,217.74549,0.0,1.84034394,83.6343539,0.00101868007,99.67692,0.000186569122,99.99998999999998,100.0,False
2026-06-23 04:30:00,0.0,,107.9,108.36,106.1,88.7,88.7,,0.0,0.0,0.0,,0.0,0.0,0.0,0.0,0.0,0.0,5.62655,3.35,9.42447125,0.0,1.85,0.0,0.0,1.25,0.0,0.0,7.78,0.0,0.0,-1.78,0.0,0.0,21.68,0.0,0.0,-15.97,0.0,-0.0049296666,,0.0,217.745896,0.0,2.09008423,83.6344138,0.00114361915,99.67692,0.000211887121,99.99998999999998,100.0,False
2026-06-23 05:00:00,0.0,,112.7,111.99,112.0,91.82,91.82,,0.0,0.0,0.0,,0.0,0.0,0.0,0.0,0.0,0.0,5.60994,3.35,9.3966495,0.0,1.85,0.0,0.0,1.25,0.0,0.0,7.78,0.0,0.0,-1.78,0.0,0.0,21.68,0.0,0.0,-15.97,0.0,-0.004988722266666667,,0.0,217.746251,0.0,2.25968759,83.6344615,0.00127005496,99.67692,0.000229081054,99.99998999999998,100.0,False
2026-06-23 05:30:00,0.0,,112.7,112.0,114.76,98.04,98.04,,0.0,0.0,0.0,,0.0,0.0,0.0,0.0,0.0,0.0,5.48289,3.35,9.18384075,0.0,1.85,0.0,0.0,1.25,0.0,0.0,7.78,0.0,0.0,-1.78,0.0,0.0,21.68,0.0,0.0,-15.97,0.0,-0.005037805566666667,,0.0,217.746555,0.0,2.47712149,83.6345249,0.00139773477,99.67692,0.000251123919,99.99998999999998,100.0,False
2026-06-23 06:00:00,0.0,,123.18,120.93,121.0,95.01,95.01,,0.0,0.0,0.0,,0.0,0.0,0.0,0.0,0.0,0.0,5.2509,3.35,8.7952575,0.0,1.85,0.0,0.0,1.25,0.0,0.0,7.78,0.0,0.0,-1.78,0.0,0.0,21.68,0.0,0.0,-15.97,0.0,-0.0050271388999999994,,0.0,217.74691,0.0,2.65583948,83.6345692,0.00152514422,99.67692,0.000269241868,99.99998999999998,100.0,False
2026-06-23 06:30:00,0.0,,123.18,124.98,128.75,101.7,101.7,,0.0,0.0,0.0,,0.0,0.0,0.0,0.0,0.0,0.0,4.937,3.35,8.269475,0.0,1.85,0.0,0.0,1.25,0.0,0.0,7.78,0.0,0.0,-1.78,0.0,0.0,21.68,0.0,0.0,-15.97,0.0,-0.005026249933333333,,0.0,217.747467,0.0,2.83794435,83.6346175,0.00165253115,99.67692,0.00028770317,99.99998999999998,100.0,False
2026-06-23 07:00:00,0.0,,118.36,115.5,115.0,82.05,82.05,,0.0,0.0,0.0,,0.0,0.0,0.0,0.0,0.0,0.0,4.37433,3.35,7.327002749999999,0.0,2.98,0.0,0.0,1.05,0.0,0.0,8.81,0.0,0.0,-2.81,0.0,0.0,16.53,0.0,0.0,-12.3,0.0,-0.0051379444666666664,,0.0,217.747721,0.0,3.08076564,83.6346712,0.0017827489,99.67692,0.00031231974,99.99998999999998,100.0,False
2026-06-23 07:30:00,0.0,,118.36,116.49,121.36,82.05,82.05,,0.0,0.0,0.0,,0.0,0.0,0.0,0.0,0.0,0.0,3.68954,3.35,6.1799795,0.0,2.98,0.0,0.0,1.05,0.0,0.0,8.81,0.0,0.0,-2.81,0.0,0.0,16.53,0.0,0.0,-12.3,0.0,-0.004996805533333333,,0.0,217.748075,0.0,3.37038349,83.6347114,0.00190938957,99.67692,0.000341680419,99.99998999999998,100.0,False
2026-06-23 08:00:00,0.0,,104.92,99.8,104.0,147.15,147.15,,0.0,0.0,0.0,,0.0,0.0,0.0,0.0,0.0,0.0,2.95931,3.35,4.95684425,0.0,2.98,0.0,0.0,1.05,0.0,0.0,8.81,0.0,0.0,-2.81,0.0,0.0,16.53,0.0,0.0,-12.3,0.0,-0.005042638866666667,,0.0,217.748582,0.0,3.68780991,83.634736,0.00203719187,99.67692,0.000373860256,99.99998999999998,100.0,False
2026-06-23 08:30:00,0.0,,104.92,94.0,100.0,116.06,116.06,,0.0,0.0,0.0,,0.0,0.0,0.0,0.0,0.0,0.0,2.35332,3.35,3.9418110000000004,0.0,2.98,0.0,0.0,1.05,0.0,0.0,8.81,0.0,0.0,-2.81,0.0,0.0,16.53,0.0,0.0,-12.3,0.0,-0.004959555566666667,,0.0,217.748835,0.0,4.05096218,83.6347489,0.00216288847,99.67692,0.000410675657,99.99998999999998,100.0,False
2026-06-23 09:00:00,0.0,,94.16,87.95,88.0,81.65,81.65,,0.0,0.0,0.0,,0.0,0.0,0.0,0.0,0.0,0.0,1.64038,3.35,2.7476365,0.0,2.98,0.0,0.0,1.05,0.0,0.0,8.81,0.0,0.0,-2.81,0.0,0.0,16.53,0.0,0.0,-12.3,0.0,-0.0049130833,,0.0,217.749241,0.0,4.37678375,83.6347421,0.00228740727,99.67692,0.000443706572,99.99998999999998,100.0,False
2026-06-23 09:30:00,0.0,,94.16,86.23,89.0,81.04,81.04,,0.0,0.0,0.0,,0.0,0.0,0.0,0.0,0.0,0.0,1.14771,3.35,1.92241425,0.0,2.98,0.0,0.0,1.05,0.0,0.0,8.81,0.0,0.0,-2.81,0.0,0.0,16.53,0.0,0.0,-12.3,0.0,-0.004978722299999999,,0.0,217.749697,0.0,4.75346444,83.63474,0.00241358964,99.67692,0.000481893448,99.99998999999998,100.0,False
2026-06-23 10:00:00,0.0,,89.0,86.0,89.2,78.68,78.68,,0.0,0.0,0.0,,0.0,0.0,0.0,0.0,0.0,0.0,0.86754,3.35,1.4531295,0.0,2.98,0.0,0.0,1.05,0.0,0.0,8.81,0.0,0.0,-2.81,0.0,0.0,16.53,0.0,0.0,-12.3,0.0,-0.0049581667,,0.0,217.750001,0.0,5.18393438,83.6347406,0.00253925105,99.67692,0.000525533334,99.99998999999998,100.0,False
2026-06-23 10:30:00,0.0,,89.0,86.03,94.0,80.76,80.76,,0.0,0.0,0.0,,0.0,0.0,0.0,0.0,0.0,0.0,0.88344,3.35,1.479762,0.0,2.98,0.0,0.0,1.05,0.0,0.0,8.81,0.0,0.0,-2.81,0.0,0.0,16.53,0.0,0.0,-12.3,0.0,-0.0049342778,,0.0,217.750457,0.0,5.65513383,83.6347399,0.002664307,99.67692,0.000573302268,99.99998999999998,100.0,False
2026-06-23 11:00:00,0.0,,86.6,83.97,91.6,106.94,106.94,,0.0,0.0,0.0,,0.0,0.0,0.0,0.0,0.0,0.0,0.81182,3.35,1.3597985,0.0,1.85,0.0,0.0,8.65,0.0,0.0,6.25,0.0,0.0,5.72,0.0,0.0,15.06,0.0,0.0,-7.5,0.0,-0.004931388966666666,,0.0,217.750762,0.0,6.11250774,83.6347493,0.00278928974,99.67692,0.000619669605,99.99998999999998,100.0,False
2026-06-23 11:30:00,0.0,,86.6,81.77,88.2,80.22,80.22,,0.0,0.0,0.0,,0.0,0.0,0.0,0.0,0.0,0.0,0.04233,3.35,0.07090275,0.0,1.85,0.0,0.0,8.65,0.0,0.0,6.25,0.0,0.0,5.72,0.0,0.0,15.06,0.0,0.0,-7.5,0.0,-0.0049780555,,0.0,217.751218,0.0,6.58625672,83.6347451,0.00291545521,99.67692,0.000667697003,99.99998999999998,100.0,False
2026-06-23 12:00:00,0.0,,88.0,85.55,90.0,81.03,81.03,,0.0,0.0,0.0,,0.0,0.0,0.0,0.0,0.0,0.0,0.04083,3.35,0.06839025,0.0,1.85,0.0,0.0,8.65,0.0,0.0,6.25,0.0,0.0,5.72,0.0,0.0,15.06,0.0,0.0,-7.5,0.0,-0.004863611100000001,,0.0,217.751675,0.0,7.06731768,83.6347408,0.00303872017,99.67692,0.000716465671,99.99998999999998,100.0,False
2026-06-23 12:30:00,0.0,,88.0,83.2,89.2,81.01,81.01,,0.0,0.0,0.0,,0.0,0.0,0.0,0.0,0.0,0.0,0.03607,3.35,0.06041725,0.0,1.85,0.0,0.0,8.65,0.0,0.0,6.25,0.0,0.0,5.72,0.0,0.0,15.06,0.0,0.0,-7.5,0.0,-0.004933861166666667,,0.0,217.751877,0.0,7.65646629,83.6347446,0.00316376557,99.67692,0.000776191973,99.99998999999998,100.0,False
2026-06-23 13:00:00,0.0,,87.2,82.85,88.2,81.04,81.04,,0.0,0.0,0.0,,0.0,0.0,0.0,0.0,0.0,0.0,0.05404,3.35,0.090517,0.0,1.85,0.0,0.0,8.65,0.0,0.0,6.25,0.0,0.0,5.72,0.0,0.0,15.06,0.0,0.0,-7.5,0.0,-0.0048653610666666664,,0.0,217.752384,0.0,8.21891566,83.6347308,0.00328707487,99.67692,0.000833211579,99.99998999999998,100.0,False
2026-06-23 13:30:00,0.0,,87.2,84.18,88.2,82.11,82.11,,0.0,0.0,0.0,,0.0,0.0,0.0,0.0,0.0,0.0,0.11508,3.35,0.192759,0.0,1.85,0.0,0.0,8.65,0.0,0.0,6.25,0.0,0.0,5.72,0.0,0.0,15.06,0.0,0.0,-7.5,0.0,-0.004861222233333334,,0.0,217.75284,0.0,8.74824468,83.6347225,0.00341027928,99.67692,0.000886873532,99.99998999999998,100.0,False
2026-06-23 14:00:00,0.0,,87.2,86.01,88.2,95.51,95.51,,0.0,0.0,0.0,,0.0,0.0,0.0,0.0,0.0,0.0,0.10661,3.35,0.17857175,0.0,1.85,0.0,0.0,8.65,0.0,0.0,6.25,0.0,0.0,5.72,0.0,0.0,15.06,0.0,0.0,-7.5,0.0,-0.004891555533333334,,0.0,217.753145,0.0,9.37610513,83.6347386,0.00353425247,99.67692,0.000950524337,99.99998999999998,100.0,False
2026-06-23 14:30:00,0.0,,87.2,85.96,88.2,81.06,81.06,,0.0,0.0,0.0,,0.0,0.0,0.0,0.0,0.0,0.0,1.08987,3.35,1.82553225,0.0,1.85,0.0,0.0,8.65,0.0,0.0,6.25,0.0,0.0,5.72,0.0,0.0,15.06,0.0,0.0,-7.5,0.0,-0.005017083366666667,,0.0,217.75355,0.0,10.0322839,83.6347602,0.00366140707,99.67692,0.00101704598,99.99998999999998,100.0,False
2026-06-23 15:00:00,0.0,,92.97,92.9,94.0,81.06,81.06,,0.0,0.0,0.0,,0.0,0.0,0.0,0.0,0.0,0.0,0.05813,3.35,0.09736775,0.0,6.89,0.0,0.0,12.25,0.0,0.0,17.15,0.0,0.0,7.38,0.0,0.0,31.15,0.0,0.0,10.0,0.0,-0.0048208611000000005,,0.0,217.753955,0.0,10.7263148,83.6347975,0.00378358856,99.67692,0.00108740496,99.99998999999998,100.0,False
2026-06-23 15:30:00,0.0,,92.97,93.1,95.49,78.55,78.55,,0.0,0.0,0.0,,0.0,0.0,0.0,0.0,0.0,0.0,0.45914,3.35,0.7690595,0.0,6.89,0.0,0.0,12.25,0.0,0.0,17.15,0.0,0.0,7.38,0.0,0.0,31.15,0.0,0.0,10.0,0.0,-0.0049383889,,0.0,217.754361,0.0,11.366278,83.6348165,0.00390874871,99.67692,0.00115228271,99.99998999999998,100.0,False
2026-06-23 16:00:00,0.0,,105.0,109.1,116.68,159.0,159.0,,0.0,0.0,0.0,,0.0,0.0,0.0,0.0,0.0,0.0,1.30339,3.35,2.18317825,0.0,6.89,0.0,0.0,12.25,0.0,0.0,17.15,0.0,0.0,7.38,0.0,0.0,31.15,0.0,0.0,10.0,0.0,-0.004812111166666667,,0.0,217.754716,0.0,12.029397,83.6348558,0.00403070843,99.67692,0.00121950793,99.99998999999998,100.0,False
2026-06-23 16:30:00,0.0,,105.0,112.0,115.0,79.09,79.09,,0.0,0.0,0.0,,0.0,0.0,0.0,0.0,0.0,0.0,1.85127,3.35,3.10087725,0.0,6.89,0.0,0.0,12.25,0.0,0.0,17.15,0.0,0.0,7.38,0.0,0.0,31.15,0.0,0.0,10.0,0.0,-0.0049147222,,0.0,217.755121,0.0,12.7427866,83.6348985,0.00415526876,99.67692,0.00129182945,99.99998999999998,100.0,False
2026-06-23 17:00:00,0.0,,133.0,155.28,150.57,223.6,223.6,,0.0,0.0,0.0,,0.0,0.0,0.0,0.0,0.0,0.0,2.24946,3.35,3.7678455,0.0,6.89,0.0,0.0,12.25,0.0,0.0,17.15,0.0,0.0,7.38,0.0,0.0,31.15,0.0,0.0,10.0,0.0,-0.004972638933333333,,0.0,217.755527,0.0,13.4338966,83.6349393,0.00428129695,99.67692,0.00136189233,99.99998999999998,100.0,False
2026-06-23 17:30:00,0.0,,133.0,185.4,173.01,224.38,224.38,,0.0,0.0,0.0,,0.0,0.0,0.0,0.0,0.0,0.0,2.98759,3.35,5.00421325,0.0,6.89,0.0,0.0,12.25,0.0,0.0,17.15,0.0,0.0,7.38,0.0,0.0,31.15,0.0,0.0,10.0,0.0,-0.0048668334,,0.0,217.755933,0.0,14.1293672,83.6349761,0.00440464358,99.67692,0.00143239727,99.99998999999998,100.0,False
2026-06-23 18:00:00,0.0,,185.58,220.0,210.2,454.5,454.5,,0.0,0.0,0.0,,0.0,0.0,0.0,0.0,0.0,0.0,3.70603,3.35,6.2076002500000005,0.0,6.89,0.0,0.0,12.25,0.0,0.0,17.15,0.0,0.0,7.38,0.0,0.0,31.15,0.0,0.0,10.0,0.0,-0.004914638866666667,,0.0,217.756186,0.0,14.828891,83.6350203,0.0045292018,99.67692,0.00150331311,99.99998999999998,100.0,False
2026-06-23 18:30:00,0.146,,185.58,240.0,235.0,470.87,470.87,,68.74701999999999,0.0,0.0,,0.0,0.0,0.0,0.0,0.0,0.0,4.00781,3.35,6.713081750000001,0.0,6.89,0.0,0.0,12.25,0.0,0.0,17.15,0.0,0.0,7.38,0.0,0.0,31.15,0.0,0.0,10.0,0.0,-0.004957611133333334,,0.0,217.756591,0.0,15.4196406,83.6350686,0.00465484912,99.67692,0.00156320172,99.99998999999998,100.0,False
2026-06-23 19:00:00,2.049,,229.86,251.43,251.0,720.9,720.9,,1477.1241,0.0,0.0,,0.0,0.0,0.0,0.0,0.0,0.0,0.98741,3.35,1.65391175,0.0,20.71,0.0,0.0,7.25,0.0,0.0,20.19,0.0,0.0,10.55,0.0,0.0,59.43,0.0,0.0,-4.85,0.0,0.33419851110000004,,0.0,217.765665,0.0,186.969131,83.6358747,0.0132927103,99.67692,0.018954428,99.99998999999998,100.0,False
2026-06-23 19:30:00,0.0,,229.86,268.55,253.9,770.05,770.05,,0.0,0.0,0.0,,0.0,0.0,0.0,0.0,0.0,0.0,5.22135,3.35,8.745761250000001,0.0,20.71,0.0,0.0,7.25,0.0,0.0,20.19,0.0,0.0,10.55,0.0,0.0,59.43,0.0,0.0,-4.85,0.0,3.902351233333334,,0.0,217.865065,0.0,2150.92203,83.7186749,0.11219518,99.67692,0.218054694,99.99998999999998,100.0,False
2026-06-23 20:00:00,0.0,,229.67,246.86,250.57,789.04,789.04,,0.0,0.0,0.0,,0.0,0.0,0.0,0.0,0.0,0.0,5.37559,3.35,9.00411325,0.0,20.71,0.0,0.0,7.25,0.0,0.0,20.19,0.0,0.0,10.55,0.0,0.0,59.43,0.0,0.0,-4.85,0.0,-0.0050382222,,0.0,217.865319,0.0,2151.54398,83.7218479,0.112322871,99.67692,0.218117746,99.99998999999998,100.0,False
2026-06-23 20:30:00,0.0,,229.67,237.55,256.0,800.0,800.0,,0.0,0.0,0.0,,0.0,0.0,0.0,0.0,0.0,0.0,5.486,3.35,9.18905,0.0,20.71,0.0,0.0,7.25,0.0,0.0,20.19,0.0,0.0,10.55,0.0,0.0,59.43,0.0,0.0,-4.85,0.0,-0.004981361133333333,,0.0,217.865724,0.0,2152.22414,83.7218982,0.11244912,99.67692,0.218186698,99.99998999999998,100.0,False
2026-06-23 21:00:00,0.0,,197.71,224.94,236.0,550.0,550.0,,0.0,0.0,0.0,,0.0,0.0,0.0,0.0,0.0,0.0,5.60518,3.35,9.3886765,0.0,20.71,0.0,0.0,7.25,0.0,0.0,20.19,0.0,0.0,10.55,0.0,0.0,59.43,0.0,0.0,-4.85,0.0,-0.0050159445,,0.0,217.866129,0.0,2152.92688,83.7219553,0.112576246,99.67692,0.21825794,99.99998999999998,100.0,False
2026-06-23 21:30:00,0.0,,197.71,211.0,221.0,528.04,528.04,,0.0,0.0,0.0,,0.0,0.0,0.0,0.0,0.0,0.0,5.64505,3.35,9.45545875,0.0,20.71,0.0,0.0,7.25,0.0,0.0,20.19,0.0,0.0,10.55,0.0,0.0,59.43,0.0,0.0,-4.85,0.0,-0.005052444466666667,,0.0,217.866484,0.0,2153.73215,83.7220186,0.112704297,99.67692,0.218339576,99.99998999999998,100.0,False
2026-06-23 22:00:00,0.0,,158.0,201.04,198.95,329.08,329.08,,0.0,0.0,0.0,,0.0,0.0,0.0,0.0,0.0,0.0,5.63722,3.35,9.4423435,0.0,20.71,0.0,0.0,7.25,0.0,0.0,20.19,0.0,0.0,10.55,0.0,0.0,59.43,0.0,0.0,-4.85,0.0,-0.005063972233333333,,0.0,217.866839,0.0,2154.43756,83.7220601,0.112832639,99.67692,0.218411089,99.99998999999998,100.0,False
2026-06-23 22:30:00,0.0,,158.0,190.84,183.73,226.68,226.68,,0.0,0.0,0.0,,0.0,0.0,0.0,0.0,0.0,0.0,5.63465,3.35,9.43803875,0.0,20.71,0.0,0.0,7.25,0.0,0.0,20.19,0.0,0.0,10.55,0.0,0.0,59.43,0.0,0.0,-4.85,0.0,-0.0049978333,,0.0,217.867193,0.0,2155.06285,83.7220982,0.112959306,99.67692,0.218474479,99.99998999999998,100.0,False
2026-06-23 23:00:00,0.0,,129.75,148.0,141.5,190.0,190.0,,0.0,0.0,0.0,,0.0,0.0,0.0,0.0,0.0,0.0,5.63468,3.35,9.438089000000002,0.0,4.77,0.0,0.0,0.5,0.0,0.0,10.35,0.0,0.0,-1.56,0.0,0.0,27.08,0.0,0.0,-14.75,0.0,-0.005003111133333333,,0.0,217.867599,0.0,2155.66825,83.7221561,0.113086107,99.67692,0.218535853,99.99998999999998,100.0,False
2026-06-23 23:30:00,0.0,,129.75,138.0,131.45,200.0,200.0,,0.0,0.0,0.0,,0.0,0.0,0.0,0.0,0.0,0.0,5.63685,3.35,9.44172375,0.0,4.77,0.0,0.0,0.5,0.0,0.0,10.35,0.0,0.0,-1.56,0.0,0.0,27.08,0.0,0.0,-14.75,0.0,-0.004997361066666667,,0.0,217.867954,0.0,2156.23656,83.7222099,0.113212761,99.67692,0.218593467,99.99998999999998,100.0,False
2026-06-24 00:00:00,0.0,,122.37,125.0,122.37,95.91,95.91,,0.0,0.0,0.0,,0.0,0.0,0.0,0.0,0.0,0.0,5.63748,3.35,9.442779,0.0,4.77,0.0,0.0,0.5,0.0,0.0,10.35,0.0,0.0,-1.56,0.0,0.0,27.08,0.0,0.0,-14.75,0.0,-0.0050157778,,0.0,217.868359,0.0,2156.83299,83.722282,0.113339883,99.67692,0.218653931,99.99998999999998,100.0,False
2026-06-24 00:30:00,0.0,,122.37,124.94,121.6,154.81,154.81,,0.0,0.0,0.0,,0.0,0.0,0.0,0.0,0.0,0.0,5.63592,3.35,9.440166,0.0,4.77,0.0,0.0,0.5,0.0,0.0,10.35,0.0,0.0,-1.56,0.0,0.0,27.08,0.0,0.0,-14.75,0.0,-0.004989916699999999,,0.0,217.868715,0.0,0.576744233,83.7223561,0.000126466086,99.67692,5.84687801e-05,99.99998999999998,100.0,False
2026-06-24 01:00:00,0.0,,115.45,117.4,115.6,125.88,125.88,,0.0,0.0,0.0,,0.0,0.0,0.0,0.0,0.0,0.0,5.63588,3.35,9.440099,0.0,4.77,0.0,0.0,0.5,0.0,0.0,10.35,0.0,0.0,-1.56,0.0,0.0,27.08,0.0,0.0,-14.75,0.0,-0.005017722266666667,,0.0,217.86912,0.0,1.0724792,83.7224302,0.000253636884,99.67692,0.000108725059,99.98503333333333,100.0,False
2026-06-24 01:30:00,0.0,,115.45,119.13,118.4,129.32,129.32,,0.0,0.0,0.0,,0.0,0.0,0.0,0.0,0.0,0.0,5.63343,3.35,9.43599525,0.0,4.77,0.0,0.0,0.5,0.0,0.0,10.35,0.0,0.0,-1.56,0.0,0.0,27.08,0.0,0.0,-14.75,0.0,-0.005028333366666666,,0.0,217.869475,0.0,1.51328518,83.7224839,0.000381076615,99.67692,0.000153412784,99.99998999999998,100.0,False
2026-06-24 02:00:00,0.0,,113.41,114.0,112.8,133.17,133.17,,0.0,0.0,0.0,,0.0,0.0,0.0,0.0,0.0,0.0,5.63674,3.35,9.4415395,0.0,4.77,0.0,0.0,0.5,0.0,0.0,10.35,0.0,0.0,-1.56,0.0,0.0,27.08,0.0,0.0,-14.75,0.0,-0.005030138866666666,,0.0,217.869931,0.0,2.03272006,83.7225539,0.000508562105,99.67692,0.000206071696,99.99998999999998,100.0,False
2026-06-24 02:30:00,0.0,,113.41,113.41,112.39,86.89,86.89,,0.0,0.0,0.0,,0.0,0.0,0.0,0.0,0.0,0.0,5.64199,3.35,9.45033325,0.0,4.77,0.0,0.0,0.5,0.0,0.0,10.35,0.0,0.0,-1.56,0.0,0.0,27.08,0.0,0.0,-14.75,0.0,-0.0058570278,,0.276334472,217.870184,2.8014046e-05,2.16257256,83.7225845,0.00065700454,99.67692,0.000219235793,99.99998999999998,100.0,False
2026-06-24 03:00:00,0.0,,113.79,112.3,112.8,155.08,155.08,,0.0,0.0,0.0,,0.0,0.0,0.0,0.0,0.0,0.0,5.64144,3.35,9.449412,0.0,3.27,0.0,0.0,6.1,0.0,0.0,8.11,0.0,0.0,-1.92,0.0,0.0,18.54,0.0,0.0,-12.6,0.0,-0.006364916666666667,,0.755577915,217.870488,7.65984582e-05,2.16257256,83.7225485,0.000818319075,99.67692,0.000219235793,99.99998999999998,100.0,False
2026-06-24 03:30:00,0.0,,113.79,112.85,113.67,117.5,117.5,,0.0,0.0,0.0,,0.0,0.0,0.0,0.0,0.0,0.0,5.6371,3.35,9.442142500000001,0.0,3.27,0.0,0.0,6.1,0.0,0.0,8.11,0.0,0.0,-1.92,0.0,0.0,18.54,0.0,0.0,-12.6,0.0,-0.006196833333333333,,1.04828418,217.870742,0.000106272233,2.16257256,83.7225287,0.000975373655,99.67692,0.000219235793,99.99998999999998,100.0,False
2026-06-24 04:00:00,0.0,,115.48,115.76,113.6,157.58,157.58,,0.0,0.0,0.0,,0.0,0.0,0.0,0.0,0.0,0.0,5.6371,3.35,9.442142500000001,0.0,3.27,0.0,0.0,6.1,0.0,0.0,8.11,0.0,0.0,-1.92,0.0,0.0,18.54,0.0,0.0,-12.6,0.0,-0.0061998611,,1.52298142,217.871046,0.000154395763,2.16257256,83.7225009,0.00113250496,99.67692,0.000219235793,99.99998999999998,100.0,False
2026-06-24 04:30:00,0.0,,115.48,117.32,115.0,155.0,155.0,,0.0,0.0,0.0,,0.0,0.0,0.0,0.0,0.0,0.0,5.60677,3.35,9.39133975,0.0,3.27,0.0,0.0,6.1,0.0,0.0,8.11,0.0,0.0,-1.92,0.0,0.0,18.54,0.0,0.0,-12.6,0.0,-0.0062290555666666666,,1.91664955,217.871299,0.00019430478,2.16257256,83.7224853,0.00129037619,99.67692,0.000219235793,99.99998999999998,100.0,False
2026-06-24 05:00:00,0.0,,117.81,124.8,120.17,128.82,128.82,,0.0,0.0,0.0,,0.0,0.0,0.0,0.0,0.0,0.0,5.49007,3.35,9.195867250000001,0.0,3.27,0.0,0.0,6.1,0.0,0.0,8.11,0.0,0.0,-1.92,0.0,0.0,18.54,0.0,0.0,-12.6,0.0,-0.006213111099999999,,2.3776262,217.871553,0.000241037353,2.16257256,83.7224561,0.00144784332,99.67692,0.000219235793,99.99998999999998,100.0,False
2026-06-24 05:30:00,0.0,,117.81,124.0,121.6,102.4,102.4,,0.0,0.0,0.0,,0.0,0.0,0.0,0.0,0.0,0.0,5.34088,3.35,8.945974000000001,0.0,3.27,0.0,0.0,6.1,0.0,0.0,8.11,0.0,0.0,-1.92,0.0,0.0,18.54,0.0,0.0,-12.6,0.0,-0.0061016389,,2.87799131,217.871908,0.000291763023,2.16257256,83.7224337,0.00160248526,99.67692,0.000219235793,99.99998999999998,100.0,False
2026-06-24 06:00:00,0.0,,131.19,131.5,129.71,87.93,87.93,,0.0,0.0,0.0,,0.0,0.0,0.0,0.0,0.0,0.0,5.19179,3.35,8.69624825,0.0,3.27,0.0,0.0,6.1,0.0,0.0,8.11,0.0,0.0,-1.92,0.0,0.0,18.54,0.0,0.0,-12.6,0.0,-0.007083222399999999,,3.83766123,217.872161,0.00038905178,2.16257256,83.7224099,0.00178200476,99.67692,0.000219235793,99.99998999999998,100.0,False
2026-06-24 06:30:00,0.0,,131.19,138.77,139.1,81.33,81.33,,0.0,0.0,0.0,,0.0,0.0,0.0,0.0,0.0,0.0,4.91245,3.35,8.22835375,0.0,3.27,0.0,0.0,6.1,0.0,0.0,8.11,0.0,0.0,-1.92,0.0,0.0,18.54,0.0,0.0,-12.6,0.0,-0.0118143885,,7.14205009,217.872516,0.000724041841,2.16257256,83.7223115,0.0020814325,99.67692,0.000219235793,99.99998999999998,100.0,False
2026-06-24 07:00:00,0.0,,125.2,131.98,126.93,70.0,70.0,,0.0,0.0,0.0,,0.0,0.0,0.0,0.0,0.0,0.0,4.4226,3.35,7.4078550000000005,0.0,2.78,0.0,0.0,3.22,0.0,0.0,9.18,0.0,0.0,-2.72,0.0,0.0,16.68,0.0,0.0,-12.97,0.0,-0.011812194433333333,,10.3302739,217.872922,0.0010472554,2.16257256,83.7222132,0.00238080463,99.67692,0.000219235793,99.99998999999998,100.0,False
2026-06-24 07:30:00,0.0,,125.2,138.0,131.73,81.33,81.33,,0.0,0.0,0.0,,0.0,0.0,0.0,0.0,0.0,0.0,3.80194,3.35,6.3682495,0.0,2.78,0.0,0.0,3.22,0.0,0.0,9.18,0.0,0.0,-2.72,0.0,0.0,16.68,0.0,0.0,-12.97,0.0,-0.011796361033333334,,13.4416476,217.873277,0.0013626781,2.16257256,83.7221203,0.00267977548,99.67692,0.000219235793,99.99998999999998,100.0,False
2026-06-24 08:00:00,0.0,,106.61,110.69,107.7,89.36,89.36,,0.0,0.0,0.0,,0.0,0.0,0.0,0.0,0.0,0.0,3.07817,3.35,5.15593475,0.0,2.78,0.0,0.0,3.22,0.0,0.0,9.18,0.0,0.0,-2.72,0.0,0.0,16.68,0.0,0.0,-12.97,0.0,-0.011723999733333332,,16.5075377,217.873631,0.0016734898,2.16257256,83.7220151,0.00297691238,99.67692,0.000219235793,99.99998999999998,100.0,False
2026-06-24 08:30:00,0.0,,106.61,103.93,103.44,81.33,81.33,,0.0,0.0,0.0,,0.0,0.0,0.0,0.0,0.0,0.0,2.36253,3.35,3.95723775,0.0,2.78,0.0,0.0,3.22,0.0,0.0,9.18,0.0,0.0,-2.72,0.0,0.0,16.68,0.0,0.0,-12.97,0.0,-0.011614166733333334,,19.4385973,217.873986,0.00197063275,2.16257256,83.7219135,0.00327126562,99.67692,0.000219235793,99.99998999999998,100.0,False
2026-06-24 09:00:00,-0.064,,95.0,98.92,108.0,90.89,90.89,,0.0,-5.81696,0.0,,0.0,0.0,0.0,0.0,0.0,0.0,1.84559,3.35,3.09136325,0.0,2.78,0.0,0.0,3.22,0.0,0.0,9.18,0.0,0.0,-2.72,0.0,0.0,16.68,0.0,0.0,-12.97,0.0,-0.0089550276,,21.0794529,217.874341,0.00213697828,2.16257256,83.7218629,0.00349822478,99.67692,0.000219235793,99.99998999999998,99.31944399999999,False
2026-06-24 09:30:00,-0.479,,95.0,96.9,104.0,81.33,81.33,,-38.957069999999995,0.0,0.0,,0.0,0.0,0.0,0.0,0.0,0.0,2.00295,3.35,3.3549412499999995,0.0,2.78,0.0,0.0,3.22,0.0,0.0,9.18,0.0,0.0,-2.72,0.0,0.0,16.68,0.0,0.0,-12.97,0.0,-0.14504508556666665,,91.4555131,217.878142,0.0092715141,2.16257256,83.7216325,0.007174295,99.67692,0.000219235793,99.99998999999998,100.0,False
2026-06-24 10:00:00,0.0,,94.0,89.01,88.95,78.0,78.0,,0.0,0.0,0.0,,0.0,0.0,0.0,0.0,0.0,0.0,0.59902,3.35,1.0033585,0.0,2.78,0.0,0.0,3.22,0.0,0.0,9.18,0.0,0.0,-2.72,0.0,0.0,16.68,0.0,0.0,-12.97,0.0,-0.8917856778000001,,536.560371,217.9008,0.0543950482,2.16257256,83.7044796,0.0297760038,99.67692,0.000219235793,99.99998999999998,100.0,False
2026-06-24 10:30:00,0.0,,94.0,90.32,91.01,77.0,77.0,,0.0,0.0,0.0,,0.0,0.0,0.0,0.0,0.0,0.0,0.21483,3.35,0.35984025,0.0,2.78,0.0,0.0,3.22,0.0,0.0,9.18,0.0,0.0,-2.72,0.0,0.0,16.68,0.0,0.0,-12.97,0.0,-0.0061870833333333335,,536.688166,217.901053,0.0544080037,2.16257256,83.7045754,0.0299328113,99.67692,0.000219235793,99.99998999999998,100.0,False
2026-06-24 11:00:00,0.0,,91.0,86.69,85.0,78.0,78.0,,0.0,0.0,0.0,,0.0,0.0,0.0,0.0,0.0,0.0,0.0369,3.35,0.06180750000000001,0.0,8.0,0.0,0.0,10.14,0.0,0.0,11.76,0.0,0.0,8.6,0.0,0.0,19.75,0.0,0.0,-0.49,0.0,-0.006084055533333334,,536.811054,217.901358,0.0544204618,2.16257256,83.7046576,0.0300870076,99.67692,0.000219235793,99.99998999999998,100.0,False
2026-06-24 11:30:00,0.0,,91.0,86.07,85.0,77.0,77.0,,0.0,0.0,0.0,,0.0,0.0,0.0,0.0,0.0,0.0,0.03732,3.35,0.062511,0.0,8.0,0.0,0.0,10.14,0.0,0.0,11.76,0.0,0.0,8.6,0.0,0.0,19.75,0.0,0.0,-0.49,0.0,-0.006155000033333333,,536.945803,217.90151,0.0544341223,2.16257256,83.704714,0.0302430018,99.67692,0.000219235793,99.99998999999998,100.0,False
2026-06-24 12:00:00,0.0,,89.0,85.0,85.0,107.0,107.0,,0.0,0.0,0.0,,0.0,0.0,0.0,0.0,0.0,0.0,0.03703,3.35,0.062025250000000004,0.0,8.0,0.0,0.0,10.14,0.0,0.0,11.76,0.0,0.0,8.6,0.0,0.0,19.75,0.0,0.0,-0.49,0.0,-0.006077055433333333,,537.052606,217.901864,0.0544449497,2.16257256,83.7047743,0.0303970207,99.67692,0.000219235793,99.99998999999998,100.0,False
2026-06-24 12:30:00,0.0,,89.0,84.79,85.0,79.1,79.1,,0.0,0.0,0.0,,0.0,0.0,0.0,0.0,0.0,0.0,0.03638,3.35,0.060936500000000005,0.0,8.0,0.0,0.0,10.14,0.0,0.0,11.76,0.0,0.0,8.6,0.0,0.0,19.75,0.0,0.0,-0.49,0.0,-0.0061723889333333325,,537.176035,217.90222,0.0544574626,2.16257256,83.7048428,0.0305534558,99.67692,0.000219235793,99.99998999999998,100.0,False
2026-06-24 13:00:00,0.0,,91.0,86.68,85.0,69.99,69.99,,0.0,0.0,0.0,,0.0,0.0,0.0,0.0,0.0,0.0,0.03771,3.35,0.06316425,0.0,8.0,0.0,0.0,10.14,0.0,0.0,11.76,0.0,0.0,8.6,0.0,0.0,19.75,0.0,0.0,-0.49,0.0,-0.006104000000000001,,537.329219,217.902422,0.054472992,2.16257256,83.7048983,0.0307081576,99.67692,0.000219235793,99.99998999999998,100.0,False
2026-06-24 13:30:00,0.0,,91.0,86.56,83.0,65.45,65.45,,0.0,0.0,0.0,,0.0,0.0,0.0,0.0,0.0,0.0,0.03738,3.35,0.0626115,0.0,8.0,0.0,0.0,10.14,0.0,0.0,11.76,0.0,0.0,8.6,0.0,0.0,19.75,0.0,0.0,-0.49,0.0,-0.0060633611,,537.452348,217.902625,0.0544854745,2.16257256,83.7049727,0.0308618294,99.67692,0.000219235793,99.99998999999998,100.0,False
2026-06-24 14:00:00,0.0,,94.0,88.01,85.0,72.0,72.0,,0.0,0.0,0.0,,0.0,0.0,0.0,0.0,0.0,0.0,0.03663,3.35,0.06135525000000001,0.0,8.0,0.0,0.0,10.14,0.0,0.0,11.76,0.0,0.0,8.6,0.0,0.0,19.75,0.0,0.0,-0.49,0.0,-0.0060436388999999995,,537.581004,217.90303,0.0544985173,2.16257256,83.7050099,0.0310150014,99.67692,0.000219235793,99.99998999999998,100.0,False
2026-06-24 14:30:00,0.0,,94.0,87.09,85.0,74.13,74.13,,0.0,0.0,0.0,,0.0,0.0,0.0,0.0,0.0,0.0,0.03879,3.35,0.06497325,0.0,8.0,0.0,0.0,10.14,0.0,0.0,11.76,0.0,0.0,8.6,0.0,0.0,19.75,0.0,0.0,-0.49,0.0,-0.006100194399999999,,537.704148,217.903284,0.0545110013,2.16257256,83.7050594,0.0311696067,99.67692,0.000219235793,99.99998999999998,100.0,False
2026-06-24 15:00:00,0.0,,102.31,103.86,98.5,101.45,101.45,,0.0,0.0,0.0,,0.0,0.0,0.0,0.0,0.0,0.0,0.21131,3.35,0.35394425,0.0,13.75,0.0,0.0,16.25,0.0,0.0,24.0,0.0,0.0,9.06,0.0,0.0,56.56,0.0,0.0,20.54,0.0,-0.006062527799999999,,537.794384,217.903487,0.0545201491,2.16257256,83.7050961,0.0313232575,99.67692,0.000219235793,99.99998999999998,100.0,False
2026-06-24 15:30:00,0.0,,102.31,99.43,94.07,84.8,84.8,,0.0,0.0,0.0,,0.0,0.0,0.0,0.0,0.0,0.0,0.61078,3.35,1.0230565,0.0,13.75,0.0,0.0,16.25,0.0,0.0,24.0,0.0,0.0,9.06,0.0,0.0,56.56,0.0,0.0,20.54,0.0,-0.006022749966666667,,537.916877,217.90374,0.0545325672,2.16257256,83.705143,0.0314758999,99.67692,0.000219235793,99.99998999999998,100.0,False
2026-06-24 16:00:00,0.0,,117.57,111.87,104.0,54.7,54.7,,0.0,0.0,0.0,,0.0,0.0,0.0,0.0,0.0,0.0,1.10046,3.35,1.8432705,0.0,13.75,0.0,0.0,16.25,0.0,0.0,24.0,0.0,0.0,9.06,0.0,0.0,56.56,0.0,0.0,20.54,0.0,-0.006070249966666667,,537.986966,217.904095,0.0545396726,2.16257256,83.7051999,0.0316297464,99.67692,0.000219235793,99.99998999999998,100.0,False
2026-06-24 16:30:00,0.0,,117.57,122.97,115.6,48.0,48.0,,0.0,0.0,0.0,,0.0,0.0,0.0,0.0,0.0,0.0,1.68618,3.35,2.8243515,0.0,13.75,0.0,0.0,16.25,0.0,0.0,24.0,0.0,0.0,9.06,0.0,0.0,56.56,0.0,0.0,20.54,0.0,-0.0060445834,,538.108438,217.904298,0.0545519871,2.16257256,83.705263,0.0317829423,99.67692,0.000219235793,99.99998999999998,100.0,False
2026-06-24 17:00:00,0.0,,165.2,160.0,162.21,81.5,81.5,,0.0,0.0,0.0,,0.0,0.0,0.0,0.0,0.0,0.0,2.3124,3.35,3.8732699999999998,0.0,13.75,0.0,0.0,16.25,0.0,0.0,24.0,0.0,0.0,9.06,0.0,0.0,56.56,0.0,0.0,20.54,0.0,-0.006053444533333333,,538.258125,217.9045,0.054567162,2.16257256,83.7053282,0.0319363628,99.67692,0.000219235793,99.99998999999998,100.0,False
2026-06-24 17:30:00,0.0,,165.2,179.91,199.0,81.55,81.55,,0.0,0.0,0.0,,0.0,0.0,0.0,0.0,0.0,0.0,3.00051,3.35,5.02585425,0.0,13.75,0.0,0.0,16.25,0.0,0.0,24.0,0.0,0.0,9.06,0.0,0.0,56.56,0.0,0.0,20.54,0.0,-0.006062277766666666,,538.367846,217.904855,0.0545782852,2.16257256,83.7053969,0.0320900071,99.67692,0.000219235793,99.99998999999998,100.0,False
2026-06-24 18:00:00,0.0,,292.37,321.97,300.01,101.07,101.07,,0.0,0.0,0.0,,0.0,0.0,0.0,0.0,0.0,0.0,3.67821,3.35,6.1610017500000005,0.0,13.75,0.0,0.0,16.25,0.0,0.0,24.0,0.0,0.0,9.06,0.0,0.0,56.56,0.0,0.0,20.54,0.0,-0.0061119445333333335,,538.404922,217.905008,0.0545820438,2.16429336,83.7054691,0.0322449102,99.67692,0.000219410244,99.99998999999998,100.0,False
2026-06-24 18:30:00,0.0,,292.37,324.0,318.78,317.0,317.0,,0.0,0.0,0.0,,0.0,0.0,0.0,0.0,0.0,0.0,4.33697,3.35,7.26442475,0.0,13.75,0.0,0.0,16.25,0.0,0.0,24.0,0.0,0.0,9.06,0.0,0.0,56.56,0.0,0.0,20.54,0.0,-0.006119527766666667,,538.496631,217.905311,0.0545913411,2.16429336,83.7055636,0.0324000055,99.67692,0.000219410244,99.99998999999998,100.0,False
2026-06-24 19:00:00,0.0,,468.3,346.01,361.64,129.46,129.46,,0.0,0.0,0.0,,0.0,0.0,0.0,0.0,0.0,0.0,4.8487,3.35,8.121572500000001,0.0,35.0,0.0,0.0,7.0,0.0,0.0,25.75,0.0,0.0,8.94,0.0,0.0,89.79,0.0,0.0,-5.53,0.0,-0.006143777733333334,,538.539753,217.905565,0.0545957127,2.17136382,83.7056602,0.0325557155,99.67692,0.000220127028,99.99998999999998,100.0,False
2026-06-24 19:30:00,0.0,,468.3,342.27,350.28,132.32,132.32,,0.0,0.0,0.0,,0.0,0.0,0.0,0.0,0.0,0.0,5.18325,3.35,8.68194375,0.0,35.0,0.0,0.0,7.0,0.0,0.0,25.75,0.0,0.0,8.94,0.0,0.0,89.79,0.0,0.0,-5.53,0.0,-0.0061207778,,538.610384,217.905768,0.054602873,2.17136382,83.7057527,0.0327108425,99.67692,0.000220127028,99.99998999999998,100.0,False
2026-06-24 20:00:00,0.0,,451.35,342.16,365.21,125.0,125.0,,0.0,0.0,0.0,,0.0,0.0,0.0,0.0,0.0,0.0,5.35464,3.35,8.969022,0.0,35.0,0.0,0.0,7.0,0.0,0.0,25.75,0.0,0.0,8.94,0.0,0.0,89.79,0.0,0.0,-5.53,0.0,-0.006196500033333333,,538.68123,217.90597,0.0546100552,2.17136382,83.7058418,0.0328678886,99.67692,0.000220127028,99.99998999999998,100.0,False
2026-06-24 20:30:00,0.0,,451.35,351.42,369.1,121.56,121.56,,0.0,0.0,0.0,,0.0,0.0,0.0,0.0,0.0,0.0,5.48748,3.35,9.191529,0.0,35.0,0.0,0.0,7.0,0.0,0.0,25.75,0.0,0.0,8.94,0.0,0.0,89.79,0.0,0.0,-5.53,0.0,-0.0061415278,,538.711593,217.906325,0.0546131333,2.17868803,83.7059242,0.0330235415,99.67692,0.000220869537,99.99998999999998,100.0,False
2026-06-24 21:00:00,0.0,,419.0,342.0,380.98,111.0,111.0,,0.0,0.0,0.0,,0.0,0.0,0.0,0.0,0.0,0.0,5.60703,3.35,9.39177525,0.0,35.0,0.0,0.0,7.0,0.0,0.0,25.75,0.0,0.0,8.94,0.0,0.0,89.79,0.0,0.0,-5.53,0.0,-0.006150194433333333,,538.77198,217.906477,0.0546192552,2.17868803,83.7060065,0.033179414,99.67692,0.000220869537,99.99998999999998,100.0,False
2026-06-24 21:30:00,0.0,,419.0,340.75,369.02,104.5,104.5,,0.0,0.0,0.0,,0.0,0.0,0.0,0.0,0.0,0.0,5.64185,3.35,9.45009875,0.0,35.0,0.0,0.0,7.0,0.0,0.0,25.75,0.0,0.0,8.94,0.0,0.0,89.79,0.0,0.0,-5.53,0.0,-0.006205138833333333,,538.855634,217.906731,0.0546277358,2.17868803,83.7060956,0.0333366791,99.67692,0.000220869537,99.98503333333333,100.0,False
2026-06-24 22:00:00,0.0,,250.0,230.0,250.0,253.65,253.65,,0.0,0.0,0.0,,0.0,0.0,0.0,0.0,0.0,0.0,5.63919,3.35,9.44564325,0.0,35.0,0.0,0.0,7.0,0.0,0.0,25.75,0.0,0.0,8.94,0.0,0.0,89.79,0.0,0.0,-5.53,0.0,-0.0062062778,,538.94505,217.906933,0.0546368006,2.17868803,83.7061834,0.033493973,99.67692,0.000220869537,99.99998999999998,100.0,False
2026-06-24 22:30:00,0.0,,250.0,214.0,233.77,101.07,101.07,,0.0,0.0,0.0,,0.0,0.0,0.0,0.0,0.0,0.0,5.63704,3.35,9.442042,0.0,35.0,0.0,0.0,7.0,0.0,0.0,25.75,0.0,0.0,8.94,0.0,0.0,89.79,0.0,0.0,-5.53,0.0,-0.0061733333,,539.064781,217.907238,0.0546489386,2.17868803,83.7062833,0.033650432,99.67692,0.000220869537,99.99998999999998,100.0,False
2026-06-24 23:00:00,0.0,,135.9,134.0,156.0,169.86,169.86,,0.0,0.0,0.0,,0.0,0.0,0.0,0.0,0.0,0.0,5.63491,3.35,9.43847425,0.0,5.0,0.0,0.0,0.85,0.0,0.0,11.08,0.0,0.0,-3.41,0.0,0.0,27.42,0.0,0.0,-16.21,0.0,-0.006171000033333333,,539.237796,217.907441,0.0546664784,2.17868803,83.7063595,0.0338068319,99.67692,0.000220869537,99.99998999999998,100.0,False
2026-06-24 23:30:00,0.0,,135.9,133.15,139.0,163.89,163.89,,0.0,0.0,0.0,,0.0,0.0,0.0,0.0,0.0,0.0,5.63617,3.35,9.44058475,0.0,5.0,0.0,0.0,0.85,0.0,0.0,11.08,0.0,0.0,-3.41,0.0,0.0,27.42,0.0,0.0,-16.21,0.0,-0.0061555555,,539.465346,217.907744,0.0546895468,2.17868803,83.7064397,0.0339628403,99.67692,0.000220869537,99.99998999999998,100.0,False
2026-06-25 00:00:00,0.0,,126.79,137.18,134.16,180.0,180.0,,0.0,0.0,0.0,,0.0,0.0,0.0,0.0,0.0,0.0,5.63607,3.35,9.440417250000001,0.0,5.0,0.0,0.0,0.85,0.0,0.0,11.08,0.0,0.0,-3.41,0.0,0.0,27.42,0.0,0.0,-16.21,0.0,-0.0062348334000000005,,539.731981,217.907897,0.0547165775,2.17868803,83.7065145,0.034120858,99.67692,0.000220869537,99.99998999999998,100.0,False
2026-06-25 00:30:00,0.0,,126.79,127.98,127.94,93.43,93.43,,0.0,0.0,0.0,,0.0,0.0,0.0,0.0,0.0,0.0,5.63613,3.35,9.44051775,0.0,5.0,0.0,0.0,0.85,0.0,0.0,11.08,0.0,0.0,-3.41,0.0,0.0,27.42,0.0,0.0,-16.21,0.0,-0.0061355000666666664,,0.264364617,217.908252,2.68005743e-05,0.0,83.7065961,0.000155500126,99.67692,0.0,99.99998999999998,100.0,False
2026-06-25 01:00:00,0.0,,120.0,115.7,118.5,93.51,93.51,,0.0,0.0,0.0,,0.0,0.0,0.0,0.0,0.0,0.0,5.63476,3.35,9.438223,0.0,5.0,0.0,0.0,0.85,0.0,0.0,11.08,0.0,0.0,-3.41,0.0,0.0,27.42,0.0,0.0,-16.21,0.0,-0.006206777766666667,,0.501997588,217.908454,5.08911662e-05,0.0,83.7066688,0.000312806738,99.67692,0.0,99.99998999999998,100.0,False
2026-06-25 01:30:00,0.0,,120.0,116.53,116.0,91.4,91.4,,0.0,0.0,0.0,,0.0,0.0,0.0,0.0,0.0,0.0,5.63498,3.35,9.4385915,0.0,5.0,0.0,0.0,0.85,0.0,0.0,11.08,0.0,0.0,-3.41,0.0,0.0,27.42,0.0,0.0,-16.21,0.0,-0.006189472266666667,,0.753921897,217.908758,7.64305755e-05,0.0,83.7067362,0.000469674753,99.67692,0.0,99.99998999999998,100.0,False
2026-06-25 02:00:00,0.0,,115.0,114.33,114.89,136.98,136.98,,0.0,0.0,0.0,,0.0,0.0,0.0,0.0,0.0,0.0,2.05925,3.35,3.44924375,0.0,5.0,0.0,0.0,0.85,0.0,0.0,11.08,0.0,0.0,-3.41,0.0,0.0,27.42,0.0,0.0,-16.21,0.0,-0.006230388933333333,,0.96669279,217.909012,9.80007167e-05,0.0,83.7068171,0.000627579775,99.67692,0.0,99.99998999999998,100.0,False
2026-06-25 02:30:00,-0.01,,115.0,110.33,110.98,81.61,81.61,,0.0,-0.8161,0.0,,0.0,0.0,0.0,0.0,0.0,0.0,4.32276,3.35,7.240622999999999,0.0,5.0,0.0,0.0,0.85,0.0,0.0,11.08,0.0,0.0,-3.41,0.0,0.0,27.42,0.0,0.0,-16.21,0.0,-0.006260472233333334,,1.17722587,217.909266,0.000119343995,0.0,83.7068775,0.000786247235,99.67692,0.0,99.99998999999998,100.0,False
2026-06-25 03:00:00,-1.05,,113.4,110.31,112.5,81.61,81.61,,-85.6905,0.0,0.0,,0.0,0.0,0.0,0.0,0.0,0.0,7.18365,3.35,12.032613750000001,0.0,2.93,0.0,0.0,0.2,0.0,0.0,7.5,0.0,0.0,-1.5,0.0,0.0,20.03,0.0,0.0,-13.51,0.0,-0.0274411948,,12.25993,217.910177,0.00124287875,0.0234921667,83.7069257,0.00148172588,99.67692,2.38157272e-06,99.99998999999998,100.0,False
2026-06-25 03:30:00,-1.037,,113.4,104.0,108.5,81.61,81.61,,-84.62956999999999,0.0,0.0,,0.0,0.0,0.0,0.0,0.0,0.0,7.5,3.35,12.5625,0.0,2.93,0.0,0.0,0.2,0.0,0.0,7.5,0.0,0.0,-1.5,0.0,0.0,20.03,0.0,0.0,-13.51,0.0,-2.0246020466666668,,1025.05175,217.961728,0.103916991,0.0234921667,83.6779119,0.0527939045,99.67692,2.38157272e-06,99.99998999999998,100.0,False
2026-06-25 04:00:00,-1.037,,108.21,106.0,110.87,138.85,138.85,,-143.98745,0.0,0.0,,0.0,0.0,0.0,0.0,0.0,0.0,7.5,3.35,12.5625,0.0,2.93,0.0,0.0,0.2,0.0,0.0,7.5,0.0,0.0,-1.5,0.0,0.0,20.03,0.0,0.0,-13.51,0.0,-2.002756396666667,,2026.02321,218.012569,0.205392787,0.0234921667,83.6439469,0.10355242,99.67692,2.38157272e-06,99.99998999999998,100.0,False
2026-06-25 04:30:00,-1.53,,108.21,102.57,107.6,95.09,95.09,,-145.48770000000002,0.0,0.0,,0.0,0.0,0.0,0.0,0.0,0.0,7.4988,3.35,12.56049,0.0,2.93,0.0,0.0,0.2,0.0,0.0,7.5,0.0,0.0,-1.5,0.0,0.0,20.03,0.0,0.0,-13.51,0.0,-2.003171266666667,,3027.0294,218.063511,0.306872104,0.0234921667,83.6100062,0.154321449,99.67692,2.38157272e-06,99.99998999999998,100.0,False
2026-06-25 05:00:00,-1.556,,111.43,107.87,108.44,129.98,129.98,,-202.24887999999999,0.0,0.0,,0.0,0.0,0.0,0.0,0.0,0.0,7.5,3.35,12.5625,0.0,2.93,0.0,0.0,0.2,0.0,0.0,7.5,0.0,0.0,-1.5,0.0,0.0,20.03,0.0,0.0,-13.51,0.0,-2.9426160333333335,,4502.75453,218.138226,0.456477152,0.0234921667,83.5628576,0.228900075,99.67692,2.38157272e-06,99.99998999999998,100.0,False
2026-06-25 05:30:00,-0.912,,111.43,106.41,109.5,131.95,131.95,,-120.3384,0.0,0.0,,0.0,0.0,0.0,0.0,0.0,0.0,6.61098,3.35,11.0733915,0.0,2.93,0.0,0.0,0.2,0.0,0.0,7.5,0.0,0.0,-1.5,0.0,0.0,20.03,0.0,0.0,-13.51,0.0,-2.9914826,,6002.74308,218.21436,0.608541959,0.0234921667,83.5120976,0.304717191,99.67692,2.38157272e-06,99.99998999999998,100.0,False
2026-06-25 06:00:00,0.0,,117.52,111.61,111.62,135.8,135.8,,0.0,0.0,0.0,,0.0,0.0,0.0,0.0,0.0,0.0,5.19602,3.35,8.7033335,0.0,2.93,0.0,0.0,0.2,0.0,0.0,7.5,0.0,0.0,-1.5,0.0,0.0,20.03,0.0,0.0,-13.51,0.0,-1.7592459910666667,,6882.95402,218.259017,0.697775378,0.0234921667,83.4738675,0.349304099,99.67692,2.38157272e-06,99.99998999999998,100.0,False
2026-06-25 06:30:00,0.0,,117.52,120.6,121.6,93.13,93.13,,0.0,0.0,0.0,,0.0,0.0,0.0,0.0,0.0,0.0,4.91984,3.35,8.240732,0.0,2.93,0.0,0.0,0.2,0.0,0.0,7.5,0.0,0.0,-1.5,0.0,0.0,20.03,0.0,0.0,-13.51,0.0,-0.0062203334,,6883.17529,218.259271,0.69779781,0.0234921667,83.4739505,0.349461749,99.67692,2.38157272e-06,99.99998999999998,100.0,False
2026-06-25 07:00:00,0.0,,109.6,96.2,101.2,81.61,81.61,,0.0,0.0,0.0,,0.0,0.0,0.0,0.0,0.0,0.0,4.39391,3.35,7.35979925,0.0,3.05,0.0,0.0,0.75,0.0,0.0,8.83,0.0,0.0,-2.37,0.0,0.0,20.03,0.0,0.0,-13.42,0.0,-0.0061453054666666665,,6883.38678,218.259474,0.69781925,0.0234921667,83.4740382,0.349617497,99.67692,2.38157272e-06,99.99998999999998,100.0,False
2026-06-25 07:30:00,0.0,,109.6,103.58,106.4,89.25,89.25,,0.0,0.0,0.0,,0.0,0.0,0.0,0.0,0.0,0.0,3.71832,3.35,6.228186,0.0,3.05,0.0,0.0,0.75,0.0,0.0,8.83,0.0,0.0,-2.37,0.0,0.0,20.03,0.0,0.0,-13.42,0.0,-0.006119111166666667,,6883.5965,218.259726,0.697840511,0.0234921667,83.474128,0.349772582,99.67692,2.38157272e-06,99.99998999999998,100.0,False
2026-06-25 08:00:00,0.0,,95.2,92.0,97.0,87.2,87.2,,0.0,0.0,0.0,,0.0,0.0,0.0,0.0,0.0,0.0,2.99609,3.35,5.01845075,0.0,3.05,0.0,0.0,0.75,0.0,0.0,8.83,0.0,0.0,-2.37,0.0,0.0,20.03,0.0,0.0,-13.42,0.0,-0.0061307222333333335,,6883.7983,218.26003,0.697860969,0.0234921667,83.4742217,0.349927961,99.67692,2.38157272e-06,99.99998999999998,100.0,False
2026-06-25 08:30:00,0.0,,95.2,93.01,95.7,124.5,124.5,,0.0,0.0,0.0,,0.0,0.0,0.0,0.0,0.0,0.0,2.27906,3.35,3.8174254999999997,0.0,3.05,0.0,0.0,0.75,0.0,0.0,8.83,0.0,0.0,-2.37,0.0,0.0,20.03,0.0,0.0,-13.42,0.0,-0.006157305633333333,,6884.01724,218.260335,0.697883165,0.0234921667,83.4743013,0.350084014,99.67692,2.38157272e-06,99.99998999999998,100.0,False
2026-06-25 09:00:00,0.0,,91.23,87.01,92.0,81.61,81.61,,0.0,0.0,0.0,,0.0,0.0,0.0,0.0,0.0,0.0,1.62771,3.35,2.72641425,0.0,3.05,0.0,0.0,0.75,0.0,0.0,8.83,0.0,0.0,-2.37,0.0,0.0,20.03,0.0,0.0,-13.42,0.0,-0.006135277799999999,,6884.22184,218.260487,0.697903906,0.0234921667,83.4743735,0.350239509,99.67692,2.38157272e-06,99.99998999999998,100.0,False
2026-06-25 09:30:00,0.0,,91.23,95.78,97.5,81.61,81.61,,0.0,0.0,0.0,,0.0,0.0,0.0,0.0,0.0,0.0,1.02284,3.35,1.713257,0.0,3.05,0.0,0.0,0.75,0.0,0.0,8.83,0.0,0.0,-2.37,0.0,0.0,20.03,0.0,0.0,-13.42,0.0,-0.006131916766666666,,6884.49805,218.260791,0.697931908,0.0234921667,83.4744335,0.350394918,99.67692,2.38157272e-06,99.99998999999998,100.0,False
2026-06-25 10:00:00,0.0,,87.75,85.52,91.0,109.89,109.89,,0.0,0.0,0.0,,0.0,0.0,0.0,0.0,0.0,0.0,0.50536,3.35,0.8464780000000001,0.0,3.05,0.0,0.0,0.75,0.0,0.0,8.83,0.0,0.0,-2.37,0.0,0.0,20.03,0.0,0.0,-13.42,0.0,-0.0061487778000000005,,6884.73182,218.261145,0.697955607,0.0234921667,83.4745056,0.350550755,99.67692,2.38157272e-06,99.99998999999998,100.0,False
2026-06-25 10:30:00,0.0,,87.75,85.51,88.55,112.3,112.3,,0.0,0.0,0.0,,0.0,0.0,0.0,0.0,0.0,0.0,0.10165,3.35,0.17026375000000002,0.0,3.05,0.0,0.0,0.75,0.0,0.0,8.83,0.0,0.0,-2.37,0.0,0.0,20.03,0.0,0.0,-13.42,0.0,-0.0060646389,,6885.00082,218.261348,0.697982877,0.0234921667,83.4745703,0.350704459,99.67692,2.38157272e-06,99.99998999999998,100.0,False
2026-06-25 11:00:00,0.0,,83.52,85.94,87.4,112.0,112.0,,0.0,0.0,0.0,,0.0,0.0,0.0,0.0,0.0,0.0,0.03708,3.35,0.062109000000000004,0.0,2.5,0.0,0.0,12.18,0.0,0.0,6.07,0.0,0.0,9.25,0.0,0.0,13.24,0.0,0.0,-1.47,0.0,-0.0060298334,,6885.36151,218.261551,0.698019443,0.0234921667,83.474612,0.350857281,99.67692,2.38157272e-06,99.99998999999998,100.0,False
2026-06-25 11:30:00,0.0,,83.52,87.4,85.47,115.4,115.4,,0.0,0.0,0.0,,0.0,0.0,0.0,0.0,0.0,0.0,0.0375,3.35,0.0628125,0.0,2.5,0.0,0.0,12.18,0.0,0.0,6.07,0.0,0.0,9.25,0.0,0.0,13.24,0.0,0.0,-1.47,0.0,-0.005978027766666667,,6885.61475,218.261957,0.698045116,0.0234921667,83.4746456,0.351008791,99.67692,2.38157272e-06,99.99998999999998,100.0,False
2026-06-25 12:00:00,0.0,,83.29,85.12,85.47,112.0,112.0,,0.0,0.0,0.0,,0.0,0.0,0.0,0.0,0.0,0.0,0.03716,3.35,0.062243,0.0,2.5,0.0,0.0,12.18,0.0,0.0,6.07,0.0,0.0,9.25,0.0,0.0,13.24,0.0,0.0,-1.47,0.0,-0.0060739999999999995,,6885.83612,218.262211,0.698067558,0.0234921667,83.4746982,0.351162732,99.67692,2.38157272e-06,99.99998999999998,100.0,False
2026-06-25 12:30:00,0.0,,83.29,81.35,85.47,133.31,133.31,,0.0,0.0,0.0,,0.0,0.0,0.0,0.0,0.0,0.0,0.03641,3.35,0.06098675,0.0,2.5,0.0,0.0,12.18,0.0,0.0,6.07,0.0,0.0,9.25,0.0,0.0,13.24,0.0,0.0,-1.47,0.0,-0.006112083333333333,,6885.99419,218.262464,0.698083583,0.0234921667,83.4747405,0.351317638,99.67692,2.38157272e-06,99.99998999999998,100.0,False
2026-06-25 13:00:00,0.0,,83.27,81.04,83.49,75.0,75.0,,0.0,0.0,0.0,,0.0,0.0,0.0,0.0,0.0,0.0,0.03577,3.35,0.05991475000000001,0.0,2.5,0.0,0.0,12.18,0.0,0.0,6.07,0.0,0.0,9.25,0.0,0.0,13.24,0.0,0.0,-1.47,0.0,-0.0060811666333333335,,6886.11037,218.262667,0.698095361,0.0234921667,83.4747917,0.351471761,99.67692,2.38157272e-06,99.99998999999998,100.0,False
2026-06-25 13:30:00,0.0,,83.27,81.01,82.53,112.44,112.44,,0.0,0.0,0.0,,0.0,0.0,0.0,0.0,0.0,0.0,0.03756,3.35,0.06291300000000001,0.0,2.5,0.0,0.0,12.18,0.0,0.0,6.07,0.0,0.0,9.25,0.0,0.0,13.24,0.0,0.0,-1.47,0.0,-0.0060941944999999996,,6886.27839,218.26297,0.698112394,0.0234921667,83.4748576,0.351626214,99.67692,2.38157272e-06,99.99998999999998,100.0,False
2026-06-25 14:00:00,0.0,,86.13,81.06,82.34,112.0,112.0,,0.0,0.0,0.0,,0.0,0.0,0.0,0.0,0.0,0.0,0.03681,3.35,0.06165675,0.0,2.5,0.0,0.0,12.18,0.0,0.0,6.07,0.0,0.0,9.25,0.0,0.0,13.24,0.0,0.0,-1.47,0.0,-0.006109916733333334,,6886.38396,218.263275,0.698123096,0.0234921667,83.4749216,0.351781066,99.67692,2.38157272e-06,99.99998999999998,100.0,False
2026-06-25 14:30:00,0.0,,86.13,81.07,81.01,75.0,75.0,,0.0,0.0,0.0,,0.0,0.0,0.0,0.0,0.0,0.0,0.03864,3.35,0.064722,0.0,2.5,0.0,0.0,12.18,0.0,0.0,6.07,0.0,0.0,9.25,0.0,0.0,13.24,0.0,0.0,-1.47,0.0,-0.006135055533333334,,6886.44068,218.263579,0.698128847,0.0234921667,83.4749828,0.351936556,99.67692,2.38157272e-06,99.99998999999998,100.0,False
2026-06-25 15:00:00,0.0,,88.0,82.58,83.69,76.0,76.0,,0.0,0.0,0.0,,0.0,0.0,0.0,0.0,0.0,0.0,0.19674,3.35,0.3295395,0.0,9.71,0.0,0.0,14.75,0.0,0.0,17.85,0.0,0.0,9.12,0.0,0.0,29.72,0.0,0.0,9.44,0.0,-0.006107055466666666,,6886.5346,218.263731,0.698138368,0.0234921667,83.4750414,0.352091335,99.67692,2.38157272e-06,99.99998999999998,100.0,False
2026-06-25 15:30:00,0.0,,88.0,83.01,85.0,79.1,79.1,,0.0,0.0,0.0,,0.0,0.0,0.0,0.0,0.0,0.0,0.61075,3.35,1.0230062500000001,0.0,9.71,0.0,0.0,14.75,0.0,0.0,17.85,0.0,0.0,9.12,0.0,0.0,29.72,0.0,0.0,9.44,0.0,-0.006091722333333333,,6886.62536,218.264137,0.698147569,0.0234921667,83.475098,0.352245725,99.67692,2.38157272e-06,99.99998999999998,100.0,False
2026-06-25 16:00:00,0.0,,97.48,98.1,97.0,81.03,81.03,,0.0,0.0,0.0,,0.0,0.0,0.0,0.0,0.0,0.0,1.10174,3.35,1.8454145,0.0,9.71,0.0,0.0,14.75,0.0,0.0,17.85,0.0,0.0,9.12,0.0,0.0,29.72,0.0,0.0,9.44,0.0,-0.006066861166666666,,6886.69212,218.26434,0.698154337,0.0234921667,83.4751627,0.352399485,99.67692,2.38157272e-06,99.99998999999998,100.0,False
2026-06-25 16:30:00,0.0,,97.48,98.92,98.43,103.2,103.2,,0.0,0.0,0.0,,0.0,0.0,0.0,0.0,0.0,0.0,1.65892,3.35,2.778691,0.0,9.71,0.0,0.0,14.75,0.0,0.0,17.85,0.0,0.0,9.12,0.0,0.0,29.72,0.0,0.0,9.44,0.0,-0.006090611166666667,,6886.82498,218.264542,0.698167806,0.0234921667,83.475224,0.352553848,99.67692,2.38157272e-06,99.99998999999998,100.0,False
2026-06-25 17:00:00,0.0,,125.0,108.06,108.42,79.2,79.2,,0.0,0.0,0.0,,0.0,0.0,0.0,0.0,0.0,0.0,2.29003,3.35,3.8358002499999997,0.0,9.71,0.0,0.0,14.75,0.0,0.0,17.85,0.0,0.0,9.12,0.0,0.0,29.72,0.0,0.0,9.44,0.0,-0.006096833366666668,,6886.90652,218.264846,0.698176072,0.0234921667,83.4752893,0.352708368,99.67692,2.38157272e-06,99.99998999999998,100.0,False
2026-06-25 17:30:00,0.0,,125.0,121.94,121.74,79.2,79.2,,0.0,0.0,0.0,,0.0,0.0,0.0,0.0,0.0,0.0,2.74443,3.35,4.59692025,0.0,9.71,0.0,0.0,14.75,0.0,0.0,17.85,0.0,0.0,9.12,0.0,0.0,29.72,0.0,0.0,9.44,0.0,-0.0060618611,,6887.03198,218.265049,0.698188791,0.0234921667,83.475352,0.352862002,99.67692,2.38157272e-06,99.99998999999998,100.0,False
2026-06-25 18:00:00,0.0,,157.32,166.51,166.05,90.14,90.14,,0.0,0.0,0.0,,0.0,0.0,0.0,0.0,0.0,0.0,0.00276,3.35,0.0046229999999999995,0.0,9.71,0.0,0.0,14.75,0.0,0.0,17.85,0.0,0.0,9.12,0.0,0.0,29.72,0.0,0.0,9.44,0.0,-0.006057888866666666,,6887.12148,218.265303,0.698197864,0.0234921667,83.4754269,0.353015535,99.67692,2.38157272e-06,99.99998999999998,100.0,False
2026-06-25 18:30:00,0.0,,157.32,168.7,169.95,90.54,90.54,,0.0,0.0,0.0,,0.0,0.0,0.0,0.0,0.0,0.0,0.00234,3.35,0.0039195,0.0,9.71,0.0,0.0,14.75,0.0,0.0,17.85,0.0,0.0,9.12,0.0,0.0,29.72,0.0,0.0,9.44,0.0,-0.0061307223,,6887.17737,218.265657,0.69820353,0.0242105273,83.4755059,0.353170914,99.67692,2.45439818e-06,99.99998999999998,100.0,False
2026-06-25 19:00:00,0.0,,176.4,165.89,161.02,148.93,148.93,,0.0,0.0,0.0,,0.0,0.0,0.0,0.0,0.0,0.0,0.00203,3.35,0.0034002500000000005,0.0,15.29,0.0,0.0,6.25,0.0,0.0,19.94,0.0,0.0,3.45,0.0,0.0,9.98,0.0,0.0,-7.23,0.0,-0.0061458055,,6887.22548,218.265809,0.698208407,0.0242105273,83.4755862,0.353326675,99.67692,2.45439818e-06,99.99998999999998,100.0,False
2026-06-25 19:30:00,0.0,,176.4,165.11,166.0,95.45,95.45,,0.0,0.0,0.0,,0.0,0.0,0.0,0.0,0.0,0.0,0.00157,3.35,0.00262975,0.0,15.29,0.0,0.0,6.25,0.0,0.0,19.94,0.0,0.0,3.45,0.0,0.0,9.98,0.0,0.0,-7.23,0.0,-0.006117527766666666,,6887.29573,218.266063,0.698215529,0.0242105273,83.4756692,0.35348172,99.67692,2.45439818e-06,99.99998999999998,100.0,False
2026-06-25 20:00:00,0.0,,167.5,163.22,161.97,96.54,96.54,,0.0,0.0,0.0,,0.0,0.0,0.0,0.0,0.0,0.0,0.00341,3.35,0.00571175,0.0,15.29,0.0,0.0,6.25,0.0,0.0,19.94,0.0,0.0,3.45,0.0,0.0,9.98,0.0,0.0,-7.23,0.0,-0.006143777733333334,,6887.3138,218.266316,0.698217361,0.0307049915,83.4757536,0.35363743,99.67692,3.11278951e-06,99.99998999999998,100.0,False
2026-06-25 20:30:00,0.0,,167.5,159.54,158.23,77.4,77.4,,0.0,0.0,0.0,,0.0,0.0,0.0,0.0,0.0,0.0,0.00228,3.35,0.003819,0.0,15.29,0.0,0.0,6.25,0.0,0.0,19.94,0.0,0.0,3.45,0.0,0.0,9.98,0.0,0.0,-7.23,0.0,-0.006183166633333333,,6887.3342,218.26657,0.698219429,0.0431442815,83.4758325,0.353794138,99.67692,4.37385129e-06,99.99998999999998,100.0,False
2026-06-25 21:00:00,0.0,,154.27,151.94,150.7,164.87,164.87,,0.0,0.0,0.0,,0.0,0.0,0.0,0.0,0.0,0.0,0.00406,3.35,0.006800500000000001,0.0,15.29,0.0,0.0,6.25,0.0,0.0,19.94,0.0,0.0,3.45,0.0,0.0,9.98,0.0,0.0,-7.23,0.0,-0.006207166666666666,,6887.41506,218.266773,0.698227627,0.0431442815,83.4759202,0.353951455,99.67692,4.37385129e-06,99.99998999999998,100.0,False
2026-06-25 21:30:00,0.0,,154.27,148.29,148.9,165.9,165.9,,0.0,0.0,0.0,,0.0,0.0,0.0,0.0,0.0,0.0,0.01689,3.35,0.02829075,0.0,15.29,0.0,0.0,6.25,0.0,0.0,19.94,0.0,0.0,3.45,0.0,0.0,9.98,0.0,0.0,-7.23,0.0,-0.0062380556,,6887.44249,218.267077,0.698230407,0.0431442815,83.4759978,0.354109554,99.67692,4.37385129e-06,99.99998999999998,100.0,False
2026-06-25 22:00:00,0.0,,126.85,122.91,123.0,77.1,77.1,,0.0,0.0,0.0,,0.0,0.0,0.0,0.0,0.0,0.0,0.01158,3.35,0.0193965,0.0,15.29,0.0,0.0,6.25,0.0,0.0,19.94,0.0,0.0,3.45,0.0,0.0,9.98,0.0,0.0,-7.23,0.0,-0.006196861166666667,,6887.47392,218.267279,0.698233594,0.0431442815,83.4760916,0.354266609,99.67692,4.37385129e-06,99.98289666666666,100.0,False
2026-06-25 22:30:00,0.0,,126.85,116.14,109.0,129.15,129.15,,0.0,0.0,0.0,,0.0,0.0,0.0,0.0,0.0,0.0,0.00983,3.35,0.01646525,0.0,15.29,0.0,0.0,6.25,0.0,0.0,19.94,0.0,0.0,3.45,0.0,0.0,9.98,0.0,0.0,-7.23,0.0,-0.006159555566666666,,6887.60261,218.267584,0.69824664,0.0431442815,83.4761833,0.354422719,99.67692,4.37385129e-06,99.99998999999998,100.0,False
2026-06-25 23:00:00,0.0,,109.49,109.49,98.73,120.23,120.23,,0.0,0.0,0.0,,0.0,0.0,0.0,0.0,0.0,0.0,0.0102,3.35,0.017085000000000003,0.0,4.06,0.0,0.0,1.0,0.0,0.0,6.63,0.0,0.0,-2.29,0.0,0.0,21.6,0.0,0.0,-11.27,0.0,-0.006194333266666667,,6887.7113,218.267837,0.698257659,0.0431442815,83.4762588,0.35457971,99.67692,4.37385129e-06,99.99998999999998,100.0,False
2026-06-25 23:30:00,0.0,,109.49,95.4,99.33,119.9,119.9,,0.0,0.0,0.0,,0.0,0.0,0.0,0.0,0.0,0.0,0.01033,3.35,0.017302750000000002,0.0,4.06,0.0,0.0,1.0,0.0,0.0,6.63,0.0,0.0,-2.29,0.0,0.0,21.6,0.0,0.0,-11.27,0.0,-0.006157388966666667,,6887.87679,218.268039,0.698274435,0.0431442815,83.4763438,0.354735765,99.67692,4.37385129e-06,99.99998999999998,100.0,False
2026-06-26 00:00:00,0.0,,104.35,99.5,98.37,119.62,119.62,,0.0,0.0,0.0,,0.0,0.0,0.0,0.0,0.0,0.0,0.0112,3.35,0.01876,0.0,4.06,0.0,0.0,1.0,0.0,0.0,6.63,0.0,0.0,-2.29,0.0,0.0,21.6,0.0,0.0,-11.27,0.0,-0.006164333333333333,,6888.06199,218.268344,0.698293211,0.0431442815,83.4764247,0.354891996,99.67692,4.37385129e-06,99.99998999999998,100.0,False
2026-06-26 00:30:00,0.0,,104.35,94.33,94.37,126.97,126.97,,0.0,0.0,0.0,,0.0,0.0,0.0,0.0,0.0,0.0,0.01055,3.35,0.01767125,0.0,4.06,0.0,0.0,1.0,0.0,0.0,6.63,0.0,0.0,-2.29,0.0,0.0,21.6,0.0,0.0,-11.27,0.0,-0.006216833333333334,,0.19336285,218.268597,1.9602606e-05,0.0,83.4764975,0.000157561464,99.67692,0.0,99.99998999999998,100.0,False
2026-06-26 01:00:00,0.0,,101.09,96.49,96.3,134.0,134.0,,0.0,0.0,0.0,,0.0,0.0,0.0,0.0,0.0,0.0,0.01032,3.35,0.017286,0.0,4.06,0.0,0.0,1.0,0.0,0.0,6.63,0.0,0.0,-2.29,0.0,0.0,21.6,0.0,0.0,-11.27,0.0,-0.0062668611,,0.417195243,218.2688,4.22941324e-05,0.0,83.4765703,0.000316390846,99.67692,0.0,99.99998999999998,100.0,False
2026-06-26 01:30:00,0.0,,101.09,97.44,98.84,132.5,132.5,,0.0,0.0,0.0,,0.0,0.0,0.0,0.0,0.0,0.0,0.0107,3.35,0.0179225,0.0,4.06,0.0,0.0,1.0,0.0,0.0,6.63,0.0,0.0,-2.29,0.0,0.0,21.6,0.0,0.0,-11.27,0.0,-0.0061923611333333335,,0.599182225,218.269104,6.07434835e-05,0.0,83.4766391,0.000473332078,99.67692,0.0,99.99998999999998,100.0,False
2026-06-26 02:00:00,0.0,,98.54,94.19,100.0,104.58,104.58,,0.0,0.0,0.0,,0.0,0.0,0.0,0.0,0.0,0.0,0.0106,3.35,0.017755,0.0,4.06,0.0,0.0,1.0,0.0,0.0,6.63,0.0,0.0,-2.29,0.0,0.0,21.6,0.0,0.0,-11.27,0.0,-0.006185888866666667,,0.848661742,218.269256,8.60350463e-05,0.0,83.4767018,0.000630109275,99.67692,0.0,99.99998999999998,100.0,False
2026-06-26 02:30:00,0.0,,98.54,97.0,100.0,128.68,128.68,,0.0,0.0,0.0,,0.0,0.0,0.0,0.0,0.0,0.0,0.01068,3.35,0.017889000000000002,0.0,4.06,0.0,0.0,1.0,0.0,0.0,6.63,0.0,0.0,-2.29,0.0,0.0,21.6,0.0,0.0,-11.27,0.0,-0.0062438055666666666,,1.15608217,218.269611,0.000117200503,0.0,83.4767658,0.00078835433,99.67692,0.0,99.99998999999998,100.0,False
2026-06-26 03:00:00,0.0,,98.93,95.86,101.27,128.0,128.0,,0.0,0.0,0.0,,0.0,0.0,0.0,0.0,0.0,0.0,0.01101,3.35,0.018441750000000003,0.0,4.3,0.0,0.0,1.5,0.0,0.0,11.58,0.0,0.0,-6.0,0.0,0.0,23.42,0.0,0.0,-12.82,0.0,-0.0062011388666666665,,1.42005904,218.269915,0.000143961769,0.0,83.476842,0.000945518035,99.67692,0.0,99.99998999999998,100.0,False
2026-06-26 03:30:00,0.0,,98.93,98.13,101.57,139.8,139.8,,0.0,0.0,0.0,,0.0,0.0,0.0,0.0,0.0,0.0,0.01049,3.35,0.01757075,0.0,4.3,0.0,0.0,1.5,0.0,0.0,11.58,0.0,0.0,-6.0,0.0,0.0,23.42,0.0,0.0,-12.82,0.0,-0.0062022223,,1.82775534,218.270067,0.000185292924,0.0,83.4769154,0.00110270919,99.67692,0.0,99.99998999999998,100.0,False
2026-06-26 04:00:00,0.0,,101.8,110.02,108.4,143.0,143.0,,0.0,0.0,0.0,,0.0,0.0,0.0,0.0,0.0,0.0,0.01048,3.35,0.017554,0.0,4.3,0.0,0.0,1.5,0.0,0.0,11.58,0.0,0.0,-6.0,0.0,0.0,23.42,0.0,0.0,-12.82,0.0,-0.006209222266666666,,2.11025176,218.270372,0.000213931651,0.0,83.4769835,0.00126007775,99.67692,0.0,99.99998999999998,100.0,False
2026-06-26 04:30:00,0.0,,101.8,110.51,108.4,143.0,143.0,,0.0,0.0,0.0,,0.0,0.0,0.0,0.0,0.0,0.0,0.00232,3.35,0.003886,0.0,4.3,0.0,0.0,1.5,0.0,0.0,11.58,0.0,0.0,-6.0,0.0,0.0,23.42,0.0,0.0,-12.82,0.0,-0.006235,,2.45443539,218.270624,0.000248824063,0.0,83.4770556,0.00141809963,99.67692,0.0,99.99998999999998,100.0,False
2026-06-26 05:00:00,0.0,,107.22,116.39,111.87,84.01,84.01,,0.0,0.0,0.0,,0.0,0.0,0.0,0.0,0.0,0.0,0.00325,3.35,0.00544375,0.0,4.3,0.0,0.0,1.5,0.0,0.0,11.58,0.0,0.0,-6.0,0.0,0.0,23.42,0.0,0.0,-12.82,0.0,-0.00612925,,2.8216423,218.270878,0.000286050512,0.0,83.4771244,0.00157344136,99.67692,0.0,99.99998999999998,100.0,False
2026-06-26 05:30:00,0.0,,107.22,119.44,116.35,81.65,81.65,,0.0,0.0,0.0,,0.0,0.0,0.0,0.0,0.0,0.0,0.00373,3.35,0.00624775,0.0,4.3,0.0,0.0,1.5,0.0,0.0,11.58,0.0,0.0,-6.0,0.0,0.0,23.42,0.0,0.0,-12.82,0.0,-0.006123972233333334,,3.13855562,218.271132,0.000318178333,0.0,83.4771925,0.00172864932,99.67692,0.0,99.99998999999998,100.0,False
2026-06-26 06:00:00,0.0,,116.9,116.32,113.72,77.46,77.46,,0.0,0.0,0.0,,0.0,0.0,0.0,0.0,0.0,0.0,0.00301,3.35,0.00504175,0.0,4.3,0.0,0.0,1.5,0.0,0.0,11.58,0.0,0.0,-6.0,0.0,0.0,23.42,0.0,0.0,-12.82,0.0,-0.006151138866666667,,3.41136608,218.271335,0.000345835124,0.0,83.4772612,0.00188454581,99.67692,0.0,99.99998999999998,100.0,False
2026-06-26 06:30:00,0.0,,116.9,123.92,123.9,95.0,95.0,,0.0,0.0,0.0,,0.0,0.0,0.0,0.0,0.0,0.0,0.00422,3.35,0.0070685,0.0,4.3,0.0,0.0,1.5,0.0,0.0,11.58,0.0,0.0,-6.0,0.0,0.0,23.42,0.0,0.0,-12.82,0.0,-0.0061392222,,3.63582058,218.27169,0.000368589718,0.0,83.4773307,0.00204014026,99.67692,0.0,99.99998999999998,100.0,False
2026-06-26 07:00:00,0.0,,107.38,108.0,112.0,77.0,77.0,,0.0,0.0,0.0,,0.0,0.0,0.0,0.0,0.0,0.0,0.3969,3.35,0.6648075,0.0,2.88,0.0,0.0,0.78,0.0,0.0,7.16,0.0,0.0,-4.82,0.0,0.0,16.92,0.0,0.0,-14.03,0.0,-0.0061313333,,3.78962163,218.271841,0.000384181655,0.0,83.4774042,0.00219553479,99.67692,0.0,99.99998999999998,100.0,False
2026-06-26 07:30:00,0.0,,107.38,117.99,125.35,77.2,77.2,,0.0,0.0,0.0,,0.0,0.0,0.0,0.0,0.0,0.0,3.65024,3.35,6.114152000000001,0.0,2.88,0.0,0.0,0.78,0.0,0.0,7.16,0.0,0.0,-4.82,0.0,0.0,16.92,0.0,0.0,-14.03,0.0,-0.006122000033333334,,3.92527561,218.272146,0.000397933891,0.0,83.4774811,0.00235069276,99.67692,0.0,99.99998999999998,100.0,False
2026-06-26 08:00:00,0.0,,99.94,97.26,96.81,77.0,77.0,,0.0,0.0,0.0,,0.0,0.0,0.0,0.0,0.0,0.0,3.14824,3.35,5.273302,0.0,2.88,0.0,0.0,0.78,0.0,0.0,7.16,0.0,0.0,-4.82,0.0,0.0,16.92,0.0,0.0,-14.03,0.0,-0.006191611166666666,,4.0278837,218.272298,0.000408336023,0.0,83.4775526,0.00250761498,99.67692,0.0,99.99998999999998,100.0,False
2026-06-26 08:30:00,0.0,,99.94,97.4,97.0,75.0,75.0,,0.0,0.0,0.0,,0.0,0.0,0.0,0.0,0.0,0.0,3.40356,3.35,5.700963000000001,0.0,2.88,0.0,0.0,0.78,0.0,0.0,7.16,0.0,0.0,-4.82,0.0,0.0,16.92,0.0,0.0,-14.03,0.0,-0.0061328889,,4.1712295,218.272652,0.000422868035,0.0,83.4776146,0.00266304894,99.67692,0.0,99.99998999999998,100.0,False
2026-06-26 09:00:00,0.0,,95.0,95.69,93.83,77.2,77.2,,0.0,0.0,0.0,,0.0,0.0,0.0,0.0,0.0,0.0,2.15423,3.35,3.60833525,0.0,2.88,0.0,0.0,0.78,0.0,0.0,7.16,0.0,0.0,-4.82,0.0,0.0,16.92,0.0,0.0,-14.03,0.0,-0.006078777733333333,,4.2691631,218.272906,0.00043279628,0.0,83.4776914,0.00281711147,99.67692,0.0,99.99998999999998,100.0,False
2026-06-26 09:30:00,0.0,,95.0,95.0,94.0,69.38,69.38,,0.0,0.0,0.0,,0.0,0.0,0.0,0.0,0.0,0.0,1.21892,3.35,2.041691,0.0,2.88,0.0,0.0,0.78,0.0,0.0,7.16,0.0,0.0,-4.82,0.0,0.0,16.92,0.0,0.0,-14.03,0.0,-0.006067749933333334,,4.42092309,218.27321,0.0004481813,0.0,83.477746,0.00297089452,99.67692,0.0,99.99998999999998,100.0,False
2026-06-26 10:00:00,0.0,,88.21,94.84,91.01,68.0,68.0,,0.0,0.0,0.0,,0.0,0.0,0.0,0.0,0.0,0.0,1.90769,3.35,3.1953807500000004,0.0,2.88,0.0,0.0,0.78,0.0,0.0,7.16,0.0,0.0,-4.82,0.0,0.0,16.92,0.0,0.0,-14.03,0.0,-0.006084833333333334,,4.50248132,218.273413,0.000456449454,0.0,83.4778114,0.00312511053,99.67692,0.0,99.99998999999998,100.0,False
2026-06-26 10:30:00,0.0,,88.21,92.62,88.14,77.2,77.2,,0.0,0.0,0.0,,0.0,0.0,0.0,0.0,0.0,0.0,1.09168,3.35,1.828564,0.0,2.88,0.0,0.0,0.78,0.0,0.0,7.16,0.0,0.0,-4.82,0.0,0.0,16.92,0.0,0.0,-14.03,0.0,-0.006058055499999999,,4.64163936,218.273666,0.000470556922,0.0,83.477874,0.00327864787,99.67692,0.0,99.99998999999998,100.0,False
2026-06-26 11:00:00,0.0,,86.4,90.0,87.13,104.0,104.0,,0.0,0.0,0.0,,0.0,0.0,0.0,0.0,0.0,0.0,0.89048,3.35,1.491554,0.0,1.68,0.0,0.0,7.59,0.0,0.0,5.27,0.0,0.0,7.25,0.0,0.0,13.06,0.0,0.0,-5.39,0.0,-0.0060941389,,4.73623854,218.273971,0.000480147133,0.0,83.4779407,0.00343309973,99.67692,0.0,99.99998999999998,100.0,False
2026-06-26 11:30:00,0.0,,86.4,87.13,84.57,110.0,110.0,,0.0,0.0,0.0,,0.0,0.0,0.0,0.0,0.0,0.0,0.08646,3.35,0.1448205,0.0,1.68,0.0,0.0,7.59,0.0,0.0,5.27,0.0,0.0,7.25,0.0,0.0,13.06,0.0,0.0,-5.39,0.0,-0.006110361166666666,,4.81399887,218.274274,0.000488030266,0.0,83.4779845,0.00358796272,99.67692,0.0,99.99998999999998,100.0,False
2026-06-26 12:00:00,0.0,,85.57,86.82,84.2,104.0,104.0,,0.0,0.0,0.0,,0.0,0.0,0.0,0.0,0.0,0.0,0.03961,3.35,0.06634675,0.0,1.68,0.0,0.0,7.59,0.0,0.0,5.27,0.0,0.0,7.25,0.0,0.0,13.06,0.0,0.0,-5.39,0.0,-0.006071500066666666,,4.89189667,218.274426,0.000495927336,0.0,83.4780445,0.00374184082,99.67692,0.0,99.99998999999998,100.0,False
2026-06-26 12:30:00,0.0,,85.57,84.54,84.2,114.0,114.0,,0.0,0.0,0.0,,0.0,0.0,0.0,0.0,0.0,0.0,0.0373,3.35,0.0624775,0.0,1.68,0.0,0.0,7.59,0.0,0.0,5.27,0.0,0.0,7.25,0.0,0.0,13.06,0.0,0.0,-5.39,0.0,-0.005994666700000001,,4.93487652,218.274731,0.000500284517,0.00179030333,83.4781044,0.00389377162,99.67692,1.8149614e-07,99.99998999999998,100.0,False
2026-06-26 13:00:00,0.0,,84.22,84.39,83.55,114.0,114.0,,0.0,0.0,0.0,,0.0,0.0,0.0,0.0,0.0,0.0,0.04106,3.35,0.0687755,0.0,1.68,0.0,0.0,7.59,0.0,0.0,5.27,0.0,0.0,7.25,0.0,0.0,13.06,0.0,0.0,-5.39,0.0,-0.006074083333333333,,4.93819143,218.275035,0.000500620574,0.0139237618,83.478171,0.00404771518,99.67692,1.41155355e-06,99.99998999999998,100.0,False
2026-06-26 13:30:00,0.0,,84.22,81.5,78.0,114.0,114.0,,0.0,0.0,0.0,,0.0,0.0,0.0,0.0,0.0,0.0,0.10107,3.35,0.16929225,0.0,1.68,0.0,0.0,7.59,0.0,0.0,5.27,0.0,0.0,7.25,0.0,0.0,13.06,0.0,0.0,-5.39,0.0,-0.006086361166666668,,4.95528916,218.275288,0.000502353896,0.0139237618,83.4782404,0.00420196992,99.67692,1.41155355e-06,99.99998999999998,100.0,False
2026-06-26 14:00:00,0.0,,78.6,85.46,81.5,103.9,103.9,,0.0,0.0,0.0,,0.0,0.0,0.0,0.0,0.0,0.0,0.40757,3.35,0.68267975,0.0,1.68,0.0,0.0,7.59,0.0,0.0,5.27,0.0,0.0,7.25,0.0,0.0,13.06,0.0,0.0,-5.39,0.0,-0.006104138933333334,,4.95536943,218.275542,0.000502362034,0.0391550065,83.4783111,0.00435667521,99.67692,3.96942932e-06,99.99998999999998,100.0,False
2026-06-26 14:30:00,0.0,,78.6,82.53,79.98,65.49,65.49,,0.0,0.0,0.0,,0.0,0.0,0.0,0.0,0.0,0.0,0.07257,3.35,0.12155474999999999,0.0,1.68,0.0,0.0,7.59,0.0,0.0,5.27,0.0,0.0,7.25,0.0,0.0,13.06,0.0,0.0,-5.39,0.0,-0.0060829445,,4.95536943,218.275744,0.000502362034,0.0760661113,83.4783731,0.00451084336,99.67692,7.71137791e-06,99.99998999999998,100.0,False
2026-06-26 15:00:00,0.0,,87.0,86.82,88.61,165.0,165.0,,0.0,0.0,0.0,,0.0,0.0,0.0,0.0,0.0,0.0,0.33477,3.35,0.56073975,0.0,12.12,0.0,0.0,5.88,0.0,0.0,8.97,0.0,0.0,3.22,0.0,0.0,34.12,0.0,0.0,16.62,0.0,-0.006089083433333333,,4.98651881,218.276049,0.000505519874,0.0760661113,83.4784242,0.00466516708,99.67692,7.71137791e-06,99.99998999999998,100.0,False
2026-06-26 15:30:00,0.0,,87.0,83.32,85.3,165.0,165.0,,0.0,0.0,0.0,,0.0,0.0,0.0,0.0,0.0,0.0,1.52011,3.35,2.54618425,0.0,12.12,0.0,0.0,5.88,0.0,0.0,8.97,0.0,0.0,3.22,0.0,0.0,34.12,0.0,0.0,16.62,0.0,-0.0060684721666666675,,5.00346724,218.276302,0.00050723806,0.10396412,83.4785037,0.00481896843,99.67692,1.0539603e-05,99.99998999999998,100.0,False
2026-06-26 16:00:00,0.0,,105.17,100.0,98.77,165.0,165.0,,0.0,0.0,0.0,,0.0,0.0,0.0,0.0,0.0,0.0,1.67151,3.35,2.7997792500000003,0.0,12.12,0.0,0.0,5.88,0.0,0.0,8.97,0.0,0.0,3.22,0.0,0.0,34.12,0.0,0.0,16.62,0.0,-0.006060833266666667,,5.00346724,218.276606,0.00050723806,0.158191766,83.4785779,0.00497257617,99.67692,1.6037056e-05,99.99998999999998,100.0,False
2026-06-26 16:30:00,0.0,,105.17,96.0,99.99,165.0,165.0,,0.0,0.0,0.0,,0.0,0.0,0.0,0.0,0.0,0.0,1.58618,3.35,2.6568515,0.0,12.12,0.0,0.0,5.88,0.0,0.0,8.97,0.0,0.0,3.22,0.0,0.0,34.12,0.0,0.0,16.62,0.0,-0.006010111066666667,,5.01114592,218.27686,0.000508016504,0.177294911,83.4786405,0.0051248984,99.67692,1.79736815e-05,99.99998999999998,100.0,False
2026-06-26 17:00:00,0.0,,130.06,121.0,123.2,125.41,125.41,,0.0,0.0,0.0,,0.0,0.0,0.0,0.0,0.0,0.0,2.26239,3.35,3.78950325,0.0,12.12,0.0,0.0,5.88,0.0,0.0,8.97,0.0,0.0,3.22,0.0,0.0,34.12,0.0,0.0,16.62,0.0,-0.0060060276999999995,,5.01114592,218.277113,0.000508016504,0.24305095,83.4787072,0.00527711715,99.67692,2.4639852e-05,99.99998999999998,100.0,False
2026-06-26 17:30:00,0.0,,130.06,128.57,136.9,125.41,125.41,,0.0,0.0,0.0,,0.0,0.0,0.0,0.0,0.0,0.0,2.92072,3.35,4.892206000000001,0.0,12.12,0.0,0.0,5.88,0.0,0.0,8.97,0.0,0.0,3.22,0.0,0.0,34.12,0.0,0.0,16.62,0.0,-0.005991750033333333,,5.01114592,218.277315,0.000508016504,0.34208364,83.4787902,0.00542897405,99.67692,3.467952e-05,99.99998999999998,100.0,False
2026-06-26 18:00:00,0.0,,171.7,198.29,213.29,155.13,155.13,,0.0,0.0,0.0,,0.0,0.0,0.0,0.0,0.0,0.0,3.66133,3.35,6.13272775,0.0,12.12,0.0,0.0,5.88,0.0,0.0,8.97,0.0,0.0,3.22,0.0,0.0,34.12,0.0,0.0,16.62,0.0,-0.006029722233333333,,5.01114592,218.27762,0.000508016504,0.451510821,83.4788637,0.0055817933,99.67692,4.57729534e-05,99.99998999999998,100.0,False
2026-06-26 18:30:00,0.0,,171.7,212.05,212.05,158.24,158.24,,0.0,0.0,0.0,,0.0,0.0,0.0,0.0,0.0,0.0,4.34115,3.35,7.27142625,0.0,12.12,0.0,0.0,5.88,0.0,0.0,8.97,0.0,0.0,3.22,0.0,0.0,34.12,0.0,0.0,16.62,0.0,-0.0060715000000000005,,5.01114592,218.277823,0.000508016504,0.579310838,83.4789466,0.0057356714,99.67692,5.87289757e-05,99.99998999999998,100.0,False
2026-06-26 19:00:00,0.0,,195.28,210.87,216.84,185.35,185.35,,0.0,0.0,0.0,,0.0,0.0,0.0,0.0,0.0,0.0,5.03525,3.35,8.434043749999999,0.0,17.68,0.0,0.0,6.0,0.0,0.0,16.62,0.0,0.0,1.71,0.0,0.0,41.33,0.0,0.0,-11.4,0.0,-0.006048,,5.01114592,218.278026,0.000508016504,0.665017345,83.4790262,0.0058889539,99.67692,6.7417671e-05,99.99998999999998,100.0,False
2026-06-26 19:30:00,0.0,,195.28,209.11,214.16,194.0,194.0,,0.0,0.0,0.0,,0.0,0.0,0.0,0.0,0.0,0.0,5.16433,3.35,8.65025275,0.0,17.68,0.0,0.0,6.0,0.0,0.0,16.62,0.0,0.0,1.71,0.0,0.0,41.33,0.0,0.0,-11.4,0.0,-0.006057694400000001,,5.01565812,218.278329,0.000508473939,0.738569806,83.4791057,0.00604248205,99.67692,7.48742218e-05,99.99998999999998,100.0,False
2026-06-26 20:00:00,0.0,,182.2,191.43,209.43,175.06,175.06,,0.0,0.0,0.0,,0.0,0.0,0.0,0.0,0.0,0.0,5.39318,3.35,9.0335765,0.0,17.68,0.0,0.0,6.0,0.0,0.0,16.62,0.0,0.0,1.71,0.0,0.0,41.33,0.0,0.0,-11.4,0.0,-0.0061216111666666665,,5.01565812,218.278634,0.000508473939,0.797597603,83.4791954,0.00619763015,99.67692,8.08583012e-05,99.99998999999998,100.0,False
2026-06-26 20:30:00,0.0,,182.2,188.55,201.49,167.7,167.7,,0.0,0.0,0.0,,0.0,0.0,0.0,0.0,0.0,0.0,5.56848,3.35,9.327204,0.0,17.68,0.0,0.0,6.0,0.0,0.0,16.62,0.0,0.0,1.71,0.0,0.0,41.33,0.0,0.0,-11.4,0.0,-0.006180833399999999,,5.0190697,218.278735,0.000508819796,0.821455263,83.4792972,0.00635427925,99.67692,8.32769266e-05,99.99998999999998,100.0,False
2026-06-26 21:00:00,0.0,,170.28,173.41,198.74,87.91,87.91,,0.0,0.0,0.0,,0.0,0.0,0.0,0.0,0.0,0.0,5.621,3.35,9.415175000000001,0.0,17.68,0.0,0.0,6.0,0.0,0.0,16.62,0.0,0.0,1.71,0.0,0.0,41.33,0.0,0.0,-11.4,0.0,-0.0061363333,,5.0190697,218.279089,0.000508819796,0.883030301,83.4794017,0.0065098005,99.67692,8.95192385e-05,99.99998999999998,100.0,False
2026-06-26 21:30:00,0.0,,170.28,170.31,176.0,79.69,79.69,,0.0,0.0,0.0,,0.0,0.0,0.0,0.0,0.0,0.0,5.64557,3.35,9.45632975,0.0,17.68,0.0,0.0,6.0,0.0,0.0,16.62,0.0,0.0,1.71,0.0,0.0,41.33,0.0,0.0,-11.4,0.0,-0.0061561388666666675,,5.0190697,218.279292,0.000508819796,0.936354849,83.4794921,0.0066658237,99.67692,9.49251378e-05,99.99998999999998,100.0,False
2026-06-26 22:00:00,0.0,,137.7,137.73,145.0,77.65,77.65,,0.0,0.0,0.0,,0.0,0.0,0.0,0.0,0.0,0.0,5.63843,3.35,9.44437025,0.0,17.68,0.0,0.0,6.0,0.0,0.0,16.62,0.0,0.0,1.71,0.0,0.0,41.33,0.0,0.0,-11.4,0.0,-0.006127138833333333,,5.0638268,218.279545,0.00051335715,0.936354849,83.4795744,0.00682111195,99.67692,9.49251378e-05,99.99998999999998,100.0,False
2026-06-26 22:30:00,0.0,,137.7,141.4,145.65,78.67,78.67,,0.0,0.0,0.0,,0.0,0.0,0.0,0.0,0.0,0.0,5.63566,3.35,9.4397305,0.0,17.68,0.0,0.0,6.0,0.0,0.0,16.62,0.0,0.0,1.71,0.0,0.0,41.33,0.0,0.0,-11.4,0.0,-0.0062024444,,5.11440486,218.279799,0.000518484618,0.951634407,83.4796587,0.0069783087,99.67692,9.64741383e-05,99.99998999999998,100.0,False
2026-06-26 23:00:00,0.0,,106.74,100.0,114.57,76.0,76.0,,0.0,0.0,0.0,,0.0,0.0,0.0,0.0,0.0,0.0,5.64566,3.35,9.456480500000001,0.0,2.27,0.0,0.0,0.65,0.0,0.0,7.82,0.0,0.0,-2.74,0.0,0.0,22.0,0.0,0.0,-12.93,0.0,-0.006175416666666667,,5.1813319,218.280053,0.000525269501,0.951634407,83.4797296,0.00713482045,99.67692,9.64741383e-05,99.99998999999998,100.0,False
2026-06-26 23:30:00,0.0,,106.74,110.06,111.5,122.13,122.13,,0.0,0.0,0.0,,0.0,0.0,0.0,0.0,0.0,0.0,5.64679,3.35,9.458373250000001,0.0,2.27,0.0,0.0,0.65,0.0,0.0,7.82,0.0,0.0,-2.74,0.0,0.0,22.0,0.0,0.0,-12.93,0.0,-0.0061273611,,5.31302483,218.280204,0.000538620177,0.951634407,83.479799,0.00729011435,99.67692,9.64741383e-05,99.99998999999998,100.0,False
2026-06-27 00:00:00,0.0,,105.07,110.06,108.28,84.98,84.98,,0.0,0.0,0.0,,0.0,0.0,0.0,0.0,0.0,0.0,5.63469,3.35,9.43810575,0.0,2.27,0.0,0.0,0.65,0.0,0.0,7.82,0.0,0.0,-2.74,0.0,0.0,22.0,0.0,0.0,-12.93,0.0,-0.006251805533333332,,5.47163732,218.280559,0.000554699885,0.951634407,83.4798793,0.0074485621,99.67692,9.64741383e-05,99.99998999999998,100.0,False
2026-06-27 00:30:00,0.0,,105.07,107.7,104.89,78.35,78.35,,0.0,0.0,0.0,,0.0,0.0,0.0,0.0,0.0,0.0,5.63466,3.35,9.4380555,0.0,2.27,0.0,0.0,0.65,0.0,0.0,7.82,0.0,0.0,-2.74,0.0,0.0,22.0,0.0,0.0,-12.93,0.0,-0.0061200555,,0.135946472,218.280762,1.37818879e-05,0.0,83.4799535,0.000155108694,99.67692,0.0,99.99998999999998,100.0,False
2026-06-27 01:00:00,0.0,,103.8,103.11,102.31,102.5,102.5,,0.0,0.0,0.0,,0.0,0.0,0.0,0.0,0.0,0.0,5.63697,3.35,9.44192475,0.0,2.27,0.0,0.0,0.65,0.0,0.0,7.82,0.0,0.0,-2.74,0.0,0.0,22.0,0.0,0.0,-12.93,0.0,-0.0061124166,,0.299883618,218.280965,3.04013952e-05,0.0,83.4800277,0.000310023785,99.67692,0.0,99.99998999999998,100.0,False
2026-06-27 01:30:00,0.0,,103.8,102.09,97.8,98.6,98.6,,0.0,0.0,0.0,,0.0,0.0,0.0,0.0,0.0,0.0,5.63478,3.35,9.4382565,0.0,2.27,0.0,0.0,0.65,0.0,0.0,7.82,0.0,0.0,-2.74,0.0,0.0,22.0,0.0,0.0,-12.93,0.0,-0.0061378889,,0.485698227,218.281218,4.92387808e-05,0.0,83.4800817,0.000465584455,99.67692,0.0,99.99998999999998,100.0,False
2026-06-27 02:00:00,0.0,,101.01,101.04,99.8,101.28,101.28,,0.0,0.0,0.0,,0.0,0.0,0.0,0.0,0.0,0.0,5.63516,3.35,9.438893,0.0,2.27,0.0,0.0,0.65,0.0,0.0,7.82,0.0,0.0,-2.74,0.0,0.0,22.0,0.0,0.0,-12.93,0.0,-0.0061494721333333335,,0.7058605,218.281573,7.15582403e-05,0.0,83.4801478,0.000621438695,99.67692,0.0,99.99998999999998,100.0,False
2026-06-27 02:30:00,0.0,,101.01,101.08,98.0,100.52,100.52,,0.0,0.0,0.0,,0.0,0.0,0.0,0.0,0.0,0.0,5.63498,3.35,9.4385915,0.0,2.27,0.0,0.0,0.65,0.0,0.0,7.82,0.0,0.0,-2.74,0.0,0.0,22.0,0.0,0.0,-12.93,0.0,-0.006178555533333334,,0.900676757,218.281725,9.13081888e-05,0.0,83.4802118,0.00077803003,99.67692,0.0,99.99998999999998,100.0,False
2026-06-27 03:00:00,0.0,,101.33,99.7,100.95,76.47,76.47,,0.0,0.0,0.0,,0.0,0.0,0.0,0.0,0.0,0.0,5.63614,3.35,9.4405345,0.0,2.46,0.0,0.0,0.24,0.0,0.0,6.81,0.0,0.0,-1.68,0.0,0.0,23.78,0.0,0.0,-14.73,0.0,-0.0061737777999999995,,1.12372451,218.282029,0.00011392017,0.0,83.4802813,0.00093450028,99.67692,0.0,99.99998999999998,100.0,False
2026-06-27 03:30:00,0.0,,101.33,99.32,95.8,70.83,70.83,,0.0,0.0,0.0,,0.0,0.0,0.0,0.0,0.0,0.0,5.63811,3.35,9.44383425,0.0,2.46,0.0,0.0,0.24,0.0,0.0,6.81,0.0,0.0,-1.68,0.0,0.0,23.78,0.0,0.0,-14.73,0.0,-0.006205444399999999,,1.33837597,218.282284,0.000135680959,0.0,83.4803588,0.0010917731,99.67692,0.0,99.99998999999998,100.0,False
2026-06-27 04:00:00,0.0,,98.86,97.09,93.48,97.77,97.77,,0.0,0.0,0.0,,0.0,0.0,0.0,0.0,0.0,0.0,5.63495,3.35,9.43854125,0.0,2.46,0.0,0.0,0.24,0.0,0.0,6.81,0.0,0.0,-1.68,0.0,0.0,23.78,0.0,0.0,-14.73,0.0,-0.006221722166666666,,1.49956995,218.282486,0.000152022371,0.0,83.4804384,0.00124945847,99.67692,0.0,99.99998999999998,100.0,False
2026-06-27 04:30:00,0.0,,98.86,97.1,96.2,98.77,98.77,,0.0,0.0,0.0,,0.0,0.0,0.0,0.0,0.0,0.0,5.6347,3.35,9.4381225,0.0,2.46,0.0,0.0,0.24,0.0,0.0,6.81,0.0,0.0,-1.68,0.0,0.0,23.78,0.0,0.0,-14.73,0.0,-0.0062075278,,1.6721518,218.28279,0.000169518255,0.0,83.4805018,0.00140678409,99.67692,0.0,99.99998999999998,100.0,False
2026-06-27 05:00:00,0.0,,98.19,96.83,97.3,94.3,94.3,,0.0,0.0,0.0,,0.0,0.0,0.0,0.0,0.0,0.0,5.60619,3.35,9.39036825,0.0,2.46,0.0,0.0,0.24,0.0,0.0,6.81,0.0,0.0,-1.68,0.0,0.0,23.78,0.0,0.0,-14.73,0.0,-0.006240583366666667,,1.90393909,218.282992,0.000193016227,0.0,83.4805651,0.00156494748,99.67692,0.0,99.99998999999998,100.0,False
2026-06-27 05:30:00,0.0,,98.19,96.83,95.2,129.0,129.0,,0.0,0.0,0.0,,0.0,0.0,0.0,0.0,0.0,0.0,5.6136,3.35,9.40278,0.0,2.46,0.0,0.0,0.24,0.0,0.0,6.81,0.0,0.0,-1.68,0.0,0.0,23.78,0.0,0.0,-14.73,0.0,-0.0061586666666666665,,2.0943364,218.283195,0.000212318195,0.0,83.480642,0.00172103475,99.67692,0.0,99.99998999999998,100.0,False
2026-06-27 06:00:00,0.0,,93.0,92.34,93.42,132.0,132.0,,0.0,0.0,0.0,,0.0,0.0,0.0,0.0,0.0,0.0,5.52199,3.35,9.24933325,0.0,2.46,0.0,0.0,0.24,0.0,0.0,6.81,0.0,0.0,-1.68,0.0,0.0,23.78,0.0,0.0,-14.73,0.0,-0.006230916700000001,,2.27978637,218.283449,0.000231118614,0.0,83.4807154,0.00187895314,99.67692,0.0,99.99998999999998,100.0,False
2026-06-27 06:30:00,0.0,,93.0,98.1,98.5,132.0,132.0,,0.0,0.0,0.0,,0.0,0.0,0.0,0.0,0.0,0.0,4.88712,3.35,8.185926,0.0,2.46,0.0,0.0,0.24,0.0,0.0,6.81,0.0,0.0,-1.68,0.0,0.0,23.78,0.0,0.0,-14.73,0.0,-0.006170055533333333,,2.56171189,218.283803,0.000259699466,0.0,83.4807876,0.00203532906,99.67692,0.0,99.99998999999998,100.0,False
2026-06-27 07:00:00,0.0,,94.87,79.97,86.0,119.0,119.0,,0.0,0.0,0.0,,0.0,0.0,0.0,0.0,0.0,0.0,4.92303,3.35,8.24607525,0.0,5.05,0.0,0.0,0.62,0.0,0.0,10.43,0.0,0.0,-0.8,0.0,0.0,26.02,0.0,0.0,-7.97,0.0,-0.006220361099999999,,2.96770642,218.284057,0.0003008581,0.0,83.4808631,0.00219297993,99.67692,0.0,99.99998999999998,100.0,False
2026-06-27 07:30:00,0.0,,94.87,91.97,86.0,119.0,119.0,,0.0,0.0,0.0,,0.0,0.0,0.0,0.0,0.0,0.0,4.5069,3.35,7.5490575,0.0,5.05,0.0,0.0,0.62,0.0,0.0,10.43,0.0,0.0,-0.8,0.0,0.0,26.02,0.0,0.0,-7.97,0.0,-0.0061523333,,3.19958551,218.28426,0.000324365379,0.0,83.4809406,0.00234890668,99.67692,0.0,99.99998999999998,100.0,False
2026-06-27 08:00:00,0.0,,82.76,65.36,68.02,24.18,24.18,,0.0,0.0,0.0,,0.0,0.0,0.0,0.0,0.0,0.0,4.08479,3.35,6.8420232500000004,0.0,5.05,0.0,0.0,0.62,0.0,0.0,10.43,0.0,0.0,-0.8,0.0,0.0,26.02,0.0,0.0,-7.97,0.0,-0.006131972233333334,,3.57252925,218.284514,0.000362173413,0.0,83.4810189,0.00250431739,99.67692,0.0,99.99998999999998,100.0,False
2026-06-27 08:30:00,0.0,,82.76,54.64,61.02,1.65,1.65,,0.0,0.0,0.0,,0.0,0.0,0.0,0.0,0.0,0.0,2.7863,3.35,4.6670525000000005,0.0,5.05,0.0,0.0,0.62,0.0,0.0,10.43,0.0,0.0,-0.8,0.0,0.0,26.02,0.0,0.0,-7.97,0.0,-0.006159277733333334,,3.84909705,218.284767,0.000390211113,0.0,83.4810951,0.00266042015,99.67692,0.0,99.99998999999998,100.0,False
2026-06-27 09:00:00,0.0,,69.2,37.45,43.83,119.0,119.0,,0.0,0.0,0.0,,0.0,0.0,0.0,0.0,0.0,0.0,1.64947,3.35,2.76286225,0.0,5.05,0.0,0.0,0.62,0.0,0.0,10.43,0.0,0.0,-0.8,0.0,0.0,26.02,0.0,0.0,-7.97,0.0,-0.006089861133333333,,4.13708312,218.284969,0.000419406367,0.0,83.4811801,0.00281476359,99.67692,0.0,99.99998999999998,100.0,False
2026-06-27 09:30:00,0.0,,69.2,45.95,24.57,13.71,13.71,,0.0,0.0,0.0,,0.0,0.0,0.0,0.0,0.0,0.0,1.37482,3.35,2.3028235,0.0,5.05,0.0,0.0,0.62,0.0,0.0,10.43,0.0,0.0,-0.8,0.0,0.0,26.02,0.0,0.0,-7.97,0.0,-0.006085138899999999,,4.34716444,218.285274,0.000440703846,0.0,83.4812677,0.00296898735,99.67692,0.0,99.99998999999998,100.0,False
2026-06-27 10:00:00,0.0,,48.6,34.95,28.57,4.53,4.53,,0.0,0.0,0.0,,0.0,0.0,0.0,0.0,0.0,0.0,0.63799,3.35,1.06863325,0.0,5.05,0.0,0.0,0.62,0.0,0.0,10.43,0.0,0.0,-0.8,0.0,0.0,26.02,0.0,0.0,-7.97,0.0,-0.006132027799999999,,4.56488508,218.285527,0.00046277578,0.0,83.4813729,0.00312439948,99.67692,0.0,99.99998999999998,100.0,False
2026-06-27 10:30:00,0.0,,48.6,25.0,25.03,47.65,47.65,,0.0,0.0,0.0,,0.0,0.0,0.0,0.0,0.0,0.0,0.69882,3.35,1.1705235,0.0,5.05,0.0,0.0,0.62,0.0,0.0,10.43,0.0,0.0,-0.8,0.0,0.0,26.02,0.0,0.0,-7.97,0.0,-0.0061085,,4.86238236,218.285882,0.000492935254,0.0,83.4814606,0.0032792153,99.67692,0.0,99.99998999999998,100.0,False
2026-06-27 11:00:00,0.0,,32.8,12.1,15.69,4.99,4.99,,0.0,0.0,0.0,,0.0,0.0,0.0,0.0,0.0,0.0,0.05452,3.35,0.091321,0.0,2.73,0.0,0.0,10.42,0.0,0.0,5.55,0.0,0.0,9.37,0.0,0.0,7.53,0.0,0.0,13.78,0.0,-0.0061215279,,5.0241925,218.286034,0.000509339131,0.0,83.4815393,0.00343436131,99.67692,0.0,99.99998999999998,100.0,False
2026-06-27 11:30:00,0.0,,32.8,12.01,12.5,5.9,5.9,,0.0,0.0,0.0,,0.0,0.0,0.0,0.0,0.0,0.0,0.04784,3.35,0.08013200000000001,0.0,2.73,0.0,0.0,10.42,0.0,0.0,5.55,0.0,0.0,9.37,0.0,0.0,7.53,0.0,0.0,13.78,0.0,-0.0060922500000000004,,5.23175019,218.286338,0.000530380772,0.0,83.4816059,0.00358876529,99.67692,0.0,99.99998999999998,100.0,False
2026-06-27 12:00:00,0.0,,24.1,12.34,15.0,26.66,26.66,,0.0,0.0,0.0,,0.0,0.0,0.0,0.0,0.0,0.0,0.04703,3.35,0.07877525,0.0,2.73,0.0,0.0,10.42,0.0,0.0,5.55,0.0,0.0,9.37,0.0,0.0,7.53,0.0,0.0,13.78,0.0,-0.006069944466666667,,5.49804753,218.286642,0.000557377281,0.0,83.4816691,0.00374260395,99.67692,0.0,99.99998999999998,100.0,False
2026-06-27 12:30:00,0.0,,24.1,12.2,11.39,24.12,24.12,,0.0,0.0,0.0,,0.0,0.0,0.0,0.0,0.0,0.0,0.03706,3.35,0.062075500000000006,0.0,2.73,0.0,0.0,10.42,0.0,0.0,5.55,0.0,0.0,9.37,0.0,0.0,7.53,0.0,0.0,13.78,0.0,-0.0061620834,,5.70887229,218.286845,0.000578750128,0.0,83.481727,0.00389877783,99.67692,0.0,99.99998999999998,100.0,False
2026-06-27 13:00:00,0.0,,22.0,12.34,14.42,-1.03,-1.03,,0.0,0.0,0.0,,0.0,0.0,0.0,0.0,0.0,0.0,0.04144,3.35,0.069412,0.0,2.73,0.0,0.0,10.42,0.0,0.0,5.55,0.0,0.0,9.37,0.0,0.0,7.53,0.0,0.0,13.78,0.0,-0.006076277799999999,,5.95193903,218.2872,0.000603391581,0.0,83.4817773,0.00405277701,99.67692,0.0,99.99998999999998,100.0,False
2026-06-27 13:30:00,0.0,,22.0,9.82,10.0,0.0,0.0,,0.0,0.0,0.0,,0.0,0.0,0.0,0.0,0.0,0.0,0.1214,3.35,0.203345,0.0,2.73,0.0,0.0,10.42,0.0,0.0,5.55,0.0,0.0,9.37,0.0,0.0,7.53,0.0,0.0,13.78,0.0,-0.0060430832666666665,,6.22000696,218.287453,0.000630567587,0.0,83.4818223,0.00420593489,99.67692,0.0,99.99998999999998,100.0,False
2026-06-27 14:00:00,0.0,,27.63,11.2,16.0,19.57,19.57,,0.0,0.0,0.0,,0.0,0.0,0.0,0.0,0.0,0.0,0.22723,3.35,0.38061025,0.0,2.73,0.0,0.0,10.42,0.0,0.0,5.55,0.0,0.0,9.37,0.0,0.0,7.53,0.0,0.0,13.78,0.0,-0.006088666666666667,,6.39452183,218.287757,0.000648259436,0.0,83.4818834,0.00436024805,99.67692,0.0,99.99998999999998,100.0,False
2026-06-27 14:30:00,0.0,,27.63,10.82,17.0,48.5,48.5,,0.0,0.0,0.0,,0.0,0.0,0.0,0.0,0.0,0.0,1.05604,3.35,1.7688670000000002,0.0,2.73,0.0,0.0,10.42,0.0,0.0,5.55,0.0,0.0,9.37,0.0,0.0,7.53,0.0,0.0,13.78,0.0,-0.006062083333333333,,6.59031687,218.288011,0.000668108611,0.0,83.4819459,0.00451388747,99.67692,0.0,99.99998999999998,100.0,False
2026-06-27 15:00:00,0.0,,53.3,41.0,45.0,59.75,59.75,,0.0,0.0,0.0,,0.0,0.0,0.0,0.0,0.0,0.0,1.70715,3.35,2.85947625,0.0,3.53,0.0,0.0,8.14,0.0,0.0,9.59,0.0,0.0,4.62,0.0,0.0,14.43,0.0,0.0,6.04,0.0,-0.006086111133333333,,6.73760569,218.288213,0.000683040355,0.0,83.4820179,0.00466813587,99.67692,0.0,99.99998999999998,100.0,False
2026-06-27 15:30:00,0.0,,53.3,47.98,44.6,115.7,115.7,,0.0,0.0,0.0,,0.0,0.0,0.0,0.0,0.0,0.0,2.90619,3.35,4.86786825,0.0,3.53,0.0,0.0,8.14,0.0,0.0,9.59,0.0,0.0,4.62,0.0,0.0,14.43,0.0,0.0,6.04,0.0,-0.006136777766666667,,6.89634359,218.288568,0.000699132777,0.0,83.4820792,0.00482366839,99.67692,0.0,99.99998999999998,100.0,False
2026-06-27 16:00:00,0.0,,81.47,79.72,75.0,118.0,118.0,,0.0,0.0,0.0,,0.0,0.0,0.0,0.0,0.0,0.0,3.35773,3.35,5.62419775,0.0,3.53,0.0,0.0,8.14,0.0,0.0,9.59,0.0,0.0,4.62,0.0,0.0,14.43,0.0,0.0,6.04,0.0,-0.006102666633333333,,7.0361821,218.288873,0.000713309229,0.0,83.4821431,0.00497833637,99.67692,0.0,99.99998999999998,100.0,False
2026-06-27 16:30:00,0.0,,81.47,73.95,75.0,108.08,108.08,,0.0,0.0,0.0,,0.0,0.0,0.0,0.0,0.0,0.0,4.15906,3.35,6.966425500000001,0.0,3.53,0.0,0.0,8.14,0.0,0.0,9.59,0.0,0.0,4.62,0.0,0.0,14.43,0.0,0.0,6.04,0.0,-0.0060494167333333335,,7.12810639,218.289126,0.000722628267,0.0,83.4822139,0.00513165475,99.67692,0.0,99.99998999999998,100.0,False
2026-06-27 17:00:00,0.0,,105.85,89.7,94.69,120.51,120.51,,0.0,0.0,0.0,,0.0,0.0,0.0,0.0,0.0,0.0,4.45572,3.35,7.463331000000001,0.0,3.53,0.0,0.0,8.14,0.0,0.0,9.59,0.0,0.0,4.62,0.0,0.0,14.43,0.0,0.0,6.04,0.0,-0.006110444400000001,,7.26929508,218.289278,0.000736941597,0.0,83.4822901,0.00528651985,99.67692,0.0,99.99998999999998,100.0,False
2026-06-27 17:30:00,0.0,,105.85,92.67,97.8,118.36,118.36,,0.0,0.0,0.0,,0.0,0.0,0.0,0.0,0.0,0.0,4.57812,3.35,7.668351,0.0,3.53,0.0,0.0,8.14,0.0,0.0,9.59,0.0,0.0,4.62,0.0,0.0,14.43,0.0,0.0,6.04,0.0,-0.0060961112,,7.35041858,218.289633,0.000745165679,0.0,83.4823643,0.0054410217,99.67692,0.0,99.99998999999998,100.0,False
2026-06-27 18:00:00,0.0,,125.42,105.0,109.0,81.01,81.01,,0.0,0.0,0.0,,0.0,0.0,0.0,0.0,0.0,0.0,4.691,3.35,7.857425,0.0,3.53,0.0,0.0,8.14,0.0,0.0,9.59,0.0,0.0,4.62,0.0,0.0,14.43,0.0,0.0,6.04,0.0,-0.0061583055,,7.35940311,218.289683,0.000746076506,0.0127978512,83.4824479,0.00559709985,99.67692,1.29741176e-06,99.99998999999998,100.0,False
2026-06-27 18:30:00,0.0,,125.42,109.5,112.0,138.0,138.0,,0.0,0.0,0.0,,0.0,0.0,0.0,0.0,0.0,0.0,4.01325,3.35,6.722193750000001,0.0,3.53,0.0,0.0,8.14,0.0,0.0,9.59,0.0,0.0,4.62,0.0,0.0,14.43,0.0,0.0,6.04,0.0,-0.006141805566666668,,7.4471441,218.290089,0.000754971452,0.0127978512,83.4825281,0.0057527598,99.67692,1.29741176e-06,99.99998999999998,100.0,False
2026-06-27 19:00:00,0.0,,119.0,108.53,114.11,107.35,107.35,,0.0,0.0,0.0,,0.0,0.0,0.0,0.0,0.0,0.0,4.84582,3.35,8.1167485,0.0,7.47,0.0,0.0,0.1,0.0,0.0,10.56,0.0,0.0,-2.34,0.0,0.0,27.08,0.0,0.0,-6.82,0.0,-0.0061325556,,7.48744473,218.290343,0.000759057022,0.0127978512,83.4826103,0.00590818525,99.67692,1.29741176e-06,99.99998999999998,100.0,False
2026-06-27 19:30:00,0.0,,119.0,109.34,116.51,129.0,129.0,,0.0,0.0,0.0,,0.0,0.0,0.0,0.0,0.0,0.0,5.31229,3.35,8.89808575,0.0,7.47,0.0,0.0,0.1,0.0,0.0,10.56,0.0,0.0,-2.34,0.0,0.0,27.08,0.0,0.0,-6.82,0.0,-0.006119527733333334,,7.59387694,218.290545,0.000769846833,0.0127978512,83.4826913,0.0060632806,99.67692,1.29741176e-06,99.99998999999998,100.0,False
2026-06-27 20:00:00,0.0,,122.0,114.49,119.8,140.0,140.0,,0.0,0.0,0.0,,0.0,0.0,0.0,0.0,0.0,0.0,5.39797,3.35,9.04159975,0.0,7.47,0.0,0.0,0.1,0.0,0.0,10.56,0.0,0.0,-2.34,0.0,0.0,27.08,0.0,0.0,-6.82,0.0,-0.006177861033333333,,7.61341306,218.290799,0.000771827352,0.0218157445,83.4827836,0.00621985435,99.67692,2.21162154e-06,99.99998999999998,100.0,False
2026-06-27 20:30:00,0.0,,122.0,115.58,120.34,137.53,137.53,,0.0,0.0,0.0,,0.0,0.0,0.0,0.0,0.0,0.0,5.525,3.35,9.254375000000001,0.0,7.47,0.0,0.0,0.1,0.0,0.0,10.56,0.0,0.0,-2.34,0.0,0.0,27.08,0.0,0.0,-6.82,0.0,-0.006157555466666667,,7.61927747,218.291052,0.000772421871,0.0288018907,83.4828841,0.0063759134,99.67692,2.91985826e-06,99.99998999999998,100.0,False
2026-06-27 21:00:00,0.0,,124.0,118.46,119.56,121.0,121.0,,0.0,0.0,0.0,,0.0,0.0,0.0,0.0,0.0,0.0,5.62875,3.35,9.42815625,0.0,7.47,0.0,0.0,0.1,0.0,0.0,10.56,0.0,0.0,-2.34,0.0,0.0,27.08,0.0,0.0,-6.82,0.0,-0.006189139,,7.61967492,218.291255,0.000772462163,0.0303421267,83.4829812,0.006532773,99.67692,3.07600325e-06,99.99998999999998,100.0,False
2026-06-27 21:30:00,0.0,,124.0,117.96,118.0,90.0,90.0,,0.0,0.0,0.0,,0.0,0.0,0.0,0.0,0.0,0.0,5.64292,3.35,9.451891,0.0,7.47,0.0,0.0,0.1,0.0,0.0,10.56,0.0,0.0,-2.34,0.0,0.0,27.08,0.0,0.0,-6.82,0.0,-0.0061811389333333334,,7.66920253,218.291559,0.000777483139,0.0303421267,83.4830905,0.0066894298,99.67692,3.07600325e-06,99.99998999999998,100.0,False
2026-06-27 22:00:00,0.0,,115.0,113.99,116.0,70.6,70.6,,0.0,0.0,0.0,,0.0,0.0,0.0,0.0,0.0,0.0,5.63524,3.35,9.439027,0.0,7.47,0.0,0.0,0.1,0.0,0.0,10.56,0.0,0.0,-2.34,0.0,0.0,27.08,0.0,0.0,-6.82,0.0,-0.0062021667,,7.72935436,218.291762,0.00078358117,0.0303421267,83.4831916,0.00684661955,99.67692,3.07600325e-06,99.99998999999998,100.0,False
2026-06-27 22:30:00,0.0,,115.0,113.62,116.69,48.5,48.5,,0.0,0.0,0.0,,0.0,0.0,0.0,0.0,0.0,0.0,5.5058,3.35,9.222215,0.0,7.47,0.0,0.0,0.1,0.0,0.0,10.56,0.0,0.0,-2.34,0.0,0.0,27.08,0.0,0.0,-6.82,0.0,-0.0062001389,,7.78643888,218.292015,0.000789368245,0.0303421267,83.4832887,0.0070037579,99.67692,3.07600325e-06,99.99998999999998,100.0,False
2026-06-27 23:00:00,0.0,,105.7,103.54,101.69,48.5,48.5,,0.0,0.0,0.0,,0.0,0.0,0.0,0.0,0.0,0.0,5.64119,3.35,9.448993250000001,0.0,1.97,0.0,0.0,0.53,0.0,0.0,11.68,0.0,0.0,-2.94,0.0,0.0,16.34,0.0,0.0,-12.03,0.0,-0.006180527766666667,,7.85131441,218.292269,0.000795945152,0.0303421267,83.4833824,0.00716039925,99.67692,3.07600325e-06,99.99998999999998,100.0,False
2026-06-27 23:30:00,0.0,,105.7,101.57,104.89,77.7,77.7,,0.0,0.0,0.0,,0.0,0.0,0.0,0.0,0.0,0.0,5.63623,3.35,9.440685250000001,0.0,1.97,0.0,0.0,0.53,0.0,0.0,11.68,0.0,0.0,-2.94,0.0,0.0,16.34,0.0,0.0,-12.03,0.0,-0.0062134722,,7.95600815,218.292471,0.000806558722,0.0303421267,83.4834856,0.0073178755,99.67692,3.07600325e-06,99.99998999999998,100.0,False
2026-06-28 00:00:00,0.0,,103.0,101.57,103.4,77.7,77.7,,0.0,0.0,0.0,,0.0,0.0,0.0,0.0,0.0,0.0,5.63755,3.35,9.44289625,0.0,1.97,0.0,0.0,0.53,0.0,0.0,11.68,0.0,0.0,-2.94,0.0,0.0,16.34,0.0,0.0,-12.03,0.0,-0.006199694466666667,,8.04213249,218.292674,0.000815289776,0.0303421267,83.4835989,0.0074750026,99.67692,3.07600325e-06,99.99998999999998,100.0,False
2026-06-28 00:30:00,0.0,,103.0,101.31,103.4,77.7,77.7,,0.0,0.0,0.0,,0.0,0.0,0.0,0.0,0.0,0.0,5.6353,3.35,9.4391275,0.0,1.97,0.0,0.0,0.53,0.0,0.0,11.68,0.0,0.0,-2.94,0.0,0.0,16.34,0.0,0.0,-12.03,0.0,-0.006151722233333333,,0.12824546,218.293079,1.300118e-05,0.0,83.4837,0.000155911266,99.67692,0.0,99.99998999999998,100.0,False
2026-06-28 01:00:00,0.0,,97.07,98.75,97.84,115.63,115.63,,0.0,0.0,0.0,,0.0,0.0,0.0,0.0,0.0,0.0,5.63467,3.35,9.43807225,0.0,1.97,0.0,0.0,0.53,0.0,0.0,11.68,0.0,0.0,-2.94,0.0,0.0,16.34,0.0,0.0,-12.03,0.0,-0.006201777766666666,,0.238654757,218.293182,2.41941778e-05,0.0,83.4838207,0.000313091157,99.67692,0.0,99.99998999999998,100.0,False
2026-06-28 01:30:00,0.0,,97.07,102.11,104.91,120.0,120.0,,0.0,0.0,0.0,,0.0,0.0,0.0,0.0,0.0,0.0,5.63487,3.35,9.438407250000001,0.0,1.97,0.0,0.0,0.53,0.0,0.0,11.68,0.0,0.0,-2.94,0.0,0.0,16.34,0.0,0.0,-12.03,0.0,-0.006211222233333333,,0.332031296,218.293485,3.36604403e-05,0.0,83.4839272,0.00047051041,99.67692,0.0,99.99998999999998,100.0,False
2026-06-28 02:00:00,0.0,,94.23,100.7,108.1,117.7,117.7,,0.0,0.0,0.0,,0.0,0.0,0.0,0.0,0.0,0.0,5.63489,3.35,9.438440750000002,0.0,1.97,0.0,0.0,0.53,0.0,0.0,11.68,0.0,0.0,-2.94,0.0,0.0,16.34,0.0,0.0,-12.03,0.0,-0.006162250033333333,,0.476755432,218.293688,4.83321843e-05,0.0,83.4840418,0.000626688495,99.67692,0.0,99.99998999999998,100.0,False
2026-06-28 02:30:00,0.0,,94.23,100.72,102.81,62.05,62.05,,0.0,0.0,0.0,,0.0,0.0,0.0,0.0,0.0,0.0,5.63487,3.35,9.438407250000001,0.0,1.97,0.0,0.0,0.53,0.0,0.0,11.68,0.0,0.0,-2.94,0.0,0.0,16.34,0.0,0.0,-12.03,0.0,-0.0061755834,,0.629544069,218.294043,6.38214856e-05,0.0,83.4842003,0.000783204505,99.67692,0.0,99.99998999999998,100.0,False
2026-06-28 03:00:00,0.0,,97.8,101.0,104.12,120.0,120.0,,0.0,0.0,0.0,,0.0,0.0,0.0,0.0,0.0,0.0,5.63707,3.35,9.44209225,0.0,2.68,0.0,0.0,0.1,0.0,0.0,7.71,0.0,0.0,-1.01,0.0,0.0,25.39,0.0,0.0,-7.74,0.0,-0.00618575,,0.822895044,218.294245,8.34228878e-05,0.0,83.4843317,0.000939978185,99.67692,0.0,99.99998999999998,100.0,False
2026-06-28 03:30:00,0.0,,97.8,101.74,98.29,122.9,122.9,,0.0,0.0,0.0,,0.0,0.0,0.0,0.0,0.0,0.0,5.63513,3.35,9.438842750000001,0.0,2.68,0.0,0.0,0.1,0.0,0.0,7.71,0.0,0.0,-1.01,0.0,0.0,25.39,0.0,0.0,-7.74,0.0,-0.006114277833333333,,0.956868311,218.294549,9.70047375e-05,0.0,83.4844686,0.00109494045,99.67692,0.0,99.99998999999998,100.0,False
2026-06-28 04:00:00,0.0,,94.76,96.33,95.04,122.9,122.9,,0.0,0.0,0.0,,0.0,0.0,0.0,0.0,0.0,0.0,5.63493,3.35,9.43850775,0.0,2.68,0.0,0.0,0.1,0.0,0.0,7.71,0.0,0.0,-1.01,0.0,0.0,25.39,0.0,0.0,-7.74,0.0,-0.0061853332666666665,,1.14221602,218.294753,0.00011579479,0.0,83.4845961,0.00125170356,99.67692,0.0,99.99998999999998,100.0,False
2026-06-28 04:30:00,0.0,,94.76,96.2,97.24,122.9,122.9,,0.0,0.0,0.0,,0.0,0.0,0.0,0.0,0.0,0.0,5.62532,3.35,9.422411,0.0,2.68,0.0,0.0,0.1,0.0,0.0,7.71,0.0,0.0,-1.01,0.0,0.0,25.39,0.0,0.0,-7.74,0.0,-0.006120138933333334,,1.34212822,218.295006,0.000136061352,0.0,83.4847168,0.00140681437,99.67692,0.0,99.99998999999998,100.0,False
2026-06-28 05:00:00,0.0,,90.6,93.49,93.0,120.0,120.0,,0.0,0.0,0.0,,0.0,0.0,0.0,0.0,0.0,0.0,5.53298,3.35,9.267741500000001,0.0,2.68,0.0,0.0,0.1,0.0,0.0,7.71,0.0,0.0,-1.01,0.0,0.0,25.39,0.0,0.0,-7.74,0.0,-0.006206333233333333,,1.55192575,218.295259,0.000157330061,0.0,83.4848341,0.00156410972,99.67692,0.0,99.99998999999998,100.0,False
2026-06-28 05:30:00,0.0,,90.6,100.25,96.0,119.89,119.89,,0.0,0.0,0.0,,0.0,0.0,0.0,0.0,0.0,0.0,5.36638,3.35,8.9886865,0.0,2.68,0.0,0.0,0.1,0.0,0.0,7.71,0.0,0.0,-1.01,0.0,0.0,25.39,0.0,0.0,-7.74,0.0,-0.006164444433333333,,1.75159237,218.295462,0.000177571726,0.0,83.4849515,0.00172034341,99.67692,0.0,99.99998999999998,100.0,False
2026-06-28 06:00:00,0.0,,84.4,99.59,90.66,119.0,119.0,,0.0,0.0,0.0,,0.0,0.0,0.0,0.0,0.0,0.0,5.24969,3.35,8.793230750000001,0.0,2.68,0.0,0.0,0.1,0.0,0.0,7.71,0.0,0.0,-1.01,0.0,0.0,25.39,0.0,0.0,-7.74,0.0,-0.0061478888,,1.92790624,218.295716,0.000195445953,0.0,83.4850782,0.00187615752,99.67692,0.0,99.99998999999998,100.0,False
2026-06-28 06:30:00,0.0,,84.4,88.31,83.16,120.0,120.0,,0.0,0.0,0.0,,0.0,0.0,0.0,0.0,0.0,0.0,4.99687,3.35,8.369757250000001,0.0,2.68,0.0,0.0,0.1,0.0,0.0,7.71,0.0,0.0,-1.01,0.0,0.0,25.39,0.0,0.0,-7.74,0.0,-0.006193916666666667,,2.09763937,218.296071,0.000212653041,0.0,83.4852293,0.00203313819,99.67692,0.0,99.99998999999998,100.0,False
2026-06-28 07:00:00,0.0,,66.8,63.85,66.23,120.0,120.0,,0.0,0.0,0.0,,0.0,0.0,0.0,0.0,0.0,0.0,4.43571,3.35,7.429814250000001,0.0,4.85,0.0,0.0,1.73,0.0,0.0,8.99,0.0,0.0,0.86,0.0,0.0,16.05,0.0,0.0,-1.67,0.0,-0.006212027833333332,,2.28517806,218.296222,0.00023166521,0.0,83.4853264,0.00219057786,99.67692,0.0,99.99998999999998,100.0,False
2026-06-28 07:30:00,0.0,,66.8,69.0,62.32,118.25,118.25,,0.0,0.0,0.0,,0.0,0.0,0.0,0.0,0.0,0.0,3.6587,3.35,6.1283225,0.0,4.85,0.0,0.0,1.73,0.0,0.0,8.99,0.0,0.0,0.86,0.0,0.0,16.05,0.0,0.0,-1.67,0.0,-0.006159805566666667,,2.44925467,218.296527,0.000248298855,0.0,83.4854356,0.00234669399,99.67692,0.0,99.99998999999998,100.0,False
2026-06-28 08:00:00,0.0,,37.3,33.47,35.4,29.03,29.03,,0.0,0.0,0.0,,0.0,0.0,0.0,0.0,0.0,0.0,3.16366,3.35,5.2991305,0.0,4.85,0.0,0.0,1.73,0.0,0.0,8.99,0.0,0.0,0.86,0.0,0.0,16.05,0.0,0.0,-1.67,0.0,-0.006089333400000001,,2.6594709,218.29673,0.000269610012,0.0,83.4855111,0.00250102406,99.67692,0.0,99.99998999999998,100.0,False
2026-06-28 08:30:00,0.0,,37.3,32.31,37.65,28.69,28.69,,0.0,0.0,0.0,,0.0,0.0,0.0,0.0,0.0,0.0,3.46291,3.35,5.80037425,0.0,4.85,0.0,0.0,1.73,0.0,0.0,8.99,0.0,0.0,0.86,0.0,0.0,16.05,0.0,0.0,-1.67,0.0,-0.006135250066666667,,2.91639373,218.297033,0.000295656158,0.0,83.4855785,0.00265651784,99.67692,0.0,99.99998999999998,100.0,False
2026-06-28 09:00:00,0.0,,21.54,15.0,19.8,-2.29,-2.29,,0.0,0.0,0.0,,0.0,0.0,0.0,0.0,0.0,0.0,3.71735,3.35,6.2265612500000005,0.0,4.85,0.0,0.0,1.73,0.0,0.0,8.99,0.0,0.0,0.86,0.0,0.0,16.05,0.0,0.0,-1.67,0.0,-0.006052694466666667,,3.15570953,218.297186,0.00031991735,0.0,83.4856506,0.00280991932,99.67692,0.0,99.99998999999998,100.0,False
2026-06-28 09:30:00,0.0,,21.54,2.26,11.31,-10.0,-10.0,,0.0,0.0,0.0,,0.0,0.0,0.0,0.0,0.0,0.0,2.85292,3.35,4.778641,0.0,4.85,0.0,0.0,1.73,0.0,0.0,8.99,0.0,0.0,0.86,0.0,0.0,16.05,0.0,0.0,-1.67,0.0,-0.0061556945,,3.32700328,218.29754,0.00033728265,0.0,83.4857281,0.00296593126,99.67692,0.0,99.99998999999998,100.0,False
2026-06-28 10:00:00,0.0,,15.08,0.0,7.57,-15.16,-15.16,,0.0,0.0,0.0,,0.0,0.0,0.0,0.0,0.0,0.0,1.76464,3.35,2.955772,0.0,4.85,0.0,0.0,1.73,0.0,0.0,8.99,0.0,0.0,0.86,0.0,0.0,16.05,0.0,0.0,-1.67,0.0,-0.006168749966666667,,3.49589274,218.297693,0.00035440421,0.0,83.4858008,0.00312227408,99.67692,0.0,99.99998999999998,100.0,False
2026-06-28 10:30:00,0.0,,15.08,-1.99,4.07,-25.12,-25.12,,0.0,0.0,0.0,,0.0,0.0,0.0,0.0,0.0,0.0,1.77159,3.35,2.96741325,0.0,4.85,0.0,0.0,1.73,0.0,0.0,8.99,0.0,0.0,0.86,0.0,0.0,16.05,0.0,0.0,-1.67,0.0,-0.0061106666333333335,,3.72591875,218.298098,0.000377723628,0.0,83.485879,0.00327714482,99.67692,0.0,99.99998999999998,100.0,False
2026-06-28 11:00:00,0.0,,11.93,-2.01,6.3,-36.65,-36.65,,0.0,0.0,0.0,,0.0,0.0,0.0,0.0,0.0,0.0,1.22078,3.35,2.0448065,0.0,1.93,0.0,0.0,5.9,0.0,0.0,1.47,0.0,0.0,6.93,0.0,0.0,2.51,0.0,0.0,4.69,0.0,-0.006129944500000001,,3.87367104,218.298301,0.000392702358,0.0,83.4859564,0.00343250414,99.67692,0.0,99.99998999999998,100.0,False
2026-06-28 11:30:00,0.0,,11.93,-5.99,-1.3,-44.99,-44.99,,0.0,0.0,0.0,,0.0,0.0,0.0,0.0,0.0,0.0,1.27224,3.35,2.131002,0.0,1.93,0.0,0.0,5.9,0.0,0.0,1.47,0.0,0.0,6.93,0.0,0.0,2.51,0.0,0.0,4.69,0.0,-0.006095527833333333,,4.12517417,218.298555,0.00041819907,0.0,83.4860136,0.0035869912,99.67692,0.0,99.99998999999998,100.0,False
2026-06-28 12:00:00,0.0,,9.1,-0.69,4.5,-39.65,-39.65,,0.0,0.0,0.0,,0.0,0.0,0.0,0.0,0.0,0.0,1.27937,3.35,2.14294475,0.0,1.93,0.0,0.0,5.9,0.0,0.0,1.47,0.0,0.0,6.93,0.0,0.0,2.51,0.0,0.0,4.69,0.0,-0.006107999933333334,,4.33589864,218.298808,0.00043956175,0.0,83.4860816,0.00374179435,99.67692,0.0,99.99998999999998,100.0,False
2026-06-28 12:30:00,0.0,,9.1,-5.8,0.82,-46.82,-46.82,,0.0,0.0,0.0,,0.0,0.0,0.0,0.0,0.0,0.0,2.89428,3.35,4.847919,0.0,1.93,0.0,0.0,5.9,0.0,0.0,1.47,0.0,0.0,6.93,0.0,0.0,2.51,0.0,0.0,4.69,0.0,-0.006134499966666668,,4.52625067,218.299163,0.000458859127,0.0,83.4861685,0.00389726914,99.67692,0.0,99.99998999999998,100.0,False
2026-06-28 13:00:00,0.0,,10.0,0.09,4.82,-70.0,-70.0,,0.0,0.0,0.0,,0.0,0.0,0.0,0.0,0.0,0.0,3.24837,3.35,5.44101975,0.0,1.93,0.0,0.0,5.9,0.0,0.0,1.47,0.0,0.0,6.93,0.0,0.0,2.51,0.0,0.0,4.69,0.0,-0.006114166600000001,,4.65737599,218.299365,0.00047215226,0.0,83.4862803,0.00405222857,99.67692,0.0,99.99998999999998,100.0,False
2026-06-28 13:30:00,0.0,,10.0,-5.24,1.08,-80.19,-80.19,,0.0,0.0,0.0,,0.0,0.0,0.0,0.0,0.0,0.0,2.521,3.35,4.222675,0.0,1.93,0.0,0.0,5.9,0.0,0.0,1.47,0.0,0.0,6.93,0.0,0.0,2.51,0.0,0.0,4.69,0.0,-0.006070694433333333,,4.75883165,218.299619,0.000482437562,0.0,83.4863936,0.00420608625,99.67692,0.0,99.99998999999998,100.0,False
2026-06-28 14:00:00,0.0,,11.1,-3.22,-2.92,-85.66,-85.66,,0.0,0.0,0.0,,0.0,0.0,0.0,0.0,0.0,0.0,0.81596,3.35,1.366733,0.0,1.93,0.0,0.0,5.9,0.0,0.0,1.47,0.0,0.0,6.93,0.0,0.0,2.51,0.0,0.0,4.69,0.0,-0.006073333333333333,,4.93216845,218.299872,0.000500009981,0.0,83.4865351,0.0043600108,99.67692,0.0,99.99998999999998,100.0,False
2026-06-28 14:30:00,0.0,,11.1,-5.08,-8.5,-85.66,-85.66,,0.0,0.0,0.0,,0.0,0.0,0.0,0.0,0.0,0.0,1.17582,3.35,1.9694985000000003,0.0,1.93,0.0,0.0,5.9,0.0,0.0,1.47,0.0,0.0,6.93,0.0,0.0,2.51,0.0,0.0,4.69,0.0,-0.006029305566666667,,5.17128435,218.300176,0.000524250908,0.0,83.4865997,0.0045128195,99.67692,0.0,99.99998999999998,100.0,False
2026-06-28 15:00:00,0.0,,25.5,8.88,9.46,-72.02,-72.02,,0.0,0.0,0.0,,0.0,0.0,0.0,0.0,0.0,0.0,1.68991,3.35,2.83059925,0.0,1.88,0.0,0.0,5.25,0.0,0.0,10.28,0.0,0.0,3.02,0.0,0.0,13.71,0.0,0.0,11.93,0.0,-0.006045722233333333,,5.42212937,218.300379,0.000549680902,0.0,83.4866657,0.00466604426,99.67692,0.0,99.99998999999998,100.0,False
2026-06-28 15:30:00,0.0,,25.5,16.16,9.65,-36.65,-36.65,,0.0,0.0,0.0,,0.0,0.0,0.0,0.0,0.0,0.0,1.31085,3.35,2.19567375,0.0,1.88,0.0,0.0,5.25,0.0,0.0,10.28,0.0,0.0,3.02,0.0,0.0,13.71,0.0,0.0,11.93,0.0,-0.0060712778,,5.68355431,218.300734,0.000576183459,0.0,83.4867127,0.00481991673,99.67692,0.0,99.99998999999998,100.0,False
2026-06-28 16:00:00,0.0,,60.0,62.55,49.1,-29.41,-29.41,,0.0,0.0,0.0,,0.0,0.0,0.0,0.0,0.0,0.0,1.9788,3.35,3.3144899999999997,0.0,1.88,0.0,0.0,5.25,0.0,0.0,10.28,0.0,0.0,3.02,0.0,0.0,13.71,0.0,0.0,11.93,0.0,-0.006081888933333334,,5.87534684,218.300937,0.000595626871,0.0,83.4867936,0.00497405811,99.67692,0.0,99.99998999999998,100.0,False
2026-06-28 16:30:00,0.0,,60.0,62.6,58.51,-13.92,-13.92,,0.0,0.0,0.0,,0.0,0.0,0.0,0.0,0.0,0.0,0.80793,3.35,1.3532827500000002,0.0,1.88,0.0,0.0,5.25,0.0,0.0,10.28,0.0,0.0,3.02,0.0,0.0,13.71,0.0,0.0,11.93,0.0,-0.006106499933333333,,6.0430546,218.301241,0.000612628633,0.0,83.486873,0.00512882325,99.67692,0.0,99.99998999999998,100.0,False
2026-06-28 17:00:00,0.0,,89.66,97.72,87.57,74.52,74.52,,0.0,0.0,0.0,,0.0,0.0,0.0,0.0,0.0,0.0,1.96982,3.35,3.2994485,0.0,1.88,0.0,0.0,5.25,0.0,0.0,10.28,0.0,0.0,3.02,0.0,0.0,13.71,0.0,0.0,11.93,0.0,-0.006094611166666666,,6.25913617,218.301444,0.000634534401,0.0,83.4869626,0.0052832871,99.67692,0.0,99.99998999999998,100.0,False
2026-06-28 17:30:00,0.0,,89.66,107.6,87.57,115.95,115.95,,0.0,0.0,0.0,,0.0,0.0,0.0,0.0,0.0,0.0,2.79679,3.35,4.6846232500000005,0.0,1.88,0.0,0.0,5.25,0.0,0.0,10.28,0.0,0.0,3.02,0.0,0.0,13.71,0.0,0.0,11.93,0.0,-0.006068972200000001,,6.44535742,218.301799,0.000653413011,0.0,83.4870604,0.0054371011,99.67692,0.0,99.99998999999998,100.0,False
2026-06-28 18:00:00,0.0,,105.0,110.85,105.58,125.0,125.0,,0.0,0.0,0.0,,0.0,0.0,0.0,0.0,0.0,0.0,3.19094,3.35,5.3448245,0.0,1.88,0.0,0.0,5.25,0.0,0.0,10.28,0.0,0.0,3.02,0.0,0.0,13.71,0.0,0.0,11.93,0.0,-0.006123277766666667,,6.59827067,218.302052,0.000668914945,0.0,83.4871635,0.00559229145,99.67692,0.0,99.99998999999998,100.0,False
2026-06-28 18:30:00,0.0,,105.0,110.81,102.85,132.3,132.3,,0.0,0.0,0.0,,0.0,0.0,0.0,0.0,0.0,0.0,4.60559,3.35,7.714363250000001,0.0,1.88,0.0,0.0,5.25,0.0,0.0,10.28,0.0,0.0,3.02,0.0,0.0,13.71,0.0,0.0,11.93,0.0,-0.0061166388,,6.71492637,218.302255,0.000680741187,0.0,83.4872572,0.00574731355,99.67692,0.0,99.99998999999998,100.0,False
2026-06-28 19:00:00,0.0,,103.0,108.13,105.3,66.8,66.8,,0.0,0.0,0.0,,0.0,0.0,0.0,0.0,0.0,0.0,4.6374,3.35,7.767645000000001,0.0,8.29,0.0,0.0,1.06,0.0,0.0,11.67,0.0,0.0,-1.24,0.0,0.0,24.56,0.0,0.0,-7.08,0.0,-0.006121583400000001,,6.86464845,218.302559,0.000695919609,0.0,83.4873542,0.005902461,99.67692,0.0,99.99998999999998,100.0,False
2026-06-28 19:30:00,0.0,,103.0,113.19,109.3,93.37,93.37,,0.0,0.0,0.0,,0.0,0.0,0.0,0.0,0.0,0.0,5.14382,3.35,8.6158985,0.0,8.29,0.0,0.0,1.06,0.0,0.0,11.67,0.0,0.0,-1.24,0.0,0.0,24.56,0.0,0.0,-7.08,0.0,-0.006176444433333333,,7.00286666,218.302711,0.000709931799,0.0,83.4874614,0.0060589988,99.67692,0.0,99.99998999999998,100.0,False
2026-06-28 20:00:00,0.0,,112.26,114.4,112.49,141.25,141.25,,0.0,0.0,0.0,,0.0,0.0,0.0,0.0,0.0,0.0,5.32504,3.35,8.919442,0.0,8.29,0.0,0.0,1.06,0.0,0.0,11.67,0.0,0.0,-1.24,0.0,0.0,24.56,0.0,0.0,-7.08,0.0,-0.0061229444,,7.18048601,218.303015,0.000727938372,0.0,83.4875625,0.0062141807,99.67692,0.0,99.99998999999998,100.0,False
2026-06-28 20:30:00,0.0,,112.26,114.5,116.0,152.5,152.5,,0.0,0.0,0.0,,0.0,0.0,0.0,0.0,0.0,0.0,5.45605,3.35,9.138883750000002,0.0,8.29,0.0,0.0,1.06,0.0,0.0,11.67,0.0,0.0,-1.24,0.0,0.0,24.56,0.0,0.0,-7.08,0.0,-0.0061358056,,7.32574499,218.303319,0.000742664337,0.0,83.4876677,0.0063696886,99.67692,0.0,99.96580166666666,100.0,False
2026-06-28 21:00:00,0.0,,118.22,119.0,115.48,140.36,140.36,,0.0,0.0,0.0,,0.0,0.0,0.0,0.0,0.0,0.0,5.59554,3.35,9.3725295,0.0,8.29,0.0,0.0,1.06,0.0,0.0,11.67,0.0,0.0,-1.24,0.0,0.0,24.56,0.0,0.0,-7.08,0.0,-0.0061893610333333335,,7.43993376,218.30342,0.000754240487,0.0,83.4877917,0.00652655375,99.67692,0.0,99.99998999999998,100.0,False
2026-06-28 21:30:00,0.0,,118.22,119.37,116.8,105.02,105.02,,0.0,0.0,0.0,,0.0,0.0,0.0,0.0,0.0,0.0,5.63614,3.35,9.4405345,0.0,8.29,0.0,0.0,1.06,0.0,0.0,11.67,0.0,0.0,-1.24,0.0,0.0,24.56,0.0,0.0,-7.08,0.0,-0.006116388866666667,,7.58995524,218.303724,0.000769449262,0.0,83.4879354,0.00668156955,99.67692,0.0,99.99998999999998,100.0,False
2026-06-28 22:00:00,0.0,,114.0,117.4,113.82,105.03,105.03,,0.0,0.0,0.0,,0.0,0.0,0.0,0.0,0.0,0.0,5.63879,3.35,9.44497325,0.0,8.29,0.0,0.0,1.06,0.0,0.0,11.67,0.0,0.0,-1.24,0.0,0.0,24.56,0.0,0.0,-7.08,0.0,-0.006123833333333333,,7.68885296,218.304029,0.000779475247,0.0,83.4880696,0.006836774,99.67692,0.0,99.99998999999998,100.0,False
2026-06-28 22:30:00,0.0,,114.0,114.02,111.96,132.57,132.57,,0.0,0.0,0.0,,0.0,0.0,0.0,0.0,0.0,0.0,5.64148,3.35,9.449479,0.0,8.29,0.0,0.0,1.06,0.0,0.0,11.67,0.0,0.0,-1.24,0.0,0.0,24.56,0.0,0.0,-7.08,0.0,-0.006200166633333334,,7.88648492,218.304333,0.000799510644,0.0,83.488174,0.00699391305,99.67692,0.0,99.99998999999998,100.0,False
2026-06-28 23:00:00,0.0,,106.91,109.15,104.91,80.0,80.0,,0.0,0.0,0.0,,0.0,0.0,0.0,0.0,0.0,0.0,5.63745,3.35,9.44272875,0.0,1.3,0.0,0.0,0.9,0.0,0.0,5.38,0.0,0.0,-1.21,0.0,0.0,16.44,0.0,0.0,-12.08,0.0,-0.006243249966666667,,8.0422365,218.304485,0.00081530032,0.0,83.4883048,0.00715214405,99.67692,0.0,99.99998999999998,100.0,False
2026-06-28 23:30:00,0.0,,106.91,106.85,103.71,85.03,85.03,,0.0,0.0,0.0,,0.0,0.0,0.0,0.0,0.0,0.0,5.63486,3.35,9.4383905,0.0,1.3,0.0,0.0,0.9,0.0,0.0,5.38,0.0,0.0,-1.21,0.0,0.0,16.44,0.0,0.0,-12.08,0.0,-0.0062385834999999995,,8.25609837,218.30489,0.000836981062,0.0,83.4884619,0.00731025675,99.67692,0.0,99.99998999999998,100.0,False
2026-06-29 00:00:00,0.0,,106.58,103.04,97.85,87.0,87.0,,0.0,0.0,0.0,,0.0,0.0,0.0,0.0,0.0,0.0,5.64742,3.35,9.459428500000001,0.0,1.3,0.0,0.0,0.9,0.0,0.0,5.38,0.0,0.0,-1.21,0.0,0.0,16.44,0.0,0.0,-12.08,0.0,-0.0062171111,,8.50808528,218.305043,0.000862526817,0.0,83.4886129,0.0074678252,99.67692,0.0,99.99998999999998,100.0,False
2026-06-29 00:30:00,0.0,,106.58,100.32,93.85,103.84,103.84,,0.0,0.0,0.0,,0.0,0.0,0.0,0.0,0.0,0.0,5.63256,3.35,9.434538,0.0,1.3,0.0,0.0,0.9,0.0,0.0,5.38,0.0,0.0,-1.21,0.0,0.0,16.44,0.0,0.0,-12.08,0.0,-0.006233222266666667,,0.22765915,218.305296,2.30794727e-05,0.0,83.4887565,0.00015797683,99.67692,0.0,99.99998999999998,100.0,False
2026-06-29 01:00:00,0.0,,98.51,95.45,90.8,101.43,101.43,,0.0,0.0,0.0,,0.0,0.0,0.0,0.0,0.0,0.0,5.63702,3.35,9.4420085,0.0,1.3,0.0,0.0,0.9,0.0,0.0,5.38,0.0,0.0,-1.21,0.0,0.0,16.44,0.0,0.0,-12.08,0.0,-0.006241222166666667,,0.48922425,218.305549,4.95962395e-05,0.0,83.4888973,0.000316156411,99.67692,0.0,99.99998999999998,100.0,False
2026-06-29 01:30:00,0.0,,98.51,95.92,89.2,119.0,119.0,,0.0,0.0,0.0,,0.0,0.0,0.0,0.0,0.0,0.0,5.63614,3.35,9.4405345,0.0,1.3,0.0,0.0,0.9,0.0,0.0,5.38,0.0,0.0,-1.21,0.0,0.0,16.44,0.0,0.0,-12.08,0.0,-0.006206527733333334,,0.766114338,218.305854,7.76666124e-05,0.0,83.4890436,0.000473456686,99.67692,0.0,99.99998999999998,100.0,False
2026-06-29 02:00:00,0.0,,96.0,96.58,91.0,120.5,120.5,,0.0,0.0,0.0,,0.0,0.0,0.0,0.0,0.0,0.0,5.63746,3.35,9.442745500000001,0.0,1.3,0.0,0.0,0.9,0.0,0.0,5.38,0.0,0.0,-1.21,0.0,0.0,16.44,0.0,0.0,-12.08,0.0,-0.006133527866666666,,1.03672649,218.306107,0.000105100545,0.0,83.4891723,0.00062890683,99.67692,0.0,99.99998999999998,100.0,False
2026-06-29 02:30:00,0.0,,96.0,93.5,89.52,122.0,122.0,,0.0,0.0,0.0,,0.0,0.0,0.0,0.0,0.0,0.0,5.63806,3.35,9.4437505,0.0,1.3,0.0,0.0,0.9,0.0,0.0,5.38,0.0,0.0,-1.21,0.0,0.0,16.44,0.0,0.0,-12.08,0.0,-0.006223555533333334,,1.31826351,218.30636,0.000133642011,0.0,83.4893145,0.000786638665,99.67692,0.0,99.99998999999998,100.0,False
2026-06-29 03:00:00,0.0,,95.0,90.71,90.37,100.0,100.0,,0.0,0.0,0.0,,0.0,0.0,0.0,0.0,0.0,0.0,5.63093,3.35,9.43180775,0.0,2.55,0.0,0.0,0.98,0.0,0.0,5.67,0.0,0.0,-1.23,0.0,0.0,5.34,0.0,0.0,-10.92,0.0,-0.0061607222000000005,,1.606318,218.306563,0.000162844201,0.0,83.4894385,0.00094277802,99.67692,0.0,99.99998999999998,100.0,False
2026-06-29 03:30:00,0.0,,95.0,90.5,89.6,95.8,95.8,,0.0,0.0,0.0,,0.0,0.0,0.0,0.0,0.0,0.0,5.63706,3.35,9.4420755,0.0,2.55,0.0,0.0,0.98,0.0,0.0,5.67,0.0,0.0,-1.23,0.0,0.0,5.34,0.0,0.0,-10.92,0.0,-0.0061740556,,1.92894256,218.306917,0.000195551012,0.0,83.4895483,0.00109925532,99.67692,0.0,99.99998999999998,100.0,False
2026-06-29 04:00:00,0.0,,95.01,92.75,90.05,99.4,99.4,,0.0,0.0,0.0,,0.0,0.0,0.0,0.0,0.0,0.0,5.63435,3.35,9.43753625,0.0,2.55,0.0,0.0,0.98,0.0,0.0,5.67,0.0,0.0,-1.23,0.0,0.0,5.34,0.0,0.0,-10.92,0.0,-0.006081166733333333,,2.26509487,218.30707,0.00022962923,0.0,83.4896919,0.0012533784,99.67692,0.0,99.99998999999998,100.0,False
2026-06-29 04:30:00,0.0,,95.01,92.72,89.21,69.85,69.85,,0.0,0.0,0.0,,0.0,0.0,0.0,0.0,0.0,0.0,5.60863,3.35,9.39445525,0.0,2.55,0.0,0.0,0.98,0.0,0.0,5.67,0.0,0.0,-1.23,0.0,0.0,5.34,0.0,0.0,-10.92,0.0,-0.006182000066666666,,2.56951792,218.307374,0.00026049082,0.0,83.4898354,0.00141005704,99.67692,0.0,99.99998999999998,100.0,False
2026-06-29 05:00:00,0.0,,102.1,101.2,94.3,70.31,70.31,,0.0,0.0,0.0,,0.0,0.0,0.0,0.0,0.0,0.0,5.50225,3.35,9.216268750000001,0.0,2.55,0.0,0.0,0.98,0.0,0.0,5.67,0.0,0.0,-1.23,0.0,0.0,5.34,0.0,0.0,-10.92,0.0,-0.006163889,,2.89556703,218.307526,0.000293544803,0.0,83.4899905,0.00156627666,99.67692,0.0,99.99998999999998,100.0,False
2026-06-29 05:30:00,0.0,,102.1,101.2,96.0,98.61,98.61,,0.0,0.0,0.0,,0.0,0.0,0.0,0.0,0.0,0.0,5.3621,3.35,8.9815175,0.0,2.55,0.0,0.0,0.98,0.0,0.0,5.67,0.0,0.0,-1.23,0.0,0.0,5.34,0.0,0.0,-10.92,0.0,-0.0061726111,,3.24922847,218.307881,0.000329398049,0.0,83.4901516,0.00172271735,99.67692,0.0,99.99998999999998,100.0,False
2026-06-29 06:00:00,0.0,,119.67,113.02,107.57,120.5,120.5,,0.0,0.0,0.0,,0.0,0.0,0.0,0.0,0.0,0.0,5.24844,3.35,8.791137,0.0,2.55,0.0,0.0,0.98,0.0,0.0,5.67,0.0,0.0,-1.23,0.0,0.0,5.34,0.0,0.0,-10.92,0.0,-0.006077111133333334,,3.62041177,218.308084,0.000367027614,0.0,83.490335,0.00187673765,99.67692,0.0,99.99998999999998,100.0,False
2026-06-29 06:30:00,0.0,,119.67,115.92,114.9,125.0,125.0,,0.0,0.0,0.0,,0.0,0.0,0.0,0.0,0.0,0.0,4.96178,3.35,8.3109815,0.0,2.55,0.0,0.0,0.98,0.0,0.0,5.67,0.0,0.0,-1.23,0.0,0.0,5.34,0.0,0.0,-10.92,0.0,-0.006135499966666666,,3.95004329,218.308387,0.000400444772,0.0,83.4905217,0.00203223777,99.67692,0.0,99.99998999999998,100.0,False
2026-06-29 07:00:00,0.0,,116.14,110.17,101.04,125.0,125.0,,0.0,0.0,0.0,,0.0,0.0,0.0,0.0,0.0,0.0,4.37276,3.35,7.3243730000000005,0.0,3.5,0.0,0.0,1.4,0.0,0.0,6.76,0.0,0.0,0.11,0.0,0.0,18.39,0.0,0.0,-12.13,0.0,-0.0061743611,,4.27684017,218.308641,0.000433574561,0.0,83.4907247,0.0021887228,99.67692,0.0,99.99998999999998,100.0,False
2026-06-29 07:30:00,0.0,,116.14,112.93,108.77,122.0,122.0,,0.0,0.0,0.0,,0.0,0.0,0.0,0.0,0.0,0.0,3.6378,3.35,6.093315,0.0,3.5,0.0,0.0,1.4,0.0,0.0,6.76,0.0,0.0,0.11,0.0,0.0,18.39,0.0,0.0,-12.13,0.0,-0.006128305533333334,,4.59492685,218.308895,0.000465821334,0.0,83.4908609,0.00234404058,99.67692,0.0,99.99998999999998,100.0,False
2026-06-29 08:00:00,0.0,,102.0,105.0,98.18,120.0,120.0,,0.0,0.0,0.0,,0.0,0.0,0.0,0.0,0.0,0.0,2.83325,3.35,4.74569375,0.0,3.5,0.0,0.0,1.4,0.0,0.0,6.76,0.0,0.0,0.11,0.0,0.0,18.39,0.0,0.0,-12.13,0.0,-0.006147833266666666,,4.94021089,218.309098,0.000500825302,0.0,83.4909963,0.00249985328,99.67692,0.0,99.99998999999998,100.0,False
2026-06-29 08:30:00,0.0,,102.0,101.97,96.01,120.0,120.0,,0.0,0.0,0.0,,0.0,0.0,0.0,0.0,0.0,0.0,2.06977,3.35,3.4668647500000005,0.0,3.5,0.0,0.0,1.4,0.0,0.0,6.76,0.0,0.0,0.11,0.0,0.0,18.39,0.0,0.0,-12.13,0.0,-0.006112388866666666,,5.33363538,218.309453,0.000540709619,0.0,83.4911547,0.00265476768,99.67692,0.0,99.99998999999998,100.0,False
2026-06-29 09:00:00,0.0,,92.34,98.0,98.47,122.0,122.0,,0.0,0.0,0.0,,0.0,0.0,0.0,0.0,0.0,0.0,1.39213,3.35,2.3318177500000004,0.0,3.5,0.0,0.0,1.4,0.0,0.0,6.76,0.0,0.0,0.11,0.0,0.0,18.39,0.0,0.0,-12.13,0.0,-0.006142916700000001,,5.73782306,218.309706,0.000581685079,0.0,83.4912699,0.00281045577,99.67692,0.0,99.99998999999998,100.0,False
2026-06-29 09:30:00,0.0,,92.34,101.03,96.24,122.0,122.0,,0.0,0.0,0.0,,0.0,0.0,0.0,0.0,0.0,0.0,0.72869,3.35,1.22055575,0.0,3.5,0.0,0.0,1.4,0.0,0.0,6.76,0.0,0.0,0.11,0.0,0.0,18.39,0.0,0.0,-12.13,0.0,-0.006057416699999999,,6.10125098,218.309959,0.000618528425,0.0,83.4913757,0.00296397692,99.67692,0.0,99.99998999999998,100.0,False
2026-06-29 10:00:00,0.0,,84.6,90.43,87.32,120.0,120.0,,0.0,0.0,0.0,,0.0,0.0,0.0,0.0,0.0,0.0,0.57723,3.35,0.9668602500000001,0.0,3.5,0.0,0.0,1.4,0.0,0.0,6.76,0.0,0.0,0.11,0.0,0.0,18.39,0.0,0.0,-12.13,0.0,-0.006142750033333334,,6.52710642,218.310213,0.000661700505,0.0,83.4914463,0.0031196608,99.67692,0.0,99.99998999999998,100.0,False
2026-06-29 10:30:00,0.0,,84.6,90.43,87.9,66.01,66.01,,0.0,0.0,0.0,,0.0,0.0,0.0,0.0,0.0,0.0,0.16269,3.35,0.27250575,0.0,3.5,0.0,0.0,1.4,0.0,0.0,6.76,0.0,0.0,0.11,0.0,0.0,18.39,0.0,0.0,-12.13,0.0,-0.0061465555,,6.87720148,218.310567,0.000697192201,0.0,83.4914865,0.00327544112,99.67692,0.0,99.99998999999998,100.0,False
2026-06-29 11:00:00,0.0,,83.51,83.2,83.35,66.01,66.01,,0.0,0.0,0.0,,0.0,0.0,0.0,0.0,0.0,0.0,0.13356,3.35,0.22371300000000002,0.0,3.2,0.0,0.0,9.64,0.0,0.0,6.06,0.0,0.0,8.25,0.0,0.0,15.25,0.0,0.0,-6.1,0.0,-0.0061401666,,7.32295035,218.310872,0.000742381024,0.0,83.4915213,0.00343105951,99.67692,0.0,99.99998999999998,100.0,False
2026-06-29 11:30:00,0.0,,83.51,81.53,81.97,66.01,66.01,,0.0,0.0,0.0,,0.0,0.0,0.0,0.0,0.0,0.0,0.03761,3.35,0.06299675,0.0,3.2,0.0,0.0,9.64,0.0,0.0,6.06,0.0,0.0,8.25,0.0,0.0,15.25,0.0,0.0,-6.1,0.0,-0.0061736111,,7.73920475,218.311074,0.000784579776,0.0,83.4915709,0.00358752553,99.67692,0.0,99.99998999999998,100.0,False
2026-06-29 12:00:00,0.0,,84.21,82.84,82.0,66.01,66.01,,0.0,0.0,0.0,,0.0,0.0,0.0,0.0,0.0,0.0,0.05522,3.35,0.0924935,0.0,3.2,0.0,0.0,9.64,0.0,0.0,6.06,0.0,0.0,8.25,0.0,0.0,15.25,0.0,0.0,-6.1,0.0,-0.006161194433333333,,8.14027035,218.311378,0.000825238728,0.0,83.4916043,0.00374367687,99.67692,0.0,99.99998999999998,100.0,False
2026-06-29 12:30:00,0.0,,84.21,83.1,81.51,66.59,66.59,,0.0,0.0,0.0,,0.0,0.0,0.0,0.0,0.0,0.0,0.03778,3.35,0.0632815,0.0,3.2,0.0,0.0,9.64,0.0,0.0,6.06,0.0,0.0,8.25,0.0,0.0,15.25,0.0,0.0,-6.1,0.0,-0.006118416666666667,,8.60786896,218.311784,0.000872642619,0.0,83.4916572,0.00389874403,99.67692,0.0,99.99998999999998,100.0,False
2026-06-29 13:00:00,0.0,,83.8,83.63,82.0,86.2,86.2,,0.0,0.0,0.0,,0.0,0.0,0.0,0.0,0.0,0.0,0.04196,3.35,0.070283,0.0,3.2,0.0,0.0,9.64,0.0,0.0,6.06,0.0,0.0,8.25,0.0,0.0,15.25,0.0,0.0,-6.1,0.0,-0.006149666666666667,,9.00554616,218.311987,0.000912958064,0.0,83.4917101,0.0040546032,99.67692,0.0,99.99998999999998,100.0,False
2026-06-29 13:30:00,0.0,,83.8,83.63,82.97,85.44,85.44,,0.0,0.0,0.0,,0.0,0.0,0.0,0.0,0.0,0.0,0.63751,3.35,1.0678292500000002,0.0,3.2,0.0,0.0,9.64,0.0,0.0,6.06,0.0,0.0,8.25,0.0,0.0,15.25,0.0,0.0,-6.1,0.0,-0.006167888933333333,,9.46178125,218.31224,0.000959209951,0.0,83.4917523,0.0042109242,99.67692,0.0,99.99998999999998,100.0,False
2026-06-29 14:00:00,0.0,,84.61,90.76,90.1,87.25,87.25,,0.0,0.0,0.0,,0.0,0.0,0.0,0.0,0.0,0.0,0.50782,3.35,0.8505985000000001,0.0,3.2,0.0,0.0,9.64,0.0,0.0,6.06,0.0,0.0,8.25,0.0,0.0,15.25,0.0,0.0,-6.1,0.0,-0.006044500033333333,,9.92164566,218.312545,0.00100582977,0.0,83.4918026,0.00436411799,99.67692,0.0,99.99998999999998,100.0,False
2026-06-29 14:30:00,0.0,,84.61,91.18,91.17,66.01,66.01,,0.0,0.0,0.0,,0.0,0.0,0.0,0.0,0.0,0.0,0.13373,3.35,0.22399775,0.0,3.2,0.0,0.0,9.64,0.0,0.0,6.06,0.0,0.0,8.25,0.0,0.0,15.25,0.0,0.0,-6.1,0.0,-0.0060704722,,10.3786725,218.3129,0.00105216192,0.0,83.49184,0.00451797003,99.67692,0.0,99.99998999999998,100.0,False
2026-06-29 15:00:00,0.0,,88.5,92.0,94.9,60.25,60.25,,0.0,0.0,0.0,,0.0,0.0,0.0,0.0,0.0,0.0,2.44951,3.35,4.10292925,0.0,4.21,0.0,0.0,6.4,0.0,0.0,6.26,0.0,0.0,8.76,0.0,0.0,21.11,0.0,0.0,-0.31,0.0,-0.006125277833333334,,10.7465444,218.313102,0.00108945579,0.0,83.4919173,0.00467321108,99.67692,0.0,99.99998999999998,100.0,False
2026-06-29 15:30:00,0.0,,88.5,95.9,95.1,41.36,41.36,,0.0,0.0,0.0,,0.0,0.0,0.0,0.0,0.0,0.0,2.45389,3.35,4.11026575,0.0,4.21,0.0,0.0,6.4,0.0,0.0,6.26,0.0,0.0,8.76,0.0,0.0,21.11,0.0,0.0,-0.31,0.0,-0.0060719723,,11.0639061,218.313406,0.00112162906,0.0,83.4919872,0.00482710114,99.67692,0.0,99.99998999999998,100.0,False
2026-06-29 16:00:00,0.0,,104.0,103.79,103.79,62.09,62.09,,0.0,0.0,0.0,,0.0,0.0,0.0,0.0,0.0,0.0,2.56612,3.35,4.2982510000000005,0.0,4.21,0.0,0.0,6.4,0.0,0.0,6.26,0.0,0.0,8.76,0.0,0.0,21.11,0.0,0.0,-0.31,0.0,-0.006084055533333334,,11.3677061,218.313608,0.00115242749,0.0,83.4920646,0.00498129744,99.67692,0.0,99.99998999999998,100.0,False
2026-06-29 16:30:00,0.0,,104.0,95.0,97.81,88.29,88.29,,0.0,0.0,0.0,,0.0,0.0,0.0,0.0,0.0,0.0,2.15402,3.35,3.6079835,0.0,4.21,0.0,0.0,6.4,0.0,0.0,6.26,0.0,0.0,8.76,0.0,0.0,21.11,0.0,0.0,-0.31,0.0,-0.0061175277333333335,,11.6963479,218.314014,0.00118574431,0.0,83.4921325,0.0051363421,99.67692,0.0,99.99998999999998,100.0,False
2026-06-29 17:00:00,0.0,,120.5,122.97,115.6,131.54,131.54,,0.0,0.0,0.0,,0.0,0.0,0.0,0.0,0.0,0.0,2.60583,3.35,4.3647652500000005,0.0,4.21,0.0,0.0,6.4,0.0,0.0,6.26,0.0,0.0,8.76,0.0,0.0,21.11,0.0,0.0,-0.31,0.0,-0.006039666700000001,,11.9704222,218.314065,0.00121352923,0.0,83.4921991,0.00528941335,99.67692,0.0,99.99998999999998,100.0,False
2026-06-29 17:30:00,0.0,,120.5,120.0,120.5,131.54,131.54,,0.0,0.0,0.0,,0.0,0.0,0.0,0.0,0.0,0.0,3.65267,3.35,6.1182222500000005,0.0,4.21,0.0,0.0,6.4,0.0,0.0,6.26,0.0,0.0,8.76,0.0,0.0,21.11,0.0,0.0,-0.31,0.0,-0.006078805466666667,,12.2124981,218.31447,0.00123807023,0.0,83.4922812,0.0054434766,99.67692,0.0,99.99998999999998,100.0,False
2026-06-29 18:00:00,0.0,,164.0,162.44,161.01,181.11,181.11,,0.0,0.0,0.0,,0.0,0.0,0.0,0.0,0.0,0.0,3.3333,3.35,5.5832775,0.0,4.21,0.0,0.0,6.4,0.0,0.0,6.26,0.0,0.0,8.76,0.0,0.0,21.11,0.0,0.0,-0.31,0.0,-0.006073722166666667,,12.4898812,218.314724,0.00126619059,0.0,83.4923431,0.00559741105,99.67692,0.0,99.99998999999998,100.0,False
2026-06-29 18:30:00,0.0,,164.0,163.0,163.0,151.93,151.93,,0.0,0.0,0.0,,0.0,0.0,0.0,0.0,0.0,0.0,4.02612,3.35,6.743751,0.0,4.21,0.0,0.0,6.4,0.0,0.0,6.26,0.0,0.0,8.76,0.0,0.0,21.11,0.0,0.0,-0.31,0.0,-0.0060604444,,12.719899,218.314876,0.00128950917,0.0,83.4924219,0.0057510089,99.67692,0.0,99.99998999999998,100.0,False
2026-06-29 19:00:00,0.0,,189.04,167.8,167.83,149.83,149.83,,0.0,0.0,0.0,,0.0,0.0,0.0,0.0,0.0,0.0,4.08608,3.35,6.844184,0.0,9.6,0.0,0.0,1.62,0.0,0.0,17.38,0.0,0.0,-3.68,0.0,0.0,47.99,0.0,0.0,-16.58,0.0,-0.006138972233333334,,12.9375889,218.31518,0.00131157799,0.0,83.4924858,0.00590659705,99.67692,0.0,99.99998999999998,100.0,False
2026-06-29 19:30:00,0.0,,189.04,163.0,170.0,151.16,151.16,,0.0,0.0,0.0,,0.0,0.0,0.0,0.0,0.0,0.0,4.60053,3.35,7.7058877500000005,0.0,9.6,0.0,0.0,1.62,0.0,0.0,17.38,0.0,0.0,-3.68,0.0,0.0,47.99,0.0,0.0,-16.58,0.0,-0.006135611033333333,,13.2152308,218.315433,0.00133972458,0.0,83.4925625,0.0060621,99.67692,0.0,99.99998999999998,100.0,False
2026-06-29 20:00:00,0.0,,183.38,158.44,161.17,167.81,167.81,,0.0,0.0,0.0,,0.0,0.0,0.0,0.0,0.0,0.0,4.58191,3.35,7.67469925,0.0,9.6,0.0,0.0,1.62,0.0,0.0,17.38,0.0,0.0,-3.68,0.0,0.0,47.99,0.0,0.0,-16.58,0.0,-0.006188305633333333,,13.5230312,218.315585,0.00137092856,0.0,83.492646,0.0062189384,99.67692,0.0,99.99998999999998,100.0,False
2026-06-29 20:30:00,0.0,,183.38,157.9,157.93,173.49,173.49,,0.0,0.0,0.0,,0.0,0.0,0.0,0.0,0.0,0.0,4.6769,3.35,7.8338075,0.0,9.6,0.0,0.0,1.62,0.0,0.0,17.38,0.0,0.0,-3.68,0.0,0.0,47.99,0.0,0.0,-16.58,0.0,-0.006162138933333334,,13.8209527,218.315941,0.00140113104,0.0,83.4927288,0.0063751137,99.67692,0.0,99.96580166666666,100.0,False
2026-06-29 21:00:00,0.0,,164.39,161.8,158.5,193.04,193.04,,0.0,0.0,0.0,,0.0,0.0,0.0,0.0,0.0,0.0,4.87783,3.35,8.170365250000001,0.0,9.6,0.0,0.0,1.62,0.0,0.0,17.38,0.0,0.0,-3.68,0.0,0.0,47.99,0.0,0.0,-16.58,0.0,-0.006137166733333334,,14.1436334,218.316193,0.00143384354,0.0,83.4928015,0.00653065605,99.67692,0.0,99.99998999999998,100.0,False
2026-06-29 21:30:00,0.0,,164.39,153.09,148.5,190.0,190.0,,0.0,0.0,0.0,,0.0,0.0,0.0,0.0,0.0,0.0,5.01669,3.35,8.40295575,0.0,9.6,0.0,0.0,1.62,0.0,0.0,17.38,0.0,0.0,-3.68,0.0,0.0,47.99,0.0,0.0,-16.58,0.0,-0.006122166666666667,,14.403453,218.316396,0.00146018335,0.0,83.4928822,0.0066858183,99.67692,0.0,99.99998999999998,100.0,False
2026-06-29 22:00:00,0.0,,133.0,135.42,130.83,184.0,184.0,,0.0,0.0,0.0,,0.0,0.0,0.0,0.0,0.0,0.0,4.63144,3.35,7.757662,0.0,9.6,0.0,0.0,1.62,0.0,0.0,17.38,0.0,0.0,-3.68,0.0,0.0,47.99,0.0,0.0,-16.58,0.0,-0.006138694433333334,,14.6534166,218.31665,0.00148552399,0.0,83.4929583,0.00684139935,99.67692,0.0,99.99998999999998,100.0,False
2026-06-29 22:30:00,0.0,,133.0,123.36,121.49,152.29,152.29,,0.0,0.0,0.0,,0.0,0.0,0.0,0.0,0.0,0.0,4.87753,3.35,8.16986275,0.0,9.6,0.0,0.0,1.62,0.0,0.0,17.38,0.0,0.0,-3.68,0.0,0.0,47.99,0.0,0.0,-16.58,0.0,-0.006117555433333334,,14.9303899,218.316903,0.0015136028,0.0,83.4930383,0.00699644465,99.67692,0.0,99.99998999999998,100.0,False
2026-06-29 23:00:00,0.0,,118.0,97.64,96.64,111.49,111.49,,0.0,0.0,0.0,,0.0,0.0,0.0,0.0,0.0,0.0,4.7005,3.35,7.8733375,0.0,1.7,0.0,0.0,0.2,0.0,0.0,7.18,0.0,0.0,-3.82,0.0,0.0,17.77,0.0,0.0,-15.31,0.0,-0.006092555600000001,,15.17161,218.317157,0.00153805704,0.0,83.4931157,0.0071508564,99.67692,0.0,99.99998999999998,100.0,False
2026-06-29 23:30:00,0.0,,118.0,91.0,93.4,129.49,129.49,,0.0,0.0,0.0,,0.0,0.0,0.0,0.0,0.0,0.0,4.74688,3.35,7.951024,0.0,1.7,0.0,0.0,0.2,0.0,0.0,7.18,0.0,0.0,-3.82,0.0,0.0,17.77,0.0,0.0,-15.31,0.0,-0.0061660278,,15.4940037,218.31741,0.00157074045,0.0,83.4931856,0.0073071302,99.67692,0.0,99.99998999999998,100.0,False
2026-06-30 00:00:00,0.0,,111.15,87.37,90.01,149.08,149.08,,0.0,0.0,0.0,,0.0,0.0,0.0,0.0,0.0,0.0,4.78032,3.35,8.007036,0.0,1.7,0.0,0.0,0.2,0.0,0.0,7.18,0.0,0.0,-3.82,0.0,0.0,17.77,0.0,0.0,-15.31,0.0,-0.006082222166666667,,15.8182212,218.317663,0.00160360875,0.0,83.4932663,0.00746128005,99.67692,0.0,99.99998999999998,100.0,False
2026-06-30 00:30:00,0.0,,111.15,92.6,95.26,135.16,135.16,,0.0,0.0,0.0,,0.0,0.0,0.0,0.0,0.0,0.0,4.63937,3.35,7.770944750000001,0.0,1.7,0.0,0.0,0.2,0.0,0.0,7.18,0.0,0.0,-3.82,0.0,0.0,17.77,0.0,0.0,-15.31,0.0,-0.006197333466666666,,0.323163182,218.317816,3.27614148e-05,0.0,83.4933396,0.000157067252,99.67692,0.0,99.99998999999998,100.0,False
2026-06-30 01:00:00,0.0,,107.0,90.8,95.8,155.75,155.75,,0.0,0.0,0.0,,0.0,0.0,0.0,0.0,0.0,0.0,4.73985,3.35,7.93924875,0.0,1.7,0.0,0.0,0.2,0.0,0.0,7.18,0.0,0.0,-3.82,0.0,0.0,17.77,0.0,0.0,-15.31,0.0,-0.006157888899999999,,0.670642255,218.318221,6.79879092e-05,0.0,83.4934088,0.000313134809,99.67692,0.0,99.99998999999998,100.0,False
2026-06-30 01:30:00,0.0,,107.0,91.0,95.14,114.66,114.66,,0.0,0.0,0.0,,0.0,0.0,0.0,0.0,0.0,0.0,4.61463,3.35,7.72950525,0.0,1.7,0.0,0.0,0.2,0.0,0.0,7.18,0.0,0.0,-3.82,0.0,0.0,17.77,0.0,0.0,-15.31,0.0,-0.00613,,0.979405647,218.318474,9.9289512e-05,0.0,83.4934781,0.000468495539,99.67692,0.0,99.99998999999998,100.0,False
2026-06-30 02:00:00,0.0,,106.04,92.66,94.3,95.72,95.72,,0.0,0.0,0.0,,0.0,0.0,0.0,0.0,0.0,0.0,4.76122,3.35,7.9750435,0.0,1.7,0.0,0.0,0.2,0.0,0.0,7.18,0.0,0.0,-3.82,0.0,0.0,17.77,0.0,0.0,-15.31,0.0,-0.0061450833666666675,,1.30234311,218.318677,0.000132028044,0.0,83.4935514,0.00062423855,99.67692,0.0,99.99998999999998,100.0,False
2026-06-30 02:30:00,0.0,,106.04,90.0,90.3,95.73,95.73,,0.0,0.0,0.0,,0.0,0.0,0.0,0.0,0.0,0.0,4.6349,3.35,7.7634575,0.0,1.7,0.0,0.0,0.2,0.0,0.0,7.18,0.0,0.0,-3.82,0.0,0.0,17.77,0.0,0.0,-15.31,0.0,-0.006164361166666667,,1.65408171,218.318931,0.000167686358,0.0,83.4936206,0.000780470135,99.67692,0.0,99.99998999999998,100.0,False
2026-06-30 03:00:00,0.0,,103.4,90.0,90.0,133.56,133.56,,0.0,0.0,0.0,,0.0,0.0,0.0,0.0,0.0,0.0,4.58909,3.35,7.68672575,0.0,1.64,0.0,0.0,0.58,0.0,0.0,7.38,0.0,0.0,-3.34,0.0,0.0,19.01,0.0,0.0,-14.99,0.0,-0.0061656666666666665,,2.00831197,218.319185,0.00020359727,0.0,83.4936979,0.00093673482,99.67692,0.0,99.99998999999998,100.0,False
2026-06-30 03:30:00,0.0,,103.4,89.28,90.0,67.12,67.12,,0.0,0.0,0.0,,0.0,0.0,0.0,0.0,0.0,0.0,4.61506,3.35,7.7302254999999995,0.0,1.64,0.0,0.0,0.58,0.0,0.0,7.38,0.0,0.0,-3.34,0.0,0.0,19.01,0.0,0.0,-14.99,0.0,-0.0061435278,,2.3699266,218.319387,0.000240256789,0.0,83.4937806,0.0010924384,99.67692,0.0,99.99998999999998,100.0,False
2026-06-30 04:00:00,0.0,,103.0,92.8,94.28,129.6,129.6,,0.0,0.0,0.0,,0.0,0.0,0.0,0.0,0.0,0.0,4.44997,3.35,7.453699750000001,0.0,1.64,0.0,0.0,0.58,0.0,0.0,7.38,0.0,0.0,-3.34,0.0,0.0,19.01,0.0,0.0,-14.99,0.0,-0.006180111166666666,,2.77328096,218.31964,0.00028114777,0.0,83.4938458,0.00124906917,99.67692,0.0,99.99998999999998,100.0,False
2026-06-30 04:30:00,0.0,,103.0,93.15,93.77,128.61,128.61,,0.0,0.0,0.0,,0.0,0.0,0.0,0.0,0.0,0.0,4.65109,3.35,7.79057575,0.0,1.64,0.0,0.0,0.58,0.0,0.0,7.38,0.0,0.0,-3.34,0.0,0.0,19.01,0.0,0.0,-14.99,0.0,-0.006111416633333334,,3.1267792,218.319894,0.000316984471,0.0,83.493915,0.00140395892,99.67692,0.0,99.99998999999998,100.0,False
2026-06-30 05:00:00,0.0,,110.6,98.15,101.1,128.98,128.98,,0.0,0.0,0.0,,0.0,0.0,0.0,0.0,0.0,0.0,4.63958,3.35,7.771296499999999,0.0,1.64,0.0,0.0,0.58,0.0,0.0,7.38,0.0,0.0,-3.34,0.0,0.0,19.01,0.0,0.0,-14.99,0.0,-0.0061045,,3.48819031,218.320249,0.000353623358,0.0,83.4939977,0.00155867337,99.67692,0.0,99.99998999999998,100.0,False
2026-06-30 05:30:00,0.0,,110.6,96.0,98.9,130.0,130.0,,0.0,0.0,0.0,,0.0,0.0,0.0,0.0,0.0,0.0,4.47318,3.35,7.4925765,0.0,1.64,0.0,0.0,0.58,0.0,0.0,7.38,0.0,0.0,-3.34,0.0,0.0,19.01,0.0,0.0,-14.99,0.0,-0.00621225,,3.84573755,218.320401,0.000389870536,0.0,83.4940798,0.00171611867,99.67692,0.0,99.99998999999998,100.0,False
2026-06-30 06:00:00,0.0,,124.8,98.43,99.43,127.97,127.97,,0.0,0.0,0.0,,0.0,0.0,0.0,0.0,0.0,0.0,4.53729,3.35,7.599960749999999,0.0,1.64,0.0,0.0,0.58,0.0,0.0,7.38,0.0,0.0,-3.34,0.0,0.0,19.01,0.0,0.0,-14.99,0.0,-0.0061848055666666665,,4.14649472,218.320705,0.00042036049,0.0,83.4941558,0.00187286841,99.67692,0.0,99.99998999999998,100.0,False
2026-06-30 06:30:00,0.0,,124.8,112.9,115.57,92.22,92.22,,0.0,0.0,0.0,,0.0,0.0,0.0,0.0,0.0,0.0,4.16503,3.35,6.97642525,0.0,1.64,0.0,0.0,0.58,0.0,0.0,7.38,0.0,0.0,-3.34,0.0,0.0,19.01,0.0,0.0,-14.99,0.0,-0.006192638866666667,,4.49713316,218.320908,0.000455907272,0.0,83.4942406,0.00202981668,99.67692,0.0,99.99998999999998,100.0,False
2026-06-30 07:00:00,0.0,,126.1,111.5,120.89,90.88,90.88,,0.0,0.0,0.0,,0.0,0.0,0.0,0.0,0.0,0.0,3.53485,3.35,5.92087375,0.0,1.9,0.0,0.0,1.99,0.0,0.0,7.38,0.0,0.0,-2.76,0.0,0.0,14.68,0.0,0.0,-14.58,0.0,-0.006176139,,4.86280156,218.321111,0.000492977752,0.0,83.4943315,0.00218634677,99.67692,0.0,99.99998999999998,100.0,False
2026-06-30 07:30:00,0.0,,126.1,117.93,127.87,175.0,175.0,,0.0,0.0,0.0,,0.0,0.0,0.0,0.0,0.0,0.0,3.15059,3.35,5.27723825,0.0,1.9,0.0,0.0,1.99,0.0,0.0,7.38,0.0,0.0,-2.76,0.0,0.0,14.68,0.0,0.0,-14.58,0.0,-0.0061683054999999995,,5.22182852,218.321364,0.00052937494,0.0,83.4944169,0.00234267833,99.67692,0.0,99.99998999999998,100.0,False
2026-06-30 08:00:00,0.0,,109.0,109.16,112.17,120.0,120.0,,0.0,0.0,0.0,,0.0,0.0,0.0,0.0,0.0,0.0,2.65377,3.35,4.44506475,0.0,1.9,0.0,0.0,1.99,0.0,0.0,7.38,0.0,0.0,-2.76,0.0,0.0,14.68,0.0,0.0,-14.58,0.0,-0.006108194466666667,,5.54450689,218.321668,0.000562087206,0.0,83.4945078,0.00249748641,99.67692,0.0,99.99998999999998,100.0,False
2026-06-30 08:30:00,0.0,,109.0,108.0,105.4,125.3,125.3,,0.0,0.0,0.0,,0.0,0.0,0.0,0.0,0.0,0.0,2.41739,3.35,4.049128250000001,0.0,1.9,0.0,0.0,1.99,0.0,0.0,7.38,0.0,0.0,-2.76,0.0,0.0,14.68,0.0,0.0,-14.58,0.0,-0.0061037499,,5.88813051,218.321972,0.000596922845,0.0,83.4946148,0.00265218186,99.67692,0.0,99.99998999999998,100.0,False
2026-06-30 09:00:00,0.0,,98.95,96.97,99.0,79.2,79.2,,0.0,0.0,0.0,,0.0,0.0,0.0,0.0,0.0,0.0,2.66365,3.35,4.461613750000001,0.0,1.9,0.0,0.0,1.99,0.0,0.0,7.38,0.0,0.0,-2.76,0.0,0.0,14.68,0.0,0.0,-14.58,0.0,-0.006125555566666666,,6.22509903,218.322125,0.000631083808,0.0,83.4946868,0.00280742994,99.67692,0.0,99.99998999999998,100.0,False
2026-06-30 09:30:00,0.0,,98.95,99.95,99.95,79.3,79.3,,0.0,0.0,0.0,,0.0,0.0,0.0,0.0,0.0,0.0,3.00185,3.35,5.028098750000001,0.0,1.9,0.0,0.0,1.99,0.0,0.0,7.38,0.0,0.0,-2.76,0.0,0.0,14.68,0.0,0.0,-14.58,0.0,-0.0062157500333333325,,6.53715536,218.322479,0.00066271924,0.0,83.4947642,0.00296496395,99.67692,0.0,99.99998999999998,100.0,False
2026-06-30 10:00:00,0.0,,91.1,92.4,91.18,79.3,79.3,,0.0,0.0,0.0,,0.0,0.0,0.0,0.0,0.0,0.0,0.73971,3.35,1.23901425,0.0,1.9,0.0,0.0,1.99,0.0,0.0,7.38,0.0,0.0,-2.76,0.0,0.0,14.68,0.0,0.0,-14.58,0.0,-0.006116027733333334,,6.81621276,218.322733,0.000691009329,0.0,83.4948429,0.00311997057,99.67692,0.0,99.99998999999998,100.0,False
2026-06-30 10:30:00,0.0,,91.1,89.03,88.0,79.36,79.36,,0.0,0.0,0.0,,0.0,0.0,0.0,0.0,0.0,0.0,1.22302,3.35,2.0485585,0.0,1.9,0.0,0.0,1.99,0.0,0.0,7.38,0.0,0.0,-2.76,0.0,0.0,14.68,0.0,0.0,-14.58,0.0,-0.006066722233333333,,7.16993285,218.322987,0.000726868521,0.0,83.4949061,0.00327372757,99.67692,0.0,99.99998999999998,100.0,False
2026-06-30 11:00:00,0.0,,88.0,86.77,85.58,78.55,78.55,,0.0,0.0,0.0,,0.0,0.0,0.0,0.0,0.0,0.0,1.76539,3.35,2.95702825,0.0,1.81,0.0,0.0,7.06,0.0,0.0,5.48,0.0,0.0,4.65,0.0,0.0,14.2,0.0,0.0,-6.03,0.0,-0.006116583433333334,,7.51779551,218.323239,0.000762133902,0.0,83.4949726,0.00342874826,99.67692,0.0,99.99998999999998,100.0,False
2026-06-30 11:30:00,0.0,,88.0,86.75,86.38,74.6,74.6,,0.0,0.0,0.0,,0.0,0.0,0.0,0.0,0.0,0.0,1.63825,3.35,2.74406875,0.0,1.81,0.0,0.0,7.06,0.0,0.0,5.48,0.0,0.0,4.65,0.0,0.0,14.2,0.0,0.0,-6.03,0.0,-0.006016666733333333,,7.8516559,218.323493,0.000795979771,0.0,83.4950358,0.00358123663,99.67692,0.0,99.99998999999998,100.0,False
2026-06-30 12:00:00,0.0,,88.14,86.74,84.95,79.99,79.99,,0.0,0.0,0.0,,0.0,0.0,0.0,0.0,0.0,0.0,1.33589,3.35,2.2376157500000002,0.0,1.81,0.0,0.0,7.06,0.0,0.0,5.48,0.0,0.0,4.65,0.0,0.0,14.2,0.0,0.0,-6.03,0.0,-0.006083583333333334,,8.18904906,218.323798,0.000830183783,0.0,83.4950929,0.00373542097,99.67692,0.0,99.99998999999998,100.0,False
2026-06-30 12:30:00,0.0,,88.14,87.5,85.0,75.9,75.9,,0.0,0.0,0.0,,0.0,0.0,0.0,0.0,0.0,0.0,2.14634,3.35,3.5951195,0.0,1.81,0.0,0.0,7.06,0.0,0.0,5.48,0.0,0.0,4.65,0.0,0.0,14.2,0.0,0.0,-6.03,0.0,-0.0060932778000000005,,8.53489917,218.32405,0.000865245137,0.0,83.4951526,0.003889851,99.67692,0.0,99.99998999999998,100.0,False
2026-06-30 13:00:00,0.0,,87.0,89.5,86.38,76.49,76.49,,0.0,0.0,0.0,,0.0,0.0,0.0,0.0,0.0,0.0,1.06581,3.35,1.78523175,0.0,1.81,0.0,0.0,7.06,0.0,0.0,5.48,0.0,0.0,4.65,0.0,0.0,14.2,0.0,0.0,-6.03,0.0,-0.006083083466666667,,8.86384233,218.324304,0.000898592511,0.0,83.495234,0.00404402266,99.67692,0.0,99.99998999999998,100.0,False
2026-06-30 13:30:00,0.0,,87.0,88.71,86.38,76.0,76.0,,0.0,0.0,0.0,,0.0,0.0,0.0,0.0,0.0,0.0,0.80526,3.35,1.3488105,0.0,1.81,0.0,0.0,7.06,0.0,0.0,5.48,0.0,0.0,4.65,0.0,0.0,14.2,0.0,0.0,-6.03,0.0,-0.006037722266666667,,9.23287096,218.324658,0.000936003641,0.0,83.4953032,0.00419704467,99.67692,0.0,99.99998999999998,100.0,False
2026-06-30 14:00:00,0.0,,89.0,93.99,88.0,76.0,76.0,,0.0,0.0,0.0,,0.0,0.0,0.0,0.0,0.0,0.0,1.0453,3.35,1.7508774999999999,0.0,1.81,0.0,0.0,7.06,0.0,0.0,5.48,0.0,0.0,4.65,0.0,0.0,14.2,0.0,0.0,-6.03,0.0,-0.006086027733333333,,9.55346907,218.324861,0.000968505016,0.0,83.4953778,0.00435129096,99.67692,0.0,99.99998999999998,100.0,False
2026-06-30 14:30:00,0.0,,89.0,93.99,90.2,74.93,74.93,,0.0,0.0,0.0,,0.0,0.0,0.0,0.0,0.0,0.0,1.30234,3.35,2.1814195,0.0,1.81,0.0,0.0,7.06,0.0,0.0,5.48,0.0,0.0,4.65,0.0,0.0,14.2,0.0,0.0,-6.03,0.0,-0.006053472233333333,,9.90116207,218.325115,0.0010037532,0.0,83.4954416,0.00450471214,99.67692,0.0,99.99998999999998,100.0,False
2026-06-30 15:00:00,0.0,,93.22,110.77,102.77,78.1,78.1,,0.0,0.0,0.0,,0.0,0.0,0.0,0.0,0.0,0.0,2.2286,3.35,3.732905,0.0,11.66,0.0,0.0,10.16,0.0,0.0,18.52,0.0,0.0,12.19,0.0,0.0,17.88,0.0,0.0,7.38,0.0,-0.006068055566666667,,10.2084626,218.325419,0.0010349065,0.0,83.4955053,0.00465850294,99.67692,0.0,99.99998999999998,100.0,False
2026-06-30 15:30:00,0.0,,93.22,111.55,109.43,79.4,79.4,,0.0,0.0,0.0,,0.0,0.0,0.0,0.0,0.0,0.0,1.82396,3.35,3.055133,0.0,11.66,0.0,0.0,10.16,0.0,0.0,18.52,0.0,0.0,12.19,0.0,0.0,17.88,0.0,0.0,7.38,0.0,-0.006080499933333334,,10.5874059,218.325774,0.00107332275,0.0,83.4955711,0.00481260911,99.67692,0.0,99.99998999999998,100.0,False
2026-06-30 16:00:00,0.0,,110.93,123.5,121.73,79.4,79.4,,0.0,0.0,0.0,,0.0,0.0,0.0,0.0,0.0,0.0,0.59147,3.35,0.9907122500000001,0.0,11.66,0.0,0.0,10.16,0.0,0.0,18.52,0.0,0.0,12.19,0.0,0.0,17.88,0.0,0.0,7.38,0.0,-0.0060600556333333345,,10.9194795,218.325926,0.00110698748,0.0,83.4956451,0.00496619716,99.67692,0.0,99.99998999999998,100.0,False
2026-06-30 16:30:00,0.0,,110.93,134.5,125.28,81.0,81.0,,0.0,0.0,0.0,,0.0,0.0,0.0,0.0,0.0,0.0,1.88617,3.35,3.1593347499999997,0.0,11.66,0.0,0.0,10.16,0.0,0.0,18.52,0.0,0.0,12.19,0.0,0.0,17.88,0.0,0.0,7.38,0.0,-0.006047499966666667,,11.2221847,218.326281,0.00113767492,0.0,83.4957116,0.005119467,99.67692,0.0,99.99998999999998,100.0,False
2026-06-30 17:00:00,0.0,,144.1,142.29,144.7,89.0,89.0,,0.0,0.0,0.0,,0.0,0.0,0.0,0.0,0.0,0.0,4.07039,3.35,6.81790325,0.0,11.66,0.0,0.0,10.16,0.0,0.0,18.52,0.0,0.0,12.19,0.0,0.0,17.88,0.0,0.0,7.38,0.0,-0.006115083366666666,,11.4732358,218.326483,0.00116312581,0.0,83.4957896,0.00527444965,99.67692,0.0,99.99998999999998,100.0,False
2026-06-30 17:30:00,0.0,,144.1,163.06,160.0,82.4,82.4,,0.0,0.0,0.0,,0.0,0.0,0.0,0.0,0.0,0.0,3.26786,3.35,5.4736655,0.0,11.66,0.0,0.0,10.16,0.0,0.0,18.52,0.0,0.0,12.19,0.0,0.0,17.88,0.0,0.0,7.38,0.0,-0.006143777699999999,,11.6678355,218.326686,0.0011828538,0.0,83.495865,0.0054301596,99.67692,0.0,99.99998999999998,100.0,False
2026-06-30 18:00:00,0.0,,182.45,182.82,175.0,131.19,131.19,,0.0,0.0,0.0,,0.0,0.0,0.0,0.0,0.0,0.0,3.15187,3.35,5.27938225,0.0,11.66,0.0,0.0,10.16,0.0,0.0,18.52,0.0,0.0,12.19,0.0,0.0,17.88,0.0,0.0,7.38,0.0,-0.0061562221999999995,,11.9182569,218.32699,0.00120824085,0.0,83.4959349,0.0055861849,99.67692,0.0,99.99998999999998,100.0,False
2026-06-30 18:30:00,0.0,,182.45,179.72,185.93,165.0,165.0,,0.0,0.0,0.0,,0.0,0.0,0.0,0.0,0.0,0.0,3.96093,3.35,6.63455775,0.0,11.66,0.0,0.0,10.16,0.0,0.0,18.52,0.0,0.0,12.19,0.0,0.0,17.88,0.0,0.0,7.38,0.0,-0.006085333366666667,,12.1682135,218.327244,0.00123358078,0.0,83.4960069,0.00574041355,99.67692,0.0,99.99998999999998,100.0,False
2026-06-30 19:00:00,0.0,,210.67,189.0,180.0,165.0,165.0,,0.0,0.0,0.0,,0.0,0.0,0.0,0.0,0.0,0.0,4.46216,3.35,7.474118,0.0,13.99,0.0,0.0,1.62,0.0,0.0,18.52,0.0,0.0,-3.48,0.0,0.0,45.83,0.0,0.0,-11.1,0.0,-0.006080805566666667,,12.3642956,218.327447,0.00125345905,0.0,83.4960836,0.0058945275,99.67692,0.0,99.99998999999998,100.0,False
2026-06-30 19:30:00,0.0,,210.67,182.6,180.53,165.0,165.0,,0.0,0.0,0.0,,0.0,0.0,0.0,0.0,0.0,0.0,4.54443,3.35,7.611920250000001,0.0,13.99,0.0,0.0,1.62,0.0,0.0,18.52,0.0,0.0,-3.48,0.0,0.0,45.83,0.0,0.0,-11.1,0.0,-0.006146333366666666,,12.5967904,218.327649,0.00127702875,0.0,83.4961582,0.0060503022,99.67692,0.0,99.99998999999998,100.0,False
2026-06-30 20:00:00,0.0,,212.0,181.1,181.07,165.0,165.0,,0.0,0.0,0.0,,0.0,0.0,0.0,0.0,0.0,0.0,4.72802,3.35,7.9194335,0.0,13.99,0.0,0.0,1.62,0.0,0.0,18.52,0.0,0.0,-3.48,0.0,0.0,45.83,0.0,0.0,-11.1,0.0,-0.006249861166666666,,12.7950506,218.328004,0.00129712784,0.0,83.4962336,0.0062087007,99.67692,0.0,99.99998999999998,100.0,False
2026-06-30 20:30:00,0.0,,212.0,179.3,178.8,165.0,165.0,,0.0,0.0,0.0,,0.0,0.0,0.0,0.0,0.0,0.0,4.91063,3.35,8.22530525,0.0,13.99,0.0,0.0,1.62,0.0,0.0,18.52,0.0,0.0,-3.48,0.0,0.0,45.83,0.0,0.0,-11.1,0.0,-0.006109611133333334,,12.9815986,218.328106,0.00131603957,0.0,83.4963171,0.0063635447,99.67692,0.0,99.99998999999998,100.0,False
2026-06-30 21:00:00,0.0,,196.24,178.34,180.0,104.09,104.09,,0.0,0.0,0.0,,0.0,0.0,0.0,0.0,0.0,0.0,5.00233,3.35,8.37890275,0.0,13.99,0.0,0.0,1.62,0.0,0.0,18.52,0.0,0.0,-3.48,0.0,0.0,45.83,0.0,0.0,-11.1,0.0,-0.0062123888,,13.1704593,218.328511,0.00133518576,0.0,83.4963864,0.0065209935,99.67692,0.0,99.98289666666666,100.0,False
2026-06-30 21:30:00,0.0,,196.24,170.0,172.1,119.83,119.83,,0.0,0.0,0.0,,0.0,0.0,0.0,0.0,0.0,0.0,4.89359,3.35,8.19676325,0.0,13.99,0.0,0.0,1.62,0.0,0.0,18.52,0.0,0.0,-3.48,0.0,0.0,45.83,0.0,0.0,-11.1,0.0,-0.0062157221666666665,,13.4033945,218.328714,0.00135880011,0.0,83.4964705,0.00667852685,99.67692,0.0,99.99998999999998,100.0,False
2026-06-30 22:00:00,0.0,,163.61,142.41,155.0,107.7,107.7,,0.0,0.0,0.0,,0.0,0.0,0.0,0.0,0.0,0.0,5.02349,3.35,8.41434575,0.0,13.99,0.0,0.0,1.62,0.0,0.0,18.52,0.0,0.0,-3.48,0.0,0.0,45.83,0.0,0.0,-11.1,0.0,-0.0062566389333333335,,13.6170209,218.328968,0.00138045698,0.0,83.4965451,0.00683709715,99.67692,0.0,99.99998999999998,100.0,False
2026-06-30 22:30:00,0.0,,163.61,137.09,144.43,165.0,165.0,,0.0,0.0,0.0,,0.0,0.0,0.0,0.0,0.0,0.0,4.81001,3.35,8.05676675,0.0,13.99,0.0,0.0,1.62,0.0,0.0,18.52,0.0,0.0,-3.48,0.0,0.0,45.83,0.0,0.0,-11.1,0.0,-0.006101222233333333,,13.8414795,218.329221,0.00140321199,0.0,83.4966198,0.0069917285,99.67692,0.0,99.99998999999998,100.0,False
2026-06-30 23:00:00,0.0,,120.02,117.03,116.6,100.38,100.38,,0.0,0.0,0.0,,0.0,0.0,0.0,0.0,0.0,0.0,4.59835,3.35,7.70223625,0.0,2.25,0.0,0.0,0.4,0.0,0.0,6.26,0.0,0.0,-3.68,0.0,0.0,19.68,0.0,0.0,-14.5,0.0,-0.006216583366666667,,14.0464474,218.329474,0.00142399108,0.0,83.4966918,0.00714928365,99.67692,0.0,99.99998999999998,100.0,False
2026-06-30 23:30:00,0.0,,120.02,119.93,115.1,132.5,132.5,,0.0,0.0,0.0,,0.0,0.0,0.0,0.0,0.0,0.0,4.69527,3.35,7.86457725,0.0,2.25,0.0,0.0,0.4,0.0,0.0,6.26,0.0,0.0,-3.68,0.0,0.0,19.68,0.0,0.0,-14.5,0.0,-0.0061930834,,14.305395,218.329677,0.00145024249,0.0,83.4967597,0.0073062432,99.67692,0.0,99.99998999999998,100.0,False
