Timestamp,Credited Energy Volume Battery MWh Output,Day Ahead Price (EPEX),GB-ISEM Intraday 1 Price,DA HH Price,SSP,SBP,IDC Price,Imbalance Revenue,Imbalance Charge,DA MW,EPEX DA Revenues,EPEX 30 DA MW,EPEX 30 DA Revenue,IDA1 MW,IDA1 Revenue,IDC MW,IDC Revenue,SFFR Availability,SFFR Clearing Price,SFFR revenues,DCL Availability,DCL Clearing Price,DCL revenues,DCH Availability,DCH Clearing Price,DCH revenues,DML Availability,DML Clearing Price,DML revenues,DMH Availability,DMH Clearing Price,DMH revenues,DRL Availability,DRL Clearing Price,DRL revenues,DRH Availability,DRH Clearing Price,DRH revenues,Power_MW,SOC,SCADA_SOH,SCADA_Import_Cycles,SCADA_Export_Cycles,SCADA_RTE,SCADA_Daily_Cycles,SCADA_Cumulative_Cycles,SCADA_Daily_Export_kWh,SCADA_Daily_Import_kWh,SCADA_Availability,SCADA_Inverter_Availability,SCADA_SOC_calculated
2026-07-01 00:30:00,0.0,112.01,115.78,109.44,96.82,96.82,,0.0,0.0,0.0,,0.0,0.0,0.0,0.0,0.0,0.0,4.80903,5.02,12.070665299999998,0.0,2.25,0.0,0.0,0.4,0.0,0.0,6.26,0.0,0.0,-3.68,0.0,0.0,19.68,0.0,0.0,-14.5,0.0,-0.006137444466666667,,99.67692,3.32997679e-05,0.0,83.4968671,0.000155549406,218.330235,0.0,0.328473573,99.99998999999998,100.0,False
2026-07-01 01:00:00,0.0,110.8,116.95,110.88,94.59,94.59,,0.0,0.0,0.0,,0.0,0.0,0.0,0.0,0.0,0.0,4.56977,5.02,11.4701227,0.0,2.25,0.0,0.0,0.4,0.0,0.0,6.26,0.0,0.0,-3.68,0.0,0.0,19.68,0.0,0.0,-14.5,0.0,-0.006121416633333334,,99.67692,6.2543222e-05,0.0,83.4969148,0.000310692597,218.330489,0.0,0.616935098,99.99998999999998,100.0,False
2026-07-01 01:30:00,0.0,110.8,115.1,112.31,97.97,97.97,,0.0,0.0,0.0,,0.0,0.0,0.0,0.0,0.0,0.0,4.59637,5.02,11.5368887,0.0,2.25,0.0,0.0,0.4,0.0,0.0,6.26,0.0,0.0,-3.68,0.0,0.0,19.68,0.0,0.0,-14.5,0.0,-0.0061565555,,99.67692,9.33811546e-05,0.0,83.4969504,0.00046672636,218.330691,0.0,0.921124782,99.99998999999998,100.0,False
2026-07-01 02:00:00,0.0,107.62,118.17,114.22,98.8,98.8,,0.0,0.0,0.0,,0.0,0.0,0.0,0.0,0.0,0.0,4.6336,5.02,11.630336,0.0,2.25,0.0,0.0,0.4,0.0,0.0,6.26,0.0,0.0,-3.68,0.0,0.0,19.68,0.0,0.0,-14.5,0.0,-0.006197944466666667,,99.67692,0.000118713851,0.0,83.4970223,0.000623809095,218.330944,0.0,1.17101005,99.99998999999998,100.0,False
2026-07-01 02:30:00,0.0,107.62,114.48,110.22,93.67,93.67,,0.0,0.0,0.0,,0.0,0.0,0.0,0.0,0.0,0.0,4.74536,5.02,11.9108536,0.0,2.25,0.0,0.0,0.4,0.0,0.0,6.26,0.0,0.0,-3.68,0.0,0.0,19.68,0.0,0.0,-14.5,0.0,-0.006268138866666666,,99.67692,0.000148296462,0.0,83.4970996,0.000782670865,218.331198,0.0,1.46281706,99.99998999999998,100.0,False
2026-07-01 03:00:00,0.0,104.09,113.78,108.24,91.8,91.8,,0.0,0.0,0.0,,0.0,0.0,0.0,0.0,0.0,0.0,4.55933,5.02,11.4439183,0.0,1.21,0.0,0.0,1.12,0.0,0.0,7.95,0.0,0.0,-1.92,0.0,0.0,18.93,0.0,0.0,-13.42,0.0,-0.006229194466666667,,99.67692,0.000188679493,0.0,83.4971588,0.000940545615,218.331451,0.0,1.86116093,99.99998999999998,100.0,False
2026-07-01 03:30:00,0.0,104.09,112.9,108.3,87.8,87.8,,0.0,0.0,0.0,,0.0,0.0,0.0,0.0,0.0,0.0,4.633649999999999,5.02,11.630461499999997,0.0,1.21,0.0,0.0,1.12,0.0,0.0,7.95,0.0,0.0,-1.92,0.0,0.0,18.93,0.0,0.0,-13.42,0.0,-0.0061419444333333335,,99.67692,0.000221521745,0.0,83.49723,0.00109620907,218.331806,0.0,2.18512151,99.99998999999998,100.0,False
2026-07-01 04:00:00,0.0,102.11,113.46,109.62,90.03,90.03,,0.0,0.0,0.0,,0.0,0.0,0.0,0.0,0.0,0.0,4.52666,5.02,11.361916599999999,0.0,1.21,0.0,0.0,1.12,0.0,0.0,7.95,0.0,0.0,-1.92,0.0,0.0,18.93,0.0,0.0,-13.42,0.0,-0.0061524722333333335,,99.67692,0.000254884485,0.0,83.4972992,0.00125213934,218.331958,0.0,2.51421624,99.99998999999998,100.0,False
2026-07-01 04:30:00,0.0,102.11,113.52,109.62,85.55,85.55,,0.0,0.0,0.0,,0.0,0.0,0.0,0.0,0.0,0.0,4.70107,5.02,11.799685699999998,0.0,1.21,0.0,0.0,1.12,0.0,0.0,7.95,0.0,0.0,-1.92,0.0,0.0,18.93,0.0,0.0,-13.42,0.0,-0.006147027833333333,,99.67692,0.00029697621,0.0,83.4973631,0.00140793163,218.332313,0.0,2.92941491,99.99998999999998,100.0,False
2026-07-01 05:00:00,0.0,108.42,110.85,108.42,87.21,87.21,,0.0,0.0,0.0,,0.0,0.0,0.0,0.0,0.0,0.0,4.71078,5.02,11.824057799999999,0.0,1.21,0.0,0.0,1.12,0.0,0.0,7.95,0.0,0.0,-1.92,0.0,0.0,18.93,0.0,0.0,-13.42,0.0,-0.006140305566666667,,99.67692,0.000330882744,0.0,83.4974269,0.00156355355,218.332515,0.0,3.26387371,99.99998999999998,100.0,False
2026-07-01 05:30:00,0.0,108.42,113.13,107.7,92.1,92.1,,0.0,0.0,0.0,,0.0,0.0,0.0,0.0,0.0,0.0,4.30692,5.02,10.810369199999998,0.0,1.21,0.0,0.0,1.12,0.0,0.0,7.95,0.0,0.0,-1.92,0.0,0.0,18.93,0.0,0.0,-13.42,0.0,-0.006120944466666667,,99.67692,0.000374347756,0.0,83.4974988,0.00171868477,218.332718,0.0,3.69261867,99.99998999999998,100.0,False
2026-07-01 06:00:00,0.0,118.93,121.1,121.46,86.01,86.01,,0.0,0.0,0.0,,0.0,0.0,0.0,0.0,0.0,0.0,4.36078,5.02,10.9455578,0.0,1.21,0.0,0.0,1.12,0.0,0.0,7.95,0.0,0.0,-1.92,0.0,0.0,18.93,0.0,0.0,-13.42,0.0,-0.0061586388,,99.67692,0.000407693253,0.0,83.4975627,0.00187477134,218.333022,0.0,4.02154332,99.99998999999998,100.0,False
2026-07-01 06:30:00,0.0,118.93,128.38,140.0,154.9,154.9,,0.0,0.0,0.0,,0.0,0.0,0.0,0.0,0.0,0.0,4.0796399999999995,5.02,10.239896399999997,0.0,1.21,0.0,0.0,1.12,0.0,0.0,7.95,0.0,0.0,-1.92,0.0,0.0,18.93,0.0,0.0,-13.42,0.0,-0.0061537778,,99.67692,0.000440769707,0.0,83.497632,0.0020307347,218.333276,0.0,4.3478141,99.99998999999998,100.0,False
2026-07-01 07:00:00,0.0,119.0,136.11,136.94,91.5,91.5,,0.0,0.0,0.0,,0.0,0.0,0.0,0.0,0.0,0.0,3.76714,5.02,9.455521399999999,0.0,4.45,0.0,0.0,0.76,0.0,0.0,8.89,0.0,0.0,-2.92,0.0,0.0,19.42,0.0,0.0,-12.81,0.0,-0.0061696945,,99.67692,0.000466110235,0.0,83.4977019,0.00218710146,218.333529,0.0,4.59777661,99.99998999999998,100.0,False
2026-07-01 07:30:00,0.0,119.0,136.11,144.11,87.54,87.54,,0.0,0.0,0.0,,0.0,0.0,0.0,0.0,0.0,0.0,3.655,5.02,9.17405,0.0,4.45,0.0,0.0,0.76,0.0,0.0,8.89,0.0,0.0,-2.92,0.0,0.0,19.42,0.0,0.0,-12.81,0.0,-0.006145777766666667,,99.67692,0.000494202883,0.0,83.4977718,0.00234286207,218.333782,0.0,4.87488643,99.99998999999998,100.0,False
2026-07-01 08:00:00,0.0,109.65,128.62,128.71,83.01,83.01,,0.0,0.0,0.0,,0.0,0.0,0.0,0.0,0.0,0.0,2.79956,5.02,7.0268956,0.0,4.45,0.0,0.0,0.76,0.0,0.0,8.89,0.0,0.0,-2.92,0.0,0.0,19.42,0.0,0.0,-12.81,0.0,-0.0061142777,,99.67692,0.000526415639,0.0,83.4978357,0.00249782433,218.334037,0.0,5.19263756,99.99998999999998,100.0,False
2026-07-01 08:30:00,0.0,109.65,125.5,120.78,85.05,85.05,,0.0,0.0,0.0,,0.0,0.0,0.0,0.0,0.0,0.0,1.7366400000000002,5.02,4.3589664,0.0,4.45,0.0,0.0,0.76,0.0,0.0,8.89,0.0,0.0,-2.92,0.0,0.0,19.42,0.0,0.0,-12.81,0.0,-0.0061249443,,99.67692,0.000559233131,0.0,83.4979049,0.00265305693,218.334239,0.0,5.5163539,99.99998999999998,100.0,False
2026-07-01 09:00:00,0.0,103.18,106.0,107.3,130.89,130.89,,0.0,0.0,0.0,,0.0,0.0,0.0,0.0,0.0,0.0,1.08993,5.02,2.7357242999999998,0.0,4.45,0.0,0.0,0.76,0.0,0.0,8.89,0.0,0.0,-2.92,0.0,0.0,19.42,0.0,0.0,-12.81,0.0,-0.006206583333333332,,99.67692,0.000588264116,0.0,83.4980106,0.00281035861,218.334543,0.0,5.8027196,99.99998999999998,100.0,False
2026-07-01 09:30:00,0.0,103.18,106.07,106.12,93.33,93.33,,0.0,0.0,0.0,,0.0,0.0,0.0,0.0,0.0,0.0,2.33316,5.02,5.856231599999999,0.0,4.45,0.0,0.0,0.76,0.0,0.0,8.89,0.0,0.0,-2.92,0.0,0.0,19.42,0.0,0.0,-12.81,0.0,-0.0061188888,,99.67692,0.000612919337,0.0,83.4980812,0.00296543773,218.334898,0.0,6.04592215,99.99998999999998,100.0,False
2026-07-01 10:00:00,0.0,100.0,104.0,103.03,83.03,83.03,,0.0,0.0,0.0,,0.0,0.0,0.0,0.0,0.0,0.0,1.75519,5.02,4.4055269,0.0,4.45,0.0,0.0,0.76,0.0,0.0,8.89,0.0,0.0,-2.92,0.0,0.0,19.42,0.0,0.0,-12.81,0.0,-0.006115111066666667,,99.67692,0.0006405228,0.0,83.4981349,0.00312042111,218.334948,0.0,6.31820657,99.99998999999998,100.0,False
2026-07-01 10:30:00,0.0,100.0,109.8,112.98,115.0,115.0,,0.0,0.0,0.0,,0.0,0.0,0.0,0.0,0.0,0.0,1.85871,5.02,4.665362099999999,0.0,4.45,0.0,0.0,0.76,0.0,0.0,8.89,0.0,0.0,-2.92,0.0,0.0,19.42,0.0,0.0,-12.81,0.0,-0.006159972233333334,,99.67692,0.000677886237,0.0,83.4981872,0.00327654147,218.335304,0.0,6.68676475,99.99998999999998,100.0,False
2026-07-01 11:00:00,0.0,93.47,112.98,116.98,128.0,128.0,,0.0,0.0,0.0,,0.0,0.0,0.0,0.0,0.0,0.0,1.39256,5.02,3.4953255999999997,0.0,2.09,0.0,0.0,2.08,0.0,0.0,5.95,0.0,0.0,-0.88,0.0,0.0,19.4,0.0,0.0,-13.39,0.0,-0.0061371388,,99.67692,0.000702571758,0.0,83.4982564,0.00343208313,218.335658,0.0,6.93026618,99.99998999999998,100.0,False
2026-07-01 11:30:00,0.0,93.47,109.13,112.96,114.95,114.95,,0.0,0.0,0.0,,0.0,0.0,0.0,0.0,0.0,0.0,1.7338,5.02,4.351838,0.0,2.09,0.0,0.0,2.08,0.0,0.0,5.95,0.0,0.0,-0.88,0.0,0.0,19.4,0.0,0.0,-13.39,0.0,-0.0060521944,,99.67692,0.000739623728,0.0,83.4983148,0.00358547193,218.335912,0.0,7.295752,99.99998999999998,100.0,False
2026-07-01 12:00:00,0.0,89.0,102.32,103.46,94.84,94.84,,0.0,0.0,0.0,,0.0,0.0,0.0,0.0,0.0,0.0,0.57564,5.02,1.4448564,0.0,2.09,0.0,0.0,2.08,0.0,0.0,5.95,0.0,0.0,-0.88,0.0,0.0,19.4,0.0,0.0,-13.39,0.0,-0.006111916633333333,,99.67692,0.00077163207,0.0,83.4983799,0.00374037436,218.336064,0.0,7.61148677,99.99998999999998,100.0,False
2026-07-01 12:30:00,0.0,89.0,97.68,95.2,115.0,115.0,,0.0,0.0,0.0,,0.0,0.0,0.0,0.0,0.0,0.0,0.55155,5.02,1.3843904999999999,0.0,2.09,0.0,0.0,2.08,0.0,0.0,5.95,0.0,0.0,-0.88,0.0,0.0,19.4,0.0,0.0,-13.39,0.0,-0.006115305533333333,,99.67692,0.000798530121,0.0,83.4984565,0.00389536266,218.33647,0.0,7.87681291,99.99998999999998,100.0,False
2026-07-01 13:00:00,0.0,87.0,94.2,89.57,113.9,113.9,,0.0,0.0,0.0,,0.0,0.0,0.0,0.0,0.0,0.0,0.36935,5.02,0.9270685,0.0,2.09,0.0,0.0,2.08,0.0,0.0,5.95,0.0,0.0,-0.88,0.0,0.0,19.4,0.0,0.0,-13.39,0.0,-0.0060808055000000005,,99.67692,0.000819887434,0.0,83.4985264,0.00404947659,218.336723,0.0,8.08748443,99.99998999999998,100.0,False
2026-07-01 13:30:00,0.0,87.0,89.85,88.43,88.61,88.61,,0.0,0.0,0.0,,0.0,0.0,0.0,0.0,0.0,0.0,1.27919,5.02,3.2107669,0.0,2.09,0.0,0.0,2.08,0.0,0.0,5.95,0.0,0.0,-0.88,0.0,0.0,19.4,0.0,0.0,-13.39,0.0,-0.006137472233333333,,99.67692,0.000842741024,0.0,83.4985996,0.0042050267,218.336926,0.0,8.31291544,99.99998999999998,100.0,False
2026-07-01 14:00:00,0.0,87.0,88.01,88.16,84.43,84.43,,0.0,0.0,0.0,,0.0,0.0,0.0,0.0,0.0,0.0,0.83168,5.02,2.0875168,0.0,2.09,0.0,0.0,2.08,0.0,0.0,5.95,0.0,0.0,-0.88,0.0,0.0,19.4,0.0,0.0,-13.39,0.0,-0.0060731666,,99.67692,0.000862559049,0.0,83.4986674,0.00435894703,218.337179,0.0,8.50840322,99.99998999999998,100.0,False
2026-07-01 14:30:00,0.0,87.0,86.8,86.0,85.0,85.0,,0.0,0.0,0.0,,0.0,0.0,0.0,0.0,0.0,0.0,1.55569,5.02,3.9047818999999997,0.0,2.09,0.0,0.0,2.08,0.0,0.0,5.95,0.0,0.0,-0.88,0.0,0.0,19.4,0.0,0.0,-13.39,0.0,-0.0061160557,,99.67692,0.000890620766,0.0,83.498723,0.00451395435,218.337534,0.0,8.78520792,99.99998999999998,100.0,False
2026-07-01 15:00:00,0.0,87.66,87.67,83.8,115.0,115.0,,0.0,0.0,0.0,,0.0,0.0,0.0,0.0,0.0,0.0,3.35684,5.02,8.4256684,0.0,2.61,0.0,0.0,3.99,0.0,0.0,7.71,0.0,0.0,2.0,0.0,0.0,7.64,0.0,0.0,-8.46,0.0,-0.006137277866666666,,99.67692,0.000917244563,0.0,83.4987787,0.00466949953,218.337787,0.0,9.04782878,99.99998999999998,100.0,False
2026-07-01 15:30:00,0.0,87.66,85.66,83.82,81.8,81.8,,0.0,0.0,0.0,,0.0,0.0,0.0,0.0,0.0,0.0,1.92957,5.02,4.8432207,0.0,2.61,0.0,0.0,3.99,0.0,0.0,7.71,0.0,0.0,2.0,0.0,0.0,7.64,0.0,0.0,-8.46,0.0,-0.006038638833333333,,99.67692,0.000938295315,0.0,83.4988398,0.00482254478,218.33799,0.0,9.25547635,99.99998999999998,100.0,False
2026-07-01 16:00:00,0.0,90.84,89.83,90.0,81.89,81.89,,0.0,0.0,0.0,,0.0,0.0,0.0,0.0,0.0,0.0,3.33445,5.02,8.3694695,0.0,2.61,0.0,0.0,3.99,0.0,0.0,7.71,0.0,0.0,2.0,0.0,0.0,7.64,0.0,0.0,-8.46,0.0,-0.0061316667,,99.67692,0.000961438306,0.0,83.4989117,0.00497794775,218.338294,0.0,9.48376205,99.99998999999998,100.0,False
2026-07-01 16:30:00,0.0,90.84,88.65,88.82,81.7,81.7,,0.0,0.0,0.0,,0.0,0.0,0.0,0.0,0.0,0.0,2.3618,5.02,5.9281179999999996,0.0,2.61,0.0,0.0,3.99,0.0,0.0,7.71,0.0,0.0,2.0,0.0,0.0,7.64,0.0,0.0,-8.46,0.0,-0.006068277699999999,,99.67692,0.000986720704,0.0,83.4989702,0.0051317442,218.338649,0.0,9.73315117,99.99998999999998,100.0,False
2026-07-01 17:00:00,0.0,103.31,105.0,103.57,84.69,84.69,,0.0,0.0,0.0,,0.0,0.0,0.0,0.0,0.0,0.0,2.66915,5.02,6.6995664999999995,0.0,2.61,0.0,0.0,3.99,0.0,0.0,7.71,0.0,0.0,2.0,0.0,0.0,7.64,0.0,0.0,-8.46,0.0,-0.0061148333,,99.67692,0.00100296099,0.0,83.4990449,0.0052867205,218.3387,0.0,9.89334759,99.99998999999998,100.0,False
2026-07-01 17:30:00,0.0,103.31,104.1,109.08,81.79,81.79,,0.0,0.0,0.0,,0.0,0.0,0.0,0.0,0.0,0.0,3.26343,5.02,8.191209299999999,0.0,2.61,0.0,0.0,3.99,0.0,0.0,7.71,0.0,0.0,2.0,0.0,0.0,7.64,0.0,0.0,-8.46,0.0,-0.0061270000000000005,,99.67692,0.00101810226,0.0,83.4991161,0.0054420052,218.339106,0.0,10.0427032,99.99998999999998,100.0,False
2026-07-01 18:00:00,0.0,114.58,110.4,109.83,72.24,72.24,,0.0,0.0,0.0,,0.0,0.0,0.0,0.0,0.0,0.0,4.04008,5.02,10.140600799999998,0.0,2.61,0.0,0.0,3.99,0.0,0.0,7.71,0.0,0.0,2.0,0.0,0.0,7.64,0.0,0.0,-8.46,0.0,-0.006159000166666667,,99.67692,0.00103484407,0.0,83.4991888,0.00559810095,218.339308,0.0,10.2078468,99.99998999999998,100.0,False
2026-07-01 18:30:00,0.0,114.58,109.76,108.72,82.65,82.65,,0.0,0.0,0.0,,0.0,0.0,0.0,0.0,0.0,0.0,4.576689999999999,5.02,11.487491899999997,0.0,2.61,0.0,0.0,3.99,0.0,0.0,7.71,0.0,0.0,2.0,0.0,0.0,7.64,0.0,0.0,-8.46,0.0,-0.0060963611,,99.67692,0.00104895586,0.0,83.4992594,0.0057526091,218.339409,0.0,10.3470475,99.99998999999998,100.0,False
2026-07-01 19:00:00,0.0,117.02,116.8,119.8,81.36,81.36,,0.0,0.0,0.0,,0.0,0.0,0.0,0.0,0.0,0.0,4.816520000000001,5.02,12.089465200000001,0.0,7.42,0.0,0.0,0.25,0.0,0.0,9.29,0.0,0.0,-2.07,0.0,0.0,23.85,0.0,0.0,-12.53,0.0,-0.0061103334,,99.67692,0.00106886643,0.0,83.4993347,0.0059074714,218.339714,0.0,10.5434481,99.99998999999998,100.0,False
2026-07-01 19:30:00,0.0,117.02,113.2,120.0,130.78,130.78,,0.0,0.0,0.0,,0.0,0.0,0.0,0.0,0.0,0.0,5.20342,5.02,13.0605842,0.0,7.42,0.0,0.0,0.25,0.0,0.0,9.29,0.0,0.0,-2.07,0.0,0.0,23.85,0.0,0.0,-12.53,0.0,-0.006170444466666667,,99.67692,0.00108222286,0.0,83.4994101,0.00606385715,218.340017,0.0,10.6751978,99.99998999999998,100.0,False
2026-07-01 20:00:00,0.0,110.0,111.06,114.4,81.7,81.7,,0.0,0.0,0.0,,0.0,0.0,0.0,0.0,0.0,0.0,5.35592,5.02,13.4433592,0.0,7.42,0.0,0.0,0.25,0.0,0.0,9.29,0.0,0.0,-2.07,0.0,0.0,23.85,0.0,0.0,-12.53,0.0,-0.006118972166666667,,99.67692,0.00109792569,0.0,83.4994955,0.0062189384,218.340271,0.0,10.8300927,99.99998999999998,100.0,False
2026-07-01 20:30:00,0.0,110.0,103.02,108.0,111.54,111.54,,0.0,0.0,0.0,,0.0,0.0,0.0,0.0,0.0,0.0,5.5366,5.02,13.896866,0.0,7.42,0.0,0.0,0.25,0.0,0.0,9.29,0.0,0.0,-2.07,0.0,0.0,23.85,0.0,0.0,-12.53,0.0,-0.006156444466666667,,99.67692,0.00111687032,0.0,83.4995709,0.00637496935,218.340474,0.0,11.0169652,99.99998999999998,100.0,False
2026-07-01 21:00:00,0.0,104.0,108.8,113.91,116.87,116.87,,0.0,0.0,0.0,,0.0,0.0,0.0,0.0,0.0,0.0,5.62525,5.02,14.119377499999999,0.0,7.42,0.0,0.0,0.25,0.0,0.0,9.29,0.0,0.0,-2.07,0.0,0.0,23.85,0.0,0.0,-12.53,0.0,-0.006154333299999999,,99.67692,0.00112785557,0.0,83.4996435,0.0065309468,218.340778,0.0,11.1253252,99.99998999999998,100.0,False
2026-07-01 21:30:00,0.0,104.0,98.0,98.29,109.5,109.5,,0.0,0.0,0.0,,0.0,0.0,0.0,0.0,0.0,0.0,5.64212,5.02,14.161721199999999,0.0,7.42,0.0,0.0,0.25,0.0,0.0,9.29,0.0,0.0,-2.07,0.0,0.0,23.85,0.0,0.0,-12.53,0.0,-0.006257138833333333,,99.67692,0.00114075719,0.0,83.499741,0.00668952975,218.34093,0.0,11.2525886,99.98289666666666,100.0,False
2026-07-01 22:00:00,0.0,91.08,95.4,96.1,108.75,108.75,,0.0,0.0,0.0,,0.0,0.0,0.0,0.0,0.0,0.0,5.63578,5.02,14.145807799999998,0.0,7.42,0.0,0.0,0.25,0.0,0.0,9.29,0.0,0.0,-2.07,0.0,0.0,23.85,0.0,0.0,-12.53,0.0,-0.006267138833333334,,99.67692,0.00115510806,0.0,83.4998258,0.0068483662,218.341285,0.0,11.3941476,99.99998999999998,100.0,False
2026-07-01 22:30:00,0.0,91.08,93.25,94.0,121.0,121.0,,0.0,0.0,0.0,,0.0,0.0,0.0,0.0,0.0,0.0,5.63469,5.02,14.143071899999999,0.0,7.42,0.0,0.0,0.25,0.0,0.0,9.29,0.0,0.0,-2.07,0.0,0.0,23.85,0.0,0.0,-12.53,0.0,-0.006211250000000001,,99.67692,0.00116999835,0.0,83.4999065,0.00700578615,218.341386,0.0,11.5410275,99.99998999999998,100.0,False
2026-07-01 23:00:00,0.0,101.0,82.68,86.68,120.0,120.0,,0.0,0.0,0.0,,0.0,0.0,0.0,0.0,0.0,0.0,5.634729999999999,5.02,14.143172299999998,0.0,4.31,0.0,0.0,1.61,0.0,0.0,9.56,0.0,0.0,-0.74,0.0,0.0,21.4,0.0,0.0,-8.27,0.0,-0.006229027799999999,,99.67692,0.00118474493,0.0,83.4999912,0.0071636567,218.34169,0.0,11.6864899,99.99998999999998,100.0,False
2026-07-01 23:30:00,0.0,101.0,78.0,74.78,33.92,33.92,,0.0,0.0,0.0,,0.0,0.0,0.0,0.0,0.0,0.0,5.63487,5.02,14.1435237,0.0,4.31,0.0,0.0,1.61,0.0,0.0,9.56,0.0,0.0,-0.74,0.0,0.0,21.4,0.0,0.0,-8.27,0.0,-0.006222611066666667,,99.67692,0.00119596249,0.0,83.5000706,0.00732136455,218.341944,0.0,11.7971414,99.99998999999998,100.0,False
2026-07-02 00:00:00,0.0,89.21,71.35,76.73,20.16,20.16,,0.0,0.0,0.0,,0.0,0.0,0.0,0.0,0.0,0.0,5.63489,5.02,14.1435739,0.0,4.31,0.0,0.0,1.61,0.0,0.0,9.56,0.0,0.0,-0.74,0.0,0.0,21.4,0.0,0.0,-8.27,0.0,-0.006217388966666667,,99.67692,0.00121766828,0.0,83.5001668,0.00747894015,218.342247,0.0,12.0112504,99.99998999999998,100.0,False
2026-07-02 00:30:00,0.0,89.21,64.4,67.76,9.27,9.27,,0.0,0.0,0.0,,0.0,0.0,0.0,0.0,0.0,0.0,5.63467,5.02,14.143021699999998,0.0,4.31,0.0,0.0,1.61,0.0,0.0,9.56,0.0,0.0,-0.74,0.0,0.0,21.4,0.0,0.0,-8.27,0.0,-0.006140305566666666,,99.67692,1.95578758e-05,0.0,83.50024,0.000155621919,218.342501,0.0,0.192921625,99.99998999999998,100.0,False
2026-07-02 01:00:00,0.0,71.75,60.0,61.5,20.15,20.15,,0.0,0.0,0.0,,0.0,0.0,0.0,0.0,0.0,0.0,5.635890000000001,5.02,14.1460839,0.0,4.31,0.0,0.0,1.61,0.0,0.0,9.56,0.0,0.0,-0.74,0.0,0.0,21.4,0.0,0.0,-8.27,0.0,-0.0061029167,,99.67692,4.49758137e-05,0.0,83.5003039,0.000310296241,218.342755,0.0,0.443647723,99.99998999999998,100.0,False
2026-07-02 01:30:00,0.0,71.75,56.44,54.0,46.17,46.17,,0.0,0.0,0.0,,0.0,0.0,0.0,0.0,0.0,0.0,5.64907,5.02,14.179165699999999,0.0,4.31,0.0,0.0,1.61,0.0,0.0,9.56,0.0,0.0,-0.74,0.0,0.0,21.4,0.0,0.0,-8.27,0.0,-0.006145027733333333,,99.67692,6.32977994e-05,0.0,83.500392,0.00046603784,218.342958,0.0,0.624378355,99.99998999999998,100.0,False
2026-07-02 02:00:00,0.0,57.49,46.0,53.76,115.0,115.0,,0.0,0.0,0.0,,0.0,0.0,0.0,0.0,0.0,0.0,5.6381000000000006,5.02,14.151631,0.0,4.31,0.0,0.0,1.61,0.0,0.0,9.56,0.0,0.0,-0.74,0.0,0.0,21.4,0.0,0.0,-8.27,0.0,-0.006093027833333334,,99.67692,8.52818e-05,0.0,83.5004693,0.000620461535,218.343312,0.0,0.841231615,99.99998999999998,100.0,False
2026-07-02 02:30:00,0.0,57.49,46.98,43.4,115.0,115.0,,0.0,0.0,0.0,,0.0,0.0,0.0,0.0,0.0,0.0,5.63566,5.02,14.145506599999997,0.0,4.31,0.0,0.0,1.61,0.0,0.0,9.56,0.0,0.0,-0.74,0.0,0.0,21.4,0.0,0.0,-8.27,0.0,-0.0061500001,,99.67692,0.000108319228,0.0,83.5005372,0.00077632916,218.343464,0.0,1.06847603,99.99998999999998,100.0,False
2026-07-02 03:00:00,0.0,46.34,45.39,40.0,31.79,31.79,,0.0,0.0,0.0,,0.0,0.0,0.0,0.0,0.0,0.0,5.6371899999999995,5.02,14.149346899999998,0.0,6.67,0.0,0.0,4.32,0.0,0.0,10.87,0.0,0.0,3.46,0.0,0.0,18.75,0.0,0.0,-4.82,0.0,-0.0061324721666666665,,99.67692,0.000130967274,0.0,83.5006253,0.00093175254,218.343769,0.0,1.29187953,99.99998999999998,100.0,False
2026-07-02 03:30:00,0.0,46.34,41.25,41.81,80.1,80.1,,0.0,0.0,0.0,,0.0,0.0,0.0,0.0,0.0,0.0,5.63468,5.02,14.1430468,0.0,6.67,0.0,0.0,4.32,0.0,0.0,10.87,0.0,0.0,3.46,0.0,0.0,18.75,0.0,0.0,-4.82,0.0,-0.006105805533333334,,99.67692,0.000156681185,0.0,83.5007026,0.00108650008,218.343972,0.0,1.54552514,99.99998999999998,100.0,False
2026-07-02 04:00:00,0.0,43.97,48.5,49.7,62.9,62.9,,0.0,0.0,0.0,,0.0,0.0,0.0,0.0,0.0,0.0,5.636010000000001,5.02,14.1463851,0.0,6.67,0.0,0.0,4.32,0.0,0.0,10.87,0.0,0.0,3.46,0.0,0.0,18.75,0.0,0.0,-4.82,0.0,-0.006139277733333334,,99.67692,0.000181034841,0.0,83.5007853,0.00124209595,218.344326,0.0,1.78575302,99.99998999999998,100.0,False
2026-07-02 04:30:00,0.0,43.97,39.8,46.66,48.8,48.8,,0.0,0.0,0.0,,0.0,0.0,0.0,0.0,0.0,0.0,5.63471,5.02,14.1431221,0.0,6.67,0.0,0.0,4.32,0.0,0.0,10.87,0.0,0.0,3.46,0.0,0.0,18.75,0.0,0.0,-4.82,0.0,-0.006190305533333333,,99.67692,0.0002099505,0.0,83.50086,0.00139898509,218.344529,0.0,2.07098113,99.99998999999998,100.0,False
2026-07-02 05:00:00,0.0,48.2,50.02,51.94,42.56,42.56,,0.0,0.0,0.0,,0.0,0.0,0.0,0.0,0.0,0.0,5.59584,5.02,14.045558399999999,0.0,6.67,0.0,0.0,4.32,0.0,0.0,10.87,0.0,0.0,3.46,0.0,0.0,18.75,0.0,0.0,-4.82,0.0,-0.0062038611,,99.67692,0.000235431897,0.0,83.5009494,0.00155621778,218.344782,0.0,2.32233319,99.99998999999998,100.0,False
2026-07-02 05:30:00,0.0,48.2,48.48,50.0,106.9,106.9,,0.0,0.0,0.0,,0.0,0.0,0.0,0.0,0.0,0.0,5.45676,5.02,13.696467599999998,0.0,6.67,0.0,0.0,4.32,0.0,0.0,10.87,0.0,0.0,3.46,0.0,0.0,18.75,0.0,0.0,-4.82,0.0,-0.006162833366666666,,99.67692,0.000258763668,0.0,83.5010389,0.00171241064,218.345036,0.0,2.55248105,99.99998999999998,100.0,False
2026-07-02 06:00:00,0.0,61.89,50.27,56.27,117.0,117.0,,0.0,0.0,0.0,,0.0,0.0,0.0,0.0,0.0,0.0,5.14792,5.02,12.921279199999999,0.0,6.67,0.0,0.0,4.32,0.0,0.0,10.87,0.0,0.0,3.46,0.0,0.0,18.75,0.0,0.0,-4.82,0.0,-0.006172527733333333,,99.67692,0.000277713931,0.0,83.5011142,0.00186884921,218.345391,0.0,2.7394091,99.99998999999998,100.0,False
2026-07-02 06:30:00,0.0,61.89,60.9,59.8,115.0,115.0,,0.0,0.0,0.0,,0.0,0.0,0.0,0.0,0.0,0.0,4.85926,5.02,12.196742599999999,0.0,6.67,0.0,0.0,4.32,0.0,0.0,10.87,0.0,0.0,3.46,0.0,0.0,18.75,0.0,0.0,-4.82,0.0,-0.006201194466666666,,99.67692,0.000299472929,0.0,83.5011936,0.00202601432,218.345542,0.0,2.9540429,99.99998999999998,100.0,False
2026-07-02 07:00:00,0.0,62.9,33.9,32.8,62.18,62.18,,0.0,0.0,0.0,,0.0,0.0,0.0,0.0,0.0,0.0,4.4642,5.02,11.205141999999999,0.0,7.42,0.0,0.0,6.25,0.0,0.0,14.97,0.0,0.0,0.99,0.0,0.0,18.75,0.0,0.0,2.34,0.0,-0.0061593056000000005,,99.67692,0.000324831288,0.0,83.5012615,0.00218211778,218.345796,0.0,3.2041813,99.99998999999998,100.0,False
2026-07-02 07:30:00,0.0,62.9,24.53,39.2,65.6,65.6,,0.0,0.0,0.0,,0.0,0.0,0.0,0.0,0.0,0.0,4.483569999999999,5.02,11.253760699999997,0.0,7.42,0.0,0.0,6.25,0.0,0.0,14.97,0.0,0.0,0.99,0.0,0.0,18.75,0.0,0.0,2.34,0.0,-0.006143833266666667,,99.67692,0.000345685927,0.0,83.5013335,0.00233782911,218.345999,0.0,3.40989438,99.99998999999998,100.0,False
2026-07-02 08:00:00,0.0,44.48,15.2,16.23,21.24,21.24,,0.0,0.0,0.0,,0.0,0.0,0.0,0.0,0.0,0.0,3.6774899999999997,5.02,9.230499899999998,0.0,7.42,0.0,0.0,6.25,0.0,0.0,14.97,0.0,0.0,0.99,0.0,0.0,18.75,0.0,0.0,2.34,0.0,-0.0062207499333333345,,99.67692,0.000366720567,0.0,83.5014001,0.00249548984,218.346303,0.0,3.61738301,99.99998999999998,100.0,False
2026-07-02 08:30:00,0.0,44.48,1.2,7.0,-14.99,-14.99,,0.0,0.0,0.0,,0.0,0.0,0.0,0.0,0.0,0.0,4.98441,5.02,12.510869099999997,0.0,7.42,0.0,0.0,6.25,0.0,0.0,14.97,0.0,0.0,0.99,0.0,0.0,18.75,0.0,0.0,2.34,0.0,-0.006166416733333333,,99.67692,0.000389954505,0.0,83.5014694,0.00265177352,218.346557,0.0,3.84656583,99.99998999999998,100.0,False
2026-07-02 09:00:00,0.0,11.87,9.05,9.0,-1.33,-1.33,,0.0,0.0,0.0,,0.0,0.0,0.0,0.0,0.0,0.0,3.8117199999999998,5.02,9.567417199999998,0.0,7.42,0.0,0.0,6.25,0.0,0.0,14.97,0.0,0.0,0.99,0.0,0.0,18.75,0.0,0.0,2.34,0.0,-0.006057166566666667,,99.67692,0.000422592025,0.0,83.5015427,0.00280528834,218.34686,0.0,4.1685069,99.99998999999998,100.0,False
2026-07-02 09:30:00,0.0,11.87,-0.15,-2.3,-3.64,-3.64,,0.0,0.0,0.0,,0.0,0.0,0.0,0.0,0.0,0.0,3.49305,5.02,8.7675555,0.0,7.42,0.0,0.0,6.25,0.0,0.0,14.97,0.0,0.0,0.99,0.0,0.0,18.75,0.0,0.0,2.34,0.0,-0.006141305633333333,,99.67692,0.000457253715,0.0,83.5016551,0.0029609356,218.347063,0.0,4.51041466,99.99998999999998,100.0,False
2026-07-02 10:00:00,0.0,1.65,1.67,4.7,-3.07,-3.07,,0.0,0.0,0.0,,0.0,0.0,0.0,0.0,0.0,0.0,5.62641,5.02,14.122289099999998,0.0,7.42,0.0,0.0,6.25,0.0,0.0,14.97,0.0,0.0,0.99,0.0,0.0,18.75,0.0,0.0,2.34,0.0,-0.006110666666666667,,99.67692,0.000499290352,0.0,83.5017405,0.00311580634,218.347317,0.0,4.92506993,99.99998999999998,100.0,False
2026-07-02 10:30:00,0.0,1.65,-1.55,0.93,-14.2,-14.2,,0.0,0.0,0.0,,0.0,0.0,0.0,0.0,0.0,0.0,5.62778,5.02,14.125727799999998,0.0,7.42,0.0,0.0,6.25,0.0,0.0,14.97,0.0,0.0,0.99,0.0,0.0,18.75,0.0,0.0,2.34,0.0,-0.0061415833000000005,,99.67692,0.000540575092,0.0,83.5018326,0.00327146065,218.347723,0.0,5.33230839,99.99998999999998,100.0,False
2026-07-02 11:00:00,0.0,1.02,-3.51,-4.01,-14.2,-14.2,,0.0,0.0,0.0,,0.0,0.0,0.0,0.0,0.0,0.0,5.628310000000001,5.02,14.127058100000001,0.0,4.17,0.0,0.0,6.64,0.0,0.0,3.52,0.0,0.0,9.14,0.0,0.0,5.06,0.0,0.0,7.83,0.0,-0.006115888866666666,,99.67692,0.000577775035,0.0,83.5018964,0.00342646374,218.347824,0.0,5.69925383,99.99998999999998,100.0,False
2026-07-02 11:30:00,0.0,1.02,-3.0,-3.96,-14.2,-14.2,,0.0,0.0,0.0,,0.0,0.0,0.0,0.0,0.0,0.0,5.6232,5.02,14.114231999999998,0.0,4.17,0.0,0.0,6.64,0.0,0.0,3.52,0.0,0.0,9.14,0.0,0.0,5.06,0.0,0.0,7.83,0.0,-0.006105055633333333,,99.67692,0.000622555549,0.0,83.5019588,0.00358119228,218.348128,0.0,6.14097509,99.99998999999998,100.0,False
2026-07-02 12:00:00,0.0,0.08,-5.0,-4.2,-4.35,-4.35,,0.0,0.0,0.0,,0.0,0.0,0.0,0.0,0.0,0.0,5.62725,5.02,14.124397499999999,0.0,4.17,0.0,0.0,6.64,0.0,0.0,3.52,0.0,0.0,9.14,0.0,0.0,5.06,0.0,0.0,7.83,0.0,-0.0061210555333333335,,99.67692,0.000672547987,0.0,83.5019861,0.00373632631,218.348432,0.0,6.6341075,99.99998999999998,100.0,False
2026-07-02 12:30:00,0.0,0.08,-5.0,-3.4,-3.23,-3.23,,0.0,0.0,0.0,,0.0,0.0,0.0,0.0,0.0,0.0,5.62645,5.02,14.122389499999999,0.0,4.17,0.0,0.0,6.64,0.0,0.0,3.52,0.0,0.0,9.14,0.0,0.0,5.06,0.0,0.0,7.83,0.0,-0.0060869445,,99.67692,0.000720374913,0.0,83.5020086,0.00389059583,218.348837,0.0,7.10587899,99.99998999999998,100.0,False
2026-07-02 13:00:00,0.0,0.09,-2.07,0.16,-3.38,-3.38,,0.0,0.0,0.0,,0.0,0.0,0.0,0.0,0.0,0.0,5.6270500000000006,5.02,14.1238955,0.0,4.17,0.0,0.0,6.64,0.0,0.0,3.52,0.0,0.0,9.14,0.0,0.0,5.06,0.0,0.0,7.83,0.0,-0.0061014444666666655,,99.67692,0.000765397031,0.0,83.5020434,0.00404523284,218.34899,0.0,7.54998347,99.99998999999998,100.0,False
2026-07-02 13:30:00,0.0,0.09,-1.88,-1.0,-1.77,-1.77,,0.0,0.0,0.0,,0.0,0.0,0.0,0.0,0.0,0.0,5.625859999999999,5.02,14.120908599999998,0.0,4.17,0.0,0.0,6.64,0.0,0.0,3.52,0.0,0.0,9.14,0.0,0.0,5.06,0.0,0.0,7.83,0.0,-0.006106694333333333,,99.67692,0.000816059005,0.0,83.5020788,0.0042000029,218.349345,0.0,8.04972027,99.99998999999998,100.0,False
2026-07-02 14:00:00,0.0,0.53,-3.41,-3.41,-2.62,-2.62,,0.0,0.0,0.0,,0.0,0.0,0.0,0.0,0.0,0.0,5.62383,5.02,14.1158133,0.0,4.17,0.0,0.0,6.64,0.0,0.0,3.52,0.0,0.0,9.14,0.0,0.0,5.06,0.0,0.0,7.83,0.0,-0.0061499167,,99.67692,0.000867312982,0.0,83.5020967,0.00435586841,218.349648,0.0,8.55529668,99.99998999999998,100.0,False
2026-07-02 14:30:00,0.0,0.53,-1.66,0.25,-14.58,-14.58,,0.0,0.0,0.0,,0.0,0.0,0.0,0.0,0.0,0.0,5.6270299999999995,5.02,14.123845299999997,0.0,4.17,0.0,0.0,6.64,0.0,0.0,3.52,0.0,0.0,9.14,0.0,0.0,5.06,0.0,0.0,7.83,0.0,-0.006111638833333333,,99.67692,0.000911053956,0.0,83.5021348,0.00451076379,218.350003,0.0,8.98676377,99.99998999999998,100.0,False
2026-07-02 15:00:00,0.0,2.91,-3.31,-4.19,-5.08,-5.08,,0.0,0.0,0.0,,0.0,0.0,0.0,0.0,0.0,0.0,5.62377,5.02,14.1156627,0.0,3.2,0.0,0.0,8.25,0.0,0.0,7.09,0.0,0.0,10.46,0.0,0.0,17.52,0.0,0.0,14.44,0.0,-0.006113583366666667,,99.67692,0.000958976424,0.0,83.5021932,0.00466570845,218.350257,0.0,9.4594777,99.99998999999998,100.0,False
2026-07-02 15:30:00,0.0,2.91,0.13,2.0,-2.44,-2.44,,0.0,0.0,0.0,,0.0,0.0,0.0,0.0,0.0,0.0,5.63114,5.02,14.1341614,0.0,3.2,0.0,0.0,8.25,0.0,0.0,7.09,0.0,0.0,10.46,0.0,0.0,17.52,0.0,0.0,14.44,0.0,-0.006098666566666667,,99.67692,0.000999657856,0.0,83.5022421,0.00482027505,218.350409,0.0,9.86076504,99.99998999999998,100.0,False
2026-07-02 16:00:00,0.0,20.2,-2.22,-10.0,-18.4,-18.4,,0.0,0.0,0.0,,0.0,0.0,0.0,0.0,0.0,0.0,5.61592,5.02,14.0959592,0.0,3.2,0.0,0.0,8.25,0.0,0.0,7.09,0.0,0.0,10.46,0.0,0.0,17.52,0.0,0.0,14.44,0.0,-0.006149777766666667,,99.67692,0.00103674984,0.0,83.5022992,0.00497613704,218.350763,0.0,10.2266456,99.99998999999998,100.0,False
2026-07-02 16:30:00,0.0,20.2,7.23,15.0,50.4,50.4,,0.0,0.0,0.0,,0.0,0.0,0.0,0.0,0.0,0.0,5.62851,5.02,14.1275601,0.0,3.2,0.0,0.0,8.25,0.0,0.0,7.09,0.0,0.0,10.46,0.0,0.0,17.52,0.0,0.0,14.44,0.0,-0.0061282499666666665,,99.67692,0.00107030407,0.0,83.5023805,0.00513145345,218.351118,0.0,10.5576292,99.99998999999998,100.0,False
2026-07-02 17:00:00,0.0,68.07,32.23,44.32,-9.0,-9.0,,0.0,0.0,0.0,,0.0,0.0,0.0,0.0,0.0,0.0,5.62979,5.02,14.130772899999998,0.0,3.2,0.0,0.0,8.25,0.0,0.0,7.09,0.0,0.0,10.46,0.0,0.0,17.52,0.0,0.0,14.44,0.0,-0.006180666766666666,,99.67692,0.00110363741,0.0,83.5024753,0.00528809825,218.351321,0.0,10.8864339,99.99998999999998,100.0,False
2026-07-02 17:30:00,0.0,68.07,58.36,67.86,23.82,23.82,,0.0,0.0,0.0,,0.0,0.0,0.0,0.0,0.0,0.0,5.6273800000000005,5.02,14.1247238,0.0,3.2,0.0,0.0,8.25,0.0,0.0,7.09,0.0,0.0,10.46,0.0,0.0,17.52,0.0,0.0,14.44,0.0,-0.006125444466666667,,99.67692,0.00113456525,0.0,83.5025405,0.00544334355,218.351574,0.0,11.1915105,99.99998999999998,100.0,False
2026-07-02 18:00:00,0.0,108.3,74.7,86.0,9.75,9.75,,0.0,0.0,0.0,,0.0,0.0,0.0,0.0,0.0,0.0,5.6275,5.02,14.125024999999999,0.0,3.2,0.0,0.0,8.25,0.0,0.0,7.09,0.0,0.0,10.46,0.0,0.0,17.52,0.0,0.0,14.44,0.0,-0.006059444433333334,,99.67692,0.00116592086,0.0,83.502607,0.0055969161,218.351828,0.0,11.5008066,99.99998999999998,100.0,False
2026-07-02 18:30:00,0.0,108.3,80.5,81.54,23.0,23.0,,0.0,0.0,0.0,,0.0,0.0,0.0,0.0,0.0,0.0,5.62817,5.02,14.126706699999998,0.0,3.2,0.0,0.0,8.25,0.0,0.0,7.09,0.0,0.0,10.46,0.0,0.0,17.52,0.0,0.0,14.44,0.0,-0.0061003610666666664,,99.67692,0.0011988958,0.0,83.5026655,0.00575152565,218.352132,0.0,11.826076,99.99998999999998,100.0,False
2026-07-02 19:00:00,0.0,112.0,99.99,102.77,64.61,64.61,,0.0,0.0,0.0,,0.0,0.0,0.0,0.0,0.0,0.0,5.62678,5.02,14.123217799999999,0.0,8.75,0.0,0.0,0.01,0.0,0.0,11.35,0.0,0.0,0.0,0.0,0.0,25.55,0.0,0.0,-11.96,0.0,-0.006100805566666667,,99.67692,0.00123167531,0.0,83.5027415,0.00590614645,218.352284,0.0,12.1494177,99.99998999999998,100.0,False
2026-07-02 19:30:00,0.0,112.0,106.27,112.01,121.89,121.89,,0.0,0.0,0.0,,0.0,0.0,0.0,0.0,0.0,0.0,5.62464,5.02,14.1178464,0.0,8.75,0.0,0.0,0.01,0.0,0.0,11.35,0.0,0.0,0.0,0.0,0.0,25.55,0.0,0.0,-11.96,0.0,-0.006158027833333334,,99.67692,0.00126607487,0.0,83.5027973,0.00606221755,218.352639,0.0,12.4887398,99.99998999999998,100.0,False
2026-07-02 20:00:00,0.0,118.24,113.4,117.42,127.65,127.65,,0.0,0.0,0.0,,0.0,0.0,0.0,0.0,0.0,0.0,5.62454,5.02,14.117595399999997,0.0,8.75,0.0,0.0,0.01,0.0,0.0,11.35,0.0,0.0,0.0,0.0,0.0,25.55,0.0,0.0,-11.96,0.0,-0.006107777766666667,,99.67692,0.00129954881,0.0,83.5028801,0.00621701505,218.352842,0.0,12.8189314,99.99998999999998,100.0,False
2026-07-02 20:30:00,0.0,118.24,116.01,117.14,125.0,125.0,,0.0,0.0,0.0,,0.0,0.0,0.0,0.0,0.0,0.0,5.62452,5.02,14.1175452,0.0,8.75,0.0,0.0,0.01,0.0,0.0,11.35,0.0,0.0,0.0,0.0,0.0,25.55,0.0,0.0,-11.96,0.0,-0.006212305533333333,,99.67692,0.00132846166,0.0,83.5029521,0.0063744618,218.353146,0.0,13.1041318,99.99998999999998,100.0,False
2026-07-02 21:00:00,0.0,118.0,117.99,118.3,129.0,129.0,,0.0,0.0,0.0,,0.0,0.0,0.0,0.0,0.0,0.0,5.625310000000001,5.02,14.1195281,0.0,8.75,0.0,0.0,0.01,0.0,0.0,11.35,0.0,0.0,0.0,0.0,0.0,25.55,0.0,0.0,-11.96,0.0,-0.006247388966666666,,99.67692,0.00135949881,0.0,83.5030403,0.00653279765,218.353348,0.0,13.4102866,99.99998999999998,100.0,False
2026-07-02 21:30:00,0.0,118.0,115.13,121.13,129.0,129.0,,0.0,0.0,0.0,,0.0,0.0,0.0,0.0,0.0,0.0,5.64137,5.02,14.1598387,0.0,8.75,0.0,0.0,0.01,0.0,0.0,11.35,0.0,0.0,0.0,0.0,0.0,25.55,0.0,0.0,-11.96,0.0,-0.006238888933333333,,99.67692,0.0013840931,0.0,83.5031048,0.00669091805,218.353653,0.0,13.6528881,99.99998999999998,100.0,False
2026-07-02 22:00:00,0.0,111.76,111.0,112.0,125.75,125.75,,0.0,0.0,0.0,,0.0,0.0,0.0,0.0,0.0,0.0,5.63573,5.02,14.145682299999997,0.0,8.75,0.0,0.0,0.01,0.0,0.0,11.35,0.0,0.0,0.0,0.0,0.0,25.55,0.0,0.0,-11.96,0.0,-0.006152472199999999,,99.67692,0.0014130423,0.0,83.5031917,0.0068468484,218.353754,0.0,13.9384471,99.99998999999998,100.0,False
2026-07-02 22:30:00,0.0,111.76,101.0,100.0,119.7,119.7,,0.0,0.0,0.0,,0.0,0.0,0.0,0.0,0.0,0.0,5.634390000000001,5.02,14.142318900000001,0.0,8.75,0.0,0.0,0.01,0.0,0.0,11.35,0.0,0.0,0.0,0.0,0.0,25.55,0.0,0.0,-11.96,0.0,-0.0062907499333333325,,99.67692,0.00144035618,0.0,83.5032737,0.0070062832,218.35416,0.0,14.207875,99.99998999999998,100.0,False
2026-07-02 23:00:00,0.0,94.03,101.9,101.72,125.0,125.0,,0.0,0.0,0.0,,0.0,0.0,0.0,0.0,0.0,0.0,5.6348199999999995,5.02,14.143398199999998,0.0,1.9,0.0,0.0,0.1,0.0,0.0,5.75,0.0,0.0,-2.41,0.0,0.0,17.67,0.0,0.0,-10.33,0.0,-0.006205972066666667,,99.67692,0.00146980507,0.0,83.5033619,0.0071635694,218.354311,0.0,14.498363,99.99998999999998,100.0,False
2026-07-02 23:30:00,0.0,94.03,95.25,98.28,122.5,122.5,,0.0,0.0,0.0,,0.0,0.0,0.0,0.0,0.0,0.0,5.63453,5.02,14.142670299999999,0.0,1.9,0.0,0.0,0.1,0.0,0.0,5.75,0.0,0.0,-2.41,0.0,0.0,17.67,0.0,0.0,-10.33,0.0,-0.006175555466666666,,99.67692,0.0015004182,0.0,83.5034312,0.00732008465,218.354565,0.0,14.8003352,99.99998999999998,100.0,False
2026-07-03 00:00:00,0.0,90.25,89.42,92.74,122.5,122.5,,0.0,0.0,0.0,,0.0,0.0,0.0,0.0,0.0,0.0,5.63478,5.02,14.1432978,0.0,1.9,0.0,0.0,0.1,0.0,0.0,5.75,0.0,0.0,-2.41,0.0,0.0,17.67,0.0,0.0,-10.33,0.0,-0.006211249999999999,,99.67692,0.00152918794,0.0,83.5035186,0.00747750465,218.354818,0.0,15.0841239,99.99998999999998,100.0,False
2026-07-03 00:30:00,0.0,90.25,87.38,94.65,122.5,122.5,,0.0,0.0,0.0,,0.0,0.0,0.0,0.0,0.0,0.0,5.63581,5.02,14.145883099999999,0.0,1.9,0.0,0.0,0.1,0.0,0.0,5.75,0.0,0.0,-2.41,0.0,0.0,17.67,0.0,0.0,-10.33,0.0,-0.006221472233333333,,99.67692,3.03822565e-05,0.0,83.5035952,0.000157679033,218.355123,0.0,0.299694832,99.99998999999998,100.0,False
2026-07-03 01:00:00,0.0,86.0,88.38,90.0,122.5,122.5,,0.0,0.0,0.0,,0.0,0.0,0.0,0.0,0.0,0.0,5.63806,5.02,14.1515306,0.0,1.9,0.0,0.0,0.1,0.0,0.0,5.75,0.0,0.0,-2.41,0.0,0.0,17.67,0.0,0.0,-10.33,0.0,-0.0062134444666666665,,99.67692,6.25245855e-05,0.0,83.5036718,0.000315154608,218.355376,0.0,0.616751265,99.99998999999998,100.0,False
2026-07-03 01:30:00,0.0,86.0,89.65,90.8,122.5,122.5,,0.0,0.0,0.0,,0.0,0.0,0.0,0.0,0.0,0.0,5.63562,5.02,14.1454062,0.0,1.9,0.0,0.0,0.1,0.0,0.0,5.75,0.0,0.0,-2.41,0.0,0.0,17.67,0.0,0.0,-10.33,0.0,-0.0062376944666666665,,99.67692,9.36465573e-05,0.0,83.5037532,0.000473244783,218.355528,0.0,0.923742752,99.99998999999998,100.0,False
2026-07-03 02:00:00,0.0,84.0,87.67,87.68,120.9,120.9,,0.0,0.0,0.0,,0.0,0.0,0.0,0.0,0.0,0.0,5.63573,5.02,14.145682299999997,0.0,1.9,0.0,0.0,0.1,0.0,0.0,5.75,0.0,0.0,-2.41,0.0,0.0,17.67,0.0,0.0,-10.33,0.0,-0.0061446667,,99.67692,0.000122978123,0.0,83.5038217,0.00062897723,218.355832,0.0,1.21307342,99.99998999999998,100.0,False
2026-07-03 02:30:00,0.0,84.0,85.02,87.36,92.88,92.88,,0.0,0.0,0.0,,0.0,0.0,0.0,0.0,0.0,0.0,5.63704,5.02,14.148970399999998,0.0,1.9,0.0,0.0,0.1,0.0,0.0,5.75,0.0,0.0,-2.41,0.0,0.0,17.67,0.0,0.0,-10.33,0.0,-0.006195972233333333,,99.67692,0.000153670587,0.0,83.503899,0.000786009985,218.356035,0.0,1.51582818,99.99998999999998,100.0,False
2026-07-03 03:00:00,0.0,82.6,82.57,87.45,120.9,120.9,,0.0,0.0,0.0,,0.0,0.0,0.0,0.0,0.0,0.0,5.63435,5.02,14.1422185,0.0,1.42,0.0,0.0,0.68,0.0,0.0,5.39,0.0,0.0,-2.08,0.0,0.0,2.46,0.0,0.0,-11.0,0.0,-0.0062023889,,99.67692,0.000192412289,0.0,83.5039797,0.000943205365,218.356339,0.0,1.89798176,99.99998999999998,100.0,False
2026-07-03 03:30:00,0.0,82.6,84.06,86.26,121.0,121.0,,0.0,0.0,0.0,,0.0,0.0,0.0,0.0,0.0,0.0,5.63453,5.02,14.142670299999999,0.0,1.42,0.0,0.0,0.68,0.0,0.0,5.39,0.0,0.0,-2.08,0.0,0.0,2.46,0.0,0.0,-11.0,0.0,-0.006209888966666667,,99.67692,0.000228646769,0.0,83.5040523,0.00110059082,218.356592,0.0,2.25540374,99.99998999999998,100.0,False
2026-07-03 04:00:00,0.0,83.7,85.64,87.5,124.9,124.9,,0.0,0.0,0.0,,0.0,0.0,0.0,0.0,0.0,0.0,5.6345600000000005,5.02,14.1427456,0.0,1.42,0.0,0.0,0.68,0.0,0.0,5.39,0.0,0.0,-2.08,0.0,0.0,2.46,0.0,0.0,-11.0,0.0,-0.006213916633333334,,99.67692,0.000265111826,0.0,83.5041329,0.00125807837,218.356897,0.0,2.61510017,99.99998999999998,100.0,False
2026-07-03 04:30:00,0.0,83.7,88.11,85.47,120.5,120.5,,0.0,0.0,0.0,,0.0,0.0,0.0,0.0,0.0,0.0,5.63075,5.02,14.133182499999998,0.0,1.42,0.0,0.0,0.68,0.0,0.0,5.39,0.0,0.0,-2.08,0.0,0.0,2.46,0.0,0.0,-11.0,0.0,-0.006186555566666667,,99.67692,0.000305283556,0.0,83.5042042,0.00141487246,218.357049,0.0,3.01135974,99.99998999999998,100.0,False
2026-07-03 05:00:00,0.0,89.16,89.68,92.3,89.33,89.33,,0.0,0.0,0.0,,0.0,0.0,0.0,0.0,0.0,0.0,5.62358,5.02,14.115185799999997,0.0,1.42,0.0,0.0,0.68,0.0,0.0,5.39,0.0,0.0,-2.08,0.0,0.0,2.46,0.0,0.0,-11.0,0.0,-0.006183611166666668,,99.67692,0.00034450941,0.0,83.5042788,0.00157159193,218.357403,0.0,3.39828905,99.99998999999998,100.0,False
2026-07-03 05:30:00,0.0,89.16,91.97,92.3,96.0,96.0,,0.0,0.0,0.0,,0.0,0.0,0.0,0.0,0.0,0.0,5.62848,5.02,14.127484799999998,0.0,1.42,0.0,0.0,0.68,0.0,0.0,5.39,0.0,0.0,-2.08,0.0,0.0,2.46,0.0,0.0,-11.0,0.0,-0.006189805600000001,,99.67692,0.000388258142,0.0,83.5043433,0.0017284684,218.357606,0.0,3.82983267,99.99998999999998,100.0,False
2026-07-03 06:00:00,0.0,93.5,99.33,100.05,87.81,87.81,,0.0,0.0,0.0,,0.0,0.0,0.0,0.0,0.0,0.0,5.62648,5.02,14.1224648,0.0,1.42,0.0,0.0,0.68,0.0,0.0,5.39,0.0,0.0,-2.08,0.0,0.0,2.46,0.0,0.0,-11.0,0.0,-0.006136111133333334,,99.67692,0.000429026656,0.0,83.5044186,0.001883984,218.357961,0.0,4.231979,99.99998999999998,100.0,False
2026-07-03 06:30:00,0.0,93.5,106.4,114.4,121.0,121.0,,0.0,0.0,0.0,,0.0,0.0,0.0,0.0,0.0,0.0,5.626270000000001,5.02,14.1219377,0.0,1.42,0.0,0.0,0.68,0.0,0.0,5.39,0.0,0.0,-2.08,0.0,0.0,2.46,0.0,0.0,-11.0,0.0,-0.006182277766666667,,99.67692,0.000471736908,0.0,83.5044906,0.00204066969,218.358062,0.0,4.6532789,99.99998999999998,100.0,False
2026-07-03 07:00:00,0.0,98.31,113.29,113.3,120.5,120.5,,0.0,0.0,0.0,,0.0,0.0,0.0,0.0,0.0,0.0,5.625649999999999,5.02,14.120381499999997,0.0,2.27,0.0,0.0,1.0,0.0,0.0,7.88,0.0,0.0,-3.04,0.0,0.0,15.31,0.0,0.0,-12.82,0.0,-0.006139916766666666,,99.67692,0.000506578432,0.0,83.5045551,0.00219628175,218.358417,0.0,4.99696057,99.99998999999998,100.0,False
2026-07-03 07:30:00,0.0,98.31,115.0,114.94,120.5,120.5,,0.0,0.0,0.0,,0.0,0.0,0.0,0.0,0.0,0.0,5.63046,5.02,14.132454599999999,0.0,2.27,0.0,0.0,1.0,0.0,0.0,7.88,0.0,0.0,-3.04,0.0,0.0,15.31,0.0,0.0,-12.82,0.0,-0.00621325,,99.67692,0.000538148041,0.0,83.5046465,0.00235375239,218.358671,0.0,5.30836762,99.99998999999998,100.0,False
2026-07-03 08:00:00,0.0,99.1,110.0,115.51,85.33,85.33,,0.0,0.0,0.0,,0.0,0.0,0.0,0.0,0.0,0.0,5.62878,5.02,14.128237799999999,0.0,2.27,0.0,0.0,1.0,0.0,0.0,7.88,0.0,0.0,-3.04,0.0,0.0,15.31,0.0,0.0,-12.82,0.0,-0.006218416733333333,,99.67692,0.000565685177,0.0,83.5047596,0.00251135399,218.358874,0.0,5.57999778,99.99998999999998,100.0,False
2026-07-03 08:30:00,0.0,99.1,109.0,105.51,56.15,56.15,,0.0,0.0,0.0,,0.0,0.0,0.0,0.0,0.0,0.0,5.626270000000001,5.02,14.1219377,0.0,2.27,0.0,0.0,1.0,0.0,0.0,7.88,0.0,0.0,-3.04,0.0,0.0,15.31,0.0,0.0,-12.82,0.0,-0.0061196666666666665,,99.67692,0.000589609736,0.0,83.5049043,0.00266645283,218.359177,0.0,5.81599298,99.99998999999998,100.0,False
2026-07-03 09:00:00,0.0,91.87,100.96,102.65,77.89,77.89,,0.0,0.0,0.0,,0.0,0.0,0.0,0.0,0.0,0.0,5.627800000000001,5.02,14.125778,0.0,2.27,0.0,0.0,1.0,0.0,0.0,7.88,0.0,0.0,-3.04,0.0,0.0,15.31,0.0,0.0,-12.82,0.0,-0.006075472266666666,,99.67692,0.000623085625,0.0,83.5050572,0.0028204316,218.359482,0.0,6.14620384,99.99998999999998,100.0,False
2026-07-03 09:30:00,0.0,91.87,99.87,98.03,106.55,106.55,,0.0,0.0,0.0,,0.0,0.0,0.0,0.0,0.0,0.0,5.62668,5.02,14.1229668,0.0,2.27,0.0,0.0,1.0,0.0,0.0,7.88,0.0,0.0,-3.04,0.0,0.0,15.31,0.0,0.0,-12.82,0.0,-0.006158527833333333,,99.67692,0.000658033142,0.0,83.505206,0.00297651533,218.359735,0.0,6.49093104,99.99998999999998,100.0,False
2026-07-03 10:00:00,0.0,79.59,97.0,96.02,114.8,114.8,,0.0,0.0,0.0,,0.0,0.0,0.0,0.0,0.0,0.0,5.6267700000000005,5.02,14.1231927,0.0,2.27,0.0,0.0,1.0,0.0,0.0,7.88,0.0,0.0,-3.04,0.0,0.0,15.31,0.0,0.0,-12.82,0.0,-0.0061397222666666655,,99.67692,0.000690361825,0.0,83.5053447,0.00313212248,218.359989,0.0,6.80982569,99.99998999999998,100.0,False
2026-07-03 10:30:00,0.0,79.59,95.5,88.48,120.0,120.0,,0.0,0.0,0.0,,0.0,0.0,0.0,0.0,0.0,0.0,5.627020000000001,5.02,14.1238202,0.0,2.27,0.0,0.0,1.0,0.0,0.0,7.88,0.0,0.0,-3.04,0.0,0.0,15.31,0.0,0.0,-12.82,0.0,-0.006107749966666666,,99.67692,0.000725464105,0.0,83.5055109,0.00328691929,218.360243,0.0,7.1560795,99.99998999999998,100.0,False
2026-07-03 11:00:00,0.0,71.0,85.0,75.0,120.0,120.0,,0.0,0.0,0.0,,0.0,0.0,0.0,0.0,0.0,0.0,3.6115500000000003,5.02,9.0649905,0.0,1.82,0.0,0.0,4.85,0.0,0.0,5.47,0.0,0.0,3.49,0.0,0.0,12.28,0.0,0.0,0.74,0.0,-0.006150277766666667,,99.67692,0.000757953854,0.0,83.5056772,0.00344279395,218.360546,0.0,7.47656293,99.99998999999998,100.0,False
2026-07-03 11:30:00,0.0,71.0,83.4,70.0,117.0,117.0,,0.0,0.0,0.0,,0.0,0.0,0.0,0.0,0.0,0.0,3.03041,5.02,7.606329099999999,0.0,1.82,0.0,0.0,4.85,0.0,0.0,5.47,0.0,0.0,3.49,0.0,0.0,12.28,0.0,0.0,0.74,0.0,-0.0060953612,,99.67692,0.000788390148,0.0,83.5058024,0.00359727678,218.3608,0.0,7.77679079,99.99998999999998,100.0,False
2026-07-03 12:00:00,0.0,63.41,74.8,72.5,65.5,65.5,,0.0,0.0,0.0,,0.0,0.0,0.0,0.0,0.0,0.0,2.6225300000000002,5.02,6.5825503,0.0,1.82,0.0,0.0,4.85,0.0,0.0,5.47,0.0,0.0,3.49,0.0,0.0,12.28,0.0,0.0,0.74,0.0,-0.006054083266666667,,99.67692,0.000827121886,0.0,83.5058871,0.00375071346,218.361104,0.0,8.15884608,99.99998999999998,100.0,False
2026-07-03 12:30:00,0.0,63.41,75.49,70.0,117.0,117.0,,0.0,0.0,0.0,,0.0,0.0,0.0,0.0,0.0,0.0,1.70282,5.02,4.2740782,0.0,1.82,0.0,0.0,4.85,0.0,0.0,5.47,0.0,0.0,3.49,0.0,0.0,12.28,0.0,0.0,0.74,0.0,-0.006007222233333334,,99.67692,0.000865587027,0.0,83.505967,0.00390296247,218.361307,0.0,8.53827162,99.99998999999998,100.0,False
2026-07-03 13:00:00,0.0,59.58,71.0,70.0,69.75,69.75,,0.0,0.0,0.0,,0.0,0.0,0.0,0.0,0.0,0.0,0.7321599999999999,5.02,1.8377215999999996,0.0,1.82,0.0,0.0,4.85,0.0,0.0,5.47,0.0,0.0,3.49,0.0,0.0,12.28,0.0,0.0,0.74,0.0,-0.006098722333333334,,99.67692,0.000903922661,0.0,83.5060213,0.00405753049,218.36156,0.0,8.91641968,99.99998999999998,100.0,False
2026-07-03 13:30:00,0.0,59.58,74.01,67.94,43.79,43.79,,0.0,0.0,0.0,,0.0,0.0,0.0,0.0,0.0,0.0,1.52699,5.02,3.8327449,0.0,1.82,0.0,0.0,4.85,0.0,0.0,5.47,0.0,0.0,3.49,0.0,0.0,12.28,0.0,0.0,0.74,0.0,-0.006144027766666667,,99.67692,0.000951730741,0.0,83.5060547,0.00421324674,218.361864,0.0,9.38800527,99.99998999999998,100.0,False
2026-07-03 14:00:00,0.0,59.74,70.7,74.0,-11.49,-11.49,,0.0,0.0,0.0,,0.0,0.0,0.0,0.0,0.0,0.0,0.53492,5.02,1.3426491999999997,0.0,1.82,0.0,0.0,4.85,0.0,0.0,5.47,0.0,0.0,3.49,0.0,0.0,12.28,0.0,0.0,0.74,0.0,-0.006083722166666666,,99.67692,0.000996433789,0.0,83.506096,0.00436743459,218.36222,0.0,9.8289624,99.99998999999998,100.0,False
2026-07-03 14:30:00,0.0,59.74,72.0,70.1,60.84,60.84,,0.0,0.0,0.0,,0.0,0.0,0.0,0.0,0.0,0.0,1.71956,5.02,4.3160956,0.0,1.82,0.0,0.0,4.85,0.0,0.0,5.47,0.0,0.0,3.49,0.0,0.0,12.28,0.0,0.0,0.74,0.0,-0.0060704166,,99.67692,0.00103948681,0.0,83.5061449,0.00452128522,218.362422,0.0,10.2536434,99.99998999999998,100.0,False
2026-07-03 15:00:00,0.0,68.6,77.97,69.6,113.6,113.6,,0.0,0.0,0.0,,0.0,0.0,0.0,0.0,0.0,0.0,2.18363,5.02,5.4809113,0.0,1.23,0.0,0.0,2.97,0.0,0.0,9.09,0.0,0.0,1.94,0.0,0.0,8.67,0.0,0.0,-5.3,0.0,-0.006020333366666668,,99.67692,0.00108531504,0.0,83.5061843,0.00467386652,218.362726,0.0,10.7056995,99.99998999999998,100.0,False
2026-07-03 15:30:00,0.0,68.6,77.52,70.0,116.47,116.47,,0.0,0.0,0.0,,0.0,0.0,0.0,0.0,0.0,0.0,2.41754,5.02,6.068025399999999,0.0,1.23,0.0,0.0,2.97,0.0,0.0,9.09,0.0,0.0,1.94,0.0,0.0,8.67,0.0,0.0,-5.3,0.0,-0.0060508611333333325,,99.67692,0.00111760013,0.0,83.5062338,0.00482722153,218.363031,0.0,11.0241641,99.99998999999998,100.0,False
2026-07-03 16:00:00,0.0,82.06,85.22,80.99,102.39,102.39,,0.0,0.0,0.0,,0.0,0.0,0.0,0.0,0.0,0.0,2.17724,5.02,5.464872399999999,0.0,1.23,0.0,0.0,2.97,0.0,0.0,9.09,0.0,0.0,1.94,0.0,0.0,8.67,0.0,0.0,-5.3,0.0,-0.006054861133333333,,99.67692,0.00115403078,0.0,83.5062841,0.00498067792,218.363284,0.0,11.3835212,99.99998999999998,100.0,False
2026-07-03 16:30:00,0.0,82.06,93.9,94.1,117.0,117.0,,0.0,0.0,0.0,,0.0,0.0,0.0,0.0,0.0,0.0,2.78871,5.02,6.999662099999999,0.0,1.23,0.0,0.0,2.97,0.0,0.0,9.09,0.0,0.0,1.94,0.0,0.0,8.67,0.0,0.0,-5.3,0.0,-0.006066861266666667,,99.67692,0.0011835486,0.0,83.5063391,0.00513443845,218.363537,0.0,11.6746891,99.99998999999998,100.0,False
2026-07-03 17:00:00,0.0,95.97,103.63,100.99,107.25,107.25,,0.0,0.0,0.0,,0.0,0.0,0.0,0.0,0.0,0.0,2.56278,5.02,6.4325778,0.0,1.23,0.0,0.0,2.97,0.0,0.0,9.09,0.0,0.0,1.94,0.0,0.0,8.67,0.0,0.0,-5.3,0.0,-0.006014361133333333,,99.67692,0.00121439276,0.0,83.5063948,0.0052868684,218.36379,0.0,11.9789402,99.99998999999998,100.0,False
2026-07-03 17:30:00,0.0,95.97,107.4,106.35,117.0,117.0,,0.0,0.0,0.0,,0.0,0.0,0.0,0.0,0.0,0.0,2.39298,5.02,6.0063797999999995,0.0,1.23,0.0,0.0,2.97,0.0,0.0,9.09,0.0,0.0,1.94,0.0,0.0,8.67,0.0,0.0,-5.3,0.0,-0.006001889,,99.67692,0.00124523842,0.0,83.5064552,0.0054389822,218.364044,0.0,12.2832061,99.99998999999998,100.0,False
2026-07-03 18:00:00,0.0,113.08,105.03,104.0,80.11,80.11,,0.0,0.0,0.0,,0.0,0.0,0.0,0.0,0.0,0.0,4.38464,5.02,11.005446399999999,0.0,1.23,0.0,0.0,2.97,0.0,0.0,9.09,0.0,0.0,1.94,0.0,0.0,8.67,0.0,0.0,-5.3,0.0,-0.006120805533333333,,99.67692,0.00127724775,0.0,83.5065049,0.00559410995,218.364247,0.0,12.5989506,99.99998999999998,100.0,False
2026-07-03 18:30:00,0.0,113.08,105.0,106.0,70.0,70.0,,0.0,0.0,0.0,,0.0,0.0,0.0,0.0,0.0,0.0,4.6358999999999995,5.02,11.636108999999998,0.0,1.23,0.0,0.0,2.97,0.0,0.0,9.09,0.0,0.0,1.94,0.0,0.0,8.67,0.0,0.0,-5.3,0.0,-0.006054666733333333,,99.67692,0.00130492399,0.0,83.506568,0.00574756135,218.364551,0.0,12.8719529,99.99998999999998,100.0,False
2026-07-03 19:00:00,0.0,118.38,117.29,117.28,70.0,70.0,,0.0,0.0,0.0,,0.0,0.0,0.0,0.0,0.0,0.0,4.92293,5.02,12.356554299999999,0.0,5.11,0.0,0.0,0.01,0.0,0.0,10.52,0.0,0.0,-3.5,0.0,0.0,17.43,0.0,0.0,-15.54,0.0,-0.006169749999999999,,99.67692,0.00132283505,0.0,83.5066453,0.00590392955,218.364754,0.0,13.0486301,99.99998999999998,100.0,False
2026-07-03 19:30:00,0.0,118.38,117.8,118.77,159.0,159.0,,0.0,0.0,0.0,,0.0,0.0,0.0,0.0,0.0,0.0,5.214600000000001,5.02,13.088646,0.0,5.11,0.0,0.0,0.01,0.0,0.0,10.52,0.0,0.0,-3.5,0.0,0.0,17.43,0.0,0.0,-15.54,0.0,-0.0061410278000000006,,99.67692,0.00134243624,0.0,83.5067246,0.00605956975,218.365007,0.0,13.241979,99.99998999999998,100.0,False
2026-07-03 20:00:00,0.0,121.35,119.4,121.48,154.21,154.21,,0.0,0.0,0.0,,0.0,0.0,0.0,0.0,0.0,0.0,5.37671,5.02,13.4955421,0.0,5.11,0.0,0.0,0.01,0.0,0.0,10.52,0.0,0.0,-3.5,0.0,0.0,17.43,0.0,0.0,-15.54,0.0,-0.006226861100000001,,99.67692,0.00136338624,0.0,83.5068006,0.0062173854,218.36526,0.0,13.4486327,99.99998999999998,100.0,False
2026-07-03 20:30:00,0.0,121.35,118.9,119.86,150.0,150.0,,0.0,0.0,0.0,,0.0,0.0,0.0,0.0,0.0,0.0,5.50546,5.02,13.8187046,0.0,5.11,0.0,0.0,0.01,0.0,0.0,10.52,0.0,0.0,-3.5,0.0,0.0,17.43,0.0,0.0,-15.54,0.0,-0.006192999966666667,,99.67692,0.00138586535,0.0,83.5068618,0.0063743428,218.365565,0.0,13.6703698,99.99998999999998,100.0,False
2026-07-03 21:00:00,0.0,122.45,118.9,119.89,147.0,147.0,,0.0,0.0,0.0,,0.0,0.0,0.0,0.0,0.0,0.0,5.61555,5.02,14.095030499999998,0.0,5.11,0.0,0.0,0.01,0.0,0.0,10.52,0.0,0.0,-3.5,0.0,0.0,17.43,0.0,0.0,-15.54,0.0,-0.006200416666666667,,99.67692,0.00140186434,0.0,83.5069269,0.0065314882,218.365666,0.0,13.8281861,99.99998999999998,100.0,False
2026-07-03 21:30:00,0.0,122.45,117.54,118.93,134.0,134.0,,0.0,0.0,0.0,,0.0,0.0,0.0,0.0,0.0,0.0,5.643890000000001,5.02,14.1661639,0.0,5.11,0.0,0.0,0.01,0.0,0.0,10.52,0.0,0.0,-3.5,0.0,0.0,17.43,0.0,0.0,-15.54,0.0,-0.006222611133333333,,99.67692,0.00141552204,0.0,83.507011,0.0066891961,218.366021,0.0,13.9629076,99.99998999999998,100.0,False
2026-07-03 22:00:00,0.0,111.51,113.6,113.97,121.45,121.45,,0.0,0.0,0.0,,0.0,0.0,0.0,0.0,0.0,0.0,5.63709,5.02,14.149095899999999,0.0,5.11,0.0,0.0,0.01,0.0,0.0,10.52,0.0,0.0,-3.5,0.0,0.0,17.43,0.0,0.0,-15.54,0.0,-0.006194333333333333,,99.67692,0.00143745725,0.0,83.5070803,0.00684618735,218.366173,0.0,14.1792796,99.99998999999998,100.0,False
2026-07-03 22:30:00,0.0,111.51,107.62,105.81,74.0,74.0,,0.0,0.0,0.0,,0.0,0.0,0.0,0.0,0.0,0.0,5.637479999999999,5.02,14.150074799999997,0.0,5.11,0.0,0.0,0.01,0.0,0.0,10.52,0.0,0.0,-3.5,0.0,0.0,17.43,0.0,0.0,-15.54,0.0,-0.0061649444,,99.67692,0.00145735815,0.0,83.5071603,0.0070024337,218.366477,0.0,14.3755848,99.99998999999998,100.0,False
2026-07-03 23:00:00,0.0,106.8,104.72,107.13,128.0,128.0,,0.0,0.0,0.0,,0.0,0.0,0.0,0.0,0.0,0.0,5.634930000000001,5.02,14.1436743,0.0,3.86,0.0,0.0,0.1,0.0,0.0,10.57,0.0,0.0,0.04,0.0,0.0,22.88,0.0,0.0,-12.6,0.0,-0.006154500033333334,,99.67692,0.00147795138,0.0,83.5072335,0.0071584154,218.366731,0.0,14.5787193,99.99998999999998,100.0,False
2026-07-03 23:30:00,0.0,106.8,105.0,107.09,124.45,124.45,,0.0,0.0,0.0,,0.0,0.0,0.0,0.0,0.0,0.0,5.637449999999999,5.02,14.149999499999998,0.0,3.86,0.0,0.0,0.1,0.0,0.0,10.57,0.0,0.0,0.04,0.0,0.0,22.88,0.0,0.0,-12.6,0.0,-0.006209611166666667,,99.67692,0.00149910361,0.0,83.5073135,0.00731579375,218.367034,0.0,14.7873679,99.99998999999998,100.0,False
2026-07-04 00:00:00,0.0,104.16,104.1,109.1,135.01,135.01,,0.0,0.0,0.0,,0.0,0.0,0.0,0.0,0.0,0.0,5.63492,5.02,14.143649199999999,0.0,3.86,0.0,0.0,0.1,0.0,0.0,10.57,0.0,0.0,0.04,0.0,0.0,22.88,0.0,0.0,-12.6,0.0,-0.006172583233333334,,99.67692,0.00152478083,0.0,83.5073894,0.00747223375,218.367187,0.0,15.0406516,99.99998999999998,100.0,False
2026-07-04 00:30:00,0.0,104.16,106.18,107.13,144.0,144.0,,0.0,0.0,0.0,,0.0,0.0,0.0,0.0,0.0,0.0,5.63504,5.02,14.1439504,0.0,3.86,0.0,0.0,0.1,0.0,0.0,10.57,0.0,0.0,0.04,0.0,0.0,22.88,0.0,0.0,-12.6,0.0,-0.006174277733333334,,99.67692,2.28435657e-05,0.0,83.5074586,0.000156482921,218.367542,0.0,0.22533213,99.99998999999998,100.0,False
2026-07-04 01:00:00,0.0,99.6,103.76,104.16,144.0,144.0,,0.0,0.0,0.0,,0.0,0.0,0.0,0.0,0.0,0.0,5.63454,5.02,14.1426954,0.0,3.86,0.0,0.0,0.1,0.0,0.0,10.57,0.0,0.0,0.04,0.0,0.0,22.88,0.0,0.0,-12.6,0.0,-0.006211555566666666,,99.67692,4.70327986e-05,0.0,83.5075466,0.000313910622,218.367795,0.0,0.46393811,99.99998999999998,100.0,False
2026-07-04 01:30:00,0.0,99.6,99.39,101.21,118.95,118.95,,0.0,0.0,0.0,,0.0,0.0,0.0,0.0,0.0,0.0,5.6348400000000005,5.02,14.1434484,0.0,3.86,0.0,0.0,0.1,0.0,0.0,10.57,0.0,0.0,0.04,0.0,0.0,22.88,0.0,0.0,-12.6,0.0,-0.006217722233333334,,99.67692,6.35921796e-05,0.0,83.5076219,0.000471494615,218.367947,0.0,0.627282162,99.99998999999998,100.0,False
2026-07-04 02:00:00,0.0,89.44,92.18,94.0,75.57,75.57,,0.0,0.0,0.0,,0.0,0.0,0.0,0.0,0.0,0.0,5.6346300000000005,5.02,14.1429213,0.0,3.86,0.0,0.0,0.1,0.0,0.0,10.57,0.0,0.0,0.04,0.0,0.0,22.88,0.0,0.0,-12.6,0.0,-0.006257777799999999,,99.67692,8.38997371e-05,0.0,83.5076998,0.00063009379,218.368201,0.0,0.827598753,99.99998999999998,100.0,False
2026-07-04 02:30:00,0.0,89.44,82.65,82.89,99.31,99.31,,0.0,0.0,0.0,,0.0,0.0,0.0,0.0,0.0,0.0,5.63605,5.02,14.146485499999999,0.0,3.86,0.0,0.0,0.1,0.0,0.0,10.57,0.0,0.0,0.04,0.0,0.0,22.88,0.0,0.0,-12.6,0.0,-0.0061755555333333325,,99.67692,0.000100906015,0.0,83.507765,0.00078660909,218.368606,0.0,0.99535106,99.99998999999998,100.0,False
2026-07-04 03:00:00,0.0,82.0,80.96,78.4,92.38,92.38,,0.0,0.0,0.0,,0.0,0.0,0.0,0.0,0.0,0.0,5.63478,5.02,14.1432978,0.0,5.14,0.0,0.0,3.81,0.0,0.0,11.82,0.0,0.0,-0.63,0.0,0.0,26.34,0.0,0.0,-6.68,0.0,-0.0062003888000000005,,99.67692,0.000126603944,0.0,83.5078476,0.00094375378,218.368656,0.0,1.24883903,99.99998999999998,100.0,False
2026-07-04 03:30:00,0.0,82.0,72.97,67.4,82.14,82.14,,0.0,0.0,0.0,,0.0,0.0,0.0,0.0,0.0,0.0,5.63737,5.02,14.149798699999998,0.0,5.14,0.0,0.0,3.81,0.0,0.0,11.82,0.0,0.0,-0.63,0.0,0.0,26.34,0.0,0.0,-6.68,0.0,-0.006213555533333334,,99.67692,0.000154033572,0.0,83.5079282,0.00110123217,218.369062,0.0,1.51940872,99.99998999999998,100.0,False
2026-07-04 04:00:00,0.0,73.62,71.0,63.65,77.7,77.7,,0.0,0.0,0.0,,0.0,0.0,0.0,0.0,0.0,0.0,5.63565,5.02,14.145481499999999,0.0,5.14,0.0,0.0,3.81,0.0,0.0,11.82,0.0,0.0,-0.63,0.0,0.0,26.34,0.0,0.0,-6.68,0.0,-0.006190194333333334,,99.67692,0.000181116656,0.0,83.5080035,0.00125811849,218.369264,0.0,1.78656005,99.99998999999998,100.0,False
2026-07-04 04:30:00,0.0,73.62,62.54,54.8,67.61,67.61,,0.0,0.0,0.0,,0.0,0.0,0.0,0.0,0.0,0.0,5.623810000000001,5.02,14.1157631,0.0,5.14,0.0,0.0,3.81,0.0,0.0,11.82,0.0,0.0,-0.63,0.0,0.0,26.34,0.0,0.0,-6.68,0.0,-0.006181361166666666,,99.67692,0.000205018222,0.0,83.5080929,0.00141478093,218.369518,0.0,2.02232844,99.99998999999998,100.0,False
2026-07-04 05:00:00,0.0,66.64,58.9,50.31,34.95,34.95,,0.0,0.0,0.0,,0.0,0.0,0.0,0.0,0.0,0.0,5.535310000000001,5.02,13.8936281,0.0,5.14,0.0,0.0,3.81,0.0,0.0,11.82,0.0,0.0,-0.63,0.0,0.0,26.34,0.0,0.0,-6.68,0.0,-0.006236138966666666,,99.67692,0.00022847785,0.0,83.5081836,0.00157283168,218.369772,0.0,2.2537375,99.99998999999998,100.0,False
2026-07-04 05:30:00,0.0,66.64,60.0,45.1,29.66,29.66,,0.0,0.0,0.0,,0.0,0.0,0.0,0.0,0.0,0.0,5.39588,5.02,13.5436588,0.0,5.14,0.0,0.0,3.81,0.0,0.0,11.82,0.0,0.0,-0.63,0.0,0.0,26.34,0.0,0.0,-6.68,0.0,-0.006170000033333334,,99.67692,0.000254100991,0.0,83.5082582,0.00172920618,218.370025,0.0,2.50648775,99.99998999999998,100.0,False
2026-07-04 06:00:00,0.0,59.38,55.62,52.5,-6.7,-6.7,,0.0,0.0,0.0,,0.0,0.0,0.0,0.0,0.0,0.0,5.16998,5.02,12.976649799999999,0.0,5.14,0.0,0.0,3.81,0.0,0.0,11.82,0.0,0.0,-0.63,0.0,0.0,26.34,0.0,0.0,-6.68,0.0,-0.006122972133333334,,99.67692,0.000280860478,0.0,83.5083421,0.0018843888,218.370177,0.0,2.77044708,99.99998999999998,100.0,False
2026-07-04 06:30:00,0.0,59.38,50.76,52.4,80.46,80.46,,0.0,0.0,0.0,,0.0,0.0,0.0,0.0,0.0,0.0,4.97992,5.02,12.499599199999999,0.0,5.14,0.0,0.0,3.81,0.0,0.0,11.82,0.0,0.0,-0.63,0.0,0.0,26.34,0.0,0.0,-6.68,0.0,-0.006143111133333334,,99.67692,0.000314061018,0.0,83.5084154,0.00204008183,218.370431,0.0,3.09794185,99.99998999999998,100.0,False
2026-07-04 07:00:00,0.0,42.06,14.33,11.47,18.17,18.17,,0.0,0.0,0.0,,0.0,0.0,0.0,0.0,0.0,0.0,4.4413100000000005,5.02,11.1476881,0.0,5.03,0.0,0.0,4.97,0.0,0.0,9.63,0.0,0.0,4.0,0.0,0.0,13.47,0.0,0.0,4.0,0.0,-0.006091999933333332,,99.67692,0.000339249515,0.0,83.5085008,0.00219447947,218.370836,0.0,3.34640471,99.99998999999998,100.0,False
2026-07-04 07:30:00,0.0,42.06,14.33,20.53,15.6,15.6,,0.0,0.0,0.0,,0.0,0.0,0.0,0.0,0.0,0.0,3.69186,5.02,9.2665686,0.0,5.03,0.0,0.0,4.97,0.0,0.0,9.63,0.0,0.0,4.0,0.0,0.0,13.47,0.0,0.0,4.0,0.0,-0.0060979167,,99.67692,0.000368027692,0.0,83.5085942,0.00234902706,218.370937,0.0,3.63027668,99.99998999999998,100.0,False
2026-07-04 08:00:00,0.0,14.0,11.2,10.5,-6.53,-6.53,,0.0,0.0,0.0,,0.0,0.0,0.0,0.0,0.0,0.0,2.99106,5.02,7.5075606,0.0,5.03,0.0,0.0,4.97,0.0,0.0,9.63,0.0,0.0,4.0,0.0,0.0,13.47,0.0,0.0,4.0,0.0,-0.006040861066666667,,99.67692,0.000396747222,0.0,83.5086674,0.00250212863,218.371242,0.0,3.91357014,99.99998999999998,100.0,False
2026-07-04 08:30:00,0.0,14.0,6.2,5.5,-6.53,-6.53,,0.0,0.0,0.0,,0.0,0.0,0.0,0.0,0.0,0.0,3.3684499999999997,5.02,8.454809499999998,0.0,5.03,0.0,0.0,4.97,0.0,0.0,9.63,0.0,0.0,4.0,0.0,0.0,13.47,0.0,0.0,4.0,0.0,-0.006130388833333333,,99.67692,0.000420325514,0.0,83.5087433,0.00265749922,218.371546,0.0,4.14614972,99.99998999999998,100.0,False
2026-07-04 09:00:00,0.0,4.65,7.5,6.97,-10.31,-10.31,,0.0,0.0,0.0,,0.0,0.0,0.0,0.0,0.0,0.0,2.0611599999999997,5.02,5.1735115999999985,0.0,5.03,0.0,0.0,4.97,0.0,0.0,9.63,0.0,0.0,4.0,0.0,0.0,13.47,0.0,0.0,4.0,0.0,-0.0060824445,,99.67692,0.000445012205,0.0,83.5088017,0.00281165469,218.371748,0.0,4.38966269,99.99998999999998,100.0,False
2026-07-04 09:30:00,0.0,4.65,3.0,3.08,-12.39,-12.39,,0.0,0.0,0.0,,0.0,0.0,0.0,0.0,0.0,0.0,0.98198,5.02,2.4647697999999996,0.0,5.03,0.0,0.0,4.97,0.0,0.0,9.63,0.0,0.0,4.0,0.0,0.0,13.47,0.0,0.0,4.0,0.0,-0.0061295277999999995,,99.67692,0.000474220184,0.0,83.5088702,0.00296700346,218.372002,0.0,4.67777429,99.99998999999998,100.0,False
2026-07-04 10:00:00,0.0,1.0,3.38,4.02,-11.47,-11.47,,0.0,0.0,0.0,,0.0,0.0,0.0,0.0,0.0,0.0,0.38018,5.02,0.9542518,0.0,5.03,0.0,0.0,4.97,0.0,0.0,9.63,0.0,0.0,4.0,0.0,0.0,13.47,0.0,0.0,4.0,0.0,-0.006170111133333334,,99.67692,0.000501747556,0.0,83.508944,0.00312338077,218.372357,0.0,4.94930814,99.99998999999998,100.0,False
2026-07-04 10:30:00,0.0,1.0,0.63,0.86,-3.96,-3.96,,0.0,0.0,0.0,,0.0,0.0,0.0,0.0,0.0,0.0,0.49228,5.02,1.2356227999999998,0.0,5.03,0.0,0.0,4.97,0.0,0.0,9.63,0.0,0.0,4.0,0.0,0.0,13.47,0.0,0.0,4.0,0.0,-0.006157611100000001,,99.67692,0.00052975267,0.0,83.5090184,0.00327944129,218.37256,0.0,5.2255545,99.99998999999998,100.0,False
2026-07-04 11:00:00,0.0,-2.52,1.12,3.19,121.0,121.0,,0.0,0.0,0.0,,0.0,0.0,0.0,0.0,0.0,0.0,0.23398,5.02,0.5872898,0.0,2.49,0.0,0.0,6.59,0.0,0.0,3.01,0.0,0.0,8.8,0.0,0.0,1.93,0.0,0.0,8.82,0.0,-0.006179916666666667,,99.67692,0.000560004906,0.0,83.5090754,0.00343606713,218.372915,0.0,5.52396679,99.99998999999998,100.0,False
2026-07-04 11:30:00,0.0,-2.52,-1.12,-2.33,121.0,121.0,,0.0,0.0,0.0,,0.0,0.0,0.0,0.0,0.0,0.0,0.5548500000000001,5.02,1.3926735000000001,0.0,2.49,0.0,0.0,6.59,0.0,0.0,3.01,0.0,0.0,8.8,0.0,0.0,1.93,0.0,0.0,8.82,0.0,-0.0060941389,,99.67692,0.000590883441,0.0,83.5091221,0.00359051898,218.373118,0.0,5.82855699,99.99998999999998,100.0,False
2026-07-04 12:00:00,0.0,-6.22,-3.82,-3.0,8.96,8.96,,0.0,0.0,0.0,,0.0,0.0,0.0,0.0,0.0,0.0,1.92738,5.02,4.8377238,0.0,2.49,0.0,0.0,6.59,0.0,0.0,3.01,0.0,0.0,8.8,0.0,0.0,1.93,0.0,0.0,8.82,0.0,-0.006026694433333334,,99.67692,0.00062099963,0.0,83.5091897,0.0037432615,218.373472,0.0,6.12562729,99.99998999999998,100.0,False
2026-07-04 12:30:00,0.0,-6.22,-4.74,-3.95,-20.86,-20.86,,0.0,0.0,0.0,,0.0,0.0,0.0,0.0,0.0,0.0,2.29911,5.02,5.7707661,0.0,2.49,0.0,0.0,6.59,0.0,0.0,3.01,0.0,0.0,8.8,0.0,0.0,1.93,0.0,0.0,8.82,0.0,-0.006103249933333333,,99.67692,0.000649305651,0.0,83.5092433,0.00389794427,218.373675,0.0,6.40484184,99.99998999999998,100.0,False
2026-07-04 13:00:00,0.0,-7.09,-4.94,-3.0,-18.36,-18.36,,0.0,0.0,0.0,,0.0,0.0,0.0,0.0,0.0,0.0,3.32146,5.02,8.3368646,0.0,2.49,0.0,0.0,6.59,0.0,0.0,3.01,0.0,0.0,8.8,0.0,0.0,1.93,0.0,0.0,8.82,0.0,-0.006049999966666666,,99.67692,0.000668727718,0.0,83.5093056,0.00405127745,218.373929,0.0,6.59642383,99.99998999999998,100.0,False
2026-07-04 13:30:00,0.0,-7.09,-5.34,-8.2,-16.91,-16.91,,0.0,0.0,0.0,,0.0,0.0,0.0,0.0,0.0,0.0,2.89214,5.02,7.259271399999999,0.0,2.49,0.0,0.0,6.59,0.0,0.0,3.01,0.0,0.0,8.8,0.0,0.0,1.93,0.0,0.0,8.82,0.0,-0.006094833266666666,,99.67692,0.000686920566,0.0,83.509364,0.00420574691,218.374182,0.0,6.77588063,99.99998999999998,100.0,False
2026-07-04 14:00:00,0.0,-5.88,-0.45,-1.4,-14.2,-14.2,,0.0,0.0,0.0,,0.0,0.0,0.0,0.0,0.0,0.0,2.79308,5.02,7.010630799999999,0.0,2.49,0.0,0.0,6.59,0.0,0.0,3.01,0.0,0.0,8.8,0.0,0.0,1.93,0.0,0.0,8.82,0.0,-0.0060770556,,99.67692,0.000706898712,0.0,83.5094317,0.0043597658,218.374537,0.0,6.97294786,99.99998999999998,100.0,False
2026-07-04 14:30:00,0.0,-5.88,0.45,-1.0,-14.2,-14.2,,0.0,0.0,0.0,,0.0,0.0,0.0,0.0,0.0,0.0,2.13231,5.02,5.352098099999999,0.0,2.49,0.0,0.0,6.59,0.0,0.0,3.01,0.0,0.0,8.8,0.0,0.0,1.93,0.0,0.0,8.82,0.0,-0.006094583333333334,,99.67692,0.000731286609,0.0,83.509486,0.00451422892,218.374688,0.0,7.21351349,99.99998999999998,100.0,False
2026-07-04 15:00:00,0.0,-2.77,0.59,-0.72,54.99,54.99,,0.0,0.0,0.0,,0.0,0.0,0.0,0.0,0.0,0.0,3.12231,5.02,7.8369981,0.0,1.95,0.0,0.0,7.25,0.0,0.0,5.41,0.0,0.0,8.37,0.0,0.0,10.01,0.0,0.0,18.26,0.0,-0.006027833399999999,,99.67692,0.000753209465,0.0,83.5095417,0.00466700031,218.375044,0.0,7.42976361,99.99998999999998,100.0,False
2026-07-04 15:30:00,0.0,-2.77,2.36,2.72,87.7,87.7,,0.0,0.0,0.0,,0.0,0.0,0.0,0.0,0.0,0.0,4.04425,5.02,10.151067499999998,0.0,1.95,0.0,0.0,7.25,0.0,0.0,5.41,0.0,0.0,8.37,0.0,0.0,10.01,0.0,0.0,18.26,0.0,-0.006059138833333334,,99.67692,0.000779090241,0.0,83.5096,0.00482056511,218.375348,0.0,7.68505521,99.99998999999998,100.0,False
2026-07-04 16:00:00,0.0,4.0,4.21,2.35,122.0,122.0,,0.0,0.0,0.0,,0.0,0.0,0.0,0.0,0.0,0.0,3.75958,5.02,9.4365458,0.0,1.95,0.0,0.0,7.25,0.0,0.0,5.41,0.0,0.0,8.37,0.0,0.0,10.01,0.0,0.0,18.26,0.0,-0.006089,,99.67692,0.000802315042,0.0,83.5096637,0.00497488672,218.37555,0.0,7.9141479,99.99998999999998,100.0,False
2026-07-04 16:30:00,0.0,4.0,14.7,15.89,105.0,105.0,,0.0,0.0,0.0,,0.0,0.0,0.0,0.0,0.0,0.0,3.40741,5.02,8.5525991,0.0,1.95,0.0,0.0,7.25,0.0,0.0,5.41,0.0,0.0,8.37,0.0,0.0,10.01,0.0,0.0,18.26,0.0,-0.006092611233333333,,99.67692,0.000817788246,0.0,83.5097221,0.00512929985,218.375753,0.0,8.06677775,99.99998999999998,100.0,False
2026-07-04 17:00:00,0.0,41.75,41.74,37.01,26.74,26.74,,0.0,0.0,0.0,,0.0,0.0,0.0,0.0,0.0,0.0,3.38202,5.02,8.4888702,0.0,1.95,0.0,0.0,7.25,0.0,0.0,5.41,0.0,0.0,8.37,0.0,0.0,10.01,0.0,0.0,18.26,0.0,-0.0060844166333333324,,99.67692,0.000836044058,0.0,83.5097785,0.0052835053,218.376057,0.0,8.24685563,99.99998999999998,100.0,False
2026-07-04 17:30:00,0.0,41.75,72.0,64.99,65.48,65.48,,0.0,0.0,0.0,,0.0,0.0,0.0,0.0,0.0,0.0,4.00219,5.02,10.045496899999998,0.0,1.95,0.0,0.0,7.25,0.0,0.0,5.41,0.0,0.0,8.37,0.0,0.0,10.01,0.0,0.0,18.26,0.0,-0.006065555566666666,,99.67692,0.000854656836,0.0,83.5098396,0.00543723275,218.37631,0.0,8.43045468,99.99998999999998,100.0,False
2026-07-04 18:00:00,0.0,76.55,80.64,80.03,119.9,119.9,,0.0,0.0,0.0,,0.0,0.0,0.0,0.0,0.0,0.0,4.87774,5.02,12.243127399999999,0.0,1.95,0.0,0.0,7.25,0.0,0.0,5.41,0.0,0.0,8.37,0.0,0.0,10.01,0.0,0.0,18.26,0.0,-0.006072777800000001,,99.67692,0.000864749174,0.0,83.5099055,0.0055911432,218.376615,0.0,8.53000692,99.99998999999998,100.0,False
2026-07-04 18:30:00,0.0,76.55,99.2,94.25,124.99,124.99,,0.0,0.0,0.0,,0.0,0.0,0.0,0.0,0.0,0.0,5.00117,5.02,12.5529367,0.0,1.95,0.0,0.0,7.25,0.0,0.0,5.41,0.0,0.0,8.37,0.0,0.0,10.01,0.0,0.0,18.26,0.0,-0.006221138833333334,,99.67692,0.00088051391,0.0,83.5099714,0.0057488138,218.376767,0.0,8.68551248,99.99998999999998,99.5,False
2026-07-04 19:00:00,0.0,99.8,109.94,108.8,100.26,100.26,,0.0,0.0,0.0,,0.0,0.0,0.0,0.0,0.0,0.0,4.88678,5.02,12.265817799999999,0.0,8.37,0.0,0.0,1.61,0.0,0.0,11.31,0.0,0.0,2.38,0.0,0.0,13.55,0.0,0.0,-3.76,0.0,-0.006595638866666667,,99.67692,0.000902693985,0.0,83.5100602,0.00591597585,218.377173,0.0,8.90429985,99.99998999999998,100.0,False
2026-07-04 19:30:00,0.0,99.8,113.01,110.4,121.23,121.23,,0.0,0.0,0.0,,0.0,0.0,0.0,0.0,0.0,0.0,5.40107,5.02,13.5566857,0.0,8.37,0.0,0.0,1.61,0.0,0.0,11.31,0.0,0.0,2.38,0.0,0.0,13.55,0.0,0.0,-3.76,0.0,-0.0066324721333333335,,99.67692,0.000927567075,0.0,83.5101375,0.0060840714,218.377426,0.0,9.14965149,99.99998999999998,100.0,False
2026-07-04 20:00:00,0.0,106.95,112.06,108.0,66.85,66.85,,0.0,0.0,0.0,,0.0,0.0,0.0,0.0,0.0,0.0,5.3534,5.02,13.437033999999999,0.0,8.37,0.0,0.0,1.61,0.0,0.0,11.31,0.0,0.0,2.38,0.0,0.0,13.55,0.0,0.0,-3.76,0.0,-0.0066386944,,99.67692,0.000948520629,0.0,83.5102311,0.00625232465,218.377781,0.0,9.35634028,99.99998999999998,100.0,False
2026-07-04 20:30:00,0.0,106.95,112.01,112.0,79.8,79.8,,0.0,0.0,0.0,,0.0,0.0,0.0,0.0,0.0,0.0,5.5274399999999995,5.02,13.873874399999998,0.0,8.37,0.0,0.0,1.61,0.0,0.0,11.31,0.0,0.0,2.38,0.0,0.0,13.55,0.0,0.0,-3.76,0.0,-0.008401027566666667,,99.67692,0.00106709221,0.0,83.5102963,0.00646524305,218.378135,0.0,10.525947,99.99998999999998,100.0,False
2026-07-04 21:00:00,0.0,109.21,113.83,109.24,139.0,139.0,,0.0,0.0,0.0,,0.0,0.0,0.0,0.0,0.0,0.0,5.60784,5.02,14.0756784,0.0,8.37,0.0,0.0,1.61,0.0,0.0,11.31,0.0,0.0,2.38,0.0,0.0,13.55,0.0,0.0,-3.76,0.0,-0.006788638933333334,,99.67692,0.0011177173,0.0,83.5103534,0.0066372965,218.378338,0.0,11.0253199,99.99998999999998,99.5,False
2026-07-04 21:30:00,0.0,109.21,113.3,113.31,138.4,138.4,,0.0,0.0,0.0,,0.0,0.0,0.0,0.0,0.0,0.0,5.64702,5.02,14.1740202,0.0,8.37,0.0,0.0,1.61,0.0,0.0,11.31,0.0,0.0,2.38,0.0,0.0,13.55,0.0,0.0,-3.76,0.0,-0.010754972366666666,,99.67692,0.00135088021,0.0,83.5103956,0.00690987405,218.378693,0.0,13.3252715,99.99998999999998,100.0,False
2026-07-04 22:00:00,0.0,104.6,113.53,112.0,139.0,139.0,,0.0,0.0,0.0,,0.0,0.0,0.0,0.0,0.0,0.0,5.64172,5.02,14.160717199999999,0.0,8.37,0.0,0.0,1.61,0.0,0.0,11.31,0.0,0.0,2.38,0.0,0.0,13.55,0.0,0.0,-3.76,0.0,-0.011385444566666666,,99.67692,0.00162438021,0.0,83.5104056,0.00719843055,218.379149,0.0,16.0231138,99.99998999999998,100.0,False
2026-07-04 22:30:00,0.0,104.6,110.98,106.07,139.0,139.0,,0.0,0.0,0.0,,0.0,0.0,0.0,0.0,0.0,0.0,5.6399799999999995,5.02,14.156349799999997,0.0,8.37,0.0,0.0,1.61,0.0,0.0,11.31,0.0,0.0,2.38,0.0,0.0,13.55,0.0,0.0,-3.76,0.0,-0.0114939723,,99.67692,0.00189751776,0.0,83.5104175,0.0074897375,218.379453,0.0,18.7173808,99.99998999999998,100.0,False
2026-07-04 23:00:00,0.0,81.63,113.0,118.32,99.87,99.87,,0.0,0.0,0.0,,0.0,0.0,0.0,0.0,0.0,0.0,5.64023,5.02,14.156977299999998,0.0,3.26,0.0,0.0,0.25,0.0,0.0,8.57,0.0,0.0,-2.27,0.0,0.0,17.32,0.0,0.0,-6.0,0.0,-0.011481388666666667,,99.67692,0.00217070797,0.0,83.5104308,0.0077807256,218.379808,0.0,21.4121673,99.99998999999998,100.0,False
2026-07-04 23:30:00,0.0,81.63,113.8,114.0,96.86,96.86,,0.0,0.0,0.0,,0.0,0.0,0.0,0.0,0.0,0.0,5.64046,5.02,14.1575546,0.0,3.26,0.0,0.0,0.25,0.0,0.0,8.57,0.0,0.0,-2.27,0.0,0.0,17.32,0.0,0.0,-6.0,0.0,-0.0113171389,,99.67692,0.00244809394,0.0,83.510438,0.0080675509,218.380213,0.0,24.1483414,99.99998999999998,100.0,False
2026-07-05 00:00:00,0.0,78.64,96.87,94.87,80.9,80.9,,0.0,0.0,0.0,,0.0,0.0,0.0,0.0,0.0,0.0,5.64007,5.02,14.156575699999998,0.0,3.26,0.0,0.0,0.25,0.0,0.0,8.57,0.0,0.0,-2.27,0.0,0.0,17.32,0.0,0.0,-6.0,0.0,-0.011482249866666667,,99.67692,0.00272847945,0.0,83.5104533,0.0083585608,218.380518,0.0,26.9141033,99.99998999999998,100.0,False
2026-07-05 00:30:00,0.0,78.64,98.8,92.8,84.34,84.34,,0.0,0.0,0.0,,0.0,0.0,0.0,0.0,0.0,0.0,5.64028,5.02,14.157102799999999,0.0,3.26,0.0,0.0,0.25,0.0,0.0,8.57,0.0,0.0,-2.27,0.0,0.0,17.32,0.0,0.0,-6.0,0.0,-0.011464277699999999,,99.67692,0.00028069692,0.0,83.5104464,0.000290554415,218.380822,0.0,2.76883372,99.99998999999998,100.0,False
2026-07-05 01:00:00,-0.002,72.22,95.95,94.7,82.26,82.26,,0.0,-0.16452000000000003,0.0,,0.0,0.0,0.0,0.0,0.0,0.0,5.64133,5.02,14.159738299999999,0.0,3.26,0.0,0.0,0.25,0.0,0.0,8.57,0.0,0.0,-2.27,0.0,0.0,17.32,0.0,0.0,-6.0,0.0,-0.011435166299999999,,99.67692,0.000568471188,0.0,83.5104455,0.00058037102,218.381278,0.0,5.60747938,99.99998999999998,100.0,False
2026-07-05 01:30:00,0.0,72.22,96.95,95.95,80.62,80.62,,0.0,0.0,0.0,,0.0,0.0,0.0,0.0,0.0,0.0,5.63871,5.02,14.153162099999998,0.0,3.26,0.0,0.0,0.25,0.0,0.0,8.57,0.0,0.0,-2.27,0.0,0.0,17.32,0.0,0.0,-6.0,0.0,-0.0037942500000000003,,99.67692,0.000908814228,0.0,83.5104029,0.000676533735,218.381481,0.0,8.96467078,99.99998999999998,100.0,False
2026-07-05 02:00:00,0.0,67.1,92.69,90.95,126.95,126.95,,0.0,0.0,0.0,,0.0,0.0,0.0,0.0,0.0,0.0,5.63866,5.02,14.153036599999998,0.0,3.26,0.0,0.0,0.25,0.0,0.0,8.57,0.0,0.0,-2.27,0.0,0.0,17.32,0.0,0.0,-6.0,0.0,-0.0025140277666666666,,99.67692,0.00113331075,0.0,83.5103824,0.000740250085,218.381632,0.0,11.1791359,99.99998999999998,100.0,False
2026-07-05 02:30:00,0.0,67.1,93.2,85.27,77.15,77.15,,0.0,0.0,0.0,,0.0,0.0,0.0,0.0,0.0,0.0,5.637239999999999,5.02,14.149472399999997,0.0,3.26,0.0,0.0,0.25,0.0,0.0,8.57,0.0,0.0,-2.27,0.0,0.0,17.32,0.0,0.0,-6.0,0.0,-0.002489416633333333,,99.67692,0.00130432312,0.0,83.5104004,0.000803342675,218.381887,0.0,12.8660259,99.99998999999998,100.0,False
2026-07-05 03:00:00,0.0,62.73,87.79,85.27,55.9,55.9,,0.0,0.0,0.0,,0.0,0.0,0.0,0.0,0.0,0.0,5.6381000000000006,5.02,14.151631,0.0,0.69,0.0,0.0,3.11,0.0,0.0,5.73,0.0,0.0,2.25,0.0,0.0,17.78,0.0,0.0,-5.16,0.0,-0.0024888334,,99.67692,0.00147526335,0.0,83.5104075,0.000866420485,218.382038,0.0,14.5522042,99.99998999999998,100.0,False
2026-07-05 03:30:00,0.0,62.73,86.91,83.6,56.6,56.6,,0.0,0.0,0.0,,0.0,0.0,0.0,0.0,0.0,0.0,5.63738,5.02,14.1498238,0.0,0.69,0.0,0.0,3.11,0.0,0.0,5.73,0.0,0.0,2.25,0.0,0.0,17.78,0.0,0.0,-5.16,0.0,-0.0023970000000000003,,99.67692,0.00165657392,0.0,83.5104242,0.00092717084,218.38219,0.0,16.3406771,99.99998999999998,100.0,False
2026-07-05 04:00:00,0.0,63.52,85.18,82.96,55.73,55.73,,0.0,0.0,0.0,,0.0,0.0,0.0,0.0,0.0,0.0,5.6378900000000005,5.02,14.1511039,0.0,0.69,0.0,0.0,3.11,0.0,0.0,5.73,0.0,0.0,2.25,0.0,0.0,17.78,0.0,0.0,-5.16,0.0,-0.0024622500333333335,,99.67692,0.00183079467,0.0,83.5104266,0.00098957491,218.382393,0.0,18.0592149,99.99998999999998,100.0,False
2026-07-05 04:30:00,0.0,63.52,86.95,81.92,73.98,73.98,,0.0,0.0,0.0,,0.0,0.0,0.0,0.0,0.0,0.0,5.62524,5.02,14.119352399999999,0.0,0.69,0.0,0.0,3.11,0.0,0.0,5.73,0.0,0.0,2.25,0.0,0.0,17.78,0.0,0.0,-5.16,0.0,-0.0024748056,,99.67692,0.00201432492,0.0,83.5104291,0.0010522972,218.382596,0.0,19.869583,99.99998999999998,100.0,False
2026-07-05 05:00:00,0.0,53.19,83.18,80.2,69.2,69.2,,0.0,0.0,0.0,,0.0,0.0,0.0,0.0,0.0,0.0,5.55575,5.02,13.944932499999998,0.0,0.69,0.0,0.0,3.11,0.0,0.0,5.73,0.0,0.0,2.25,0.0,0.0,17.78,0.0,0.0,-5.16,0.0,-0.0024465000000000003,,99.67692,0.00219222061,0.0,83.5104417,0.0011143021,218.382849,0.0,21.624371,99.99998999999998,100.0,False
2026-07-05 05:30:00,0.0,53.19,81.16,75.16,69.87,69.87,,0.0,0.0,0.0,,0.0,0.0,0.0,0.0,0.0,0.0,5.5074499999999995,5.02,13.823699499999998,0.0,0.69,0.0,0.0,3.11,0.0,0.0,5.73,0.0,0.0,2.25,0.0,0.0,17.78,0.0,0.0,-5.16,0.0,-0.0024726110666666665,,99.67692,0.00236915733,0.0,83.5104509,0.00117696876,218.383001,0.0,23.3696996,99.99998999999998,100.0,False
2026-07-05 06:00:00,0.0,49.0,66.83,70.0,65.6,65.6,,0.0,0.0,0.0,,0.0,0.0,0.0,0.0,0.0,0.0,5.45131,5.02,13.6827881,0.0,0.69,0.0,0.0,3.11,0.0,0.0,5.73,0.0,0.0,2.25,0.0,0.0,17.78,0.0,0.0,-5.16,0.0,-0.0024783888666666666,,99.67692,0.00254000417,0.0,83.5104561,0.00123978186,218.383255,0.0,25.0549567,99.99998999999998,100.0,False
2026-07-05 06:30:00,0.0,49.0,69.0,69.0,61.17,61.17,,0.0,0.0,0.0,,0.0,0.0,0.0,0.0,0.0,0.0,5.16034,5.02,12.952453399999998,0.0,0.69,0.0,0.0,3.11,0.0,0.0,5.73,0.0,0.0,2.25,0.0,0.0,17.78,0.0,0.0,-5.16,0.0,-0.0024536111666666667,,99.67692,0.00271572438,0.0,83.5104687,0.00130196699,218.383356,0.0,26.7882855,99.99998999999998,100.0,False
2026-07-05 07:00:00,0.0,56.09,62.7,57.59,107.99,107.99,,0.0,0.0,0.0,,0.0,0.0,0.0,0.0,0.0,0.0,4.77413,5.02,11.9830663,0.0,2.25,0.0,0.0,0.93,0.0,0.0,7.47,0.0,0.0,0.88,0.0,0.0,11.43,0.0,0.0,-7.2,0.0,-0.0024899444666666667,,99.67692,0.00288387713,0.0,83.510488,0.00136507296,218.383559,0.0,28.4469678,99.99998999999998,100.0,False
2026-07-05 07:30:00,0.0,56.09,68.0,66.0,111.05,111.05,,0.0,0.0,0.0,,0.0,0.0,0.0,0.0,0.0,0.0,4.64025,5.02,11.647027499999998,0.0,2.25,0.0,0.0,0.93,0.0,0.0,7.47,0.0,0.0,0.88,0.0,0.0,11.43,0.0,0.0,-7.2,0.0,-0.0024609722333333336,,99.67692,0.00305255272,0.0,83.5104945,0.00142744464,218.383863,0.0,30.1108074,99.99998999999998,100.0,False
2026-07-05 08:00:00,0.0,59.5,72.2,70.28,100.25,100.25,,0.0,0.0,0.0,,0.0,0.0,0.0,0.0,0.0,0.0,4.529850000000001,5.02,11.3699235,0.0,2.25,0.0,0.0,0.93,0.0,0.0,7.47,0.0,0.0,0.88,0.0,0.0,11.43,0.0,0.0,-7.2,0.0,-0.0025007222,,99.67692,0.00322037306,0.0,83.5105037,0.00149082377,218.383964,0.0,31.7662107,99.99998999999998,100.0,False
2026-07-05 08:30:00,0.0,59.5,76.76,79.7,129.0,129.0,,0.0,0.0,0.0,,0.0,0.0,0.0,0.0,0.0,0.0,4.42025,5.02,11.0948275,0.0,2.25,0.0,0.0,0.93,0.0,0.0,7.47,0.0,0.0,0.88,0.0,0.0,11.43,0.0,0.0,-7.2,0.0,-0.0024832222333333333,,99.67692,0.00338674554,0.0,83.5105109,0.00155375937,218.384167,0.0,33.4073322,99.99998999999998,100.0,False
2026-07-05 09:00:00,0.0,65.4,82.76,82.9,128.9,128.9,,0.0,0.0,0.0,,0.0,0.0,0.0,0.0,0.0,0.0,4.03412,5.02,10.125641199999999,0.0,2.25,0.0,0.0,0.93,0.0,0.0,7.47,0.0,0.0,0.88,0.0,0.0,11.43,0.0,0.0,-7.2,0.0,-0.0024633333,,99.67692,0.00355056103,0.0,83.5105303,0.0016161909,218.38437,0.0,35.0232311,99.99998999999998,100.0,False
2026-07-05 09:30:00,0.0,65.4,84.71,83.62,111.51,111.51,,0.0,0.0,0.0,,0.0,0.0,0.0,0.0,0.0,0.0,2.69766,5.02,6.7711266,0.0,2.25,0.0,0.0,0.93,0.0,0.0,7.47,0.0,0.0,0.88,0.0,0.0,11.43,0.0,0.0,-7.2,0.0,-0.0024645833,,99.67692,0.00371894059,0.0,83.5105415,0.0016786541,218.384522,0.0,36.6841506,99.99998999999998,100.0,False
2026-07-05 10:00:00,0.0,68.61,82.0,85.0,130.52,130.52,,0.0,0.0,0.0,,0.0,0.0,0.0,0.0,0.0,0.0,3.01742,5.02,7.573724199999999,0.0,2.25,0.0,0.0,0.93,0.0,0.0,7.47,0.0,0.0,0.88,0.0,0.0,11.43,0.0,0.0,-7.2,0.0,-0.002461388866666667,,99.67692,0.00388917451,0.0,83.5105508,0.00174103635,218.384827,0.0,38.3633619,99.99998999999998,100.0,False
2026-07-05 10:30:00,0.0,68.61,81.81,85.27,135.0,135.0,,0.0,0.0,0.0,,0.0,0.0,0.0,0.0,0.0,0.0,2.5283200000000003,5.02,6.346083200000001,0.0,2.25,0.0,0.0,0.93,0.0,0.0,7.47,0.0,0.0,0.88,0.0,0.0,11.43,0.0,0.0,-7.2,0.0,-0.002444305533333333,,99.67692,0.00406011295,0.0,83.510562,0.00180298563,218.384978,0.0,40.0495226,99.99998999999998,100.0,False
2026-07-05 11:00:00,0.0,68.8,85.19,85.19,129.0,129.0,,0.0,0.0,0.0,,0.0,0.0,0.0,0.0,0.0,0.0,1.58244,5.02,3.9719244,0.0,2.1,0.0,0.0,7.21,0.0,0.0,6.78,0.0,0.0,1.65,0.0,0.0,12.55,0.0,0.0,-5.0,0.0,-0.0024456111666666665,,99.67692,0.00422964554,0.0,83.5105631,0.001864968,218.38513,0.0,41.7218158,99.99998999999998,100.0,False
2026-07-05 11:30:00,0.0,68.8,79.47,79.47,129.0,129.0,,0.0,0.0,0.0,,0.0,0.0,0.0,0.0,0.0,0.0,2.5372600000000003,5.02,6.3685226,0.0,2.1,0.0,0.0,7.21,0.0,0.0,6.78,0.0,0.0,1.65,0.0,0.0,12.55,0.0,0.0,-5.0,0.0,-0.002494416666666667,,99.67692,0.00440413734,0.0,83.510575,0.00192818732,218.385334,0.0,43.4430273,99.99998999999998,100.0,False
2026-07-05 12:00:00,0.0,65.8,75.79,76.0,129.0,129.0,,0.0,0.0,0.0,,0.0,0.0,0.0,0.0,0.0,0.0,2.21479,5.02,5.559122899999999,0.0,2.1,0.0,0.0,7.21,0.0,0.0,6.78,0.0,0.0,1.65,0.0,0.0,12.55,0.0,0.0,-5.0,0.0,-0.0024397500333333336,,99.67692,0.00457121656,0.0,83.5105842,0.00199002114,218.385586,0.0,45.0911201,99.99998999999998,100.0,False
2026-07-05 12:30:00,0.0,65.8,67.6,67.56,74.8,74.8,,0.0,0.0,0.0,,0.0,0.0,0.0,0.0,0.0,0.0,2.1699,5.02,5.446449,0.0,2.1,0.0,0.0,7.21,0.0,0.0,6.78,0.0,0.0,1.65,0.0,0.0,12.55,0.0,0.0,-5.0,0.0,-0.0024564166333333336,,99.67692,0.00474585221,0.0,83.5106022,0.00205227737,218.38584,0.0,46.8137506,99.99998999999998,100.0,False
2026-07-05 13:00:00,0.0,61.6,64.58,62.4,75.02,75.02,,0.0,0.0,0.0,,0.0,0.0,0.0,0.0,0.0,0.0,1.86817,5.02,4.6891067,0.0,2.1,0.0,0.0,7.21,0.0,0.0,6.78,0.0,0.0,1.65,0.0,0.0,12.55,0.0,0.0,-5.0,0.0,-0.0024249445000000002,,99.67692,0.00491475147,0.0,83.5106094,0.00211373595,218.385942,0.0,48.4797966,99.99998999999998,100.0,False
2026-07-05 13:30:00,0.0,61.6,63.92,58.9,77.44,77.44,,0.0,0.0,0.0,,0.0,0.0,0.0,0.0,0.0,0.0,2.05327,5.02,5.153707699999999,0.0,2.1,0.0,0.0,7.21,0.0,0.0,6.78,0.0,0.0,1.65,0.0,0.0,12.55,0.0,0.0,-5.0,0.0,-0.002586666666666667,,99.67692,0.00508930808,0.0,83.5106192,0.00217929329,218.386246,0.0,50.2016474,99.99998999999998,100.0,False
2026-07-05 14:00:00,0.0,51.63,60.92,61.0,77.44,77.44,,0.0,0.0,0.0,,0.0,0.0,0.0,0.0,0.0,0.0,2.30435,5.02,5.7839184999999995,0.0,2.1,0.0,0.0,7.21,0.0,0.0,6.78,0.0,0.0,1.65,0.0,0.0,12.55,0.0,0.0,-5.0,0.0,-0.0024564444,,99.67692,0.00525875373,0.0,83.5106371,0.00224155022,218.386448,0.0,51.873083,99.99998999999998,100.0,False
2026-07-05 14:30:00,0.0,51.63,59.0,59.0,65.75,65.75,,0.0,0.0,0.0,,0.0,0.0,0.0,0.0,0.0,0.0,2.27181,5.02,5.7022431,0.0,2.1,0.0,0.0,7.21,0.0,0.0,6.78,0.0,0.0,1.65,0.0,0.0,12.55,0.0,0.0,-5.0,0.0,-0.002444472233333333,,99.67692,0.0054285296,0.0,83.5106409,0.00230350372,218.38655,0.0,53.547776,99.99998999999998,100.0,False
2026-07-05 15:00:00,0.0,55.95,60.0,60.5,128.0,128.0,,0.0,0.0,0.0,,0.0,0.0,0.0,0.0,0.0,0.0,2.7862,5.02,6.993361999999999,0.0,4.39,0.0,0.0,5.97,0.0,0.0,8.66,0.0,0.0,9.26,0.0,0.0,19.23,0.0,0.0,-0.03,0.0,-0.0024756112,,99.67692,0.00559352859,0.0,83.5106568,0.00236624643,218.386854,0.0,55.1753491,99.99998999999998,100.0,False
2026-07-05 15:30:00,0.0,55.95,64.4,64.4,129.0,129.0,,0.0,0.0,0.0,,0.0,0.0,0.0,0.0,0.0,0.0,2.48225,5.02,6.2304474999999995,0.0,4.39,0.0,0.0,5.97,0.0,0.0,8.66,0.0,0.0,9.26,0.0,0.0,19.23,0.0,0.0,-0.03,0.0,-0.0024449167000000003,,99.67692,0.0057560019,0.0,83.5106653,0.0024282112,218.387056,0.0,56.7780086,99.99998999999998,100.0,False
2026-07-05 16:00:00,0.0,69.0,70.0,67.4,129.0,129.0,,0.0,0.0,0.0,,0.0,0.0,0.0,0.0,0.0,0.0,0.9585,5.02,2.4058349999999997,0.0,4.39,0.0,0.0,5.97,0.0,0.0,8.66,0.0,0.0,9.26,0.0,0.0,19.23,0.0,0.0,-0.03,0.0,-0.0024856111,,99.67692,0.00591744834,0.0,83.51069,0.00249120734,218.387208,0.0,58.3705389,99.99998999999998,100.0,False
2026-07-05 16:30:00,0.0,69.0,70.0,71.75,142.0,142.0,,0.0,0.0,0.0,,0.0,0.0,0.0,0.0,0.0,0.0,2.1723600000000003,5.02,5.4526236,0.0,4.39,0.0,0.0,5.97,0.0,0.0,8.66,0.0,0.0,9.26,0.0,0.0,19.23,0.0,0.0,-0.03,0.0,-0.0024906111333333333,,99.67692,0.00608318134,0.0,83.5107025,0.00255433021,218.387411,0.0,60.0053524,99.99998999999998,100.0,False
2026-07-05 17:00:00,0.0,92.0,93.5,92.43,140.0,140.0,,0.0,0.0,0.0,,0.0,0.0,0.0,0.0,0.0,0.0,3.61637,5.02,9.0770887,0.0,4.39,0.0,0.0,5.97,0.0,0.0,8.66,0.0,0.0,9.26,0.0,0.0,19.23,0.0,0.0,-0.03,0.0,-0.0024295000333333333,,99.67692,0.00624082353,0.0,83.510703,0.00261590425,218.387664,0.0,61.560357,99.99998999999998,100.0,False
2026-07-05 17:30:00,0.0,92.0,99.1,100.0,85.69,85.69,,0.0,0.0,0.0,,0.0,0.0,0.0,0.0,0.0,0.0,3.51687,5.02,8.827343699999998,0.0,4.39,0.0,0.0,5.97,0.0,0.0,8.66,0.0,0.0,9.26,0.0,0.0,19.23,0.0,0.0,-0.03,0.0,-0.0024600834,,99.67692,0.00639462365,0.0,83.5107142,0.00267825341,218.387817,0.0,63.0774629,99.99998999999998,100.0,False
2026-07-05 18:00:00,0.0,112.0,115.0,114.83,138.04,138.04,,0.0,0.0,0.0,,0.0,0.0,0.0,0.0,0.0,0.0,3.63844,5.02,9.1324844,0.0,4.39,0.0,0.0,5.97,0.0,0.0,8.66,0.0,0.0,9.26,0.0,0.0,19.23,0.0,0.0,-0.03,0.0,-0.0024420834,,99.67692,0.00655194584,0.0,83.5107335,0.00274014638,218.388019,0.0,64.629311,99.99998999999998,100.0,False
2026-07-05 18:30:00,0.0,112.0,114.3,113.87,87.58,87.58,,0.0,0.0,0.0,,0.0,0.0,0.0,0.0,0.0,0.0,4.18141,5.02,10.495339099999999,0.0,4.39,0.0,0.0,5.97,0.0,0.0,8.66,0.0,0.0,9.26,0.0,0.0,19.23,0.0,0.0,-0.03,0.0,-0.0024327222666666666,,99.67692,0.00670966917,0.0,83.5107468,0.00280180209,218.388222,0.0,66.185116,99.99998999999998,100.0,False
2026-07-05 19:00:00,0.0,108.0,123.4,123.4,86.13,86.13,,0.0,0.0,0.0,,0.0,0.0,0.0,0.0,0.0,0.0,4.84821,5.02,12.169007099999998,0.0,6.64,0.0,0.0,0.54,0.0,0.0,10.18,0.0,0.0,-1.4,0.0,0.0,34.16,0.0,0.0,-12.63,0.0,-0.0024358055666666664,,99.67692,0.00686434429,0.0,83.5107588,0.00286353595,218.388374,0.0,67.7108531,99.99998999999998,100.0,False
2026-07-05 19:30:00,0.0,108.0,125.5,125.02,133.18,133.18,,0.0,0.0,0.0,,0.0,0.0,0.0,0.0,0.0,0.0,5.06158,5.02,12.7045658,0.0,6.64,0.0,0.0,0.54,0.0,0.0,10.18,0.0,0.0,-1.4,0.0,0.0,34.16,0.0,0.0,-12.63,0.0,-0.0024760277333333333,,99.67692,0.0070198176,0.0,83.5107647,0.0029262892,218.388577,0.0,69.2444636,99.99998999999998,100.0,False
2026-07-05 20:00:00,0.0,113.1,122.0,124.44,135.96,135.96,,0.0,0.0,0.0,,0.0,0.0,0.0,0.0,0.0,0.0,5.2521,5.02,13.182771,0.0,6.64,0.0,0.0,0.54,0.0,0.0,10.18,0.0,0.0,-1.4,0.0,0.0,34.16,0.0,0.0,-12.63,0.0,-0.0024981389000000003,,99.67692,0.00717445699,0.0,83.5107739,0.00298960286,218.38883,0.0,70.7698482,99.99998999999998,100.0,False
2026-07-05 20:30:00,0.0,113.1,122.4,122.44,136.3,136.3,,0.0,0.0,0.0,,0.0,0.0,0.0,0.0,0.0,0.0,5.4784,5.02,13.750783999999998,0.0,6.64,0.0,0.0,0.54,0.0,0.0,10.18,0.0,0.0,-1.4,0.0,0.0,34.16,0.0,0.0,-12.63,0.0,-0.002480583366666667,,99.67692,0.00732660784,0.0,83.5107872,0.00305247158,218.388932,0.0,72.2706855,99.99998999999998,100.0,False
2026-07-05 21:00:00,0.0,114.4,121.0,119.06,145.55,145.55,,0.0,0.0,0.0,,0.0,0.0,0.0,0.0,0.0,0.0,5.616890000000001,5.02,14.0983939,0.0,6.64,0.0,0.0,0.54,0.0,0.0,10.18,0.0,0.0,-1.4,0.0,0.0,34.16,0.0,0.0,-12.63,0.0,-0.0024743889333333335,,99.67692,0.00748301434,0.0,83.5107971,0.00311518329,218.389135,0.0,73.8135011,99.99998999999998,100.0,False
2026-07-05 21:30:00,0.0,114.4,120.68,117.0,137.4,137.4,,0.0,0.0,0.0,,0.0,0.0,0.0,0.0,0.0,0.0,5.64668,5.02,14.173166799999999,0.0,6.64,0.0,0.0,0.54,0.0,0.0,10.18,0.0,0.0,-1.4,0.0,0.0,34.16,0.0,0.0,-12.63,0.0,-0.0024846388666666668,,99.67692,0.00764502566,0.0,83.5107963,0.0031781548,218.389388,0.0,75.4116034,99.99998999999998,100.0,False
2026-07-05 22:00:00,0.0,104.5,117.1,117.38,144.9,144.9,,0.0,0.0,0.0,,0.0,0.0,0.0,0.0,0.0,0.0,5.63783,5.02,14.1509533,0.0,6.64,0.0,0.0,0.54,0.0,0.0,10.18,0.0,0.0,-1.4,0.0,0.0,34.16,0.0,0.0,-12.63,0.0,-0.0025102777333333333,,99.67692,0.00780897768,0.0,83.5107987,0.0032417761,218.38949,0.0,77.0288491,99.99998999999998,100.0,False
2026-07-05 22:30:00,0.0,104.5,108.9,110.0,10.0,10.0,,0.0,0.0,0.0,,0.0,0.0,0.0,0.0,0.0,0.0,5.63753,5.02,14.150200299999998,0.0,6.64,0.0,0.0,0.54,0.0,0.0,10.18,0.0,0.0,-1.4,0.0,0.0,34.16,0.0,0.0,-12.63,0.0,-0.0025021943666666668,,99.67692,0.00796510004,0.0,83.5108201,0.00330519253,218.389692,0.0,78.5688619,99.99998999999998,100.0,False
2026-07-05 23:00:00,0.0,104.39,117.96,116.31,56.08,56.08,,0.0,0.0,0.0,,0.0,0.0,0.0,0.0,0.0,0.0,5.638739999999999,5.02,14.153237399999997,0.0,1.95,0.0,0.0,0.99,0.0,0.0,6.13,0.0,0.0,-2.94,0.0,0.0,20.13,0.0,0.0,-13.15,0.0,-0.0024761388333333335,,99.67692,0.00812466159,0.0,83.5108354,0.00336794861,218.389895,0.0,80.1427994,99.99998999999998,100.0,False
2026-07-05 23:30:00,0.0,104.39,111.3,111.31,89.55,89.55,,0.0,0.0,0.0,,0.0,0.0,0.0,0.0,0.0,0.0,5.637449999999999,5.02,14.149999499999998,0.0,1.95,0.0,0.0,0.99,0.0,0.0,6.13,0.0,0.0,-2.94,0.0,0.0,20.13,0.0,0.0,-13.15,0.0,-0.0024738056,,99.67692,0.00828950166,0.0,83.5108406,0.00343064555,218.390098,0.0,81.7688049,99.99998999999998,100.0,False
2026-07-06 00:00:00,0.0,103.25,107.37,113.89,92.46,92.46,,0.0,0.0,0.0,,0.0,0.0,0.0,0.0,0.0,0.0,5.63867,5.02,14.1530617,0.0,1.95,0.0,0.0,0.99,0.0,0.0,6.13,0.0,0.0,-2.94,0.0,0.0,20.13,0.0,0.0,-13.15,0.0,-0.0025761112000000004,,99.67692,0.00845035219,0.0,83.5108619,0.00349593536,218.39025,0.0,83.3554571,99.99998999999998,100.0,False
2026-07-06 00:30:00,0.0,103.25,107.73,107.73,131.0,131.0,,0.0,0.0,0.0,,0.0,0.0,0.0,0.0,0.0,0.0,5.63741,5.02,14.149899099999999,0.0,1.95,0.0,0.0,0.99,0.0,0.0,6.13,0.0,0.0,-2.94,0.0,0.0,20.13,0.0,0.0,-13.15,0.0,-0.0025097500333333333,,99.67692,0.000161989249,0.0,83.5108717,6.36079285e-05,218.390503,0.0,1.59788463,99.99998999999998,100.0,False
2026-07-06 01:00:00,0.0,94.85,92.41,96.44,126.0,126.0,,0.0,0.0,0.0,,0.0,0.0,0.0,0.0,0.0,0.0,5.63775,5.02,14.150752499999998,0.0,1.95,0.0,0.0,0.99,0.0,0.0,6.13,0.0,0.0,-2.94,0.0,0.0,20.13,0.0,0.0,-13.15,0.0,-0.0025201111333333333,,99.67692,0.00032526317,0.0,83.510883,0.000127478451,218.390706,0.0,3.20844145,99.99998999999998,100.0,False
2026-07-06 01:30:00,0.0,94.85,92.48,96.6,126.38,126.38,,0.0,0.0,0.0,,0.0,0.0,0.0,0.0,0.0,0.0,5.63743,5.02,14.1499493,0.0,1.95,0.0,0.0,0.99,0.0,0.0,6.13,0.0,0.0,-2.94,0.0,0.0,20.13,0.0,0.0,-13.15,0.0,-0.0025368610333333336,,99.67692,0.00049069835,0.0,83.5108928,0.00019177349,218.390807,0.0,4.84031722,99.99998999999998,100.0,False
2026-07-06 02:00:00,0.0,90.26,94.28,98.5,121.22,121.22,,0.0,0.0,0.0,,0.0,0.0,0.0,0.0,0.0,0.0,5.63726,5.02,14.1495226,0.0,1.95,0.0,0.0,0.99,0.0,0.0,6.13,0.0,0.0,-2.94,0.0,0.0,20.13,0.0,0.0,-13.15,0.0,-0.00246175,,99.67692,0.000661016216,0.0,83.510902,0.000254164889,218.391061,0.0,6.5203565,99.99998999999998,100.0,False
2026-07-06 02:30:00,0.0,90.26,92.31,96.56,126.0,126.0,,0.0,0.0,0.0,,0.0,0.0,0.0,0.0,0.0,0.0,5.63743,5.02,14.1499493,0.0,1.95,0.0,0.0,0.99,0.0,0.0,6.13,0.0,0.0,-2.94,0.0,0.0,20.13,0.0,0.0,-13.15,0.0,-0.0025243333333333333,,99.67692,0.00082879888,0.0,83.5109193,0.000318142421,218.391213,0.0,8.17538818,99.99998999999998,100.0,False
2026-07-06 03:00:00,0.0,85.26,85.81,97.86,125.12,125.12,,0.0,0.0,0.0,,0.0,0.0,0.0,0.0,0.0,0.0,5.63742,5.02,14.149924199999997,0.0,2.48,0.0,0.0,1.22,0.0,0.0,6.54,0.0,0.0,-1.02,0.0,0.0,17.94,0.0,0.0,-10.93,0.0,-0.00246225,,99.67692,0.000995506468,0.0,83.5109373,0.000380546493,218.391466,0.0,9.81981517,99.99998999999998,100.0,False
2026-07-06 03:30:00,0.0,85.26,86.8,92.8,125.5,125.5,,0.0,0.0,0.0,,0.0,0.0,0.0,0.0,0.0,0.0,5.63751,5.02,14.150150099999998,0.0,2.48,0.0,0.0,1.22,0.0,0.0,6.54,0.0,0.0,-1.02,0.0,0.0,17.94,0.0,0.0,-10.93,0.0,-0.0024365277333333337,,99.67692,0.00116220224,0.0,83.5109485,0.000442298651,218.391669,0.0,11.4641256,99.99998999999998,100.0,False
2026-07-06 04:00:00,0.0,85.93,96.26,103.1,130.0,130.0,,0.0,0.0,0.0,,0.0,0.0,0.0,0.0,0.0,0.0,5.6372,5.02,14.149372,0.0,2.48,0.0,0.0,1.22,0.0,0.0,6.54,0.0,0.0,-1.02,0.0,0.0,17.94,0.0,0.0,-10.93,0.0,-0.0024531944333333333,,99.67692,0.00133035986,0.0,83.5109583,0.000504473215,218.391821,0.0,13.1228559,99.99998999999998,100.0,False
2026-07-06 04:30:00,0.0,85.93,96.26,102.9,130.0,130.0,,0.0,0.0,0.0,,0.0,0.0,0.0,0.0,0.0,0.0,5.632680000000001,5.02,14.1380268,0.0,2.48,0.0,0.0,1.22,0.0,0.0,6.54,0.0,0.0,-1.02,0.0,0.0,17.94,0.0,0.0,-10.93,0.0,-0.0025252778,,99.67692,0.0015064653,0.0,83.5109716,0.00056847468,218.392074,0.0,14.8599846,99.99998999999998,100.0,False
2026-07-06 05:00:00,0.0,93.2,108.67,119.5,130.0,130.0,,0.0,0.0,0.0,,0.0,0.0,0.0,0.0,0.0,0.0,5.56128,5.02,13.958812799999999,0.0,2.48,0.0,0.0,1.22,0.0,0.0,6.54,0.0,0.0,-1.02,0.0,0.0,17.94,0.0,0.0,-10.93,0.0,-0.002482972233333333,,99.67692,0.00167879792,0.0,83.5109808,0.00063140395,218.392227,0.0,16.5598977,99.99998999999998,100.0,False
2026-07-06 05:30:00,0.0,93.2,108.86,118.86,129.0,129.0,,0.0,0.0,0.0,,0.0,0.0,0.0,0.0,0.0,0.0,5.4443,5.02,13.665192999999999,0.0,2.48,0.0,0.0,1.22,0.0,0.0,6.54,0.0,0.0,-1.02,0.0,0.0,17.94,0.0,0.0,-10.93,0.0,-0.0024904444333333337,,99.67692,0.00184928791,0.0,83.5109947,0.00069452259,218.392429,0.0,18.2416348,99.99998999999998,100.0,False
2026-07-06 06:00:00,0.0,104.56,108.22,112.44,66.31,66.31,,0.0,0.0,0.0,,0.0,0.0,0.0,0.0,0.0,0.0,5.34633,5.02,13.419288299999998,0.0,2.48,0.0,0.0,1.22,0.0,0.0,6.54,0.0,0.0,-1.02,0.0,0.0,17.94,0.0,0.0,-10.93,0.0,-0.002463,,99.67692,0.0020255742,0.0,83.511012,0.00075694567,218.392683,0.0,19.9805475,99.99998999999998,100.0,False
2026-07-06 06:30:00,0.0,104.56,109.46,119.4,61.67,61.67,,0.0,0.0,0.0,,0.0,0.0,0.0,0.0,0.0,0.0,5.35329,5.02,13.4367579,0.0,2.48,0.0,0.0,1.22,0.0,0.0,6.54,0.0,0.0,-1.02,0.0,0.0,17.94,0.0,0.0,-10.93,0.0,-0.002463111133333333,,99.67692,0.00219868247,0.0,83.5110212,0.000819371565,218.392785,0.0,21.6881117,99.99998999999998,100.0,False
2026-07-06 07:00:00,0.0,113.86,113.94,114.43,64.23,64.23,,0.0,0.0,0.0,,0.0,0.0,0.0,0.0,0.0,0.0,4.86816,5.02,12.219081599999997,0.0,4.64,0.0,0.0,0.75,0.0,0.0,9.13,0.0,0.0,-1.84,0.0,0.0,19.73,0.0,0.0,-11.55,0.0,-0.0024711388666666667,,99.67692,0.00237984128,0.0,83.5110297,0.00088200092,218.393037,0.0,23.4750876,99.99998999999998,100.0,False
2026-07-06 07:30:00,0.0,113.86,113.54,115.57,46.18,46.18,,0.0,0.0,0.0,,0.0,0.0,0.0,0.0,0.0,0.0,4.56705,5.02,11.4632955,0.0,4.64,0.0,0.0,0.75,0.0,0.0,9.13,0.0,0.0,-1.84,0.0,0.0,19.73,0.0,0.0,-11.55,0.0,-0.0025467778,,99.67692,0.00255885963,0.0,83.5110383,0.00094654729,218.39319,0.0,25.2409496,99.99998999999998,100.0,False
2026-07-06 08:00:00,0.0,107.36,111.0,107.3,31.74,31.74,,0.0,0.0,0.0,,0.0,0.0,0.0,0.0,0.0,0.0,3.19943,5.02,8.0305693,0.0,4.64,0.0,0.0,0.75,0.0,0.0,9.13,0.0,0.0,-1.84,0.0,0.0,19.73,0.0,0.0,-11.55,0.0,-0.0024778332666666666,,99.67692,0.00272847179,0.0,83.5110434,0.00100934631,218.393342,0.0,26.9140277,99.99998999999998,100.0,False
2026-07-06 08:30:00,0.0,107.36,97.45,93.14,16.55,16.55,,0.0,0.0,0.0,,0.0,0.0,0.0,0.0,0.0,0.0,2.21002,5.02,5.5471502,0.0,4.64,0.0,0.0,0.75,0.0,0.0,9.13,0.0,0.0,-1.84,0.0,0.0,19.73,0.0,0.0,-11.55,0.0,-0.0023966389333333333,,99.67692,0.00289468654,0.0,83.5110628,0.00107008752,218.393646,0.0,28.5535933,99.99998999999998,100.0,False
2026-07-06 09:00:00,0.0,93.0,86.6,88.6,7.4,7.4,,0.0,0.0,0.0,,0.0,0.0,0.0,0.0,0.0,0.0,1.83506,5.02,4.6060006,0.0,4.64,0.0,0.0,0.75,0.0,0.0,9.13,0.0,0.0,-1.84,0.0,0.0,19.73,0.0,0.0,-11.55,0.0,-0.0024628611333333333,,99.67692,0.00306053998,0.0,83.5110652,0.00113250707,218.393798,0.0,30.1895948,99.99998999999998,100.0,False
2026-07-06 09:30:00,0.0,93.0,76.0,76.0,16.04,16.04,,0.0,0.0,0.0,,0.0,0.0,0.0,0.0,0.0,0.0,0.8807200000000001,5.02,2.2106072,0.0,4.64,0.0,0.0,0.75,0.0,0.0,9.13,0.0,0.0,-1.84,0.0,0.0,19.73,0.0,0.0,-11.55,0.0,-0.0024500556333333333,,99.67692,0.00322570673,0.0,83.5110818,0.00119460209,218.394051,0.0,31.8188228,99.99998999999998,100.0,False
2026-07-06 10:00:00,0.0,75.0,62.42,62.42,0.0,0.0,,0.0,0.0,0.0,,0.0,0.0,0.0,0.0,0.0,0.0,0.37965,5.02,0.9529214999999999,0.0,4.64,0.0,0.0,0.75,0.0,0.0,9.13,0.0,0.0,-1.84,0.0,0.0,19.73,0.0,0.0,-11.55,0.0,-0.0025068888666666665,,99.67692,0.0033926709,0.0,83.5110876,0.0012581375,218.394254,0.0,33.4657807,99.99998999999998,100.0,False
2026-07-06 10:30:00,0.0,75.0,57.34,58.2,-10.02,-10.02,,0.0,0.0,0.0,,0.0,0.0,0.0,0.0,0.0,0.0,3.3848200000000004,5.02,8.495898200000001,0.0,4.64,0.0,0.0,0.75,0.0,0.0,9.13,0.0,0.0,-1.84,0.0,0.0,19.73,0.0,0.0,-11.55,0.0,-0.002452305533333333,,99.67692,0.00356075634,0.0,83.5110954,0.00132028954,218.394407,0.0,35.123799,99.99998999999998,100.0,False
2026-07-06 11:00:00,0.0,61.68,33.9,42.27,-14.2,-14.2,,0.0,0.0,0.0,,0.0,0.0,0.0,0.0,0.0,0.0,5.6273599999999995,5.02,14.124673599999998,0.0,7.9,0.0,0.0,7.81,0.0,0.0,8.95,0.0,0.0,5.0,0.0,0.0,20.34,0.0,0.0,-0.65,0.0,-0.002452083366666667,,99.67692,0.00373189213,0.0,83.5111073,0.00138243594,218.394659,0.0,36.8119064,99.99998999999998,100.0,False
2026-07-06 11:30:00,0.0,61.68,29.82,37.92,-14.2,-14.2,,0.0,0.0,0.0,,0.0,0.0,0.0,0.0,0.0,0.0,5.62798,5.02,14.126229799999999,0.0,7.9,0.0,0.0,7.81,0.0,0.0,8.95,0.0,0.0,5.0,0.0,0.0,20.34,0.0,0.0,-0.65,0.0,-0.0024533056,,99.67692,0.0038986933,0.0,83.5111211,0.00144461332,218.394914,0.0,38.4572565,99.99998999999998,100.0,False
2026-07-06 12:00:00,0.0,59.22,31.78,24.85,-14.2,-14.2,,0.0,0.0,0.0,,0.0,0.0,0.0,0.0,0.0,0.0,5.625,5.02,14.118749999999999,0.0,7.9,0.0,0.0,7.81,0.0,0.0,8.95,0.0,0.0,5.0,0.0,0.0,20.34,0.0,0.0,-0.65,0.0,-0.0024328610999999997,,99.67692,0.00406850014,0.0,83.5111417,0.00150627256,218.395065,0.0,40.132255,99.99998999999998,100.0,False
2026-07-06 12:30:00,0.0,59.22,24.28,30.9,-14.2,-14.2,,0.0,0.0,0.0,,0.0,0.0,0.0,0.0,0.0,0.0,5.62965,5.02,14.130421499999999,0.0,7.9,0.0,0.0,7.81,0.0,0.0,8.95,0.0,0.0,5.0,0.0,0.0,20.34,0.0,0.0,-0.65,0.0,-0.0024393888666666666,,99.67692,0.00423581573,0.0,83.5111609,0.00156809723,218.395319,0.0,41.7826794,99.99998999999998,100.0,False
2026-07-06 13:00:00,0.0,55.92,23.28,21.0,-28.7,-28.7,,0.0,0.0,0.0,,0.0,0.0,0.0,0.0,0.0,0.0,5.62377,5.02,14.1156627,0.0,7.9,0.0,0.0,7.81,0.0,0.0,8.95,0.0,0.0,5.0,0.0,0.0,20.34,0.0,0.0,-0.65,0.0,-0.0024455833333333335,,99.67692,0.0044031072,0.0,83.5111773,0.00163007889,218.395572,0.0,43.4328659,99.99998999999998,100.0,False
2026-07-06 13:30:00,0.0,55.92,17.31,26.99,-14.2,-14.2,,0.0,0.0,0.0,,0.0,0.0,0.0,0.0,0.0,0.0,5.62997,5.02,14.131224699999999,0.0,7.9,0.0,0.0,7.81,0.0,0.0,8.95,0.0,0.0,5.0,0.0,0.0,20.34,0.0,0.0,-0.65,0.0,-0.002443999966666667,,99.67692,0.0045729763,0.0,83.5111979,0.00169202043,218.395775,0.0,45.1084784,99.99998999999998,100.0,False
2026-07-06 14:00:00,0.0,55.0,27.87,33.47,55.82,55.82,,0.0,0.0,0.0,,0.0,0.0,0.0,0.0,0.0,0.0,2.51517,5.02,6.313076699999999,0.0,7.9,0.0,0.0,7.81,0.0,0.0,8.95,0.0,0.0,5.0,0.0,0.0,20.34,0.0,0.0,-0.65,0.0,-0.0024549722,,99.67692,0.00474017237,0.0,83.5112171,0.00175424005,218.395927,0.0,46.7577239,99.99998999999998,100.0,False
2026-07-06 14:30:00,-0.164,55.0,27.87,31.9,67.47,67.47,,-11.06508,0.0,0.0,,0.0,0.0,0.0,0.0,0.0,0.0,0.32879,5.02,0.8252629,0.0,7.9,0.0,0.0,7.81,0.0,0.0,8.95,0.0,0.0,5.0,0.0,0.0,20.34,0.0,0.0,-0.65,0.0,-0.0024907500666666665,,99.67692,0.00490745096,0.0,83.5112416,0.00181736643,218.396231,0.0,48.4077833,99.99998999999998,100.0,False
2026-07-06 15:00:00,-0.347,67.5,31.3,37.19,-14.2,-14.2,,4.9274,0.0,0.0,,0.0,0.0,0.0,0.0,0.0,0.0,0.688,5.02,1.7268799999999997,0.0,3.35,0.0,0.0,8.0,0.0,0.0,9.07,0.0,0.0,7.03,0.0,0.0,20.34,0.0,0.0,-0.18,0.0,-0.3248414411,,99.67692,0.0212712185,0.0,83.5073656,0.0100502545,218.404443,0.0,209.822277,99.99998999999998,93.06944466666666,False
2026-07-06 15:30:00,-0.288,67.5,45.8,48.2,-12.27,-12.27,,3.5337599999999996,0.0,0.0,,0.0,0.0,0.0,0.0,0.0,0.0,0.8981699999999999,5.02,2.2544066999999997,0.0,3.35,0.0,0.0,8.0,0.0,0.0,9.07,0.0,0.0,7.03,0.0,0.0,20.34,0.0,0.0,-0.18,0.0,-0.6801435866666666,,99.67692,0.0555877079,0.0,83.496011,0.0272880366,218.421778,0.0,548.324933,99.99998999999998,88.78472266666667,False
2026-07-06 16:00:00,0.0,80.0,75.8,76.0,19.71,19.71,,0.0,0.0,0.0,,0.0,0.0,0.0,0.0,0.0,0.0,0.9424600000000001,5.02,2.3655746,0.0,3.35,0.0,0.0,8.0,0.0,0.0,9.07,0.0,0.0,7.03,0.0,0.0,20.34,0.0,0.0,-0.18,0.0,-0.5612165766666667,,99.67692,0.0840184589,0.0,83.4849906,0.0415116937,218.436174,0.0,828.769841,75.99144583333333,95.25,False
2026-07-06 16:30:00,0.0,80.0,73.76,72.83,114.12,114.12,,0.0,0.0,0.0,,0.0,0.0,0.0,0.0,0.0,0.0,1.44895,5.02,3.6368644999999997,0.0,3.35,0.0,0.0,8.0,0.0,0.0,9.07,0.0,0.0,7.03,0.0,0.0,20.34,0.0,0.0,-0.18,0.0,-0.002457916666666667,,99.67692,0.084247867,0.0,83.4849864,0.041573988,218.436326,0.0,831.032755,49.99999499999999,50.0,False
2026-07-06 17:00:00,0.0,93.5,86.77,89.0,126.57,126.57,,0.0,0.0,0.0,,0.0,0.0,0.0,0.0,0.0,0.0,2.3146999999999998,5.02,5.8098969999999985,0.0,3.35,0.0,0.0,8.0,0.0,0.0,9.07,0.0,0.0,7.03,0.0,0.0,20.34,0.0,0.0,-0.18,0.0,-0.0025276666666666663,,99.67692,0.0844032754,0.0,83.4850011,0.0416380499,218.436529,0.0,832.565725,49.99999499999999,50.0,False
2026-07-06 17:30:00,0.0,93.5,92.5,97.44,35.01,35.01,,0.0,0.0,0.0,,0.0,0.0,0.0,0.0,0.0,0.0,3.48318,5.02,8.7427818,0.0,3.35,0.0,0.0,8.0,0.0,0.0,9.07,0.0,0.0,7.03,0.0,0.0,20.34,0.0,0.0,-0.18,0.0,-0.0023928610666666666,,99.67692,0.0845521652,0.0,83.4850165,0.0416986955,218.436681,0.0,834.034395,49.99999499999999,50.0,False
2026-07-06 18:00:00,0.0,115.62,103.52,103.8,83.87,83.87,,0.0,0.0,0.0,,0.0,0.0,0.0,0.0,0.0,0.0,4.05996,5.02,10.190499599999999,0.0,3.35,0.0,0.0,8.0,0.0,0.0,9.07,0.0,0.0,7.03,0.0,0.0,20.34,0.0,0.0,-0.18,0.0,-0.0024500277666666664,,99.67692,0.0847029243,0.0,83.4850332,0.0417607897,218.436935,0.0,835.521504,49.99999499999999,50.0,False
2026-07-06 18:30:00,0.0,115.62,106.47,104.87,88.38,88.38,,0.0,0.0,0.0,,0.0,0.0,0.0,0.0,0.0,0.0,4.428319999999999,5.02,11.115083199999997,0.0,3.35,0.0,0.0,8.0,0.0,0.0,9.07,0.0,0.0,7.03,0.0,0.0,20.34,0.0,0.0,-0.18,0.0,-0.0024448055666666667,,99.67692,0.0848563103,0.0,83.4850473,0.0418227516,218.437137,0.0,837.034525,49.99999499999999,50.0,False
2026-07-06 19:00:00,0.0,124.52,118.4,120.0,105.37,105.37,,0.0,0.0,0.0,,0.0,0.0,0.0,0.0,0.0,0.0,4.66434,5.02,11.707493399999999,0.0,8.93,0.0,0.0,1.2,0.0,0.0,12.32,0.0,0.0,0.22,0.0,0.0,20.34,0.0,0.0,-13.33,0.0,-0.0024407223333333334,,99.67692,0.0850073989,0.0,83.4850614,0.0418846102,218.437289,0.0,838.524884,49.99999499999999,50.0,False
2026-07-06 19:30:00,0.0,124.52,117.56,119.28,80.0,80.0,,0.0,0.0,0.0,,0.0,0.0,0.0,0.0,0.0,0.0,5.13532,5.02,12.8896532,0.0,8.93,0.0,0.0,1.2,0.0,0.0,12.32,0.0,0.0,0.22,0.0,0.0,20.34,0.0,0.0,-13.33,0.0,-0.0024551387999999998,,99.67692,0.0851590229,0.0,83.4850728,0.041946834,218.437492,0.0,840.020524,49.99999499999999,50.0,False
2026-07-06 20:00:00,0.0,128.62,120.0,121.01,70.65,70.65,,0.0,0.0,0.0,,0.0,0.0,0.0,0.0,0.0,0.0,5.3834,5.02,13.512334,0.0,8.93,0.0,0.0,1.2,0.0,0.0,12.32,0.0,0.0,0.22,0.0,0.0,20.34,0.0,0.0,-13.33,0.0,-0.0025066388666666667,,99.67692,0.0853125236,0.0,83.4850815,0.042010363,218.437644,0.0,841.534677,49.99999499999999,50.0,False
2026-07-06 20:30:00,0.0,128.62,118.68,120.99,110.6,110.6,,0.0,0.0,0.0,,0.0,0.0,0.0,0.0,0.0,0.0,5.54013,5.02,13.9057263,0.0,8.93,0.0,0.0,1.2,0.0,0.0,12.32,0.0,0.0,0.22,0.0,0.0,20.34,0.0,0.0,-13.33,0.0,-0.002473638933333333,,99.67692,0.0854648529,0.0,83.4850889,0.0420730558,218.437796,0.0,843.037274,49.99999499999999,50.0,False
2026-07-06 21:00:00,0.0,127.19,121.59,120.3,135.0,135.0,,0.0,0.0,0.0,,0.0,0.0,0.0,0.0,0.0,0.0,5.62599,5.02,14.121234899999997,0.0,8.93,0.0,0.0,1.2,0.0,0.0,12.32,0.0,0.0,0.22,0.0,0.0,20.34,0.0,0.0,-13.33,0.0,-0.0024906666666666666,,99.67692,0.0856221983,0.0,83.4851029,0.04213618,218.43805,0.0,844.589351,49.99999499999999,50.0,False
2026-07-06 21:30:00,0.0,127.19,120.0,120.0,135.0,135.0,,0.0,0.0,0.0,,0.0,0.0,0.0,0.0,0.0,0.0,5.64365,5.02,14.165561499999999,0.0,8.93,0.0,0.0,1.2,0.0,0.0,12.32,0.0,0.0,0.22,0.0,0.0,20.34,0.0,0.0,-13.33,0.0,-0.0025175833333333335,,99.67692,0.0857758986,0.0,83.485113,0.0421999865,218.438253,0.0,846.105472,49.99999499999999,50.0,False
2026-07-06 22:00:00,0.0,116.71,116.53,116.53,135.0,135.0,,0.0,0.0,0.0,,0.0,0.0,0.0,0.0,0.0,0.0,5.63803,5.02,14.151455299999999,0.0,8.93,0.0,0.0,1.2,0.0,0.0,12.32,0.0,0.0,0.22,0.0,0.0,20.34,0.0,0.0,-13.33,0.0,-0.002507472266666667,,99.67692,0.0859303394,0.0,83.4851243,0.0422635367,218.438455,0.0,847.628898,49.99999499999999,50.0,False
2026-07-06 22:30:00,0.0,116.71,107.37,103.47,131.45,131.45,,0.0,0.0,0.0,,0.0,0.0,0.0,0.0,0.0,0.0,5.6529300000000005,5.02,14.1888543,0.0,8.93,0.0,0.0,1.2,0.0,0.0,12.32,0.0,0.0,0.22,0.0,0.0,20.34,0.0,0.0,-13.33,0.0,-0.0024825555333333332,,99.67692,0.0860854317,0.0,83.4851357,0.0423264554,218.438606,0.0,849.15875,49.99999499999999,50.0,False
2026-07-06 23:00:00,0.0,102.03,108.98,102.0,129.25,129.25,,0.0,0.0,0.0,,0.0,0.0,0.0,0.0,0.0,0.0,5.64179,5.02,14.1608929,0.0,2.72,0.0,0.0,1.99,0.0,0.0,6.53,0.0,0.0,-0.53,0.0,0.0,16.25,0.0,0.0,-10.8,0.0,-0.0024795555333333333,,99.67692,0.0862404821,0.0,83.4851484,0.0423892981,218.43881,0.0,850.688189,49.99999499999999,50.0,False
2026-07-06 23:30:00,0.0,102.03,109.65,108.68,126.0,126.0,,0.0,0.0,0.0,,0.0,0.0,0.0,0.0,0.0,0.0,5.63805,5.02,14.151505499999999,0.0,2.72,0.0,0.0,1.99,0.0,0.0,6.53,0.0,0.0,-0.53,0.0,0.0,16.25,0.0,0.0,-10.8,0.0,-0.002519638933333333,,99.67692,0.0863970211,0.0,83.4851732,0.0424531566,218.438962,0.0,852.232312,49.99999499999999,50.0,False
2026-07-07 00:00:00,0.0,97.91,108.19,107.22,63.57,63.57,,0.0,0.0,0.0,,0.0,0.0,0.0,0.0,0.0,0.0,5.6373,5.02,14.149622999999998,0.0,2.72,0.0,0.0,1.99,0.0,0.0,6.53,0.0,0.0,-0.53,0.0,0.0,16.25,0.0,0.0,-10.8,0.0,-0.0024897500333333333,,99.67692,0.0865514957,0.0,83.4851845,0.0425162577,218.439165,0.0,853.756071,49.99999499999999,50.0,False
2026-07-07 00:30:00,0.0,97.91,107.8,105.25,102.79,102.79,,0.0,0.0,0.0,,0.0,0.0,0.0,0.0,0.0,0.0,5.63718,5.02,14.1493218,0.0,2.72,0.0,0.0,1.99,0.0,0.0,6.53,0.0,0.0,-0.53,0.0,0.0,16.25,0.0,0.0,-10.8,0.0,-0.0025985833666666664,,99.67692,0.000159529242,0.0,83.4852026,6.5859349e-05,218.439368,0.0,1.57361878,49.99999499999999,50.0,False
2026-07-07 01:00:00,0.0,94.0,94.96,92.92,98.26,98.26,,0.0,0.0,0.0,,0.0,0.0,0.0,0.0,0.0,0.0,5.63711,5.02,14.149146099999998,0.0,2.72,0.0,0.0,1.99,0.0,0.0,6.53,0.0,0.0,-0.53,0.0,0.0,16.25,0.0,0.0,-10.8,0.0,-0.0025094444333333336,,99.67692,0.00031946872,0.0,83.4852059,0.000129459532,218.43957,0.0,3.15128418,49.99999499999999,50.0,False
2026-07-07 01:30:00,0.0,94.0,93.82,92.0,93.8,93.8,,0.0,0.0,0.0,,0.0,0.0,0.0,0.0,0.0,0.0,5.63693,5.02,14.1486943,0.0,2.72,0.0,0.0,1.99,0.0,0.0,6.53,0.0,0.0,-0.53,0.0,0.0,16.25,0.0,0.0,-10.8,0.0,-0.0025017778,,99.67692,0.000471933419,0.0,83.4852159,0.00019286541,218.439773,0.0,4.65521732,49.99999499999999,50.0,False
2026-07-07 02:00:00,0.0,89.84,93.2,91.92,88.99,88.99,,0.0,0.0,0.0,,0.0,0.0,0.0,0.0,0.0,0.0,5.637149999999999,5.02,14.149246499999997,0.0,2.72,0.0,0.0,1.99,0.0,0.0,6.53,0.0,0.0,-0.53,0.0,0.0,16.25,0.0,0.0,-10.8,0.0,-0.002494166633333333,,99.67692,0.000628800009,0.0,83.4852393,0.000256078387,218.439976,0.0,6.20257132,49.99999499999999,50.0,False
2026-07-07 02:30:00,0.0,89.84,89.61,89.24,111.35,111.35,,0.0,0.0,0.0,,0.0,0.0,0.0,0.0,0.0,0.0,5.637239999999999,5.02,14.149472399999997,0.0,2.72,0.0,0.0,1.99,0.0,0.0,6.53,0.0,0.0,-0.53,0.0,0.0,16.25,0.0,0.0,-10.8,0.0,-0.0025188055,,99.67692,0.0007893556,0.0,83.4852426,0.00031991582,218.440128,0.0,7.78631415,49.99999499999999,50.0,False
2026-07-07 03:00:00,0.0,86.1,90.17,92.2,70.07,70.07,,0.0,0.0,0.0,,0.0,0.0,0.0,0.0,0.0,0.0,5.63728,5.02,14.149572799999998,0.0,2.72,0.0,0.0,1.63,0.0,0.0,6.37,0.0,0.0,-0.34,0.0,0.0,4.63,0.0,0.0,-11.32,0.0,-0.0025568055,,99.67692,0.000946465946,0.0,83.4852566,0.000384716337,218.44033,0.0,9.3360726,49.99999499999999,50.0,False
2026-07-07 03:30:00,0.0,86.1,86.69,91.97,81.78,81.78,,0.0,0.0,0.0,,0.0,0.0,0.0,0.0,0.0,0.0,5.63744,5.02,14.149974399999998,0.0,2.72,0.0,0.0,1.63,0.0,0.0,6.37,0.0,0.0,-0.34,0.0,0.0,4.63,0.0,0.0,-11.32,0.0,-0.0025318055,,99.67692,0.00110496391,0.0,83.4852679,0.000448883247,218.440534,0.0,10.8995187,49.99999499999999,50.0,False
2026-07-07 04:00:00,0.0,89.99,88.2,88.33,75.32,75.32,,0.0,0.0,0.0,,0.0,0.0,0.0,0.0,0.0,0.0,5.63825,5.02,14.1520075,0.0,2.72,0.0,0.0,1.63,0.0,0.0,6.37,0.0,0.0,-0.34,0.0,0.0,4.63,0.0,0.0,-11.32,0.0,-0.0025185,,99.67692,0.00126495767,0.0,83.485282,0.00051271294,218.440736,0.0,12.4777196,49.99999499999999,50.0,False
2026-07-07 04:30:00,0.0,89.99,89.03,87.6,70.86,70.86,,0.0,0.0,0.0,,0.0,0.0,0.0,0.0,0.0,0.0,5.623600000000001,5.02,14.115236,0.0,2.72,0.0,0.0,1.63,0.0,0.0,6.37,0.0,0.0,-0.34,0.0,0.0,4.63,0.0,0.0,-11.32,0.0,-0.0025332499333333334,,99.67692,0.00142353331,0.0,83.4852866,0.00057691645,218.440888,0.0,14.0419319,49.99999499999999,50.0,False
2026-07-07 05:00:00,0.0,95.68,94.61,93.24,115.0,115.0,,0.0,0.0,0.0,,0.0,0.0,0.0,0.0,0.0,0.0,5.5033900000000004,5.02,13.8135089,0.0,2.72,0.0,0.0,1.63,0.0,0.0,6.37,0.0,0.0,-0.34,0.0,0.0,4.63,0.0,0.0,-11.32,0.0,-0.002510777666666667,,99.67692,0.00158043742,0.0,83.4853073,0.00064055043,218.441142,0.0,15.589656,49.99999499999999,50.0,False
2026-07-07 05:30:00,0.0,95.68,97.33,93.66,74.51,74.51,,0.0,0.0,0.0,,0.0,0.0,0.0,0.0,0.0,0.0,5.32163,5.02,13.357291299999998,0.0,2.72,0.0,0.0,1.63,0.0,0.0,6.37,0.0,0.0,-0.34,0.0,0.0,4.63,0.0,0.0,-11.32,0.0,-0.0025542499999999997,,99.67692,0.00173308558,0.0,83.4853227,0.00070528618,218.441344,0.0,17.0953988,49.99999499999999,50.0,False
2026-07-07 06:00:00,0.0,104.45,99.8,102.0,116.74,116.74,,0.0,0.0,0.0,,0.0,0.0,0.0,0.0,0.0,0.0,5.0312600000000005,5.02,12.6284626,0.0,2.72,0.0,0.0,1.63,0.0,0.0,6.37,0.0,0.0,-0.34,0.0,0.0,4.63,0.0,0.0,-11.32,0.0,-0.0025238333666666667,,99.67692,0.0018908691,0.0,83.4853408,0.000769251035,218.441496,0.0,18.6517975,49.99999499999999,50.0,False
2026-07-07 06:30:00,0.0,104.45,107.97,113.75,120.9,120.9,,0.0,0.0,0.0,,0.0,0.0,0.0,0.0,0.0,0.0,4.7326999999999995,5.02,11.879076999999997,0.0,2.72,0.0,0.0,1.63,0.0,0.0,6.37,0.0,0.0,-0.34,0.0,0.0,4.63,0.0,0.0,-11.32,0.0,-0.0025138889,,99.67692,0.0020467974,0.0,83.4853461,0.00083296386,218.441699,0.0,20.1898961,49.99999499999999,50.0,False
2026-07-07 07:00:00,0.0,105.24,103.89,110.0,123.0,123.0,,0.0,0.0,0.0,,0.0,0.0,0.0,0.0,0.0,0.0,4.35241,5.02,10.924549099999998,0.0,3.0,0.0,0.0,2.45,0.0,0.0,7.1,0.0,0.0,-0.92,0.0,0.0,17.94,0.0,0.0,-10.54,0.0,-0.0024652222,,99.67692,0.00219776383,0.0,83.4853635,0.00089544326,218.441902,0.0,21.6790501,49.99999499999999,50.0,False
2026-07-07 07:30:00,0.0,105.24,110.9,110.58,144.0,144.0,,0.0,0.0,0.0,,0.0,0.0,0.0,0.0,0.0,0.0,3.97961,5.02,9.9888211,0.0,3.0,0.0,0.0,2.45,0.0,0.0,7.1,0.0,0.0,-0.92,0.0,0.0,17.94,0.0,0.0,-10.54,0.0,-0.0024316388666666667,,99.67692,0.00235436032,0.0,83.4853748,0.000957071515,218.442104,0.0,23.2237398,49.99999499999999,50.0,False
2026-07-07 08:00:00,0.0,98.0,114.6,121.22,124.95,124.95,,0.0,0.0,0.0,,0.0,0.0,0.0,0.0,0.0,0.0,3.51269,5.02,8.8168519,0.0,3.0,0.0,0.0,2.45,0.0,0.0,7.1,0.0,0.0,-0.92,0.0,0.0,17.94,0.0,0.0,-10.54,0.0,-0.002433499966666667,,99.67692,0.00250768851,0.0,83.4853916,0.00101874694,218.442307,0.0,24.7361905,49.99999499999999,50.0,False
2026-07-07 08:30:00,0.0,98.0,108.7,106.0,124.95,124.95,,0.0,0.0,0.0,,0.0,0.0,0.0,0.0,0.0,0.0,2.7757899999999998,5.02,6.967232899999999,0.0,3.0,0.0,0.0,2.45,0.0,0.0,7.1,0.0,0.0,-0.92,0.0,0.0,17.94,0.0,0.0,-10.54,0.0,-0.0023892778000000003,,99.67692,0.00265949079,0.0,83.4854029,0.00107930158,218.44251,0.0,26.2335895,49.99999499999999,50.0,False
2026-07-07 09:00:00,0.0,91.16,101.1,103.0,132.0,132.0,,0.0,0.0,0.0,,0.0,0.0,0.0,0.0,0.0,0.0,2.4155100000000003,5.02,6.0629301,0.0,3.0,0.0,0.0,2.45,0.0,0.0,7.1,0.0,0.0,-0.92,0.0,0.0,17.94,0.0,0.0,-10.54,0.0,-0.0024874722333333332,,99.67692,0.00281220476,0.0,83.4854156,0.00114234489,218.442662,0.0,27.7399815,49.99999499999999,50.0,False
2026-07-07 09:30:00,0.0,91.16,95.94,94.4,124.95,124.95,,0.0,0.0,0.0,,0.0,0.0,0.0,0.0,0.0,0.0,1.44428,5.02,3.6251428,0.0,3.0,0.0,0.0,2.45,0.0,0.0,7.1,0.0,0.0,-0.92,0.0,0.0,17.94,0.0,0.0,-10.54,0.0,-0.002464944433333333,,99.67692,0.00296630964,0.0,83.4854437,0.00120481725,218.442864,0.0,29.2600936,49.99999499999999,50.0,False
2026-07-07 10:00:00,0.0,82.22,91.1,89.5,67.0,67.0,,0.0,0.0,0.0,,0.0,0.0,0.0,0.0,0.0,0.0,1.04895,5.02,2.6328644999999997,0.0,3.0,0.0,0.0,2.45,0.0,0.0,7.1,0.0,0.0,-0.92,0.0,0.0,17.94,0.0,0.0,-10.54,0.0,-0.0024754722,,99.67692,0.00312531162,0.0,83.4854644,0.00126755643,218.443118,0.0,30.8285114,49.99999499999999,50.0,False
2026-07-07 10:30:00,0.0,82.22,89.6,85.83,55.81,55.81,,0.0,0.0,0.0,,0.0,0.0,0.0,0.0,0.0,0.0,1.05268,5.02,2.6422268,0.0,3.0,0.0,0.0,2.45,0.0,0.0,7.1,0.0,0.0,-0.92,0.0,0.0,17.94,0.0,0.0,-10.54,0.0,-0.0024552500000000004,,99.67692,0.00328179167,0.0,83.4854964,0.00132978309,218.44327,0.0,32.3720525,49.99999499999999,50.0,False
2026-07-07 11:00:00,0.0,77.61,90.2,81.0,56.0,56.0,,0.0,0.0,0.0,,0.0,0.0,0.0,0.0,0.0,0.0,0.06464,5.02,0.16224639999999999,0.0,3.12,0.0,0.0,8.07,0.0,0.0,8.77,0.0,0.0,4.94,0.0,0.0,19.64,0.0,0.0,-2.53,0.0,-0.0024470000333333334,,99.67692,0.00344050529,0.0,83.4855224,0.00139180067,218.443473,0.0,33.9376259,49.99999499999999,50.0,False
2026-07-07 11:30:00,0.0,77.61,89.7,86.0,-6.16,-6.16,,0.0,0.0,0.0,,0.0,0.0,0.0,0.0,0.0,0.0,0.6244500000000001,5.02,1.5673695,0.0,3.12,0.0,0.0,8.07,0.0,0.0,8.77,0.0,0.0,4.94,0.0,0.0,19.64,0.0,0.0,-2.53,0.0,-0.002479083333333333,,99.67692,0.00360526868,0.0,83.485547,0.00145463136,218.443726,0.0,35.562875,49.99999499999999,50.0,False
2026-07-07 12:00:00,0.0,75.1,88.8,80.0,-6.44,-6.44,,0.0,0.0,0.0,,0.0,0.0,0.0,0.0,0.0,0.0,0.24680000000000002,5.02,0.619468,0.0,3.12,0.0,0.0,8.07,0.0,0.0,8.77,0.0,0.0,4.94,0.0,0.0,19.64,0.0,0.0,-2.53,0.0,-0.0024319444000000003,,99.67692,0.00376461657,0.0,83.4855717,0.00151626736,218.44398,0.0,37.1347049,49.99999499999999,50.0,False
2026-07-07 12:30:00,0.0,75.1,90.16,86.45,56.0,56.0,,0.0,0.0,0.0,,0.0,0.0,0.0,0.0,0.0,0.0,0.03764,5.02,0.09447639999999999,0.0,3.12,0.0,0.0,8.07,0.0,0.0,8.77,0.0,0.0,4.94,0.0,0.0,19.64,0.0,0.0,-2.53,0.0,-0.0024165833666666666,,99.67692,0.00392344108,0.0,83.485591,0.00157751404,218.444132,0.0,38.7013721,49.99999499999999,50.0,False
2026-07-07 13:00:00,-0.155,72.25,84.58,82.0,56.0,56.0,,-8.68,0.0,0.0,,0.0,0.0,0.0,0.0,0.0,0.0,0.32483999999999996,5.02,0.8153483999999999,0.0,3.12,0.0,0.0,8.07,0.0,0.0,8.77,0.0,0.0,4.94,0.0,0.0,19.64,0.0,0.0,-2.53,0.0,-0.0024836389,,99.67692,0.00408045125,0.0,83.4855996,0.0016404602,218.444335,0.0,40.2501424,49.99999499999999,50.0,False
2026-07-07 13:30:00,-0.18,72.25,81.0,80.0,56.0,56.0,,-10.08,0.0,0.0,,0.0,0.0,0.0,0.0,0.0,0.0,0.36733,5.02,0.9219982999999999,0.0,3.12,0.0,0.0,8.07,0.0,0.0,8.77,0.0,0.0,4.94,0.0,0.0,19.64,0.0,0.0,-2.53,0.0,-0.30315291333333333,,99.67692,0.0196127682,0.0,83.4815529,0.0093236671,218.452191,0.0,193.463091,49.99999499999999,50.0,False
2026-07-07 14:00:00,-0.157,78.8,85.1,80.0,56.0,56.0,,-8.792,0.0,0.0,,0.0,0.0,0.0,0.0,0.0,0.0,0.6671900000000001,5.02,1.6746469,0.0,3.12,0.0,0.0,8.07,0.0,0.0,8.77,0.0,0.0,4.94,0.0,0.0,19.64,0.0,0.0,-2.53,0.0,-0.35088608,,99.67692,0.0374922669,0.0,83.4759846,0.018216639,218.461264,0.0,369.82897,49.99999499999999,50.0,False
2026-07-07 14:30:00,-0.254,78.8,81.75,83.0,124.95,124.95,,-31.7373,0.0,0.0,,0.0,0.0,0.0,0.0,0.0,0.0,1.05192,5.02,2.6403191999999995,0.0,3.12,0.0,0.0,8.07,0.0,0.0,8.77,0.0,0.0,4.94,0.0,0.0,19.64,0.0,0.0,-2.53,0.0,-0.30584125,,99.67692,0.0530852757,0.0,83.4708278,0.02596798,218.46902,0.0,523.640591,49.99999499999999,50.0,False
2026-07-07 15:00:00,-0.205,84.62,86.61,92.47,64.32,64.32,,-13.185599999999997,0.0,0.0,,0.0,0.0,0.0,0.0,0.0,0.0,0.9147799999999999,5.02,2.2960977999999996,0.0,4.83,0.0,0.0,3.46,0.0,0.0,12.18,0.0,0.0,2.09,0.0,0.0,19.56,0.0,0.0,-5.67,0.0,-0.49309027,,99.67692,0.0782073656,0.0,83.4624809,0.0384650215,218.481591,0.0,771.448403,49.99999499999999,50.0,False
2026-07-07 15:30:00,-0.243,84.62,95.73,95.8,149.0,149.0,,-36.207,0.0,0.0,,0.0,0.0,0.0,0.0,0.0,0.0,1.0740999999999998,5.02,2.6959909999999994,0.0,4.83,0.0,0.0,3.46,0.0,0.0,12.18,0.0,0.0,2.09,0.0,0.0,19.56,0.0,0.0,-5.67,0.0,-0.4000103933333334,,99.67692,0.098591419,0.0,83.4557195,0.0486030161,218.49183,0.0,972.51956,49.99999499999999,50.0,False
2026-07-07 16:00:00,0.0,99.11,100.5,101.0,127.79,127.79,,0.0,0.0,0.0,,0.0,0.0,0.0,0.0,0.0,0.0,1.1796600000000002,5.02,2.9609466,0.0,4.83,0.0,0.0,3.46,0.0,0.0,12.18,0.0,0.0,2.09,0.0,0.0,19.56,0.0,0.0,-5.67,0.0,-0.4715907633333334,,99.67692,0.122607068,0.0,83.4473823,0.060555167,218.503793,0.0,1209.41328,49.99999499999999,50.0,False
2026-07-07 16:30:00,0.0,99.11,98.67,98.68,135.0,135.0,,0.0,0.0,0.0,,0.0,0.0,0.0,0.0,0.0,0.0,1.4219300000000001,5.02,3.5690443,0.0,4.83,0.0,0.0,3.46,0.0,0.0,12.18,0.0,0.0,2.09,0.0,0.0,19.56,0.0,0.0,-5.67,0.0,-0.0024236111333333335,,99.67692,0.122757331,0.0,83.4463336,0.060616592,218.503995,0.0,1210.8955,49.99999499999999,50.0,False
2026-07-07 17:00:00,0.0,105.2,98.48,98.0,135.0,135.0,,0.0,0.0,0.0,,0.0,0.0,0.0,0.0,0.0,0.0,2.61369,5.02,6.560361899999999,0.0,4.83,0.0,0.0,3.46,0.0,0.0,12.18,0.0,0.0,2.09,0.0,0.0,19.56,0.0,0.0,-5.67,0.0,-0.0024639166333333333,,99.67692,0.122906846,0.0,83.4463532,0.0606790385,218.504198,0.0,1212.37034,49.99999499999999,50.0,False
2026-07-07 17:30:00,0.0,105.2,100.0,100.3,150.0,150.0,,0.0,0.0,0.0,,0.0,0.0,0.0,0.0,0.0,0.0,3.1892,5.02,8.004892,0.0,4.83,0.0,0.0,3.46,0.0,0.0,12.18,0.0,0.0,2.09,0.0,0.0,19.56,0.0,0.0,-5.67,0.0,-0.0024431389333333334,,99.67692,0.12305828,0.0,83.4463661,0.060740958,218.504401,0.0,1213.8641,49.99999499999999,50.0,False
2026-07-07 18:00:00,0.0,124.09,106.0,107.0,150.0,150.0,,0.0,0.0,0.0,,0.0,0.0,0.0,0.0,0.0,0.0,4.1782200000000005,5.02,10.4873322,0.0,4.83,0.0,0.0,3.46,0.0,0.0,12.18,0.0,0.0,2.09,0.0,0.0,19.56,0.0,0.0,-5.67,0.0,-0.0025642777666666666,,99.67692,0.123206309,0.0,83.4463803,0.060805948,218.504604,0.0,1215.32428,49.99999499999999,50.0,False
2026-07-07 18:30:00,0.0,124.09,109.5,110.0,139.58,139.58,,0.0,0.0,0.0,,0.0,0.0,0.0,0.0,0.0,0.0,4.1634899999999995,5.02,10.450359899999997,0.0,4.83,0.0,0.0,3.46,0.0,0.0,12.18,0.0,0.0,2.09,0.0,0.0,19.56,0.0,0.0,-5.67,0.0,-0.002520527766666667,,99.67692,0.123355471,0.0,83.4463945,0.060869829,218.504807,0.0,1216.79564,49.99999499999999,50.0,False
2026-07-07 19:00:00,0.0,123.41,123.06,129.0,88.51,88.51,,0.0,0.0,0.0,,0.0,0.0,0.0,0.0,0.0,0.0,5.00095,5.02,12.552384499999999,0.0,4.2,0.0,0.0,1.52,0.0,0.0,8.41,0.0,0.0,-1.3,0.0,0.0,24.55,0.0,0.0,-16.8,0.0,-0.0024729722333333335,,99.67692,0.12350048,0.0,83.4464142,0.060932505,218.504908,0.0,1218.22602,49.99999499999999,50.0,False
2026-07-07 19:30:00,0.0,123.41,127.07,127.99,159.0,159.0,,0.0,0.0,0.0,,0.0,0.0,0.0,0.0,0.0,0.0,5.1205,5.02,12.852454999999999,0.0,4.2,0.0,0.0,1.52,0.0,0.0,8.41,0.0,0.0,-1.3,0.0,0.0,24.55,0.0,0.0,-16.8,0.0,-0.0024979999666666663,,99.67692,0.123656184,0.0,83.4464123,0.060995815,218.505161,0.0,1219.76191,49.99999499999999,50.0,False
2026-07-07 20:00:00,0.0,131.34,129.0,133.0,160.07,160.07,,0.0,0.0,0.0,,0.0,0.0,0.0,0.0,0.0,0.0,5.32674,5.02,13.3701174,0.0,4.2,0.0,0.0,1.52,0.0,0.0,8.41,0.0,0.0,-1.3,0.0,0.0,24.55,0.0,0.0,-16.8,0.0,-0.0024714999666666667,,99.67692,0.123806285,0.0,83.4464286,0.0610584535,218.505313,0.0,1221.24253,49.99999499999999,50.0,False
2026-07-07 20:30:00,0.0,131.34,129.49,127.67,158.32,158.32,,0.0,0.0,0.0,,0.0,0.0,0.0,0.0,0.0,0.0,5.48385,5.02,13.7644635,0.0,4.2,0.0,0.0,1.52,0.0,0.0,8.41,0.0,0.0,-1.3,0.0,0.0,24.55,0.0,0.0,-16.8,0.0,-0.0025468611,,99.67692,0.123960118,0.0,83.4464408,0.061123002,218.505466,0.0,1222.75996,49.99999499999999,50.0,False
2026-07-07 21:00:00,0.0,129.0,127.66,127.67,93.11,93.11,,0.0,0.0,0.0,,0.0,0.0,0.0,0.0,0.0,0.0,5.61198,5.02,14.086069799999999,0.0,4.2,0.0,0.0,1.52,0.0,0.0,8.41,0.0,0.0,-1.3,0.0,0.0,24.55,0.0,0.0,-16.8,0.0,-0.002493916666666667,,99.67692,0.124107555,0.0,83.446447,0.0611862085,218.505719,0.0,1224.2143,49.99999499999999,50.0,False
2026-07-07 21:30:00,0.0,129.0,127.6,127.67,96.06,96.06,,0.0,0.0,0.0,,0.0,0.0,0.0,0.0,0.0,0.0,5.64629,5.02,14.172187899999997,0.0,4.2,0.0,0.0,1.52,0.0,0.0,8.41,0.0,0.0,-1.3,0.0,0.0,24.55,0.0,0.0,-16.8,0.0,-0.0025223889333333333,,99.67692,0.124259632,0.0,83.4464565,0.061250137,218.505871,0.0,1225.71441,49.99999499999999,50.0,False
2026-07-07 22:00:00,0.0,120.77,124.7,129.99,89.97,89.97,,0.0,0.0,0.0,,0.0,0.0,0.0,0.0,0.0,0.0,5.64049,5.02,14.157629899999998,0.0,4.2,0.0,0.0,1.52,0.0,0.0,8.41,0.0,0.0,-1.3,0.0,0.0,24.55,0.0,0.0,-16.8,0.0,-0.0025185555666666667,,99.67692,0.124410033,0.0,83.4464728,0.061313968,218.506074,0.0,1227.19798,49.99999499999999,50.0,False
2026-07-07 22:30:00,0.0,120.77,119.28,119.6,133.72,133.72,,0.0,0.0,0.0,,0.0,0.0,0.0,0.0,0.0,0.0,5.6386899999999995,5.02,14.153111899999997,0.0,4.2,0.0,0.0,1.52,0.0,0.0,8.41,0.0,0.0,-1.3,0.0,0.0,24.55,0.0,0.0,-16.8,0.0,-0.002594138866666667,,99.67692,0.124561416,0.0,83.446479,0.061379715,218.506276,0.0,1228.69125,49.99999499999999,50.0,False
2026-07-07 23:00:00,0.0,110.65,118.01,114.45,144.0,144.0,,0.0,0.0,0.0,,0.0,0.0,0.0,0.0,0.0,0.0,5.63782,5.02,14.150928199999997,0.0,3.28,0.0,0.0,0.76,0.0,0.0,6.75,0.0,0.0,-2.16,0.0,0.0,18.56,0.0,0.0,-11.96,0.0,-0.0025489443999999997,,99.67692,0.124710458,0.0,83.4464926,0.061444316,218.506479,0.0,1230.16142,49.99999499999999,50.0,False
2026-07-07 23:30:00,0.0,110.65,112.75,114.93,144.0,144.0,,0.0,0.0,0.0,,0.0,0.0,0.0,0.0,0.0,0.0,5.63762,5.02,14.150426199999998,0.0,3.28,0.0,0.0,0.76,0.0,0.0,6.75,0.0,0.0,-2.16,0.0,0.0,18.56,0.0,0.0,-11.96,0.0,-0.0024864444,,99.67692,0.12486039,0.0,83.4465102,0.061507333,218.506631,0.0,1231.64037,49.99999499999999,50.0,False
2026-07-08 00:00:00,0.0,107.0,110.0,114.0,106.85,106.85,,0.0,0.0,0.0,,0.0,0.0,0.0,0.0,0.0,0.0,5.6377,5.02,14.150626999999998,0.0,3.28,0.0,0.0,0.76,0.0,0.0,6.75,0.0,0.0,-2.16,0.0,0.0,18.56,0.0,0.0,-11.96,0.0,-0.0025142777666666664,,99.67692,0.125007676,0.0,83.4465244,0.061571056,218.506834,0.0,1233.09322,49.99999499999999,50.0,False
2026-07-08 00:30:00,0.0,107.0,110.42,114.0,125.0,125.0,,0.0,0.0,0.0,,0.0,0.0,0.0,0.0,0.0,0.0,5.63786,5.02,14.151028599999998,0.0,3.28,0.0,0.0,0.76,0.0,0.0,6.75,0.0,0.0,-2.16,0.0,0.0,18.56,0.0,0.0,-11.96,0.0,-0.002539333333333333,,99.67692,0.000151540942,0.0,83.44654,6.4357697e-05,218.507036,0.0,1.49482107,49.99999499999999,50.0,False
2026-07-08 01:00:00,0.0,102.85,100.9,102.75,125.0,125.0,,0.0,0.0,0.0,,0.0,0.0,0.0,0.0,0.0,0.0,5.6379399999999995,5.02,14.151229399999998,0.0,3.28,0.0,0.0,0.76,0.0,0.0,6.75,0.0,0.0,-2.16,0.0,0.0,18.56,0.0,0.0,-11.96,0.0,-0.0024908054666666667,,99.67692,0.000301030295,0.0,83.4465529,0.000127485488,218.507138,0.0,2.96940497,49.99999499999999,50.0,False
2026-07-08 01:30:00,0.0,102.85,104.0,107.25,129.18,129.18,,0.0,0.0,0.0,,0.0,0.0,0.0,0.0,0.0,0.0,5.63909,5.02,14.154115899999999,0.0,3.28,0.0,0.0,0.76,0.0,0.0,6.75,0.0,0.0,-2.16,0.0,0.0,18.56,0.0,0.0,-11.96,0.0,-0.002494111166666667,,99.67692,0.000448927159,0.0,83.4465684,0.000190697059,218.507391,0.0,4.42828035,49.99999499999999,50.0,False
2026-07-08 02:00:00,0.0,98.6,102.6,108.08,93.82,93.82,,0.0,0.0,0.0,,0.0,0.0,0.0,0.0,0.0,0.0,5.6376599999999994,5.02,14.150526599999997,0.0,3.28,0.0,0.0,0.76,0.0,0.0,6.75,0.0,0.0,-2.16,0.0,0.0,18.56,0.0,0.0,-11.96,0.0,-0.0025203333666666667,,99.67692,0.000600846592,0.0,83.4465787,0.000254573215,218.507594,0.0,5.9268349,49.99999499999999,50.0,False
2026-07-08 02:30:00,0.0,98.6,101.1,100.08,126.34,126.34,,0.0,0.0,0.0,,0.0,0.0,0.0,0.0,0.0,0.0,5.63738,5.02,14.1498238,0.0,3.28,0.0,0.0,0.76,0.0,0.0,6.75,0.0,0.0,-2.16,0.0,0.0,18.56,0.0,0.0,-11.96,0.0,-0.0025614722333333335,,99.67692,0.000753149756,0.0,83.4465821,0.000319492008,218.507847,0.0,7.42917463,49.99999499999999,50.0,False
2026-07-08 03:00:00,0.0,96.2,100.69,96.1,94.86,94.86,,0.0,0.0,0.0,,0.0,0.0,0.0,0.0,0.0,0.0,5.63743,5.02,14.1499493,0.0,2.44,0.0,0.0,1.85,0.0,0.0,6.1,0.0,0.0,-0.17,0.0,0.0,7.25,0.0,0.0,-13.04,0.0,-0.0025058611,,99.67692,0.000905230265,0.0,83.4465977,0.000383001373,218.507999,0.0,8.92931807,49.99999499999999,50.0,False
2026-07-08 03:30:00,0.0,96.2,99.3,99.0,96.3,96.3,,0.0,0.0,0.0,,0.0,0.0,0.0,0.0,0.0,0.0,5.63746,5.02,14.150024599999998,0.0,2.44,0.0,0.0,1.85,0.0,0.0,6.1,0.0,0.0,-0.17,0.0,0.0,7.25,0.0,0.0,-13.04,0.0,-0.0025153055333333335,,99.67692,0.00106007386,0.0,83.4466146,0.000446750102,218.508152,0.0,10.456717,49.99999499999999,50.0,False
2026-07-08 04:00:00,0.0,96.1,100.32,96.0,124.94,124.94,,0.0,0.0,0.0,,0.0,0.0,0.0,0.0,0.0,0.0,5.63856,5.02,14.1527856,0.0,2.44,0.0,0.0,1.85,0.0,0.0,6.1,0.0,0.0,-0.17,0.0,0.0,7.25,0.0,0.0,-13.04,0.0,-0.0024970277999999996,,99.67692,0.0012206739,0.0,83.4466342,0.000510035595,218.508405,0.0,12.0408982,49.99999499999999,50.0,False
2026-07-08 04:30:00,0.0,96.1,97.11,96.8,94.95,94.95,,0.0,0.0,0.0,,0.0,0.0,0.0,0.0,0.0,0.0,5.621270000000001,5.02,14.109387700000001,0.0,2.44,0.0,0.0,1.85,0.0,0.0,6.1,0.0,0.0,-0.17,0.0,0.0,7.25,0.0,0.0,-13.04,0.0,-0.0025403889,,99.67692,0.00137355654,0.0,83.4466458,0.00057442004,218.508557,0.0,13.548954,49.99999499999999,50.0,False
2026-07-08 05:00:00,0.0,100.62,105.02,100.59,93.21,93.21,,0.0,0.0,0.0,,0.0,0.0,0.0,0.0,0.0,0.0,5.53688,5.02,13.897568799999998,0.0,2.44,0.0,0.0,1.85,0.0,0.0,6.1,0.0,0.0,-0.17,0.0,0.0,7.25,0.0,0.0,-13.04,0.0,-0.0025184444666666666,,99.67692,0.00152849668,0.0,83.4466573,0.000638248325,218.50871,0.0,15.0773052,49.99999499999999,50.0,False
2026-07-08 05:30:00,0.0,100.62,107.0,102.9,98.0,98.0,,0.0,0.0,0.0,,0.0,0.0,0.0,0.0,0.0,0.0,5.40026,5.02,13.554652599999999,0.0,2.44,0.0,0.0,1.85,0.0,0.0,6.1,0.0,0.0,-0.17,0.0,0.0,7.25,0.0,0.0,-13.04,0.0,-0.0025041388666666668,,99.67692,0.00169593642,0.0,83.4466588,0.00070171404,218.509013,0.0,16.7289543,49.99999499999999,50.0,False
2026-07-08 06:00:00,0.0,112.0,115.12,114.62,98.59,98.59,,0.0,0.0,0.0,,0.0,0.0,0.0,0.0,0.0,0.0,5.28041,5.02,13.253829099999999,0.0,2.44,0.0,0.0,1.85,0.0,0.0,6.1,0.0,0.0,-0.17,0.0,0.0,7.25,0.0,0.0,-13.04,0.0,-0.002538444433333333,,99.67692,0.00186083183,0.0,83.4466723,0.00076604921,218.509115,0.0,18.3555057,49.99999499999999,50.0,False
2026-07-08 06:30:00,0.0,112.0,118.14,121.0,138.9,138.9,,0.0,0.0,0.0,,0.0,0.0,0.0,0.0,0.0,0.0,5.04229,5.02,12.6561479,0.0,2.44,0.0,0.0,1.85,0.0,0.0,6.1,0.0,0.0,-0.17,0.0,0.0,7.25,0.0,0.0,-13.04,0.0,-0.0025215278,,99.67692,0.00201762239,0.0,83.4466785,0.000829955635,218.509318,0.0,19.9021097,49.99999499999999,50.0,False
2026-07-08 07:00:00,0.0,119.18,117.14,115.0,80.99,80.99,,0.0,0.0,0.0,,0.0,0.0,0.0,0.0,0.0,0.0,4.53392,5.02,11.3801392,0.0,3.08,0.0,0.0,2.62,0.0,0.0,6.51,0.0,0.0,-0.68,0.0,0.0,7.25,0.0,0.0,-13.63,0.0,-0.0025083055,,99.67692,0.0021729872,0.0,83.4466901,0.000893526955,218.509571,0.0,21.43465,49.99999499999999,50.0,False
2026-07-08 07:30:00,0.0,119.18,117.14,116.0,154.0,154.0,,0.0,0.0,0.0,,0.0,0.0,0.0,0.0,0.0,0.0,3.8577,5.02,9.682827,0.0,3.08,0.0,0.0,2.62,0.0,0.0,6.51,0.0,0.0,-0.68,0.0,0.0,7.25,0.0,0.0,-13.63,0.0,-0.0025074444333333334,,99.67692,0.00233343041,0.0,83.4467043,0.00095707645,218.509672,0.0,23.0172842,49.99999499999999,50.0,False
2026-07-08 08:00:00,0.0,111.83,114.0,114.99,139.0,139.0,,0.0,0.0,0.0,,0.0,0.0,0.0,0.0,0.0,0.0,3.11889,5.02,7.828413899999999,0.0,3.08,0.0,0.0,2.62,0.0,0.0,6.51,0.0,0.0,-0.68,0.0,0.0,7.25,0.0,0.0,-13.63,0.0,-0.0024799443999999997,,99.67692,0.0024831417,0.0,83.4467199,0.00101992898,218.509875,0.0,24.4940574,49.99999499999999,50.0,False
2026-07-08 08:30:00,0.0,111.83,108.86,109.01,154.0,154.0,,0.0,0.0,0.0,,0.0,0.0,0.0,0.0,0.0,0.0,2.3956399999999998,5.02,6.013056399999999,0.0,3.08,0.0,0.0,2.62,0.0,0.0,6.51,0.0,0.0,-0.68,0.0,0.0,7.25,0.0,0.0,-13.63,0.0,-0.0025351111666666666,,99.67692,0.00262887793,0.0,83.4467335,0.00108417966,218.510129,0.0,25.9316199,49.99999499999999,50.0,False
2026-07-08 09:00:00,0.0,98.58,109.19,111.19,143.56,143.56,,0.0,0.0,0.0,,0.0,0.0,0.0,0.0,0.0,0.0,1.7220199999999999,5.02,4.322270199999999,0.0,3.08,0.0,0.0,2.62,0.0,0.0,6.51,0.0,0.0,-0.68,0.0,0.0,7.25,0.0,0.0,-13.63,0.0,-0.002442277833333333,,99.67692,0.00277958201,0.0,83.446747,0.00114607756,218.510331,0.0,27.4181861,49.99999499999999,50.0,False
2026-07-08 09:30:00,0.0,98.58,100.65,99.01,140.49,140.49,,0.0,0.0,0.0,,0.0,0.0,0.0,0.0,0.0,0.0,1.14026,5.02,2.8620525999999997,0.0,3.08,0.0,0.0,2.62,0.0,0.0,6.51,0.0,0.0,-0.68,0.0,0.0,7.25,0.0,0.0,-13.63,0.0,-0.0025524166333333333,,99.67692,0.00293457057,0.0,83.4467612,0.00121076684,218.510483,0.0,28.9470149,49.99999499999999,50.0,False
2026-07-08 10:00:00,-0.164,96.0,99.86,97.8,120.0,120.0,,-19.68,0.0,0.0,,0.0,0.0,0.0,0.0,0.0,0.0,0.94765,5.02,2.3786015,0.0,3.08,0.0,0.0,2.62,0.0,0.0,6.51,0.0,0.0,-0.68,0.0,0.0,7.25,0.0,0.0,-13.63,0.0,-0.0023718333333333334,,99.67692,0.0030862151,0.0,83.4467714,0.00127087936,218.510686,0.0,30.4428578,49.99999499999999,50.0,False
2026-07-08 10:30:00,-0.247,96.0,96.04,95.74,85.5,85.5,,-21.1185,0.0,0.0,,0.0,0.0,0.0,0.0,0.0,0.0,0.65559,5.02,1.6455308999999998,0.0,3.08,0.0,0.0,2.62,0.0,0.0,6.51,0.0,0.0,-0.68,0.0,0.0,7.25,0.0,0.0,-13.63,0.0,-0.32591230556666667,,99.67692,0.019706844,0.0,83.4426584,0.00953090775,218.51905,0.0,194.391068,49.99999499999999,50.0,False
2026-07-08 11:00:00,-0.247,91.2,95.1,92.0,85.3,85.3,,-21.0691,0.0,0.0,,0.0,0.0,0.0,0.0,0.0,0.0,0.49207,5.02,1.2350957,0.0,2.07,0.0,0.0,2.41,0.0,0.0,5.29,0.0,0.0,0.25,0.0,0.0,12.49,0.0,0.0,-8.5,0.0,-0.4891176166666667,,99.67692,0.0446169204,0.0,83.4343858,0.021927265,218.53152,0.0,440.107549,49.99999499999999,50.0,False
2026-07-08 11:30:00,-0.182,91.2,93.63,89.79,125.0,125.0,,-22.75,0.0,0.0,,0.0,0.0,0.0,0.0,0.0,0.0,0.37786000000000003,5.02,0.9484286,0.0,2.07,0.0,0.0,2.41,0.0,0.0,5.29,0.0,0.0,0.25,0.0,0.0,12.49,0.0,0.0,-8.5,0.0,-0.48950136333333333,,99.67692,0.0695565788,0.0,83.4260947,0.0343333482,218.543989,0.0,686.115831,49.99999499999999,50.0,False
2026-07-08 12:00:00,0.0,91.08,93.86,92.69,85.5,85.5,,0.0,0.0,0.0,,0.0,0.0,0.0,0.0,0.0,0.0,0.12682,5.02,0.31831819999999994,0.0,2.07,0.0,0.0,2.41,0.0,0.0,5.29,0.0,0.0,0.25,0.0,0.0,12.49,0.0,0.0,-8.5,0.0,-0.3620318283333333,,99.67692,0.0879911061,0.0,83.418667,0.0435088016,218.553214,0.0,867.956589,49.99999499999999,50.0,False
2026-07-08 12:30:00,0.0,91.08,92.63,92.8,87.55,87.55,,0.0,0.0,0.0,,0.0,0.0,0.0,0.0,0.0,0.0,0.03915999999999999,5.02,0.09829159999999998,0.0,2.07,0.0,0.0,2.41,0.0,0.0,5.29,0.0,0.0,0.25,0.0,0.0,12.49,0.0,0.0,-8.5,0.0,-0.002446305533333333,,99.67692,0.0881467439,0.0,83.418598,0.0435708016,218.553416,0.0,869.491822,49.99999499999999,50.0,False
2026-07-08 13:00:00,0.0,91.29,96.7,95.74,102.16,102.16,,0.0,0.0,0.0,,0.0,0.0,0.0,0.0,0.0,0.0,0.23223,5.02,0.5828973,0.0,2.07,0.0,0.0,2.41,0.0,0.0,5.29,0.0,0.0,0.25,0.0,0.0,12.49,0.0,0.0,-8.5,0.0,-0.0027970833666666668,,99.67692,0.0883141775,0.0,83.4186109,0.0436416918,218.553671,0.0,871.143411,49.99999499999999,50.0,False
2026-07-08 13:30:00,0.0,91.29,95.0,93.97,85.3,85.3,,0.0,0.0,0.0,,0.0,0.0,0.0,0.0,0.0,0.0,0.19671,5.02,0.49374209999999996,0.0,2.07,0.0,0.0,2.41,0.0,0.0,5.29,0.0,0.0,0.25,0.0,0.0,12.49,0.0,0.0,-8.5,0.0,-0.004330305633333334,,99.67692,0.0885603355,0.0,83.4185957,0.0437514404,218.553923,0.0,873.571548,49.99999499999999,50.0,False
2026-07-08 14:00:00,0.0,91.1,95.5,92.76,101.46,101.46,,0.0,0.0,0.0,,0.0,0.0,0.0,0.0,0.0,0.0,1.11875,5.02,2.8080624999999997,0.0,2.07,0.0,0.0,2.41,0.0,0.0,5.29,0.0,0.0,0.25,0.0,0.0,12.49,0.0,0.0,-8.5,0.0,-0.002418333333333333,,99.67692,0.0887128893,0.0,83.418604,0.0438127315,218.554177,0.0,875.07636,49.99999499999999,50.0,False
2026-07-08 14:30:00,0.0,91.1,95.6,92.76,125.0,125.0,,0.0,0.0,0.0,,0.0,0.0,0.0,0.0,0.0,0.0,1.36907,5.02,3.4363656999999996,0.0,2.07,0.0,0.0,2.41,0.0,0.0,5.29,0.0,0.0,0.25,0.0,0.0,12.49,0.0,0.0,-8.5,0.0,-0.002409277766666667,,99.67692,0.0888634473,0.0,83.4186203,0.043873793,218.554329,0.0,876.561485,49.99999499999999,50.0,False
2026-07-08 15:00:00,0.0,93.75,94.5,86.5,125.0,125.0,,0.0,0.0,0.0,,0.0,0.0,0.0,0.0,0.0,0.0,0.10703,5.02,0.2686453,0.0,3.17,0.0,0.0,3.46,0.0,0.0,6.48,0.0,0.0,2.92,0.0,0.0,7.25,0.0,0.0,-4.78,0.0,-0.0024747778,,99.67692,0.0890087643,0.0,83.418632,0.0439365147,218.554532,0.0,877.994912,49.99999499999999,50.0,False
2026-07-08 15:30:00,0.0,93.75,97.13,93.78,125.0,125.0,,0.0,0.0,0.0,,0.0,0.0,0.0,0.0,0.0,0.0,0.26006,5.02,0.6527506,0.0,3.17,0.0,0.0,3.46,0.0,0.0,6.48,0.0,0.0,2.92,0.0,0.0,7.25,0.0,0.0,-4.78,0.0,-0.0024888055333333334,,99.67692,0.089154837,0.0,83.4186382,0.0439995917,218.554836,0.0,879.435794,49.99999499999999,50.0,False
2026-07-08 16:00:00,0.0,101.99,103.79,101.98,125.0,125.0,,0.0,0.0,0.0,,0.0,0.0,0.0,0.0,0.0,0.0,1.84004,5.02,4.618500399999999,0.0,3.17,0.0,0.0,3.46,0.0,0.0,6.48,0.0,0.0,2.92,0.0,0.0,7.25,0.0,0.0,-4.78,0.0,-0.0024391389,,99.67692,0.0893009127,0.0,83.4186606,0.04406141,218.554937,0.0,880.876705,49.99999499999999,50.0,False
2026-07-08 16:30:00,0.0,101.99,101.57,101.0,91.73,91.73,,0.0,0.0,0.0,,0.0,0.0,0.0,0.0,0.0,0.0,1.4733900000000002,5.02,3.6982089,0.0,3.17,0.0,0.0,3.46,0.0,0.0,6.48,0.0,0.0,2.92,0.0,0.0,7.25,0.0,0.0,-4.78,0.0,-0.0024354166333333334,,99.67692,0.0894414166,0.0,83.4186622,0.044123134,218.55514,0.0,882.262655,49.99999499999999,50.0,False
2026-07-08 17:00:00,0.0,113.0,108.94,99.79,97.73,97.73,,0.0,0.0,0.0,,0.0,0.0,0.0,0.0,0.0,0.0,2.48829,5.02,6.2456078999999995,0.0,3.17,0.0,0.0,3.46,0.0,0.0,6.48,0.0,0.0,2.92,0.0,0.0,7.25,0.0,0.0,-4.78,0.0,-0.0024123332666666666,,99.67692,0.0895818456,0.0,83.41868,0.0441842731,218.555393,0.0,883.647866,49.99999499999999,50.0,False
2026-07-08 17:30:00,0.0,113.0,112.4,113.43,175.0,175.0,,0.0,0.0,0.0,,0.0,0.0,0.0,0.0,0.0,0.0,2.64488,5.02,6.6386487999999995,0.0,3.17,0.0,0.0,3.46,0.0,0.0,6.48,0.0,0.0,2.92,0.0,0.0,7.25,0.0,0.0,-4.78,0.0,-0.00246675,,99.67692,0.0897179845,0.0,83.4186863,0.0442467911,218.555545,0.0,884.99076,49.99999499999999,50.0,False
2026-07-08 18:00:00,0.0,137.0,124.0,117.0,114.11,114.11,,0.0,0.0,0.0,,0.0,0.0,0.0,0.0,0.0,0.0,3.46461,5.02,8.696171099999999,0.0,3.17,0.0,0.0,3.46,0.0,0.0,6.48,0.0,0.0,2.92,0.0,0.0,7.25,0.0,0.0,-4.78,0.0,-0.0024521667,,99.67692,0.0898531594,0.0,83.4186946,0.0443089396,218.555748,0.0,886.324144,49.99999499999999,50.0,False
2026-07-08 18:30:00,0.0,137.0,136.52,131.78,195.0,195.0,,0.0,0.0,0.0,,0.0,0.0,0.0,0.0,0.0,0.0,4.23538,5.02,10.630803799999999,0.0,3.17,0.0,0.0,3.46,0.0,0.0,6.48,0.0,0.0,2.92,0.0,0.0,7.25,0.0,0.0,-4.78,0.0,-0.0024516666333333336,,99.67692,0.0899952018,0.0,83.418707,0.0443710755,218.555951,0.0,887.72527,49.99999499999999,50.0,False
2026-07-08 19:00:00,0.0,141.43,149.66,142.0,120.7,120.7,,0.0,0.0,0.0,,0.0,0.0,0.0,0.0,0.0,0.0,4.93466,5.02,12.385996599999999,0.0,5.2,0.0,0.0,2.93,0.0,0.0,9.7,0.0,0.0,0.0,0.0,0.0,20.28,0.0,0.0,-14.42,0.0,-0.0024764166666666667,,99.67692,0.090134125,0.0,83.4187254,0.0444338387,218.556103,0.0,889.095628,49.99999499999999,50.0,False
2026-07-08 19:30:00,0.0,141.43,148.11,145.69,175.65,175.65,,0.0,0.0,0.0,,0.0,0.0,0.0,0.0,0.0,0.0,5.2366,5.02,13.143866,0.0,5.2,0.0,0.0,2.93,0.0,0.0,9.7,0.0,0.0,0.0,0.0,0.0,20.28,0.0,0.0,-14.42,0.0,-0.0025475833666666666,,99.67692,0.0902787875,0.0,83.4187317,0.0444984054,218.556255,0.0,890.522599,49.99999499999999,50.0,False
2026-07-08 20:00:00,0.0,151.42,155.83,153.41,144.0,144.0,,0.0,0.0,0.0,,0.0,0.0,0.0,0.0,0.0,0.0,5.39363,5.02,13.538011299999999,0.0,5.2,0.0,0.0,2.93,0.0,0.0,9.7,0.0,0.0,0.0,0.0,0.0,20.28,0.0,0.0,-14.42,0.0,-0.0024981388333333333,,99.67692,0.0904174935,0.0,83.4187441,0.044561719,218.556509,0.0,891.890814,49.99999499999999,50.0,False
2026-07-08 20:30:00,0.006,151.42,155.1,154.22,112.71,112.71,,0.0,0.67626,0.0,,0.0,0.0,0.0,0.0,0.0,0.0,5.515,5.02,13.842649999999997,0.0,5.2,0.0,0.0,2.93,0.0,0.0,9.7,0.0,0.0,0.0,0.0,0.0,20.28,0.0,0.0,-14.42,0.0,-0.0024797221666666668,,99.67692,0.0905596794,0.0,83.4187524,0.044624566,218.55661,0.0,893.293356,49.99999499999999,50.0,False
2026-07-08 21:00:00,0.141,146.39,156.51,151.39,111.08,111.08,,15.662279999999999,0.0,0.0,,0.0,0.0,0.0,0.0,0.0,0.0,5.3302700000000005,5.02,13.3789777,0.0,5.2,0.0,0.0,2.93,0.0,0.0,9.7,0.0,0.0,0.0,0.0,0.0,20.28,0.0,0.0,-14.42,0.0,0.010067027766666667,,99.67692,0.0906052965,0.00055163759,83.4189734,0.0449213177,218.558181,5.44143042,893.743329,49.99999499999999,50.0,False
2026-07-08 21:30:00,0.212,146.39,151.16,150.0,99.09,99.09,,21.00708,0.0,0.0,,0.0,0.0,0.0,0.0,0.0,0.0,5.219060000000001,5.02,13.0998406,0.0,5.2,0.0,0.0,2.93,0.0,0.0,9.7,0.0,0.0,0.0,0.0,0.0,20.28,0.0,0.0,-14.42,0.0,0.27944628,,99.67692,0.0906052965,0.0148195706,83.4231519,0.0520036959,218.565328,146.182319,893.743329,49.99999499999999,50.0,False
2026-07-08 22:00:00,0.114,133.53,148.0,143.0,153.61,153.61,,17.511540000000004,0.0,0.0,,0.0,0.0,0.0,0.0,0.0,0.0,5.40737,5.02,13.572498699999999,0.0,5.2,0.0,0.0,2.93,0.0,0.0,9.7,0.0,0.0,0.0,0.0,0.0,20.28,0.0,0.0,-14.42,0.0,0.42043772,,99.67692,0.0906052965,0.036227772,83.4318021,0.0626594074,218.576024,357.355815,893.743329,49.99999499999999,50.0,False
2026-07-08 22:30:00,0.006,133.53,135.45,131.5,127.58,127.58,,0.0,0.76548,0.0,,0.0,0.0,0.0,0.0,0.0,0.0,5.6258,5.02,14.120757999999999,0.0,5.2,0.0,0.0,2.93,0.0,0.0,9.7,0.0,0.0,0.0,0.0,0.0,20.28,0.0,0.0,-14.42,0.0,0.2258369133333333,,99.67692,0.0906537707,0.047764355,83.4378917,0.0684255736,218.581904,471.154285,894.221486,49.99999499999999,50.0,False
2026-07-08 23:00:00,0.0,123.5,128.5,122.0,101.49,101.49,,0.0,0.0,0.0,,0.0,0.0,0.0,0.0,0.0,0.0,5.63807,5.02,14.1515557,0.0,3.0,0.0,0.0,0.7,0.0,0.0,9.18,0.0,0.0,-1.51,0.0,0.0,20.29,0.0,0.0,-15.0,0.0,0.010334250166666668,,99.67692,0.0907550532,0.0483737667,83.4381606,0.0687724607,218.58241,477.165607,895.22055,49.99999499999999,50.0,False
2026-07-08 23:30:00,0.0,123.5,123.42,119.12,94.58,94.58,,0.0,0.0,0.0,,0.0,0.0,0.0,0.0,0.0,0.0,5.63803,5.02,14.151455299999999,0.0,3.0,0.0,0.0,0.7,0.0,0.0,9.18,0.0,0.0,-1.51,0.0,0.0,20.29,0.0,0.0,-15.0,0.0,-0.0024647499666666664,,99.67692,0.0909085646,0.0483737667,83.4381701,0.0688349282,218.582562,477.165607,896.734808,49.99999499999999,50.0,False
2026-07-09 00:00:00,0.0,118.36,117.12,115.37,95.16,95.16,,0.0,0.0,0.0,,0.0,0.0,0.0,0.0,0.0,0.0,5.63969,5.02,14.155621899999998,0.0,3.0,0.0,0.0,0.7,0.0,0.0,9.18,0.0,0.0,-1.51,0.0,0.0,20.29,0.0,0.0,-15.0,0.0,-0.0025207499666666665,,99.67692,0.0910682556,0.0483737667,83.4381764,0.0688988149,218.582765,477.165607,898.310023,49.99999499999999,50.0,False
2026-07-09 00:30:00,0.0,118.36,116.5,114.48,92.54,92.54,,0.0,0.0,0.0,,0.0,0.0,0.0,0.0,0.0,0.0,5.63825,5.02,14.1520075,0.0,3.0,0.0,0.0,0.7,0.0,0.0,9.18,0.0,0.0,-1.51,0.0,0.0,20.29,0.0,0.0,-15.0,0.0,-0.0024731110999999997,,99.67692,0.000156497963,0.0,83.4381906,6.2679339e-05,218.582918,0.0,1.54371782,49.99999499999999,50.0,False
2026-07-09 01:00:00,0.0,113.82,110.8,113.78,102.98,102.98,,0.0,0.0,0.0,,0.0,0.0,0.0,0.0,0.0,0.0,5.63806,5.02,14.1515306,0.0,3.0,0.0,0.0,0.7,0.0,0.0,9.18,0.0,0.0,-1.51,0.0,0.0,20.29,0.0,0.0,-15.0,0.0,-0.002490916666666667,,99.67692,0.000318060518,0.0,83.4381921,0.000125809948,218.583171,0.0,3.13739348,49.99999499999999,50.0,False
2026-07-09 01:30:00,0.0,113.82,110.44,113.65,103.71,103.71,,0.0,0.0,0.0,,0.0,0.0,0.0,0.0,0.0,0.0,5.63827,5.02,14.1520577,0.0,3.0,0.0,0.0,0.7,0.0,0.0,9.18,0.0,0.0,-1.51,0.0,0.0,20.29,0.0,0.0,-15.0,0.0,-0.0025195,,99.67692,0.000478866204,0.0,83.4382044,0.000189664983,218.583373,0.0,4.72360328,49.99999499999999,50.0,False
2026-07-09 02:00:00,0.0,110.8,114.03,112.43,138.0,138.0,,0.0,0.0,0.0,,0.0,0.0,0.0,0.0,0.0,0.0,5.6389,5.02,14.153638999999998,0.0,3.0,0.0,0.0,0.7,0.0,0.0,9.18,0.0,0.0,-1.51,0.0,0.0,20.29,0.0,0.0,-15.0,0.0,-0.0024591111666666665,,99.67692,0.00063693594,0.0,83.4382167,0.000251989503,218.583526,0.0,6.28282528,49.99999499999999,50.0,False
2026-07-09 02:30:00,0.0,110.8,111.66,112.1,134.0,134.0,,0.0,0.0,0.0,,0.0,0.0,0.0,0.0,0.0,0.0,5.6384300000000005,5.02,14.1524593,0.0,3.0,0.0,0.0,0.7,0.0,0.0,9.18,0.0,0.0,-1.51,0.0,0.0,20.29,0.0,0.0,-15.0,0.0,-0.0025032222,,99.67692,0.00079770111,0.0,83.438233,0.000315431987,218.583729,0.0,7.86863543,49.99999499999999,50.0,False
2026-07-09 03:00:00,0.0,109.15,113.23,114.0,94.33,94.33,,0.0,0.0,0.0,,0.0,0.0,0.0,0.0,0.0,0.0,5.63896,5.02,14.153789599999998,0.0,2.44,0.0,0.0,0.36,0.0,0.0,11.46,0.0,0.0,-3.8,0.0,0.0,5.68,0.0,0.0,-15.97,0.0,-0.0024467777333333335,,99.67692,0.000957608071,0.0,83.4382412,0.000377443924,218.583931,0.0,9.44598008,49.99999499999999,50.0,False
2026-07-09 03:30:00,0.0,109.15,113.28,113.66,94.34,94.34,,0.0,0.0,0.0,,0.0,0.0,0.0,0.0,0.0,0.0,5.63802,5.02,14.151430199999998,0.0,2.44,0.0,0.0,0.36,0.0,0.0,11.46,0.0,0.0,-3.8,0.0,0.0,5.68,0.0,0.0,-15.97,0.0,-0.0025018611000000002,,99.67692,0.0011143459,0.0,83.4382535,0.000440851913,218.584083,0.0,10.992064,49.99999499999999,50.0,False
2026-07-09 04:00:00,0.0,115.93,117.39,118.0,148.8,148.8,,0.0,0.0,0.0,,0.0,0.0,0.0,0.0,0.0,0.0,5.63908,5.02,14.154090799999999,0.0,2.44,0.0,0.0,0.36,0.0,0.0,11.46,0.0,0.0,-3.8,0.0,0.0,5.68,0.0,0.0,-15.97,0.0,-0.0024834722,,99.67692,0.00127467203,0.0,83.4382658,0.000503793845,218.584286,0.0,12.5735434,49.99999499999999,50.0,False
2026-07-09 04:30:00,0.0,115.93,117.7,115.34,98.0,98.0,,0.0,0.0,0.0,,0.0,0.0,0.0,0.0,0.0,0.0,5.62853,5.02,14.127610299999997,0.0,2.44,0.0,0.0,0.36,0.0,0.0,11.46,0.0,0.0,-3.8,0.0,0.0,5.68,0.0,0.0,-15.97,0.0,-0.00248025,,99.67692,0.00143465668,0.0,83.4382754,0.00056665412,218.58454,0.0,14.1516543,49.99999499999999,50.0,False
2026-07-09 05:00:00,0.0,120.0,121.49,120.67,126.68,126.68,,0.0,0.0,0.0,,0.0,0.0,0.0,0.0,0.0,0.0,5.540520000000001,5.02,13.906705200000001,0.0,2.44,0.0,0.0,0.36,0.0,0.0,11.46,0.0,0.0,-3.8,0.0,0.0,5.68,0.0,0.0,-15.97,0.0,-0.0025009722000000002,,99.67692,0.0015997045,0.0,83.4382816,0.00063003958,218.584692,0.0,15.7797091,49.99999499999999,50.0,False
2026-07-09 05:30:00,0.0,120.0,123.12,118.6,98.87,98.87,,0.0,0.0,0.0,,0.0,0.0,0.0,0.0,0.0,0.0,5.40055,5.02,13.555380499999998,0.0,2.44,0.0,0.0,0.36,0.0,0.0,11.46,0.0,0.0,-3.8,0.0,0.0,5.68,0.0,0.0,-15.97,0.0,-0.0024948055333333333,,99.67692,0.00176215452,0.0,83.4382918,0.000693268745,218.584844,0.0,17.3821389,49.99999499999999,50.0,False
2026-07-09 06:00:00,0.0,124.2,129.77,130.57,128.75,128.75,,0.0,0.0,0.0,,0.0,0.0,0.0,0.0,0.0,0.0,5.25913,5.02,13.200416299999999,0.0,2.44,0.0,0.0,0.36,0.0,0.0,11.46,0.0,0.0,-3.8,0.0,0.0,5.68,0.0,0.0,-15.97,0.0,-0.0024832777999999997,,99.67692,0.00192851742,0.0,83.4383054,0.000756205755,218.585097,0.0,19.0231658,49.99999499999999,50.0,False
2026-07-09 06:30:00,0.0,124.2,133.5,134.55,93.01,93.01,,0.0,0.0,0.0,,0.0,0.0,0.0,0.0,0.0,0.0,5.02063,5.02,12.601781299999999,0.0,2.44,0.0,0.0,0.36,0.0,0.0,11.46,0.0,0.0,-3.8,0.0,0.0,5.68,0.0,0.0,-15.97,0.0,-0.0025101667,,99.67692,0.00209114665,0.0,83.4383231,0.00081982424,218.585198,0.0,20.6273633,49.99999499999999,50.0,False
2026-07-09 07:00:00,0.0,126.94,125.72,120.4,91.9,91.9,,0.0,0.0,0.0,,0.0,0.0,0.0,0.0,0.0,0.0,4.55001,5.02,11.420525099999999,0.0,2.77,0.0,0.0,3.13,0.0,0.0,8.03,0.0,0.0,1.49,0.0,0.0,18.33,0.0,0.0,-11.79,0.0,-0.0024812222333333335,,99.67692,0.0022562058,0.0,83.4383266,0.00088270915,218.585401,0.0,22.2555299,49.99999499999999,50.0,False
2026-07-09 07:30:00,0.0,126.94,128.38,120.52,90.36,90.36,,0.0,0.0,0.0,,0.0,0.0,0.0,0.0,0.0,0.0,3.9129899999999997,5.02,9.821604899999999,0.0,2.77,0.0,0.0,3.13,0.0,0.0,8.03,0.0,0.0,1.49,0.0,0.0,18.33,0.0,0.0,-11.79,0.0,-0.0023884165999999997,,99.67692,0.00241910005,0.0,83.4383462,0.000943241965,218.585655,0.0,23.8623416,49.99999499999999,50.0,False
2026-07-09 08:00:00,0.0,113.37,115.57,115.0,108.82,108.82,,0.0,0.0,0.0,,0.0,0.0,0.0,0.0,0.0,0.0,3.21133,5.02,8.0604383,0.0,2.77,0.0,0.0,3.13,0.0,0.0,8.03,0.0,0.0,1.49,0.0,0.0,18.33,0.0,0.0,-11.79,0.0,-0.002364666666666667,,99.67692,0.00258478215,0.0,83.4383679,0.00100317285,218.585807,0.0,25.496653,49.99999499999999,50.0,False
2026-07-09 08:30:00,0.0,113.37,110.38,108.38,103.96,103.96,,0.0,0.0,0.0,,0.0,0.0,0.0,0.0,0.0,0.0,2.50602,5.02,6.290110199999999,0.0,2.77,0.0,0.0,3.13,0.0,0.0,8.03,0.0,0.0,1.49,0.0,0.0,18.33,0.0,0.0,-11.79,0.0,-0.0024757222333333336,,99.67692,0.0027486364,0.0,83.4383814,0.00106591837,218.586009,0.0,27.1129343,49.99999499999999,50.0,False
2026-07-09 09:00:00,0.0,100.0,109.0,106.0,125.72,125.72,,0.0,0.0,0.0,,0.0,0.0,0.0,0.0,0.0,0.0,1.86173,5.02,4.6729423,0.0,2.77,0.0,0.0,3.13,0.0,0.0,8.03,0.0,0.0,1.49,0.0,0.0,18.33,0.0,0.0,-11.79,0.0,-0.0024498889,,99.67692,0.00291116864,0.0,83.4383856,0.00112800915,218.586212,0.0,28.716175,49.99999499999999,50.0,False
2026-07-09 09:30:00,-0.004,100.0,112.0,113.0,101.82,101.82,,0.0,-0.40728,0.0,,0.0,0.0,0.0,0.0,0.0,0.0,1.2872000000000001,5.02,3.230872,0.0,2.77,0.0,0.0,3.13,0.0,0.0,8.03,0.0,0.0,1.49,0.0,0.0,18.33,0.0,0.0,-11.79,0.0,-0.004278555466666667,,99.67692,0.00316707999,0.0,83.4383898,0.00123644627,218.586415,0.0,31.2405204,49.99999499999999,50.0,False
2026-07-09 10:00:00,0.0,98.88,109.88,110.0,117.45,117.45,,0.0,0.0,0.0,,0.0,0.0,0.0,0.0,0.0,0.0,0.76405,5.02,1.9177654999999998,0.0,2.77,0.0,0.0,3.13,0.0,0.0,8.03,0.0,0.0,1.49,0.0,0.0,18.33,0.0,0.0,-11.79,0.0,-0.009211333133333333,,99.67692,0.00367490044,0.0,83.4382629,0.00146990132,218.58682,0.0,36.2497324,49.99999499999999,50.0,False
2026-07-09 10:30:00,0.0,98.88,104.0,102.0,117.44,117.44,,0.0,0.0,0.0,,0.0,0.0,0.0,0.0,0.0,0.0,0.33602,5.02,0.8434101999999999,0.0,2.77,0.0,0.0,3.13,0.0,0.0,8.03,0.0,0.0,1.49,0.0,0.0,18.33,0.0,0.0,-11.79,0.0,-0.002453194466666667,,99.67692,0.00384049315,0.0,83.4382798,0.00153207589,218.587023,0.0,37.8831621,49.99999499999999,50.0,False
2026-07-09 11:00:00,-0.051,94.15,97.74,96.0,70.01,70.01,,0.0,-3.57051,0.0,,0.0,0.0,0.0,0.0,0.0,0.0,0.15336000000000002,5.02,0.38493360000000004,0.0,1.76,0.0,0.0,3.43,0.0,0.0,5.34,0.0,0.0,1.94,0.0,0.0,14.22,0.0,0.0,-11.84,0.0,-0.0024367778,,99.67692,0.00400611303,0.0,83.4382954,0.00159383438,218.587226,0.0,39.5168598,49.99999499999999,50.0,False
2026-07-09 11:30:00,-0.134,94.15,96.64,96.18,70.01,70.01,,-9.381340000000002,0.0,0.0,,0.0,0.0,0.0,0.0,0.0,0.0,0.27575,5.02,0.6921324999999999,0.0,1.76,0.0,0.0,3.43,0.0,0.0,5.34,0.0,0.0,1.94,0.0,0.0,14.22,0.0,0.0,-11.84,0.0,-0.10056699886666666,,99.67692,0.00916461127,0.0,83.4366345,0.00414263739,218.589912,0.0,90.4010086,49.99999499999999,50.0,False
2026-07-09 12:00:00,-0.098,92.83,96.08,96.0,55.1,55.1,,0.0,-5.3998,0.0,,0.0,0.0,0.0,0.0,0.0,0.0,0.20912,5.02,0.5248912,0.0,1.76,0.0,0.0,3.43,0.0,0.0,5.34,0.0,0.0,1.94,0.0,0.0,14.22,0.0,0.0,-11.84,0.0,-0.259307972,,99.67692,0.022417032,0.0,83.4328826,0.0107146237,218.596553,0.0,221.124742,49.99999499999999,50.0,False
2026-07-09 12:30:00,0.0,92.83,96.04,96.0,80.0,80.0,,0.0,0.0,0.0,,0.0,0.0,0.0,0.0,0.0,0.0,0.15544,5.02,0.39015439999999996,0.0,1.76,0.0,0.0,3.43,0.0,0.0,5.34,0.0,0.0,1.94,0.0,0.0,14.22,0.0,0.0,-11.84,0.0,-0.18824922219999998,,99.67692,0.0320287584,0.0,83.4291083,0.0154856737,218.60147,0.0,315.936157,49.99999499999999,50.0,False
2026-07-09 13:00:00,0.0,93.2,96.08,96.0,88.93,88.93,,0.0,0.0,0.0,,0.0,0.0,0.0,0.0,0.0,0.0,0.14155,5.02,0.3552905,0.0,1.76,0.0,0.0,3.43,0.0,0.0,5.34,0.0,0.0,1.94,0.0,0.0,14.22,0.0,0.0,-11.84,0.0,-0.0024390277333333336,,99.67692,0.0321911748,0.0,83.4291199,0.0155474892,218.601673,0.0,317.538255,49.99999499999999,50.0,False
2026-07-09 13:30:00,0.0,93.2,94.94,94.94,85.84,85.84,,0.0,0.0,0.0,,0.0,0.0,0.0,0.0,0.0,0.0,0.03713,5.02,0.0931963,0.0,1.76,0.0,0.0,3.43,0.0,0.0,5.34,0.0,0.0,1.94,0.0,0.0,14.22,0.0,0.0,-11.84,0.0,-0.0024898332666666665,,99.67692,0.0323564141,0.0,83.4291422,0.0156105924,218.601875,0.0,319.168199,49.99999499999999,50.0,False
2026-07-09 14:00:00,0.0,94.16,94.47,93.9,120.23,120.23,,0.0,0.0,0.0,,0.0,0.0,0.0,0.0,0.0,0.0,0.037899999999999996,5.02,0.09512899999999998,0.0,1.76,0.0,0.0,3.43,0.0,0.0,5.34,0.0,0.0,1.94,0.0,0.0,14.22,0.0,0.0,-11.84,0.0,-0.002469166666666667,,99.67692,0.0325191144,0.0,83.4291619,0.0156731717,218.602179,0.0,320.773097,49.99999499999999,50.0,False
2026-07-09 14:30:00,0.0,94.16,94.99,92.0,149.0,149.0,,0.0,0.0,0.0,,0.0,0.0,0.0,0.0,0.0,0.0,0.049909999999999996,5.02,0.12527409999999997,0.0,1.76,0.0,0.0,3.43,0.0,0.0,5.34,0.0,0.0,1.94,0.0,0.0,14.22,0.0,0.0,-11.84,0.0,-0.0024865555666666664,,99.67692,0.0326830392,0.0,83.4291681,0.0157361919,218.602281,0.0,322.390074,49.99999499999999,50.0,False
2026-07-09 15:00:00,0.0,96.78,93.22,87.0,89.0,89.0,,0.0,0.0,0.0,,0.0,0.0,0.0,0.0,0.0,0.0,0.17475,5.02,0.4386224999999999,0.0,2.72,0.0,0.0,5.48,0.0,0.0,5.17,0.0,0.0,5.2,0.0,0.0,6.97,0.0,0.0,-3.26,0.0,-0.00253725,,99.67692,0.0328450922,0.0,83.429181,0.0158004968,218.602534,0.0,323.988588,49.99999499999999,50.0,False
2026-07-09 15:30:00,0.0,96.78,93.79,93.99,142.9,142.9,,0.0,0.0,0.0,,0.0,0.0,0.0,0.0,0.0,0.0,0.67464,5.02,1.6933463999999998,0.0,2.72,0.0,0.0,5.48,0.0,0.0,5.17,0.0,0.0,5.2,0.0,0.0,6.97,0.0,0.0,-3.26,0.0,-0.0025141666666666667,,99.67692,0.0330053454,0.0,83.4291932,0.0158642166,218.602787,0.0,325.569348,49.99999499999999,50.0,False
2026-07-09 16:00:00,0.0,101.8,97.07,96.0,110.01,110.01,,0.0,0.0,0.0,,0.0,0.0,0.0,0.0,0.0,0.0,1.14374,5.02,2.8707873999999998,0.0,2.72,0.0,0.0,5.48,0.0,0.0,5.17,0.0,0.0,5.2,0.0,0.0,6.97,0.0,0.0,-3.26,0.0,-0.0023856666666666666,,99.67692,0.0331602557,0.0,83.4292135,0.0159246798,218.602939,0.0,327.097405,49.99999499999999,50.0,False
2026-07-09 16:30:00,0.0,101.8,101.71,85.2,89.0,89.0,,0.0,0.0,0.0,,0.0,0.0,0.0,0.0,0.0,0.0,1.94444,5.02,4.8805444,0.0,2.72,0.0,0.0,5.48,0.0,0.0,5.17,0.0,0.0,5.2,0.0,0.0,6.97,0.0,0.0,-3.26,0.0,-0.0024876110333333333,,99.67692,0.0333147759,0.0,83.4292251,0.0159877266,218.603193,0.0,328.621614,49.99999499999999,50.0,False
2026-07-09 17:00:00,0.0,116.6,116.13,119.4,89.0,89.0,,0.0,0.0,0.0,,0.0,0.0,0.0,0.0,0.0,0.0,2.83968,5.02,7.127596799999999,0.0,2.72,0.0,0.0,5.48,0.0,0.0,5.17,0.0,0.0,5.2,0.0,0.0,6.97,0.0,0.0,-3.26,0.0,-0.0024242499999999998,,99.67692,0.0334647815,0.0,83.4292381,0.0160491676,218.603345,0.0,330.10129,49.99999499999999,50.0,False
2026-07-09 17:30:00,0.0,116.6,124.0,119.1,89.0,89.0,,0.0,0.0,0.0,,0.0,0.0,0.0,0.0,0.0,0.0,3.8847600000000004,5.02,9.7507476,0.0,2.72,0.0,0.0,5.48,0.0,0.0,5.17,0.0,0.0,5.2,0.0,0.0,6.97,0.0,0.0,-3.26,0.0,-0.0024798333,,99.67692,0.033608427,0.0,83.4292524,0.0161120172,218.603547,0.0,331.518229,49.99999499999999,50.0,False
2026-07-09 18:00:00,0.0,144.82,147.85,153.5,143.46,143.46,,0.0,0.0,0.0,,0.0,0.0,0.0,0.0,0.0,0.0,4.97775,5.02,12.4941525,0.0,2.72,0.0,0.0,5.48,0.0,0.0,5.17,0.0,0.0,5.2,0.0,0.0,6.97,0.0,0.0,-3.26,0.0,-0.0024700833,,99.67692,0.0337491449,0.0,83.429266,0.0161746199,218.60375,0.0,332.90629,49.99999499999999,50.0,False
2026-07-09 18:30:00,0.0,144.82,158.14,155.0,131.07,131.07,,0.0,0.0,0.0,,0.0,0.0,0.0,0.0,0.0,0.0,5.43691,5.02,13.6466441,0.0,2.72,0.0,0.0,5.48,0.0,0.0,5.17,0.0,0.0,5.2,0.0,0.0,6.97,0.0,0.0,-3.26,0.0,-0.0024653055666666664,,99.67692,0.033888418,0.0,83.4292777,0.0162371014,218.603903,0.0,334.2801,49.99999499999999,50.0,False
2026-07-09 19:00:00,0.0,172.15,194.73,202.73,130.34,130.34,,0.0,0.0,0.0,,0.0,0.0,0.0,0.0,0.0,0.0,6.06241,5.02,15.216649099999998,0.0,10.0,0.0,0.0,3.47,0.0,0.0,16.97,0.0,0.0,0.87,0.0,0.0,23.79,0.0,0.0,-12.33,0.0,-0.0024226666999999998,,99.67692,0.0340305054,0.0,83.4292913,0.0162985022,218.604106,0.0,335.68167,49.99999499999999,50.0,False
2026-07-09 19:30:00,0.0,172.15,205.06,200.0,129.92,129.92,,0.0,0.0,0.0,,0.0,0.0,0.0,0.0,0.0,0.0,6.39581,5.02,16.053483099999998,0.0,10.0,0.0,0.0,3.47,0.0,0.0,16.97,0.0,0.0,0.87,0.0,0.0,23.79,0.0,0.0,-12.33,0.0,-0.0024487222,,99.67692,0.0341697398,0.0,83.4293097,0.0163605635,218.604257,0.0,337.055097,49.99999499999999,50.0,False
2026-07-09 20:00:00,0.0,178.66,195.8,200.0,131.76,131.76,,0.0,0.0,0.0,,0.0,0.0,0.0,0.0,0.0,0.0,6.5715900000000005,5.02,16.4946909,0.0,10.0,0.0,0.0,3.47,0.0,0.0,16.97,0.0,0.0,0.87,0.0,0.0,23.79,0.0,0.0,-12.33,0.0,-0.0024904167,,99.67692,0.034314357,0.0,83.4293159,0.0164236814,218.60446,0.0,338.481621,49.99999499999999,50.0,False
2026-07-09 20:30:00,0.0,178.66,198.75,200.0,120.0,120.0,,0.0,0.0,0.0,,0.0,0.0,0.0,0.0,0.0,0.0,6.7837,5.02,17.027086999999998,0.0,10.0,0.0,0.0,3.47,0.0,0.0,16.97,0.0,0.0,0.87,0.0,0.0,23.79,0.0,0.0,-12.33,0.0,-0.0025434999666666667,,99.67692,0.0344623552,0.0,83.4293296,0.0164881447,218.604714,0.0,339.941496,49.99999499999999,50.0,False
2026-07-09 21:00:00,0.0,164.96,184.0,184.0,110.93,110.93,,0.0,0.0,0.0,,0.0,0.0,0.0,0.0,0.0,0.0,6.94728,5.02,17.437672799999998,0.0,10.0,0.0,0.0,3.47,0.0,0.0,16.97,0.0,0.0,0.87,0.0,0.0,23.79,0.0,0.0,-12.33,0.0,-0.0024696111,,99.67692,0.0346131383,0.0,83.4293392,0.0165507354,218.604866,0.0,341.428842,49.99999499999999,50.0,False
2026-07-09 21:30:00,0.0,164.96,175.99,178.0,169.17,169.17,,0.0,0.0,0.0,,0.0,0.0,0.0,0.0,0.0,0.0,7.011270000000001,5.02,17.5982877,0.0,10.0,0.0,0.0,3.47,0.0,0.0,16.97,0.0,0.0,0.87,0.0,0.0,23.79,0.0,0.0,-12.33,0.0,-0.0025256388666666666,,99.67692,0.0347610931,0.0,83.4293454,0.0166147459,218.605069,0.0,342.888289,49.99999499999999,50.0,False
2026-07-09 22:00:00,0.0,144.1,149.65,157.39,107.0,107.0,,0.0,0.0,0.0,,0.0,0.0,0.0,0.0,0.0,0.0,6.99637,5.02,17.5608887,0.0,10.0,0.0,0.0,3.47,0.0,0.0,16.97,0.0,0.0,0.87,0.0,0.0,23.79,0.0,0.0,-12.33,0.0,-0.0025105277666666666,,99.67692,0.0349081374,0.0,83.4293477,0.0166783736,218.605221,0.0,344.338754,49.99999499999999,50.0,False
2026-07-09 22:30:00,0.0,144.1,142.0,142.01,147.0,147.0,,0.0,0.0,0.0,,0.0,0.0,0.0,0.0,0.0,0.0,6.99026,5.02,17.5455526,0.0,10.0,0.0,0.0,3.47,0.0,0.0,16.97,0.0,0.0,0.87,0.0,0.0,23.79,0.0,0.0,-12.33,0.0,-0.0025164056,,99.67692,0.0350546714,0.0,83.4293573,0.0167421502,218.605424,0.0,345.784186,49.99999499999999,50.0,False
2026-07-09 23:00:00,0.0,129.61,126.28,133.71,195.0,195.0,,0.0,0.0,0.0,,0.0,0.0,0.0,0.0,0.0,0.0,6.99036,5.02,17.5458036,0.0,2.77,0.0,0.0,0.93,0.0,0.0,7.24,0.0,0.0,-1.89,0.0,0.0,20.01,0.0,0.0,-14.11,0.0,-0.0024758172666666666,,99.67692,0.035201418,0.0,83.4293696,0.0168048981,218.605575,0.0,347.231715,49.99999499999999,50.0,False
2026-07-09 23:30:00,0.0,129.61,128.5,128.12,195.0,195.0,,0.0,0.0,0.0,,0.0,0.0,0.0,0.0,0.0,0.0,6.990819999999999,5.02,17.546958199999995,0.0,2.77,0.0,0.0,0.93,0.0,0.0,7.24,0.0,0.0,-1.89,0.0,0.0,20.01,0.0,0.0,-14.11,0.0,-0.0025277777666666665,,99.67692,0.0353517301,0.0,83.4293812,0.016868963,218.605778,0.0,348.714415,49.99999499999999,50.0,False
2026-07-10 00:00:00,0.0,124.2,121.6,120.05,170.0,170.0,,0.0,0.0,0.0,,0.0,0.0,0.0,0.0,0.0,0.0,6.99058,5.02,17.546355799999997,0.0,2.77,0.0,0.0,0.93,0.0,0.0,7.24,0.0,0.0,-1.89,0.0,0.0,20.01,0.0,0.0,-14.11,0.0,-0.0024720555,,99.67692,0.0354981605,0.0,83.4293942,0.0169316156,218.605981,0.0,350.158825,49.99999499999999,50.0,False
2026-07-10 00:30:00,0.0,124.2,122.23,126.05,121.33,121.33,,0.0,0.0,0.0,,0.0,0.0,0.0,0.0,0.0,0.0,6.99035,5.02,17.5457785,0.0,2.77,0.0,0.0,0.93,0.0,0.0,7.24,0.0,0.0,-1.89,0.0,0.0,20.01,0.0,0.0,-14.11,0.0,-0.002464944366666667,,99.67692,0.000152099778,0.0,83.4294098,6.24723585e-05,218.606133,0.0,1.5003335,49.99999499999999,50.0,False
2026-07-10 01:00:00,0.0,120.0,116.22,117.01,123.58,123.58,,0.0,0.0,0.0,,0.0,0.0,0.0,0.0,0.0,0.0,6.99054,5.02,17.5462554,0.0,2.77,0.0,0.0,0.93,0.0,0.0,7.24,0.0,0.0,-1.89,0.0,0.0,20.01,0.0,0.0,-14.11,0.0,-0.002491083366666667,,99.67692,0.000301680241,0.0,83.4294254,0.000125607193,218.606386,0.0,2.97581613,49.99999499999999,50.0,False
2026-07-10 01:30:00,0.0,120.0,116.22,118.59,117.95,117.95,,0.0,0.0,0.0,,0.0,0.0,0.0,0.0,0.0,0.0,6.9904399999999995,5.02,17.546004399999998,0.0,2.77,0.0,0.0,0.93,0.0,0.0,7.24,0.0,0.0,-1.89,0.0,0.0,20.01,0.0,0.0,-14.11,0.0,-0.0024948888333333336,,99.67692,0.000451150876,0.0,83.4294478,0.000188838473,218.606589,0.0,4.4502154,49.99999499999999,50.0,False
2026-07-10 02:00:00,0.0,118.0,114.94,116.94,96.5,96.5,,0.0,0.0,0.0,,0.0,0.0,0.0,0.0,0.0,0.0,6.99062,5.02,17.546456199999998,0.0,2.77,0.0,0.0,0.93,0.0,0.0,7.24,0.0,0.0,-1.89,0.0,0.0,20.01,0.0,0.0,-14.11,0.0,-0.0025305277999999997,,99.67692,0.000603037419,0.0,83.4294547,0.000252973,218.606741,0.0,5.94844553,49.99999499999999,50.0,False
2026-07-10 02:30:00,0.0,118.0,111.07,111.08,97.67,97.67,,0.0,0.0,0.0,,0.0,0.0,0.0,0.0,0.0,0.0,6.99063,5.02,17.5464813,0.0,2.77,0.0,0.0,0.93,0.0,0.0,7.24,0.0,0.0,-1.89,0.0,0.0,20.01,0.0,0.0,-14.11,0.0,-0.0025069721666666667,,99.67692,0.000759990812,0.0,83.4294589,0.000316510526,218.606944,0.0,7.49665577,49.99999499999999,50.0,False
2026-07-10 03:00:00,0.0,116.05,109.87,110.63,115.46,115.46,,0.0,0.0,0.0,,0.0,0.0,0.0,0.0,0.0,0.0,6.98991,5.02,17.544674099999998,0.0,1.26,0.0,0.0,1.28,0.0,0.0,7.35,0.0,0.0,-1.34,0.0,0.0,6.11,0.0,0.0,-13.55,0.0,-0.0025024999666666665,,99.67692,0.000919085193,0.0,83.4294806,0.000379934706,218.607146,0.0,9.06598502,49.99999499999999,50.0,False
2026-07-10 03:30:00,0.0,116.05,107.9,105.07,111.91,111.91,,0.0,0.0,0.0,,0.0,0.0,0.0,0.0,0.0,0.0,6.9904399999999995,5.02,17.546004399999998,0.0,1.26,0.0,0.0,1.28,0.0,0.0,7.35,0.0,0.0,-1.34,0.0,0.0,6.11,0.0,0.0,-13.55,0.0,-0.0024904443999999998,,99.67692,0.00106846368,0.0,83.4294915,0.000443053345,218.607349,0.0,10.5394753,49.99999499999999,50.0,False
2026-07-10 04:00:00,0.0,119.43,116.52,117.59,134.51,134.51,,0.0,0.0,0.0,,0.0,0.0,0.0,0.0,0.0,0.0,6.99035,5.02,17.5457785,0.0,1.26,0.0,0.0,1.28,0.0,0.0,7.35,0.0,0.0,-1.34,0.0,0.0,6.11,0.0,0.0,-13.55,0.0,-0.0024102778333333335,,99.67692,0.00122167917,0.0,83.4295085,0.000504140215,218.607552,0.0,12.0508144,49.99999499999999,50.0,False
2026-07-10 04:30:00,0.0,119.43,116.52,112.15,115.44,115.44,,0.0,0.0,0.0,,0.0,0.0,0.0,0.0,0.0,0.0,6.97783,5.02,17.5143533,0.0,1.26,0.0,0.0,1.28,0.0,0.0,7.35,0.0,0.0,-1.34,0.0,0.0,6.11,0.0,0.0,-13.55,0.0,-0.0025125833666666667,,99.67692,0.00137851742,0.0,83.4295241,0.00056781995,218.607755,0.0,13.5978888,49.99999499999999,50.0,False
2026-07-10 05:00:00,0.0,124.1,124.99,128.03,124.03,124.03,,0.0,0.0,0.0,,0.0,0.0,0.0,0.0,0.0,0.0,6.853770000000001,5.02,17.2029627,0.0,1.26,0.0,0.0,1.28,0.0,0.0,7.35,0.0,0.0,-1.34,0.0,0.0,6.11,0.0,0.0,-13.55,0.0,-0.0024929999666666665,,99.67692,0.00154472142,0.0,83.4295324,0.00063100336,218.607907,0.0,15.2373483,49.99999499999999,50.0,False
2026-07-10 05:30:00,0.0,124.1,125.3,127.83,108.51,108.51,,0.0,0.0,0.0,,0.0,0.0,0.0,0.0,0.0,0.0,6.69023,5.02,16.792477299999998,0.0,1.26,0.0,0.0,1.28,0.0,0.0,7.35,0.0,0.0,-1.34,0.0,0.0,6.11,0.0,0.0,-13.55,0.0,-0.0025306666333333333,,99.67692,0.00170565919,0.0,83.4295486,0.000695141405,218.60811,0.0,16.824861,49.99999499999999,50.0,False
2026-07-10 06:00:00,0.0,125.4,122.4,120.22,105.63,105.63,,0.0,0.0,0.0,,0.0,0.0,0.0,0.0,0.0,0.0,6.4865699999999995,5.02,16.281290699999996,0.0,1.26,0.0,0.0,1.28,0.0,0.0,7.35,0.0,0.0,-1.34,0.0,0.0,6.11,0.0,0.0,-13.55,0.0,-0.0025078333333333333,,99.67692,0.00186265031,0.0,83.4295643,0.00075870076,218.608363,0.0,18.3734434,49.99999499999999,50.0,False
2026-07-10 06:30:00,0.0,125.4,123.6,126.94,135.0,135.0,,0.0,0.0,0.0,,0.0,0.0,0.0,0.0,0.0,0.0,6.1742799999999995,5.02,15.497442799999998,0.0,1.26,0.0,0.0,1.28,0.0,0.0,7.35,0.0,0.0,-1.34,0.0,0.0,6.11,0.0,0.0,-13.55,0.0,-0.002489861066666667,,99.67692,0.00202428365,0.0,83.4295785,0.00082180461,218.608516,0.0,19.9678173,49.99999499999999,50.0,False
2026-07-10 07:00:00,0.0,121.48,117.6,118.06,90.01,90.01,,0.0,0.0,0.0,,0.0,0.0,0.0,0.0,0.0,0.0,5.59989,5.02,14.0557239,0.0,2.11,0.0,0.0,2.25,0.0,0.0,7.02,0.0,0.0,-0.96,0.0,0.0,8.99,0.0,0.0,-12.66,0.0,-0.0024768055666666666,,99.67692,0.0021728653,0.0,83.4295962,0.000884577585,218.608718,0.0,21.4334475,49.99999499999999,50.0,False
2026-07-10 07:30:00,0.0,121.48,116.3,119.3,89.12,89.12,,0.0,0.0,0.0,,0.0,0.0,0.0,0.0,0.0,0.0,4.79539,5.02,12.036428899999999,0.0,2.11,0.0,0.0,2.25,0.0,0.0,7.02,0.0,0.0,-0.96,0.0,0.0,8.99,0.0,0.0,-12.66,0.0,-0.0025000278,,99.67692,0.00232336575,0.0,83.4296152,0.00094793911,218.608921,0.0,22.918005,49.99999499999999,50.0,False
2026-07-10 08:00:00,0.0,112.58,109.82,105.33,103.95,103.95,,0.0,0.0,0.0,,0.0,0.0,0.0,0.0,0.0,0.0,3.90967,5.02,9.8132717,0.0,2.11,0.0,0.0,2.25,0.0,0.0,7.02,0.0,0.0,-0.96,0.0,0.0,8.99,0.0,0.0,-12.66,0.0,-0.0024398333333333334,,99.67692,0.00248155342,0.0,83.4296301,0.00100977505,218.609073,0.0,24.4783904,49.99999499999999,50.0,False
2026-07-10 08:30:00,0.0,112.58,105.74,100.46,129.9,129.9,,0.0,0.0,0.0,,0.0,0.0,0.0,0.0,0.0,0.0,2.9857,5.02,7.494107,0.0,2.11,0.0,0.0,2.25,0.0,0.0,7.02,0.0,0.0,-0.96,0.0,0.0,8.99,0.0,0.0,-12.66,0.0,-0.002461583366666667,,99.67692,0.00263441473,0.0,83.4296411,0.00107216222,218.609327,0.0,25.9862357,49.99999499999999,50.0,False
2026-07-10 09:00:00,0.0,105.0,103.75,100.46,136.39,136.39,,0.0,0.0,0.0,,0.0,0.0,0.0,0.0,0.0,0.0,2.02584,5.02,5.0848584,0.0,2.11,0.0,0.0,2.25,0.0,0.0,7.02,0.0,0.0,-0.96,0.0,0.0,8.99,0.0,0.0,-12.66,0.0,-0.0024280833333333333,,99.67692,0.0027855996,0.0,83.4296661,0.00113370037,218.609478,0.0,27.4775444,49.99999499999999,50.0,False
2026-07-10 09:30:00,0.0,105.0,102.76,102.4,137.0,137.0,,0.0,0.0,0.0,,0.0,0.0,0.0,0.0,0.0,0.0,1.28076,5.02,3.2147075999999997,0.0,2.11,0.0,0.0,2.25,0.0,0.0,7.02,0.0,0.0,-0.96,0.0,0.0,8.99,0.0,0.0,-12.66,0.0,-0.0024757222,,99.67692,0.0029435952,0.0,83.4296803,0.00119644588,218.609681,0.0,29.0360352,49.99999499999999,50.0,False
2026-07-10 10:00:00,0.0,101.02,106.0,106.0,136.0,136.0,,0.0,0.0,0.0,,0.0,0.0,0.0,0.0,0.0,0.0,0.75483,5.02,1.8946233,0.0,2.11,0.0,0.0,2.25,0.0,0.0,7.02,0.0,0.0,-0.96,0.0,0.0,8.99,0.0,0.0,-12.66,0.0,-0.0024578055666666667,,99.67692,0.00309892721,0.0,83.4296986,0.00125873731,218.609935,0.0,30.5682518,49.99999499999999,50.0,False
2026-07-10 10:30:00,0.0,101.02,106.0,106.0,136.0,136.0,,0.0,0.0,0.0,,0.0,0.0,0.0,0.0,0.0,0.0,0.26222,5.02,0.6581722,0.0,2.11,0.0,0.0,2.25,0.0,0.0,7.02,0.0,0.0,-0.96,0.0,0.0,8.99,0.0,0.0,-12.66,0.0,-0.0024592221666666666,,99.67692,0.00325837623,0.0,83.4297135,0.00132106465,218.610137,0.0,32.1410793,49.99999499999999,50.0,False
2026-07-10 11:00:00,0.0,96.9,101.0,100.46,122.0,122.0,,0.0,0.0,0.0,,0.0,0.0,0.0,0.0,0.0,0.0,0.04535,5.02,0.1138285,0.0,1.7,0.0,0.0,2.21,0.0,0.0,5.45,0.0,0.0,-0.19,0.0,0.0,13.86,0.0,0.0,-11.25,0.0,-0.0024191666999999997,,99.67692,0.00341260324,0.0,83.4297385,0.0013823768,218.610391,0.0,33.6623961,49.99999499999999,50.0,False
2026-07-10 11:30:00,0.0,96.9,100.54,100.46,89.3,89.3,,0.0,0.0,0.0,,0.0,0.0,0.0,0.0,0.0,0.0,0.04592,5.02,0.11525919999999999,0.0,1.7,0.0,0.0,2.21,0.0,0.0,5.45,0.0,0.0,-0.19,0.0,0.0,13.86,0.0,0.0,-11.25,0.0,-0.0024521943999999997,,99.67692,0.00357075389,0.0,83.4297514,0.00144452602,218.610593,0.0,35.2224163,49.99999499999999,50.0,False
2026-07-10 12:00:00,0.0,96.0,99.1,100.46,122.0,122.0,,0.0,0.0,0.0,,0.0,0.0,0.0,0.0,0.0,0.0,0.04618,5.02,0.11591179999999998,0.0,1.7,0.0,0.0,2.21,0.0,0.0,5.45,0.0,0.0,-0.19,0.0,0.0,13.86,0.0,0.0,-11.25,0.0,-0.0024265833666666666,,99.67692,0.00373063104,0.0,83.4297703,0.00150602614,218.610796,0.0,36.7994669,49.99999499999999,50.0,False
2026-07-10 12:30:00,0.0,96.0,98.09,98.91,122.0,122.0,,0.0,0.0,0.0,,0.0,0.0,0.0,0.0,0.0,0.0,0.04707,5.02,0.11814569999999999,0.0,1.7,0.0,0.0,2.21,0.0,0.0,5.45,0.0,0.0,-0.19,0.0,0.0,13.86,0.0,0.0,-11.25,0.0,-0.0024566111,,99.67692,0.00388585069,0.0,83.4297885,0.0015682873,218.61105,0.0,38.3305752,49.99999499999999,50.0,False
2026-07-10 13:00:00,0.0,96.0,98.74,98.0,95.13,95.13,,0.0,0.0,0.0,,0.0,0.0,0.0,0.0,0.0,0.0,0.04647,5.02,0.11663969999999999,0.0,1.7,0.0,0.0,2.21,0.0,0.0,5.45,0.0,0.0,-0.19,0.0,0.0,13.86,0.0,0.0,-11.25,0.0,-0.002431111133333333,,99.67692,0.00403851801,0.0,83.4298188,0.00162990218,218.611303,0.0,39.836507,49.99999499999999,50.0,False
2026-07-10 13:30:00,-0.02,96.0,98.08,98.93,122.0,122.0,,0.0,-2.44,0.0,,0.0,0.0,0.0,0.0,0.0,0.0,0.06709999999999999,5.02,0.16842099999999996,0.0,1.7,0.0,0.0,2.21,0.0,0.0,5.45,0.0,0.0,-0.19,0.0,0.0,13.86,0.0,0.0,-11.25,0.0,-0.0024350277666666665,,99.67692,0.00419301194,0.0,83.4298277,0.00169161632,218.611456,0.0,41.3604568,49.99999499999999,50.0,False
2026-07-10 14:00:00,-0.005,95.57,98.09,98.0,122.0,122.0,,0.0,-0.61,0.0,,0.0,0.0,0.0,0.0,0.0,0.0,0.05071,5.02,0.12728209999999998,0.0,1.7,0.0,0.0,2.21,0.0,0.0,5.45,0.0,0.0,-0.19,0.0,0.0,13.86,0.0,0.0,-11.25,0.0,-0.041190694,,99.67692,0.00633376305,0.0,83.4292306,0.00273556678,218.612672,0.0,62.4771255,49.99999499999999,50.0,False
2026-07-10 14:30:00,0.0,95.57,98.07,98.0,122.0,122.0,,0.0,0.0,0.0,,0.0,0.0,0.0,0.0,0.0,0.0,0.047009999999999996,5.02,0.11799509999999998,0.0,1.7,0.0,0.0,2.21,0.0,0.0,5.45,0.0,0.0,-0.19,0.0,0.0,13.86,0.0,0.0,-11.25,0.0,-0.013494527799999998,,99.67692,0.00705125017,0.0,83.4290527,0.00307757652,218.613128,0.0,69.5545189,49.99999499999999,50.0,False
2026-07-10 15:00:00,0.0,94.7,98.07,98.0,129.0,129.0,,0.0,0.0,0.0,,0.0,0.0,0.0,0.0,0.0,0.0,0.10951000000000001,5.02,0.2748701,0.0,2.4,0.0,0.0,3.45,0.0,0.0,9.47,0.0,0.0,5.56,0.0,0.0,6.26,0.0,0.0,-4.46,0.0,-0.0024138611333333333,,99.67692,0.00720274535,0.0,83.429079,0.00313875421,218.613382,0.0,71.0488885,49.99999499999999,50.0,False
2026-07-10 15:30:00,0.0,94.7,98.99,99.0,99.92,99.92,,0.0,0.0,0.0,,0.0,0.0,0.0,0.0,0.0,0.0,0.6309199999999999,5.02,1.5836091999999997,0.0,2.4,0.0,0.0,3.45,0.0,0.0,9.47,0.0,0.0,5.56,0.0,0.0,6.26,0.0,0.0,-4.46,0.0,-0.002437000033333333,,99.67692,0.00735116478,0.0,83.429096,0.00320051833,218.613534,0.0,72.5129186,49.99999499999999,50.0,False
2026-07-10 16:00:00,0.0,98.4,102.2,107.18,89.2,89.2,,0.0,0.0,0.0,,0.0,0.0,0.0,0.0,0.0,0.0,1.22199,5.02,3.0671948999999996,0.0,2.4,0.0,0.0,3.45,0.0,0.0,9.47,0.0,0.0,5.56,0.0,0.0,6.26,0.0,0.0,-4.46,0.0,-0.0024054444333333337,,99.67692,0.00749881262,0.0,83.4291176,0.00326148271,218.613736,0.0,73.9693375,49.99999499999999,50.0,False
2026-07-10 16:30:00,0.0,98.4,102.94,108.39,122.0,122.0,,0.0,0.0,0.0,,0.0,0.0,0.0,0.0,0.0,0.0,1.92222,5.02,4.8247722,0.0,2.4,0.0,0.0,3.45,0.0,0.0,9.47,0.0,0.0,5.56,0.0,0.0,6.26,0.0,0.0,-4.46,0.0,-0.0024161389333333333,,99.67692,0.00765112297,0.0,83.4291439,0.00332271813,218.613939,0.0,75.4717481,49.99999499999999,50.0,False
2026-07-10 17:00:00,0.0,115.0,112.5,112.17,140.0,140.0,,0.0,0.0,0.0,,0.0,0.0,0.0,0.0,0.0,0.0,2.66599,5.02,6.6916348999999995,0.0,2.4,0.0,0.0,3.45,0.0,0.0,9.47,0.0,0.0,5.56,0.0,0.0,6.26,0.0,0.0,-4.46,0.0,-0.0024609999666666666,,99.67692,0.00780162071,0.0,83.4291642,0.00338509052,218.614091,0.0,76.9562789,49.99999499999999,50.0,False
2026-07-10 17:30:00,0.0,115.0,116.06,115.0,140.0,140.0,,0.0,0.0,0.0,,0.0,0.0,0.0,0.0,0.0,0.0,3.51365,5.02,8.8192615,0.0,2.4,0.0,0.0,3.45,0.0,0.0,9.47,0.0,0.0,5.56,0.0,0.0,6.26,0.0,0.0,-4.46,0.0,-0.0024623056,,99.67692,0.00794870102,0.0,83.4291779,0.003447496,218.614396,0.0,78.4070997,49.99999499999999,50.0,False
2026-07-10 18:00:00,0.0,135.43,132.16,128.0,99.29,99.29,,0.0,0.0,0.0,,0.0,0.0,0.0,0.0,0.0,0.0,4.9749799999999995,5.02,12.487199799999997,0.0,2.4,0.0,0.0,3.45,0.0,0.0,9.47,0.0,0.0,5.56,0.0,0.0,6.26,0.0,0.0,-4.46,0.0,-0.0024565555666666667,,99.67692,0.00809823534,0.0,83.4291975,0.00350975575,218.614547,0.0,79.8821271,49.99999499999999,50.0,False
2026-07-10 18:30:00,0.0,135.43,137.38,135.5,180.0,180.0,,0.0,0.0,0.0,,0.0,0.0,0.0,0.0,0.0,0.0,5.49239,5.02,13.7858989,0.0,2.4,0.0,0.0,3.45,0.0,0.0,9.47,0.0,0.0,5.56,0.0,0.0,6.26,0.0,0.0,-4.46,0.0,-0.0024179722,,99.67692,0.00825096301,0.0,83.4292071,0.00357103763,218.614699,0.0,81.3886543,49.99999499999999,50.0,False
2026-07-10 19:00:00,0.0,153.3,146.38,144.5,180.0,180.0,,0.0,0.0,0.0,,0.0,0.0,0.0,0.0,0.0,0.0,6.01381,5.02,15.0946631,0.0,5.67,0.0,0.0,3.62,0.0,0.0,13.79,0.0,0.0,9.12,0.0,0.0,29.7,0.0,0.0,-12.72,0.0,-0.0024672222000000003,,99.67692,0.0084001861,0.0,83.4292107,0.00363356772,218.614902,0.0,82.8606117,49.99999499999999,50.0,False
2026-07-10 19:30:00,0.0,153.3,146.64,146.63,180.0,180.0,,0.0,0.0,0.0,,0.0,0.0,0.0,0.0,0.0,0.0,6.48619,5.02,16.280336899999998,0.0,5.67,0.0,0.0,3.62,0.0,0.0,13.79,0.0,0.0,9.12,0.0,0.0,29.7,0.0,0.0,-12.72,0.0,-0.0025457222333333334,,99.67692,0.00854988861,0.0,83.4292223,0.00369808734,218.615105,0.0,84.3372982,49.99999499999999,50.0,False
2026-07-10 20:00:00,0.0,153.16,146.4,149.6,210.0,210.0,,0.0,0.0,0.0,,0.0,0.0,0.0,0.0,0.0,0.0,6.669029999999999,5.02,16.739265299999996,0.0,5.67,0.0,0.0,3.62,0.0,0.0,13.79,0.0,0.0,9.12,0.0,0.0,29.7,0.0,0.0,-12.72,0.0,-0.002518138866666667,,99.67692,0.00870157125,0.0,83.4292259,0.00376190788,218.615257,0.0,85.833517,49.99999499999999,50.0,False
2026-07-10 20:30:00,0.0,153.16,147.94,149.54,180.0,180.0,,0.0,0.0,0.0,,0.0,0.0,0.0,0.0,0.0,0.0,6.83923,5.02,17.166467299999997,0.0,5.67,0.0,0.0,3.62,0.0,0.0,13.79,0.0,0.0,9.12,0.0,0.0,29.7,0.0,0.0,-12.72,0.0,-0.0024692499666666666,,99.67692,0.00885228317,0.0,83.4292375,0.00382448935,218.615459,0.0,87.3201605,49.99999499999999,50.0,False
2026-07-10 21:00:00,0.0,146.78,145.69,146.27,180.0,180.0,,0.0,0.0,0.0,,0.0,0.0,0.0,0.0,0.0,0.0,6.97,5.02,17.494699999999998,0.0,5.67,0.0,0.0,3.62,0.0,0.0,13.79,0.0,0.0,9.12,0.0,0.0,29.7,0.0,0.0,-12.72,0.0,-0.0024820277666666667,,99.67692,0.00900731195,0.0,83.429241,0.00388739469,218.615611,0.0,88.8493861,49.99999499999999,50.0,False
2026-07-10 21:30:00,0.0,146.78,144.35,145.29,105.47,105.47,,0.0,0.0,0.0,,0.0,0.0,0.0,0.0,0.0,0.0,6.998939999999999,5.02,17.567339399999998,0.0,5.67,0.0,0.0,3.62,0.0,0.0,13.79,0.0,0.0,9.12,0.0,0.0,29.7,0.0,0.0,-12.72,0.0,-0.0024965556,,99.67692,0.00916488167,0.0,83.429258,0.00395066821,218.615764,0.0,90.4036759,49.99999499999999,50.0,False
2026-07-10 22:00:00,0.0,134.33,140.07,141.15,106.7,106.7,,0.0,0.0,0.0,,0.0,0.0,0.0,0.0,0.0,0.0,6.99066,5.02,17.5465566,0.0,5.67,0.0,0.0,3.62,0.0,0.0,13.79,0.0,0.0,9.12,0.0,0.0,29.7,0.0,0.0,-12.72,0.0,-0.0024975278,,99.67692,0.00932093793,0.0,83.4292609,0.00401396637,218.616017,0.0,91.9430367,49.99999499999999,50.0,False
2026-07-10 22:30:00,0.0,134.33,131.34,133.1,106.0,106.0,,0.0,0.0,0.0,,0.0,0.0,0.0,0.0,0.0,0.0,6.99013,5.02,17.5452263,0.0,5.67,0.0,0.0,3.62,0.0,0.0,13.79,0.0,0.0,9.12,0.0,0.0,29.7,0.0,0.0,-12.72,0.0,-0.0025159166666666667,,99.67692,0.009479783,0.0,83.4292705,0.00407773059,218.61617,0.0,93.5099067,49.99999499999999,50.0,False
2026-07-10 23:00:00,0.0,126.15,129.8,123.6,99.82,99.82,,0.0,0.0,0.0,,0.0,0.0,0.0,0.0,0.0,0.0,6.99022,5.02,17.5454522,0.0,2.9,0.0,0.0,0.53,0.0,0.0,8.14,0.0,0.0,-2.56,0.0,0.0,20.17,0.0,0.0,-14.43,0.0,-0.0025268055,,99.67692,0.00964344647,0.0,83.4292834,0.00414177078,218.616372,0.0,95.1243061,49.99999499999999,50.0,False
2026-07-10 23:30:00,0.0,126.15,128.98,128.02,107.15,107.15,,0.0,0.0,0.0,,0.0,0.0,0.0,0.0,0.0,0.0,6.990189999999999,5.02,17.545376899999997,0.0,2.9,0.0,0.0,0.53,0.0,0.0,8.14,0.0,0.0,-2.56,0.0,0.0,20.17,0.0,0.0,-14.43,0.0,-0.0024849444333333334,,99.67692,0.00980656408,0.0,83.4292944,0.00420475002,218.616625,0.0,96.733321,49.99999499999999,50.0,False
2026-07-11 00:00:00,0.0,123.57,128.98,129.2,101.66,101.66,,0.0,0.0,0.0,,0.0,0.0,0.0,0.0,0.0,0.0,6.99074,5.02,17.546757399999997,0.0,2.9,0.0,0.0,0.53,0.0,0.0,8.14,0.0,0.0,-2.56,0.0,0.0,20.17,0.0,0.0,-14.43,0.0,-0.0025248611333333333,,99.67692,0.0099668558,0.0,83.4293053,0.00426874094,218.616727,0.0,98.314461,49.99999499999999,50.0,False
2026-07-11 00:30:00,0.0,123.57,127.73,127.73,122.93,122.93,,0.0,0.0,0.0,,0.0,0.0,0.0,0.0,0.0,0.0,6.99004,5.02,17.545000399999996,0.0,2.9,0.0,0.0,0.53,0.0,0.0,8.14,0.0,0.0,-2.56,0.0,0.0,20.17,0.0,0.0,-14.43,0.0,-0.0025051111,,99.67692,0.000157524236,0.0,83.4293263,6.34903575e-05,218.616929,0.0,1.55384112,49.99999499999999,50.0,False
2026-07-11 01:00:00,0.0,117.3,127.18,124.44,99.86,99.86,,0.0,0.0,0.0,,0.0,0.0,0.0,0.0,0.0,0.0,6.98929,5.02,17.5431179,0.0,2.9,0.0,0.0,0.53,0.0,0.0,8.14,0.0,0.0,-2.56,0.0,0.0,20.17,0.0,0.0,-14.43,0.0,-0.0025047222666666666,,99.67692,0.000318114947,0.0,83.4293379,0.00012697086,218.617133,0.0,3.13793037,49.99999499999999,50.0,False
2026-07-11 01:30:00,0.0,117.3,126.42,123.56,111.91,111.91,,0.0,0.0,0.0,,0.0,0.0,0.0,0.0,0.0,0.0,6.98925,5.02,17.543017499999998,0.0,2.9,0.0,0.0,0.53,0.0,0.0,8.14,0.0,0.0,-2.56,0.0,0.0,20.17,0.0,0.0,-14.43,0.0,-0.0024891389,,99.67692,0.000475099679,0.0,83.4293481,0.000190056413,218.617285,0.0,4.68644975,49.99999499999999,50.0,False
2026-07-11 02:00:00,0.0,113.53,126.54,124.5,111.34,111.34,,0.0,0.0,0.0,,0.0,0.0,0.0,0.0,0.0,0.0,6.9896400000000005,5.02,17.5439964,0.0,2.9,0.0,0.0,0.53,0.0,0.0,8.14,0.0,0.0,-2.56,0.0,0.0,20.17,0.0,0.0,-14.43,0.0,-0.0025298610666666665,,99.67692,0.000637650796,0.0,83.4293577,0.000254174042,218.617538,0.0,6.28987672,49.99999499999999,50.0,False
2026-07-11 02:30:00,0.0,113.53,119.5,117.5,109.8,109.8,,0.0,0.0,0.0,,0.0,0.0,0.0,0.0,0.0,0.0,6.99001,5.02,17.544925099999997,0.0,2.9,0.0,0.0,0.53,0.0,0.0,8.14,0.0,0.0,-2.56,0.0,0.0,20.17,0.0,0.0,-14.43,0.0,-0.002607972233333333,,99.67692,0.000809056985,0.0,83.4293727,0.000320271345,218.617741,0.0,7.98065137,49.99999499999999,50.0,False
2026-07-11 03:00:00,0.0,113.0,121.0,113.0,112.31,112.31,,0.0,0.0,0.0,,0.0,0.0,0.0,0.0,0.0,0.0,6.98978,5.02,17.544347799999997,0.0,1.8,0.0,0.0,5.78,0.0,0.0,6.98,0.0,0.0,-3.14,0.0,0.0,6.21,0.0,0.0,-12.56,0.0,-0.002525194466666667,,99.67692,0.000972062346,0.0,83.4293917,0.000384270703,218.617893,0.0,9.58855907,49.99999499999999,50.0,False
2026-07-11 03:30:00,0.0,113.0,119.45,114.58,124.99,124.99,,0.0,0.0,0.0,,0.0,0.0,0.0,0.0,0.0,0.0,6.9896,5.02,17.543896,0.0,1.8,0.0,0.0,5.78,0.0,0.0,6.98,0.0,0.0,-3.14,0.0,0.0,6.21,0.0,0.0,-12.56,0.0,-0.002510861133333333,,99.67692,0.00114639399,0.0,83.4293999,0.000447906791,218.618045,0.0,11.3081908,49.99999499999999,50.0,False
2026-07-11 04:00:00,0.0,112.37,121.09,114.22,125.0,125.0,,0.0,0.0,0.0,,0.0,0.0,0.0,0.0,0.0,0.0,6.9896,5.02,17.543896,0.0,1.8,0.0,0.0,5.78,0.0,0.0,6.98,0.0,0.0,-3.14,0.0,0.0,6.21,0.0,0.0,-12.56,0.0,-0.0025040277666666666,,99.67692,0.00131384334,0.0,83.4294048,0.000511369695,218.618298,0.0,12.9599346,49.99999499999999,50.0,False
2026-07-11 04:30:00,0.0,112.37,116.99,110.42,116.86,116.86,,0.0,0.0,0.0,,0.0,0.0,0.0,0.0,0.0,0.0,6.98703,5.02,17.537445299999998,0.0,1.8,0.0,0.0,5.78,0.0,0.0,6.98,0.0,0.0,-3.14,0.0,0.0,6.21,0.0,0.0,-12.56,0.0,-0.0024769167000000003,,99.67692,0.00149685195,0.0,83.4294157,0.00057414548,218.618552,0.0,14.7651572,49.99999499999999,50.0,False
2026-07-11 05:00:00,0.0,110.84,112.47,111.64,117.89,117.89,,0.0,0.0,0.0,,0.0,0.0,0.0,0.0,0.0,0.0,6.91621,5.02,17.3596871,0.0,1.8,0.0,0.0,5.78,0.0,0.0,6.98,0.0,0.0,-3.14,0.0,0.0,6.21,0.0,0.0,-12.56,0.0,-0.0024309167000000002,,99.67692,0.00167190086,0.0,83.4294239,0.000635755435,218.618603,0.0,16.4918641,49.99999499999999,50.0,False
2026-07-11 05:30:00,0.0,110.84,112.09,112.1,92.57,92.57,,0.0,0.0,0.0,,0.0,0.0,0.0,0.0,0.0,0.0,6.75228,5.02,16.9482228,0.0,1.8,0.0,0.0,5.78,0.0,0.0,6.98,0.0,0.0,-3.14,0.0,0.0,6.21,0.0,0.0,-12.56,0.0,-0.0024890555666666667,,99.67692,0.00183932379,0.0,83.4294369,0.00069883887,218.618907,0.0,18.1433474,49.99999499999999,50.0,False
2026-07-11 06:00:00,0.0,107.24,98.8,100.0,108.01,108.01,,0.0,0.0,0.0,,0.0,0.0,0.0,0.0,0.0,0.0,6.56505,5.02,16.4782755,0.0,1.8,0.0,0.0,5.78,0.0,0.0,6.98,0.0,0.0,-3.14,0.0,0.0,6.21,0.0,0.0,-12.56,0.0,-0.002473527766666667,,99.67692,0.00201078534,0.0,83.4294478,0.00076152877,218.619109,0.0,19.8346681,49.99999499999999,50.0,False
2026-07-11 06:30:00,0.0,107.24,108.51,103.04,114.0,114.0,,0.0,0.0,0.0,,0.0,0.0,0.0,0.0,0.0,0.0,6.41711,5.02,16.1069461,0.0,1.8,0.0,0.0,5.78,0.0,0.0,6.98,0.0,0.0,-3.14,0.0,0.0,6.21,0.0,0.0,-12.56,0.0,-0.0024705833000000003,,99.67692,0.00216943733,0.0,83.4294715,0.000824144045,218.619211,0.0,21.3996335,49.99999499999999,50.0,False
2026-07-11 07:00:00,0.0,108.92,101.5,100.0,91.7,91.7,,0.0,0.0,0.0,,0.0,0.0,0.0,0.0,0.0,0.0,6.302989999999999,5.02,15.820504899999998,0.0,1.9,0.0,0.0,2.12,0.0,0.0,6.12,0.0,0.0,-1.77,0.0,0.0,10.44,0.0,0.0,-12.94,0.0,-0.0024443055666666666,,99.67692,0.00233316612,0.0,83.4294824,0.00088609333,218.619464,0.0,23.0146773,49.99999499999999,50.0,False
2026-07-11 07:30:00,0.0,108.92,108.57,108.0,108.21,108.21,,0.0,0.0,0.0,,0.0,0.0,0.0,0.0,0.0,0.0,6.18504,5.02,15.5244504,0.0,1.9,0.0,0.0,2.12,0.0,0.0,6.12,0.0,0.0,-1.77,0.0,0.0,10.44,0.0,0.0,-12.94,0.0,-0.0024748332666666667,,99.67692,0.00249731966,0.0,83.4294873,0.000948816315,218.619616,0.0,24.6339108,49.99999499999999,50.0,False
2026-07-11 08:00:00,-0.004,107.07,115.02,114.29,108.94,108.94,,0.0,-0.43576,0.0,,0.0,0.0,0.0,0.0,0.0,0.0,5.44912,5.02,13.677291199999997,0.0,1.9,0.0,0.0,2.12,0.0,0.0,6.12,0.0,0.0,-1.77,0.0,0.0,10.44,0.0,0.0,-12.94,0.0,-0.002482166633333333,,99.67692,0.00266336296,0.0,83.429511,0.00101172516,218.619769,0.0,26.2717851,49.99999499999999,50.0,False
2026-07-11 08:30:00,-0.001,107.07,118.91,115.0,109.04,109.04,,0.0,-0.10904000000000001,0.0,,0.0,0.0,0.0,0.0,0.0,0.0,4.9521999999999995,5.02,12.430021999999997,0.0,1.9,0.0,0.0,2.12,0.0,0.0,6.12,0.0,0.0,-1.77,0.0,0.0,10.44,0.0,0.0,-12.94,0.0,-0.0107330836,,99.67692,0.00326212852,0.0,83.4295145,0.00128374795,218.620174,0.0,32.1780924,49.99999499999999,50.0,False
2026-07-11 09:00:00,-0.053,104.92,121.19,120.0,111.8,111.8,,0.0,-5.9254,0.0,,0.0,0.0,0.0,0.0,0.0,0.0,4.68912,5.02,11.769691199999999,0.0,1.9,0.0,0.0,2.12,0.0,0.0,6.12,0.0,0.0,-1.77,0.0,0.0,10.44,0.0,0.0,-12.94,0.0,-0.004235027733333333,,99.67692,0.00348856473,0.0,83.4293569,0.00139108189,218.620427,0.0,34.4116909,49.99999499999999,50.0,False
2026-07-11 09:30:00,-0.035,104.92,117.8,124.58,114.39,114.39,,0.0,-4.00365,0.0,,0.0,0.0,0.0,0.0,0.0,0.0,4.41614,5.02,11.0845114,0.0,1.9,0.0,0.0,2.12,0.0,0.0,6.12,0.0,0.0,-1.77,0.0,0.0,10.44,0.0,0.0,-12.94,0.0,-0.10584780679999999,,99.67692,0.00889797082,0.0,83.4280559,0.00407372342,218.623316,0.0,87.7708299,49.99999499999999,50.0,False
2026-07-11 10:00:00,0.0,97.57,112.0,115.29,134.96,134.96,,0.0,0.0,0.0,,0.0,0.0,0.0,0.0,0.0,0.0,3.70081,5.02,9.2890331,0.0,1.9,0.0,0.0,2.12,0.0,0.0,6.12,0.0,0.0,-1.77,0.0,0.0,10.44,0.0,0.0,-12.94,0.0,-0.07025703003333332,,99.67692,0.0125004961,0.0,83.4264849,0.0058543406,218.625192,0.0,123.306644,49.99999499999999,50.0,False
2026-07-11 10:30:00,-0.093,97.57,102.2,110.2,135.26,135.26,,0.0,-12.57918,0.0,,0.0,0.0,0.0,0.0,0.0,0.0,4.15338,5.02,10.4249838,0.0,1.9,0.0,0.0,2.12,0.0,0.0,6.12,0.0,0.0,-1.77,0.0,0.0,10.44,0.0,0.0,-12.94,0.0,-0.0024705555333333334,,99.67692,0.0126636863,0.0,83.4265032,0.0059169552,218.625394,0.0,124.916375,49.99999499999999,50.0,False
2026-07-11 11:00:00,-0.219,88.25,101.01,100.57,125.0,125.0,,-27.375,0.0,0.0,,0.0,0.0,0.0,0.0,0.0,0.0,3.70188,5.02,9.2917188,0.0,1.67,0.0,0.0,5.52,0.0,0.0,4.92,0.0,0.0,0.79,0.0,0.0,14.79,0.0,0.0,-10.49,0.0,-0.18349680889999997,,99.67692,0.022051877,0.0,83.4253917,0.0105675585,218.63021,0.0,217.522802,49.99999499999999,50.0,False
2026-07-11 11:30:00,0.0,88.25,89.75,95.1,125.0,125.0,,0.0,0.0,0.0,,0.0,0.0,0.0,0.0,0.0,0.0,2.06036,5.02,5.1715036,0.0,1.67,0.0,0.0,5.52,0.0,0.0,4.92,0.0,0.0,0.79,0.0,0.0,14.79,0.0,0.0,-10.49,0.0,-0.4219888076666667,,99.67692,0.0435212295,0.0,83.4163506,0.0212625813,218.640905,0.0,429.299501,49.99999499999999,50.0,False
2026-07-11 12:00:00,0.0,79.4,86.0,93.85,125.0,125.0,,0.0,0.0,0.0,,0.0,0.0,0.0,0.0,0.0,0.0,2.07621,5.02,5.2112871,0.0,1.67,0.0,0.0,5.52,0.0,0.0,4.92,0.0,0.0,0.79,0.0,0.0,14.79,0.0,0.0,-10.49,0.0,-0.0024712222,,99.67692,0.0436862391,0.0,83.4163609,0.0213252127,218.641159,0.0,430.927179,49.99999499999999,50.0,False
2026-07-11 12:30:00,0.0,79.4,83.05,90.35,125.0,125.0,,0.0,0.0,0.0,,0.0,0.0,0.0,0.0,0.0,0.0,1.84613,5.02,4.6337863,0.0,1.67,0.0,0.0,5.52,0.0,0.0,4.92,0.0,0.0,0.79,0.0,0.0,14.79,0.0,0.0,-10.49,0.0,-0.0024794167,,99.67692,0.0438469903,0.0,83.4163745,0.0213880519,218.641362,0.0,432.512851,49.99999499999999,50.0,False
2026-07-11 13:00:00,0.0,78.03,83.09,88.81,125.0,125.0,,0.0,0.0,0.0,,0.0,0.0,0.0,0.0,0.0,0.0,1.5674000000000001,5.02,3.934174,0.0,1.67,0.0,0.0,5.52,0.0,0.0,4.92,0.0,0.0,0.79,0.0,0.0,14.79,0.0,0.0,-10.49,0.0,-0.0024539444666666667,,99.67692,0.0440071722,0.0,83.4163969,0.0214502455,218.641514,0.0,434.092908,49.99999499999999,50.0,False
2026-07-11 13:30:00,0.0,78.03,83.01,87.73,125.0,125.0,,0.0,0.0,0.0,,0.0,0.0,0.0,0.0,0.0,0.0,1.57609,5.02,3.9559858999999995,0.0,1.67,0.0,0.0,5.52,0.0,0.0,4.92,0.0,0.0,0.79,0.0,0.0,14.79,0.0,0.0,-10.49,0.0,-0.002458694433333333,,99.67692,0.0441734804,0.0,83.4164072,0.0215125594,218.641767,0.0,435.733395,49.99999499999999,50.0,False
2026-07-11 14:00:00,0.0,76.54,82.87,87.8,125.0,125.0,,0.0,0.0,0.0,,0.0,0.0,0.0,0.0,0.0,0.0,0.98951,5.02,2.4836701,0.0,1.67,0.0,0.0,5.52,0.0,0.0,4.92,0.0,0.0,0.79,0.0,0.0,14.79,0.0,0.0,-10.49,0.0,-0.0019344166866666667,,99.67692,0.0443112457,0.0,83.4164236,0.0215615859,218.64197,0.0,437.092331,49.99999499999999,50.0,False
2026-07-11 14:30:00,0.0,76.54,82.87,85.32,140.0,140.0,,0.0,0.0,0.0,,0.0,0.0,0.0,0.0,0.0,0.0,0.037509999999999995,5.02,0.09415009999999997,0.0,1.67,0.0,0.0,5.52,0.0,0.0,4.92,0.0,0.0,0.79,0.0,0.0,14.79,0.0,0.0,-10.49,0.0,-0.0027457499333333334,,99.67692,0.0444897782,0.0,83.4164399,0.0216311752,218.642224,0.0,438.853401,49.99999499999999,50.0,False
2026-07-11 15:00:00,0.0,76.0,83.0,85.8,91.27,91.27,,0.0,0.0,0.0,,0.0,0.0,0.0,0.0,0.0,0.0,0.12645,5.02,0.3173895,0.0,1.9,0.0,0.0,1.65,0.0,0.0,7.88,0.0,0.0,0.47,0.0,0.0,7.22,0.0,0.0,-4.01,0.0,-0.0023698333666666667,,99.67692,0.0446566102,0.0,83.4164529,0.021691237,218.642426,0.0,440.499055,49.99999499999999,50.0,False
2026-07-11 15:30:00,0.0,76.0,83.02,87.5,92.89,92.89,,0.0,0.0,0.0,,0.0,0.0,0.0,0.0,0.0,0.0,2.00481,5.02,5.0320731,0.0,1.9,0.0,0.0,1.65,0.0,0.0,7.88,0.0,0.0,0.47,0.0,0.0,7.22,0.0,0.0,-4.01,0.0,-0.0024045,,99.67692,0.0448229219,0.0,83.4164631,0.0217521774,218.642578,0.0,442.139577,49.99999499999999,50.0,False
2026-07-11 16:00:00,0.0,89.74,86.87,92.87,90.05,90.05,,0.0,0.0,0.0,,0.0,0.0,0.0,0.0,0.0,0.0,1.93126,5.02,4.847462599999999,0.0,1.9,0.0,0.0,1.65,0.0,0.0,7.88,0.0,0.0,0.47,0.0,0.0,7.22,0.0,0.0,-4.01,0.0,-0.0024560276999999998,,99.67692,0.0449809176,0.0,83.4164681,0.0218144237,218.642831,0.0,443.698069,49.99999499999999,50.0,False
2026-07-11 16:30:00,0.0,89.74,95.29,94.28,88.45,88.45,,0.0,0.0,0.0,,0.0,0.0,0.0,0.0,0.0,0.0,1.83526,5.02,4.606502599999999,0.0,1.9,0.0,0.0,1.65,0.0,0.0,7.88,0.0,0.0,0.47,0.0,0.0,7.22,0.0,0.0,-4.01,0.0,-0.0024262222333333336,,99.67692,0.0451379456,0.0,83.4164851,0.0218759147,218.643085,0.0,445.247015,49.99999499999999,50.0,False
2026-07-11 17:00:00,0.0,106.24,106.22,108.76,98.0,98.0,,0.0,0.0,0.0,,0.0,0.0,0.0,0.0,0.0,0.0,2.5849499999999996,5.02,6.4882244999999985,0.0,1.9,0.0,0.0,1.65,0.0,0.0,7.88,0.0,0.0,0.47,0.0,0.0,7.22,0.0,0.0,-4.01,0.0,-0.0024716944,,99.67692,0.0452959899,0.0,83.4164907,0.0219385581,218.643237,0.0,446.805986,49.99999499999999,50.0,False
2026-07-11 17:30:00,0.0,106.24,105.0,105.0,97.27,97.27,,0.0,0.0,0.0,,0.0,0.0,0.0,0.0,0.0,0.0,3.50311,5.02,8.7928061,0.0,1.9,0.0,0.0,1.65,0.0,0.0,7.88,0.0,0.0,0.47,0.0,0.0,7.22,0.0,0.0,-4.01,0.0,-0.0024190833333333334,,99.67692,0.0454534364,0.0,83.4165064,0.0219998682,218.643389,0.0,448.35906,49.99999499999999,50.0,False
2026-07-11 18:00:00,0.0,120.02,124.0,125.0,138.45,138.45,,0.0,0.0,0.0,,0.0,0.0,0.0,0.0,0.0,0.0,4.4436599999999995,5.02,11.153586599999997,0.0,1.9,0.0,0.0,1.65,0.0,0.0,7.88,0.0,0.0,0.47,0.0,0.0,7.22,0.0,0.0,-4.01,0.0,-0.0024800278,,99.67692,0.0456110565,0.0,83.4165141,0.0220627229,218.643642,0.0,449.913847,49.99999499999999,50.0,False
2026-07-11 18:30:00,0.0,120.02,125.5,131.87,100.33,100.33,,0.0,0.0,0.0,,0.0,0.0,0.0,0.0,0.0,0.0,5.33233,5.02,13.384148299999998,0.0,1.9,0.0,0.0,1.65,0.0,0.0,7.88,0.0,0.0,0.47,0.0,0.0,7.22,0.0,0.0,-4.01,0.0,-0.002475722233333333,,99.67692,0.0457615727,0.0,83.4165318,0.0221254684,218.643845,0.0,451.39856,49.99999499999999,50.0,False
2026-07-11 19:00:00,0.0,128.47,130.0,128.26,99.34,99.34,,0.0,0.0,0.0,,0.0,0.0,0.0,0.0,0.0,0.0,6.0664,5.02,15.226663999999998,0.0,2.85,0.0,0.0,1.25,0.0,0.0,8.43,0.0,0.0,-2.97,0.0,0.0,17.92,0.0,0.0,-13.5,0.0,-0.0024659444,,99.67692,0.0459174743,0.0,83.4165448,0.0221879661,218.643998,0.0,452.936395,49.99999499999999,50.0,False
2026-07-11 19:30:00,0.0,128.47,130.0,128.2,138.45,138.45,,0.0,0.0,0.0,,0.0,0.0,0.0,0.0,0.0,0.0,6.5098199999999995,5.02,16.339648199999996,0.0,2.85,0.0,0.0,1.25,0.0,0.0,8.43,0.0,0.0,-2.97,0.0,0.0,17.92,0.0,0.0,-13.5,0.0,-0.0024655000000000002,,99.67692,0.0460724265,0.0,83.4165585,0.0222504525,218.6442,0.0,454.464865,49.99999499999999,50.0,False
2026-07-11 20:00:00,0.0,129.1,129.35,128.05,97.31,97.31,,0.0,0.0,0.0,,0.0,0.0,0.0,0.0,0.0,0.0,6.68025,5.02,16.7674275,0.0,2.85,0.0,0.0,1.25,0.0,0.0,8.43,0.0,0.0,-2.97,0.0,0.0,17.92,0.0,0.0,-13.5,0.0,-0.0024808610666666665,,99.67692,0.0462254812,0.0,83.4165662,0.0223133283,218.644403,0.0,455.974618,49.99999499999999,50.0,False
2026-07-11 20:30:00,0.0,129.1,129.99,127.76,97.0,97.0,,0.0,0.0,0.0,,0.0,0.0,0.0,0.0,0.0,0.0,6.87509,5.02,17.256475899999998,0.0,2.85,0.0,0.0,1.25,0.0,0.0,8.43,0.0,0.0,-2.97,0.0,0.0,17.92,0.0,0.0,-13.5,0.0,-0.0024711388999999998,,99.67692,0.0463876322,0.0,83.4165758,0.0223759576,218.644504,0.0,457.574098,49.99999499999999,50.0,False
2026-07-11 21:00:00,0.0,130.33,125.27,122.78,156.0,156.0,,0.0,0.0,0.0,,0.0,0.0,0.0,0.0,0.0,0.0,6.9849499999999995,5.02,17.532224499999998,0.0,2.85,0.0,0.0,1.25,0.0,0.0,8.43,0.0,0.0,-2.97,0.0,0.0,17.92,0.0,0.0,-13.5,0.0,-0.002468361133333333,,99.67692,0.0465422566,0.0,83.4165848,0.0224385166,218.644757,0.0,459.099335,49.99999499999999,50.0,False
2026-07-11 21:30:00,0.0,130.33,125.03,122.4,156.0,156.0,,0.0,0.0,0.0,,0.0,0.0,0.0,0.0,0.0,0.0,6.99697,5.02,17.5623947,0.0,2.85,0.0,0.0,1.25,0.0,0.0,8.43,0.0,0.0,-2.97,0.0,0.0,17.92,0.0,0.0,-13.5,0.0,-0.0024984444666666665,,99.67692,0.0466985895,0.0,83.4166005,0.0225018379,218.64496,0.0,460.641425,49.99999499999999,50.0,False
2026-07-11 22:00:00,0.0,122.1,122.54,120.05,158.45,158.45,,0.0,0.0,0.0,,0.0,0.0,0.0,0.0,0.0,0.0,6.9901,5.02,17.545150999999997,0.0,2.85,0.0,0.0,1.25,0.0,0.0,8.43,0.0,0.0,-2.97,0.0,0.0,17.92,0.0,0.0,-13.5,0.0,-0.0025016389,,99.67692,0.0468557858,0.0,83.4166082,0.0225652404,218.645061,0.0,462.192031,49.99999499999999,50.0,False
2026-07-11 22:30:00,0.0,122.1,119.76,114.5,154.85,154.85,,0.0,0.0,0.0,,0.0,0.0,0.0,0.0,0.0,0.0,6.9901800000000005,5.02,17.5453518,0.0,2.85,0.0,0.0,1.25,0.0,0.0,8.43,0.0,0.0,-2.97,0.0,0.0,17.92,0.0,0.0,-13.5,0.0,-0.0025028333,,99.67692,0.0470131784,0.0,83.4166279,0.022628673,218.645366,0.0,463.744574,49.99999499999999,50.0,False
2026-07-11 23:00:00,0.0,111.1,114.29,110.0,124.85,124.85,,0.0,0.0,0.0,,0.0,0.0,0.0,0.0,0.0,0.0,6.99017,5.02,17.545326699999997,0.0,1.82,0.0,0.0,1.75,0.0,0.0,7.31,0.0,0.0,-1.64,0.0,0.0,25.59,0.0,0.0,-14.94,0.0,-0.0024393888666666666,,99.67692,0.0471727833,0.0,83.416649,0.0226904976,218.645518,0.0,465.318939,49.99999499999999,50.0,False
2026-07-11 23:30:00,0.0,111.1,111.0,112.2,110.53,110.53,,0.0,0.0,0.0,,0.0,0.0,0.0,0.0,0.0,0.0,6.99132,5.02,17.5482132,0.0,1.82,0.0,0.0,1.75,0.0,0.0,7.31,0.0,0.0,-1.64,0.0,0.0,25.59,0.0,0.0,-14.94,0.0,-0.002518444433333333,,99.67692,0.0473308034,0.0,83.4166666,0.0227543259,218.64567,0.0,466.877671,49.99999499999999,50.0,False
2026-07-12 00:00:00,0.0,111.6,108.7,104.0,172.0,172.0,,0.0,0.0,0.0,,0.0,0.0,0.0,0.0,0.0,0.0,6.98874,5.02,17.5417374,0.0,1.82,0.0,0.0,1.75,0.0,0.0,7.31,0.0,0.0,-1.64,0.0,0.0,25.59,0.0,0.0,-14.94,0.0,-0.0025543888666666667,,99.67692,0.0474963553,0.0,83.4166729,0.0228190652,218.645923,0.0,468.510698,49.99999499999999,50.0,False
2026-07-12 00:30:00,0.0,111.6,107.9,110.23,109.09,109.09,,0.0,0.0,0.0,,0.0,0.0,0.0,0.0,0.0,0.0,6.99254,5.02,17.551275399999998,0.0,1.82,0.0,0.0,1.75,0.0,0.0,7.31,0.0,0.0,-1.64,0.0,0.0,25.59,0.0,0.0,-14.94,0.0,-0.0024340555666666664,,99.67692,0.000154366794,0.0,83.4166839,6.16895025e-05,218.646075,0.0,1.52269567,49.99999499999999,50.0,False
2026-07-12 01:00:00,0.0,110.8,102.83,100.0,107.57,107.57,,0.0,0.0,0.0,,0.0,0.0,0.0,0.0,0.0,0.0,6.99011,5.02,17.5451761,0.0,1.82,0.0,0.0,1.75,0.0,0.0,7.31,0.0,0.0,-1.64,0.0,0.0,25.59,0.0,0.0,-14.94,0.0,-0.002511638866666667,,99.67692,0.000308999943,0.0,83.416709,0.000125345302,218.646228,0.0,3.0480187,49.99999499999999,50.0,False
2026-07-12 01:30:00,0.0,110.8,107.8,106.85,109.63,109.63,,0.0,0.0,0.0,,0.0,0.0,0.0,0.0,0.0,0.0,6.98991,5.02,17.544674099999998,0.0,1.82,0.0,0.0,1.75,0.0,0.0,7.31,0.0,0.0,-1.64,0.0,0.0,25.59,0.0,0.0,-14.94,0.0,-0.0025568888666666666,,99.67692,0.000464118754,0.0,83.4167227,0.000190147933,218.646431,0.0,4.57813237,49.99999499999999,50.0,False
2026-07-12 02:00:00,0.0,107.7,105.77,107.0,108.82,108.82,,0.0,0.0,0.0,,0.0,0.0,0.0,0.0,0.0,0.0,6.99012,5.02,17.545201199999997,0.0,1.82,0.0,0.0,1.75,0.0,0.0,7.31,0.0,0.0,-1.64,0.0,0.0,25.59,0.0,0.0,-14.94,0.0,-0.0025147500333333335,,99.67692,0.000623888061,0.0,83.4167417,0.000253882582,218.646684,0.0,6.15411918,49.99999499999999,50.0,False
2026-07-12 02:30:00,0.0,107.7,105.71,107.0,110.34,110.34,,0.0,0.0,0.0,,0.0,0.0,0.0,0.0,0.0,0.0,6.98917,5.02,17.542816699999996,0.0,1.82,0.0,0.0,1.75,0.0,0.0,7.31,0.0,0.0,-1.64,0.0,0.0,25.59,0.0,0.0,-14.94,0.0,-0.0025102778333333333,,99.67692,0.000782452844,0.0,83.4167587,0.000317503887,218.646886,0.0,7.7182244,49.99999499999999,50.0,False
2026-07-12 03:00:00,0.0,106.0,106.03,107.61,107.78,107.78,,0.0,0.0,0.0,,0.0,0.0,0.0,0.0,0.0,0.0,6.98949,5.02,17.5436199,0.0,2.45,0.0,0.0,0.45,0.0,0.0,9.8,0.0,0.0,-2.78,0.0,0.0,22.36,0.0,0.0,-9.84,0.0,-0.0024582777666666664,,99.67692,0.000939817382,0.0,83.4167717,0.000379807286,218.647039,0.0,9.27049023,49.99999499999999,50.0,False
2026-07-12 03:30:00,0.0,106.0,105.29,106.36,107.92,107.92,,0.0,0.0,0.0,,0.0,0.0,0.0,0.0,0.0,0.0,6.98939,5.02,17.5433689,0.0,2.45,0.0,0.0,0.45,0.0,0.0,9.8,0.0,0.0,-2.78,0.0,0.0,22.36,0.0,0.0,-9.84,0.0,-0.0024930278333333334,,99.67692,0.00109357263,0.0,83.4167867,0.0004429914,218.647242,0.0,10.7871535,49.99999499999999,50.0,False
2026-07-12 04:00:00,0.0,102.61,104.0,104.0,107.67,107.67,,0.0,0.0,0.0,,0.0,0.0,0.0,0.0,0.0,0.0,6.98942,5.02,17.5434442,0.0,2.45,0.0,0.0,0.45,0.0,0.0,9.8,0.0,0.0,-2.78,0.0,0.0,22.36,0.0,0.0,-9.84,0.0,-0.0025146944666666667,,99.67692,0.00125112745,0.0,83.4168058,0.00050672464,218.647394,0.0,12.3412963,49.99999499999999,50.0,False
2026-07-12 04:30:00,0.0,102.61,103.96,103.96,109.24,109.24,,0.0,0.0,0.0,,0.0,0.0,0.0,0.0,0.0,0.0,6.98963,5.02,17.5439713,0.0,2.45,0.0,0.0,0.45,0.0,0.0,9.8,0.0,0.0,-2.78,0.0,0.0,22.36,0.0,0.0,-9.84,0.0,-0.0025320555333333333,,99.67692,0.00141144003,0.0,83.4168167,0.00057089789,218.647647,0.0,13.9226421,49.99999499999999,50.0,False
2026-07-12 05:00:00,0.0,99.62,102.74,108.0,104.29,104.29,,0.0,0.0,0.0,,0.0,0.0,0.0,0.0,0.0,0.0,6.93039,5.02,17.395278899999997,0.0,2.45,0.0,0.0,0.45,0.0,0.0,9.8,0.0,0.0,-2.78,0.0,0.0,22.36,0.0,0.0,-9.84,0.0,-0.002498083366666667,,99.67692,0.00157135579,0.0,83.4168358,0.000634210135,218.6479,0.0,15.5000735,49.99999499999999,50.0,False
2026-07-12 05:30:00,0.0,99.62,96.08,97.8,97.74,97.74,,0.0,0.0,0.0,,0.0,0.0,0.0,0.0,0.0,0.0,6.79038,5.02,17.043853799999997,0.0,2.45,0.0,0.0,0.45,0.0,0.0,9.8,0.0,0.0,-2.78,0.0,0.0,22.36,0.0,0.0,-9.84,0.0,-0.002474944433333333,,99.67692,0.00173080759,0.0,83.4168407,0.000696935935,218.648002,0.0,17.0729284,49.99999499999999,50.0,False
2026-07-12 06:00:00,0.0,84.4,87.23,88.15,95.02,95.02,,0.0,0.0,0.0,,0.0,0.0,0.0,0.0,0.0,0.0,6.73421,5.02,16.902867099999998,0.0,2.45,0.0,0.0,0.45,0.0,0.0,9.8,0.0,0.0,-2.78,0.0,0.0,22.36,0.0,0.0,-9.84,0.0,-0.002482277833333333,,99.67692,0.00189141672,0.0,83.4168658,0.0007598476,218.648205,0.0,18.6571993,49.99999499999999,50.0,False
2026-07-12 06:30:00,0.0,84.4,92.01,92.0,85.86,85.86,,0.0,0.0,0.0,,0.0,0.0,0.0,0.0,0.0,0.0,6.2399,5.02,15.662148999999998,0.0,2.45,0.0,0.0,0.45,0.0,0.0,9.8,0.0,0.0,-2.78,0.0,0.0,22.36,0.0,0.0,-9.84,0.0,-0.0024860555333333333,,99.67692,0.00204972668,0.0,83.4168727,0.00082285501,218.648408,0.0,20.2187909,49.99999499999999,50.0,False
2026-07-12 07:00:00,0.0,61.0,45.92,45.83,52.24,52.24,,0.0,0.0,0.0,,0.0,0.0,0.0,0.0,0.0,0.0,5.810479999999999,5.02,14.584304799999996,0.0,5.05,0.0,0.0,2.06,0.0,0.0,10.77,0.0,0.0,1.65,0.0,0.0,18.41,0.0,0.0,2.44,0.0,-0.0024541111,,99.67692,0.00221133911,0.0,83.4168864,0.0008850528,218.64861,0.0,21.8129586,49.99999499999999,50.0,False
2026-07-12 07:30:00,0.0,61.0,35.88,41.8,51.14,51.14,,0.0,0.0,0.0,,0.0,0.0,0.0,0.0,0.0,0.0,5.4352,5.02,13.642351999999999,0.0,5.05,0.0,0.0,2.06,0.0,0.0,10.77,0.0,0.0,1.65,0.0,0.0,18.41,0.0,0.0,2.44,0.0,-0.002446222233333333,,99.67692,0.00237008345,0.0,83.4169115,0.00094705066,218.648864,0.0,23.378835,49.99999499999999,50.0,False
2026-07-12 08:00:00,0.0,39.6,20.0,30.99,-4.24,-4.24,,0.0,0.0,0.0,,0.0,0.0,0.0,0.0,0.0,0.0,6.7755600000000005,5.02,17.0066556,0.0,5.05,0.0,0.0,2.06,0.0,0.0,10.77,0.0,0.0,1.65,0.0,0.0,18.41,0.0,0.0,2.44,0.0,-0.002458333333333333,,99.67692,0.00253093237,0.0,83.4169245,0.00100935547,218.649016,0.0,24.9654712,49.99999499999999,50.0,False
2026-07-12 08:30:00,-0.218,39.6,10.0,21.0,-5.12,-5.12,,1.11616,0.0,0.0,,0.0,0.0,0.0,0.0,0.0,0.0,4.09146,5.02,10.269564599999999,0.0,5.05,0.0,0.0,2.06,0.0,0.0,10.77,0.0,0.0,1.65,0.0,0.0,18.41,0.0,0.0,2.44,0.0,-0.0024873055666666667,,99.67692,0.00269082618,0.0,83.4169342,0.00107239455,218.649168,0.0,26.5426862,49.99999499999999,50.0,False
2026-07-12 09:00:00,-0.364,16.32,16.0,27.0,-8.31,-8.31,,3.02484,0.0,0.0,,0.0,0.0,0.0,0.0,0.0,0.0,3.5267399999999998,5.02,8.8521174,0.0,5.05,0.0,0.0,2.06,0.0,0.0,10.77,0.0,0.0,1.65,0.0,0.0,18.41,0.0,0.0,2.44,0.0,-0.42013995666666665,,99.67692,0.0241028871,0.0,83.4101449,0.0117205594,218.659965,0.0,237.754253,49.99999499999999,50.0,False
2026-07-12 09:30:00,-0.388,16.32,12.32,20.0,-30.84,-30.84,,11.96592,0.0,0.0,,0.0,0.0,0.0,0.0,0.0,0.0,7.02789,5.02,17.6400039,0.0,5.05,0.0,0.0,2.06,0.0,0.0,10.77,0.0,0.0,1.65,0.0,0.0,18.41,0.0,0.0,2.44,0.0,-0.6974231999999999,,99.67692,0.0596006835,0.0,83.3999386,0.0293962818,218.677706,0.0,587.909486,49.99999499999999,50.0,False
2026-07-12 10:00:00,-0.107,9.39,7.63,26.0,-12.46,-12.46,,1.33322,0.0,0.0,,0.0,0.0,0.0,0.0,0.0,0.0,6.98663,5.02,17.5364413,0.0,5.05,0.0,0.0,2.06,0.0,0.0,10.77,0.0,0.0,1.65,0.0,0.0,18.41,0.0,0.0,2.44,0.0,-0.7419262966666667,,99.67692,0.0973700397,0.0,83.3876997,0.0481999053,218.696562,0.0,960.471703,49.99999499999999,50.0,False
2026-07-12 10:30:00,0.0,9.39,7.0,15.0,-8.06,-8.06,,0.0,0.0,0.0,,0.0,0.0,0.0,0.0,0.0,0.0,6.68958,5.02,16.7908458,0.0,5.05,0.0,0.0,2.06,0.0,0.0,10.77,0.0,0.0,1.65,0.0,0.0,18.41,0.0,0.0,2.44,0.0,-0.20506822773333333,,99.67692,0.107805084,0.0,83.38219,0.0533972215,218.701934,0.0,1063.40444,49.99999499999999,50.0,False
2026-07-12 11:00:00,0.0,5.07,7.0,10.0,-6.66,-6.66,,0.0,0.0,0.0,,0.0,0.0,0.0,0.0,0.0,0.0,1.28007,5.02,3.2129757,0.0,2.25,0.0,0.0,3.75,0.0,0.0,3.34,0.0,0.0,5.61,0.0,0.0,3.18,0.0,0.0,8.5,0.0,-0.0025380278,,99.67692,0.107960472,0.0,83.3821958,0.053461546,218.702087,0.0,1064.93721,49.99999499999999,50.0,False
2026-07-12 11:30:00,0.0,5.07,7.0,5.06,-7.44,-7.44,,0.0,0.0,0.0,,0.0,0.0,0.0,0.0,0.0,0.0,6.97462,5.02,17.506296199999998,0.0,2.25,0.0,0.0,3.75,0.0,0.0,3.34,0.0,0.0,5.61,0.0,0.0,3.18,0.0,0.0,8.5,0.0,-0.0024694999666666664,,99.67692,0.108122993,0.0,83.3821982,0.053524134,218.70234,0.0,1066.54034,49.99999499999999,50.0,False
2026-07-12 12:00:00,0.0,5.0,4.63,6.0,-8.26,-8.26,,0.0,0.0,0.0,,0.0,0.0,0.0,0.0,0.0,0.0,6.97375,5.02,17.504112499999998,0.0,2.25,0.0,0.0,3.75,0.0,0.0,3.34,0.0,0.0,5.61,0.0,0.0,3.18,0.0,0.0,8.5,0.0,-0.0024394166666666666,,99.67692,0.108280587,0.0,83.3822087,0.0535859595,218.702543,0.0,1068.09487,49.99999499999999,50.0,False
2026-07-12 12:30:00,0.0,5.0,3.53,6.0,-7.49,-7.49,,0.0,0.0,0.0,,0.0,0.0,0.0,0.0,0.0,0.0,6.97691,5.02,17.5120441,0.0,2.25,0.0,0.0,3.75,0.0,0.0,3.34,0.0,0.0,5.61,0.0,0.0,3.18,0.0,0.0,8.5,0.0,-0.0024524722,,99.67692,0.10844121,0.0,83.3822145,0.053648116,218.702796,0.0,1069.67928,49.99999499999999,50.0,False
2026-07-12 13:00:00,0.0,4.43,6.8,6.8,-7.59,-7.59,,0.0,0.0,0.0,,0.0,0.0,0.0,0.0,0.0,0.0,6.97893,5.02,17.5171143,0.0,2.25,0.0,0.0,3.75,0.0,0.0,3.34,0.0,0.0,5.61,0.0,0.0,3.18,0.0,0.0,8.5,0.0,-0.0024595277333333333,,99.67692,0.108598874,0.0,83.3822383,0.0537104505,218.702999,0.0,1071.2345,49.99999499999999,50.0,False
2026-07-12 13:30:00,0.0,4.43,5.3,5.32,-7.86,-7.86,,0.0,0.0,0.0,,0.0,0.0,0.0,0.0,0.0,0.0,6.61035,5.02,16.5919785,0.0,2.25,0.0,0.0,3.75,0.0,0.0,3.34,0.0,0.0,5.61,0.0,0.0,3.18,0.0,0.0,8.5,0.0,-0.0025288889,,99.67692,0.108755066,0.0,83.3822488,0.053774544,218.703151,0.0,1072.7752,49.99999499999999,50.0,False
2026-07-12 14:00:00,0.0,4.9,6.2,6.0,-5.81,-5.81,,0.0,0.0,0.0,,0.0,0.0,0.0,0.0,0.0,0.0,0.04765,5.02,0.11960149999999999,0.0,2.25,0.0,0.0,3.75,0.0,0.0,3.34,0.0,0.0,5.61,0.0,0.0,3.18,0.0,0.0,8.5,0.0,-0.0024618332666666667,,99.67692,0.108914868,0.0,83.3822552,0.053836937,218.703455,0.0,1074.35151,49.99999499999999,50.0,False
2026-07-12 14:30:00,0.0,4.9,4.07,9.6,-5.74,-5.74,,0.0,0.0,0.0,,0.0,0.0,0.0,0.0,0.0,0.0,0.046799999999999994,5.02,0.11746799999999998,0.0,2.25,0.0,0.0,3.75,0.0,0.0,3.34,0.0,0.0,5.61,0.0,0.0,3.18,0.0,0.0,8.5,0.0,-0.0024433611333333333,,99.67692,0.109081818,0.0,83.3822523,0.0538988625,218.703709,0.0,1075.99832,49.99999499999999,50.0,False
2026-07-12 15:00:00,0.0,5.0,5.38,12.0,10.33,10.33,,0.0,0.0,0.0,,0.0,0.0,0.0,0.0,0.0,0.0,0.047659999999999994,5.02,0.11962659999999997,0.0,1.31,0.0,0.0,8.31,0.0,0.0,5.83,0.0,0.0,9.6,0.0,0.0,14.86,0.0,0.0,18.11,0.0,-0.0024516944,,99.67692,0.109246155,0.0,83.3822667,0.053960999,218.703861,0.0,1077.61937,49.99999499999999,50.0,False
2026-07-12 15:30:00,0.0,5.0,6.33,13.91,-2.07,-2.07,,0.0,0.0,0.0,,0.0,0.0,0.0,0.0,0.0,0.0,0.33817,5.02,0.8488067,0.0,1.31,0.0,0.0,8.31,0.0,0.0,5.83,0.0,0.0,9.6,0.0,0.0,14.86,0.0,0.0,18.11,0.0,-0.002501583333333333,,99.67692,0.109405344,0.0,83.3822718,0.0540244,218.704064,0.0,1079.18963,49.99999499999999,50.0,False
2026-07-12 16:00:00,0.0,24.03,12.83,19.91,-3.4,-3.4,,0.0,0.0,0.0,,0.0,0.0,0.0,0.0,0.0,0.0,0.9473400000000001,5.02,2.3778234,0.0,1.31,0.0,0.0,8.31,0.0,0.0,5.83,0.0,0.0,9.6,0.0,0.0,14.86,0.0,0.0,18.11,0.0,-0.0024549167,,99.67692,0.109568551,0.0,83.3822776,0.0540866185,218.704317,0.0,1080.79953,49.99999499999999,50.0,False
2026-07-12 16:30:00,0.0,24.03,31.45,38.88,-2.51,-2.51,,0.0,0.0,0.0,,0.0,0.0,0.0,0.0,0.0,0.0,1.6898900000000001,5.02,4.2416239,0.0,1.31,0.0,0.0,8.31,0.0,0.0,5.83,0.0,0.0,9.6,0.0,0.0,14.86,0.0,0.0,18.11,0.0,-0.0024386666666666667,,99.67692,0.109726114,0.0,83.3822861,0.0541484245,218.70457,0.0,1082.35375,49.99999499999999,50.0,False
2026-07-12 17:00:00,0.0,80.08,56.0,72.1,71.95,71.95,,0.0,0.0,0.0,,0.0,0.0,0.0,0.0,0.0,0.0,2.54308,5.02,6.383130799999999,0.0,1.31,0.0,0.0,8.31,0.0,0.0,5.83,0.0,0.0,9.6,0.0,0.0,14.86,0.0,0.0,18.11,0.0,-0.0024634722,,99.67692,0.109881931,0.0,83.3822858,0.0542108595,218.704672,0.0,1083.89075,49.99999499999999,50.0,False
2026-07-12 17:30:00,0.0,80.08,70.0,75.0,129.45,129.45,,0.0,0.0,0.0,,0.0,0.0,0.0,0.0,0.0,0.0,3.4472199999999997,5.02,8.652522199999998,0.0,1.31,0.0,0.0,8.31,0.0,0.0,5.83,0.0,0.0,9.6,0.0,0.0,14.86,0.0,0.0,18.11,0.0,-0.002438750033333333,,99.67692,0.110034759,0.0,83.382299,0.0542726685,218.704926,0.0,1085.39827,49.99999499999999,50.0,False
2026-07-12 18:00:00,0.0,103.83,102.98,104.23,139.45,139.45,,0.0,0.0,0.0,,0.0,0.0,0.0,0.0,0.0,0.0,4.39806,5.02,11.0391306,0.0,1.31,0.0,0.0,8.31,0.0,0.0,5.83,0.0,0.0,9.6,0.0,0.0,14.86,0.0,0.0,18.11,0.0,-0.0023850000333333335,,99.67692,0.110184924,0.0,83.3823175,0.0543331145,218.705178,0.0,1086.87952,49.99999499999999,50.0,False
2026-07-12 18:30:00,0.0,103.83,107.0,108.0,139.45,139.45,,0.0,0.0,0.0,,0.0,0.0,0.0,0.0,0.0,0.0,5.31958,5.02,13.352145799999999,0.0,1.31,0.0,0.0,8.31,0.0,0.0,5.83,0.0,0.0,9.6,0.0,0.0,14.86,0.0,0.0,18.11,0.0,-0.0025138611,,99.67692,0.110337312,0.0,83.3823213,0.054396827,218.705331,0.0,1088.38269,49.99999499999999,50.0,False
2026-07-12 19:00:00,0.0,115.1,120.21,121.72,139.45,139.45,,0.0,0.0,0.0,,0.0,0.0,0.0,0.0,0.0,0.0,6.08524,5.02,15.273952399999999,0.0,5.31,0.0,0.0,2.89,0.0,0.0,9.24,0.0,0.0,0.0,0.0,0.0,22.93,0.0,0.0,-7.5,0.0,-0.0024775555666666665,,99.67692,0.110493729,0.0,83.3823352,0.0544596185,218.705483,0.0,1089.92561,49.99999499999999,50.0,False
2026-07-12 19:30:00,0.0,115.1,121.43,123.34,129.5,129.5,,0.0,0.0,0.0,,0.0,0.0,0.0,0.0,0.0,0.0,6.49065,5.02,16.291531499999998,0.0,5.31,0.0,0.0,2.89,0.0,0.0,9.24,0.0,0.0,0.0,0.0,0.0,22.93,0.0,0.0,-7.5,0.0,-0.0025095833,,99.67692,0.110645839,0.0,83.382349,0.0545232225,218.705736,0.0,1091.42605,49.99999499999999,50.0,False
2026-07-12 20:00:00,0.0,122.13,123.0,122.0,129.5,129.5,,0.0,0.0,0.0,,0.0,0.0,0.0,0.0,0.0,0.0,6.665439999999999,5.02,16.730254399999996,0.0,5.31,0.0,0.0,2.89,0.0,0.0,9.24,0.0,0.0,0.0,0.0,0.0,22.93,0.0,0.0,-7.5,0.0,-0.0024436110999999996,,99.67692,0.110800885,0.0,83.3823555,0.054585154,218.705889,0.0,1092.95544,49.99999499999999,50.0,False
2026-07-12 20:30:00,0.0,122.13,123.23,121.6,129.5,129.5,,0.0,0.0,0.0,,0.0,0.0,0.0,0.0,0.0,0.0,6.832319999999999,5.02,17.1491232,0.0,5.31,0.0,0.0,2.89,0.0,0.0,9.24,0.0,0.0,0.0,0.0,0.0,22.93,0.0,0.0,-7.5,0.0,-0.0024860555666666663,,99.67692,0.110961985,0.0,83.3823673,0.0546481615,218.70604,0.0,1094.54455,49.99999499999999,50.0,False
2026-07-12 21:00:00,0.0,124.0,124.0,123.08,129.5,129.5,,0.0,0.0,0.0,,0.0,0.0,0.0,0.0,0.0,0.0,6.96519,5.02,17.4826269,0.0,5.31,0.0,0.0,2.89,0.0,0.0,9.24,0.0,0.0,0.0,0.0,0.0,22.93,0.0,0.0,-7.5,0.0,-0.0025020833,,99.67692,0.111114826,0.0,83.3823872,0.054711575,218.706294,0.0,1096.0522,49.99999499999999,50.0,False
2026-07-12 21:30:00,0.0,124.0,123.11,123.1,132.0,132.0,,0.0,0.0,0.0,,0.0,0.0,0.0,0.0,0.0,0.0,6.99858,5.02,17.566435799999997,0.0,5.31,0.0,0.0,2.89,0.0,0.0,9.24,0.0,0.0,0.0,0.0,0.0,22.93,0.0,0.0,-7.5,0.0,-0.0025288889,,99.67692,0.111269549,0.0,83.382395,0.054775668,218.706395,0.0,1097.57841,49.99999499999999,50.0,False
2026-07-12 22:00:00,0.0,118.0,120.62,119.0,134.0,134.0,,0.0,0.0,0.0,,0.0,0.0,0.0,0.0,0.0,0.0,6.990399999999999,5.02,17.545903999999997,0.0,5.31,0.0,0.0,2.89,0.0,0.0,9.24,0.0,0.0,0.0,0.0,0.0,22.93,0.0,0.0,-7.5,0.0,-0.0025285833666666667,,99.67692,0.111428397,0.0,83.3824122,0.0548397535,218.706597,0.0,1099.14531,49.99999499999999,50.0,False
2026-07-12 22:30:00,0.0,118.0,115.01,115.0,116.24,116.24,,0.0,0.0,0.0,,0.0,0.0,0.0,0.0,0.0,0.0,6.9896400000000005,5.02,17.5439964,0.0,5.31,0.0,0.0,2.89,0.0,0.0,9.24,0.0,0.0,0.0,0.0,0.0,22.93,0.0,0.0,-7.5,0.0,-0.0024722777333333334,,99.67692,0.11158406,0.0,83.382426,0.0549024115,218.7068,0.0,1100.68079,49.99999499999999,50.0,False
2026-07-12 23:00:00,0.0,108.9,120.18,118.7,90.0,90.0,,0.0,0.0,0.0,,0.0,0.0,0.0,0.0,0.0,0.0,6.99014,5.02,17.545251399999998,0.0,1.5,0.0,0.0,1.08,0.0,0.0,5.24,0.0,0.0,-2.23,0.0,0.0,6.78,0.0,0.0,-13.91,0.0,-0.0025161388666666666,,99.67692,0.111737282,0.0,83.3824332,0.0549661815,218.707054,0.0,1102.19219,49.99999499999999,50.0,False
2026-07-12 23:30:00,0.0,108.9,115.48,115.47,85.22,85.22,,0.0,0.0,0.0,,0.0,0.0,0.0,0.0,0.0,0.0,6.98968,5.02,17.5440968,0.0,1.5,0.0,0.0,1.08,0.0,0.0,5.24,0.0,0.0,-2.23,0.0,0.0,6.78,0.0,0.0,-13.91,0.0,-0.0024842777666666664,,99.67692,0.111893783,0.0,83.3824483,0.0550291435,218.707206,0.0,1103.73594,49.99999499999999,50.0,False
2026-07-13 00:00:00,0.0,107.6,114.0,109.99,106.42,106.42,,0.0,0.0,0.0,,0.0,0.0,0.0,0.0,0.0,0.0,6.99021,5.02,17.545427099999998,0.0,1.5,0.0,0.0,1.08,0.0,0.0,5.24,0.0,0.0,-2.23,0.0,0.0,6.78,0.0,0.0,-13.91,0.0,-0.0025167777666666668,,99.67692,0.112052999,0.0,83.3824662,0.0550929295,218.707409,0.0,1105.30647,49.99999499999999,50.0,False
2026-07-13 00:30:00,0.0,107.6,112.0,106.8,104.08,104.08,,0.0,0.0,0.0,,0.0,0.0,0.0,0.0,0.0,0.0,6.989979999999999,5.02,17.544849799999998,0.0,1.5,0.0,0.0,1.08,0.0,0.0,5.24,0.0,0.0,-2.23,0.0,0.0,6.78,0.0,0.0,-13.91,0.0,-0.0025078611,,99.67692,0.000156247922,0.0,83.3824834,6.35600545e-05,218.707612,0.0,1.54125138,49.99999499999999,50.0,False
2026-07-13 01:00:00,0.0,104.5,105.0,100.39,101.8,101.8,,0.0,0.0,0.0,,0.0,0.0,0.0,0.0,0.0,0.0,6.99,5.02,17.5449,0.0,1.5,0.0,0.0,1.08,0.0,0.0,5.24,0.0,0.0,-2.23,0.0,0.0,6.78,0.0,0.0,-13.91,0.0,-0.0025539166,,99.67692,0.000314183114,0.0,83.3825026,0.000128287355,218.707763,0.0,3.09914622,49.99999499999999,50.0,False
2026-07-13 01:30:00,0.0,104.5,104.43,100.87,103.18,103.18,,0.0,0.0,0.0,,0.0,0.0,0.0,0.0,0.0,0.0,6.98993,5.02,17.5447243,0.0,1.5,0.0,0.0,1.08,0.0,0.0,5.24,0.0,0.0,-2.23,0.0,0.0,6.78,0.0,0.0,-13.91,0.0,-0.0025325277333333334,,99.67692,0.000467046499,0.0,83.3825164,0.000192472568,218.708017,0.0,4.60701205,49.99999499999999,50.0,False
2026-07-13 02:00:00,0.0,101.5,103.88,105.37,103.33,103.33,,0.0,0.0,0.0,,0.0,0.0,0.0,0.0,0.0,0.0,6.99012,5.02,17.545201199999997,0.0,1.5,0.0,0.0,1.08,0.0,0.0,5.24,0.0,0.0,-2.23,0.0,0.0,6.78,0.0,0.0,-13.91,0.0,-0.00251775,,99.67692,0.000619611099,0.0,83.3825349,0.00025628325,218.70822,0.0,6.11193063,49.99999499999999,50.0,False
2026-07-13 02:30:00,0.0,101.5,103.01,103.6,100.63,100.63,,0.0,0.0,0.0,,0.0,0.0,0.0,0.0,0.0,0.0,6.99053,5.02,17.546230299999998,0.0,1.5,0.0,0.0,1.08,0.0,0.0,5.24,0.0,0.0,-2.23,0.0,0.0,6.78,0.0,0.0,-13.91,0.0,-0.0025107222333333335,,99.67692,0.000777041625,0.0,83.3825427,0.000319915818,218.708371,0.0,7.66484737,49.99999499999999,50.0,False
2026-07-13 03:00:00,0.0,99.48,102.33,105.93,102.56,102.56,,0.0,0.0,0.0,,0.0,0.0,0.0,0.0,0.0,0.0,6.98956,5.02,17.5437956,0.0,1.2,0.0,0.0,0.3,0.0,0.0,7.79,0.0,0.0,-2.8,0.0,0.0,2.1,0.0,0.0,-14.44,0.0,-0.0025124721666666665,,99.67692,0.000943829982,0.0,83.3825612,0.000383592737,218.708575,0.0,9.31007108,49.99999499999999,50.0,False
2026-07-13 03:30:00,0.0,99.48,101.01,106.11,100.65,100.65,,0.0,0.0,0.0,,0.0,0.0,0.0,0.0,0.0,0.0,6.98938,5.02,17.5433438,0.0,1.2,0.0,0.0,0.3,0.0,0.0,7.79,0.0,0.0,-2.8,0.0,0.0,2.1,0.0,0.0,-14.44,0.0,-0.0025184444666666666,,99.67692,0.00110107971,0.0,83.3825811,0.00044742102,218.708777,0.0,10.8612044,49.99999499999999,50.0,False
2026-07-13 04:00:00,0.0,102.7,111.15,112.6,110.5,110.5,,0.0,0.0,0.0,,0.0,0.0,0.0,0.0,0.0,0.0,6.989109999999999,5.02,17.542666099999998,0.0,1.2,0.0,0.0,0.3,0.0,0.0,7.79,0.0,0.0,-2.8,0.0,0.0,2.1,0.0,0.0,-14.44,0.0,-0.002519111133333333,,99.67692,0.00125485922,0.0,83.3825983,0.0005112662,218.70898,0.0,12.378107,49.99999499999999,50.0,False
2026-07-13 04:30:00,0.0,102.7,108.08,108.0,108.02,108.02,,0.0,0.0,0.0,,0.0,0.0,0.0,0.0,0.0,0.0,6.98978,5.02,17.544347799999997,0.0,1.2,0.0,0.0,0.3,0.0,0.0,7.79,0.0,0.0,-2.8,0.0,0.0,2.1,0.0,0.0,-14.44,0.0,-0.0025415833,,99.67692,0.00140544932,0.0,83.3826175,0.00057568092,218.709183,0.0,13.8635489,49.99999499999999,50.0,False
2026-07-13 05:00:00,0.0,110.5,121.96,124.0,128.4,128.4,,0.0,0.0,0.0,,0.0,0.0,0.0,0.0,0.0,0.0,6.98745,5.02,17.538499499999997,0.0,1.2,0.0,0.0,0.3,0.0,0.0,7.79,0.0,0.0,-2.8,0.0,0.0,2.1,0.0,0.0,-14.44,0.0,-0.0025660278,,99.67692,0.0015636302,0.0,83.3826286,0.00064071517,218.709335,0.0,15.4238672,49.99999499999999,50.0,False
2026-07-13 05:30:00,0.0,110.5,121.75,128.0,124.72,124.72,,0.0,0.0,0.0,,0.0,0.0,0.0,0.0,0.0,0.0,6.92403,5.02,17.3793153,0.0,1.2,0.0,0.0,0.3,0.0,0.0,7.79,0.0,0.0,-2.8,0.0,0.0,2.1,0.0,0.0,-14.44,0.0,-0.0024625,,99.67692,0.00171847746,0.0,83.3826418,0.00070312558,218.709588,0.0,16.9513023,49.99999499999999,50.0,False
2026-07-13 06:00:00,0.0,114.6,117.72,121.97,114.31,114.31,,0.0,0.0,0.0,,0.0,0.0,0.0,0.0,0.0,0.0,6.8925600000000005,5.02,17.3003256,0.0,1.2,0.0,0.0,0.3,0.0,0.0,7.79,0.0,0.0,-2.8,0.0,0.0,2.1,0.0,0.0,-14.44,0.0,-0.0025059722666666666,,99.67692,0.00187232684,0.0,83.3826603,0.00076663776,218.709791,0.0,18.4688941,49.99999499999999,50.0,False
2026-07-13 06:30:00,0.0,114.6,120.0,130.0,119.82,119.82,,0.0,0.0,0.0,,0.0,0.0,0.0,0.0,0.0,0.0,6.82954,5.02,17.142145399999997,0.0,1.2,0.0,0.0,0.3,0.0,0.0,7.79,0.0,0.0,-2.8,0.0,0.0,2.1,0.0,0.0,-14.44,0.0,-0.0024798889333333333,,99.67692,0.0020237065,0.0,83.3826802,0.00082948888,218.709943,0.0,19.9621242,49.99999499999999,50.0,False
2026-07-13 07:00:00,0.0,122.72,118.12,115.0,100.0,100.0,,0.0,0.0,0.0,,0.0,0.0,0.0,0.0,0.0,0.0,6.7125900000000005,5.02,16.8486009,0.0,2.06,0.0,0.0,0.71,0.0,0.0,7.08,0.0,0.0,-1.18,0.0,0.0,9.24,0.0,0.0,-16.53,0.0,-0.0024891389,,99.67692,0.00217424041,0.0,83.382688,0.00089257443,218.710197,0.0,21.4470118,49.99999499999999,50.0,False
2026-07-13 07:30:00,0.0,122.72,120.01,121.23,119.88,119.88,,0.0,0.0,0.0,,0.0,0.0,0.0,0.0,0.0,0.0,6.54246,5.02,16.4215746,0.0,2.06,0.0,0.0,0.71,0.0,0.0,7.08,0.0,0.0,-1.18,0.0,0.0,9.24,0.0,0.0,-16.53,0.0,-0.0024978333666666667,,99.67692,0.00232715865,0.0,83.3827079,0.00095588034,218.710349,0.0,22.9554187,49.99999499999999,50.0,False
2026-07-13 08:00:00,0.0,116.4,106.66,105.5,220.0,220.0,,0.0,0.0,0.0,,0.0,0.0,0.0,0.0,0.0,0.0,6.0319899999999995,5.02,15.140294899999997,0.0,2.06,0.0,0.0,0.71,0.0,0.0,7.08,0.0,0.0,-1.18,0.0,0.0,9.24,0.0,0.0,-16.53,0.0,-0.002513194433333333,,99.67692,0.00248639626,0.0,83.3827183,0.00101957556,218.7105,0.0,24.5261608,49.99999499999999,50.0,False
2026-07-13 08:30:00,0.0,116.4,108.31,113.0,179.0,179.0,,0.0,0.0,0.0,,0.0,0.0,0.0,0.0,0.0,0.0,5.77212,5.02,14.488021199999999,0.0,2.06,0.0,0.0,0.71,0.0,0.0,7.08,0.0,0.0,-1.18,0.0,0.0,9.24,0.0,0.0,-16.53,0.0,-0.0025033055666666662,,99.67692,0.00264245298,0.0,83.3827362,0.00108302016,218.710805,0.0,26.0655261,49.99999499999999,50.0,False
2026-07-13 09:00:00,0.0,112.0,107.31,109.2,133.58,133.58,,0.0,0.0,0.0,,0.0,0.0,0.0,0.0,0.0,0.0,5.648689999999999,5.02,14.178211899999997,0.0,2.06,0.0,0.0,0.71,0.0,0.0,7.08,0.0,0.0,-1.18,0.0,0.0,9.24,0.0,0.0,-16.53,0.0,-0.0024645,,99.67692,0.0027937543,0.0,83.382738,0.00114548126,218.710957,0.0,27.5579835,49.99999499999999,50.0,False
2026-07-13 09:30:00,0.0,112.0,102.0,97.18,133.0,133.0,,0.0,0.0,0.0,,0.0,0.0,0.0,0.0,0.0,0.0,5.08015,5.02,12.751176499999998,0.0,2.06,0.0,0.0,0.71,0.0,0.0,7.08,0.0,0.0,-1.18,0.0,0.0,9.24,0.0,0.0,-16.53,0.0,-0.0025001944666666665,,99.67692,0.0029454805,0.0,83.3827558,0.00120884701,218.711109,0.0,29.054632,49.99999499999999,50.0,False
2026-07-13 10:00:00,0.0,95.58,98.39,100.37,80.16,80.16,,0.0,0.0,0.0,,0.0,0.0,0.0,0.0,0.0,0.0,4.29012,5.02,10.768201199999998,0.0,2.06,0.0,0.0,0.71,0.0,0.0,7.08,0.0,0.0,-1.18,0.0,0.0,9.24,0.0,0.0,-16.53,0.0,-0.0025135833333333334,,99.67692,0.0030955606,0.0,83.3827757,0.00127255209,218.711312,0.0,30.5350431,49.99999499999999,50.0,False
2026-07-13 10:30:00,0.0,95.58,92.0,91.1,71.17,71.17,,0.0,0.0,0.0,,0.0,0.0,0.0,0.0,0.0,0.0,2.21137,5.02,5.5505387,0.0,2.06,0.0,0.0,0.71,0.0,0.0,7.08,0.0,0.0,-1.18,0.0,0.0,9.24,0.0,0.0,-16.53,0.0,-0.002491,,99.67692,0.00324660846,0.0,83.3827868,0.00133568481,218.711515,0.0,32.0250004,49.99999499999999,50.0,False
2026-07-13 11:00:00,-0.385,80.0,75.32,80.4,72.28,72.28,,-27.8278,0.0,0.0,,0.0,0.0,0.0,0.0,0.0,0.0,0.86775,5.02,2.1780524999999997,0.0,1.91,0.0,0.0,3.74,0.0,0.0,5.69,0.0,0.0,0.85,0.0,0.0,16.95,0.0,0.0,-7.68,0.0,-0.0024887222666666667,,99.67692,0.00339930924,0.0,83.3828053,0.0013987598,218.711818,0.0,33.5312622,49.99999499999999,50.0,False
2026-07-13 11:30:00,-1.143,80.0,70.99,78.6,52.71,52.71,,-60.247530000000005,0.0,0.0,,0.0,0.0,0.0,0.0,0.0,0.0,2.2530900000000003,5.02,5.6552559,0.0,1.91,0.0,0.0,3.74,0.0,0.0,5.69,0.0,0.0,0.85,0.0,0.0,16.95,0.0,0.0,-7.68,0.0,-0.7455826934333333,,99.838455,0.0414559216,0.0,83.3764674,0.0202950522,218.730827,0.0,408.927014,72.8803345,70.73611100000001,False
2026-07-13 12:00:00,-0.097,72.8,77.17,77.9,128.0,128.0,,0.0,-12.416,0.0,,0.0,0.0,0.0,0.0,0.0,0.0,0.39355,5.02,0.9878104999999999,0.0,1.91,0.0,0.0,3.74,0.0,0.0,5.69,0.0,0.0,0.85,0.0,0.0,16.95,0.0,0.0,-7.68,0.0,-2.1930819566666666,,99.838455,0.153395887,0.0,83.3394427,0.0758772405,218.786888,0.0,1513.1185,99.99998999999998,100.0,False
2026-07-13 12:30:00,0.0,72.8,77.0,78.8,39.96,39.96,,0.0,0.0,0.0,,0.0,0.0,0.0,0.0,0.0,0.0,0.0471,5.02,0.11822099999999999,0.0,1.91,0.0,0.0,3.74,0.0,0.0,5.69,0.0,0.0,0.85,0.0,0.0,16.95,0.0,0.0,-7.68,0.0,-0.18802669993333335,,99.838455,0.162784292,1.52793655e-05,83.3301916,0.080642651,218.791856,0.1507178,1605.72705,88.21152966666666,87.4375,False
2026-07-13 13:00:00,0.0,68.38,78.25,76.32,116.81,116.81,,0.0,0.0,0.0,,0.0,0.0,0.0,0.0,0.0,0.0,0.15322999999999998,5.02,0.38460729999999993,0.0,1.91,0.0,0.0,3.74,0.0,0.0,5.69,0.0,0.0,0.85,0.0,0.0,16.95,0.0,0.0,-7.68,0.0,-0.0047638056,,99.838455,0.162789748,3.93444801e-05,83.3302425,0.080763387,218.79211,0.38809946,1605.78086,99.76494833333334,98.61111066666666,False
2026-07-13 13:30:00,0.0,68.38,76.9,76.9,48.0,48.0,,0.0,0.0,0.0,,0.0,0.0,0.0,0.0,0.0,0.0,0.60084,5.02,1.5081084,0.0,1.91,0.0,0.0,3.74,0.0,0.0,5.69,0.0,0.0,0.85,0.0,0.0,16.95,0.0,0.0,-7.68,0.0,-0.00489725,,99.838455,0.162789748,8.18582397e-05,83.3303082,0.0808875035,218.792464,0.807461137,1605.78086,99.99998999999998,100.0,False
2026-07-13 14:00:00,0.0,68.12,81.0,81.0,61.98,61.98,,0.0,0.0,0.0,,0.0,0.0,0.0,0.0,0.0,0.0,0.7888200000000001,5.02,1.9799382,0.0,1.91,0.0,0.0,3.74,0.0,0.0,5.69,0.0,0.0,0.85,0.0,0.0,16.95,0.0,0.0,-7.68,0.0,-0.004865138866666667,,99.838455,0.162789748,0.000118289493,83.3303698,0.0810108075,218.79287,1.16682412,1605.78086,99.99998999999998,100.0,False
2026-07-13 14:30:00,0.0,68.12,81.07,77.2,61.98,61.98,,0.0,0.0,0.0,,0.0,0.0,0.0,0.0,0.0,0.0,0.30712,5.02,0.7708712,0.0,1.91,0.0,0.0,3.74,0.0,0.0,5.69,0.0,0.0,0.85,0.0,0.0,16.95,0.0,0.0,-7.68,0.0,-0.004959027833333333,,99.838455,0.162789748,0.000160052923,83.3304247,0.0811364915,218.793174,1.57878444,1605.78086,99.99998999999998,100.0,False
2026-07-13 15:00:00,0.0,77.8,82.92,82.0,56.33,56.33,,0.0,0.0,0.0,,0.0,0.0,0.0,0.0,0.0,0.0,1.55895,5.02,3.9129644999999997,0.0,1.59,0.0,0.0,3.61,0.0,0.0,9.04,0.0,0.0,2.59,0.0,0.0,24.58,0.0,0.0,-4.95,0.0,-0.004905416666666666,,99.838455,0.162789748,0.000202783197,83.3304864,0.0812608155,218.793478,2.00028184,1605.78086,99.99998999999998,100.0,False
2026-07-13 15:30:00,0.0,77.8,82.01,82.0,69.92,69.92,,0.0,0.0,0.0,,0.0,0.0,0.0,0.0,0.0,0.0,2.27019,5.02,5.698176899999999,0.0,1.59,0.0,0.0,3.61,0.0,0.0,9.04,0.0,0.0,2.59,0.0,0.0,24.58,0.0,0.0,-4.95,0.0,-0.004825083333333333,,99.838455,0.162789748,0.000243896502,83.3305507,0.081383104,218.793833,2.40582924,1605.78086,99.99998999999998,100.0,False
2026-07-13 16:00:00,0.0,96.18,99.0,99.0,176.85,176.85,,0.0,0.0,0.0,,0.0,0.0,0.0,0.0,0.0,0.0,2.06469,5.02,5.1823719,0.0,1.59,0.0,0.0,3.61,0.0,0.0,9.04,0.0,0.0,2.59,0.0,0.0,24.58,0.0,0.0,-4.95,0.0,-0.004938972166666667,,99.838455,0.162789748,0.000278525776,83.3306083,0.081508279,218.794086,2.74741725,1605.78086,99.99998999999998,100.0,False
2026-07-13 16:30:00,0.0,96.18,89.4,90.64,87.2,87.2,,0.0,0.0,0.0,,0.0,0.0,0.0,0.0,0.0,0.0,2.44606,5.02,6.1396106,0.0,1.59,0.0,0.0,3.61,0.0,0.0,9.04,0.0,0.0,2.59,0.0,0.0,24.58,0.0,0.0,-4.95,0.0,-0.004898916666666667,,99.838455,0.162789748,0.000315030179,83.3306954,0.081632439,218.794442,3.10750179,1605.78086,99.99998999999998,100.0,False
2026-07-13 17:00:00,0.0,110.0,110.39,109.95,149.5,149.5,,0.0,0.0,0.0,,0.0,0.0,0.0,0.0,0.0,0.0,3.73579,5.02,9.3768329,0.0,1.59,0.0,0.0,3.61,0.0,0.0,9.04,0.0,0.0,2.59,0.0,0.0,24.58,0.0,0.0,-4.95,0.0,-0.0049227778,,99.838455,0.162789748,0.000354672804,83.3307812,0.0817572035,218.794644,3.49854219,1605.78086,99.99998999999998,100.0,False
2026-07-13 17:30:00,0.0,110.0,113.48,113.48,159.0,159.0,,0.0,0.0,0.0,,0.0,0.0,0.0,0.0,0.0,0.0,4.94177,5.02,12.403842699999998,0.0,1.59,0.0,0.0,3.61,0.0,0.0,9.04,0.0,0.0,2.59,0.0,0.0,24.58,0.0,0.0,-4.95,0.0,-0.0049563333,,99.838455,0.162789748,0.000404803489,83.3308763,0.0818828185,218.79505,3.99303829,1605.78086,99.99998999999998,100.0,False
2026-07-13 18:00:00,0.0,130.63,125.0,121.8,106.26,106.26,,0.0,0.0,0.0,,0.0,0.0,0.0,0.0,0.0,0.0,5.6095299999999995,5.02,14.079920299999998,0.0,1.59,0.0,0.0,3.61,0.0,0.0,9.04,0.0,0.0,2.59,0.0,0.0,24.58,0.0,0.0,-4.95,0.0,-0.004929472266666667,,99.838455,0.162789748,0.000464927035,83.3309855,0.082007752,218.795303,4.58610536,1605.78086,99.99998999999998,100.0,False
2026-07-13 18:30:00,0.0,130.63,131.33,126.94,176.85,176.85,,0.0,0.0,0.0,,0.0,0.0,0.0,0.0,0.0,0.0,5.89065,5.02,14.7855315,0.0,1.59,0.0,0.0,3.61,0.0,0.0,9.04,0.0,0.0,2.59,0.0,0.0,24.58,0.0,0.0,-4.95,0.0,-0.005028277766666666,,99.838455,0.162789748,0.000522645817,83.3311336,0.08213519,218.795658,5.15545151,1605.78086,99.99998999999998,100.0,False
2026-07-13 19:00:00,0.0,135.82,140.44,141.26,125.0,125.0,,0.0,0.0,0.0,,0.0,0.0,0.0,0.0,0.0,0.0,5.83404,5.02,14.6434404,0.0,4.0,0.0,0.0,0.54,0.0,0.0,10.78,0.0,0.0,-2.75,0.0,0.0,10.86,0.0,0.0,-16.96,0.0,-0.005009083366666667,,99.838455,0.162789748,0.000581660167,83.3312776,0.0822621425,218.795962,5.73757732,1605.78086,99.99998999999998,100.0,False
2026-07-13 19:30:00,0.0,135.82,142.42,142.42,113.59,113.59,,0.0,0.0,0.0,,0.0,0.0,0.0,0.0,0.0,0.0,6.352729999999999,5.02,15.945352299999996,0.0,4.0,0.0,0.0,0.54,0.0,0.0,10.78,0.0,0.0,-2.75,0.0,0.0,10.86,0.0,0.0,-16.96,0.0,-0.005026277766666667,,99.838455,0.162789748,0.000638725896,83.3314069,0.0823895295,218.796165,6.30048166,1605.78086,99.99998999999998,100.0,False
2026-07-13 20:00:00,0.0,135.65,145.68,146.87,145.0,145.0,,0.0,0.0,0.0,,0.0,0.0,0.0,0.0,0.0,0.0,6.68813,5.02,16.787206299999998,0.0,4.0,0.0,0.0,0.54,0.0,0.0,10.78,0.0,0.0,-2.75,0.0,0.0,10.86,0.0,0.0,-16.96,0.0,-0.005022861066666666,,99.838455,0.162789748,0.000698353761,83.3315475,0.082516831,218.796519,6.88865927,1605.78086,99.99998999999998,100.0,False
2026-07-13 20:30:00,0.0,135.65,144.0,144.0,108.7,108.7,,0.0,0.0,0.0,,0.0,0.0,0.0,0.0,0.0,0.0,6.83817,5.02,17.1638067,0.0,4.0,0.0,0.0,0.54,0.0,0.0,10.78,0.0,0.0,-2.75,0.0,0.0,10.86,0.0,0.0,-16.96,0.0,-0.0050041667,,99.838455,0.162789748,0.000756705472,83.3316849,0.082643658,218.796722,7.46424871,1605.78086,99.99998999999998,100.0,False
2026-07-13 21:00:00,0.0,130.5,135.87,145.11,107.18,107.18,,0.0,0.0,0.0,,0.0,0.0,0.0,0.0,0.0,0.0,6.96379,5.02,17.4791129,0.0,4.0,0.0,0.0,0.54,0.0,0.0,10.78,0.0,0.0,-2.75,0.0,0.0,10.86,0.0,0.0,-16.96,0.0,-0.005009916633333333,,99.838455,0.162789748,0.000810730397,83.3318262,0.0827706315,218.797027,7.99715814,1605.78086,99.99998999999998,100.0,False
2026-07-13 21:30:00,0.0,130.5,135.87,140.0,107.08,107.08,,0.0,0.0,0.0,,0.0,0.0,0.0,0.0,0.0,0.0,6.99479,5.02,17.5569229,0.0,4.0,0.0,0.0,0.54,0.0,0.0,10.78,0.0,0.0,-2.75,0.0,0.0,10.86,0.0,0.0,-16.96,0.0,-0.005139972233333333,,99.838455,0.162789748,0.000866015772,83.3319642,0.0829009005,218.79733,8.54250082,1605.78086,99.99998999999998,100.0,False
2026-07-13 22:00:00,0.0,118.03,132.0,130.0,189.0,189.0,,0.0,0.0,0.0,,0.0,0.0,0.0,0.0,0.0,0.0,6.98642,5.02,17.535914199999997,0.0,4.0,0.0,0.0,0.54,0.0,0.0,10.78,0.0,0.0,-2.75,0.0,0.0,10.86,0.0,0.0,-16.96,0.0,-0.005054944366666667,,99.838455,0.162789748,0.00092432865,83.3321035,0.0830290145,218.797635,9.11770721,1605.78086,99.96580166666666,100.0,False
2026-07-13 22:30:00,0.0,118.03,128.45,125.7,149.0,149.0,,0.0,0.0,0.0,,0.0,0.0,0.0,0.0,0.0,0.0,6.986260000000001,5.02,17.5355126,0.0,4.0,0.0,0.0,0.54,0.0,0.0,10.78,0.0,0.0,-2.75,0.0,0.0,10.86,0.0,0.0,-16.96,0.0,-0.005028694433333334,,99.838455,0.162789748,0.000981785114,83.3322348,0.0831564635,218.797939,9.68446581,1605.78086,99.99998999999998,100.0,False
2026-07-13 23:00:00,0.0,116.28,123.68,125.8,95.76,95.76,,0.0,0.0,0.0,,0.0,0.0,0.0,0.0,0.0,0.0,6.98649,5.02,17.536089899999997,0.0,1.77,0.0,0.0,0.41,0.0,0.0,6.04,0.0,0.0,-2.39,0.0,0.0,12.85,0.0,0.0,-11.15,0.0,-0.004979999999999999,,99.838455,0.162789748,0.00103027313,83.3323621,0.0832826785,218.798243,10.1627584,1605.78086,99.99998999999998,100.0,False
2026-07-13 23:30:00,0.0,116.28,117.57,120.34,101.43,101.43,,0.0,0.0,0.0,,0.0,0.0,0.0,0.0,0.0,0.0,6.98726,5.02,17.538022599999998,0.0,1.77,0.0,0.0,0.41,0.0,0.0,6.04,0.0,0.0,-2.39,0.0,0.0,12.85,0.0,0.0,-11.15,0.0,-0.0050800556,,99.838455,0.162789748,0.00106696663,83.3324853,0.0834114285,218.798547,10.5247082,1605.78086,99.99998999999998,100.0,False
2026-07-14 00:00:00,0.0,113.3,115.07,116.06,149.0,149.0,,0.0,0.0,0.0,,0.0,0.0,0.0,0.0,0.0,0.0,6.98616,5.02,17.5352616,0.0,1.77,0.0,0.0,0.41,0.0,0.0,6.04,0.0,0.0,-2.39,0.0,0.0,12.85,0.0,0.0,-11.15,0.0,-0.0049884444333333335,,99.838455,0.162789748,0.00110629769,83.3326126,0.0835378575,218.798851,10.9126753,1605.78086,99.99998999999998,100.0,False
2026-07-14 00:30:00,0.0,113.3,114.99,115.78,134.9,134.9,,0.0,0.0,0.0,,0.0,0.0,0.0,0.0,0.0,0.0,6.98671,5.02,17.536642099999998,0.0,1.77,0.0,0.0,0.41,0.0,0.0,6.04,0.0,0.0,-2.39,0.0,0.0,12.85,0.0,0.0,-11.15,0.0,-0.005065527766666667,,99.838455,0.0,3.37420782e-05,83.3327332,0.000128382397,218.799104,0.332836583,0.0,99.99998999999998,100.0,False
2026-07-14 01:00:00,0.0,111.0,111.9,111.1,127.92,127.92,,0.0,0.0,0.0,,0.0,0.0,0.0,0.0,0.0,0.0,6.9863100000000005,5.02,17.5356381,0.0,1.77,0.0,0.0,0.41,0.0,0.0,6.04,0.0,0.0,-2.39,0.0,0.0,12.85,0.0,0.0,-11.15,0.0,-0.005040333333333333,,99.838455,0.0,5.89113838e-05,83.3328604,0.000256126259,218.799358,0.581110137,0.0,99.99998999999998,100.0,False
2026-07-14 01:30:00,0.0,111.0,110.09,110.17,114.95,114.95,,0.0,0.0,0.0,,0.0,0.0,0.0,0.0,0.0,0.0,6.98696,5.02,17.5372696,0.0,1.77,0.0,0.0,0.41,0.0,0.0,6.04,0.0,0.0,-2.39,0.0,0.0,12.85,0.0,0.0,-11.15,0.0,-0.005035777799999999,,99.838455,0.0,8.17282578e-05,83.3329783,0.000383754663,218.799814,0.806178977,0.0,99.99998999999998,100.0,False
2026-07-14 02:00:00,0.0,110.1,109.83,109.82,89.4,89.4,,0.0,0.0,0.0,,0.0,0.0,0.0,0.0,0.0,0.0,6.98698,5.02,17.5373198,0.0,1.77,0.0,0.0,0.41,0.0,0.0,6.04,0.0,0.0,-2.39,0.0,0.0,12.85,0.0,0.0,-11.15,0.0,-0.0051143888666666665,,99.838455,0.0,0.000110744302,83.3330915,0.000513375415,218.800017,1.0923973,0.0,99.99998999999998,100.0,False
2026-07-14 02:30:00,0.0,110.1,107.2,107.2,88.0,88.0,,0.0,0.0,0.0,,0.0,0.0,0.0,0.0,0.0,0.0,6.986680000000001,5.02,17.5365668,0.0,1.77,0.0,0.0,0.41,0.0,0.0,6.04,0.0,0.0,-2.39,0.0,0.0,12.85,0.0,0.0,-11.15,0.0,-0.0049871111,,99.838455,0.0,0.000134804589,83.3332007,0.00063977039,218.800372,1.32973134,0.0,99.99998999999998,100.0,False
2026-07-14 03:00:00,0.0,108.29,105.9,104.11,88.5,88.5,,0.0,0.0,0.0,,0.0,0.0,0.0,0.0,0.0,0.0,6.98702,5.02,17.5374202,0.0,1.51,0.0,0.0,0.3,0.0,0.0,6.28,0.0,0.0,-2.35,0.0,0.0,3.06,0.0,0.0,-12.28,0.0,-0.005030722166666667,,99.838455,0.0,0.000157654512,83.3333266,0.000767270665,218.800626,1.55512618,0.0,99.99998999999998,100.0,False
2026-07-14 03:30:00,0.0,108.29,106.13,102.9,88.01,88.01,,0.0,0.0,0.0,,0.0,0.0,0.0,0.0,0.0,0.0,6.9871300000000005,5.02,17.5376963,0.0,1.51,0.0,0.0,0.3,0.0,0.0,6.28,0.0,0.0,-2.35,0.0,0.0,3.06,0.0,0.0,-12.28,0.0,-0.005015583266666666,,99.838455,0.0,0.000185494372,83.3334405,0.00089438725,218.80098,1.82974245,0.0,99.99998999999998,100.0,False
2026-07-14 04:00:00,0.0,112.03,111.98,110.08,87.0,87.0,,0.0,0.0,0.0,,0.0,0.0,0.0,0.0,0.0,0.0,6.986140000000001,5.02,17.5352114,0.0,1.51,0.0,0.0,0.3,0.0,0.0,6.28,0.0,0.0,-2.35,0.0,0.0,3.06,0.0,0.0,-12.28,0.0,-0.0050533055999999995,,99.838455,2.90396038e-06,0.00020034192,83.333553,0.00102245989,218.801285,1.97620075,0.0286450717,99.99998999999998,100.0,False
2026-07-14 04:30:00,0.0,112.03,112.01,109.8,106.19,106.19,,0.0,0.0,0.0,,0.0,0.0,0.0,0.0,0.0,0.0,6.98629,5.02,17.5355879,0.0,1.51,0.0,0.0,0.3,0.0,0.0,6.28,0.0,0.0,-2.35,0.0,0.0,3.06,0.0,0.0,-12.28,0.0,-0.0050373055666666664,,99.838455,2.90396038e-06,0.000227594249,83.3336716,0.00115012702,218.801487,2.24502154,0.0286450717,99.99998999999998,100.0,False
2026-07-14 05:00:00,0.0,115.0,111.29,110.9,85.0,85.0,,0.0,0.0,0.0,,0.0,0.0,0.0,0.0,0.0,0.0,6.96066,5.02,17.471256599999997,0.0,1.51,0.0,0.0,0.3,0.0,0.0,6.28,0.0,0.0,-2.35,0.0,0.0,3.06,0.0,0.0,-12.28,0.0,-0.0050819167,,99.838455,2.90396038e-06,0.000267133539,83.3337955,0.00127892478,218.801842,2.63504263,0.0286450717,99.99998999999998,100.0,False
2026-07-14 05:30:00,0.0,115.0,113.51,113.48,88.7,88.7,,0.0,0.0,0.0,,0.0,0.0,0.0,0.0,0.0,0.0,6.90777,5.02,17.3385027,0.0,1.51,0.0,0.0,0.3,0.0,0.0,6.28,0.0,0.0,-2.35,0.0,0.0,3.06,0.0,0.0,-12.28,0.0,-0.0050291944,,99.838455,2.90396038e-06,0.000291787651,83.3339281,0.00140638633,218.802145,2.87823424,0.0286450717,99.99998999999998,100.0,False
2026-07-14 06:00:00,0.0,118.0,113.02,114.4,87.0,87.0,,0.0,0.0,0.0,,0.0,0.0,0.0,0.0,0.0,0.0,6.83132,5.02,17.146613199999997,0.0,1.51,0.0,0.0,0.3,0.0,0.0,6.28,0.0,0.0,-2.35,0.0,0.0,3.06,0.0,0.0,-12.28,0.0,-0.005003083433333333,,99.838455,2.90396038e-06,0.000323042456,83.3340607,0.00153318611,218.8024,3.18653601,0.0286450717,99.99998999999998,100.0,False
2026-07-14 06:30:00,0.0,118.0,121.78,121.78,152.5,152.5,,0.0,0.0,0.0,,0.0,0.0,0.0,0.0,0.0,0.0,6.722390000000001,5.02,16.873198900000002,0.0,1.51,0.0,0.0,0.3,0.0,0.0,6.28,0.0,0.0,-2.35,0.0,0.0,3.06,0.0,0.0,-12.28,0.0,-0.005001972233333333,,99.838455,2.90396038e-06,0.000351220456,83.334188,0.00165995774,218.802754,3.46448775,0.0286450717,99.99998999999998,100.0,False
2026-07-14 07:00:00,0.0,118.41,115.45,117.8,92.35,92.35,,0.0,0.0,0.0,,0.0,0.0,0.0,0.0,0.0,0.0,6.95904,5.02,17.4671904,0.0,2.48,0.0,0.0,0.71,0.0,0.0,8.06,0.0,0.0,-2.18,0.0,0.0,4.13,0.0,0.0,-17.0,0.0,-0.0049540554999999995,,99.838455,2.90396038e-06,0.000372133148,83.3343132,0.00178551495,218.803059,3.67077347,0.0286450717,99.99998999999998,100.0,False
2026-07-14 07:30:00,0.0,118.41,120.01,121.01,152.5,152.5,,0.0,0.0,0.0,,0.0,0.0,0.0,0.0,0.0,0.0,6.9736199999999995,5.02,17.503786199999997,0.0,2.48,0.0,0.0,0.71,0.0,0.0,8.06,0.0,0.0,-2.18,0.0,0.0,4.13,0.0,0.0,-17.0,0.0,-0.005073305533333333,,99.838455,2.90396038e-06,0.000395468419,83.3344291,0.00191409446,218.803312,3.90095585,0.0286450717,99.99998999999998,100.0,False
2026-07-14 08:00:00,0.0,111.59,110.98,106.1,85.66,85.66,,0.0,0.0,0.0,,0.0,0.0,0.0,0.0,0.0,0.0,6.97549,5.02,17.508479899999998,0.0,2.48,0.0,0.0,0.71,0.0,0.0,8.06,0.0,0.0,-2.18,0.0,0.0,4.13,0.0,0.0,-17.0,0.0,-0.0050028611666666665,,99.838455,2.90396038e-06,0.000419053592,83.3345269,0.00204088862,218.803616,4.1336033,0.0286450717,99.99998999999998,100.0,False
2026-07-14 08:30:00,0.0,111.59,113.0,111.09,93.04,93.04,,0.0,0.0,0.0,,0.0,0.0,0.0,0.0,0.0,0.0,6.9752,5.02,17.507752,0.0,2.48,0.0,0.0,0.71,0.0,0.0,8.06,0.0,0.0,-2.18,0.0,0.0,4.13,0.0,0.0,-17.0,0.0,-0.005007972233333334,,99.838455,2.90396038e-06,0.000445876084,83.33463,0.00216781232,218.80392,4.39818412,0.0286450717,99.99998999999998,100.0,False
2026-07-14 09:00:00,0.0,111.0,112.14,109.5,87.0,87.0,,0.0,0.0,0.0,,0.0,0.0,0.0,0.0,0.0,0.0,6.9351899999999995,5.02,17.407326899999997,0.0,2.48,0.0,0.0,0.71,0.0,0.0,8.06,0.0,0.0,-2.18,0.0,0.0,4.13,0.0,0.0,-17.0,0.0,-0.0050151944333333325,,99.838455,2.90396038e-06,0.000477216316,83.3347358,0.00229491905,218.804173,4.70732855,0.0286450717,99.99998999999998,100.0,False
2026-07-14 09:30:00,0.0,111.0,111.8,112.4,130.0,130.0,,0.0,0.0,0.0,,0.0,0.0,0.0,0.0,0.0,0.0,5.74514,5.02,14.4203014,0.0,2.48,0.0,0.0,0.71,0.0,0.0,8.06,0.0,0.0,-2.18,0.0,0.0,4.13,0.0,0.0,-17.0,0.0,-0.004975555576666666,,99.8384552,2.90396048e-06,0.000514008481,83.3348252,0.00242102125,218.804485,5.07025144,0.0286450717,99.9999924,100.0,False
2026-07-14 10:00:00,0.0,107.87,112.72,112.25,130.0,130.0,,0.0,0.0,0.0,,0.0,0.0,0.0,0.0,0.0,0.0,4.8277,5.02,12.117526999999999,0.0,2.48,0.0,0.0,0.71,0.0,0.0,8.06,0.0,0.0,-2.18,0.0,0.0,4.13,0.0,0.0,-17.0,0.0,-0.005002777813333334,,99.8384552,2.90396048e-06,0.00054438277,83.334924,0.00254781329,218.80484,5.36986767,0.0286450717,99.9999924,100.0,False
2026-07-14 10:30:00,0.0,107.87,106.38,107.44,78.69,78.69,,0.0,0.0,0.0,,0.0,0.0,0.0,0.0,0.0,0.0,4.393890000000001,5.02,11.028663900000002,0.0,2.48,0.0,0.0,0.71,0.0,0.0,8.06,0.0,0.0,-2.18,0.0,0.0,4.13,0.0,0.0,-17.0,0.0,-0.005000472146666666,,99.8384552,2.90396048e-06,0.000580955428,83.3350195,0.00267454691,218.805093,5.73062547,0.0286450717,99.9999924,100.0,False
2026-07-14 11:00:00,0.0,93.6,98.66,99.47,66.14,66.14,,0.0,0.0,0.0,,0.0,0.0,0.0,0.0,0.0,0.0,4.07172,5.02,10.2200172,0.0,1.27,0.0,0.0,3.84,0.0,0.0,6.52,0.0,0.0,0.25,0.0,0.0,11.55,0.0,0.0,-10.04,0.0,-0.004989222210000001,,99.8384552,2.90396048e-06,0.000614858417,83.3351132,0.00280099539,218.805398,6.06504929,0.0286450717,99.9999924,100.0,False
2026-07-14 11:30:00,0.0,93.6,95.61,95.61,61.9,61.9,,0.0,0.0,0.0,,0.0,0.0,0.0,0.0,0.0,0.0,2.64973,5.02,6.650822299999999,0.0,1.27,0.0,0.0,3.84,0.0,0.0,6.52,0.0,0.0,0.25,0.0,0.0,11.55,0.0,0.0,-10.04,0.0,-0.004996833326666667,,99.8384552,2.90396048e-06,0.000650067585,83.3351936,0.00292763678,218.805752,6.41235744,0.0286450717,99.9999924,100.0,False
2026-07-14 12:00:00,0.0,89.76,94.8,92.0,47.0,47.0,,0.0,0.0,0.0,,0.0,0.0,0.0,0.0,0.0,0.0,0.68279,5.02,1.7138029,0.0,1.27,0.0,0.0,3.84,0.0,0.0,6.52,0.0,0.0,0.25,0.0,0.0,11.55,0.0,0.0,-10.04,0.0,-0.00495658334,,99.8384552,2.90396048e-06,0.000681301108,83.3352605,0.00305325805,218.806006,6.72044927,0.0286450717,99.9999924,100.0,False
2026-07-14 12:30:00,0.0,89.76,94.0,91.56,41.41,41.41,,0.0,0.0,0.0,,0.0,0.0,0.0,0.0,0.0,0.0,0.39847000000000005,5.02,1.0001597,0.0,1.27,0.0,0.0,3.84,0.0,0.0,6.52,0.0,0.0,0.25,0.0,0.0,11.55,0.0,0.0,-10.04,0.0,-0.00487855546,,99.8384552,2.90396048e-06,0.000703748443,83.3353258,0.00317690178,218.80636,6.94187292,0.0286450717,99.9999924,100.0,False
2026-07-14 13:00:00,0.0,88.0,95.98,92.1,12.0,12.0,,0.0,0.0,0.0,,0.0,0.0,0.0,0.0,0.0,0.0,0.24252,5.02,0.6087252,0.0,1.27,0.0,0.0,3.84,0.0,0.0,6.52,0.0,0.0,0.25,0.0,0.0,11.55,0.0,0.0,-10.04,0.0,-0.00493313885,,99.8384552,2.90396048e-06,0.000732429376,83.3354045,0.00330192886,218.806665,7.22478565,0.0286450717,99.9999924,100.0,False
2026-07-14 13:30:00,-0.024,88.0,92.54,90.6,12.0,12.0,,0.0,-0.28800000000000003,0.0,,0.0,0.0,0.0,0.0,0.0,0.0,0.11054,5.02,0.27745539999999996,0.0,1.27,0.0,0.0,3.84,0.0,0.0,6.52,0.0,0.0,0.25,0.0,0.0,11.55,0.0,0.0,-10.04,0.0,-0.0048389167,,99.8384552,2.90396048e-06,0.000752160903,83.3354665,0.00342456796,218.807071,7.41942019,0.0286450717,99.9999924,100.0,False
2026-07-14 14:00:00,-0.116,89.57,93.03,89.59,12.0,12.0,,-1.3920000000000001,0.0,0.0,,0.0,0.0,0.0,0.0,0.0,0.0,0.28396,5.02,0.7127395999999999,0.0,1.27,0.0,0.0,3.84,0.0,0.0,6.52,0.0,0.0,0.25,0.0,0.0,11.55,0.0,0.0,-10.04,0.0,-0.05124741915000001,,99.8384552,0.00235067844,0.000767272712,83.3347515,0.00472339941,218.80849,7.56848518,23.1874204,99.9999924,100.0,False
2026-07-14 14:30:00,-0.301,89.57,93.39,89.57,57.95,57.95,,-17.44295,0.0,0.0,,0.0,0.0,0.0,0.0,0.0,0.0,0.62014,5.02,1.5565514,0.0,1.27,0.0,0.0,3.84,0.0,0.0,6.52,0.0,0.0,0.25,0.0,0.0,11.55,0.0,0.0,-10.04,0.0,-0.22918302356666667,,99.8384552,0.0137551778,0.00077305537,83.3310262,0.0105318894,218.814522,7.62552613,135.682995,99.9999924,100.0,False
2026-07-14 15:00:00,-0.507,95.2,98.29,97.1,53.46,53.46,,-27.10422,0.0,0.0,,0.0,0.0,0.0,0.0,0.0,0.0,1.1796900000000001,5.02,2.9610219,0.0,1.5,0.0,0.0,2.36,0.0,0.0,8.94,0.0,0.0,-0.86,0.0,0.0,14.31,0.0,0.0,-7.94,0.0,-0.58745716648,,99.8384552,0.0434373346,0.000776561285,83.324027,0.025420597,218.829678,7.66010896,428.471935,99.9999924,100.0,False
2026-07-14 15:30:00,-0.511,95.2,102.4,100.71,69.4,69.4,,-35.4634,0.0,0.0,,0.0,0.0,0.0,0.0,0.0,0.0,1.2633800000000002,5.02,3.1710838000000003,0.0,1.5,0.0,0.0,2.36,0.0,0.0,8.94,0.0,0.0,-0.86,0.0,0.0,14.31,0.0,0.0,-7.94,0.0,-0.9818406213333333,,99.8384552,0.093167326,0.000776561285,83.3075691,0.0503046885,218.854667,7.66010896,919.015514,99.9999924,100.0,False
2026-07-14 16:00:00,-0.49,106.69,106.01,106.0,89.1,89.1,,-43.659,0.0,0.0,,0.0,0.0,0.0,0.0,0.0,0.0,2.04121,5.02,5.123437099999999,0.0,1.5,0.0,0.0,2.36,0.0,0.0,8.94,0.0,0.0,-0.86,0.0,0.0,14.31,0.0,0.0,-7.94,0.0,-0.9899891040000001,,99.8384552,0.143173976,0.000776561285,83.2911042,0.075395298,218.879758,7.66010896,1412.28809,99.9999924,100.0,False
2026-07-14 16:30:00,-0.194,106.69,101.49,101.5,154.37,154.37,,-29.94778,0.0,0.0,,0.0,0.0,0.0,0.0,0.0,0.0,2.24106,5.02,5.625060599999999,0.0,1.5,0.0,0.0,2.36,0.0,0.0,8.94,0.0,0.0,-0.86,0.0,0.0,14.31,0.0,0.0,-7.94,0.0,-0.9488332429999998,,99.8384552,0.191055211,0.000776561285,83.2751458,0.0994428405,218.903886,7.66010896,1884.59528,99.9999924,100.0,False
2026-07-14 17:00:00,0.0,113.89,112.66,114.0,189.0,189.0,,0.0,0.0,0.0,,0.0,0.0,0.0,0.0,0.0,0.0,2.56804,5.02,6.445780399999999,0.0,1.5,0.0,0.0,2.36,0.0,0.0,8.94,0.0,0.0,-0.86,0.0,0.0,14.31,0.0,0.0,-7.94,0.0,-0.3815241721566667,,99.8384552,0.210154695,0.000791438827,83.2662154,0.109112314,218.91382,7.80686311,2072.99526,99.9999924,100.0,False
2026-07-14 17:30:00,0.0,113.89,112.89,113.89,187.35,187.35,,0.0,0.0,0.0,,0.0,0.0,0.0,0.0,0.0,0.0,3.48334,5.02,8.7431834,0.0,1.5,0.0,0.0,2.36,0.0,0.0,8.94,0.0,0.0,-0.86,0.0,0.0,14.31,0.0,0.0,-7.94,0.0,-0.004906194523333333,,99.8384552,0.210154695,0.000832830595,83.266301,0.109236659,218.914125,8.21515729,2072.99526,99.9999924,100.0,False
2026-07-14 18:00:00,0.0,131.59,128.89,132.08,217.0,217.0,,0.0,0.0,0.0,,0.0,0.0,0.0,0.0,0.0,0.0,4.42958,5.02,11.118245799999999,0.0,1.5,0.0,0.0,2.36,0.0,0.0,8.94,0.0,0.0,-0.86,0.0,0.0,14.31,0.0,0.0,-7.94,0.0,-0.004949194513333334,,99.8384552,0.210154695,0.000871874843,83.2663799,0.109362092,218.914429,8.60029521,2072.99526,99.9999924,100.0,False
2026-07-14 18:30:00,0.0,131.59,137.95,138.6,134.51,134.51,,0.0,0.0,0.0,,0.0,0.0,0.0,0.0,0.0,0.0,5.33484,5.02,13.390448399999999,0.0,1.5,0.0,0.0,2.36,0.0,0.0,8.94,0.0,0.0,-0.86,0.0,0.0,14.31,0.0,0.0,-7.94,0.0,-0.0049382778,,99.8384552,0.210154695,0.00091731497,83.2664722,0.109487249,218.914734,9.04852297,2072.99526,99.9999924,100.0,False
2026-07-14 19:00:00,0.0,147.1,147.34,149.73,217.0,217.0,,0.0,0.0,0.0,,0.0,0.0,0.0,0.0,0.0,0.0,6.063770000000001,5.02,15.220062700000001,0.0,4.32,0.0,0.0,0.43,0.0,0.0,10.58,0.0,0.0,-2.07,0.0,0.0,22.94,0.0,0.0,-17.22,0.0,-0.00494150003,,99.8384552,0.210154695,0.00096572087,83.2665795,0.109612488,218.914886,9.52600552,2072.99526,99.9999924,100.0,False
2026-07-14 19:30:00,0.0,147.1,148.17,150.0,171.3,171.3,,0.0,0.0,0.0,,0.0,0.0,0.0,0.0,0.0,0.0,6.50133,5.02,16.3183383,0.0,4.32,0.0,0.0,0.43,0.0,0.0,10.58,0.0,0.0,-2.07,0.0,0.0,22.94,0.0,0.0,-17.22,0.0,-0.00502477773,,99.8384552,0.210154695,0.00102123835,83.2667053,0.109739839,218.91524,10.0736377,2072.99526,99.9999924,100.0,False
2026-07-14 20:00:00,0.0,148.53,151.99,150.0,181.98,181.98,,0.0,0.0,0.0,,0.0,0.0,0.0,0.0,0.0,0.0,6.6813400000000005,5.02,16.7701634,0.0,4.32,0.0,0.0,0.43,0.0,0.0,10.58,0.0,0.0,-2.07,0.0,0.0,22.94,0.0,0.0,-17.22,0.0,-0.00506494443,,99.8384552,0.210154695,0.00106891934,83.2668343,0.109868206,218.915544,10.5439696,2072.99526,99.9999924,100.0,False
2026-07-14 20:30:00,0.0,148.53,150.0,147.33,184.37,184.37,,0.0,0.0,0.0,,0.0,0.0,0.0,0.0,0.0,0.0,6.854979999999999,5.02,17.205999799999997,0.0,4.32,0.0,0.0,0.43,0.0,0.0,10.58,0.0,0.0,-2.07,0.0,0.0,22.94,0.0,0.0,-17.22,0.0,-0.00500008337,,99.8384552,0.210154695,0.00111495705,83.2669567,0.10999493,218.915899,10.998092,2072.99526,99.9999924,100.0,False
2026-07-14 21:00:00,0.0,142.15,150.0,147.5,217.0,217.0,,0.0,0.0,0.0,,0.0,0.0,0.0,0.0,0.0,0.0,6.96824,5.02,17.490282399999998,0.0,4.32,0.0,0.0,0.43,0.0,0.0,10.58,0.0,0.0,-2.07,0.0,0.0,22.94,0.0,0.0,-17.22,0.0,-0.00507280556,,99.8384552,0.210154695,0.00116634005,83.2670908,0.110123497,218.916153,11.5049411,2072.99526,99.9999924,100.0,False
2026-07-14 21:30:00,0.0,142.15,145.0,144.0,117.39,117.39,,0.0,0.0,0.0,,0.0,0.0,0.0,0.0,0.0,0.0,6.99424,5.02,17.555542399999997,0.0,4.32,0.0,0.0,0.43,0.0,0.0,10.58,0.0,0.0,-2.07,0.0,0.0,22.94,0.0,0.0,-17.22,0.0,-0.005100694416666667,,99.8384552,0.210154695,0.00122049001,83.2672232,0.11025277,218.916356,12.0390839,2072.99526,99.98503496666666,100.0,False
2026-07-14 22:00:00,0.0,130.0,137.0,131.92,195.0,195.0,,0.0,0.0,0.0,,0.0,0.0,0.0,0.0,0.0,0.0,6.987439999999999,5.02,17.5384744,0.0,4.32,0.0,0.0,0.43,0.0,0.0,10.58,0.0,0.0,-2.07,0.0,0.0,22.94,0.0,0.0,-17.22,0.0,-0.00507766668,,99.8384552,0.210154695,0.0012735336,83.2673623,0.110381461,218.916761,12.5623133,2072.99526,99.9999924,100.0,False
2026-07-14 22:30:00,0.0,130.0,130.14,124.95,185.0,185.0,,0.0,0.0,0.0,,0.0,0.0,0.0,0.0,0.0,0.0,6.98622,5.02,17.5354122,0.0,4.32,0.0,0.0,0.43,0.0,0.0,10.58,0.0,0.0,-2.07,0.0,0.0,22.94,0.0,0.0,-17.22,0.0,-0.005068361126666667,,99.8384552,0.210154695,0.00130412287,83.2674914,0.110509915,218.916964,12.8640501,2072.99526,99.9999924,100.0,False
2026-07-14 23:00:00,0.0,128.56,132.59,138.3,134.44,134.44,,0.0,0.0,0.0,,0.0,0.0,0.0,0.0,0.0,0.0,6.98662,5.02,17.536416199999998,0.0,1.29,0.0,0.0,1.73,0.0,0.0,6.67,0.0,0.0,-2.79,0.0,0.0,21.33,0.0,0.0,-15.45,0.0,-0.005071083306666667,,99.8384552,0.210154695,0.00133894802,83.2676172,0.110638438,218.917318,13.2075703,2072.99526,99.9999924,100.0,False
2026-07-14 23:30:00,0.0,128.56,128.64,138.92,133.2,133.2,,0.0,0.0,0.0,,0.0,0.0,0.0,0.0,0.0,0.0,6.98606,5.02,17.5350106,0.0,1.29,0.0,0.0,1.73,0.0,0.0,6.67,0.0,0.0,-2.79,0.0,0.0,21.33,0.0,0.0,-15.45,0.0,-0.004961916603333333,,99.8384552,0.210154695,0.00136571481,83.2677396,0.110764194,218.917572,13.4716016,2072.99526,99.9999924,100.0,False
2026-07-15 00:00:00,0.0,123.35,120.07,129.0,123.94,123.94,,0.0,0.0,0.0,,0.0,0.0,0.0,0.0,0.0,0.0,6.98661,5.02,17.5363911,0.0,1.29,0.0,0.0,1.73,0.0,0.0,6.67,0.0,0.0,-2.79,0.0,0.0,21.33,0.0,0.0,-15.45,0.0,-0.00501491666,,99.8384552,0.210154695,0.0013957442,83.2678586,0.110891294,218.917927,13.7678157,2072.99526,99.9999924,100.0,False
2026-07-15 00:30:00,0.0,123.35,121.8,129.0,107.58,107.58,,0.0,0.0,0.0,,0.0,0.0,0.0,0.0,0.0,0.0,6.987310000000001,5.02,17.5381481,0.0,1.29,0.0,0.0,1.73,0.0,0.0,6.67,0.0,0.0,-2.79,0.0,0.0,21.33,0.0,0.0,-15.45,0.0,-0.005024749993333333,,99.8384552,0.0,2.80072918e-05,83.2679843,0.000127348917,218.91818,0.276267838,0.0,99.9999924,100.0,False
2026-07-15 01:00:00,0.0,117.43,113.69,122.0,93.4,93.4,,0.0,0.0,0.0,,0.0,0.0,0.0,0.0,0.0,0.0,6.98673,5.02,17.5366923,0.0,1.29,0.0,0.0,1.73,0.0,0.0,6.67,0.0,0.0,-2.79,0.0,0.0,21.33,0.0,0.0,-15.45,0.0,-0.004993249973333333,,99.8384552,0.0,5.47510812e-05,83.2681067,0.000253899486,218.918433,0.540072311,0.0,99.9999924,100.0,False
2026-07-15 01:30:00,0.0,117.43,109.77,120.46,94.5,94.5,,0.0,0.0,0.0,,0.0,0.0,0.0,0.0,0.0,0.0,6.98666,5.02,17.5365166,0.0,1.29,0.0,0.0,1.73,0.0,0.0,6.67,0.0,0.0,-2.79,0.0,0.0,21.33,0.0,0.0,-15.45,0.0,-0.00500049997,,99.8384552,0.0,7.42730904e-05,83.2682325,0.000380633803,218.918738,0.732640136,0.0,99.9999924,100.0,False
2026-07-15 02:00:00,0.0,116.0,111.16,107.7,109.03,109.03,,0.0,0.0,0.0,,0.0,0.0,0.0,0.0,0.0,0.0,6.98653,5.02,17.536190299999998,0.0,1.29,0.0,0.0,1.73,0.0,0.0,6.67,0.0,0.0,-2.79,0.0,0.0,21.33,0.0,0.0,-15.45,0.0,-0.00504525002,,99.8384552,0.0,9.26189624e-05,83.2683498,0.00050850228,218.919041,0.913606379,0.0,99.9999924,100.0,False
2026-07-15 02:30:00,0.0,116.0,105.73,105.7,94.5,94.5,,0.0,0.0,0.0,,0.0,0.0,0.0,0.0,0.0,0.0,6.98655,5.02,17.536240499999998,0.0,1.29,0.0,0.0,1.73,0.0,0.0,6.67,0.0,0.0,-2.79,0.0,0.0,21.33,0.0,0.0,-15.45,0.0,-0.005020833413333333,,99.8384552,0.0,0.000110204618,83.2684706,0.000635751935,218.919397,1.08707374,0.0,99.9999924,100.0,False
2026-07-15 03:00:00,0.0,114.01,109.43,111.01,94.5,94.5,,0.0,0.0,0.0,,0.0,0.0,0.0,0.0,0.0,0.0,6.9863599999999995,5.02,17.535763599999996,0.0,2.65,0.0,0.0,0.74,0.0,0.0,7.43,0.0,0.0,-2.0,0.0,0.0,5.06,0.0,0.0,-13.65,0.0,-0.005025583346666667,,99.8384552,0.0,0.000134760256,83.2685846,0.00076312197,218.919549,1.32929398,0.0,99.9999924,100.0,False
2026-07-15 03:30:00,0.0,114.01,106.95,112.19,93.41,93.41,,0.0,0.0,0.0,,0.0,0.0,0.0,0.0,0.0,0.0,6.98613,5.02,17.5351863,0.0,2.65,0.0,0.0,0.74,0.0,0.0,7.43,0.0,0.0,-2.0,0.0,0.0,5.06,0.0,0.0,-13.65,0.0,-0.00502183326,,99.8384552,0.0,0.000157160038,83.2687003,0.000890396965,218.919955,1.55024856,0.0,99.9999924,100.0,False
2026-07-15 04:00:00,0.0,118.3,119.8,120.9,94.5,94.5,,0.0,0.0,0.0,,0.0,0.0,0.0,0.0,0.0,0.0,6.98759,5.02,17.5388509,0.0,2.65,0.0,0.0,0.74,0.0,0.0,7.43,0.0,0.0,-2.0,0.0,0.0,5.06,0.0,0.0,-13.65,0.0,-0.00501422215,,99.8384552,0.0,0.00018261238,83.2688194,0.00101747905,218.920208,1.80131402,0.0,99.9999924,100.0,False
2026-07-15 04:30:00,0.0,118.3,119.87,123.1,93.41,93.41,,0.0,0.0,0.0,,0.0,0.0,0.0,0.0,0.0,0.0,6.98707,5.02,17.5375457,0.0,2.65,0.0,0.0,0.74,0.0,0.0,7.43,0.0,0.0,-2.0,0.0,0.0,5.06,0.0,0.0,-13.65,0.0,-0.00502583337,,99.8384552,0.0,0.000206383145,83.2689301,0.00114485543,218.920563,2.03579216,0.0,99.9999924,100.0,False
2026-07-15 05:00:00,0.0,126.5,128.08,134.86,94.5,94.5,,0.0,0.0,0.0,,0.0,0.0,0.0,0.0,0.0,0.0,6.96538,5.02,17.4831038,0.0,2.65,0.0,0.0,0.74,0.0,0.0,7.43,0.0,0.0,-2.0,0.0,0.0,5.06,0.0,0.0,-13.65,0.0,-0.005059055646666667,,99.8384552,0.0,0.000229039036,83.2690441,0.00127307381,218.920816,2.25927304,0.0,99.9999924,100.0,False
2026-07-15 05:30:00,0.0,126.5,130.41,134.68,159.0,159.0,,0.0,0.0,0.0,,0.0,0.0,0.0,0.0,0.0,0.0,6.91283,5.02,17.351203299999998,0.0,2.65,0.0,0.0,0.74,0.0,0.0,7.43,0.0,0.0,-2.0,0.0,0.0,5.06,0.0,0.0,-13.65,0.0,-0.00497738894,,99.8384552,0.0,0.000263437854,83.2691665,0.00139922239,218.921069,2.59858778,0.0,99.9999924,100.0,False
2026-07-15 06:00:00,0.0,134.9,130.65,137.8,159.0,159.0,,0.0,0.0,0.0,,0.0,0.0,0.0,0.0,0.0,0.0,6.801399999999999,5.02,17.071513999999997,0.0,2.65,0.0,0.0,0.74,0.0,0.0,7.43,0.0,0.0,-2.0,0.0,0.0,5.06,0.0,0.0,-13.65,0.0,-0.005062222240000001,,99.8384552,0.0,0.000293028729,83.2692972,0.00152752101,218.921374,2.8904763,0.0,99.9999924,100.0,False
2026-07-15 06:30:00,0.0,134.9,139.27,139.61,159.0,159.0,,0.0,0.0,0.0,,0.0,0.0,0.0,0.0,0.0,0.0,6.6645,5.02,16.727895,0.0,2.65,0.0,0.0,0.74,0.0,0.0,7.43,0.0,0.0,-2.0,0.0,0.0,5.06,0.0,0.0,-13.65,0.0,-0.00500694442,,99.8384552,0.0,0.000322865422,83.2694313,0.00165441866,218.921627,3.18478961,0.0,99.9999924,100.0,False
2026-07-15 07:00:00,0.0,132.0,130.51,136.61,159.0,159.0,,0.0,0.0,0.0,,0.0,0.0,0.0,0.0,0.0,0.0,6.39929,5.02,16.062217899999997,0.0,2.38,0.0,0.0,2.11,0.0,0.0,7.49,0.0,0.0,-3.0,0.0,0.0,5.94,0.0,0.0,-17.5,0.0,-0.004997388919999999,,99.8384552,0.0,0.000351046702,83.2695637,0.00178107413,218.922033,3.46277369,0.0,99.9999924,100.0,False
2026-07-15 07:30:00,0.0,132.0,133.41,136.8,159.0,159.0,,0.0,0.0,0.0,,0.0,0.0,0.0,0.0,0.0,0.0,6.05764,5.02,15.204676399999999,0.0,2.38,0.0,0.0,2.11,0.0,0.0,7.49,0.0,0.0,-3.0,0.0,0.0,5.94,0.0,0.0,-17.5,0.0,-0.0050389723,,99.8384552,0.0,0.000380851362,83.2696928,0.0019087835,218.922134,3.75677102,0.0,99.9999924,100.0,False
2026-07-15 08:00:00,0.0,121.1,118.6,120.0,150.0,150.0,,0.0,0.0,0.0,,0.0,0.0,0.0,0.0,0.0,0.0,5.84067,5.02,14.6600817,0.0,2.38,0.0,0.0,2.11,0.0,0.0,7.49,0.0,0.0,-3.0,0.0,0.0,5.94,0.0,0.0,-17.5,0.0,-0.00489363885,,99.8384552,0.0,0.000418207934,83.2698268,0.00203280949,218.92264,4.12526146,0.0,99.9999924,100.0,False
2026-07-15 08:30:00,0.0,121.1,119.56,112.61,159.0,159.0,,0.0,0.0,0.0,,0.0,0.0,0.0,0.0,0.0,0.0,5.4547799999999995,5.02,13.691497799999997,0.0,2.38,0.0,0.0,2.11,0.0,0.0,7.49,0.0,0.0,-3.0,0.0,0.0,5.94,0.0,0.0,-17.5,0.0,-0.0050048888533333336,,99.8384552,0.0,0.000458681192,83.2699592,0.00215965505,218.922843,4.52449533,0.0,99.9999924,100.0,False
2026-07-15 09:00:00,0.0,112.08,112.04,108.0,159.0,159.0,,0.0,0.0,0.0,,0.0,0.0,0.0,0.0,0.0,0.0,4.6696,5.02,11.720695999999998,0.0,2.38,0.0,0.0,2.11,0.0,0.0,7.49,0.0,0.0,-3.0,0.0,0.0,5.94,0.0,0.0,-17.5,0.0,-0.005034944453333333,,99.8384552,0.0,0.000497623825,83.2701318,0.00228726233,218.923147,4.9086309,0.0,99.9999924,100.0,False
2026-07-15 09:30:00,-0.136,112.08,118.0,117.0,165.0,165.0,,-22.44,0.0,0.0,,0.0,0.0,0.0,0.0,0.0,0.0,2.78554,5.02,6.9917054,0.0,2.38,0.0,0.0,2.11,0.0,0.0,7.49,0.0,0.0,-3.0,0.0,0.0,5.94,0.0,0.0,-17.5,0.0,-0.005019249996666667,,99.8384552,0.0,0.000535275861,83.2703277,0.00241447186,218.923401,5.28003584,0.0,99.9999924,100.0,False
2026-07-15 10:00:00,-0.4,110.46,106.01,106.0,159.0,159.0,,-63.6,0.0,0.0,,0.0,0.0,0.0,0.0,0.0,0.0,1.82974,5.02,4.5926474,0.0,2.38,0.0,0.0,2.11,0.0,0.0,7.49,0.0,0.0,-3.0,0.0,0.0,5.94,0.0,0.0,-17.5,0.0,-0.27141065878000004,,99.8384552,0.0134970821,0.000548184583,83.2660109,0.00929319285,218.930498,5.40736928,133.137103,99.9999924,100.0,False
2026-07-15 10:30:00,-0.491,110.46,101.49,98.0,159.0,159.0,,-78.069,0.0,0.0,,0.0,0.0,0.0,0.0,0.0,0.0,1.20001,5.02,3.0120251,0.0,2.38,0.0,0.0,2.11,0.0,0.0,7.49,0.0,0.0,-3.0,0.0,0.0,5.94,0.0,0.0,-17.5,0.0,-0.7794843143333333,,99.8384552,0.0527866486,0.000548184583,83.2559429,0.0290486997,218.950367,5.40736928,520.694873,99.9999924,100.0,False
2026-07-15 11:00:00,-0.521,102.2,99.85,97.0,130.0,130.0,,-67.73,0.0,0.0,,0.0,0.0,0.0,0.0,0.0,0.0,1.00149,5.02,2.5137398999999996,0.0,1.13,0.0,0.0,2.65,0.0,0.0,5.12,0.0,0.0,0.35,0.0,0.0,23.2,0.0,0.0,-4.74,0.0,-0.9487100216666665,,99.8384552,0.100655808,0.000548184583,83.2401731,0.0530931185,218.974394,5.40736928,992.882942,99.9999924,100.0,False
2026-07-15 11:30:00,-0.522,102.2,98.44,95.5,93.2,93.2,,-48.650400000000005,0.0,0.0,,0.0,0.0,0.0,0.0,0.0,0.0,1.0007300000000001,5.02,2.5118323,0.0,1.13,0.0,0.0,2.65,0.0,0.0,5.12,0.0,0.0,0.35,0.0,0.0,23.2,0.0,0.0,-4.74,0.0,-1.0047754,,99.8384552,0.151389037,0.000548184583,83.2234493,0.0785584765,219.000043,5.40736928,1493.3226,99.9999924,100.0,False
2026-07-15 12:00:00,-0.269,100.11,98.8,94.11,88.37,88.37,,-23.771530000000002,0.0,0.0,,0.0,0.0,0.0,0.0,0.0,0.0,0.54692,5.02,1.3727691999999998,0.0,1.13,0.0,0.0,2.65,0.0,0.0,5.12,0.0,0.0,0.35,0.0,0.0,23.2,0.0,0.0,-4.74,0.0,-1.00483362,,99.8384552,0.202118186,0.000548184583,83.2067321,0.10402531,219.02569,5.40736928,1993.72201,99.9999924,100.0,False
2026-07-15 12:30:00,0.0,100.11,95.0,90.0,62.43,62.43,,0.0,0.0,0.0,,0.0,0.0,0.0,0.0,0.0,0.0,0.046340000000000006,5.02,0.11631340000000001,0.0,1.13,0.0,0.0,2.65,0.0,0.0,5.12,0.0,0.0,0.35,0.0,0.0,23.2,0.0,0.0,-4.74,0.0,-0.51992462727,,99.8384552,0.228211274,0.000561388019,83.1953489,0.117202451,219.038921,5.53760982,2251.10788,99.9999924,100.0,False
2026-07-15 13:00:00,0.0,102.8,98.74,96.8,86.24,86.24,,0.0,0.0,0.0,,0.0,0.0,0.0,0.0,0.0,0.0,0.04617,5.02,0.1158867,0.0,1.13,0.0,0.0,2.65,0.0,0.0,5.12,0.0,0.0,0.35,0.0,0.0,23.2,0.0,0.0,-4.74,0.0,-0.00494600002,,99.8384552,0.228211274,0.000594962398,83.1954098,0.117327804,219.039224,5.86879218,2251.10788,99.9999924,100.0,False
2026-07-15 13:30:00,0.0,102.8,97.45,96.8,86.24,86.24,,0.0,0.0,0.0,,0.0,0.0,0.0,0.0,0.0,0.0,0.046549999999999994,5.02,0.11684049999999997,0.0,1.13,0.0,0.0,2.65,0.0,0.0,5.12,0.0,0.0,0.35,0.0,0.0,23.2,0.0,0.0,-4.74,0.0,-0.0048708334,,99.8384552,0.228211274,0.000625696181,83.195474,0.117451253,219.03963,6.17195451,2251.10788,99.9999924,100.0,False
2026-07-15 14:00:00,0.0,100.16,96.2,91.1,86.24,86.24,,0.0,0.0,0.0,,0.0,0.0,0.0,0.0,0.0,0.0,0.046560000000000004,5.02,0.1168656,0.0,1.13,0.0,0.0,2.65,0.0,0.0,5.12,0.0,0.0,0.35,0.0,0.0,23.2,0.0,0.0,-4.74,0.0,-0.004913138943333333,,99.8384552,0.228211274,0.000658375504,83.1955366,0.117575773,219.039832,6.49430791,2251.10788,99.98503496666666,100.0,False
2026-07-15 14:30:00,0.0,100.16,93.79,90.0,88.0,88.0,,0.0,0.0,0.0,,0.0,0.0,0.0,0.0,0.0,0.0,0.0482,5.02,0.12098199999999999,0.0,1.13,0.0,0.0,2.65,0.0,0.0,5.12,0.0,0.0,0.35,0.0,0.0,23.2,0.0,0.0,-4.74,0.0,-0.00490355555,,99.8384552,0.228211274,0.000684936699,83.1955925,0.11770005,219.040188,6.75631125,2251.10788,99.9999924,100.0,False
2026-07-15 15:00:00,0.0,102.27,96.73,98.3,92.5,92.5,,0.0,0.0,0.0,,0.0,0.0,0.0,0.0,0.0,0.0,0.052829999999999995,5.02,0.13260329999999998,0.0,2.75,0.0,0.0,2.73,0.0,0.0,7.97,0.0,0.0,0.61,0.0,0.0,7.43,0.0,0.0,-7.21,0.0,-0.0048937222200000005,,99.8384552,0.228211274,0.00071846411,83.19565,0.117824078,219.040492,7.08703031,2251.10788,99.9999924,100.0,False
2026-07-15 15:30:00,0.0,102.27,98.84,98.3,92.5,92.5,,0.0,0.0,0.0,,0.0,0.0,0.0,0.0,0.0,0.0,0.40574,5.02,1.0184073999999999,0.0,2.75,0.0,0.0,2.73,0.0,0.0,7.97,0.0,0.0,0.61,0.0,0.0,7.43,0.0,0.0,-7.21,0.0,-0.004973111233333333,,99.8384552,0.228211274,0.000755576072,83.1956992,0.117950119,219.040846,7.45310789,2251.10788,99.9999924,100.0,False
2026-07-15 16:00:00,0.0,111.77,111.71,111.0,155.25,155.25,,0.0,0.0,0.0,,0.0,0.0,0.0,0.0,0.0,0.0,1.08014,5.02,2.7111514,0.0,2.75,0.0,0.0,2.73,0.0,0.0,7.97,0.0,0.0,0.61,0.0,0.0,7.43,0.0,0.0,-7.21,0.0,-0.004919999913333333,,99.8384552,0.228211274,0.000789648144,83.1957668,0.118074813,219.041151,7.78919957,2251.10788,99.9999924,100.0,False
2026-07-15 16:30:00,0.0,111.77,106.0,102.18,94.5,94.5,,0.0,0.0,0.0,,0.0,0.0,0.0,0.0,0.0,0.0,1.8103699999999998,5.02,4.544028699999999,0.0,2.75,0.0,0.0,2.73,0.0,0.0,7.97,0.0,0.0,0.61,0.0,0.0,7.43,0.0,0.0,-7.21,0.0,-0.004936611253333333,,99.8384552,0.228211274,0.000829506546,83.1958493,0.118199928,219.041556,8.18236841,2251.10788,99.9999924,100.0,False
2026-07-15 17:00:00,0.0,124.0,119.0,119.02,92.5,92.5,,0.0,0.0,0.0,,0.0,0.0,0.0,0.0,0.0,0.0,2.61042,5.02,6.5521541999999995,0.0,2.75,0.0,0.0,2.73,0.0,0.0,7.97,0.0,0.0,0.61,0.0,0.0,7.43,0.0,0.0,-7.21,0.0,-0.004932694513333333,,99.8384552,0.228211274,0.000874879108,83.1959235,0.118324944,219.041809,8.6299297,2251.10788,99.9999924,100.0,False
2026-07-15 17:30:00,0.0,124.0,125.65,128.24,94.5,94.5,,0.0,0.0,0.0,,0.0,0.0,0.0,0.0,0.0,0.0,3.5284299999999997,5.02,8.8563593,0.0,2.75,0.0,0.0,2.73,0.0,0.0,7.97,0.0,0.0,0.61,0.0,0.0,7.43,0.0,0.0,-7.21,0.0,-0.004902361153333333,,99.8384552,0.228211274,0.00091859284,83.1960009,0.11844919,219.042165,9.06112806,2251.10788,99.9999924,100.0,False
2026-07-15 18:00:00,0.0,147.24,136.65,141.8,94.6,94.6,,0.0,0.0,0.0,,0.0,0.0,0.0,0.0,0.0,0.0,4.25463,5.02,10.679121299999998,0.0,2.75,0.0,0.0,2.73,0.0,0.0,7.97,0.0,0.0,0.61,0.0,0.0,7.43,0.0,0.0,-7.21,0.0,-0.00490038888,,99.8384552,0.228211274,0.000961671061,83.1961017,0.118573388,219.042367,9.48605764,2251.10788,99.9999924,100.0,False
2026-07-15 18:30:00,0.0,147.24,148.71,147.0,173.8,173.8,,0.0,0.0,0.0,,0.0,0.0,0.0,0.0,0.0,0.0,5.10767,5.02,12.820251699999998,0.0,2.75,0.0,0.0,2.73,0.0,0.0,7.97,0.0,0.0,0.61,0.0,0.0,7.43,0.0,0.0,-7.21,0.0,-0.004976027726666666,,99.8384552,0.228211274,0.00100698788,83.1962008,0.118699501,219.042722,9.93306904,2251.10788,99.9999924,100.0,False
2026-07-15 19:00:00,0.0,164.19,161.85,157.0,119.23,119.23,,0.0,0.0,0.0,,0.0,0.0,0.0,0.0,0.0,0.0,6.12308,5.02,15.368930799999998,0.0,5.92,0.0,0.0,0.6,0.0,0.0,12.34,0.0,0.0,-4.36,0.0,0.0,11.64,0.0,0.0,-18.72,0.0,-0.004971000033333333,,99.8384552,0.228211274,0.00105849107,83.1963116,0.118825488,219.042976,10.4411037,2251.10788,99.9999924,100.0,False
2026-07-15 19:30:00,0.0,164.19,164.11,161.2,130.81,130.81,,0.0,0.0,0.0,,0.0,0.0,0.0,0.0,0.0,0.0,6.48812,5.02,16.2851812,0.0,5.92,0.0,0.0,0.6,0.0,0.0,12.34,0.0,0.0,-4.36,0.0,0.0,11.64,0.0,0.0,-18.72,0.0,-0.004969833293333333,,99.8384552,0.228211274,0.00110726006,83.1964274,0.118951445,219.043178,10.9221679,2251.10788,99.9999924,100.0,False
2026-07-15 20:00:00,0.0,165.8,163.97,162.82,125.48,125.48,,0.0,0.0,0.0,,0.0,0.0,0.0,0.0,0.0,0.0,6.67033,5.02,16.742528299999996,0.0,5.92,0.0,0.0,0.6,0.0,0.0,12.34,0.0,0.0,-4.36,0.0,0.0,11.64,0.0,0.0,-18.72,0.0,-0.00495516658,,99.8384552,0.228211274,0.00115946629,83.1965365,0.119077031,219.043584,11.4371374,2251.10788,99.9999924,100.0,False
2026-07-15 20:30:00,0.0,165.8,162.12,161.4,123.37,123.37,,0.0,0.0,0.0,,0.0,0.0,0.0,0.0,0.0,0.0,6.85726,5.02,17.211722599999998,0.0,5.92,0.0,0.0,0.6,0.0,0.0,12.34,0.0,0.0,-4.36,0.0,0.0,11.64,0.0,0.0,-18.72,0.0,-0.005034277753333333,,99.8384552,0.228211274,0.00121027012,83.1966306,0.119204621,219.043837,11.9382735,2251.10788,99.9999924,100.0,False
2026-07-15 21:00:00,0.0,156.07,167.0,160.53,124.2,124.2,,0.0,0.0,0.0,,0.0,0.0,0.0,0.0,0.0,0.0,6.97254,5.02,17.5010754,0.0,5.92,0.0,0.0,0.6,0.0,0.0,12.34,0.0,0.0,-4.36,0.0,0.0,11.64,0.0,0.0,-18.72,0.0,-0.00504247212,,99.8384552,0.228211274,0.00126575057,83.1967314,0.119332419,219.044192,12.4855404,2251.10788,99.9999924,100.0,False
2026-07-15 21:30:00,0.0,156.07,160.14,156.14,114.27,114.27,,0.0,0.0,0.0,,0.0,0.0,0.0,0.0,0.0,0.0,6.995220000000001,5.02,17.5580022,0.0,5.92,0.0,0.0,0.6,0.0,0.0,12.34,0.0,0.0,-4.36,0.0,0.0,11.64,0.0,0.0,-18.72,0.0,-0.00501119439,,99.8384552,0.228211274,0.0013217357,83.1968456,0.119459424,219.044293,13.0377855,2251.10788,99.9999924,100.0,False
2026-07-15 22:00:00,0.0,144.7,151.9,147.45,126.31,126.31,,0.0,0.0,0.0,,0.0,0.0,0.0,0.0,0.0,0.0,6.98598,5.02,17.534809799999998,0.0,5.92,0.0,0.0,0.6,0.0,0.0,12.34,0.0,0.0,-4.36,0.0,0.0,11.64,0.0,0.0,-18.72,0.0,-0.0050226389533333336,,99.8384552,0.228211274,0.00137290755,83.1969531,0.11958672,219.044699,13.5425518,2251.10788,99.98289873333333,100.0,False
2026-07-15 22:30:00,0.0,144.7,140.0,141.71,116.74,116.74,,0.0,0.0,0.0,,0.0,0.0,0.0,0.0,0.0,0.0,6.9855100000000006,5.02,17.5336301,0.0,5.92,0.0,0.0,0.6,0.0,0.0,12.34,0.0,0.0,-4.36,0.0,0.0,11.64,0.0,0.0,-18.72,0.0,-0.005038888853333333,,99.8384552,0.228211274,0.00142275967,83.1970622,0.119714427,219.045004,14.0343001,2251.10788,99.9999924,100.0,False
2026-07-15 23:00:00,0.0,138.71,140.21,138.79,115.33,115.33,,0.0,0.0,0.0,,0.0,0.0,0.0,0.0,0.0,0.0,6.986680000000001,5.02,17.5365668,0.0,2.05,0.0,0.0,1.13,0.0,0.0,8.52,0.0,0.0,-3.74,0.0,0.0,23.74,0.0,0.0,-17.5,0.0,-0.005018916686666666,,99.8384552,0.228211274,0.00146684946,83.1971681,0.119841628,219.045206,14.4692079,2251.10788,99.9999924,100.0,False
2026-07-15 23:30:00,0.0,138.71,138.5,136.95,111.4,111.4,,0.0,0.0,0.0,,0.0,0.0,0.0,0.0,0.0,0.0,6.98596,5.02,17.5347596,0.0,2.05,0.0,0.0,1.13,0.0,0.0,8.52,0.0,0.0,-3.74,0.0,0.0,23.74,0.0,0.0,-17.5,0.0,-0.004991638820000001,,99.8384552,0.228211274,0.00150637748,83.1972806,0.119968138,219.04556,14.8591178,2251.10788,99.9999924,100.0,False
2026-07-16 00:00:00,0.0,131.6,131.01,132.21,105.7,105.7,,0.0,0.0,0.0,,0.0,0.0,0.0,0.0,0.0,0.0,6.98589,5.02,17.5345839,0.0,2.05,0.0,0.0,1.13,0.0,0.0,8.52,0.0,0.0,-3.74,0.0,0.0,23.74,0.0,0.0,-17.5,0.0,-0.005056083283333333,,99.8384552,0.228211274,0.00155224733,83.197383,0.120096281,219.045713,15.3115844,2251.10788,99.9999924,100.0,False
2026-07-16 00:30:00,0.0,131.6,129.21,130.0,105.91,105.91,,0.0,0.0,0.0,,0.0,0.0,0.0,0.0,0.0,0.0,6.98704,5.02,17.5374704,0.0,2.05,0.0,0.0,1.13,0.0,0.0,8.52,0.0,0.0,-3.74,0.0,0.0,23.74,0.0,0.0,-17.5,0.0,-0.005016305446666667,,99.8384552,0.0,4.30113925e-05,83.1974888,0.000127134895,219.046068,0.424270382,0.0,99.9999924,100.0,False
2026-07-16 01:00:00,0.0,126.85,128.75,132.83,105.97,105.97,,0.0,0.0,0.0,,0.0,0.0,0.0,0.0,0.0,0.0,6.98716,5.02,17.5377716,0.0,2.05,0.0,0.0,1.13,0.0,0.0,8.52,0.0,0.0,-3.74,0.0,0.0,23.74,0.0,0.0,-17.5,0.0,-0.005035833356666667,,99.8384552,0.0,8.6052617e-05,83.1975679,0.000254764713,219.046321,0.848835031,0.0,99.9999924,100.0,False
2026-07-16 01:30:00,0.0,126.85,127.4,125.36,100.71,100.71,,0.0,0.0,0.0,,0.0,0.0,0.0,0.0,0.0,0.0,6.98645,5.02,17.535989499999996,0.0,2.05,0.0,0.0,1.13,0.0,0.0,8.52,0.0,0.0,-3.74,0.0,0.0,23.74,0.0,0.0,-17.5,0.0,-0.005050111053333333,,99.8384552,0.0,0.000120143457,83.1976436,0.000382756388,219.046675,1.18511184,0.0,99.9999924,100.0,False
2026-07-16 02:00:00,0.0,122.83,128.1,126.3,99.3,99.3,,0.0,0.0,0.0,,0.0,0.0,0.0,0.0,0.0,0.0,6.9864,5.02,17.535863999999997,0.0,2.05,0.0,0.0,1.13,0.0,0.0,8.52,0.0,0.0,-3.74,0.0,0.0,23.74,0.0,0.0,-17.5,0.0,-0.00500097219,,99.8384552,0.0,0.000152852741,83.197721,0.00050950267,219.04698,1.50776078,0.0,99.9999924,100.0,False
2026-07-16 02:30:00,0.0,122.83,125.84,122.78,98.72,98.72,,0.0,0.0,0.0,,0.0,0.0,0.0,0.0,0.0,0.0,6.986770000000001,5.02,17.5367927,0.0,2.05,0.0,0.0,1.13,0.0,0.0,8.52,0.0,0.0,-3.74,0.0,0.0,23.74,0.0,0.0,-17.5,0.0,-0.005139361146666667,,99.8115311,0.0,0.000196887286,83.1977683,0.00063975633,219.047335,1.94212368,0.0,99.9999924,100.0,False
2026-07-16 03:00:00,0.0,120.8,125.55,124.5,115.76,115.76,,0.0,0.0,0.0,,0.0,0.0,0.0,0.0,0.0,0.0,6.9865900000000005,5.02,17.5363409,0.0,3.42,0.0,0.0,3.42,0.0,0.0,9.44,0.0,0.0,-4.57,0.0,0.0,22.45,0.0,0.0,-15.51,0.0,-0.005094083383333333,,99.8115311,3.41808573e-06,0.000222590927,83.197834,0.000768862455,219.047588,2.19566799,0.033716475,99.9999924,100.0,False
2026-07-16 03:30:00,0.0,120.8,121.7,124.39,95.45,95.45,,0.0,0.0,0.0,,0.0,0.0,0.0,0.0,0.0,0.0,6.98881,5.02,17.5419131,0.0,3.42,0.0,0.0,3.42,0.0,0.0,9.44,0.0,0.0,-4.57,0.0,0.0,22.45,0.0,0.0,-15.51,0.0,-0.00505230554,,99.8115311,3.41808573e-06,0.000261694429,83.1979097,0.00089690975,219.047791,2.58139039,0.033716475,99.9999924,100.0,False
2026-07-16 04:00:00,0.0,123.65,133.0,132.46,95.5,95.5,,0.0,0.0,0.0,,0.0,0.0,0.0,0.0,0.0,0.0,6.98623,5.02,17.535437299999998,0.0,3.42,0.0,0.0,3.42,0.0,0.0,9.44,0.0,0.0,-4.57,0.0,0.0,22.45,0.0,0.0,-15.51,0.0,-0.005046916643333333,,99.8115311,3.41808573e-06,0.000296596095,83.1980005,0.00102482046,219.048197,2.9256653,0.033716475,99.9999924,100.0,False
2026-07-16 04:30:00,0.0,123.65,130.99,127.55,95.65,95.65,,0.0,0.0,0.0,,0.0,0.0,0.0,0.0,0.0,0.0,6.986770000000001,5.02,17.5367927,0.0,3.42,0.0,0.0,3.42,0.0,0.0,9.44,0.0,0.0,-4.57,0.0,0.0,22.45,0.0,0.0,-15.51,0.0,-0.005050527813333333,,99.8115311,3.41808573e-06,0.000326963462,83.1980946,0.0011528227,219.0484,3.22521325,0.033716475,99.9999924,100.0,False
2026-07-16 05:00:00,0.0,132.4,136.7,137.59,132.53,132.53,,0.0,0.0,0.0,,0.0,0.0,0.0,0.0,0.0,0.0,6.93741,5.02,17.412899099999997,0.0,3.42,0.0,0.0,3.42,0.0,0.0,9.44,0.0,0.0,-4.57,0.0,0.0,22.45,0.0,0.0,-15.51,0.0,-0.005057583256666667,,99.8115311,3.41808573e-06,0.000360531181,83.198192,0.00128100375,219.048754,3.55632992,0.033716475,99.9999924,100.0,False
2026-07-16 05:30:00,0.0,132.4,138.26,141.62,123.13,123.13,,0.0,0.0,0.0,,0.0,0.0,0.0,0.0,0.0,0.0,6.78661,5.02,17.034391099999997,0.0,3.42,0.0,0.0,3.42,0.0,0.0,9.44,0.0,0.0,-4.57,0.0,0.0,22.45,0.0,0.0,-15.51,0.0,-0.005050583363333333,,99.8115311,3.41808573e-06,0.000399679302,83.1982962,0.0014090074,219.049008,3.94249245,0.033716475,99.9999924,100.0,False
2026-07-16 06:00:00,0.0,137.7,139.5,140.4,128.25,128.25,,0.0,0.0,0.0,,0.0,0.0,0.0,0.0,0.0,0.0,6.65308,5.02,16.6992308,0.0,3.42,0.0,0.0,3.42,0.0,0.0,9.44,0.0,0.0,-4.57,0.0,0.0,22.45,0.0,0.0,-15.51,0.0,-0.005031138893333333,,99.8115311,3.41808573e-06,0.000422597158,83.1984037,0.00153651824,219.049363,4.16855738,0.033716475,99.9999924,100.0,False
2026-07-16 06:30:00,0.0,137.7,147.23,154.26,133.72,133.72,,0.0,0.0,0.0,,0.0,0.0,0.0,0.0,0.0,0.0,6.21243,5.02,15.5931993,0.0,3.42,0.0,0.0,3.42,0.0,0.0,9.44,0.0,0.0,-4.57,0.0,0.0,22.45,0.0,0.0,-15.51,0.0,-0.005031166706666666,,99.8115311,3.41808573e-06,0.000465090496,83.1985079,0.00166402978,219.049667,4.5877176,0.033716475,99.9999924,100.0,False
2026-07-16 07:00:00,0.0,134.67,138.0,135.01,129.7,129.7,,0.0,0.0,0.0,,0.0,0.0,0.0,0.0,0.0,0.0,5.4111,5.02,13.581861,0.0,2.54,0.0,0.0,1.9,0.0,0.0,8.36,0.0,0.0,-2.44,0.0,0.0,23.17,0.0,0.0,-14.62,0.0,-0.00500986123,,99.8115311,3.41808573e-06,0.000512885436,83.1986137,0.00179100136,219.049971,5.05917357,0.033716475,99.9999924,100.0,False
2026-07-16 07:30:00,0.0,134.67,142.61,145.2,130.99,130.99,,0.0,0.0,0.0,,0.0,0.0,0.0,0.0,0.0,0.0,5.0272,5.02,12.618271999999997,0.0,2.54,0.0,0.0,1.9,0.0,0.0,8.36,0.0,0.0,-2.44,0.0,0.0,23.17,0.0,0.0,-14.62,0.0,-0.0050381943400000006,,99.8115311,3.41808573e-06,0.000569075926,83.1987245,0.00191869102,219.050173,5.61344441,0.033716475,99.9999924,100.0,False
2026-07-16 08:00:00,0.0,120.5,121.41,121.41,130.0,130.0,,0.0,0.0,0.0,,0.0,0.0,0.0,0.0,0.0,0.0,4.12699,5.02,10.3587449,0.0,2.54,0.0,0.0,1.9,0.0,0.0,8.36,0.0,0.0,-2.44,0.0,0.0,23.17,0.0,0.0,-14.62,0.0,-0.005028055586666667,,99.8115311,3.41808573e-06,0.000625548251,83.198837,0.00204612371,219.050427,6.17049531,0.033716475,99.9999924,100.0,False
2026-07-16 08:30:00,0.0,120.5,122.0,119.49,138.0,138.0,,0.0,0.0,0.0,,0.0,0.0,0.0,0.0,0.0,0.0,3.72832,5.02,9.3580832,0.0,2.54,0.0,0.0,1.9,0.0,0.0,8.36,0.0,0.0,-2.44,0.0,0.0,23.17,0.0,0.0,-14.62,0.0,-0.004998527766666667,,99.8115311,3.41808573e-06,0.000674850228,83.1989378,0.00217280804,219.050731,6.65681689,0.033716475,99.9999924,100.0,False
2026-07-16 09:00:00,0.0,113.99,108.11,108.11,95.55,95.55,,0.0,0.0,0.0,,0.0,0.0,0.0,0.0,0.0,0.0,2.19698,5.02,5.5144198,0.0,2.54,0.0,0.0,1.9,0.0,0.0,8.36,0.0,0.0,-2.44,0.0,0.0,23.17,0.0,0.0,-14.62,0.0,-0.004903222243333334,,99.8115311,3.41808573e-06,0.000727164727,83.1990219,0.00229707692,219.051035,7.17285442,0.033716475,99.9999924,100.0,False
2026-07-16 09:30:00,0.0,113.99,111.15,108.49,91.0,91.0,,0.0,0.0,0.0,,0.0,0.0,0.0,0.0,0.0,0.0,1.5470599999999999,5.02,3.8831205999999994,0.0,2.54,0.0,0.0,1.9,0.0,0.0,8.36,0.0,0.0,-2.44,0.0,0.0,23.17,0.0,0.0,-14.62,0.0,-0.0049133056,,99.8115311,3.41808573e-06,0.000767045259,83.1990944,0.00242160135,219.051389,7.56624155,0.033716475,99.9999924,100.0,False
2026-07-16 10:00:00,0.0,108.04,108.26,109.06,88.81,88.81,,0.0,0.0,0.0,,0.0,0.0,0.0,0.0,0.0,0.0,1.18577,5.02,2.9762826999999996,0.0,2.54,0.0,0.0,1.9,0.0,0.0,8.36,0.0,0.0,-2.44,0.0,0.0,23.17,0.0,0.0,-14.62,0.0,-0.004898583336666667,,99.8115311,3.41808573e-06,0.000808318065,83.199177,0.00254575266,219.051694,7.97336227,0.033716475,99.9999924,100.0,False
2026-07-16 10:30:00,0.0,108.04,102.5,103.03,59.0,59.0,,0.0,0.0,0.0,,0.0,0.0,0.0,0.0,0.0,0.0,0.31374,5.02,0.7874874,0.0,2.54,0.0,0.0,1.9,0.0,0.0,8.36,0.0,0.0,-2.44,0.0,0.0,23.17,0.0,0.0,-14.62,0.0,-0.004917527753333334,,99.8115311,3.41808573e-06,0.000846536548,83.1992595,0.0026703841,219.052049,8.35035473,0.033716475,99.9999924,100.0,False
2026-07-16 11:00:00,0.0,104.19,103.49,102.04,89.0,89.0,,0.0,0.0,0.0,,0.0,0.0,0.0,0.0,0.0,0.0,0.04639,5.02,0.1164389,0.0,1.57,0.0,0.0,4.04,0.0,0.0,5.82,0.0,0.0,2.69,0.0,0.0,18.39,0.0,0.0,-3.69,0.0,-0.0048817222133333334,,99.8115311,3.41808573e-06,0.000883301382,83.1993421,0.00279410807,219.052353,8.71300819,0.033716475,99.9999924,100.0,False
2026-07-16 11:30:00,0.0,104.19,101.53,100.7,92.27,92.27,,0.0,0.0,0.0,,0.0,0.0,0.0,0.0,0.0,0.0,0.04566,5.02,0.11460659999999999,0.0,1.57,0.0,0.0,4.04,0.0,0.0,5.82,0.0,0.0,2.69,0.0,0.0,18.39,0.0,0.0,-3.69,0.0,-0.00484819444,,99.8115311,3.41808573e-06,0.000907360961,83.1994047,0.0029169823,219.052606,8.95033523,0.033716475,99.9999924,100.0,False
2026-07-16 12:00:00,0.0,103.24,102.4,103.11,94.8,94.8,,0.0,0.0,0.0,,0.0,0.0,0.0,0.0,0.0,0.0,0.05139,5.02,0.1289889,0.0,1.57,0.0,0.0,4.04,0.0,0.0,5.82,0.0,0.0,2.69,0.0,0.0,18.39,0.0,0.0,-3.69,0.0,-0.004818972273333333,,99.8115311,3.41808573e-06,0.000931015811,83.1994789,0.00303911592,219.053011,9.18366998,0.033716475,99.9999924,100.0,False
2026-07-16 12:30:00,0.0,103.24,99.05,100.0,108.96,108.96,,0.0,0.0,0.0,,0.0,0.0,0.0,0.0,0.0,0.0,0.08104,5.02,0.2034104,0.0,1.57,0.0,0.0,4.04,0.0,0.0,5.82,0.0,0.0,2.69,0.0,0.0,18.39,0.0,0.0,-3.69,0.0,-0.00485422222,,99.8115311,3.41808573e-06,0.000963255079,83.1995649,0.00316214293,219.053266,9.50168262,0.033716475,99.9999924,100.0,False
2026-07-16 13:00:00,0.0,104.1,100.99,96.0,77.79,77.79,,0.0,0.0,0.0,,0.0,0.0,0.0,0.0,0.0,0.0,0.045439999999999994,5.02,0.11405439999999997,0.0,1.57,0.0,0.0,4.04,0.0,0.0,5.82,0.0,0.0,2.69,0.0,0.0,18.39,0.0,0.0,-3.69,0.0,-0.00478219446,,99.7576904,3.41808573e-06,0.000995283746,83.1996408,0.00328334445,219.053671,9.81761786,0.033716475,99.9999924,100.0,False
2026-07-16 13:30:00,0.0,104.1,99.86,96.0,90.6,90.6,,0.0,0.0,0.0,,0.0,0.0,0.0,0.0,0.0,0.0,0.045079999999999995,5.02,0.11315079999999998,0.0,1.57,0.0,0.0,4.04,0.0,0.0,5.82,0.0,0.0,2.69,0.0,0.0,18.39,0.0,0.0,-3.69,0.0,-0.004856360993333334,,99.7576904,3.41808573e-06,0.00102334675,83.1997151,0.00340642565,219.053924,10.0944353,0.033716475,99.9999924,100.0,False
2026-07-16 14:00:00,0.0,105.2,100.22,100.65,91.0,91.0,,0.0,0.0,0.0,,0.0,0.0,0.0,0.0,0.0,0.0,0.04494,5.02,0.1127994,0.0,1.57,0.0,0.0,4.04,0.0,0.0,5.82,0.0,0.0,2.69,0.0,0.0,18.39,0.0,0.0,-3.69,0.0,-0.004797666789999999,,99.7576904,3.41808573e-06,0.00104805175,83.1997993,0.00352801929,219.05433,10.3381288,0.033716475,99.9999924,100.0,False
2026-07-16 14:30:00,0.0,105.2,102.32,108.04,91.0,91.0,,0.0,0.0,0.0,,0.0,0.0,0.0,0.0,0.0,0.0,0.28084,5.02,0.7049083999999999,0.0,1.57,0.0,0.0,4.04,0.0,0.0,5.82,0.0,0.0,2.69,0.0,0.0,18.39,0.0,0.0,-3.69,0.0,-0.004854805546666666,,99.7576904,3.41808573e-06,0.00107763173,83.1998719,0.00365106108,219.054583,10.6299099,0.033716475,99.9999924,100.0,False
2026-07-16 15:00:00,0.0,105.35,104.32,111.0,85.85,85.85,,0.0,0.0,0.0,,0.0,0.0,0.0,0.0,0.0,0.0,0.19024000000000002,5.02,0.4775024,0.0,3.01,0.0,0.0,4.28,0.0,0.0,8.94,0.0,0.0,6.81,0.0,0.0,37.4,0.0,0.0,0.27,0.0,-0.004840749976666667,,99.7576904,3.41808573e-06,0.00111206302,83.1999411,0.00377374664,219.054988,10.9695449,0.033716475,99.9999924,100.0,False
2026-07-16 15:30:00,0.0,105.35,108.0,111.0,105.4,105.4,,0.0,0.0,0.0,,0.0,0.0,0.0,0.0,0.0,0.0,0.41986,5.02,1.0538486,0.0,3.01,0.0,0.0,4.28,0.0,0.0,8.94,0.0,0.0,6.81,0.0,0.0,37.4,0.0,0.0,0.27,0.0,-0.004989916563333334,,99.7576904,3.41808573e-06,0.00115185563,83.2000137,0.00390021273,219.055242,11.3620648,0.033716475,99.9999924,100.0,False
2026-07-16 16:00:00,0.0,122.68,117.0,120.0,94.9,94.9,,0.0,0.0,0.0,,0.0,0.0,0.0,0.0,0.0,0.0,1.07875,5.02,2.7076625,0.0,3.01,0.0,0.0,4.28,0.0,0.0,8.94,0.0,0.0,6.81,0.0,0.0,37.4,0.0,0.0,0.27,0.0,-0.004875361203333334,,99.7576904,3.41808573e-06,0.00118955624,83.2000929,0.00402377549,219.055546,11.7339489,0.033716475,99.9999924,100.0,False
2026-07-16 16:30:00,0.0,122.68,112.75,114.0,94.88,94.88,,0.0,0.0,0.0,,0.0,0.0,0.0,0.0,0.0,0.0,1.79845,5.02,4.5141095,0.0,3.01,0.0,0.0,4.28,0.0,0.0,8.94,0.0,0.0,6.81,0.0,0.0,37.4,0.0,0.0,0.27,0.0,-0.00492783332,,99.7576904,3.41808573e-06,0.00123643155,83.2001754,0.00414866812,219.055901,12.1963335,0.033716475,99.9999924,100.0,False
2026-07-16 17:00:00,0.0,143.7,138.22,138.6,101.91,101.91,,0.0,0.0,0.0,,0.0,0.0,0.0,0.0,0.0,0.0,2.6631199999999997,5.02,6.684431199999999,0.0,3.01,0.0,0.0,4.28,0.0,0.0,8.94,0.0,0.0,6.81,0.0,0.0,37.4,0.0,0.0,0.27,0.0,-0.00493258341,,99.7576904,3.41808573e-06,0.00128737603,83.2002529,0.00427368113,219.056205,12.6988569,0.033716475,99.9999924,100.0,False
2026-07-16 17:30:00,0.0,143.7,151.19,153.99,162.91,162.91,,0.0,0.0,0.0,,0.0,0.0,0.0,0.0,0.0,0.0,3.58796,5.02,9.005779599999999,0.0,3.01,0.0,0.0,4.28,0.0,0.0,8.94,0.0,0.0,6.81,0.0,0.0,37.4,0.0,0.0,0.27,0.0,-0.0047909166,,99.7576904,3.41808573e-06,0.00133442228,83.2003336,0.00439510371,219.056458,13.1629277,0.033716475,99.9999924,100.0,False
2026-07-16 18:00:00,0.0,170.1,175.2,176.41,142.95,142.95,,0.0,0.0,0.0,,0.0,0.0,0.0,0.0,0.0,0.0,4.64769,5.02,11.665701899999998,0.0,3.01,0.0,0.0,4.28,0.0,0.0,8.94,0.0,0.0,6.81,0.0,0.0,37.4,0.0,0.0,0.27,0.0,-0.00492683331,,99.7576904,3.41808573e-06,0.00139582426,83.2004361,0.00451997098,219.056762,13.7686054,0.033716475,99.9999924,100.0,False
2026-07-16 18:30:00,0.0,170.1,192.0,194.04,199.26,199.26,,0.0,0.0,0.0,,0.0,0.0,0.0,0.0,0.0,0.0,5.36672,5.02,13.470467199999998,0.0,3.01,0.0,0.0,4.28,0.0,0.0,8.94,0.0,0.0,6.81,0.0,0.0,37.4,0.0,0.0,0.27,0.0,-0.00492558328,,99.7576904,3.41808573e-06,0.00146104451,83.2005502,0.00464480659,219.057168,14.4119471,0.033716475,99.9999924,100.0,False
2026-07-16 19:00:00,0.0,194.34,191.51,197.64,188.9,188.9,,0.0,0.0,0.0,,0.0,0.0,0.0,0.0,0.0,0.0,6.08808,5.02,15.281080799999998,0.0,15.27,0.0,0.0,1.2,0.0,0.0,16.29,0.0,0.0,-4.04,0.0,0.0,37.18,0.0,0.0,-18.58,0.0,-0.004929527833333333,,99.7576904,3.41808573e-06,0.00152672185,83.2006777,0.00476974216,219.057321,15.0597975,0.033716475,99.9999924,100.0,False
2026-07-16 19:30:00,0.0,194.34,188.12,192.1,212.0,212.0,,0.0,0.0,0.0,,0.0,0.0,0.0,0.0,0.0,0.0,6.51227,5.02,16.3457977,0.0,15.27,0.0,0.0,1.2,0.0,0.0,16.29,0.0,0.0,-4.04,0.0,0.0,37.18,0.0,0.0,-18.58,0.0,-0.00495766664,,99.7576904,3.41808573e-06,0.00158527329,83.2008052,0.00489539089,219.057675,15.6373571,0.033716475,99.9999924,100.0,False
2026-07-16 20:00:00,0.0,191.8,188.81,191.81,198.05,198.05,,0.0,0.0,0.0,,0.0,0.0,0.0,0.0,0.0,0.0,6.73139,5.02,16.8957889,0.0,15.27,0.0,0.0,1.2,0.0,0.0,16.29,0.0,0.0,-4.04,0.0,0.0,37.18,0.0,0.0,-18.58,0.0,-0.004972111146666667,,99.7576904,3.41808573e-06,0.0016497039,83.2009378,0.0050214057,219.057979,16.2729097,0.033716475,99.9999924,100.0,False
2026-07-16 20:30:00,0.0,191.8,186.99,191.86,198.05,198.05,,0.0,0.0,0.0,,0.0,0.0,0.0,0.0,0.0,0.0,6.85876,5.02,17.2154876,0.0,15.27,0.0,0.0,1.2,0.0,0.0,16.29,0.0,0.0,-4.04,0.0,0.0,37.18,0.0,0.0,-18.58,0.0,-0.004970027846666667,,99.7576904,3.41808573e-06,0.00171459351,83.2010753,0.0051473677,219.058182,16.9129898,0.033716475,99.9999924,100.0,False
2026-07-16 21:00:00,0.0,180.0,182.0,184.29,186.26,186.26,,0.0,0.0,0.0,,0.0,0.0,0.0,0.0,0.0,0.0,6.97671,5.02,17.511542099999996,0.0,15.27,0.0,0.0,1.2,0.0,0.0,16.29,0.0,0.0,-4.04,0.0,0.0,37.18,0.0,0.0,-18.58,0.0,-0.005022861166666667,,99.7576904,3.41808573e-06,0.00177720489,83.2012011,0.0052746688,219.058487,17.5305972,0.033716475,99.9999924,100.0,False
2026-07-16 21:30:00,0.0,180.0,175.78,176.01,186.26,186.26,,0.0,0.0,0.0,,0.0,0.0,0.0,0.0,0.0,0.0,6.99331,5.02,17.5532081,0.0,15.27,0.0,0.0,1.2,0.0,0.0,16.29,0.0,0.0,-4.04,0.0,0.0,37.18,0.0,0.0,-18.58,0.0,-0.0049885277733333335,,99.7576904,3.41808573e-06,0.00184300479,83.2013454,0.0054010997,219.058689,18.1796566,0.033716475,99.9999924,100.0,False
2026-07-16 22:00:00,0.0,155.54,166.4,170.0,156.86,156.86,,0.0,0.0,0.0,,0.0,0.0,0.0,0.0,0.0,0.0,6.98598,5.02,17.534809799999998,0.0,15.27,0.0,0.0,1.2,0.0,0.0,16.29,0.0,0.0,-4.04,0.0,0.0,37.18,0.0,0.0,-18.58,0.0,-0.00503522221,,99.7576904,3.41808573e-06,0.00191011822,83.2014762,0.005528714,219.058993,18.8416729,0.033716475,99.9999924,100.0,False
2026-07-16 22:30:00,0.0,155.54,156.0,156.69,121.47,121.47,,0.0,0.0,0.0,,0.0,0.0,0.0,0.0,0.0,0.0,6.98567,5.02,17.534031699999996,0.0,15.27,0.0,0.0,1.2,0.0,0.0,16.29,0.0,0.0,-4.04,0.0,0.0,37.18,0.0,0.0,-18.58,0.0,-0.00501980551,,99.7576904,3.41808573e-06,0.00197423226,83.2016121,0.0056559376,219.059247,19.4741027,0.033716475,99.9999924,100.0,False
2026-07-16 23:00:00,0.0,140.42,151.11,147.0,121.48,121.48,,0.0,0.0,0.0,,0.0,0.0,0.0,0.0,0.0,0.0,6.98612,5.02,17.535161199999997,0.0,2.02,0.0,0.0,1.3,0.0,0.0,8.92,0.0,0.0,-3.7,0.0,0.0,23.84,0.0,0.0,-17.5,0.0,-0.005044499956666667,,99.7576904,3.41808573e-06,0.00203597907,83.201743,0.0057837871,219.059652,20.0831819,0.033716475,99.9999924,100.0,False
2026-07-16 23:30:00,0.0,140.42,150.71,146.71,106.85,106.85,,0.0,0.0,0.0,,0.0,0.0,0.0,0.0,0.0,0.0,6.98585,5.02,17.5344835,0.0,2.02,0.0,0.0,1.3,0.0,0.0,8.92,0.0,0.0,-3.7,0.0,0.0,23.84,0.0,0.0,-17.5,0.0,-0.005037111043333333,,99.7576904,3.41808573e-06,0.00208897609,83.2018822,0.00591144925,219.059855,20.6059519,0.033716475,99.97007753333332,100.0,False
2026-07-17 00:00:00,0.0,133.67,144.0,136.0,129.07,129.07,,0.0,0.0,0.0,,0.0,0.0,0.0,0.0,0.0,0.0,6.98578,5.02,17.534307799999997,0.0,2.02,0.0,0.0,1.3,0.0,0.0,8.92,0.0,0.0,-3.7,0.0,0.0,23.84,0.0,0.0,-17.5,0.0,-0.005052138883333333,,99.7576904,3.41808573e-06,0.0021392504,83.2020231,0.00603949235,219.060109,21.1018647,0.033716475,99.9999924,100.0,False
2026-07-17 00:30:00,0.0,133.67,136.89,134.18,123.52,123.52,,0.0,0.0,0.0,,0.0,0.0,0.0,0.0,0.0,0.0,6.985810000000001,5.02,17.5343831,0.0,2.02,0.0,0.0,1.3,0.0,0.0,8.92,0.0,0.0,-3.7,0.0,0.0,23.84,0.0,0.0,-17.5,0.0,-0.005034861166666667,,99.7576904,0.0,4.47671979e-05,83.2021656,0.000127605178,219.060564,0.441589892,0.0,99.97007753333332,100.0,False
2026-07-17 01:00:00,0.0,129.32,133.58,128.0,126.04,126.04,,0.0,0.0,0.0,,0.0,0.0,0.0,0.0,0.0,0.0,6.98641,5.02,17.5358891,0.0,2.02,0.0,0.0,1.3,0.0,0.0,8.92,0.0,0.0,-3.7,0.0,0.0,23.84,0.0,0.0,-17.5,0.0,-0.005037916583333334,,99.7576904,0.0,8.82970509e-05,83.2022915,0.000255287793,219.060767,0.870974441,0.0,99.9999924,100.0,False
2026-07-17 01:30:00,0.0,129.32,134.55,128.55,149.0,149.0,,0.0,0.0,0.0,,0.0,0.0,0.0,0.0,0.0,0.0,6.98642,5.02,17.535914199999997,0.0,2.02,0.0,0.0,1.3,0.0,0.0,8.92,0.0,0.0,-3.7,0.0,0.0,23.84,0.0,0.0,-17.5,0.0,-0.00504458324,,99.7576904,0.0,0.000130263898,83.2024207,0.00038313937,219.061071,1.28494128,0.0,99.9999924,100.0,False
2026-07-17 02:00:00,0.0,123.3,131.9,125.0,149.0,149.0,,0.0,0.0,0.0,,0.0,0.0,0.0,0.0,0.0,0.0,6.9856300000000005,5.02,17.5339313,0.0,2.02,0.0,0.0,1.3,0.0,0.0,8.92,0.0,0.0,-3.7,0.0,0.0,23.84,0.0,0.0,-17.5,0.0,-0.005050250053333333,,99.7307587,0.0,0.000179141335,83.2025448,0.000511134565,219.061375,1.76707515,0.0,99.9999924,100.0,False
2026-07-17 02:30:00,0.0,123.3,125.42,121.85,149.0,149.0,,0.0,0.0,0.0,,0.0,0.0,0.0,0.0,0.0,0.0,6.9861,5.02,17.535111,0.0,2.02,0.0,0.0,1.3,0.0,0.0,8.92,0.0,0.0,-3.7,0.0,0.0,23.84,0.0,0.0,-17.5,0.0,-0.004994749943333333,,99.7307587,0.0,0.000222023806,83.2026657,0.000637723155,219.06168,2.19007383,0.0,99.9999924,100.0,False
2026-07-17 03:00:00,0.0,119.26,129.42,123.42,149.0,149.0,,0.0,0.0,0.0,,0.0,0.0,0.0,0.0,0.0,0.0,6.98632,5.02,17.5356632,0.0,1.57,0.0,0.0,0.67,0.0,0.0,8.19,0.0,0.0,-2.95,0.0,0.0,8.45,0.0,0.0,-12.95,0.0,-0.0050640834200000005,,99.7307587,0.0,0.000270534708,83.2027831,0.00076606895,219.061882,2.66859214,0.0,99.9999924,100.0,False
2026-07-17 03:30:00,0.0,119.26,125.75,121.8,149.0,149.0,,0.0,0.0,0.0,,0.0,0.0,0.0,0.0,0.0,0.0,6.98674,5.02,17.5367174,0.0,1.57,0.0,0.0,0.67,0.0,0.0,8.19,0.0,0.0,-2.95,0.0,0.0,8.45,0.0,0.0,-12.95,0.0,-0.0050167222,,99.7307587,0.0,0.000308734381,83.2029057,0.000893214405,219.062237,3.04539905,0.0,99.9999924,100.0,False
2026-07-17 04:00:00,0.0,120.98,127.29,123.2,149.0,149.0,,0.0,0.0,0.0,,0.0,0.0,0.0,0.0,0.0,0.0,6.98612,5.02,17.535161199999997,0.0,1.57,0.0,0.0,0.67,0.0,0.0,8.19,0.0,0.0,-2.95,0.0,0.0,8.45,0.0,0.0,-12.95,0.0,-0.00504786118,,99.7307587,0.0,0.000347909785,83.2030298,0.00102114906,219.062592,3.4318307,0.0,99.9999924,100.0,False
2026-07-17 04:30:00,0.0,120.98,127.29,121.6,149.0,149.0,,0.0,0.0,0.0,,0.0,0.0,0.0,0.0,0.0,0.0,6.98591,5.02,17.534634099999998,0.0,1.57,0.0,0.0,0.67,0.0,0.0,8.19,0.0,0.0,-2.95,0.0,0.0,8.45,0.0,0.0,-12.95,0.0,-0.00498738893,,99.7307587,0.0,0.000388092155,83.2031389,0.00114755109,219.062744,3.82819521,0.0,99.9999924,100.0,False
2026-07-17 05:00:00,0.0,131.35,139.42,131.42,147.91,147.91,,0.0,0.0,0.0,,0.0,0.0,0.0,0.0,0.0,0.0,6.9702399999999995,5.02,17.495302399999996,0.0,1.57,0.0,0.0,0.67,0.0,0.0,8.19,0.0,0.0,-2.95,0.0,0.0,8.45,0.0,0.0,-12.95,0.0,-0.0050416666666666665,,99.7307587,0.0,0.000418737918,83.2032497,0.00127532874,219.06315,4.1304893,0.0,99.9999924,100.0,False
2026-07-17 05:30:00,0.0,131.35,141.4,133.4,144.9,144.9,,0.0,0.0,0.0,,0.0,0.0,0.0,0.0,0.0,0.0,6.833600000000001,5.02,17.152336,0.0,1.57,0.0,0.0,0.67,0.0,0.0,8.19,0.0,0.0,-2.95,0.0,0.0,8.45,0.0,0.0,-12.95,0.0,-0.0049981388266666675,,99.7307587,0.0,0.000460943386,83.2033706,0.00140200322,219.063403,4.54680993,0.0,99.9999924,100.0,False
2026-07-17 06:00:00,0.0,137.7,138.73,136.29,147.01,147.01,,0.0,0.0,0.0,,0.0,0.0,0.0,0.0,0.0,0.0,6.6041300000000005,5.02,16.5763663,0.0,1.57,0.0,0.0,0.67,0.0,0.0,8.19,0.0,0.0,-2.95,0.0,0.0,8.45,0.0,0.0,-12.95,0.0,-0.0050109999933333335,,99.7307587,0.0,0.000494807323,83.2034931,0.00152900365,219.063656,4.88084853,0.0,99.9999924,100.0,False
2026-07-17 06:30:00,0.0,137.7,150.71,145.71,147.51,147.51,,0.0,0.0,0.0,,0.0,0.0,0.0,0.0,0.0,0.0,6.15704,5.02,15.454170399999999,0.0,1.57,0.0,0.0,0.67,0.0,0.0,8.19,0.0,0.0,-2.95,0.0,0.0,8.45,0.0,0.0,-12.95,0.0,-0.00506066664,,99.7307587,0.0,0.000536403688,83.2035989,0.00165726285,219.063961,5.29116089,0.0,99.9999924,100.0,False
2026-07-17 07:00:00,0.0,132.6,136.22,130.0,96.1,96.1,,0.0,0.0,0.0,,0.0,0.0,0.0,0.0,0.0,0.0,5.21856,5.02,13.0985856,0.0,2.37,0.0,0.0,0.84,0.0,0.0,8.19,0.0,0.0,-3.18,0.0,0.0,25.14,0.0,0.0,-13.86,0.0,-0.0050186111100000005,,99.7307587,0.0,0.000569687347,83.2037264,0.00178445618,219.064316,5.61947555,0.0,99.9999924,100.0,False
2026-07-17 07:30:00,0.0,132.6,136.44,132.87,110.62,110.62,,0.0,0.0,0.0,,0.0,0.0,0.0,0.0,0.0,0.0,4.863239999999999,5.02,12.206732399999998,0.0,2.37,0.0,0.0,0.84,0.0,0.0,8.19,0.0,0.0,-3.18,0.0,0.0,25.14,0.0,0.0,-13.86,0.0,-0.005014111206666667,,99.7307587,0.0,0.000602899588,83.2038255,0.00191153547,219.064467,5.94708573,0.0,99.9999924,100.0,False
2026-07-17 08:00:00,0.0,122.0,121.5,119.11,99.73,99.73,,0.0,0.0,0.0,,0.0,0.0,0.0,0.0,0.0,0.0,4.12519,5.02,10.354226899999999,0.0,2.37,0.0,0.0,0.84,0.0,0.0,8.19,0.0,0.0,-3.18,0.0,0.0,25.14,0.0,0.0,-13.86,0.0,-0.004975083273333333,,99.7307587,0.0,0.00064002152,83.2039212,0.00203762562,219.064822,6.31326165,0.0,99.9999924,100.0,False
2026-07-17 08:30:00,0.0,122.0,122.35,122.02,134.89,134.89,,0.0,0.0,0.0,,0.0,0.0,0.0,0.0,0.0,0.0,3.13017,5.02,7.856726699999999,0.0,2.37,0.0,0.0,0.84,0.0,0.0,8.19,0.0,0.0,-3.18,0.0,0.0,25.14,0.0,0.0,-13.86,0.0,-0.004933694523333333,,99.7307587,0.0,0.000676595419,83.204017,0.00216266679,219.065228,6.6740317,0.0,99.9999924,100.0,False
2026-07-17 09:00:00,0.0,113.0,111.33,111.0,100.0,100.0,,0.0,0.0,0.0,,0.0,0.0,0.0,0.0,0.0,0.0,2.32454,5.02,5.834595399999999,0.0,2.37,0.0,0.0,0.84,0.0,0.0,8.19,0.0,0.0,-3.18,0.0,0.0,25.14,0.0,0.0,-13.86,0.0,-0.004981333256666666,,99.7307587,0.0,0.00070841791,83.204081,0.00228891534,219.06543,6.98793319,0.0,99.9999924,100.0,False
2026-07-17 09:30:00,0.0,113.0,117.0,116.5,100.0,100.0,,0.0,0.0,0.0,,0.0,0.0,0.0,0.0,0.0,0.0,1.53243,5.02,3.8463992999999994,0.0,2.37,0.0,0.0,0.84,0.0,0.0,8.19,0.0,0.0,-3.18,0.0,0.0,25.14,0.0,0.0,-13.86,0.0,-0.004996166703333333,,99.7307587,0.0,0.000740999027,83.2041551,0.00241553984,219.065735,7.30931788,0.0,99.9999924,100.0,False
2026-07-17 10:00:00,-0.394,114.2,116.92,116.72,118.3,118.3,,-46.6102,0.0,0.0,,0.0,0.0,0.0,0.0,0.0,0.0,1.48347,5.02,3.7235096999999997,0.0,2.37,0.0,0.0,0.84,0.0,0.0,8.19,0.0,0.0,-3.18,0.0,0.0,25.14,0.0,0.0,-13.86,0.0,-0.004961944423333334,,99.7307587,0.0,0.000769649552,83.2042275,0.00254129699,219.066038,7.59193066,0.0,99.9999924,100.0,False
2026-07-17 10:30:00,-0.517,114.2,110.33,112.31,95.13,95.13,,-49.18221,0.0,0.0,,0.0,0.0,0.0,0.0,0.0,0.0,1.1795,5.02,2.9605449999999998,0.0,2.37,0.0,0.0,0.84,0.0,0.0,8.19,0.0,0.0,-3.18,0.0,0.0,25.14,0.0,0.0,-13.86,0.0,-0.7664096013333334,,99.7307587,0.0386267677,0.000769649552,83.1942782,0.021965434,219.085554,7.59193066,381.019831,99.9999924,100.0,False
2026-07-17 11:00:00,-0.509,103.29,102.28,102.18,94.7,94.7,,-48.2023,0.0,0.0,,0.0,0.0,0.0,0.0,0.0,0.0,1.0788499999999999,5.02,2.7079134999999996,0.0,1.02,0.0,0.0,3.45,0.0,0.0,6.12,0.0,0.0,0.4,0.0,0.0,18.42,0.0,0.0,-9.13,0.0,-1.001164275,,99.7307587,0.0891463098,0.000769649552,83.177703,0.0473392708,219.111101,7.59193066,879.351649,99.9999924,100.0,False
2026-07-17 11:30:00,-0.069,103.29,102.35,101.0,94.7,94.7,,0.0,-6.534300000000001,0.0,,0.0,0.0,0.0,0.0,0.0,0.0,0.19562000000000002,5.02,0.4910062,0.0,1.02,0.0,0.0,3.45,0.0,0.0,6.12,0.0,0.0,0.4,0.0,0.0,18.42,0.0,0.0,-9.13,0.0,-0.984104472,,99.7079544,0.138798915,0.000769649552,83.161246,0.072280738,219.136142,7.59193066,1369.13188,99.9999924,100.0,False
2026-07-17 12:00:00,0.0,101.79,101.55,101.0,92.0,92.0,,0.0,0.0,0.0,,0.0,0.0,0.0,0.0,0.0,0.0,0.06274,5.02,0.1574774,0.0,1.02,0.0,0.0,3.45,0.0,0.0,6.12,0.0,0.0,0.4,0.0,0.0,18.42,0.0,0.0,-9.13,0.0,-0.13649722576333334,,99.7076836,0.145434777,0.000786188806,83.1564468,0.075740169,219.139638,7.75507617,1434.58895,99.9999924,100.0,False
2026-07-17 12:30:00,0.0,101.79,101.54,101.0,82.58,82.58,,0.0,0.0,0.0,,0.0,0.0,0.0,0.0,0.0,0.0,0.08999,5.02,0.2258749,0.0,1.02,0.0,0.0,3.45,0.0,0.0,6.12,0.0,0.0,0.4,0.0,0.0,18.42,0.0,0.0,-9.13,0.0,-0.004927833396666667,,99.7076836,0.145434777,0.000810232427,83.1565179,0.0758650615,219.140095,7.99224581,1434.58895,99.9999924,100.0,False
2026-07-17 13:00:00,0.0,101.26,101.55,101.0,83.78,83.78,,0.0,0.0,0.0,,0.0,0.0,0.0,0.0,0.0,0.0,0.49753,5.02,1.2488002999999999,0.0,1.02,0.0,0.0,3.45,0.0,0.0,6.12,0.0,0.0,0.4,0.0,0.0,18.42,0.0,0.0,-9.13,0.0,-0.004885388930000001,,99.7076836,0.145434777,0.000828343534,83.156594,0.0759888785,219.140349,8.1708963,1434.58895,99.9999924,100.0,False
2026-07-17 13:30:00,0.0,101.26,101.55,100.12,78.0,78.0,,0.0,0.0,0.0,,0.0,0.0,0.0,0.0,0.0,0.0,0.09806999999999999,5.02,0.24615569999999995,0.0,1.02,0.0,0.0,3.45,0.0,0.0,6.12,0.0,0.0,0.4,0.0,0.0,18.42,0.0,0.0,-9.13,0.0,-0.00488108333,,99.7076836,0.145434777,0.000845745176,83.1566702,0.0761125865,219.140652,8.34254852,1434.58895,99.9999924,100.0,False
2026-07-17 14:00:00,0.0,100.83,101.28,100.0,71.36,71.36,,0.0,0.0,0.0,,0.0,0.0,0.0,0.0,0.0,0.0,0.045689999999999995,5.02,0.11468189999999998,0.0,1.02,0.0,0.0,3.45,0.0,0.0,6.12,0.0,0.0,0.4,0.0,0.0,18.42,0.0,0.0,-9.13,0.0,-0.004934194483333334,,99.7076836,0.145434777,0.000858261737,83.156728,0.07623764,219.141008,8.46601363,1434.58895,99.9999924,100.0,False
2026-07-17 14:30:00,0.0,100.83,100.64,99.38,52.0,52.0,,0.0,0.0,0.0,,0.0,0.0,0.0,0.0,0.0,0.0,0.04593,5.02,0.11528429999999999,0.0,1.02,0.0,0.0,3.45,0.0,0.0,6.12,0.0,0.0,0.4,0.0,0.0,18.42,0.0,0.0,-9.13,0.0,-0.0048424445,,99.6615333,0.145434777,0.000873408231,83.1567991,0.0763603685,219.141363,8.61542076,1434.58895,99.9999924,100.0,False
2026-07-17 15:00:00,0.0,102.89,101.0,100.39,52.0,52.0,,0.0,0.0,0.0,,0.0,0.0,0.0,0.0,0.0,0.0,0.10911,5.02,0.27386609999999995,0.0,1.92,0.0,0.0,1.68,0.0,0.0,8.57,0.0,0.0,-0.49,0.0,0.0,13.66,0.0,0.0,-7.48,0.0,-0.00488319429,,99.6615333,0.145434777,0.000889929294,83.1568719,0.0764841295,219.141616,8.77838683,1434.58895,99.9999924,100.0,False
2026-07-17 15:30:00,0.0,102.89,101.56,102.99,51.0,51.0,,0.0,0.0,0.0,,0.0,0.0,0.0,0.0,0.0,0.0,0.5923999999999999,5.02,1.4869239999999997,0.0,1.92,0.0,0.0,1.68,0.0,0.0,8.57,0.0,0.0,-0.49,0.0,0.0,13.66,0.0,0.0,-7.48,0.0,-0.00489708328,,99.6615333,0.145434777,0.000917298234,83.156933,0.076608243,219.142072,9.04835788,1434.58895,99.9999924,100.0,False
2026-07-17 16:00:00,0.0,108.18,115.0,113.13,55.0,55.0,,0.0,0.0,0.0,,0.0,0.0,0.0,0.0,0.0,0.0,1.23898,5.02,3.1098397999999996,0.0,1.92,0.0,0.0,1.68,0.0,0.0,8.57,0.0,0.0,-0.49,0.0,0.0,13.66,0.0,0.0,-7.48,0.0,-0.004891722283333334,,99.6615333,0.145434777,0.000940469602,83.1570023,0.0767322205,219.142275,9.27692349,1434.58895,99.9999924,100.0,False
2026-07-17 16:30:00,0.0,108.18,110.99,113.97,58.75,58.75,,0.0,0.0,0.0,,0.0,0.0,0.0,0.0,0.0,0.0,1.95981,5.02,4.919123099999999,0.0,1.92,0.0,0.0,1.68,0.0,0.0,8.57,0.0,0.0,-0.49,0.0,0.0,13.66,0.0,0.0,-7.48,0.0,-0.00486552779,,99.6615333,0.145434777,0.000959109557,83.1570699,0.076855534,219.14268,9.46079061,1434.58895,99.9999924,100.0,False
2026-07-17 17:00:00,0.0,123.5,119.73,117.0,93.01,93.01,,0.0,0.0,0.0,,0.0,0.0,0.0,0.0,0.0,0.0,2.7952,5.02,7.0159519999999995,0.0,1.92,0.0,0.0,1.68,0.0,0.0,8.57,0.0,0.0,-0.49,0.0,0.0,13.66,0.0,0.0,-7.48,0.0,-0.004889888843333333,,99.6615333,0.145434777,0.000985920153,83.1571309,0.076979465,219.142933,9.72525407,1434.58895,99.9999924,100.0,False
2026-07-17 17:30:00,0.0,123.5,119.68,119.38,153.0,153.0,,0.0,0.0,0.0,,0.0,0.0,0.0,0.0,0.0,0.0,3.6734400000000003,5.02,9.2203344,0.0,1.92,0.0,0.0,1.68,0.0,0.0,8.57,0.0,0.0,-0.49,0.0,0.0,13.66,0.0,0.0,-7.48,0.0,-0.004885055619999999,,99.6615333,0.145434777,0.00101250818,83.1572101,0.0771032735,219.143237,9.98752212,1434.58895,99.9999924,100.0,False
2026-07-17 18:00:00,0.0,143.8,130.8,127.37,152.78,152.78,,0.0,0.0,0.0,,0.0,0.0,0.0,0.0,0.0,0.0,4.58272,5.02,11.5026272,0.0,1.92,0.0,0.0,1.68,0.0,0.0,8.57,0.0,0.0,-0.49,0.0,0.0,13.66,0.0,0.0,-7.48,0.0,-0.00487533339,,99.6615333,0.145434777,0.0010498928,83.157291,0.0772268355,219.143542,10.3562892,1434.58895,99.9999924,100.0,False
2026-07-17 18:30:00,0.0,143.8,137.64,136.22,163.41,163.41,,0.0,0.0,0.0,,0.0,0.0,0.0,0.0,0.0,0.0,5.42125,5.02,13.607337499999998,0.0,1.92,0.0,0.0,1.68,0.0,0.0,8.57,0.0,0.0,-0.49,0.0,0.0,13.66,0.0,0.0,-7.48,0.0,-0.0049006389,,99.6615333,0.145434777,0.00108842826,83.1573969,0.077351039,219.143796,10.7364084,1434.58895,99.9999924,100.0,False
2026-07-17 19:00:00,0.0,152.18,140.29,144.0,151.0,151.0,,0.0,0.0,0.0,,0.0,0.0,0.0,0.0,0.0,0.0,6.0684700000000005,5.02,15.2318597,0.0,5.89,0.0,0.0,0.88,0.0,0.0,11.8,0.0,0.0,-2.23,0.0,0.0,19.39,0.0,0.0,-11.9,0.0,-0.0049552221333333335,,99.6615333,0.145434777,0.00112946857,83.1575194,0.0774766255,219.14415,11.1412357,1434.58895,99.9999924,100.0,False
2026-07-17 19:30:00,0.0,152.18,142.71,143.77,139.55,139.55,,0.0,0.0,0.0,,0.0,0.0,0.0,0.0,0.0,0.0,6.457020000000001,5.02,16.207120200000002,0.0,5.89,0.0,0.0,0.88,0.0,0.0,11.8,0.0,0.0,-2.23,0.0,0.0,19.39,0.0,0.0,-11.9,0.0,-0.004994000033333334,,99.6615333,0.145434777,0.00116579948,83.1576269,0.077603195,219.144302,11.4996089,1434.58895,99.9999924,100.0,False
2026-07-17 20:00:00,0.0,152.85,146.53,147.25,146.36,146.36,,0.0,0.0,0.0,,0.0,0.0,0.0,0.0,0.0,0.0,6.6724499999999995,5.02,16.747849499999997,0.0,5.89,0.0,0.0,0.88,0.0,0.0,11.8,0.0,0.0,-2.23,0.0,0.0,19.39,0.0,0.0,-11.9,0.0,-0.00506122232,,99.6615333,0.145434777,0.00120459302,83.1577427,0.0777314685,219.144759,11.8822738,1434.58895,99.9999924,100.0,False
2026-07-17 20:30:00,0.0,152.85,145.0,146.0,148.75,148.75,,0.0,0.0,0.0,,0.0,0.0,0.0,0.0,0.0,0.0,6.8702,5.02,17.244201999999998,0.0,5.89,0.0,0.0,0.88,0.0,0.0,11.8,0.0,0.0,-2.23,0.0,0.0,19.39,0.0,0.0,-11.9,0.0,-0.00498433336,,99.6615333,0.145434777,0.00124857101,83.1578536,0.077857793,219.145012,12.3160788,1434.58895,99.9999924,100.0,False
2026-07-17 21:00:00,0.0,148.11,146.62,144.12,142.75,142.75,,0.0,0.0,0.0,,0.0,0.0,0.0,0.0,0.0,0.0,6.980359999999999,5.02,17.520703599999997,0.0,5.89,0.0,0.0,0.88,0.0,0.0,11.8,0.0,0.0,-2.23,0.0,0.0,19.39,0.0,0.0,-11.9,0.0,-0.00505699992,,99.6615333,0.145434777,0.00129532845,83.1579811,0.0779859595,219.145265,12.7773007,1434.58895,99.9999924,100.0,False
2026-07-17 21:30:00,0.0,148.11,145.13,142.29,136.79,136.79,,0.0,0.0,0.0,,0.0,0.0,0.0,0.0,0.0,0.0,6.99418,5.02,17.5553918,0.0,5.89,0.0,0.0,0.88,0.0,0.0,11.8,0.0,0.0,-2.23,0.0,0.0,19.39,0.0,0.0,-11.9,0.0,-0.00502202781,,99.6615333,0.145434777,0.00134030326,83.158097,0.078113239,219.14557,13.2209385,1434.58895,99.9999924,100.0,False
2026-07-17 22:00:00,0.0,135.5,145.8,145.0,165.58,165.58,,0.0,0.0,0.0,,0.0,0.0,0.0,0.0,0.0,0.0,6.987760000000001,5.02,17.5392776,0.0,5.89,0.0,0.0,0.88,0.0,0.0,11.8,0.0,0.0,-2.23,0.0,0.0,19.39,0.0,0.0,-11.9,0.0,-0.005072944566666667,,99.6615333,0.145434777,0.00138482703,83.1582179,0.0782418095,219.145772,13.6601272,1434.58895,99.9999924,100.0,False
2026-07-17 22:30:00,0.0,135.5,140.0,136.46,101.33,101.33,,0.0,0.0,0.0,,0.0,0.0,0.0,0.0,0.0,0.0,6.996359999999999,5.02,17.560863599999998,0.0,5.89,0.0,0.0,0.88,0.0,0.0,11.8,0.0,0.0,-2.23,0.0,0.0,19.39,0.0,0.0,-11.9,0.0,-0.005018277803333333,,99.6615333,0.145434777,0.0014358212,83.1583388,0.0783689945,219.146178,14.1631408,1434.58895,99.9999924,100.0,False
2026-07-17 23:00:00,0.0,128.44,130.75,125.93,105.69,105.69,,0.0,0.0,0.0,,0.0,0.0,0.0,0.0,0.0,0.0,6.98799,5.02,17.539854899999998,0.0,2.25,0.0,0.0,0.27,0.0,0.0,7.94,0.0,0.0,-2.88,0.0,0.0,21.56,0.0,0.0,-17.54,0.0,-0.005059777663333333,,99.6615333,0.145434777,0.00147882829,83.1584597,0.078497231,219.14633,14.5873688,1434.58895,99.9999924,100.0,False
2026-07-17 23:30:00,0.0,128.44,130.8,130.01,149.45,149.45,,0.0,0.0,0.0,,0.0,0.0,0.0,0.0,0.0,0.0,6.9862,5.02,17.535362,0.0,2.25,0.0,0.0,0.27,0.0,0.0,7.94,0.0,0.0,-2.88,0.0,0.0,21.56,0.0,0.0,-17.54,0.0,-0.005037861106666666,,99.6615333,0.145434777,0.00151984859,83.1585839,0.0786249125,219.146735,14.9919987,1434.58895,99.9999924,100.0,False
2026-07-18 00:00:00,0.0,125.56,126.8,125.83,135.0,135.0,,0.0,0.0,0.0,,0.0,0.0,0.0,0.0,0.0,0.0,6.98707,5.02,17.5375457,0.0,2.25,0.0,0.0,0.27,0.0,0.0,7.94,0.0,0.0,-2.88,0.0,0.0,21.56,0.0,0.0,-17.54,0.0,-0.004995611113333334,,99.6615333,0.145434777,0.00156297625,83.1586964,0.078751523,219.146938,15.417416,1434.58895,99.9999924,100.0,False
2026-07-18 00:30:00,0.0,125.56,126.03,124.5,100.0,100.0,,0.0,0.0,0.0,,0.0,0.0,0.0,0.0,0.0,0.0,6.98622,5.02,17.5354122,0.0,2.25,0.0,0.0,0.27,0.0,0.0,7.94,0.0,0.0,-2.88,0.0,0.0,21.56,0.0,0.0,-17.54,0.0,-0.005118944483333333,,99.6615333,0.0,4.04550184e-05,83.1588123,0.000129736212,219.147293,0.399053951,0.0,99.9658038,100.0,False
2026-07-18 01:00:00,0.0,126.98,120.4,121.0,133.03,133.03,,0.0,0.0,0.0,,0.0,0.0,0.0,0.0,0.0,0.0,6.98687,5.02,17.537043699999998,0.0,2.25,0.0,0.0,0.27,0.0,0.0,7.94,0.0,0.0,-2.88,0.0,0.0,21.56,0.0,0.0,-17.54,0.0,-0.005025750083333333,,99.6615333,0.0,7.85914637e-05,83.1589382,0.000257110476,219.147597,0.775237173,0.0,99.9999924,100.0,False
2026-07-18 01:30:00,0.0,126.98,126.28,121.0,155.0,155.0,,0.0,0.0,0.0,,0.0,0.0,0.0,0.0,0.0,0.0,6.9863,5.02,17.535612999999998,0.0,2.25,0.0,0.0,0.27,0.0,0.0,7.94,0.0,0.0,-2.88,0.0,0.0,21.56,0.0,0.0,-17.54,0.0,-0.004998722233333333,,99.6615333,0.0,0.000115753226,83.159059,0.000383799736,219.147851,1.14180599,0.0,99.9999924,100.0,False
2026-07-18 02:00:00,0.0,120.62,120.79,120.81,155.0,155.0,,0.0,0.0,0.0,,0.0,0.0,0.0,0.0,0.0,0.0,6.9867,5.02,17.536617,0.0,2.25,0.0,0.0,0.27,0.0,0.0,7.94,0.0,0.0,-2.88,0.0,0.0,21.56,0.0,0.0,-17.54,0.0,-0.005042194446666666,,99.6615333,0.0,0.000152711724,83.1591882,0.00051159077,219.148205,1.50636977,0.0,99.9658038,100.0,False
2026-07-18 02:30:00,0.0,120.62,119.99,114.65,130.4,130.4,,0.0,0.0,0.0,,0.0,0.0,0.0,0.0,0.0,0.0,6.98639,5.02,17.535838899999998,0.0,2.25,0.0,0.0,0.27,0.0,0.0,7.94,0.0,0.0,-2.88,0.0,0.0,21.56,0.0,0.0,-17.54,0.0,-0.00502163887,,99.6615333,0.0,0.000187557322,83.1593141,0.00063886084,219.148459,1.85009162,0.0,99.9999924,100.0,False
2026-07-18 03:00:00,0.0,119.34,119.99,118.89,115.07,115.07,,0.0,0.0,0.0,,0.0,0.0,0.0,0.0,0.0,0.0,6.98621,5.02,17.535387099999998,0.0,2.25,0.0,0.0,0.6,0.0,0.0,7.16,0.0,0.0,-2.74,0.0,0.0,7.6,0.0,0.0,-12.29,0.0,-0.00498097221,,99.6615333,0.0,0.000228251939,83.1594317,0.00076510024,219.148814,2.251509,0.0,99.9999924,100.0,False
2026-07-18 03:30:00,0.0,119.34,123.02,117.93,111.64,111.64,,0.0,0.0,0.0,,0.0,0.0,0.0,0.0,0.0,0.0,6.98632,5.02,17.5356632,0.0,2.25,0.0,0.0,0.6,0.0,0.0,7.16,0.0,0.0,-2.74,0.0,0.0,7.6,0.0,0.0,-12.29,0.0,-0.0050133333200000005,,99.6615333,0.0,0.000269693845,83.1595525,0.000892159805,219.148966,2.66029775,0.0,99.9999924,100.0,False
2026-07-18 04:00:00,0.0,116.0,127.03,121.94,104.97,104.97,,0.0,0.0,0.0,,0.0,0.0,0.0,0.0,0.0,0.0,6.98617,5.02,17.5352867,0.0,2.25,0.0,0.0,0.6,0.0,0.0,7.16,0.0,0.0,-2.74,0.0,0.0,7.6,0.0,0.0,-12.29,0.0,-0.00504611111,,99.6615333,0.0,0.000311962641,83.1596701,0.00102005011,219.149473,3.07724306,0.0,99.9999924,100.0,False
2026-07-18 04:30:00,0.0,116.0,124.06,121.18,116.06,116.06,,0.0,0.0,0.0,,0.0,0.0,0.0,0.0,0.0,0.0,6.9864,5.02,17.535863999999997,0.0,2.25,0.0,0.0,0.6,0.0,0.0,7.16,0.0,0.0,-2.74,0.0,0.0,7.6,0.0,0.0,-12.29,0.0,-0.005006972233333333,,99.6615333,0.0,0.000352833837,83.1597876,0.00114694845,219.149675,3.48040224,0.0,99.9999924,100.0,False
2026-07-18 05:00:00,0.0,112.24,119.61,111.79,113.67,113.67,,0.0,0.0,0.0,,0.0,0.0,0.0,0.0,0.0,0.0,6.92688,5.02,17.3864688,0.0,2.25,0.0,0.0,0.6,0.0,0.0,7.16,0.0,0.0,-2.74,0.0,0.0,7.6,0.0,0.0,-12.29,0.0,-0.00502902778,,99.6615333,0.0,0.000390822489,83.1599069,0.00127440579,219.149928,3.85512761,0.0,99.9658038,100.0,False
2026-07-18 05:30:00,0.0,112.24,115.03,111.3,106.48,106.48,,0.0,0.0,0.0,,0.0,0.0,0.0,0.0,0.0,0.0,6.847689999999999,5.02,17.187701899999997,0.0,2.25,0.0,0.0,0.6,0.0,0.0,7.16,0.0,0.0,-2.74,0.0,0.0,7.6,0.0,0.0,-12.29,0.0,-0.005028666733333333,,99.6615333,0.0,0.000430844919,83.1600361,0.00140185398,219.150233,4.24991445,0.0,99.9999924,100.0,False
2026-07-18 06:00:00,0.0,104.1,110.99,105.0,102.41,102.41,,0.0,0.0,0.0,,0.0,0.0,0.0,0.0,0.0,0.0,6.71296,5.02,16.849529599999997,0.0,2.25,0.0,0.0,0.6,0.0,0.0,7.16,0.0,0.0,-2.74,0.0,0.0,7.6,0.0,0.0,-12.29,0.0,-0.00496338892,,99.6615333,0.0,0.000475095231,83.160157,0.00152764773,219.150537,4.68640571,0.0,99.9999924,100.0,False
2026-07-18 06:30:00,0.0,104.1,111.0,105.0,113.99,113.99,,0.0,0.0,0.0,,0.0,0.0,0.0,0.0,0.0,0.0,6.63609,5.02,16.6565859,0.0,2.25,0.0,0.0,0.6,0.0,0.0,7.16,0.0,0.0,-2.74,0.0,0.0,7.6,0.0,0.0,-12.29,0.0,-0.004990166746666667,,99.6615333,0.0,0.000512914552,83.1602762,0.00165412017,219.15079,5.05946077,0.0,99.9679413,100.0,False
2026-07-18 07:00:00,0.0,98.6,95.04,90.0,119.36,119.36,,0.0,0.0,0.0,,0.0,0.0,0.0,0.0,0.0,0.0,6.43812,5.02,16.159681199999998,0.0,3.57,0.0,0.0,2.36,0.0,0.0,8.71,0.0,0.0,-1.32,0.0,0.0,8.37,0.0,0.0,-8.5,0.0,-0.0049612223333333335,,99.6615333,0.0,0.00054842741,83.1603971,0.00177985901,219.151044,5.40976456,0.0,99.9999924,100.0,False
2026-07-18 07:30:00,0.0,98.6,95.09,90.0,157.5,157.5,,0.0,0.0,0.0,,0.0,0.0,0.0,0.0,0.0,0.0,6.19569,5.02,15.551181899999998,0.0,3.57,0.0,0.0,2.36,0.0,0.0,8.71,0.0,0.0,-1.32,0.0,0.0,8.37,0.0,0.0,-8.5,0.0,-0.004993694466666667,,99.6615333,0.0,0.000585455271,83.1605213,0.00190642084,219.1515,5.77501255,0.0,99.97007753333332,100.0,False
2026-07-18 08:00:00,0.0,93.66,95.1,92.17,134.9,134.9,,0.0,0.0,0.0,,0.0,0.0,0.0,0.0,0.0,0.0,6.06072,5.02,15.212407199999998,0.0,3.57,0.0,0.0,2.36,0.0,0.0,8.71,0.0,0.0,-1.32,0.0,0.0,8.37,0.0,0.0,-8.5,0.0,-0.004961722216666666,,99.6615333,0.0,0.000617195377,83.1606389,0.00203217237,219.151652,6.08810139,0.0,99.98289873333333,100.0,False
2026-07-18 08:30:00,0.0,93.66,92.0,92.0,95.47,95.47,,0.0,0.0,0.0,,0.0,0.0,0.0,0.0,0.0,0.0,5.84859,5.02,14.679960899999998,0.0,3.57,0.0,0.0,2.36,0.0,0.0,8.71,0.0,0.0,-1.32,0.0,0.0,8.37,0.0,0.0,-8.5,0.0,-0.004951111156666667,,99.6615333,0.0,0.00064801688,83.1607464,0.00215765496,219.152058,6.392129,0.0,99.9999924,100.0,False
2026-07-18 09:00:00,0.0,83.66,85.07,85.0,87.22,87.22,,0.0,0.0,0.0,,0.0,0.0,0.0,0.0,0.0,0.0,5.84894,5.02,14.680839399999998,0.0,3.57,0.0,0.0,2.36,0.0,0.0,8.71,0.0,0.0,-1.32,0.0,0.0,8.37,0.0,0.0,-8.5,0.0,-0.00495552778,,99.6615333,0.0,0.000676460517,83.1608639,0.00228324948,219.152261,6.67270101,0.0,99.9658038,100.0,False
2026-07-18 09:30:00,0.0,83.66,85.02,79.04,82.62,82.62,,0.0,0.0,0.0,,0.0,0.0,0.0,0.0,0.0,0.0,5.72921,5.02,14.3803171,0.0,3.57,0.0,0.0,2.36,0.0,0.0,8.71,0.0,0.0,-1.32,0.0,0.0,8.37,0.0,0.0,-8.5,0.0,-0.004981111046666667,,99.6615333,0.0,0.000707908605,83.1609765,0.00240949241,219.152513,6.98290934,0.0,99.9999924,100.0,False
2026-07-18 10:00:00,0.0,74.0,74.06,75.38,154.99,154.99,,0.0,0.0,0.0,,0.0,0.0,0.0,0.0,0.0,0.0,5.70428,5.02,14.317742799999998,0.0,3.57,0.0,0.0,2.36,0.0,0.0,8.71,0.0,0.0,-1.32,0.0,0.0,8.37,0.0,0.0,-8.5,0.0,-0.0050771389,,99.6615333,0.0,0.000743376613,83.161099,0.00253816908,219.152869,7.33277072,0.0,99.97007753333332,100.0,False
2026-07-18 10:30:00,0.0,74.0,71.8,73.19,153.99,153.99,,0.0,0.0,0.0,,0.0,0.0,0.0,0.0,0.0,0.0,5.57727,5.02,13.9989477,0.0,3.57,0.0,0.0,2.36,0.0,0.0,8.71,0.0,0.0,-1.32,0.0,0.0,8.37,0.0,0.0,-8.5,0.0,-0.005040166693333333,,99.6615333,0.0,0.000776705085,83.1612233,0.00266590872,219.153172,7.66152743,0.0,99.9999924,100.0,False
2026-07-18 11:00:00,0.0,67.0,57.05,63.17,95.09,95.09,,0.0,0.0,0.0,,0.0,0.0,0.0,0.0,0.0,0.0,5.45012,5.02,13.679801199999998,0.0,1.07,0.0,0.0,2.7,0.0,0.0,3.2,0.0,0.0,3.56,0.0,0.0,13.68,0.0,0.0,-3.6,0.0,-0.005022638796666667,,99.6615333,0.0,0.000816498044,83.1613425,0.00279320413,219.153477,8.05405073,0.0,99.9999924,100.0,False
2026-07-18 11:30:00,0.0,67.0,54.46,51.3,86.84,86.84,,0.0,0.0,0.0,,0.0,0.0,0.0,0.0,0.0,0.0,5.10075,5.02,12.802882499999997,0.0,1.07,0.0,0.0,2.7,0.0,0.0,3.2,0.0,0.0,3.56,0.0,0.0,13.68,0.0,0.0,-3.6,0.0,-0.0050233333066666665,,99.6615333,0.0,0.000852939979,83.1614485,0.00292051714,219.15373,8.41351907,0.0,99.9999924,100.0,False
2026-07-18 12:00:00,0.0,64.48,43.93,50.19,86.48,86.48,,0.0,0.0,0.0,,0.0,0.0,0.0,0.0,0.0,0.0,5.069529999999999,5.02,12.724520299999998,0.0,1.07,0.0,0.0,2.7,0.0,0.0,3.2,0.0,0.0,3.56,0.0,0.0,13.68,0.0,0.0,-3.6,0.0,-0.004998111086666667,,99.6615333,0.0,0.000891983546,83.161556,0.00304719092,219.154186,8.79865026,0.0,99.9999924,100.0,False
2026-07-18 12:30:00,0.0,64.48,43.91,49.81,74.97,74.97,,0.0,0.0,0.0,,0.0,0.0,0.0,0.0,0.0,0.0,3.98071,5.02,9.9915821,0.0,1.07,0.0,0.0,2.7,0.0,0.0,3.2,0.0,0.0,3.56,0.0,0.0,13.68,0.0,0.0,-3.6,0.0,-0.004905694406666667,,99.6615333,0.0,0.000925514366,83.1616453,0.00317152244,219.154237,9.12940295,0.0,99.9999924,100.0,False
2026-07-18 13:00:00,0.0,59.72,37.97,46.04,65.51,65.51,,0.0,0.0,0.0,,0.0,0.0,0.0,0.0,0.0,0.0,5.0819399999999995,5.02,12.755669399999997,0.0,1.07,0.0,0.0,2.7,0.0,0.0,3.2,0.0,0.0,3.56,0.0,0.0,13.68,0.0,0.0,-3.6,0.0,-0.00496483334,,99.6615333,0.0,0.000957473863,83.1617362,0.00329735282,219.154541,9.4446559,0.0,99.9999924,100.0,False
2026-07-18 13:30:00,0.0,59.72,37.18,44.03,107.41,107.41,,0.0,0.0,0.0,,0.0,0.0,0.0,0.0,0.0,0.0,4.82784,5.02,12.117878399999999,0.0,1.07,0.0,0.0,2.7,0.0,0.0,3.2,0.0,0.0,3.56,0.0,0.0,13.68,0.0,0.0,-3.6,0.0,-0.004959222233333334,,99.6615333,0.0,0.000994169885,83.161837,0.00342304098,219.154947,9.80663058,0.0,99.9999924,100.0,False
2026-07-18 14:00:00,0.0,51.45,32.42,36.6,114.59,114.59,,0.0,0.0,0.0,,0.0,0.0,0.0,0.0,0.0,0.0,4.91833,5.02,12.3450083,0.0,1.07,0.0,0.0,2.7,0.0,0.0,3.2,0.0,0.0,3.56,0.0,0.0,13.68,0.0,0.0,-3.6,0.0,-0.00494316665,,99.6615333,0.0,0.00103232024,83.1619346,0.00354832222,219.155099,10.182951,0.0,99.9999924,100.0,False
2026-07-18 14:30:00,0.0,51.45,29.7,30.73,126.14,126.14,,0.0,0.0,0.0,,0.0,0.0,0.0,0.0,0.0,0.0,3.19358,5.02,8.0158858,0.0,1.07,0.0,0.0,2.7,0.0,0.0,3.2,0.0,0.0,3.56,0.0,0.0,13.68,0.0,0.0,-3.6,0.0,-0.0049678610199999996,,99.6615333,0.0,0.00106681747,83.1620321,0.00367422933,219.155555,10.5232365,0.0,99.9999924,100.0,False
2026-07-18 15:00:00,0.0,57.0,41.3,51.0,57.15,57.15,,0.0,0.0,0.0,,0.0,0.0,0.0,0.0,0.0,0.0,4.721550000000001,5.02,11.8510905,0.0,1.33,0.0,0.0,5.26,0.0,0.0,5.43,0.0,0.0,7.36,0.0,0.0,7.35,0.0,0.0,3.97,0.0,-0.004935694536666667,,99.6615333,0.0,0.00109622208,83.162123,0.00379932119,219.155859,10.8132877,0.0,99.9999924,100.0,False
2026-07-18 15:30:00,0.0,57.0,41.9,50.0,5.82,5.82,,0.0,0.0,0.0,,0.0,0.0,0.0,0.0,0.0,0.0,4.4445500000000004,5.02,11.1558205,0.0,1.33,0.0,0.0,5.26,0.0,0.0,5.43,0.0,0.0,7.36,0.0,0.0,7.35,0.0,0.0,3.97,0.0,-0.004981138863333334,,99.6615333,0.0,0.00113396511,83.1622073,0.00392556481,219.156062,11.1855902,0.0,99.9999924,100.0,False
2026-07-18 16:00:00,0.0,68.65,39.56,43.19,85.0,85.0,,0.0,0.0,0.0,,0.0,0.0,0.0,0.0,0.0,0.0,4.96426,5.02,12.460292599999999,0.0,1.33,0.0,0.0,5.26,0.0,0.0,5.43,0.0,0.0,7.36,0.0,0.0,7.35,0.0,0.0,3.97,0.0,-0.004921611073333333,,99.6615333,0.0,0.00116747693,83.1623032,0.00405029975,219.156366,11.5161555,0.0,99.9999924,100.0,False
2026-07-18 16:30:00,0.0,68.65,58.07,67.6,124.57,124.57,,0.0,0.0,0.0,,0.0,0.0,0.0,0.0,0.0,0.0,4.982939999999999,5.02,12.507179399999997,0.0,1.33,0.0,0.0,5.26,0.0,0.0,5.43,0.0,0.0,7.36,0.0,0.0,7.35,0.0,0.0,3.97,0.0,-0.004965333226666667,,99.6615333,0.0,0.00120779901,83.1624074,0.00417614278,219.156721,11.9138981,0.0,99.9999924,100.0,False
2026-07-18 17:00:00,0.0,88.66,80.79,80.0,88.62,88.62,,0.0,0.0,0.0,,0.0,0.0,0.0,0.0,0.0,0.0,5.248600000000001,5.02,13.173986000000001,0.0,1.33,0.0,0.0,5.26,0.0,0.0,5.43,0.0,0.0,7.36,0.0,0.0,7.35,0.0,0.0,3.97,0.0,-0.004958666723333334,,99.6615333,0.0,0.00124954397,83.1625033,0.00430181686,219.156974,12.3256762,0.0,99.9999924,100.0,False
2026-07-18 17:30:00,0.0,88.66,88.15,89.63,71.63,71.63,,0.0,0.0,0.0,,0.0,0.0,0.0,0.0,0.0,0.0,5.01566,5.02,12.589306599999999,0.0,1.33,0.0,0.0,5.26,0.0,0.0,5.43,0.0,0.0,7.36,0.0,0.0,7.35,0.0,0.0,3.97,0.0,-0.00493780565,,99.6615333,0.0,0.00129548537,83.1626008,0.00442696223,219.157228,12.7788486,0.0,99.9999924,100.0,False
2026-07-18 18:00:00,0.0,107.7,107.72,108.01,60.0,60.0,,0.0,0.0,0.0,,0.0,0.0,0.0,0.0,0.0,0.0,5.52703,5.02,13.872845299999998,0.0,1.33,0.0,0.0,5.26,0.0,0.0,5.43,0.0,0.0,7.36,0.0,0.0,7.35,0.0,0.0,3.97,0.0,-0.00495208343,,99.6615333,0.0,0.00134024609,83.162715,0.00455246947,219.157633,13.2203746,0.0,99.9999924,100.0,False
2026-07-18 18:30:00,0.0,107.7,118.42,117.5,143.85,143.85,,0.0,0.0,0.0,,0.0,0.0,0.0,0.0,0.0,0.0,5.81592,5.02,14.5979592,0.0,1.33,0.0,0.0,5.26,0.0,0.0,5.43,0.0,0.0,7.36,0.0,0.0,7.35,0.0,0.0,3.97,0.0,-0.004933222133333333,,99.6615333,0.0,0.00137700807,83.1628375,0.00467749866,219.157785,13.5829999,0.0,99.9999924,100.0,False
2026-07-18 19:00:00,0.0,122.8,125.11,125.11,168.0,168.0,,0.0,0.0,0.0,,0.0,0.0,0.0,0.0,0.0,0.0,6.1126499999999995,5.02,15.342751499999997,0.0,4.77,0.0,0.0,1.2,0.0,0.0,12.58,0.0,0.0,0.0,0.0,0.0,17.44,0.0,0.0,-10.64,0.0,-0.0050060000433333335,,99.6615333,0.0,0.00141722716,83.1629483,0.00480437238,219.158141,13.9797266,0.0,99.9999924,100.0,False
2026-07-18 19:30:00,0.0,122.8,132.0,129.11,159.22,159.22,,0.0,0.0,0.0,,0.0,0.0,0.0,0.0,0.0,0.0,6.40187,5.02,16.068693699999997,0.0,4.77,0.0,0.0,1.2,0.0,0.0,12.58,0.0,0.0,0.0,0.0,0.0,17.44,0.0,0.0,-10.64,0.0,-0.00494919451,,99.6615333,0.0,0.001460009,83.1630641,0.00492980639,219.158393,14.4017327,0.0,99.9999924,100.0,False
2026-07-18 20:00:00,0.0,127.6,138.15,135.81,162.7,162.7,,0.0,0.0,0.0,,0.0,0.0,0.0,0.0,0.0,0.0,6.66997,5.02,16.7416247,0.0,4.77,0.0,0.0,1.2,0.0,0.0,12.58,0.0,0.0,0.0,0.0,0.0,17.44,0.0,0.0,-10.64,0.0,-0.00501680565,,99.6615333,0.0,0.00150090099,83.1631933,0.00505695395,219.158749,14.805097,0.0,99.9679413,100.0,False
2026-07-18 20:30:00,0.0,127.6,138.0,136.55,159.72,159.72,,0.0,0.0,0.0,,0.0,0.0,0.0,0.0,0.0,0.0,6.89521,5.02,17.306977099999997,0.0,4.77,0.0,0.0,1.2,0.0,0.0,12.58,0.0,0.0,0.0,0.0,0.0,17.44,0.0,0.0,-10.64,0.0,-0.00507444453,,99.6615333,0.0,0.00154714894,83.1633192,0.00518556235,219.158952,15.2612932,0.0,99.9999924,100.0,False
2026-07-18 21:00:00,0.0,131.51,138.14,133.96,168.0,168.0,,0.0,0.0,0.0,,0.0,0.0,0.0,0.0,0.0,0.0,6.98234,5.02,17.5256734,0.0,4.77,0.0,0.0,1.2,0.0,0.0,12.58,0.0,0.0,0.0,0.0,0.0,17.44,0.0,0.0,-10.64,0.0,-0.005007333280000001,,99.6615333,0.0,0.00159903015,83.1634617,0.00531246985,219.159204,15.7730567,0.0,99.97007753333332,100.0,False
2026-07-18 21:30:00,0.0,131.51,138.81,132.6,166.85,166.85,,0.0,0.0,0.0,,0.0,0.0,0.0,0.0,0.0,0.0,6.991359999999999,5.02,17.548313599999997,0.0,4.77,0.0,0.0,1.2,0.0,0.0,12.58,0.0,0.0,0.0,0.0,0.0,17.44,0.0,0.0,-10.64,0.0,-0.005062750023333333,,99.6615333,0.0,0.00164673466,83.1635976,0.00544078185,219.15956,16.2436207,0.0,99.98289873333333,100.0,False
2026-07-18 22:00:00,0.0,127.0,139.55,131.2,151.12,151.12,,0.0,0.0,0.0,,0.0,0.0,0.0,0.0,0.0,0.0,6.9860299999999995,5.02,17.534935299999997,0.0,4.77,0.0,0.0,1.2,0.0,0.0,12.58,0.0,0.0,0.0,0.0,0.0,17.44,0.0,0.0,-10.64,0.0,-0.00500719436,,99.6615333,0.0,0.00169438236,83.1637301,0.0055676858,219.159864,16.7136242,0.0,99.98503496666666,100.0,False
2026-07-18 22:30:00,0.0,127.0,136.9,131.91,109.01,109.01,,0.0,0.0,0.0,,0.0,0.0,0.0,0.0,0.0,0.0,6.98617,5.02,17.5352867,0.0,4.77,0.0,0.0,1.2,0.0,0.0,12.58,0.0,0.0,0.0,0.0,0.0,17.44,0.0,0.0,-10.64,0.0,-0.005043277743333334,,99.6615333,0.0,0.00174373153,83.1638643,0.0056955043,219.160117,17.2004113,0.0,99.9999924,100.0,False
2026-07-18 23:00:00,0.0,121.78,124.67,123.36,142.85,142.85,,0.0,0.0,0.0,,0.0,0.0,0.0,0.0,0.0,0.0,6.9859,5.02,17.534609,0.0,2.45,0.0,0.0,0.71,0.0,0.0,7.95,0.0,0.0,-0.75,0.0,0.0,20.48,0.0,0.0,-14.24,0.0,-0.00506197222,,99.6615333,0.0,0.00179492326,83.1640202,0.0058237966,219.160472,17.7053737,0.0,99.97007753333332,100.0,False
2026-07-18 23:30:00,0.0,121.78,121.3,121.72,159.95,159.95,,0.0,0.0,0.0,,0.0,0.0,0.0,0.0,0.0,0.0,6.98587,5.02,17.5345337,0.0,2.45,0.0,0.0,0.71,0.0,0.0,7.95,0.0,0.0,-0.75,0.0,0.0,20.48,0.0,0.0,-14.24,0.0,-0.005010111093333334,,99.6615333,0.0,0.00184761085,83.1641878,0.00595077455,219.160725,18.2250914,0.0,99.9999924,100.0,False
2026-07-19 00:00:00,0.0,117.65,116.36,111.0,129.69,129.69,,0.0,0.0,0.0,,0.0,0.0,0.0,0.0,0.0,0.0,6.986560000000001,5.02,17.5362656,0.0,2.45,0.0,0.0,0.71,0.0,0.0,7.95,0.0,0.0,-0.75,0.0,0.0,20.48,0.0,0.0,-14.24,0.0,-0.005018499926666667,,99.6615333,0.0,0.00189692559,83.1643604,0.00607796505,219.160978,18.7115389,0.0,99.9679413,100.0,False
2026-07-19 00:30:00,0.0,117.65,114.52,107.0,122.26,122.26,,0.0,0.0,0.0,,0.0,0.0,0.0,0.0,0.0,0.0,6.98619,5.02,17.535336899999997,0.0,2.45,0.0,0.0,0.71,0.0,0.0,7.95,0.0,0.0,-0.75,0.0,0.0,20.48,0.0,0.0,-14.24,0.0,-0.004989611146666666,,99.6615333,0.0,5.32172794e-05,83.1645313,0.000126458346,219.161384,0.524942676,0.0,99.9999924,100.0,False
2026-07-19 01:00:00,0.0,112.47,105.85,102.9,147.98,147.98,,0.0,0.0,0.0,,0.0,0.0,0.0,0.0,0.0,0.0,6.9858400000000005,5.02,17.5344584,0.0,2.45,0.0,0.0,0.71,0.0,0.0,7.95,0.0,0.0,-0.75,0.0,0.0,20.48,0.0,0.0,-14.24,0.0,-0.00499425006,,99.6615333,0.0,0.000103948754,83.1646922,0.000253034262,219.161587,1.02536503,0.0,99.9999924,100.0,False
2026-07-19 01:30:00,0.0,112.47,104.67,100.5,114.2,114.2,,0.0,0.0,0.0,,0.0,0.0,0.0,0.0,0.0,0.0,6.98597,5.02,17.5347847,0.0,2.45,0.0,0.0,0.71,0.0,0.0,7.95,0.0,0.0,-0.75,0.0,0.0,20.48,0.0,0.0,-14.24,0.0,-0.004954277753333333,,99.6615333,0.0,0.000160827803,83.164848,0.000378597107,219.16184,1.58642791,0.0,99.9999924,100.0,False
2026-07-19 02:00:00,0.0,109.46,103.1,102.09,110.37,110.37,,0.0,0.0,0.0,,0.0,0.0,0.0,0.0,0.0,0.0,6.9859,5.02,17.534609,0.0,2.45,0.0,0.0,0.71,0.0,0.0,7.95,0.0,0.0,-0.75,0.0,0.0,20.48,0.0,0.0,-14.24,0.0,-0.0049572777733333335,,99.6615333,0.0,0.000214123455,83.1649823,0.000504235985,219.162145,2.11214366,0.0,99.98503496666666,100.0,False
2026-07-19 02:30:00,0.0,109.46,103.0,102.0,106.34,106.34,,0.0,0.0,0.0,,0.0,0.0,0.0,0.0,0.0,0.0,6.986,5.02,17.53486,0.0,2.45,0.0,0.0,0.71,0.0,0.0,7.95,0.0,0.0,-0.75,0.0,0.0,20.48,0.0,0.0,-14.24,0.0,-0.004963944356666666,,99.6615333,0.0,0.000265966602,83.1651331,0.00063004382,219.162499,2.6235317,0.0,99.98289873333333,100.0,False
2026-07-19 03:00:00,0.0,102.43,98.0,98.3,90.87,90.87,,0.0,0.0,0.0,,0.0,0.0,0.0,0.0,0.0,0.0,6.987439999999999,5.02,17.5384744,0.0,3.25,0.0,0.0,0.1,0.0,0.0,6.62,0.0,0.0,-2.66,0.0,0.0,6.07,0.0,0.0,-3.32,0.0,-0.00509158333,,99.6615333,0.0,0.000314853705,83.1652907,0.000759086585,219.162753,3.10576092,0.0,99.97007753333332,100.0,False
2026-07-19 03:30:00,0.0,102.43,96.02,94.0,80.43,80.43,,0.0,0.0,0.0,,0.0,0.0,0.0,0.0,0.0,0.0,6.99221,5.02,17.5504471,0.0,3.25,0.0,0.0,0.1,0.0,0.0,6.62,0.0,0.0,-2.66,0.0,0.0,6.07,0.0,0.0,-3.32,0.0,-0.005011833350000001,,99.6615333,0.0,0.000369734747,83.1654349,0.00088610814,219.163057,3.64711518,0.0,99.9658038,100.0,False
2026-07-19 04:00:00,0.0,99.7,94.0,90.0,50.01,50.01,,0.0,0.0,0.0,,0.0,0.0,0.0,0.0,0.0,0.0,6.99341,5.02,17.553459099999998,0.0,3.25,0.0,0.0,0.1,0.0,0.0,6.62,0.0,0.0,-2.66,0.0,0.0,6.07,0.0,0.0,-3.32,0.0,-0.00501050003,,99.6615333,0.0,0.00042480903,83.1655741,0.0010130959,219.163412,4.1903756,0.0,99.9999924,100.0,False
2026-07-19 04:30:00,0.0,99.7,89.62,89.38,49.96,49.96,,0.0,0.0,0.0,,0.0,0.0,0.0,0.0,0.0,0.0,6.990489999999999,5.02,17.546129899999997,0.0,3.25,0.0,0.0,0.1,0.0,0.0,6.62,0.0,0.0,-2.66,0.0,0.0,6.07,0.0,0.0,-3.32,0.0,-0.0050162777933333335,,99.6615333,0.0,0.000475364538,83.16574,0.00114023009,219.163614,4.68906219,0.0,99.9658038,100.0,False
2026-07-19 05:00:00,0.0,90.35,84.78,82.0,70.0,70.0,,0.0,0.0,0.0,,0.0,0.0,0.0,0.0,0.0,0.0,6.90601,5.02,17.3340851,0.0,3.25,0.0,0.0,0.1,0.0,0.0,6.62,0.0,0.0,-2.66,0.0,0.0,6.07,0.0,0.0,-3.32,0.0,-0.005014249960000001,,99.6615333,0.0,0.000528346125,83.1658825,0.00126731289,219.16397,5.21167996,0.0,99.9999924,100.0,False
2026-07-19 05:30:00,0.0,90.35,81.81,76.0,50.0,50.0,,0.0,0.0,0.0,,0.0,0.0,0.0,0.0,0.0,0.0,6.7025,5.02,16.823275,0.0,3.25,0.0,0.0,0.1,0.0,0.0,6.62,0.0,0.0,-2.66,0.0,0.0,6.07,0.0,0.0,-3.32,0.0,-0.004993333343333333,,99.6615333,0.0,0.000583045011,83.1660284,0.00139386558,219.164223,5.75123741,0.0,99.96580506666668,100.0,False
2026-07-19 06:00:00,0.0,78.96,71.44,68.1,77.01,77.01,,0.0,0.0,0.0,,0.0,0.0,0.0,0.0,0.0,0.0,6.5453,5.02,16.428703,0.0,3.25,0.0,0.0,0.1,0.0,0.0,6.62,0.0,0.0,-2.66,0.0,0.0,6.07,0.0,0.0,-3.32,0.0,-0.0049821666033333335,,99.6615333,0.0,0.000637240503,83.1661692,0.00152013525,219.164476,6.28582931,0.0,99.9999924,100.0,False
2026-07-19 06:30:00,0.0,78.96,72.01,67.69,77.01,77.01,,0.0,0.0,0.0,,0.0,0.0,0.0,0.0,0.0,0.0,6.25354,5.02,15.696385399999999,0.0,3.25,0.0,0.0,0.1,0.0,0.0,6.62,0.0,0.0,-2.66,0.0,0.0,6.07,0.0,0.0,-3.32,0.0,-0.005060333333333333,,99.6615333,0.0,0.000688679291,83.1663184,0.001648386,219.164882,6.7932287,0.0,99.9679413,100.0,False
2026-07-19 07:00:00,0.0,72.33,61.34,58.01,43.78,43.78,,0.0,0.0,0.0,,0.0,0.0,0.0,0.0,0.0,0.0,5.64,5.02,14.156399999999998,0.0,1.53,0.0,0.0,1.52,0.0,0.0,4.88,0.0,0.0,0.84,0.0,0.0,2.98,0.0,0.0,-3.04,0.0,-0.004880444446666667,,99.6615333,0.0,0.000740223849,83.1664759,0.00177207759,219.165084,7.30167142,0.0,99.9999924,100.0,False
2026-07-19 07:30:00,0.0,72.33,61.8,68.8,34.28,34.28,,0.0,0.0,0.0,,0.0,0.0,0.0,0.0,0.0,0.0,4.91071,5.02,12.3258821,0.0,1.53,0.0,0.0,1.52,0.0,0.0,4.88,0.0,0.0,0.84,0.0,0.0,2.98,0.0,0.0,-3.04,0.0,-0.004936638986666667,,99.6615333,0.0,0.000779544675,83.1666268,0.0018971934,219.165389,7.68953754,0.0,99.9658038,100.0,False
2026-07-19 08:00:00,0.0,59.14,57.7,64.42,18.29,18.29,,0.0,0.0,0.0,,0.0,0.0,0.0,0.0,0.0,0.0,3.96575,5.02,9.954032499999999,0.0,1.53,0.0,0.0,1.52,0.0,0.0,4.88,0.0,0.0,0.84,0.0,0.0,2.98,0.0,0.0,-3.04,0.0,-0.004883861066666666,,99.6615333,0.0,0.000823172744,83.1667543,0.00202097158,219.165692,8.1198909,0.0,99.9999924,100.0,False
2026-07-19 08:30:00,0.0,59.14,56.2,64.2,9.67,9.67,,0.0,0.0,0.0,,0.0,0.0,0.0,0.0,0.0,0.0,3.0645700000000002,5.02,7.6920707,0.0,1.53,0.0,0.0,1.52,0.0,0.0,4.88,0.0,0.0,0.84,0.0,0.0,2.98,0.0,0.0,-3.04,0.0,-0.004851250016666667,,99.6615333,0.0,0.000865279758,83.1668734,0.00214392325,219.165997,8.53524037,0.0,99.9658038,100.0,False
2026-07-19 09:00:00,-0.267,55.0,57.23,60.8,8.42,8.42,,-2.2481400000000002,0.0,0.0,,0.0,0.0,0.0,0.0,0.0,0.0,2.52406,5.02,6.335390599999999,0.0,1.53,0.0,0.0,1.52,0.0,0.0,4.88,0.0,0.0,0.84,0.0,0.0,2.98,0.0,0.0,-3.04,0.0,-0.0049400555266666665,,99.6615333,0.0,0.000903054066,83.1669859,0.00226912564,219.1662,8.90785142,0.0,99.9999924,100.0,False
2026-07-19 09:30:00,-0.057,55.0,54.5,62.5,4.0,4.0,,0.0,-0.228,0.0,,0.0,0.0,0.0,0.0,0.0,0.0,3.58304,5.02,8.9934304,0.0,1.53,0.0,0.0,1.52,0.0,0.0,4.88,0.0,0.0,0.84,0.0,0.0,2.98,0.0,0.0,-3.04,0.0,-0.5121791443433333,,99.6615333,0.0256876158,0.000918665472,83.1601814,0.0152499624,219.179378,9.06184451,253.38623,99.9999924,100.0,False
2026-07-19 10:00:00,0.0,55.5,60.77,60.5,-11.66,-11.66,,0.0,0.0,0.0,,0.0,0.0,0.0,0.0,0.0,0.0,6.97582,5.02,17.509308199999996,0.0,1.53,0.0,0.0,1.52,0.0,0.0,4.88,0.0,0.0,0.84,0.0,0.0,2.98,0.0,0.0,-3.04,0.0,-0.11327666739999999,,99.6615333,0.0311353385,0.000918665472,83.1569515,0.0181208834,219.18247,9.06184451,307.123327,99.9999924,100.0,False
2026-07-19 10:30:00,0.0,55.5,60.66,61.73,-11.66,-11.66,,0.0,0.0,0.0,,0.0,0.0,0.0,0.0,0.0,0.0,6.97592,5.02,17.509559199999998,0.0,1.53,0.0,0.0,1.52,0.0,0.0,4.88,0.0,0.0,0.84,0.0,0.0,2.98,0.0,0.0,-3.04,0.0,-0.00490291667,,99.6615333,0.0311353385,0.000965380476,83.1570706,0.0182451446,219.182673,9.52264783,307.123327,99.97007753333332,100.0,False
2026-07-19 11:00:00,0.0,50.0,57.8,56.0,-5.23,-5.23,,0.0,0.0,0.0,,0.0,0.0,0.0,0.0,0.0,0.0,6.97559,5.02,17.5087309,0.0,1.87,0.0,0.0,2.89,0.0,0.0,1.44,0.0,0.0,3.64,0.0,0.0,4.76,0.0,0.0,-0.26,0.0,-0.004928666666666667,,99.6615333,0.0311353385,0.00101389408,83.1572481,0.0183700583,219.183028,10.0011928,307.123327,99.9999924,100.0,False
2026-07-19 11:30:00,0.0,50.0,59.54,54.3,-3.61,-3.61,,0.0,0.0,0.0,,0.0,0.0,0.0,0.0,0.0,0.0,6.84166,5.02,17.1725666,0.0,1.87,0.0,0.0,2.89,0.0,0.0,1.44,0.0,0.0,3.64,0.0,0.0,4.76,0.0,0.0,-0.26,0.0,-0.00498769442,,99.6615333,0.0311353385,0.00106927705,83.1574389,0.0184964682,219.183333,10.5474981,307.123327,99.9999924,100.0,False
2026-07-19 12:00:00,0.0,48.0,61.08,58.8,-5.0,-5.0,,0.0,0.0,0.0,,0.0,0.0,0.0,0.0,0.0,0.0,3.37823,5.02,8.479357299999998,0.0,1.87,0.0,0.0,2.89,0.0,0.0,1.44,0.0,0.0,3.64,0.0,0.0,4.76,0.0,0.0,-0.26,0.0,-0.004970972296666667,,99.6615333,0.0311353385,0.00111623441,83.1576363,0.0186224541,219.183687,11.0106921,307.123327,99.9679413,100.0,False
2026-07-19 12:30:00,0.0,48.0,62.2,62.2,-2.54,-2.54,,0.0,0.0,0.0,,0.0,0.0,0.0,0.0,0.0,0.0,3.56562,5.02,8.9497062,0.0,1.87,0.0,0.0,2.89,0.0,0.0,1.44,0.0,0.0,3.64,0.0,0.0,4.76,0.0,0.0,-0.26,0.0,-0.004891138953333333,,99.6615333,0.0311353385,0.00114520703,83.1577905,0.0187464167,219.183941,11.2964821,307.123327,99.98503496666666,100.0,False
2026-07-19 13:00:00,-0.033,42.0,65.2,61.53,14.18,14.18,,0.0,-0.46794,0.0,,0.0,0.0,0.0,0.0,0.0,0.0,3.73552,5.02,9.3761552,0.0,1.87,0.0,0.0,2.89,0.0,0.0,1.44,0.0,0.0,3.64,0.0,0.0,4.76,0.0,0.0,-0.26,0.0,-0.00482861113,,99.6615333,0.0311353385,0.00117615233,83.1579329,0.0188687946,219.184194,11.6017308,307.123327,99.9999924,100.0,False
2026-07-19 13:30:00,-0.224,42.0,59.97,56.1,-3.68,-3.68,,0.82432,0.0,0.0,,0.0,0.0,0.0,0.0,0.0,0.0,2.73814,5.02,6.872731399999999,0.0,1.87,0.0,0.0,2.89,0.0,0.0,1.44,0.0,0.0,3.64,0.0,0.0,4.76,0.0,0.0,-0.26,0.0,-0.07134069310666667,,99.6615333,0.034521165,0.00119851828,83.1579656,0.0206768766,219.186273,11.8223517,340.521592,99.9999924,100.0,False
2026-07-19 14:00:00,-0.105,42.8,63.15,59.8,-3.3,-3.3,,0.3465,0.0,0.0,,0.0,0.0,0.0,0.0,0.0,0.0,4.0966499999999995,5.02,10.282591499999997,0.0,1.87,0.0,0.0,2.89,0.0,0.0,1.44,0.0,0.0,3.64,0.0,0.0,4.76,0.0,0.0,-0.26,0.0,-0.43016927866666665,,99.6615333,0.0560503345,0.00119851828,83.1508632,0.0315792283,219.197221,11.8223517,552.888327,99.9999924,100.0,False
2026-07-19 14:30:00,0.0,42.8,63.21,58.21,-5.0,-5.0,,0.0,0.0,0.0,,0.0,0.0,0.0,0.0,0.0,0.0,3.71506,5.02,9.324800599999998,0.0,1.87,0.0,0.0,2.89,0.0,0.0,1.44,0.0,0.0,3.64,0.0,0.0,4.76,0.0,0.0,-0.26,0.0,-0.20213413977999997,,99.6615333,0.0659913487,0.00121287624,83.1467436,0.0367021825,219.202543,11.9639806,650.947879,99.9999924,100.0,False
2026-07-19 15:00:00,-0.045,43.0,63.99,60.21,-5.79,-5.79,,0.0,0.26055,0.0,,0.0,0.0,0.0,0.0,0.0,0.0,3.88852,5.02,9.7601852,0.0,1.45,0.0,0.0,6.25,0.0,0.0,7.88,0.0,0.0,4.5,0.0,0.0,15.15,0.0,0.0,7.59,0.0,-0.0049202500166666665,,99.6615333,0.0659913487,0.00125255357,83.1468712,0.0368268828,219.202797,12.3553633,650.947879,99.9999924,100.0,False
2026-07-19 15:30:00,0.0,43.0,63.09,63.1,-10.87,-10.87,,0.0,0.0,0.0,,0.0,0.0,0.0,0.0,0.0,0.0,4.0768,5.02,10.232768,0.0,1.45,0.0,0.0,6.25,0.0,0.0,7.88,0.0,0.0,4.5,0.0,0.0,15.15,0.0,0.0,7.59,0.0,-0.09219358482666666,,99.6615333,0.0703872021,0.001269806,83.1455904,0.0391634675,219.205331,12.5255437,694.309191,99.9999924,100.0,False
2026-07-19 16:00:00,-0.051,62.0,68.5,70.5,-3.99,-3.99,,0.0,0.20349,0.0,,0.0,0.0,0.0,0.0,0.0,0.0,3.9692,5.02,9.962691999999999,0.0,1.45,0.0,0.0,6.25,0.0,0.0,7.88,0.0,0.0,4.5,0.0,0.0,15.15,0.0,0.0,7.59,0.0,-0.004931944453333333,,99.6615333,0.0703872021,0.00131185155,83.1457113,0.0392884643,219.205686,12.9402869,694.309191,99.9999924,100.0,False
2026-07-19 16:30:00,-0.06,62.0,80.0,80.0,-0.82,-0.82,,0.0,0.049199999999999994,0.0,,0.0,0.0,0.0,0.0,0.0,0.0,3.90616,5.02,9.804461599999998,0.0,1.45,0.0,0.0,6.25,0.0,0.0,7.88,0.0,0.0,4.5,0.0,0.0,15.15,0.0,0.0,7.59,0.0,-0.10272777898,,99.6615333,0.0753548642,0.0013236735,83.1444471,0.0418920308,219.208322,13.0569003,743.310904,99.9999924,100.0,False
2026-07-19 17:00:00,-0.093,103.1,107.5,107.5,169.0,169.0,,0.0,-15.717,0.0,,0.0,0.0,0.0,0.0,0.0,0.0,4.1020900000000005,5.02,10.2962459,0.0,1.45,0.0,0.0,6.25,0.0,0.0,7.88,0.0,0.0,4.5,0.0,0.0,15.15,0.0,0.0,7.59,0.0,-0.12058403061,,99.6615333,0.0811945753,0.00133497886,83.1430465,0.0449481521,219.211616,13.1684179,800.91463,99.9999924,100.0,False
2026-07-19 17:30:00,0.0,103.1,111.0,105.4,169.0,169.0,,0.0,0.0,0.0,,0.0,0.0,0.0,0.0,0.0,0.0,4.23627,5.02,10.6330377,0.0,1.45,0.0,0.0,6.25,0.0,0.0,7.88,0.0,0.0,4.5,0.0,0.0,15.15,0.0,0.0,7.59,0.0,-0.18388541488333332,,99.6615333,0.0902256994,0.00136898909,83.139532,0.0496086046,219.216483,13.5038996,889.998899,99.9999924,100.0,False
2026-07-19 18:00:00,0.0,130.01,122.01,123.0,172.0,172.0,,0.0,0.0,0.0,,0.0,0.0,0.0,0.0,0.0,0.0,4.34005,5.02,10.893525499999999,0.0,1.45,0.0,0.0,6.25,0.0,0.0,7.88,0.0,0.0,4.5,0.0,0.0,15.15,0.0,0.0,7.59,0.0,-0.005016083316666667,,99.6615333,0.0902256994,0.00141703612,83.1396844,0.0497357338,219.216787,13.9778422,889.998899,99.9999924,100.0,False
2026-07-19 18:30:00,0.0,130.01,124.35,125.0,172.0,172.0,,0.0,0.0,0.0,,0.0,0.0,0.0,0.0,0.0,0.0,5.300649999999999,5.02,13.304631499999998,0.0,1.45,0.0,0.0,6.25,0.0,0.0,7.88,0.0,0.0,4.5,0.0,0.0,15.15,0.0,0.0,7.59,0.0,-0.004951499936666667,,99.6615333,0.0902256994,0.00146238446,83.1398402,0.0498612264,219.216939,14.4251645,889.998899,99.9999924,100.0,False
2026-07-19 19:00:00,0.0,134.86,135.41,136.06,180.0,180.0,,0.0,0.0,0.0,,0.0,0.0,0.0,0.0,0.0,0.0,6.05307,5.02,15.193205699999998,0.0,3.73,0.0,0.0,0.6,0.0,0.0,6.99,0.0,0.0,-1.3,0.0,0.0,15.15,0.0,0.0,-15.06,0.0,-0.004921972113333333,,99.6615333,0.0902256994,0.00150532194,83.1399977,0.0499859704,219.217294,14.8487058,889.998899,99.9999924,100.0,False
2026-07-19 19:30:00,0.0,134.86,138.38,137.18,180.0,180.0,,0.0,0.0,0.0,,0.0,0.0,0.0,0.0,0.0,0.0,6.48491,5.02,16.277124099999998,0.0,3.73,0.0,0.0,0.6,0.0,0.0,6.99,0.0,0.0,-1.3,0.0,0.0,15.15,0.0,0.0,-15.06,0.0,-0.00497658324,,99.6615333,0.0902256994,0.00154712618,83.1401385,0.0501120985,219.217547,15.2610687,889.998899,99.9999924,100.0,False
2026-07-19 20:00:00,0.0,141.18,139.24,138.54,180.0,180.0,,0.0,0.0,0.0,,0.0,0.0,0.0,0.0,0.0,0.0,6.70137,5.02,16.820438699999997,0.0,3.73,0.0,0.0,0.6,0.0,0.0,6.99,0.0,0.0,-1.3,0.0,0.0,15.15,0.0,0.0,-15.06,0.0,-0.005028416713333333,,99.6615333,0.0902256994,0.00158691076,83.1402994,0.0502395405,219.217851,15.6535093,889.998899,99.97007753333332,100.0,False
2026-07-19 20:30:00,0.0,141.18,140.02,137.53,175.0,175.0,,0.0,0.0,0.0,,0.0,0.0,0.0,0.0,0.0,0.0,6.8951,5.02,17.306701,0.0,3.73,0.0,0.0,0.6,0.0,0.0,6.99,0.0,0.0,-1.3,0.0,0.0,15.15,0.0,0.0,-15.06,0.0,-0.004947138946666666,,99.6615333,0.0902256994,0.00163581081,83.1405035,0.0503649225,219.218156,16.1358663,889.998899,99.98503496666666,100.0,False
2026-07-19 21:00:00,0.0,144.41,141.63,138.0,175.0,175.0,,0.0,0.0,0.0,,0.0,0.0,0.0,0.0,0.0,0.0,6.98675,5.02,17.5367425,0.0,3.73,0.0,0.0,0.6,0.0,0.0,6.99,0.0,0.0,-1.3,0.0,0.0,15.15,0.0,0.0,-15.06,0.0,-0.005006500003333333,,99.6615333,0.0902256994,0.00167985621,83.1407243,0.0504918085,219.218358,16.5703362,889.998899,99.97007753333332,100.0,False
2026-07-19 21:30:00,0.0,144.41,141.1,137.05,111.79,111.79,,0.0,0.0,0.0,,0.0,0.0,0.0,0.0,0.0,0.0,6.99084,5.02,17.5470084,0.0,3.73,0.0,0.0,0.6,0.0,0.0,6.99,0.0,0.0,-1.3,0.0,0.0,15.15,0.0,0.0,-15.06,0.0,-0.00504152775,,99.6615333,0.0902256994,0.00172715524,83.1409467,0.050619583,219.218662,17.0369005,889.998899,99.9999924,100.0,False
2026-07-19 22:00:00,0.0,141.0,139.01,140.35,146.82,146.82,,0.0,0.0,0.0,,0.0,0.0,0.0,0.0,0.0,0.0,6.9861,5.02,17.535111,0.0,3.73,0.0,0.0,0.6,0.0,0.0,6.99,0.0,0.0,-1.3,0.0,0.0,15.15,0.0,0.0,-15.06,0.0,-0.00503163886,,99.6615333,0.0902256994,0.00176832651,83.1411476,0.0507471065,219.218966,17.4430196,889.998899,99.9658038,100.0,False
2026-07-19 22:30:00,0.0,141.0,138.01,135.0,113.09,113.09,,0.0,0.0,0.0,,0.0,0.0,0.0,0.0,0.0,0.0,6.98599,5.02,17.5348349,0.0,3.73,0.0,0.0,0.6,0.0,0.0,6.99,0.0,0.0,-1.3,0.0,0.0,15.15,0.0,0.0,-15.06,0.0,-0.005005305533333333,,99.6615333,0.0902256994,0.00180675563,83.1413517,0.0508739625,219.21927,17.8220898,889.998899,99.9999924,100.0,False
2026-07-19 23:00:00,0.0,121.5,149.4,145.93,165.0,165.0,,0.0,0.0,0.0,,0.0,0.0,0.0,0.0,0.0,0.0,6.98569,5.02,17.534081899999997,0.0,1.22,0.0,0.0,0.34,0.0,0.0,6.61,0.0,0.0,-2.74,0.0,0.0,20.45,0.0,0.0,-15.04,0.0,-0.00493777776,,99.6615333,0.0902256994,0.00184748439,83.1415708,0.050999107,219.219574,18.223844,889.998899,99.9658038,100.0,False
2026-07-19 23:30:00,0.0,121.5,144.91,135.79,165.0,165.0,,0.0,0.0,0.0,,0.0,0.0,0.0,0.0,0.0,0.0,6.9862,5.02,17.535362,0.0,1.22,0.0,0.0,0.34,0.0,0.0,6.61,0.0,0.0,-2.74,0.0,0.0,20.45,0.0,0.0,-15.04,0.0,-0.004974999906666667,,99.6615333,0.0902256994,0.00188602262,83.1417815,0.051125195,219.21993,18.6039905,889.998899,99.9999924,100.0,False
2026-07-20 00:00:00,0.0,123.25,126.7,127.63,113.1,113.1,,0.0,0.0,0.0,,0.0,0.0,0.0,0.0,0.0,0.0,6.9860500000000005,5.02,17.5349855,0.0,1.22,0.0,0.0,0.34,0.0,0.0,6.61,0.0,0.0,-2.74,0.0,0.0,20.45,0.0,0.0,-15.04,0.0,-0.0049997777933333334,,99.6615333,0.0902256994,0.00191749252,83.1419907,0.0512519115,219.220132,18.914414,889.998899,99.9658038,100.0,False
2026-07-20 00:30:00,0.0,123.25,127.8,127.4,105.0,105.0,,0.0,0.0,0.0,,0.0,0.0,0.0,0.0,0.0,0.0,6.98778,5.02,17.5393278,0.0,1.22,0.0,0.0,0.34,0.0,0.0,6.61,0.0,0.0,-2.74,0.0,0.0,20.45,0.0,0.0,-15.04,0.0,-0.0050159722200000005,,99.6615333,0.0,3.14299179e-05,83.1421998,0.00012712645,219.220386,0.310029099,0.0,99.9999924,100.0,False
2026-07-20 01:00:00,0.0,115.1,121.7,123.5,99.89,99.89,,0.0,0.0,0.0,,0.0,0.0,0.0,0.0,0.0,0.0,6.98875,5.02,17.541762499999997,0.0,1.22,0.0,0.0,0.34,0.0,0.0,6.61,0.0,0.0,-2.74,0.0,0.0,20.45,0.0,0.0,-15.04,0.0,-0.005034722246666667,,99.6615333,0.0,6.13595812e-05,83.1423723,0.000254728107,219.220792,0.605259478,0.0,99.98503496666666,100.0,False
2026-07-20 01:30:00,0.0,115.1,117.2,121.77,89.02,89.02,,0.0,0.0,0.0,,0.0,0.0,0.0,0.0,0.0,0.0,6.98625,5.02,17.5354875,0.0,1.22,0.0,0.0,0.34,0.0,0.0,6.61,0.0,0.0,-2.74,0.0,0.0,20.45,0.0,0.0,-15.04,0.0,-0.005019111083333333,,99.6615333,0.0,9.57813956e-05,83.1425582,0.000381934109,219.220994,0.944801062,0.0,99.98503496666666,100.0,False
2026-07-20 02:00:00,0.0,112.0,115.96,117.9,87.49,87.49,,0.0,0.0,0.0,,0.0,0.0,0.0,0.0,0.0,0.0,6.99068,5.02,17.5466068,0.0,1.22,0.0,0.0,0.34,0.0,0.0,6.61,0.0,0.0,-2.74,0.0,0.0,20.45,0.0,0.0,-15.04,0.0,-0.005004027843333332,,99.6615333,0.0,0.000122833462,83.1427524,0.000508757835,219.221349,1.21164642,0.0,99.9679413,100.0,False
2026-07-20 02:30:00,0.0,112.0,114.65,117.35,88.25,88.25,,0.0,0.0,0.0,,0.0,0.0,0.0,0.0,0.0,0.0,6.9994,5.02,17.568493999999998,0.0,1.22,0.0,0.0,0.34,0.0,0.0,6.61,0.0,0.0,-2.74,0.0,0.0,20.45,0.0,0.0,-15.04,0.0,-0.005012194393333333,,99.6615333,0.0,0.000149556073,83.1429332,0.00063578854,219.221653,1.47524199,0.0,99.9999924,100.0,False
2026-07-20 03:00:00,0.0,109.87,116.32,117.12,90.45,90.45,,0.0,0.0,0.0,,0.0,0.0,0.0,0.0,0.0,0.0,7.0090200000000005,5.02,17.592640199999998,0.0,1.32,0.0,0.0,1.45,0.0,0.0,6.94,0.0,0.0,-1.63,0.0,0.0,0.82,0.0,0.0,-13.39,0.0,-0.00502713887,,99.6615333,0.0,0.000177208497,83.1431191,0.000763198,219.221906,1.74800936,0.0,99.9999924,100.0,False
2026-07-20 03:30:00,0.0,109.87,115.21,115.2,95.03,95.03,,0.0,0.0,0.0,,0.0,0.0,0.0,0.0,0.0,0.0,7.0123,5.02,17.600872999999996,0.0,1.32,0.0,0.0,1.45,0.0,0.0,6.94,0.0,0.0,-1.63,0.0,0.0,0.82,0.0,0.0,-13.39,0.0,-0.004971833306666667,,99.6615333,0.0,0.000194220902,83.1433116,0.00088920578,219.222211,1.9158221,0.0,99.97007753333332,100.0,False
2026-07-20 04:00:00,0.0,111.7,117.34,120.9,99.94,99.94,,0.0,0.0,0.0,,0.0,0.0,0.0,0.0,0.0,0.0,7.01213,5.02,17.600446299999998,0.0,1.32,0.0,0.0,1.45,0.0,0.0,6.94,0.0,0.0,-1.63,0.0,0.0,0.82,0.0,0.0,-13.39,0.0,-0.004985583303333333,,99.6615333,0.0,0.000212714209,83.1434742,0.00101556204,219.222566,2.09824266,0.0,99.9999924,100.0,False
2026-07-20 04:30:00,0.0,111.7,117.34,116.75,164.0,164.0,,0.0,0.0,0.0,,0.0,0.0,0.0,0.0,0.0,0.0,7.014279999999999,5.02,17.605842799999998,0.0,1.32,0.0,0.0,1.45,0.0,0.0,6.94,0.0,0.0,-1.63,0.0,0.0,0.82,0.0,0.0,-13.39,0.0,-0.005001027743333333,,99.6615333,0.0,0.000225690159,83.1436534,0.00114230974,219.222819,2.22623925,0.0,99.9999924,100.0,False
2026-07-20 05:00:00,0.0,121.3,121.67,121.49,100.65,100.65,,0.0,0.0,0.0,,0.0,0.0,0.0,0.0,0.0,0.0,6.94867,5.02,17.4411617,0.0,1.32,0.0,0.0,1.45,0.0,0.0,6.94,0.0,0.0,-1.63,0.0,0.0,0.82,0.0,0.0,-13.39,0.0,-0.00498324998,,99.6615333,0.0,0.000247270734,83.1438342,0.00126860686,219.223174,2.43911305,0.0,99.9999924,100.0,False
2026-07-20 05:30:00,0.0,121.3,120.73,119.97,106.52,106.52,,0.0,0.0,0.0,,0.0,0.0,0.0,0.0,0.0,0.0,6.68984,5.02,16.7914984,0.0,1.32,0.0,0.0,1.45,0.0,0.0,6.94,0.0,0.0,-1.63,0.0,0.0,0.82,0.0,0.0,-13.39,0.0,-0.004962388833333334,,99.6615333,0.0,0.00026083085,83.1440184,0.00139437527,219.223427,2.57287193,0.0,99.9679413,100.0,False
2026-07-20 06:00:00,0.0,129.7,131.9,128.16,103.82,103.82,,0.0,0.0,0.0,,0.0,0.0,0.0,0.0,0.0,0.0,6.2778599999999996,5.02,15.757428599999997,0.0,1.32,0.0,0.0,1.45,0.0,0.0,6.94,0.0,0.0,-1.63,0.0,0.0,0.82,0.0,0.0,-13.39,0.0,-0.005000694513333333,,99.6615333,0.0,0.000275643429,83.1442008,0.00152111452,219.223681,2.71898528,0.0,99.9999924,100.0,False
2026-07-20 06:30:00,0.0,129.7,136.6,134.38,102.77,102.77,,0.0,0.0,0.0,,0.0,0.0,0.0,0.0,0.0,0.0,5.869020000000001,5.02,14.7312402,0.0,1.32,0.0,0.0,1.45,0.0,0.0,6.94,0.0,0.0,-1.63,0.0,0.0,0.82,0.0,0.0,-13.39,0.0,-0.004990416606666667,,99.6615333,2.52550562e-06,0.000281131011,83.1443633,0.00164759329,219.224086,2.77311555,0.0249119401,99.20725759999999,100.0,False
2026-07-20 07:00:00,0.0,138.0,136.27,138.7,107.92,107.92,,0.0,0.0,0.0,,0.0,0.0,0.0,0.0,0.0,0.0,5.57013,5.02,13.981026299999998,0.0,2.72,0.0,0.0,2.28,0.0,0.0,8.49,0.0,0.0,-3.82,0.0,0.0,23.6,0.0,0.0,-15.42,0.0,-0.00499708327,,99.6615333,2.52550562e-06,0.000308435645,83.1445274,0.001774241,219.224289,3.04245228,0.0249119401,99.97007753333332,100.0,False
2026-07-20 07:30:00,0.0,138.0,136.61,136.3,107.1,107.1,,0.0,0.0,0.0,,0.0,0.0,0.0,0.0,0.0,0.0,5.05326,5.02,12.6836826,0.0,2.72,0.0,0.0,2.28,0.0,0.0,8.49,0.0,0.0,-3.82,0.0,0.0,23.6,0.0,0.0,-15.42,0.0,-0.004960694473333333,,99.6615333,2.52550562e-06,0.000345127914,83.1446865,0.00189996648,219.224593,3.40438994,0.0249119401,99.9999924,100.0,False
2026-07-20 08:00:00,0.0,140.4,142.52,139.21,163.85,163.85,,0.0,0.0,0.0,,0.0,0.0,0.0,0.0,0.0,0.0,4.15301,5.02,10.424055099999999,0.0,2.72,0.0,0.0,2.28,0.0,0.0,8.49,0.0,0.0,-3.82,0.0,0.0,23.6,0.0,0.0,-15.42,0.0,-0.004992111046666667,,99.6615333,2.52550562e-06,0.000375917828,83.1448557,0.00202648819,219.224897,3.70810595,0.0249119401,99.9658038,100.0,False
2026-07-20 08:30:00,0.0,140.4,137.15,131.63,98.37,98.37,,0.0,0.0,0.0,,0.0,0.0,0.0,0.0,0.0,0.0,2.9813899999999998,5.02,7.483288899999999,0.0,2.72,0.0,0.0,2.28,0.0,0.0,8.49,0.0,0.0,-3.82,0.0,0.0,23.6,0.0,0.0,-15.42,0.0,-0.004925388973333333,,99.6615333,2.52550562e-06,0.000406310393,83.1449815,0.00215131887,219.225202,4.00790246,0.0249119401,99.9999924,100.0,False
2026-07-20 09:00:00,0.0,130.81,133.81,132.58,104.82,104.82,,0.0,0.0,0.0,,0.0,0.0,0.0,0.0,0.0,0.0,2.0596300000000003,5.02,5.1696713,0.0,2.72,0.0,0.0,2.28,0.0,0.0,8.49,0.0,0.0,-3.82,0.0,0.0,23.6,0.0,0.0,-15.42,0.0,-0.004979888916666667,,99.6615333,2.52550562e-06,0.000429153581,83.1450656,0.00227753081,219.225505,4.23323085,0.0249119401,99.9999924,100.0,False
2026-07-20 09:30:00,0.0,130.81,129.32,128.88,101.0,101.0,,0.0,0.0,0.0,,0.0,0.0,0.0,0.0,0.0,0.0,1.32006,5.02,3.3133505999999997,0.0,2.72,0.0,0.0,2.28,0.0,0.0,8.49,0.0,0.0,-3.82,0.0,0.0,23.6,0.0,0.0,-15.42,0.0,-0.0049664444966666665,,99.6615333,2.52550562e-06,0.000460089363,83.1451413,0.00240340201,219.225708,4.53838573,0.0249119401,99.9999924,100.0,False
2026-07-20 10:00:00,-0.494,113.23,123.0,123.0,95.92,95.92,,-47.38448,0.0,0.0,,0.0,0.0,0.0,0.0,0.0,0.0,1.60474,5.02,4.0278974,0.0,2.72,0.0,0.0,2.28,0.0,0.0,8.49,0.0,0.0,-3.82,0.0,0.0,23.6,0.0,0.0,-15.42,0.0,-0.005007944423333334,,99.6615333,2.52550562e-06,0.000489789615,83.1452187,0.00253032499,219.226164,4.83135316,0.0249119401,99.9999924,100.0,False
2026-07-20 10:30:00,-0.45,113.23,112.99,113.0,86.1,86.1,,-38.745,0.0,0.0,,0.0,0.0,0.0,0.0,0.0,0.0,1.26001,5.02,3.1626251,0.0,2.72,0.0,0.0,2.28,0.0,0.0,8.49,0.0,0.0,-3.82,0.0,0.0,23.6,0.0,0.0,-15.42,0.0,-0.9538815516666667,,99.6615333,0.0481372648,0.000489789615,83.1321815,0.0267058128,219.250445,4.83135316,474.832702,99.9999924,100.0,False
2026-07-20 11:00:00,-0.394,109.8,111.65,112.4,85.0,85.0,,-33.49,0.0,0.0,,0.0,0.0,0.0,0.0,0.0,0.0,0.8075399999999999,5.02,2.0269253999999997,0.0,1.73,0.0,0.0,1.29,0.0,0.0,5.44,0.0,0.0,-1.74,0.0,0.0,18.78,0.0,0.0,-16.91,0.0,-0.8697615153333333,,99.6615333,0.0919488778,0.000489789615,83.1167831,0.0487493347,219.272646,4.83135316,906.996571,99.9999924,100.0,False
2026-07-20 11:30:00,0.0,109.8,109.59,112.3,85.0,85.0,,0.0,0.0,0.0,,0.0,0.0,0.0,0.0,0.0,0.0,0.045509999999999995,5.02,0.11423009999999997,0.0,1.73,0.0,0.0,1.29,0.0,0.0,5.44,0.0,0.0,-1.74,0.0,0.0,18.78,0.0,0.0,-16.91,0.0,-0.7562892503333334,,99.6615333,0.130010564,0.000489789615,83.1027588,0.0679169785,219.291857,4.83135316,1282.44236,99.9999924,100.0,False
2026-07-20 12:00:00,0.0,110.8,113.23,117.8,83.95,83.95,,0.0,0.0,0.0,,0.0,0.0,0.0,0.0,0.0,0.0,0.0456,5.02,0.11445599999999999,0.0,1.73,0.0,0.0,1.29,0.0,0.0,5.44,0.0,0.0,-1.74,0.0,0.0,18.78,0.0,0.0,-16.91,0.0,-0.00495216664,,99.6615333,0.130010564,0.000512648056,83.1026173,0.0680424875,219.292161,5.05683202,1282.44236,99.9999924,100.0,False
2026-07-20 12:30:00,0.0,110.8,112.71,120.0,82.15,82.15,,0.0,0.0,0.0,,0.0,0.0,0.0,0.0,0.0,0.0,0.04462,5.02,0.11199619999999999,0.0,1.73,0.0,0.0,1.29,0.0,0.0,5.44,0.0,0.0,-1.74,0.0,0.0,18.78,0.0,0.0,-16.91,0.0,-0.004988527853333333,,99.6615333,0.130010564,0.000531356027,83.1026886,0.0681689185,219.292567,5.24137005,1282.44236,99.9999924,100.0,False
2026-07-20 13:00:00,0.0,111.86,112.53,113.3,82.15,82.15,,0.0,0.0,0.0,,0.0,0.0,0.0,0.0,0.0,0.0,0.04525,5.02,0.11357749999999998,0.0,1.73,0.0,0.0,1.29,0.0,0.0,5.44,0.0,0.0,-1.74,0.0,0.0,18.78,0.0,0.0,-16.91,0.0,-0.004937722206666667,,99.6615333,0.130010564,0.000550830379,83.1027683,0.068294062,219.292871,5.43346778,1282.44236,99.9999924,100.0,False
2026-07-20 13:30:00,0.0,111.86,112.88,115.1,82.15,82.15,,0.0,0.0,0.0,,0.0,0.0,0.0,0.0,0.0,0.0,0.04639,5.02,0.1164389,0.0,1.73,0.0,0.0,1.29,0.0,0.0,5.44,0.0,0.0,-1.74,0.0,0.0,18.78,0.0,0.0,-16.91,0.0,-0.004909361123333334,,99.6615333,0.130010564,0.000565731307,83.1028597,0.0684184865,219.293175,5.58045262,1282.44236,99.9999924,100.0,False
2026-07-20 14:00:00,0.0,114.5,111.67,112.61,82.15,82.15,,0.0,0.0,0.0,,0.0,0.0,0.0,0.0,0.0,0.0,0.045399999999999996,5.02,0.11395399999999999,0.0,1.73,0.0,0.0,1.29,0.0,0.0,5.44,0.0,0.0,-1.74,0.0,0.0,18.78,0.0,0.0,-16.91,0.0,-0.004907999916666667,,99.6615333,0.130010564,0.000583134971,83.1029378,0.0685428765,219.29353,5.75212479,1282.44236,99.9999924,100.0,False
2026-07-20 14:30:00,0.0,114.5,111.75,110.3,82.15,82.15,,0.0,0.0,0.0,,0.0,0.0,0.0,0.0,0.0,0.0,0.04492,5.02,0.1127492,0.0,1.73,0.0,0.0,1.29,0.0,0.0,5.44,0.0,0.0,-1.74,0.0,0.0,18.78,0.0,0.0,-16.91,0.0,-0.004897249936666666,,99.6615333,0.130010564,0.000605786678,83.1030175,0.0686669935,219.293884,5.97556439,1282.44236,99.9999924,100.0,False
2026-07-20 15:00:00,0.0,121.0,119.62,120.39,82.25,82.25,,0.0,0.0,0.0,,0.0,0.0,0.0,0.0,0.0,0.0,0.18199,5.02,0.4567949,0.0,2.7,0.0,0.0,2.9,0.0,0.0,7.51,0.0,0.0,0.0,0.0,0.0,3.84,0.0,0.0,-11.84,0.0,-0.004867805483333334,,99.6615333,0.130010564,0.000614331945,83.1030956,0.068790365,219.29429,6.0598561,1282.44236,99.9999924,100.0,False
2026-07-20 15:30:00,0.0,121.0,119.52,121.0,84.76,84.76,,0.0,0.0,0.0,,0.0,0.0,0.0,0.0,0.0,0.0,0.41594,5.02,1.0440093999999998,0.0,2.7,0.0,0.0,2.9,0.0,0.0,7.51,0.0,0.0,0.0,0.0,0.0,3.84,0.0,0.0,-11.84,0.0,-0.004879722276666667,,99.6615333,0.130010564,0.000633051929,83.103157,0.0689140385,219.294492,6.24451263,1282.44236,99.9999924,100.0,False
2026-07-20 16:00:00,0.0,126.65,120.53,122.0,82.25,82.25,,0.0,0.0,0.0,,0.0,0.0,0.0,0.0,0.0,0.0,1.1062400000000001,5.02,2.7766624,0.0,2.7,0.0,0.0,2.9,0.0,0.0,7.51,0.0,0.0,0.0,0.0,0.0,3.84,0.0,0.0,-11.84,0.0,-0.004903833393333334,,99.6615333,0.130010564,0.000659615569,83.1032282,0.0690383225,219.294797,6.50654009,1282.44236,99.9999924,100.0,False
2026-07-20 16:30:00,0.0,126.65,121.9,122.0,82.5,82.5,,0.0,0.0,0.0,,0.0,0.0,0.0,0.0,0.0,0.0,1.8627799999999999,5.02,4.675577799999999,0.0,2.7,0.0,0.0,2.9,0.0,0.0,7.51,0.0,0.0,0.0,0.0,0.0,3.84,0.0,0.0,-11.84,0.0,-0.0049180832733333344,,99.6615333,0.130010564,0.000686666802,83.1032995,0.069162968,219.295152,6.77337723,1282.44236,99.9999924,100.0,False
2026-07-20 17:00:00,0.0,132.87,136.69,139.0,97.59,97.59,,0.0,0.0,0.0,,0.0,0.0,0.0,0.0,0.0,0.0,2.53639,5.02,6.3663389,0.0,2.7,0.0,0.0,2.9,0.0,0.0,7.51,0.0,0.0,0.0,0.0,0.0,3.84,0.0,0.0,-11.84,0.0,-0.00489469441,,99.6615333,0.130010564,0.000712358738,83.1033672,0.069287021,219.295506,7.02680607,1282.44236,99.9999924,100.0,False
2026-07-20 17:30:00,0.0,132.87,142.0,147.57,159.0,159.0,,0.0,0.0,0.0,,0.0,0.0,0.0,0.0,0.0,0.0,3.11498,5.02,7.818599799999999,0.0,2.7,0.0,0.0,2.9,0.0,0.0,7.51,0.0,0.0,0.0,0.0,0.0,3.84,0.0,0.0,-11.84,0.0,-0.004877194486666667,,99.6615333,0.130010564,0.000741347488,83.1034366,0.0694106305,219.29576,7.31275515,1282.44236,99.9999924,100.0,False
2026-07-20 18:00:00,0.0,147.1,150.0,149.6,159.0,159.0,,0.0,0.0,0.0,,0.0,0.0,0.0,0.0,0.0,0.0,4.28387,5.02,10.7525137,0.0,2.7,0.0,0.0,2.9,0.0,0.0,7.51,0.0,0.0,0.0,0.0,0.0,3.84,0.0,0.0,-11.84,0.0,-0.00490652768,,99.6615333,0.130010564,0.000786884951,83.1035226,0.0695349825,219.296064,7.76194305,1282.44236,99.9999924,100.0,False
2026-07-20 18:30:00,0.0,147.1,152.3,156.03,137.6,137.6,,0.0,0.0,0.0,,0.0,0.0,0.0,0.0,0.0,0.0,5.15086,5.02,12.928658599999999,0.0,2.7,0.0,0.0,2.9,0.0,0.0,7.51,0.0,0.0,0.0,0.0,0.0,3.84,0.0,0.0,-11.84,0.0,-0.00491847221,,99.6615333,0.130010564,0.000834717058,83.1036119,0.0696596385,219.296419,8.23376563,1282.44236,99.9999924,100.0,False
2026-07-20 19:00:00,0.0,154.4,154.44,156.46,159.0,159.0,,0.0,0.0,0.0,,0.0,0.0,0.0,0.0,0.0,0.0,6.07172,5.02,15.240017199999999,0.0,3.43,0.0,0.0,0.94,0.0,0.0,9.59,0.0,0.0,-3.79,0.0,0.0,5.31,0.0,0.0,-17.44,0.0,-0.004886666613333333,,99.6615333,0.130010564,0.000876799295,83.1037162,0.0697834875,219.296622,8.64887069,1282.44236,99.9999924,100.0,False
2026-07-20 19:30:00,0.0,154.4,155.4,153.45,175.83,175.83,,0.0,0.0,0.0,,0.0,0.0,0.0,0.0,0.0,0.0,6.49141,5.02,16.2934391,0.0,3.43,0.0,0.0,0.94,0.0,0.0,9.59,0.0,0.0,-3.79,0.0,0.0,5.31,0.0,0.0,-17.44,0.0,-0.005003249963333334,,99.6076889,0.130010564,0.000922197767,83.1038438,0.0699102915,219.296875,9.09668756,1282.44236,99.9999924,100.0,False
2026-07-20 20:00:00,0.0,156.8,154.73,156.87,178.0,178.0,,0.0,0.0,0.0,,0.0,0.0,0.0,0.0,0.0,0.0,6.68073,5.02,16.768632299999997,0.0,3.43,0.0,0.0,0.94,0.0,0.0,9.59,0.0,0.0,-3.79,0.0,0.0,5.31,0.0,0.0,-17.44,0.0,-0.004956583343333334,,99.6076889,0.130010564,0.000962716124,83.1039714,0.070035913,219.297179,9.49636629,1282.44236,99.9999924,100.0,False
2026-07-20 20:30:00,0.0,156.8,155.71,155.0,178.0,178.0,,0.0,0.0,0.0,,0.0,0.0,0.0,0.0,0.0,0.0,6.88059,5.02,17.2702809,0.0,3.43,0.0,0.0,0.94,0.0,0.0,9.59,0.0,0.0,-3.79,0.0,0.0,5.31,0.0,0.0,-17.44,0.0,-0.005018416723333333,,99.6076889,0.130010564,0.00100489985,83.104094,0.0701631015,219.297433,9.91247244,1282.44236,99.9999924,100.0,False
2026-07-20 21:00:00,0.0,154.38,153.76,153.8,189.99,189.99,,0.0,0.0,0.0,,0.0,0.0,0.0,0.0,0.0,0.0,6.98438,5.02,17.530793799999998,0.0,3.43,0.0,0.0,0.94,0.0,0.0,9.59,0.0,0.0,-3.79,0.0,0.0,5.31,0.0,0.0,-17.44,0.0,-0.005002722183333333,,99.6076889,0.130010564,0.00104577087,83.1042067,0.070289892,219.297787,10.3156299,1282.44236,99.9999924,100.0,False
2026-07-20 21:30:00,0.0,154.38,153.4,153.4,189.99,189.99,,0.0,0.0,0.0,,0.0,0.0,0.0,0.0,0.0,0.0,6.99213,5.02,17.550246299999998,0.0,3.43,0.0,0.0,0.94,0.0,0.0,9.59,0.0,0.0,-3.79,0.0,0.0,5.31,0.0,0.0,-17.44,0.0,-0.004977805533333333,,99.6076889,0.130010564,0.00108790617,83.1043277,0.070416051,219.298091,10.7312584,1282.44236,99.9999924,100.0,False
2026-07-20 22:00:00,0.0,142.32,148.46,155.72,175.5,175.5,,0.0,0.0,0.0,,0.0,0.0,0.0,0.0,0.0,0.0,6.9858,5.02,17.534357999999997,0.0,3.43,0.0,0.0,0.94,0.0,0.0,9.59,0.0,0.0,-3.79,0.0,0.0,5.31,0.0,0.0,-17.44,0.0,-0.00502138893,,99.6076889,0.130010564,0.00112631989,83.1044587,0.0705433145,219.298396,11.1101767,1282.44236,99.9999924,100.0,False
2026-07-20 22:30:00,0.0,142.32,139.48,139.31,173.82,173.82,,0.0,0.0,0.0,,0.0,0.0,0.0,0.0,0.0,0.0,6.9863,5.02,17.535612999999998,0.0,3.43,0.0,0.0,0.94,0.0,0.0,9.59,0.0,0.0,-3.79,0.0,0.0,5.31,0.0,0.0,-17.44,0.0,-0.005050916666666666,,99.6076889,0.130010564,0.00116803438,83.1045813,0.0706713265,219.2987,11.5216542,1282.44236,99.98289873333333,100.0,False
2026-07-20 23:00:00,0.0,136.3,135.37,135.37,113.5,113.5,,0.0,0.0,0.0,,0.0,0.0,0.0,0.0,0.0,0.0,6.98598,5.02,17.534809799999998,0.0,2.5,0.0,0.0,-0.54,0.0,0.0,6.78,0.0,0.0,-4.57,0.0,0.0,21.75,0.0,0.0,-13.13,0.0,-0.0049517223066666664,,99.6076889,0.130010564,0.00120385374,83.1047023,0.0707968245,219.298953,11.8749814,1282.44236,99.9999924,100.0,False
2026-07-20 23:30:00,0.0,136.3,131.32,133.0,120.51,120.51,,0.0,0.0,0.0,,0.0,0.0,0.0,0.0,0.0,0.0,6.9857700000000005,5.02,17.5342827,0.0,2.5,0.0,0.0,-0.54,0.0,0.0,6.78,0.0,0.0,-4.57,0.0,0.0,21.75,0.0,0.0,-13.13,0.0,-0.0050159166600000004,,99.6076889,0.130010564,0.00124360348,83.1048033,0.07092395,219.299258,12.2670784,1282.44236,99.9999924,100.0,False
2026-07-21 00:00:00,0.0,132.2,130.65,130.34,152.0,152.0,,0.0,0.0,0.0,,0.0,0.0,0.0,0.0,0.0,0.0,6.98365,5.02,17.528961499999998,0.0,2.5,0.0,0.0,-0.54,0.0,0.0,6.78,0.0,0.0,-4.57,0.0,0.0,21.75,0.0,0.0,-13.13,0.0,-0.005040555556666666,,99.6076889,0.130010564,0.00127862928,83.1049126,0.0710516995,219.29946,12.6125778,1282.44236,99.98289873333333,100.0,False
2026-07-21 00:30:00,0.0,132.2,130.65,131.0,155.0,155.0,,0.0,0.0,0.0,,0.0,0.0,0.0,0.0,0.0,0.0,6.98609,5.02,17.5350859,0.0,2.5,0.0,0.0,-0.54,0.0,0.0,6.78,0.0,0.0,-4.57,0.0,0.0,21.75,0.0,0.0,-13.13,0.0,-0.0050838611899999995,,99.6076889,0.0,4.09826949e-05,83.1050052,0.000128847051,219.299866,0.404259026,0.0,99.9999924,100.0,False
2026-07-21 01:00:00,0.0,128.7,126.43,126.13,155.0,155.0,,0.0,0.0,0.0,,0.0,0.0,0.0,0.0,0.0,0.0,6.9858400000000005,5.02,17.5344584,0.0,2.5,0.0,0.0,-0.54,0.0,0.0,6.78,0.0,0.0,-4.57,0.0,0.0,21.75,0.0,0.0,-13.13,0.0,-0.00507387507,,99.6076889,0.0,6.58633199e-05,83.1050659,0.000214576356,219.299967,0.649684985,0.0,99.9999924,100.0,False
2026-07-21 01:30:00,0.0,128.7,126.02,126.13,135.68,135.68,,0.0,0.0,0.0,,0.0,0.0,0.0,0.0,0.0,0.0,6.986,5.02,17.53486,0.0,2.5,0.0,0.0,-0.54,0.0,0.0,6.78,0.0,0.0,-4.57,0.0,0.0,21.75,0.0,0.0,-13.13,0.0,,,,,,,,,0.649684985,0.0,,,False
2026-07-21 02:00:00,0.0,124.35,122.9,121.9,133.78,133.78,,0.0,0.0,0.0,,0.0,0.0,0.0,0.0,0.0,0.0,6.98601,5.02,17.5348851,0.0,2.5,0.0,0.0,-0.54,0.0,0.0,6.78,0.0,0.0,-4.57,0.0,0.0,21.75,0.0,0.0,-13.13,0.0,,,,,,,,,0.649684985,0.0,,,False
2026-07-21 02:30:00,0.0,124.35,120.1,112.9,125.83,125.83,,0.0,0.0,0.0,,0.0,0.0,0.0,0.0,0.0,0.0,6.98643,5.02,17.5359393,0.0,2.5,0.0,0.0,-0.54,0.0,0.0,6.78,0.0,0.0,-4.57,0.0,0.0,21.75,0.0,0.0,-13.13,0.0,,,,,,,,,0.649684985,0.0,,,False
2026-07-21 03:00:00,0.0,123.42,120.92,118.7,133.28,133.28,,0.0,0.0,0.0,,0.0,0.0,0.0,0.0,0.0,0.0,6.98637,5.02,17.535788699999998,0.0,1.47,0.0,0.0,0.43,0.0,0.0,5.28,0.0,0.0,-2.41,0.0,0.0,20.77,0.0,0.0,-18.76,0.0,,,,,,,,,0.649684985,0.0,,,False
2026-07-21 03:30:00,0.0,123.42,118.98,117.76,117.94,117.94,,0.0,0.0,0.0,,0.0,0.0,0.0,0.0,0.0,0.0,6.98616,5.02,17.5352616,0.0,1.47,0.0,0.0,0.43,0.0,0.0,5.28,0.0,0.0,-2.41,0.0,0.0,20.77,0.0,0.0,-18.76,0.0,,,,,,,,,0.649684985,0.0,,,False
2026-07-21 04:00:00,0.0,126.58,124.9,123.9,134.32,134.32,,0.0,0.0,0.0,,0.0,0.0,0.0,0.0,0.0,0.0,6.98606,5.02,17.5350106,0.0,1.47,0.0,0.0,0.43,0.0,0.0,5.28,0.0,0.0,-2.41,0.0,0.0,20.77,0.0,0.0,-18.76,0.0,,,,,,,,,0.649684985,0.0,,,False
2026-07-21 04:30:00,0.0,126.58,123.24,122.34,120.02,120.02,,0.0,0.0,0.0,,0.0,0.0,0.0,0.0,0.0,0.0,6.985390000000001,5.02,17.5333289,0.0,1.47,0.0,0.0,0.43,0.0,0.0,5.28,0.0,0.0,-2.41,0.0,0.0,20.77,0.0,0.0,-18.76,0.0,,,,,,,,,0.649684985,0.0,,,False
2026-07-21 05:00:00,0.0,130.6,128.84,127.85,122.18,122.18,,0.0,0.0,0.0,,0.0,0.0,0.0,0.0,0.0,0.0,6.97495,5.02,17.507124499999996,0.0,1.47,0.0,0.0,0.43,0.0,0.0,5.28,0.0,0.0,-2.41,0.0,0.0,20.77,0.0,0.0,-18.76,0.0,,,,,,,,,0.649684985,0.0,,,False
2026-07-21 05:30:00,0.0,130.6,129.59,128.15,179.0,179.0,,0.0,0.0,0.0,,0.0,0.0,0.0,0.0,0.0,0.0,6.90867,5.02,17.340761699999998,0.0,1.47,0.0,0.0,0.43,0.0,0.0,5.28,0.0,0.0,-2.41,0.0,0.0,20.77,0.0,0.0,-18.76,0.0,,,,,,,,,0.649684985,0.0,,,False
2026-07-21 06:00:00,0.0,136.3,129.95,126.3,179.0,179.0,,0.0,0.0,0.0,,0.0,0.0,0.0,0.0,0.0,0.0,6.8248299999999995,5.02,17.130323299999997,0.0,1.47,0.0,0.0,0.43,0.0,0.0,5.28,0.0,0.0,-2.41,0.0,0.0,20.77,0.0,0.0,-18.76,0.0,,,,,,,,,0.649684985,0.0,,,False
2026-07-21 06:30:00,0.0,136.3,137.31,137.3,179.0,179.0,,0.0,0.0,0.0,,0.0,0.0,0.0,0.0,0.0,0.0,6.51043,5.02,16.3411793,0.0,1.47,0.0,0.0,0.43,0.0,0.0,5.28,0.0,0.0,-2.41,0.0,0.0,20.77,0.0,0.0,-18.76,0.0,,,,,,,,,0.649684985,0.0,,,False
2026-07-21 07:00:00,0.0,132.3,127.0,126.0,179.0,179.0,,0.0,0.0,0.0,,0.0,0.0,0.0,0.0,0.0,0.0,6.27317,5.02,15.7456567,0.0,2.0,0.0,0.0,0.6,0.0,0.0,7.18,0.0,0.0,-3.93,0.0,0.0,19.37,0.0,0.0,-15.72,0.0,-0.004987333376666667,,99.6076889,0.0,0.000110566248,83.1062762,0.000340976974,219.303668,1.09064091,0.0,99.9999924,100.0,False
2026-07-21 07:30:00,0.0,132.3,128.55,128.54,159.0,159.0,,0.0,0.0,0.0,,0.0,0.0,0.0,0.0,0.0,0.0,5.95412,5.02,14.944841199999997,0.0,2.0,0.0,0.0,0.6,0.0,0.0,7.18,0.0,0.0,-3.93,0.0,0.0,19.37,0.0,0.0,-15.72,0.0,-0.005004416546666667,,99.6076889,0.0,0.000156417673,83.1063838,0.000467810553,219.304023,1.54292577,0.0,99.9999924,100.0,False
2026-07-21 08:00:00,0.0,127.8,122.9,122.0,159.0,159.0,,0.0,0.0,0.0,,0.0,0.0,0.0,0.0,0.0,0.0,5.90217,5.02,14.814446699999998,0.0,2.0,0.0,0.0,0.6,0.0,0.0,7.18,0.0,0.0,-3.93,0.0,0.0,19.37,0.0,0.0,-15.72,0.0,-0.00498841667,,99.6076889,0.0,0.00019646254,83.1064897,0.000594238625,219.304276,1.93793393,0.0,99.9999924,100.0,False
2026-07-21 08:30:00,0.0,127.8,121.55,124.0,159.0,159.0,,0.0,0.0,0.0,,0.0,0.0,0.0,0.0,0.0,0.0,5.613729999999999,5.02,14.090462299999997,0.0,2.0,0.0,0.0,0.6,0.0,0.0,7.18,0.0,0.0,-3.93,0.0,0.0,19.37,0.0,0.0,-15.72,0.0,-0.004957166589999999,,99.6076889,0.0,0.000235147043,83.1066022,0.00071987469,219.304631,2.31952327,0.0,99.9999924,100.0,False
2026-07-21 09:00:00,0.0,119.35,123.0,119.35,176.0,176.0,,0.0,0.0,0.0,,0.0,0.0,0.0,0.0,0.0,0.0,5.553850000000001,5.02,13.9401635,0.0,2.0,0.0,0.0,0.6,0.0,0.0,7.18,0.0,0.0,-3.93,0.0,0.0,19.37,0.0,0.0,-15.72,0.0,-0.004999444483333333,,99.6076889,0.0,0.000275768313,83.1067198,0.00084658225,219.304833,2.72021715,0.0,99.9999924,100.0,False
2026-07-21 09:30:00,0.0,119.35,118.49,112.01,176.0,176.0,,0.0,0.0,0.0,,0.0,0.0,0.0,0.0,0.0,0.0,5.69194,5.02,14.286769399999999,0.0,2.0,0.0,0.0,0.6,0.0,0.0,7.18,0.0,0.0,-3.93,0.0,0.0,19.37,0.0,0.0,-15.72,0.0,-0.004963611126666667,,99.6076889,0.0,0.000321984946,83.1068357,0.000972381645,219.305138,3.17610447,0.0,99.9999924,100.0,False
2026-07-21 10:00:00,0.0,113.35,118.55,117.34,176.0,176.0,,0.0,0.0,0.0,,0.0,0.0,0.0,0.0,0.0,0.0,5.25653,5.02,13.193890299999998,0.0,2.0,0.0,0.0,0.6,0.0,0.0,7.18,0.0,0.0,-3.93,0.0,0.0,19.37,0.0,0.0,-15.72,0.0,-0.005009638863333333,,99.6076889,0.0,0.000375691676,83.1069499,0.00109934758,219.305442,3.70587516,0.0,99.9999924,100.0,False
2026-07-21 10:30:00,0.0,113.35,113.53,113.26,176.0,176.0,,0.0,0.0,0.0,,0.0,0.0,0.0,0.0,0.0,0.0,5.13861,5.02,12.897911099999998,0.0,2.0,0.0,0.0,0.6,0.0,0.0,7.18,0.0,0.0,-3.93,0.0,0.0,19.37,0.0,0.0,-15.72,0.0,-0.00493800004,,99.6076889,0.0,0.00041726438,83.1070543,0.00122449788,219.305695,4.11595412,0.0,99.9999924,100.0,False
2026-07-21 11:00:00,0.0,113.02,114.0,112.93,151.0,151.0,,0.0,0.0,0.0,,0.0,0.0,0.0,0.0,0.0,0.0,4.4058,5.02,11.058558,0.0,3.2,0.0,0.0,2.25,0.0,0.0,5.55,0.0,0.0,-1.35,0.0,0.0,15.24,0.0,0.0,-14.4,0.0,-0.0049969999,,99.6076889,0.0,0.000449158775,83.107167,0.00135114349,219.30605,4.43056488,0.0,99.9999924,100.0,False
2026-07-21 11:30:00,0.0,113.02,112.17,112.93,151.0,151.0,,0.0,0.0,0.0,,0.0,0.0,0.0,0.0,0.0,0.0,4.91502,5.02,12.3367002,0.0,3.2,0.0,0.0,2.25,0.0,0.0,5.55,0.0,0.0,-1.35,0.0,0.0,15.24,0.0,0.0,-14.4,0.0,-0.0049514722,,99.6076889,0.0,0.000487377174,83.1072547,0.00147663523,219.306354,4.80755651,0.0,99.9999924,100.0,False
2026-07-21 12:00:00,0.0,114.0,113.6,111.01,151.0,151.0,,0.0,0.0,0.0,,0.0,0.0,0.0,0.0,0.0,0.0,4.15758,5.02,10.4355258,0.0,3.2,0.0,0.0,2.25,0.0,0.0,5.55,0.0,0.0,-1.35,0.0,0.0,15.24,0.0,0.0,-14.4,0.0,-0.005001138923333333,,99.6076889,0.0,0.000532684413,83.1073624,0.00160338574,219.306658,5.25447344,0.0,99.9999924,100.0,False
2026-07-21 12:30:00,0.0,114.0,112.28,111.0,150.0,150.0,,0.0,0.0,0.0,,0.0,0.0,0.0,0.0,0.0,0.0,5.03884,5.02,12.6474884,0.0,3.2,0.0,0.0,2.25,0.0,0.0,5.55,0.0,0.0,-1.35,0.0,0.0,15.24,0.0,0.0,-14.4,0.0,-0.004962694486666666,,99.6076889,0.0,0.000575456712,83.1074435,0.0017291619,219.306912,5.67638537,0.0,99.9999924,100.0,False
2026-07-21 13:00:00,0.0,114.98,110.5,110.0,150.0,150.0,,0.0,0.0,0.0,,0.0,0.0,0.0,0.0,0.0,0.0,4.33367,5.02,10.877511699999998,0.0,3.2,0.0,0.0,2.25,0.0,0.0,5.55,0.0,0.0,-1.35,0.0,0.0,15.24,0.0,0.0,-14.4,0.0,-0.0050070556,,99.6076889,0.0,0.000621399873,83.1075396,0.00185606236,219.307266,6.12957513,0.0,99.9999924,100.0,False
2026-07-21 13:30:00,0.0,114.98,110.0,107.0,138.9,138.9,,0.0,0.0,0.0,,0.0,0.0,0.0,0.0,0.0,0.0,4.29078,5.02,10.769857799999999,0.0,3.2,0.0,0.0,2.25,0.0,0.0,5.55,0.0,0.0,-1.35,0.0,0.0,15.24,0.0,0.0,-14.4,0.0,-0.004895750046666667,,99.6076889,0.0,0.000657808107,83.1076073,0.00198014186,219.30757,6.48871103,0.0,99.9999924,100.0,False
2026-07-21 14:00:00,0.0,110.83,108.12,108.0,148.16,148.16,,0.0,0.0,0.0,,0.0,0.0,0.0,0.0,0.0,0.0,4.4937700000000005,5.02,11.2793627,0.0,3.2,0.0,0.0,2.25,0.0,0.0,5.55,0.0,0.0,-1.35,0.0,0.0,15.24,0.0,0.0,-14.4,0.0,-0.004913888853333334,,99.6076889,0.0,0.000692481119,83.1076917,0.00210468107,219.307874,6.83073046,0.0,99.9999924,100.0,False
2026-07-21 14:30:00,0.0,110.83,108.04,107.89,87.1,87.1,,0.0,0.0,0.0,,0.0,0.0,0.0,0.0,0.0,0.0,4.66954,5.02,11.720545399999997,0.0,3.2,0.0,0.0,2.25,0.0,0.0,5.55,0.0,0.0,-1.35,0.0,0.0,15.24,0.0,0.0,-14.4,0.0,-0.00494763891,,99.6076889,0.0,0.000734594814,83.1077661,0.00223007567,219.308178,7.24614583,0.0,99.9999924,100.0,False
2026-07-21 15:00:00,0.0,111.57,109.29,105.01,92.5,92.5,,0.0,0.0,0.0,,0.0,0.0,0.0,0.0,0.0,0.0,4.08389,5.02,10.2505639,0.0,2.92,0.0,0.0,10.17,0.0,0.0,7.43,0.0,0.0,1.75,0.0,0.0,13.55,0.0,0.0,-10.3,0.0,-0.004883361103333333,,99.6076889,0.0,0.000768816698,83.1078488,0.00235384117,219.308432,7.58371527,0.0,99.9999924,100.0,False
2026-07-21 15:30:00,0.0,111.57,109.17,108.0,115.2,115.2,,0.0,0.0,0.0,,0.0,0.0,0.0,0.0,0.0,0.0,3.86303,5.02,9.696205299999999,0.0,2.92,0.0,0.0,10.17,0.0,0.0,7.43,0.0,0.0,1.75,0.0,0.0,13.55,0.0,0.0,-10.3,0.0,-0.004953277823333334,,99.6076889,0.0,0.000809566177,83.1079315,0.00247937868,219.308837,7.98567383,0.0,99.9999924,100.0,False
2026-07-21 16:00:00,0.0,112.3,111.35,111.69,92.5,92.5,,0.0,0.0,0.0,,0.0,0.0,0.0,0.0,0.0,0.0,4.28304,5.02,10.750430399999999,0.0,2.92,0.0,0.0,10.17,0.0,0.0,7.43,0.0,0.0,1.75,0.0,0.0,13.55,0.0,0.0,-10.3,0.0,-0.004942194463333334,,99.6076889,0.0,0.000850624258,83.1080192,0.00260463528,219.309091,8.39067647,0.0,99.9999924,100.0,False
2026-07-21 16:30:00,0.0,112.3,117.4,117.94,87.1,87.1,,0.0,0.0,0.0,,0.0,0.0,0.0,0.0,0.0,0.0,5.05359,5.02,12.684510899999998,0.0,2.92,0.0,0.0,10.17,0.0,0.0,7.43,0.0,0.0,1.75,0.0,0.0,13.55,0.0,0.0,-10.3,0.0,-0.004961027783333333,,99.6076889,0.0,0.000897139725,83.1080985,0.00273036919,219.309395,8.84951153,0.0,99.9999924,100.0,False
2026-07-21 17:00:00,0.0,122.33,111.27,108.55,118.43,118.43,,0.0,0.0,0.0,,0.0,0.0,0.0,0.0,0.0,0.0,4.31203,5.02,10.823195299999998,0.0,2.92,0.0,0.0,10.17,0.0,0.0,7.43,0.0,0.0,1.75,0.0,0.0,13.55,0.0,0.0,-10.3,0.0,-0.004902999953333333,,99.6076889,0.0,0.000944148284,83.1081911,0.00285463245,219.309699,9.31321052,0.0,99.9999924,100.0,False
2026-07-21 17:30:00,0.0,122.33,117.0,117.22,113.0,113.0,,0.0,0.0,0.0,,0.0,0.0,0.0,0.0,0.0,0.0,3.61952,5.02,9.0849952,0.0,2.92,0.0,0.0,10.17,0.0,0.0,7.43,0.0,0.0,1.75,0.0,0.0,13.55,0.0,0.0,-10.3,0.0,-0.004985333443333333,,99.6076889,0.0,0.000992123818,83.1082953,0.00298098237,219.310003,9.78644789,0.0,99.9999924,100.0,False
2026-07-21 18:00:00,0.0,137.8,131.9,132.05,169.35,169.35,,0.0,0.0,0.0,,0.0,0.0,0.0,0.0,0.0,0.0,4.44589,5.02,11.1591839,0.0,2.92,0.0,0.0,10.17,0.0,0.0,7.43,0.0,0.0,1.75,0.0,0.0,13.55,0.0,0.0,-10.3,0.0,-0.004932361126666666,,99.6076889,0.0,0.00103676908,83.1083896,0.00310598975,219.310307,10.226835,0.0,99.9999924,100.0,False
2026-07-21 18:30:00,0.0,137.8,138.8,138.19,170.3,170.3,,0.0,0.0,0.0,,0.0,0.0,0.0,0.0,0.0,0.0,5.37979,5.02,13.503272899999999,0.0,2.92,0.0,0.0,10.17,0.0,0.0,7.43,0.0,0.0,1.75,0.0,0.0,13.55,0.0,0.0,-10.3,0.0,-0.004957250036666667,,99.6076889,0.0,0.00108944649,83.1084939,0.00323162793,219.310459,10.7464523,0.0,99.9999924,100.0,False
2026-07-21 19:00:00,0.0,150.0,145.34,144.19,172.0,172.0,,0.0,0.0,0.0,,0.0,0.0,0.0,0.0,0.0,0.0,6.1170100000000005,5.02,15.3536951,0.0,4.25,0.0,0.0,0.1,0.0,0.0,9.58,0.0,0.0,-3.13,0.0,0.0,29.56,0.0,0.0,-16.02,0.0,-0.004957861106666667,,99.6076889,0.0,0.00114231653,83.1086131,0.00335728159,219.310916,11.2679698,0.0,99.9999924,100.0,False
2026-07-21 19:30:00,0.0,150.0,148.0,143.79,180.92,180.92,,0.0,0.0,0.0,,0.0,0.0,0.0,0.0,0.0,0.0,6.52649,5.02,16.3814899,0.0,4.25,0.0,0.0,0.1,0.0,0.0,9.58,0.0,0.0,-3.13,0.0,0.0,29.56,0.0,0.0,-16.02,0.0,-0.0049522221866666665,,99.6076889,0.0,0.00119659243,83.108749,0.00348279235,219.311118,11.8033548,0.0,99.9999924,100.0,False
2026-07-21 20:00:00,0.0,152.0,145.75,142.0,194.9,194.9,,0.0,0.0,0.0,,0.0,0.0,0.0,0.0,0.0,0.0,6.70972,5.02,16.8413972,0.0,4.25,0.0,0.0,0.1,0.0,0.0,9.58,0.0,0.0,-3.13,0.0,0.0,29.56,0.0,0.0,-16.02,0.0,-0.004980944473333333,,99.6076889,0.0,0.00124522001,83.1088733,0.00360903103,219.311372,12.2830241,0.0,99.9999924,100.0,False
2026-07-21 20:30:00,0.0,152.0,145.79,141.6,194.9,194.9,,0.0,0.0,0.0,,0.0,0.0,0.0,0.0,0.0,0.0,6.9044,5.02,17.330043999999997,0.0,4.25,0.0,0.0,0.1,0.0,0.0,9.58,0.0,0.0,-3.13,0.0,0.0,29.56,0.0,0.0,-16.02,0.0,-0.00502422214,,99.6076889,0.0,0.00130511005,83.1089975,0.00373636657,219.311727,12.8737878,0.0,99.9999924,100.0,False
2026-07-21 21:00:00,0.0,150.0,145.91,140.0,172.0,172.0,,0.0,0.0,0.0,,0.0,0.0,0.0,0.0,0.0,0.0,6.98747,5.02,17.538549699999997,0.0,4.25,0.0,0.0,0.1,0.0,0.0,9.58,0.0,0.0,-3.13,0.0,0.0,29.56,0.0,0.0,-16.02,0.0,-0.004969249966666667,,99.6076889,0.0,0.00136227431,83.1091218,0.00386230888,219.31198,13.437664,0.0,99.9999924,100.0,False
2026-07-21 21:30:00,0.0,150.0,140.55,138.9,172.0,172.0,,0.0,0.0,0.0,,0.0,0.0,0.0,0.0,0.0,0.0,6.99046,5.02,17.546054599999998,0.0,4.25,0.0,0.0,0.1,0.0,0.0,9.58,0.0,0.0,-3.13,0.0,0.0,29.56,0.0,0.0,-16.02,0.0,-0.0049437777966666666,,99.6076889,0.0,0.00141463209,83.1092427,0.00398760561,219.312234,13.9541285,0.0,99.9999924,100.0,False
2026-07-21 22:00:00,0.0,137.42,138.49,139.16,172.0,172.0,,0.0,0.0,0.0,,0.0,0.0,0.0,0.0,0.0,0.0,6.98575,5.02,17.534232499999998,0.0,4.25,0.0,0.0,0.1,0.0,0.0,9.58,0.0,0.0,-3.13,0.0,0.0,29.56,0.0,0.0,-16.02,0.0,-0.004955583253333334,,99.6076889,0.0,0.00147017556,83.109362,0.00411320155,219.312589,14.502017,0.0,99.9658038,100.0,False
2026-07-21 22:30:00,0.0,137.42,127.88,123.0,92.5,92.5,,0.0,0.0,0.0,,0.0,0.0,0.0,0.0,0.0,0.0,6.98661,5.02,17.5363911,0.0,4.25,0.0,0.0,0.1,0.0,0.0,9.58,0.0,0.0,-3.13,0.0,0.0,29.56,0.0,0.0,-16.02,0.0,-0.004942805606666666,,99.6076889,0.0,0.00152552212,83.1094762,0.00423847364,219.312892,15.0479632,0.0,99.9999924,100.0,False
2026-07-21 23:00:00,0.0,132.0,135.92,133.99,142.41,142.41,,0.0,0.0,0.0,,0.0,0.0,0.0,0.0,0.0,0.0,6.98568,5.02,17.5340568,0.0,1.77,0.0,0.0,0.09,0.0,0.0,6.07,0.0,0.0,-3.62,0.0,0.0,17.07,0.0,0.0,-14.45,0.0,-0.004991611083333333,,99.6076889,0.0,0.00158095754,83.1095921,0.00436498267,219.313146,15.594786,0.0,99.98503496666666,100.0,False
2026-07-21 23:30:00,0.0,132.0,130.2,126.6,93.1,93.1,,0.0,0.0,0.0,,0.0,0.0,0.0,0.0,0.0,0.0,6.98618,5.02,17.5353118,0.0,1.77,0.0,0.0,0.09,0.0,0.0,6.07,0.0,0.0,-3.62,0.0,0.0,17.07,0.0,0.0,-14.45,0.0,-0.0050435000266666665,,99.6076889,0.0,0.00163817237,83.1097214,0.0044928068,219.31345,16.159161,0.0,99.9999924,100.0,False
2026-07-22 00:00:00,0.0,128.0,128.0,127.86,180.0,180.0,,0.0,0.0,0.0,,0.0,0.0,0.0,0.0,0.0,0.0,6.98601,5.02,17.5348851,0.0,1.77,0.0,0.0,0.09,0.0,0.0,6.07,0.0,0.0,-3.62,0.0,0.0,17.07,0.0,0.0,-14.45,0.0,-0.005050138946666667,,99.6076889,0.0,0.00169274309,83.1098523,0.00462079917,219.313704,16.6974542,0.0,99.97007753333332,100.0,False
2026-07-22 00:30:00,0.0,128.0,127.25,127.12,144.97,144.97,,0.0,0.0,0.0,,0.0,0.0,0.0,0.0,0.0,0.0,6.98646,5.02,17.536014599999998,0.0,1.77,0.0,0.0,0.09,0.0,0.0,6.07,0.0,0.0,-3.62,0.0,0.0,17.07,0.0,0.0,-14.45,0.0,-0.005016777833333334,,99.6076889,0.0,6.01589953e-05,83.1099683,0.000127146868,219.314008,0.593416731,0.0,99.9999924,100.0,False
2026-07-22 01:00:00,0.0,125.86,125.0,122.19,127.62,127.62,,0.0,0.0,0.0,,0.0,0.0,0.0,0.0,0.0,0.0,6.98613,5.02,17.5351863,0.0,1.77,0.0,0.0,0.09,0.0,0.0,6.07,0.0,0.0,-3.62,0.0,0.0,17.07,0.0,0.0,-14.45,0.0,-0.0050430555333333335,,99.6076889,0.0,0.000116638181,83.1100825,0.000254959726,219.314363,1.15053531,0.0,99.9999924,100.0,False
2026-07-22 01:30:00,0.0,125.86,124.52,124.2,180.0,180.0,,0.0,0.0,0.0,,0.0,0.0,0.0,0.0,0.0,0.0,6.98645,5.02,17.535989499999996,0.0,1.77,0.0,0.0,0.09,0.0,0.0,6.07,0.0,0.0,-3.62,0.0,0.0,17.07,0.0,0.0,-14.45,0.0,-0.005026388883333333,,99.6076889,0.0,0.000170649875,83.1102034,0.000382350179,219.314666,1.6833142,0.0,99.9999924,100.0,False
2026-07-22 02:00:00,0.0,120.0,119.94,117.8,124.23,124.23,,0.0,0.0,0.0,,0.0,0.0,0.0,0.0,0.0,0.0,6.98662,5.02,17.536416199999998,0.0,1.77,0.0,0.0,0.09,0.0,0.0,6.07,0.0,0.0,-3.62,0.0,0.0,17.07,0.0,0.0,-14.45,0.0,-0.005060833376666666,,99.6076889,0.0,0.000220797539,83.1103244,0.000510613605,219.31492,2.17797776,0.0,99.97007753333332,100.0,False
2026-07-22 02:30:00,0.0,120.0,119.37,115.5,125.82,125.82,,0.0,0.0,0.0,,0.0,0.0,0.0,0.0,0.0,0.0,6.98604,5.02,17.5349604,0.0,1.77,0.0,0.0,0.09,0.0,0.0,6.07,0.0,0.0,-3.62,0.0,0.0,17.07,0.0,0.0,-14.45,0.0,-0.005039944566666666,,99.6076889,0.0,0.000274321142,83.1104153,0.00063834762,219.315275,2.70594205,0.0,99.9999924,100.0,False
2026-07-22 03:00:00,0.0,118.07,115.3,112.0,122.59,122.59,,0.0,0.0,0.0,,0.0,0.0,0.0,0.0,0.0,0.0,6.98618,5.02,17.5353118,0.0,1.53,0.0,0.0,0.47,0.0,0.0,5.61,0.0,0.0,-3.67,0.0,0.0,23.2,0.0,0.0,-15.53,0.0,-0.0049921944933333335,,99.6076889,0.0,0.000326603651,83.1105296,0.000764871435,219.315579,3.22166402,0.0,99.9999924,100.0,False
2026-07-22 03:30:00,0.0,118.07,114.21,112.0,143.94,143.94,,0.0,0.0,0.0,,0.0,0.0,0.0,0.0,0.0,0.0,6.98658,5.02,17.536315799999997,0.0,1.53,0.0,0.0,0.47,0.0,0.0,5.61,0.0,0.0,-3.67,0.0,0.0,23.2,0.0,0.0,-15.53,0.0,-0.004950000046666667,,99.6076889,0.0,0.000376706466,83.1106389,0.00089032587,219.315782,3.71588519,0.0,99.9999924,100.0,False
2026-07-22 04:00:00,0.0,122.34,116.49,115.55,121.05,121.05,,0.0,0.0,0.0,,0.0,0.0,0.0,0.0,0.0,0.0,6.98629,5.02,17.5355879,0.0,1.53,0.0,0.0,0.47,0.0,0.0,5.61,0.0,0.0,-3.67,0.0,0.0,23.2,0.0,0.0,-15.53,0.0,-0.004988138913333333,,99.6076889,0.0,0.000426087328,83.1107532,0.00101674691,219.316188,4.20298491,0.0,99.97007753333332,100.0,False
2026-07-22 04:30:00,0.0,122.34,117.67,112.3,121.06,121.06,,0.0,0.0,0.0,,0.0,0.0,0.0,0.0,0.0,0.0,6.987,5.02,17.53737,0.0,1.53,0.0,0.0,0.47,0.0,0.0,5.61,0.0,0.0,-3.67,0.0,0.0,23.2,0.0,0.0,-15.53,0.0,-0.0049886388766666664,,99.6076889,0.0,0.000472756507,83.1108675,0.0011431806,219.316491,4.66333621,0.0,99.9658038,100.0,False
2026-07-22 05:00:00,0.0,124.29,124.85,125.09,174.5,174.5,,0.0,0.0,0.0,,0.0,0.0,0.0,0.0,0.0,0.0,6.96042,5.02,17.4706542,0.0,1.53,0.0,0.0,0.47,0.0,0.0,5.61,0.0,0.0,-3.67,0.0,0.0,23.2,0.0,0.0,-15.53,0.0,-0.004989611066666667,,99.6076889,0.0,0.000521235518,83.1109718,0.00126963895,219.316796,5.14153994,0.0,99.97007753333332,100.0,False
2026-07-22 05:30:00,0.0,124.29,127.4,127.01,139.19,139.19,,0.0,0.0,0.0,,0.0,0.0,0.0,0.0,0.0,0.0,6.8424499999999995,5.02,17.174549499999998,0.0,1.53,0.0,0.0,0.47,0.0,0.0,5.61,0.0,0.0,-3.67,0.0,0.0,23.2,0.0,0.0,-15.53,0.0,-0.00502719442,,99.6076889,0.0,0.000568967618,83.1110911,0.00139704982,219.317049,5.61237604,0.0,99.9999924,100.0,False
2026-07-22 06:00:00,0.0,129.45,128.63,123.6,160.0,160.0,,0.0,0.0,0.0,,0.0,0.0,0.0,0.0,0.0,0.0,6.7996300000000005,5.02,17.0670713,0.0,1.53,0.0,0.0,0.47,0.0,0.0,5.61,0.0,0.0,-3.67,0.0,0.0,23.2,0.0,0.0,-15.53,0.0,-0.005049805563333333,,99.6076889,0.0,0.000613912506,83.1112071,0.00152503374,219.317353,6.05571869,0.0,99.97007753333332,100.0,False
2026-07-22 06:30:00,0.0,129.45,135.57,131.3,201.0,201.0,,0.0,0.0,0.0,,0.0,0.0,0.0,0.0,0.0,0.0,6.68654,5.02,16.7832154,0.0,1.53,0.0,0.0,0.47,0.0,0.0,5.61,0.0,0.0,-3.67,0.0,0.0,23.2,0.0,0.0,-15.53,0.0,-0.00499275009,,99.6076889,0.0,0.000656684291,83.1113147,0.00165157166,219.317708,6.47762555,0.0,99.9999924,100.0,False
2026-07-22 07:00:00,0.0,128.42,130.67,124.07,120.44,120.44,,0.0,0.0,0.0,,0.0,0.0,0.0,0.0,0.0,0.0,6.6849799999999995,5.02,16.779299799999997,0.0,2.87,0.0,0.0,0.52,0.0,0.0,5.4,0.0,0.0,-3.1,0.0,0.0,21.79,0.0,0.0,-16.07,0.0,-0.00500247224,,99.6076889,0.0,0.000711156099,83.1114323,0.00177835595,219.31791,7.01494307,0.0,99.9999924,100.0,False
2026-07-22 07:30:00,0.0,128.42,130.95,128.29,119.91,119.91,,0.0,0.0,0.0,,0.0,0.0,0.0,0.0,0.0,0.0,6.547020000000001,5.02,16.4330202,0.0,2.87,0.0,0.0,0.52,0.0,0.0,5.4,0.0,0.0,-3.1,0.0,0.0,21.79,0.0,0.0,-16.07,0.0,-0.004972611193333333,,99.6076889,0.0,0.00076543145,83.1115632,0.00190438344,219.318265,7.55032272,0.0,99.9999924,100.0,False
2026-07-22 08:00:00,0.0,128.03,134.97,129.89,126.01,126.01,,0.0,0.0,0.0,,0.0,0.0,0.0,0.0,0.0,0.0,6.17125,5.02,15.489837499999998,0.0,2.87,0.0,0.0,0.52,0.0,0.0,5.4,0.0,0.0,-3.1,0.0,0.0,21.79,0.0,0.0,-16.07,0.0,-0.00496527783,,99.6076889,0.0,0.000813639226,83.1116925,0.00203022509,219.318519,8.02585095,0.0,99.9999924,100.0,False
2026-07-22 08:30:00,0.0,128.03,133.47,127.89,160.0,160.0,,0.0,0.0,0.0,,0.0,0.0,0.0,0.0,0.0,0.0,5.962140000000001,5.02,14.9649714,0.0,2.87,0.0,0.0,0.52,0.0,0.0,5.4,0.0,0.0,-3.1,0.0,0.0,21.79,0.0,0.0,-16.07,0.0,-0.005007722296666667,,99.6076889,0.0,0.000860366695,83.1118119,0.00215714244,219.318824,8.48677723,0.0,99.9999924,100.0,False
2026-07-22 09:00:00,0.0,124.2,133.14,124.89,160.0,160.0,,0.0,0.0,0.0,,0.0,0.0,0.0,0.0,0.0,0.0,5.3393999999999995,5.02,13.401893999999997,0.0,2.87,0.0,0.0,0.52,0.0,0.0,5.4,0.0,0.0,-3.1,0.0,0.0,21.79,0.0,0.0,-16.07,0.0,-0.005008333283333334,,99.6076889,0.0,0.000912062696,83.1119246,0.00228407529,219.319178,8.9967138,0.0,99.9999924,100.0,False
2026-07-22 09:30:00,0.0,124.2,131.55,124.52,160.0,160.0,,0.0,0.0,0.0,,0.0,0.0,0.0,0.0,0.0,0.0,4.80145,5.02,12.051639499999999,0.0,2.87,0.0,0.0,0.52,0.0,0.0,5.4,0.0,0.0,-3.1,0.0,0.0,21.79,0.0,0.0,-16.07,0.0,-0.004951583306666667,,99.6076889,0.0,0.000961660926,83.1120339,0.00240956984,219.319381,9.48595767,0.0,99.9999924,100.0,False
2026-07-22 10:00:00,0.0,121.83,131.84,128.0,160.0,160.0,,0.0,0.0,0.0,,0.0,0.0,0.0,0.0,0.0,0.0,4.57034,5.02,11.4715534,0.0,2.87,0.0,0.0,0.52,0.0,0.0,5.4,0.0,0.0,-3.1,0.0,0.0,21.79,0.0,0.0,-16.07,0.0,-0.005002972123333334,,99.6076889,0.0,0.00101744199,83.1121699,0.00253636682,219.319735,10.0361899,0.0,99.9999924,100.0,False
2026-07-22 10:30:00,0.0,121.83,128.14,126.99,160.0,160.0,,0.0,0.0,0.0,,0.0,0.0,0.0,0.0,0.0,0.0,3.8723899999999998,5.02,9.7196989,0.0,2.87,0.0,0.0,0.52,0.0,0.0,5.4,0.0,0.0,-3.1,0.0,0.0,21.79,0.0,0.0,-16.07,0.0,-0.004900277693333333,,99.6076889,0.0,0.00106281642,83.1122826,0.00266056106,219.32004,10.4837696,0.0,99.9999924,100.0,False
2026-07-22 11:00:00,0.0,116.77,120.92,117.9,123.72,123.72,,0.0,0.0,0.0,,0.0,0.0,0.0,0.0,0.0,0.0,2.79766,5.02,7.022126599999999,0.0,1.44,0.0,0.0,1.25,0.0,0.0,5.17,0.0,0.0,-1.87,0.0,0.0,9.82,0.0,0.0,-14.03,0.0,-0.00490852777,,99.6076889,0.0,0.00110857296,83.1124069,0.00278496441,219.320394,10.9351185,0.0,99.9999924,100.0,False
2026-07-22 11:30:00,-0.053,116.77,117.49,116.71,122.47,122.47,,0.0,-6.4909099999999995,0.0,,0.0,0.0,0.0,0.0,0.0,0.0,2.65116,5.02,6.6544115999999995,0.0,1.44,0.0,0.0,1.25,0.0,0.0,5.17,0.0,0.0,-1.87,0.0,0.0,9.82,0.0,0.0,-14.03,0.0,-0.004973861136666667,,99.6076889,0.0,0.0011526094,83.1124946,0.00291102358,219.320648,11.3695001,0.0,99.9999924,100.0,False
2026-07-22 12:00:00,-0.043,113.0,117.13,116.0,155.0,155.0,,0.0,-6.664999999999999,0.0,,0.0,0.0,0.0,0.0,0.0,0.0,2.33016,5.02,5.848701599999999,0.0,1.44,0.0,0.0,1.25,0.0,0.0,5.17,0.0,0.0,-1.87,0.0,0.0,9.82,0.0,0.0,-14.03,0.0,-0.10753402859,,99.6076889,0.00519153354,0.00118177723,83.110862,0.0056364014,219.323537,11.6572156,51.2100118,99.9999924,100.0,False
2026-07-22 12:30:00,-0.408,113.0,115.07,117.99,160.0,160.0,,-65.28,0.0,0.0,,0.0,0.0,0.0,0.0,0.0,0.0,1.37244,5.02,3.4448244,0.0,1.44,0.0,0.0,1.25,0.0,0.0,5.17,0.0,0.0,-1.87,0.0,0.0,9.82,0.0,0.0,-14.03,0.0,-0.08790705707666667,,99.6076889,0.00936720722,0.00119678578,83.109713,0.00786434675,219.326021,11.8052621,92.3994401,99.9999924,100.0,False
2026-07-22 13:00:00,-0.333,110.75,113.12,113.0,160.0,160.0,,-53.28,0.0,0.0,,0.0,0.0,0.0,0.0,0.0,0.0,1.93399,5.02,4.854314899999999,0.0,1.44,0.0,0.0,1.25,0.0,0.0,5.17,0.0,0.0,-1.87,0.0,0.0,9.82,0.0,0.0,-14.03,0.0,-0.7915776213333334,,99.6076889,0.0492834044,0.00119678578,83.0992614,0.0279263504,219.346246,11.8052621,486.138383,99.9999924,100.0,False
2026-07-22 13:30:00,-0.047,110.75,113.28,113.32,160.0,160.0,,0.0,-7.52,0.0,,0.0,0.0,0.0,0.0,0.0,0.0,3.00947,5.02,7.553769699999999,0.0,1.44,0.0,0.0,1.25,0.0,0.0,5.17,0.0,0.0,-1.87,0.0,0.0,9.82,0.0,0.0,-14.03,0.0,-0.6441184812,,99.6076889,0.0816590606,0.00119678578,83.0858737,0.044251101,219.362618,11.8052621,805.496377,99.9999924,100.0,False
2026-07-22 14:00:00,-0.401,109.2,112.61,112.19,155.0,155.0,,-62.155,0.0,0.0,,0.0,0.0,0.0,0.0,0.0,0.0,1.67733,5.02,4.210098299999999,0.0,1.44,0.0,0.0,1.25,0.0,0.0,5.17,0.0,0.0,-1.87,0.0,0.0,9.82,0.0,0.0,-14.03,0.0,-0.09807861166333333,,99.6076889,0.0864136303,0.00121360796,83.0857306,0.0467368377,219.365204,11.9711984,852.396117,99.9999924,100.0,False
2026-07-22 14:30:00,-0.27,109.2,113.1,111.0,155.0,155.0,,-41.85,0.0,0.0,,0.0,0.0,0.0,0.0,0.0,0.0,2.13433,5.02,5.357168299999999,0.0,1.44,0.0,0.0,1.25,0.0,0.0,5.17,0.0,0.0,-1.87,0.0,0.0,9.82,0.0,0.0,-14.03,0.0,-0.776456665,,99.6076889,0.12552954,0.00121360796,83.0743269,0.066415611,219.385124,11.9711984,1238.24091,99.9999924,100.0,False
2026-07-22 15:00:00,-0.059,109.21,113.7,114.1,125.65,125.65,,0.0,-7.41335,0.0,,0.0,0.0,0.0,0.0,0.0,0.0,0.83215,5.02,2.0886964999999997,0.0,2.66,0.0,0.0,1.12,0.0,0.0,5.95,0.0,0.0,-0.05,0.0,0.0,20.5,0.0,0.0,-11.53,0.0,-0.5241976773333333,,99.6076889,0.151858326,0.00121360796,83.065787,0.079701049,219.398455,11.9711984,1497.95173,99.9999924,100.0,False
2026-07-22 15:30:00,0.0,109.21,114.94,119.0,155.0,155.0,,0.0,0.0,0.0,,0.0,0.0,0.0,0.0,0.0,0.0,1.49172,5.02,3.7442171999999996,0.0,2.66,0.0,0.0,1.12,0.0,0.0,5.95,0.0,0.0,-0.05,0.0,0.0,20.5,0.0,0.0,-11.53,0.0,-0.11813988920333333,,99.6076889,0.157565905,0.0012356445,83.0611699,0.082695225,219.401649,12.1885699,1554.25209,99.9999924,100.0,False
2026-07-22 16:00:00,0.0,113.74,119.46,122.0,95.0,95.0,,0.0,0.0,0.0,,0.0,0.0,0.0,0.0,0.0,0.0,1.1747,5.02,2.948497,0.0,2.66,0.0,0.0,1.12,0.0,0.0,5.95,0.0,0.0,-0.05,0.0,0.0,20.5,0.0,0.0,-11.53,0.0,-0.004908527773333333,,99.6076889,0.157565905,0.00126997076,83.0612378,0.082819629,219.401952,12.5271689,1554.25209,99.9999924,100.0,False
2026-07-22 16:30:00,0.0,113.74,125.29,123.8,95.0,95.0,,0.0,0.0,0.0,,0.0,0.0,0.0,0.0,0.0,0.0,3.3418200000000002,5.02,8.3879682,0.0,2.66,0.0,0.0,1.12,0.0,0.0,5.95,0.0,0.0,-0.05,0.0,0.0,20.5,0.0,0.0,-11.53,0.0,-0.0048949443499999995,,99.6076889,0.157565905,0.00129699897,83.0612924,0.082943688,219.402308,12.793779,1554.25209,99.9999924,100.0,False
2026-07-22 17:00:00,0.0,122.7,135.11,130.8,155.0,155.0,,0.0,0.0,0.0,,0.0,0.0,0.0,0.0,0.0,0.0,3.2991599999999996,5.02,8.280891599999999,0.0,2.66,0.0,0.0,1.12,0.0,0.0,5.95,0.0,0.0,-0.05,0.0,0.0,20.5,0.0,0.0,-11.53,0.0,-0.004845694463333334,,99.6076889,0.157565905,0.0013287374,83.0613703,0.083066499,219.402561,13.1068513,1554.25209,99.9999924,100.0,False
2026-07-22 17:30:00,0.0,122.7,132.37,139.01,106.0,106.0,,0.0,0.0,0.0,,0.0,0.0,0.0,0.0,0.0,0.0,3.7493499999999997,5.02,9.4108685,0.0,2.66,0.0,0.0,1.12,0.0,0.0,5.95,0.0,0.0,-0.05,0.0,0.0,20.5,0.0,0.0,-11.53,0.0,-0.004938388903333334,,99.6076889,0.157565905,0.0013720964,83.061458,0.083191659,219.402966,13.5345505,1554.25209,99.9999924,100.0,False
2026-07-22 18:00:00,0.0,134.35,139.76,142.2,106.0,106.0,,0.0,0.0,0.0,,0.0,0.0,0.0,0.0,0.0,0.0,4.65224,5.02,11.677122399999998,0.0,2.66,0.0,0.0,1.12,0.0,0.0,5.95,0.0,0.0,-0.05,0.0,0.0,20.5,0.0,0.0,-11.53,0.0,-0.004876833283333333,,99.6076889,0.157565905,0.00140834194,83.0615508,0.083315259,219.403169,13.8920816,1554.25209,99.9999924,100.0,False
2026-07-22 18:30:00,0.0,134.35,145.29,146.77,109.28,109.28,,0.0,0.0,0.0,,0.0,0.0,0.0,0.0,0.0,0.0,5.45326,5.02,13.687682599999999,0.0,2.66,0.0,0.0,1.12,0.0,0.0,5.95,0.0,0.0,-0.05,0.0,0.0,20.5,0.0,0.0,-11.53,0.0,-0.004943555513333334,,99.6076889,0.157565905,0.00144959048,83.0616552,0.0834405495,219.403473,14.2989629,1554.25209,99.9999924,100.0,False
2026-07-22 19:00:00,0.0,141.91,148.62,150.0,138.08,138.08,,0.0,0.0,0.0,,0.0,0.0,0.0,0.0,0.0,0.0,6.057720000000001,5.02,15.2048772,0.0,4.61,0.0,0.0,0.39,0.0,0.0,8.84,0.0,0.0,-3.66,0.0,0.0,27.78,0.0,0.0,-18.35,0.0,-0.0049177777,,99.6076889,0.157565905,0.00149017728,83.0617828,0.0835651875,219.403777,14.6993168,1554.25209,99.9999924,100.0,False
2026-07-22 19:30:00,0.0,141.91,150.55,151.39,199.9,199.9,,0.0,0.0,0.0,,0.0,0.0,0.0,0.0,0.0,0.0,6.46115,5.02,16.2174865,0.0,4.61,0.0,0.0,0.39,0.0,0.0,8.84,0.0,0.0,-3.66,0.0,0.0,27.78,0.0,0.0,-18.35,0.0,-0.0049766666866666665,,99.6076889,0.157565905,0.00152392166,83.0619055,0.083691318,219.40398,15.0321761,1554.25209,99.9999924,100.0,False
2026-07-22 20:00:00,0.0,147.0,148.0,148.0,199.9,199.9,,0.0,0.0,0.0,,0.0,0.0,0.0,0.0,0.0,0.0,6.67776,5.02,16.7611776,0.0,4.61,0.0,0.0,0.39,0.0,0.0,8.84,0.0,0.0,-3.66,0.0,0.0,27.78,0.0,0.0,-18.35,0.0,-0.004988944446666667,,99.6076889,0.157565905,0.00156680544,83.0620348,0.0838177595,219.404335,15.4551877,1554.25209,99.9999924,100.0,False
2026-07-22 20:30:00,0.0,147.0,147.53,147.52,189.99,189.99,,0.0,0.0,0.0,,0.0,0.0,0.0,0.0,0.0,0.0,6.89391,5.02,17.303714099999997,0.0,4.61,0.0,0.0,0.39,0.0,0.0,8.84,0.0,0.0,-3.66,0.0,0.0,27.78,0.0,0.0,-18.35,0.0,-0.005083805563333333,,99.6076889,0.157565905,0.00160952381,83.0621642,0.083946605,219.404639,15.8765676,1554.25209,99.9999924,100.0,False
2026-07-22 21:00:00,0.0,147.49,146.15,147.0,212.9,212.9,,0.0,0.0,0.0,,0.0,0.0,0.0,0.0,0.0,0.0,6.98982,5.02,17.544448199999998,0.0,4.61,0.0,0.0,0.39,0.0,0.0,8.84,0.0,0.0,-3.66,0.0,0.0,27.78,0.0,0.0,-18.35,0.0,-0.004996638933333333,,99.6076889,0.157565905,0.00164753471,83.0622885,0.0840732415,219.404893,16.2515125,1554.25209,99.9999924,100.0,False
2026-07-22 21:30:00,0.0,147.49,145.84,147.0,187.0,187.0,,0.0,0.0,0.0,,0.0,0.0,0.0,0.0,0.0,0.0,6.990810000000001,5.02,17.5469331,0.0,4.61,0.0,0.0,0.39,0.0,0.0,8.84,0.0,0.0,-3.66,0.0,0.0,27.78,0.0,0.0,-18.35,0.0,-0.00493980551,,99.6076889,0.157565905,0.00169216306,83.0624112,0.0841984375,219.405197,16.6917327,1554.25209,99.9999924,100.0,False
2026-07-22 22:00:00,0.0,140.2,141.6,142.0,199.0,199.0,,0.0,0.0,0.0,,0.0,0.0,0.0,0.0,0.0,0.0,6.986260000000001,5.02,17.5355126,0.0,4.61,0.0,0.0,0.39,0.0,0.0,8.84,0.0,0.0,-3.66,0.0,0.0,27.78,0.0,0.0,-18.35,0.0,-0.005070527706666667,,99.6076889,0.157565905,0.00173290796,83.0625473,0.084326947,219.405552,17.0936461,1554.25209,99.9999924,100.0,False
2026-07-22 22:30:00,0.0,140.2,136.61,134.99,166.38,166.38,,0.0,0.0,0.0,,0.0,0.0,0.0,0.0,0.0,0.0,6.98609,5.02,17.5350859,0.0,4.61,0.0,0.0,0.39,0.0,0.0,8.84,0.0,0.0,-3.66,0.0,0.0,27.78,0.0,0.0,-18.35,0.0,-0.005004694463333333,,99.6076889,0.157565905,0.00177365885,83.0626783,0.0844537875,219.405754,17.4956186,1554.25209,99.9658038,100.0,False
2026-07-22 23:00:00,0.0,133.55,134.77,133.0,124.15,124.15,,0.0,0.0,0.0,,0.0,0.0,0.0,0.0,0.0,0.0,6.98566,5.02,17.534006599999998,0.0,1.55,0.0,0.0,3.03,0.0,0.0,5.5,0.0,0.0,-3.11,0.0,0.0,8.74,0.0,0.0,-16.57,0.0,-0.0050528334,,99.6076889,0.157565905,0.00181402113,83.062811,0.084581848,219.406008,17.8937578,1554.25209,99.9999924,100.0,False
2026-07-22 23:30:00,0.0,133.55,130.6,132.6,121.55,121.55,,0.0,0.0,0.0,,0.0,0.0,0.0,0.0,0.0,0.0,6.98578,5.02,17.534307799999997,0.0,1.55,0.0,0.0,3.03,0.0,0.0,5.5,0.0,0.0,-3.11,0.0,0.0,8.74,0.0,0.0,-16.57,0.0,-0.00499986116,,99.6076889,0.157565905,0.00185228184,83.062937,0.084708566,219.406363,18.2711667,1554.25209,99.9658038,100.0,False
2026-07-23 00:00:00,0.0,127.8,122.4,124.23,121.62,121.62,,0.0,0.0,0.0,,0.0,0.0,0.0,0.0,0.0,0.0,6.98618,5.02,17.5353118,0.0,1.55,0.0,0.0,3.03,0.0,0.0,5.5,0.0,0.0,-3.11,0.0,0.0,8.74,0.0,0.0,-16.57,0.0,-0.0050264167,,99.6076889,0.157565905,0.00188727893,83.0630498,0.0848359575,219.406616,18.6163829,1554.25209,99.9999924,100.0,False
2026-07-23 00:30:00,0.0,127.8,121.21,122.0,121.07,121.07,,0.0,0.0,0.0,,0.0,0.0,0.0,0.0,0.0,0.0,6.986470000000001,5.02,17.5360397,0.0,1.55,0.0,0.0,3.03,0.0,0.0,5.5,0.0,0.0,-3.11,0.0,0.0,8.74,0.0,0.0,-16.57,0.0,-0.005038722276666667,,99.6076889,0.0,3.30062181e-05,83.0631625,0.000127703035,219.40692,0.325577945,0.0,99.9679413,100.0,False
2026-07-23 01:00:00,0.0,124.9,122.05,118.0,119.48,119.48,,0.0,0.0,0.0,,0.0,0.0,0.0,0.0,0.0,0.0,6.9864,5.02,17.535863999999997,0.0,1.55,0.0,0.0,3.03,0.0,0.0,5.5,0.0,0.0,-3.11,0.0,0.0,8.74,0.0,0.0,-16.57,0.0,-0.004981638906666666,,99.6076889,0.0,6.56745484e-05,83.0632669,0.00025395933,219.407274,0.647822917,0.0,99.9999924,100.0,False
2026-07-23 01:30:00,0.0,124.9,120.03,118.84,119.48,119.48,,0.0,0.0,0.0,,0.0,0.0,0.0,0.0,0.0,0.0,6.98515,5.02,17.5327265,0.0,1.55,0.0,0.0,3.03,0.0,0.0,5.5,0.0,0.0,-3.11,0.0,0.0,8.74,0.0,0.0,-16.57,0.0,-0.005049722276666667,,99.6076889,0.0,9.26201524e-05,83.0633814,0.000381941152,219.407579,0.913618118,0.0,99.9679413,100.0,False
2026-07-23 02:00:00,0.0,119.68,119.78,120.0,113.23,113.23,,0.0,0.0,0.0,,0.0,0.0,0.0,0.0,0.0,0.0,6.988449999999999,5.02,17.541009499999998,0.0,1.55,0.0,0.0,3.03,0.0,0.0,5.5,0.0,0.0,-3.11,0.0,0.0,8.74,0.0,0.0,-16.57,0.0,-0.00508438889,,99.6076889,0.0,0.000124699812,83.0634875,0.00051080158,219.407883,1.23005636,0.0,99.9999924,100.0,False
2026-07-23 02:30:00,0.0,119.68,117.91,119.67,116.1,116.1,,0.0,0.0,0.0,,0.0,0.0,0.0,0.0,0.0,0.0,6.98658,5.02,17.536315799999997,0.0,1.55,0.0,0.0,3.03,0.0,0.0,5.5,0.0,0.0,-3.11,0.0,0.0,8.74,0.0,0.0,-16.57,0.0,-0.005070916733333333,,99.6076889,0.0,0.000151061962,83.0635969,0.000639320555,219.408137,1.49009629,0.0,99.9658038,100.0,False
2026-07-23 03:00:00,0.0,117.3,118.4,119.5,96.5,96.5,,0.0,0.0,0.0,,0.0,0.0,0.0,0.0,0.0,0.0,6.986260000000001,5.02,17.5355126,0.0,2.33,0.0,0.0,1.07,0.0,0.0,3.77,0.0,0.0,-0.52,0.0,0.0,11.53,0.0,0.0,-13.09,0.0,-0.0050315277600000005,,99.6076889,0.0,0.000180303466,83.0637146,0.00076684125,219.408492,1.77853857,0.0,99.98503496666666,100.0,False
2026-07-23 03:30:00,0.0,117.3,119.78,118.3,96.5,96.5,,0.0,0.0,0.0,,0.0,0.0,0.0,0.0,0.0,0.0,6.9865900000000005,5.02,17.5363409,0.0,2.33,0.0,0.0,1.07,0.0,0.0,3.77,0.0,0.0,-0.52,0.0,0.0,11.53,0.0,0.0,-13.09,0.0,-0.005049527803333333,,99.6076889,0.0,0.000203809855,83.0638224,0.000894818145,219.408695,2.01040887,0.0,99.98289873333333,100.0,False
2026-07-23 04:00:00,0.0,120.0,125.02,122.0,96.15,96.15,,0.0,0.0,0.0,,0.0,0.0,0.0,0.0,0.0,0.0,6.9867799999999995,5.02,17.536817799999998,0.0,2.33,0.0,0.0,1.07,0.0,0.0,3.77,0.0,0.0,-0.52,0.0,0.0,11.53,0.0,0.0,-13.09,0.0,-0.00503733333,,99.6076889,0.0,0.000232827493,83.0639184,0.00102248598,219.409049,2.29664291,0.0,99.9658038,100.0,False
2026-07-23 04:30:00,0.0,120.0,124.97,122.32,96.11,96.11,,0.0,0.0,0.0,,0.0,0.0,0.0,0.0,0.0,0.0,6.98616,5.02,17.5352616,0.0,2.33,0.0,0.0,1.07,0.0,0.0,3.77,0.0,0.0,-0.52,0.0,0.0,11.53,0.0,0.0,-13.09,0.0,-0.005001388866666667,,99.6076889,0.0,0.000260905259,83.0640212,0.00114924282,219.409404,2.57360591,0.0,99.9999924,100.0,False
2026-07-23 05:00:00,0.0,130.12,136.22,134.1,96.11,96.11,,0.0,0.0,0.0,,0.0,0.0,0.0,0.0,0.0,0.0,6.9565,5.02,17.460815,0.0,2.33,0.0,0.0,1.07,0.0,0.0,3.77,0.0,0.0,-0.52,0.0,0.0,11.53,0.0,0.0,-13.09,0.0,-0.004984555486666667,,99.6076889,0.0,0.000283934534,83.0641322,0.00127557303,219.409606,2.80076989,0.0,99.97007753333332,100.0,False
2026-07-23 05:30:00,0.0,130.12,139.76,136.4,96.11,96.11,,0.0,0.0,0.0,,0.0,0.0,0.0,0.0,0.0,0.0,6.85751,5.02,17.2123501,0.0,2.33,0.0,0.0,1.07,0.0,0.0,3.77,0.0,0.0,-0.52,0.0,0.0,11.53,0.0,0.0,-13.09,0.0,-0.00501033322,,99.6076889,0.0,0.000307949405,83.0642316,0.00140255657,219.409962,3.03765594,0.0,99.97007753333332,100.0,False
2026-07-23 06:00:00,0.0,135.0,141.78,140.11,96.11,96.11,,0.0,0.0,0.0,,0.0,0.0,0.0,0.0,0.0,0.0,6.82369,5.02,17.1274619,0.0,2.33,0.0,0.0,1.07,0.0,0.0,3.77,0.0,0.0,-0.52,0.0,0.0,11.53,0.0,0.0,-13.09,0.0,-0.004985749956666666,,99.6076889,0.0,0.000340659178,83.0643427,0.00152891706,219.410316,3.3603097,0.0,99.9999924,100.0,False
2026-07-23 06:30:00,0.0,135.0,150.21,151.85,96.2,96.2,,0.0,0.0,0.0,,0.0,0.0,0.0,0.0,0.0,0.0,6.25824,5.02,15.708182399999998,0.0,2.33,0.0,0.0,1.07,0.0,0.0,3.77,0.0,0.0,-0.52,0.0,0.0,11.53,0.0,0.0,-13.09,0.0,-0.004989111106666667,,99.6076889,0.0,0.000370151251,83.0644537,0.00165536273,219.410519,3.65122363,0.0,99.97007753333332,100.0,False
2026-07-23 07:00:00,0.0,134.21,149.63,153.5,127.5,127.5,,0.0,0.0,0.0,,0.0,0.0,0.0,0.0,0.0,0.0,6.0374300000000005,5.02,15.1539493,0.0,2.69,0.0,0.0,0.56,0.0,0.0,6.3,0.0,0.0,-3.52,0.0,0.0,11.53,0.0,0.0,-16.3,0.0,-0.0049661389233333336,,99.6076889,0.0,0.000399537272,83.0645597,0.00178122619,219.410823,3.94109145,0.0,99.9999924,100.0,False
2026-07-23 07:30:00,0.0,134.21,154.0,156.3,169.69,169.69,,0.0,0.0,0.0,,0.0,0.0,0.0,0.0,0.0,0.0,5.560350000000001,5.02,13.956478500000001,0.0,2.69,0.0,0.0,0.56,0.0,0.0,6.3,0.0,0.0,-3.52,0.0,0.0,11.53,0.0,0.0,-16.3,0.0,-0.004998555583333333,,99.6076889,0.0,0.000433865321,83.0646774,0.00190791122,219.411127,4.27970812,0.0,99.9999924,100.0,False
2026-07-23 08:00:00,0.0,135.6,154.59,149.59,157.12,157.12,,0.0,0.0,0.0,,0.0,0.0,0.0,0.0,0.0,0.0,5.22349,5.02,13.1109599,0.0,2.69,0.0,0.0,0.56,0.0,0.0,6.3,0.0,0.0,-3.52,0.0,0.0,11.53,0.0,0.0,-16.3,0.0,-0.004942333383333333,,99.6076889,0.0,0.000473018123,83.0647952,0.00203317135,219.41133,4.66591682,0.0,99.9999924,100.0,False
2026-07-23 08:30:00,0.0,135.6,154.55,144.55,153.67,153.67,,0.0,0.0,0.0,,0.0,0.0,0.0,0.0,0.0,0.0,4.55009,5.02,11.420725899999999,0.0,2.69,0.0,0.0,0.56,0.0,0.0,6.3,0.0,0.0,-3.52,0.0,0.0,11.53,0.0,0.0,-16.3,0.0,-0.004964055536666667,,99.6076889,0.0,0.000508701463,83.0648979,0.002158982,219.411736,5.01790227,0.0,99.9999924,100.0,False
2026-07-23 09:00:00,0.0,135.53,149.88,149.56,165.0,165.0,,0.0,0.0,0.0,,0.0,0.0,0.0,0.0,0.0,0.0,4.29364,5.02,10.777036399999998,0.0,2.69,0.0,0.0,0.56,0.0,0.0,6.3,0.0,0.0,-3.52,0.0,0.0,11.53,0.0,0.0,-16.3,0.0,-0.00495947218,,99.6076889,0.0,0.000546329993,83.0650006,0.0022846765,219.41204,5.38907535,0.0,99.9999924,100.0,False
2026-07-23 09:30:00,0.0,135.53,147.0,142.0,144.99,144.99,,0.0,0.0,0.0,,0.0,0.0,0.0,0.0,0.0,0.0,2.99505,5.02,7.5175754999999995,0.0,2.69,0.0,0.0,0.56,0.0,0.0,6.3,0.0,0.0,-3.52,0.0,0.0,11.53,0.0,0.0,-16.3,0.0,-0.0050243333933333335,,99.6076889,0.0,0.000586707951,83.0650867,0.00241201486,219.412293,5.78736916,0.0,99.9999924,100.0,False
2026-07-23 10:00:00,0.0,126.16,141.0,137.02,112.96,112.96,,0.0,0.0,0.0,,0.0,0.0,0.0,0.0,0.0,0.0,3.0639600000000002,5.02,7.6905396,0.0,2.69,0.0,0.0,0.56,0.0,0.0,6.3,0.0,0.0,-3.52,0.0,0.0,11.53,0.0,0.0,-16.3,0.0,-0.004973694483333333,,99.6076889,0.0,0.00062228011,83.0651712,0.0025380698,219.412648,6.13825791,0.0,99.9999924,100.0,False
2026-07-23 10:30:00,0.0,126.16,138.12,130.18,102.59,102.59,,0.0,0.0,0.0,,0.0,0.0,0.0,0.0,0.0,0.0,1.23274,5.02,3.0941773999999995,0.0,2.69,0.0,0.0,0.56,0.0,0.0,6.3,0.0,0.0,-3.52,0.0,0.0,11.53,0.0,0.0,-16.3,0.0,-0.00486833334,,99.6076889,0.0,0.000653878408,83.0652491,0.00266145445,219.412952,6.44994793,0.0,99.9999924,100.0,False
2026-07-23 11:00:00,0.0,122.7,132.71,129.93,98.56,98.56,,0.0,0.0,0.0,,0.0,0.0,0.0,0.0,0.0,0.0,1.47072,5.02,3.6915071999999998,0.0,2.02,0.0,0.0,0.71,0.0,0.0,6.5,0.0,0.0,-2.08,0.0,0.0,17.32,0.0,0.0,-13.92,0.0,-0.004941722313333333,,99.6076889,0.0,0.000679037706,83.0653237,0.00278669908,219.413307,6.69812276,0.0,99.9999924,100.0,False
2026-07-23 11:30:00,0.0,122.7,131.41,127.18,96.1,96.1,,0.0,0.0,0.0,,0.0,0.0,0.0,0.0,0.0,0.0,0.983,5.02,2.4673299999999996,0.0,2.02,0.0,0.0,0.71,0.0,0.0,6.5,0.0,0.0,-2.08,0.0,0.0,17.32,0.0,0.0,-13.92,0.0,-0.004944527706666667,,99.6076889,0.0,0.000705988628,83.0653999,0.00291201482,219.41351,6.96397042,0.0,99.9999924,100.0,False
2026-07-23 12:00:00,0.0,124.12,135.0,128.98,94.5,94.5,,0.0,0.0,0.0,,0.0,0.0,0.0,0.0,0.0,0.0,0.75164,5.02,1.8866163999999999,0.0,2.02,0.0,0.0,0.71,0.0,0.0,6.5,0.0,0.0,-2.08,0.0,0.0,17.32,0.0,0.0,-13.92,0.0,-0.004917916696666667,,99.6076889,0.0,0.000732855394,83.0654645,0.00303665612,219.413915,7.22898795,0.0,99.9999924,100.0,False
2026-07-23 12:30:00,0.0,124.12,132.67,127.0,91.38,91.38,,0.0,0.0,0.0,,0.0,0.0,0.0,0.0,0.0,0.0,1.49199,5.02,3.7448948999999994,0.0,2.02,0.0,0.0,0.71,0.0,0.0,6.5,0.0,0.0,-2.08,0.0,0.0,17.32,0.0,0.0,-13.92,0.0,-0.0049254445233333334,,99.6076889,0.0,0.000754675214,83.0655376,0.00316148821,219.414169,7.4442217,0.0,99.9999924,100.0,False
2026-07-23 13:00:00,0.0,121.8,130.14,125.86,90.5,90.5,,0.0,0.0,0.0,,0.0,0.0,0.0,0.0,0.0,0.0,3.61374,5.02,9.0704874,0.0,2.02,0.0,0.0,0.71,0.0,0.0,6.5,0.0,0.0,-2.08,0.0,0.0,17.32,0.0,0.0,-13.92,0.0,-0.005341833353333333,,99.6076889,0.0,0.000881331393,83.0659363,0.00329687338,219.415081,8.69357594,0.0,99.9999924,100.0,False
2026-07-23 13:30:00,0.0,121.8,126.0,122.86,92.16,92.16,,0.0,0.0,0.0,,0.0,0.0,0.0,0.0,0.0,0.0,3.50215,5.02,8.790396499999998,0.0,2.02,0.0,0.0,0.71,0.0,0.0,6.5,0.0,0.0,-2.08,0.0,0.0,17.32,0.0,0.0,-13.92,0.0,-0.005381333353333333,,99.6076889,0.0,0.00102182192,83.0665209,0.00343325967,219.416196,10.0793941,0.0,99.9999924,100.0,False
2026-07-23 14:00:00,0.0,119.87,123.81,122.0,96.25,96.25,,0.0,0.0,0.0,,0.0,0.0,0.0,0.0,0.0,0.0,2.72689,5.02,6.8444939,0.0,2.02,0.0,0.0,0.71,0.0,0.0,6.5,0.0,0.0,-2.08,0.0,0.0,17.32,0.0,0.0,-13.92,0.0,-0.005499194543333333,,99.6076889,0.0,0.00115099749,83.0671155,0.00357263307,219.417311,11.3536,0.0,99.9999924,100.0,False
2026-07-23 14:30:00,0.0,119.87,123.31,122.0,96.1,96.1,,0.0,0.0,0.0,,0.0,0.0,0.0,0.0,0.0,0.0,3.02857,5.02,7.6017107,0.0,2.02,0.0,0.0,0.71,0.0,0.0,6.5,0.0,0.0,-2.08,0.0,0.0,17.32,0.0,0.0,-13.92,0.0,-0.005435555616666666,,99.6076889,0.0,0.00129358876,83.0677068,0.00371039358,219.418427,12.7601402,0.0,99.9999924,100.0,False
2026-07-23 15:00:00,0.0,119.96,122.92,119.1,96.1,96.1,,0.0,0.0,0.0,,0.0,0.0,0.0,0.0,0.0,0.0,1.84771,5.02,4.637752099999999,0.0,2.75,0.0,0.0,2.68,0.0,0.0,7.53,0.0,0.0,0.0,0.0,0.0,11.53,0.0,0.0,-10.41,0.0,-0.0053724167366666666,,99.6076889,0.0,0.00143883963,83.0682996,0.00384655387,219.419491,14.192915,0.0,99.9999924,100.0,False
2026-07-23 15:30:00,0.0,119.96,122.76,122.63,96.21,96.21,,0.0,0.0,0.0,,0.0,0.0,0.0,0.0,0.0,0.0,4.56982,5.02,11.470248199999999,0.0,2.75,0.0,0.0,2.68,0.0,0.0,7.53,0.0,0.0,0.0,0.0,0.0,11.53,0.0,0.0,-10.41,0.0,-0.005579138836666667,,99.6076889,0.0,0.00157624482,83.0688942,0.0039879534,219.420707,15.548299,0.0,99.9999924,100.0,False
2026-07-23 16:00:00,0.0,122.4,125.21,120.77,96.25,96.25,,0.0,0.0,0.0,,0.0,0.0,0.0,0.0,0.0,0.0,3.4242399999999997,5.02,8.5948424,0.0,2.75,0.0,0.0,2.68,0.0,0.0,7.53,0.0,0.0,0.0,0.0,0.0,11.53,0.0,0.0,-10.41,0.0,-0.005688749953333333,,99.6076889,0.0,0.00170932171,83.069487,0.00413213095,219.42162,16.8609881,0.0,99.9999924,100.0,False
2026-07-23 16:30:00,0.0,122.4,129.64,122.77,95.25,95.25,,0.0,0.0,0.0,,0.0,0.0,0.0,0.0,0.0,0.0,4.25083,5.02,10.669583299999998,0.0,2.75,0.0,0.0,2.68,0.0,0.0,7.53,0.0,0.0,0.0,0.0,0.0,11.53,0.0,0.0,-10.41,0.0,-0.0053905555400000004,,99.6076889,0.0,0.0018426794,83.0700698,0.00426875097,219.422735,18.1764469,0.0,99.9999924,100.0,False
2026-07-23 17:00:00,0.0,127.2,132.78,129.08,96.25,96.25,,0.0,0.0,0.0,,0.0,0.0,0.0,0.0,0.0,0.0,4.72743,5.02,11.865849299999999,0.0,2.75,0.0,0.0,2.68,0.0,0.0,7.53,0.0,0.0,0.0,0.0,0.0,11.53,0.0,0.0,-10.41,0.0,-0.005492944553333334,,99.6076889,0.0,0.00196474294,83.0706592,0.00440796596,219.4238,19.3804987,0.0,99.9999924,100.0,False
2026-07-23 17:30:00,0.0,127.2,139.04,137.72,110.45,110.45,,0.0,0.0,0.0,,0.0,0.0,0.0,0.0,0.0,0.0,5.83446,5.02,14.644494599999998,0.0,2.75,0.0,0.0,2.68,0.0,0.0,7.53,0.0,0.0,0.0,0.0,0.0,11.53,0.0,0.0,-10.41,0.0,-0.00564205567,,99.6076889,0.0,0.00207155265,83.0712386,0.00455096007,219.424712,20.4340846,0.0,99.9999924,100.0,False
2026-07-23 18:00:00,0.0,145.5,157.8,151.8,123.05,123.05,,0.0,0.0,0.0,,0.0,0.0,0.0,0.0,0.0,0.0,5.82996,5.02,14.633199599999998,0.0,2.75,0.0,0.0,2.68,0.0,0.0,7.53,0.0,0.0,0.0,0.0,0.0,11.53,0.0,0.0,-10.41,0.0,-0.0054885000366666666,,99.6076889,0.0,0.00215264183,83.0718113,0.00469006242,219.425878,21.2339596,0.0,99.9999924,100.0,False
2026-07-23 18:30:00,0.0,145.5,158.3,159.99,138.81,138.81,,0.0,0.0,0.0,,0.0,0.0,0.0,0.0,0.0,0.0,5.62329,5.02,14.114457899999998,0.0,2.75,0.0,0.0,2.68,0.0,0.0,7.53,0.0,0.0,0.0,0.0,0.0,11.53,0.0,0.0,-10.41,0.0,-0.005385888816666667,,99.6076889,0.0,0.00223149861,83.072384,0.00482656416,219.427043,22.0118139,0.0,99.9999924,100.0,False
2026-07-23 19:00:00,0.0,161.97,166.58,165.99,116.38,116.38,,0.0,0.0,0.0,,0.0,0.0,0.0,0.0,0.0,0.0,5.881399999999999,5.02,14.762313999999996,0.0,6.53,0.0,0.0,0.36,0.0,0.0,11.9,0.0,0.0,-3.57,0.0,0.0,11.53,0.0,0.0,-14.34,0.0,-0.00562350003,,99.6076889,0.0,0.00230627661,83.0729567,0.004969088,219.428057,22.7494346,0.0,99.9999924,100.0,False
2026-07-23 19:30:00,0.0,161.97,167.0,167.0,128.48,128.48,,0.0,0.0,0.0,,0.0,0.0,0.0,0.0,0.0,0.0,6.6138900000000005,5.02,16.6008639,0.0,6.53,0.0,0.0,0.36,0.0,0.0,11.9,0.0,0.0,-3.57,0.0,0.0,11.53,0.0,0.0,-14.34,0.0,-0.00549836111,,99.6076889,0.0,0.00237995223,83.0735293,0.00510844025,219.429122,23.4761812,0.0,99.9999924,100.0,False
2026-07-23 20:00:00,0.0,164.0,169.01,167.61,151.44,151.44,,0.0,0.0,0.0,,0.0,0.0,0.0,0.0,0.0,0.0,6.7975,5.02,17.061725,0.0,6.53,0.0,0.0,0.36,0.0,0.0,11.9,0.0,0.0,-3.57,0.0,0.0,11.53,0.0,0.0,-14.34,0.0,-0.005612083273333333,,99.6076889,0.0,0.00246011827,83.074102,0.00525067475,219.430186,24.2669502,0.0,99.9999924,100.0,False
2026-07-23 20:30:00,0.0,164.0,164.98,169.48,147.68,147.68,,0.0,0.0,0.0,,0.0,0.0,0.0,0.0,0.0,0.0,6.92415,5.02,17.379616499999997,0.0,6.53,0.0,0.0,0.36,0.0,0.0,11.9,0.0,0.0,-3.57,0.0,0.0,11.53,0.0,0.0,-14.34,0.0,-0.005766222156666667,,99.6076889,0.0,0.00253086008,83.0746763,0.0053968158,219.431352,24.9647573,0.0,99.9999924,100.0,False
2026-07-23 21:00:00,0.0,161.63,165.08,171.1,167.52,167.52,,0.0,0.0,0.0,,0.0,0.0,0.0,0.0,0.0,0.0,6.9886,5.02,17.541386,0.0,6.53,0.0,0.0,0.36,0.0,0.0,11.9,0.0,0.0,-3.57,0.0,0.0,11.53,0.0,0.0,-14.34,0.0,-0.005684083306666666,,99.6076889,0.0,0.00260547537,83.0752556,0.00554087505,219.432366,25.7007729,0.0,99.9999924,100.0,False
2026-07-23 21:30:00,0.0,161.63,164.29,167.05,118.54,118.54,,0.0,0.0,0.0,,0.0,0.0,0.0,0.0,0.0,0.0,6.99152,5.02,17.5487152,0.0,6.53,0.0,0.0,0.36,0.0,0.0,11.9,0.0,0.0,-3.57,0.0,0.0,11.53,0.0,0.0,-14.34,0.0,-0.0055502777133333335,,99.6076889,0.0,0.00267501504,83.0758215,0.00568154315,219.433481,26.3867219,0.0,99.9999924,100.0,False
2026-07-23 22:00:00,0.0,149.0,158.41,159.57,169.39,169.39,,0.0,0.0,0.0,,0.0,0.0,0.0,0.0,0.0,0.0,6.98674,5.02,17.5367174,0.0,6.53,0.0,0.0,0.36,0.0,0.0,11.9,0.0,0.0,-3.57,0.0,0.0,11.53,0.0,0.0,-14.34,0.0,-0.005389694453333333,,99.6076889,0.0,0.00274278076,83.0763907,0.0058181413,219.434596,27.0551724,0.0,99.9999924,100.0,False
2026-07-23 22:30:00,0.0,149.0,151.58,148.99,158.0,158.0,,0.0,0.0,0.0,,0.0,0.0,0.0,0.0,0.0,0.0,6.987010000000001,5.02,17.5373951,0.0,6.53,0.0,0.0,0.36,0.0,0.0,11.9,0.0,0.0,-3.57,0.0,0.0,11.53,0.0,0.0,-14.34,0.0,-0.006097500006666667,,99.6076889,0.0,0.00281472453,83.0769681,0.00597267835,219.435609,27.7648358,0.0,99.9999924,100.0,False
2026-07-23 23:00:00,0.0,144.54,146.0,149.78,120.04,120.04,,0.0,0.0,0.0,,0.0,0.0,0.0,0.0,0.0,0.0,6.986260000000001,5.02,17.5355126,0.0,2.25,0.0,0.0,0.1,0.0,0.0,7.85,0.0,0.0,-3.78,0.0,0.0,9.67,0.0,0.0,-16.27,0.0,-0.005518111070000001,,99.6076889,0.0,0.00289276702,83.0775405,0.00611253115,219.436674,28.5346579,0.0,99.9999924,100.0,False
2026-07-23 23:30:00,0.0,144.54,141.56,142.0,170.0,170.0,,0.0,0.0,0.0,,0.0,0.0,0.0,0.0,0.0,0.0,6.98596,5.02,17.5347596,0.0,2.25,0.0,0.0,0.1,0.0,0.0,7.85,0.0,0.0,-3.78,0.0,0.0,9.67,0.0,0.0,-16.27,0.0,-0.0055271666066666674,,99.6076889,0.0,0.00296754035,83.0781078,0.00625261355,219.43779,29.2722324,0.0,99.9999924,100.0,False
2026-07-24 00:00:00,0.0,141.58,138.33,138.0,195.0,195.0,,0.0,0.0,0.0,,0.0,0.0,0.0,0.0,0.0,0.0,6.98571,5.02,17.534132099999997,0.0,2.25,0.0,0.0,0.1,0.0,0.0,7.85,0.0,0.0,-3.78,0.0,0.0,9.67,0.0,0.0,-16.27,0.0,-0.005454250016666666,,99.6076889,0.0,0.00305270187,83.0786835,0.00639084785,219.438804,30.1122776,0.0,99.9999924,100.0,False
2026-07-24 00:30:00,0.0,141.58,138.4,135.3,130.36,130.36,,0.0,0.0,0.0,,0.0,0.0,0.0,0.0,0.0,0.0,6.98684,5.02,17.5369684,0.0,2.25,0.0,0.0,0.1,0.0,0.0,7.85,0.0,0.0,-3.78,0.0,0.0,9.67,0.0,0.0,-16.27,0.0,-0.005622611126666666,,99.6076889,0.0,7.46124235e-05,83.0792624,0.000142501306,219.439919,0.735987365,0.0,99.9999924,100.0,False
2026-07-24 01:00:00,0.0,135.0,134.0,130.9,180.0,180.0,,0.0,0.0,0.0,,0.0,0.0,0.0,0.0,0.0,0.0,6.98618,5.02,17.5353118,0.0,2.25,0.0,0.0,0.1,0.0,0.0,7.85,0.0,0.0,-3.78,0.0,0.0,9.67,0.0,0.0,-16.27,0.0,-0.0053369445,,99.6076889,0.0,0.000142218661,83.0798347,0.000277762583,219.441034,1.40286473,0.0,99.9999924,100.0,False
2026-07-24 01:30:00,0.0,135.0,131.99,126.48,165.0,165.0,,0.0,0.0,0.0,,0.0,0.0,0.0,0.0,0.0,0.0,6.986140000000001,5.02,17.5352114,0.0,2.25,0.0,0.0,0.1,0.0,0.0,7.85,0.0,0.0,-3.78,0.0,0.0,9.67,0.0,0.0,-16.27,0.0,-0.005657638866666666,,99.6076889,0.0,0.000211602452,83.0804053,0.000421151644,219.442098,2.08727614,0.0,99.97007753333332,100.0,False
2026-07-24 02:00:00,0.0,132.21,133.39,130.98,115.22,115.22,,0.0,0.0,0.0,,0.0,0.0,0.0,0.0,0.0,0.0,6.9863100000000005,5.02,17.5356381,0.0,2.25,0.0,0.0,0.1,0.0,0.0,7.85,0.0,0.0,-3.78,0.0,0.0,9.67,0.0,0.0,-16.27,0.0,-0.005688138963333333,,99.6076889,0.0,0.000280786273,83.0809758,0.000565313705,219.443214,2.76971501,0.0,99.9999924,100.0,False
2026-07-24 02:30:00,0.0,132.21,128.94,126.56,118.18,118.18,,0.0,0.0,0.0,,0.0,0.0,0.0,0.0,0.0,0.0,6.98569,5.02,17.534081899999997,0.0,2.25,0.0,0.0,0.1,0.0,0.0,7.85,0.0,0.0,-3.78,0.0,0.0,9.67,0.0,0.0,-16.27,0.0,-0.00545294444,,99.6076889,0.0,0.000339969247,83.0815513,0.000703514925,219.444277,3.35350413,0.0,99.97007753333332,100.0,False
2026-07-24 03:00:00,0.0,129.8,128.0,123.16,118.67,118.67,,0.0,0.0,0.0,,0.0,0.0,0.0,0.0,0.0,0.0,6.98622,5.02,17.5354122,0.0,1.85,0.0,0.0,0.64,0.0,0.0,7.22,0.0,0.0,-3.07,0.0,0.0,10.88,0.0,0.0,-18.06,0.0,-0.005538138866666667,,99.6076889,0.0,0.000410028911,83.0821185,0.00084387534,219.445342,4.04458244,0.0,99.9999924,100.0,False
2026-07-24 03:30:00,0.0,129.8,126.53,122.94,114.29,114.29,,0.0,0.0,0.0,,0.0,0.0,0.0,0.0,0.0,0.0,6.98591,5.02,17.534634099999998,0.0,1.85,0.0,0.0,0.64,0.0,0.0,7.22,0.0,0.0,-3.07,0.0,0.0,10.88,0.0,0.0,-18.06,0.0,-0.00543522239,,99.6076889,0.0,0.000482168484,83.0826989,0.000981627405,219.446508,4.75617726,0.0,99.9999924,100.0,False
2026-07-24 04:00:00,0.0,133.58,134.68,134.68,135.6,135.6,,0.0,0.0,0.0,,0.0,0.0,0.0,0.0,0.0,0.0,6.98628,5.02,17.535562799999997,0.0,1.85,0.0,0.0,0.64,0.0,0.0,7.22,0.0,0.0,-3.07,0.0,0.0,10.88,0.0,0.0,-18.06,0.0,-0.0056946388866666664,,99.6076889,0.0,0.000559958314,83.0832843,0.00112595421,219.447521,5.52350701,0.0,99.9999924,100.0,False
2026-07-24 04:30:00,0.0,133.58,133.41,133.5,130.25,130.25,,0.0,0.0,0.0,,0.0,0.0,0.0,0.0,0.0,0.0,6.9859,5.02,17.534609,0.0,1.85,0.0,0.0,0.64,0.0,0.0,7.22,0.0,0.0,-3.07,0.0,0.0,10.88,0.0,0.0,-18.06,0.0,-0.005386861086666667,,99.6076889,0.0,0.000631793427,83.0838546,0.00126248058,219.448636,6.23209859,0.0,99.9999924,100.0,False
2026-07-24 05:00:00,0.0,141.59,145.48,148.32,162.49,162.49,,0.0,0.0,0.0,,0.0,0.0,0.0,0.0,0.0,0.0,6.91918,5.02,17.3671418,0.0,1.85,0.0,0.0,0.64,0.0,0.0,7.22,0.0,0.0,-3.07,0.0,0.0,10.88,0.0,0.0,-18.06,0.0,-0.00561666671,,99.6076889,0.0,0.000707925467,83.0844349,0.00140483123,219.449752,6.98307567,0.0,99.9999924,100.0,False
2026-07-24 05:30:00,0.0,141.59,146.26,144.2,168.52,168.52,,0.0,0.0,0.0,,0.0,0.0,0.0,0.0,0.0,0.0,6.71006,5.02,16.8422506,0.0,1.85,0.0,0.0,0.64,0.0,0.0,7.22,0.0,0.0,-3.07,0.0,0.0,10.88,0.0,0.0,-18.06,0.0,-0.005557444493333333,,99.6076889,0.0,0.000780623126,83.0850102,0.00154568093,219.450867,7.70017553,0.0,99.9999924,100.0,False
2026-07-24 06:00:00,0.0,145.7,142.05,141.9,167.18,167.18,,0.0,0.0,0.0,,0.0,0.0,0.0,0.0,0.0,0.0,6.5122,5.02,16.345622,0.0,1.85,0.0,0.0,0.64,0.0,0.0,7.22,0.0,0.0,-3.07,0.0,0.0,10.88,0.0,0.0,-18.06,0.0,-0.00568474992,,99.6076889,0.0,0.000833526411,83.0855837,0.00168975711,219.45183,8.22202092,0.0,99.9999924,100.0,False
2026-07-24 06:30:00,0.0,145.7,146.63,145.34,149.64,149.64,,0.0,0.0,0.0,,0.0,0.0,0.0,0.0,0.0,0.0,6.22079,5.02,15.6141829,0.0,1.85,0.0,0.0,0.64,0.0,0.0,7.22,0.0,0.0,-3.07,0.0,0.0,10.88,0.0,0.0,-18.06,0.0,-0.005427277800000001,,99.6076889,0.0,0.000905911763,83.0861505,0.00182730782,219.452996,8.93604014,0.0,99.9999924,100.0,False
2026-07-24 07:00:00,0.0,144.75,132.49,136.0,95.0,95.0,,0.0,0.0,0.0,,0.0,0.0,0.0,0.0,0.0,0.0,5.63793,5.02,14.151204299999998,0.0,3.71,0.0,0.0,-0.08,0.0,0.0,9.92,0.0,0.0,-3.07,0.0,0.0,12.95,0.0,0.0,-14.79,0.0,-0.005740666710000001,,99.6076889,0.0,0.000958051733,83.0867189,0.00197280116,219.45406,9.45035609,0.0,99.9999924,100.0,False
2026-07-24 07:30:00,0.0,144.75,131.27,136.0,137.12,137.12,,0.0,0.0,0.0,,0.0,0.0,0.0,0.0,0.0,0.0,4.971760000000001,5.02,12.4791176,0.0,3.71,0.0,0.0,-0.08,0.0,0.0,9.92,0.0,0.0,-3.07,0.0,0.0,12.95,0.0,0.0,-14.79,0.0,-0.005939222256666667,,99.6076889,0.0,0.00103340703,83.0872989,0.00212332677,219.455075,10.1936713,0.0,99.9999924,100.0,False
2026-07-24 08:00:00,0.0,136.7,126.35,117.72,101.52,101.52,,0.0,0.0,0.0,,0.0,0.0,0.0,0.0,0.0,0.0,3.97373,5.02,9.9740623,0.0,3.71,0.0,0.0,-0.08,0.0,0.0,9.92,0.0,0.0,-3.07,0.0,0.0,12.95,0.0,0.0,-14.79,0.0,-0.005694555600000001,,99.6076889,0.0,0.00112264209,83.0878806,0.00226765145,219.456189,11.0738984,0.0,99.9999924,100.0,False
2026-07-24 08:30:00,0.0,136.7,113.6,114.26,164.99,164.99,,0.0,0.0,0.0,,0.0,0.0,0.0,0.0,0.0,0.0,3.28511,5.02,8.245626099999999,0.0,3.71,0.0,0.0,-0.08,0.0,0.0,9.92,0.0,0.0,-3.07,0.0,0.0,12.95,0.0,0.0,-14.79,0.0,-0.005543500026666666,,99.6076889,0.0,0.00121970917,83.0884623,0.00240814775,219.457305,12.0313816,0.0,99.9999924,100.0,False
2026-07-24 09:00:00,0.0,128.68,115.99,121.26,112.67,112.67,,0.0,0.0,0.0,,0.0,0.0,0.0,0.0,0.0,0.0,2.55787,5.02,6.420253699999999,0.0,3.71,0.0,0.0,-0.08,0.0,0.0,9.92,0.0,0.0,-3.07,0.0,0.0,12.95,0.0,0.0,-14.79,0.0,-0.005468638896666667,,99.6076889,0.0,0.00132240266,83.0890421,0.00254674673,219.458369,13.0443645,0.0,99.9999924,100.0,False
2026-07-24 09:30:00,-0.002,128.68,102.09,121.0,88.45,88.45,,0.0,-0.1769,0.0,,0.0,0.0,0.0,0.0,0.0,0.0,1.6125,5.02,4.047375,0.0,3.71,0.0,0.0,-0.08,0.0,0.0,9.92,0.0,0.0,-3.07,0.0,0.0,12.95,0.0,0.0,-14.79,0.0,-0.005350111086666667,,99.6076889,0.0,0.0014283128,83.0896187,0.00268234171,219.459485,14.0890769,0.0,99.9999924,100.0,False
2026-07-24 10:00:00,-0.52,109.74,80.41,90.4,76.4,76.4,,-39.728,0.0,0.0,,0.0,0.0,0.0,0.0,0.0,0.0,1.79992,5.02,4.5177992,0.0,3.71,0.0,0.0,-0.08,0.0,0.0,9.92,0.0,0.0,-3.07,0.0,0.0,12.95,0.0,0.0,-14.79,0.0,-0.011746277426666665,,99.6076889,0.000306998279,0.0015079354,83.0902001,0.00298004322,219.460701,14.8744854,3.0282739,99.9999924,100.0,False
2026-07-24 10:30:00,-0.513,109.74,73.51,85.51,68.75,68.75,,-35.268750000000004,0.0,0.0,,0.0,0.0,0.0,0.0,0.0,0.0,1.63693,5.02,4.1086943,0.0,3.71,0.0,0.0,-0.08,0.0,0.0,9.92,0.0,0.0,-3.07,0.0,0.0,12.95,0.0,0.0,-14.79,0.0,-1.0036895666666668,,99.6076889,0.0508946305,0.0015079354,83.076415,0.0284178817,219.486248,14.8744854,502.031743,99.9999924,100.0,False
2026-07-24 11:00:00,-0.418,98.26,67.43,69.0,90.0,90.0,,-37.62,0.0,0.0,,0.0,0.0,0.0,0.0,0.0,0.0,0.8240599999999999,5.02,2.0683905999999994,0.0,4.05,0.0,0.0,2.65,0.0,0.0,6.42,0.0,0.0,3.8,0.0,0.0,10.88,0.0,0.0,-9.02,0.0,-0.985926931,,99.6076889,0.100566039,0.0015079354,83.0601246,0.053405538,219.511338,14.8744854,991.997451,99.9999924,100.0,False
2026-07-24 11:30:00,0.0,98.26,68.0,67.04,54.54,54.54,,0.0,0.0,0.0,,0.0,0.0,0.0,0.0,0.0,0.0,0.10299,5.02,0.2585049,0.0,4.05,0.0,0.0,2.65,0.0,0.0,6.42,0.0,0.0,3.8,0.0,0.0,10.88,0.0,0.0,-9.02,0.0,-0.801196478,,99.6076889,0.140809687,0.0015079354,83.0447819,0.073711325,219.531817,14.8744854,1388.96642,99.9999924,100.0,False
2026-07-24 12:00:00,0.0,94.8,70.01,68.7,56.08,56.08,,0.0,0.0,0.0,,0.0,0.0,0.0,0.0,0.0,0.0,0.07069,5.02,0.1774319,0.0,4.05,0.0,0.0,2.65,0.0,0.0,6.42,0.0,0.0,3.8,0.0,0.0,10.88,0.0,0.0,-9.02,0.0,-0.00532897218,,99.6076889,0.140809687,0.0016512325,83.0448475,0.0738463845,219.533033,16.287988,1388.96642,99.9999924,100.0,False
2026-07-24 12:30:00,0.0,94.8,68.48,68.94,102.57,102.57,,0.0,0.0,0.0,,0.0,0.0,0.0,0.0,0.0,0.0,0.047810000000000005,5.02,0.1200031,0.0,4.05,0.0,0.0,2.65,0.0,0.0,6.42,0.0,0.0,3.8,0.0,0.0,10.88,0.0,0.0,-9.02,0.0,-0.005374805610000001,,99.6076889,0.140809687,0.00180020603,83.0454433,0.0739826055,219.534047,17.7574837,1388.96642,99.9999924,100.0,False
2026-07-24 13:00:00,0.0,83.2,70.23,74.98,69.52,69.52,,0.0,0.0,0.0,,0.0,0.0,0.0,0.0,0.0,0.0,0.04573,5.02,0.11478229999999999,0.0,4.05,0.0,0.0,2.65,0.0,0.0,6.42,0.0,0.0,3.8,0.0,0.0,10.88,0.0,0.0,-9.02,0.0,-0.005594888926666666,,99.6076889,0.140809687,0.00195592067,83.0460473,0.0741244045,219.535112,19.2934746,1388.96642,99.9999924,100.0,False
2026-07-24 13:30:00,0.0,83.2,68.86,73.9,118.89,118.89,,0.0,0.0,0.0,,0.0,0.0,0.0,0.0,0.0,0.0,0.04549,5.02,0.1141799,0.0,4.05,0.0,0.0,2.65,0.0,0.0,6.42,0.0,0.0,3.8,0.0,0.0,10.88,0.0,0.0,-9.02,0.0,-0.005381972233333333,,99.6076889,0.140809687,0.00210955615,83.046643,0.0742608065,219.536328,20.8089565,1388.96642,99.9999924,100.0,False
2026-07-24 14:00:00,0.0,82.0,75.87,82.0,77.49,77.49,,0.0,0.0,0.0,,0.0,0.0,0.0,0.0,0.0,0.0,0.04654,5.02,0.11681539999999999,0.0,4.05,0.0,0.0,2.65,0.0,0.0,6.42,0.0,0.0,3.8,0.0,0.0,10.88,0.0,0.0,-9.02,0.0,-0.005695555606666666,,99.6076889,0.140809687,0.00226867356,83.0472437,0.0744051565,219.537443,22.3785128,1388.96642,99.9999924,100.0,False
2026-07-24 14:30:00,0.0,82.0,75.64,78.4,125.6,125.6,,0.0,0.0,0.0,,0.0,0.0,0.0,0.0,0.0,0.0,0.06313,5.02,0.1584563,0.0,4.05,0.0,0.0,2.65,0.0,0.0,6.42,0.0,0.0,3.8,0.0,0.0,10.88,0.0,0.0,-9.02,0.0,-0.005390444436666667,,99.6076889,0.140809687,0.00242103981,83.047846,0.0745417735,219.53866,23.8814748,1388.96642,99.9999924,100.0,False
2026-07-24 15:00:00,0.0,92.17,70.92,70.92,145.0,145.0,,0.0,0.0,0.0,,0.0,0.0,0.0,0.0,0.0,0.0,0.23957,5.02,0.6013206999999999,0.0,2.59,0.0,0.0,4.44,0.0,0.0,6.56,0.0,0.0,4.81,0.0,0.0,10.88,0.0,0.0,-0.04,0.0,-0.00532752776,,99.6076889,0.140809687,0.00256642729,83.0484399,0.074676796,219.539724,25.3155972,1388.96642,99.9999924,100.0,False
2026-07-24 15:30:00,0.0,92.17,78.8,79.17,146.34,146.34,,0.0,0.0,0.0,,0.0,0.0,0.0,0.0,0.0,0.0,0.7869299999999999,5.02,1.9751942999999996,0.0,2.59,0.0,0.0,4.44,0.0,0.0,6.56,0.0,0.0,4.81,0.0,0.0,10.88,0.0,0.0,-0.04,0.0,-0.005307777806666666,,99.6076889,0.140809687,0.0027153464,83.0490371,0.074811318,219.540789,26.7845561,1388.96642,99.9999924,100.0,False
2026-07-24 16:00:00,0.0,107.05,82.07,78.0,147.85,147.85,,0.0,0.0,0.0,,0.0,0.0,0.0,0.0,0.0,0.0,1.29671,5.02,3.2547420999999996,0.0,2.59,0.0,0.0,4.44,0.0,0.0,6.56,0.0,0.0,4.81,0.0,0.0,10.88,0.0,0.0,-0.04,0.0,-0.005615527706666667,,99.6076889,0.140809687,0.00285731278,83.0496192,0.0749536405,219.541853,28.1849323,1388.96642,99.9999924,100.0,False
2026-07-24 16:30:00,0.0,107.05,88.0,84.5,147.85,147.85,,0.0,0.0,0.0,,0.0,0.0,0.0,0.0,0.0,0.0,1.7941099999999999,5.02,4.5032160999999995,0.0,2.59,0.0,0.0,4.44,0.0,0.0,6.56,0.0,0.0,4.81,0.0,0.0,10.88,0.0,0.0,-0.04,0.0,-0.00545144439,,99.6076889,0.140809687,0.00299747046,83.0502097,0.0750918035,219.54302,29.5674672,1388.96642,99.9999924,100.0,False
2026-07-24 17:00:00,0.0,133.1,120.0,116.3,126.0,126.0,,0.0,0.0,0.0,,0.0,0.0,0.0,0.0,0.0,0.0,2.6774400000000003,5.02,6.7203744,0.0,2.59,0.0,0.0,4.44,0.0,0.0,6.56,0.0,0.0,4.81,0.0,0.0,10.88,0.0,0.0,-0.04,0.0,-0.005455250026666666,,99.6076889,0.140809687,0.00312782626,83.0508001,0.075230063,219.544083,30.853315,1388.96642,99.9999924,100.0,False
2026-07-24 17:30:00,0.0,133.1,118.13,114.0,121.31,121.31,,0.0,0.0,0.0,,0.0,0.0,0.0,0.0,0.0,0.0,4.1457299999999995,5.02,10.405782299999998,0.0,2.59,0.0,0.0,4.44,0.0,0.0,6.56,0.0,0.0,4.81,0.0,0.0,10.88,0.0,0.0,-0.04,0.0,-0.0054368889333333325,,99.6076889,0.140809687,0.00323928011,83.0513805,0.0753678575,219.545199,31.9527114,1388.96642,99.9999924,100.0,False
2026-07-24 18:00:00,0.0,151.55,143.03,146.6,116.44,116.44,,0.0,0.0,0.0,,0.0,0.0,0.0,0.0,0.0,0.0,4.69907,5.02,11.7946657,0.0,2.59,0.0,0.0,4.44,0.0,0.0,6.56,0.0,0.0,4.81,0.0,0.0,10.88,0.0,0.0,-0.04,0.0,-0.005346722206666667,,99.6076889,0.140809687,0.00332374852,83.0519475,0.0755033665,219.546314,32.7859196,1388.96642,99.9999924,100.0,False
2026-07-24 18:30:00,0.0,151.55,152.6,151.99,146.03,146.03,,0.0,0.0,0.0,,0.0,0.0,0.0,0.0,0.0,0.0,5.37582,5.02,13.4933082,0.0,2.59,0.0,0.0,4.44,0.0,0.0,6.56,0.0,0.0,4.81,0.0,0.0,10.88,0.0,0.0,-0.04,0.0,-0.00549444437,,99.6076889,0.140809687,0.00341343189,83.0525213,0.0756426195,219.547429,33.6705688,1388.96642,99.9999924,100.0,False
2026-07-24 19:00:00,0.0,167.2,159.36,158.99,169.15,169.15,,0.0,0.0,0.0,,0.0,0.0,0.0,0.0,0.0,0.0,6.13946,5.02,15.410044599999997,0.0,7.47,0.0,0.0,0.01,0.0,0.0,12.8,0.0,0.0,-2.78,0.0,0.0,14.7,0.0,0.0,-16.09,0.0,-0.00542177773,,99.6076889,0.140809687,0.00349472495,83.0530917,0.0757800305,219.548494,34.4724549,1388.96642,99.9999924,100.0,False
2026-07-24 19:30:00,0.0,167.2,163.36,156.5,169.15,169.15,,0.0,0.0,0.0,,0.0,0.0,0.0,0.0,0.0,0.0,6.58795,5.02,16.5357545,0.0,7.47,0.0,0.0,0.01,0.0,0.0,12.8,0.0,0.0,-2.78,0.0,0.0,14.7,0.0,0.0,-16.09,0.0,-0.005427777686666666,,99.6076889,0.140809687,0.00357544678,83.053667,0.075917594,219.549508,35.2687063,1388.96642,99.9999924,100.0,False
2026-07-24 20:00:00,0.0,168.92,164.51,157.75,173.41,173.41,,0.0,0.0,0.0,,0.0,0.0,0.0,0.0,0.0,0.0,6.69508,5.02,16.804650799999997,0.0,7.47,0.0,0.0,0.01,0.0,0.0,12.8,0.0,0.0,-2.78,0.0,0.0,14.7,0.0,0.0,-16.09,0.0,-0.005653277793333334,,99.6076889,0.140809687,0.00364876236,83.0542374,0.0760608725,219.550623,35.9919015,1388.96642,99.9999924,100.0,False
2026-07-24 20:30:00,0.0,168.92,163.22,157.76,173.4,173.4,,0.0,0.0,0.0,,0.0,0.0,0.0,0.0,0.0,0.0,6.8824499999999995,5.02,17.274949499999998,0.0,7.47,0.0,0.0,0.01,0.0,0.0,12.8,0.0,0.0,-2.78,0.0,0.0,14.7,0.0,0.0,-16.09,0.0,-0.005389499983333333,,99.6076889,0.140809687,0.00372240373,83.0548128,0.076197466,219.551687,36.7183102,1388.96642,99.9999924,100.0,False
2026-07-24 21:00:00,0.0,161.98,161.67,164.0,160.0,160.0,,0.0,0.0,0.0,,0.0,0.0,0.0,0.0,0.0,0.0,6.991899999999999,5.02,17.549668999999998,0.0,7.47,0.0,0.0,0.01,0.0,0.0,12.8,0.0,0.0,-2.78,0.0,0.0,14.7,0.0,0.0,-16.09,0.0,-0.005894638853333334,,99.6076889,0.140809687,0.00379266454,83.0553798,0.0763468615,219.552701,37.4113727,1388.96642,99.9999924,100.0,False
2026-07-24 21:30:00,0.0,161.98,160.0,162.8,149.89,149.89,,0.0,0.0,0.0,,0.0,0.0,0.0,0.0,0.0,0.0,6.9901599999999995,5.02,17.5453016,0.0,7.47,0.0,0.0,0.01,0.0,0.0,12.8,0.0,0.0,-2.78,0.0,0.0,14.7,0.0,0.0,-16.09,0.0,-0.005761277833333334,,99.6076889,0.140809687,0.00385542105,83.0559568,0.0764928775,219.553765,38.0304116,1388.96642,99.9999924,100.0,False
2026-07-24 22:00:00,0.0,149.9,159.4,159.12,143.62,143.62,,0.0,0.0,0.0,,0.0,0.0,0.0,0.0,0.0,0.0,6.98655,5.02,17.536240499999998,0.0,7.47,0.0,0.0,0.01,0.0,0.0,12.8,0.0,0.0,-2.78,0.0,0.0,14.7,0.0,0.0,-16.09,0.0,-0.005655861063333333,,99.6076889,0.140809687,0.00392316829,83.0565304,0.0766362215,219.554931,38.6986799,1388.96642,99.9999924,100.0,False
2026-07-24 22:30:00,0.0,149.9,152.0,149.8,136.86,136.86,,0.0,0.0,0.0,,0.0,0.0,0.0,0.0,0.0,0.0,6.98609,5.02,17.5350859,0.0,7.47,0.0,0.0,0.01,0.0,0.0,12.8,0.0,0.0,-2.78,0.0,0.0,14.7,0.0,0.0,-16.09,0.0,-0.005612999996666666,,99.6076889,0.140809687,0.00397933467,83.057094,0.076778479,219.555894,39.2527129,1388.96642,99.9999924,100.0,False
2026-07-24 23:00:00,0.0,135.0,136.58,145.14,136.87,136.87,,0.0,0.0,0.0,,0.0,0.0,0.0,0.0,0.0,0.0,6.9864,5.02,17.535863999999997,0.0,4.03,0.0,0.0,0.17,0.0,0.0,11.89,0.0,0.0,-2.67,0.0,0.0,19.75,0.0,0.0,-14.83,0.0,-0.005435194413333334,,99.6076889,0.140809687,0.00404990669,83.0576575,0.0769162305,219.556959,39.9488452,1388.96642,99.9999924,100.0,False
2026-07-24 23:30:00,0.0,135.0,140.27,131.0,170.0,170.0,,0.0,0.0,0.0,,0.0,0.0,0.0,0.0,0.0,0.0,6.98674,5.02,17.5367174,0.0,4.03,0.0,0.0,0.17,0.0,0.0,11.89,0.0,0.0,-2.67,0.0,0.0,19.75,0.0,0.0,-14.83,0.0,-0.005514111116666667,,99.6076889,0.140809687,0.00411308292,83.0582276,0.077055982,219.558124,40.5720243,1388.96642,99.9999924,100.0,False
2026-07-25 00:00:00,0.0,134.64,136.0,125.0,170.0,170.0,,0.0,0.0,0.0,,0.0,0.0,0.0,0.0,0.0,0.0,6.98601,5.02,17.5348851,0.0,4.03,0.0,0.0,0.17,0.0,0.0,11.89,0.0,0.0,-2.67,0.0,0.0,19.75,0.0,0.0,-14.83,0.0,-0.005341388783333334,,99.6076889,0.140809687,0.00417444705,83.0587944,0.0771913555,219.559239,41.1773287,1388.96642,99.9999924,100.0,False
2026-07-25 00:30:00,0.0,134.64,136.08,134.86,154.0,154.0,,0.0,0.0,0.0,,0.0,0.0,0.0,0.0,0.0,0.0,6.98625,5.02,17.5354875,0.0,4.03,0.0,0.0,0.17,0.0,0.0,11.89,0.0,0.0,-2.67,0.0,0.0,19.75,0.0,0.0,-14.83,0.0,-0.005399388953333334,,99.6076889,0.0,5.93558022e-05,83.0593712,0.000136843889,219.560354,0.585493922,0.0,99.9999924,100.0,False
2026-07-25 01:00:00,0.0,128.0,141.75,135.18,152.0,152.0,,0.0,0.0,0.0,,0.0,0.0,0.0,0.0,0.0,0.0,6.98599,5.02,17.5348349,0.0,4.03,0.0,0.0,0.17,0.0,0.0,11.89,0.0,0.0,-2.67,0.0,0.0,19.75,0.0,0.0,-14.83,0.0,-0.005519194523333333,,99.6076889,0.0,0.000121874836,83.0599396,0.000276724172,219.56147,1.2021904,0.0,99.9999924,100.0,False
2026-07-25 01:30:00,0.0,128.0,130.78,127.24,99.52,99.52,,0.0,0.0,0.0,,0.0,0.0,0.0,0.0,0.0,0.0,6.98567,5.02,17.534031699999996,0.0,4.03,0.0,0.0,0.17,0.0,0.0,11.89,0.0,0.0,-2.67,0.0,0.0,19.75,0.0,0.0,-14.83,0.0,-0.00541972232,,99.6076889,0.0,0.000190494429,83.060518,0.000414083396,219.562433,1.87906365,0.0,99.9999924,100.0,False
2026-07-25 02:00:00,0.0,125.39,130.49,127.31,99.53,99.53,,0.0,0.0,0.0,,0.0,0.0,0.0,0.0,0.0,0.0,6.98627,5.02,17.5355377,0.0,4.03,0.0,0.0,0.17,0.0,0.0,11.89,0.0,0.0,-2.67,0.0,0.0,19.75,0.0,0.0,-14.83,0.0,-0.005477055546666667,,99.6076889,0.0,0.000259897252,83.0610913,0.000552895695,219.563548,2.56366279,0.0,99.9658038,100.0,False
2026-07-25 02:30:00,0.0,125.39,119.3,116.6,119.18,119.18,,0.0,0.0,0.0,,0.0,0.0,0.0,0.0,0.0,0.0,6.9855100000000006,5.02,17.5336301,0.0,4.03,0.0,0.0,0.17,0.0,0.0,11.89,0.0,0.0,-2.67,0.0,0.0,19.75,0.0,0.0,-14.83,0.0,-0.005564444460000001,,99.6076889,0.0,0.000331057364,83.0616679,0.000693922805,219.564663,3.26559607,0.0,99.9999924,100.0,False
2026-07-25 03:00:00,0.0,120.5,111.7,112.0,115.26,115.26,,0.0,0.0,0.0,,0.0,0.0,0.0,0.0,0.0,0.0,6.987010000000001,5.02,17.5373951,0.0,4.74,0.0,0.0,0.1,0.0,0.0,11.53,0.0,0.0,-1.37,0.0,0.0,25.66,0.0,0.0,-10.9,0.0,-0.0057458333166666665,,99.6076889,0.0,0.000407606724,83.0622462,0.000839547095,219.565728,4.02068965,0.0,99.9658038,100.0,False
2026-07-25 03:30:00,0.0,120.5,107.67,103.71,112.91,112.91,,0.0,0.0,0.0,,0.0,0.0,0.0,0.0,0.0,0.0,6.9855100000000006,5.02,17.5336301,0.0,4.74,0.0,0.0,0.1,0.0,0.0,11.53,0.0,0.0,-1.37,0.0,0.0,25.66,0.0,0.0,-10.9,0.0,-0.005725194456666667,,99.6076889,0.0,0.000479274878,83.0628211,0.000984648305,219.566843,4.72763433,0.0,99.9999924,100.0,False
2026-07-25 04:00:00,0.0,117.5,110.8,109.44,116.74,116.74,,0.0,0.0,0.0,,0.0,0.0,0.0,0.0,0.0,0.0,6.98575,5.02,17.534232499999998,0.0,4.74,0.0,0.0,0.1,0.0,0.0,11.53,0.0,0.0,-1.37,0.0,0.0,25.66,0.0,0.0,-10.9,0.0,-0.005478416756666667,,99.6076889,0.0,0.000556731905,83.0634042,0.0011234951,219.567958,5.49168126,0.0,99.9658038,100.0,False
2026-07-25 04:30:00,0.0,117.5,103.1,108.0,106.75,106.75,,0.0,0.0,0.0,,0.0,0.0,0.0,0.0,0.0,0.0,6.9858,5.02,17.534357999999997,0.0,4.74,0.0,0.0,0.1,0.0,0.0,11.53,0.0,0.0,-1.37,0.0,0.0,25.66,0.0,0.0,-10.9,0.0,-0.005547083296666666,,99.6076889,0.0,0.000624553996,83.0639724,0.0012640822,219.569023,6.16068784,0.0,99.9999924,100.0,False
2026-07-25 05:00:00,0.0,108.02,106.23,106.21,152.0,152.0,,0.0,0.0,0.0,,0.0,0.0,0.0,0.0,0.0,0.0,6.95161,5.02,17.448541099999996,0.0,4.74,0.0,0.0,0.1,0.0,0.0,11.53,0.0,0.0,-1.37,0.0,0.0,25.66,0.0,0.0,-10.9,0.0,-0.005498944443333334,,99.6076889,0.0,0.000694505059,83.0645488,0.00140344926,219.570137,6.85069489,0.0,99.97007753333332,100.0,False
2026-07-25 05:30:00,0.0,108.02,104.1,100.57,152.0,152.0,,0.0,0.0,0.0,,0.0,0.0,0.0,0.0,0.0,0.0,6.79539,5.02,17.0564289,0.0,4.74,0.0,0.0,0.1,0.0,0.0,11.53,0.0,0.0,-1.37,0.0,0.0,25.66,0.0,0.0,-10.9,0.0,-0.005495722210000001,,99.6076889,0.0,0.000761937358,83.0651235,0.00154273466,219.571151,7.5158565,0.0,99.9999924,100.0,False
2026-07-25 06:00:00,0.0,98.08,98.19,98.14,35.02,35.02,,0.0,0.0,0.0,,0.0,0.0,0.0,0.0,0.0,0.0,6.58997,5.02,16.540824699999998,0.0,4.74,0.0,0.0,0.1,0.0,0.0,11.53,0.0,0.0,-1.37,0.0,0.0,25.66,0.0,0.0,-10.9,0.0,-0.005766444446666667,,99.6076889,0.0,0.000832869992,83.0656965,0.00168888131,219.572267,8.21554591,0.0,99.97007753333332,100.0,False
2026-07-25 06:30:00,0.0,98.08,95.86,93.2,151.0,151.0,,0.0,0.0,0.0,,0.0,0.0,0.0,0.0,0.0,0.0,6.2355100000000006,5.02,15.6511301,0.0,4.74,0.0,0.0,0.1,0.0,0.0,11.53,0.0,0.0,-1.37,0.0,0.0,25.66,0.0,0.0,-10.9,0.0,-0.005519916696666666,,99.6076889,0.0,0.000910882463,83.0662711,0.00182877991,219.573331,8.98507182,0.0,99.9999924,100.0,False
2026-07-25 07:00:00,0.0,79.2,77.59,76.21,-10.0,-10.0,,0.0,0.0,0.0,,0.0,0.0,0.0,0.0,0.0,0.0,5.87481,5.02,14.7457731,0.0,7.46,0.0,0.0,6.34,0.0,0.0,12.99,0.0,0.0,9.66,0.0,0.0,29.99,0.0,0.0,4.08,0.0,-0.00556163891,,99.6076889,0.0,0.000998106926,83.0668406,0.00196973591,219.574395,9.8454661,0.0,99.97007753333332,100.0,False
2026-07-25 07:30:00,0.0,79.2,81.43,81.14,-8.67,-8.67,,0.0,0.0,0.0,,0.0,0.0,0.0,0.0,0.0,0.0,5.1065,5.02,12.817314999999997,0.0,7.46,0.0,0.0,6.34,0.0,0.0,12.99,0.0,0.0,9.66,0.0,0.0,29.99,0.0,0.0,4.08,0.0,-0.005424111206666668,,99.6076889,0.0,0.00108805173,83.06742,0.00210720637,219.575511,10.7326942,0.0,99.98503496666666,100.0,False
2026-07-25 08:00:00,0.0,23.0,1.67,10.0,8.52,8.52,,0.0,0.0,0.0,,0.0,0.0,0.0,0.0,0.0,0.0,6.97553,5.02,17.5085803,0.0,7.46,0.0,0.0,6.34,0.0,0.0,12.99,0.0,0.0,9.66,0.0,0.0,29.99,0.0,0.0,4.08,0.0,-0.005715638953333334,,99.6076889,0.0,0.00117894075,83.0679961,0.0022520654,219.576423,11.6292362,0.0,99.9999924,100.0,False
2026-07-25 08:30:00,0.0,23.0,7.4,9.06,-13.95,-13.95,,0.0,0.0,0.0,,0.0,0.0,0.0,0.0,0.0,0.0,6.97575,5.02,17.509132499999996,0.0,7.46,0.0,0.0,6.34,0.0,0.0,12.99,0.0,0.0,9.66,0.0,0.0,29.99,0.0,0.0,4.08,0.0,-0.00554077784,,99.6076889,0.0,0.00126724457,83.0685738,0.0023924927,219.577639,12.5002774,0.0,99.9999924,100.0,False
2026-07-25 09:00:00,0.0,3.0,4.0,-0.1,-11.49,-11.49,,0.0,0.0,0.0,,0.0,0.0,0.0,0.0,0.0,0.0,6.67478,5.02,16.753697799999998,0.0,7.46,0.0,0.0,6.34,0.0,0.0,12.99,0.0,0.0,9.66,0.0,0.0,29.99,0.0,0.0,4.08,0.0,-0.00549622226,,99.6076889,0.0,0.00136678286,83.0691483,0.00253179076,219.578704,13.482137,0.0,99.9999924,100.0,False
2026-07-25 09:30:00,0.0,3.0,0.69,-1.31,55.98,55.98,,0.0,0.0,0.0,,0.0,0.0,0.0,0.0,0.0,0.0,3.16219,5.02,7.937096899999999,0.0,7.46,0.0,0.0,6.34,0.0,0.0,12.99,0.0,0.0,9.66,0.0,0.0,29.99,0.0,0.0,4.08,0.0,-0.005423583266666667,,99.6076889,0.0,0.00147384677,83.0697409,0.00266924784,219.579769,14.5382304,0.0,99.9999924,100.0,False
2026-07-25 10:00:00,0.0,-3.46,-0.39,-1.7,-15.2,-15.2,,0.0,0.0,0.0,,0.0,0.0,0.0,0.0,0.0,0.0,1.52578,5.02,3.8297077999999996,0.0,7.46,0.0,0.0,6.34,0.0,0.0,12.99,0.0,0.0,9.66,0.0,0.0,29.99,0.0,0.0,4.08,0.0,-0.00530466668,,99.6076889,0.0,0.00159684743,83.0703268,0.00280369106,219.580833,15.751526,0.0,99.9999924,100.0,False
2026-07-25 10:30:00,0.0,-3.46,-3.78,-5.14,-26.65,-26.65,,0.0,0.0,0.0,,0.0,0.0,0.0,0.0,0.0,0.0,6.97602,5.02,17.5098102,0.0,7.46,0.0,0.0,6.34,0.0,0.0,12.99,0.0,0.0,9.66,0.0,0.0,29.99,0.0,0.0,4.08,0.0,-0.0054318332666666675,,99.6076889,0.0,0.00172442674,83.0709176,0.00294135722,219.581998,17.0099862,0.0,99.9999924,100.0,False
2026-07-25 11:00:00,0.0,-3.77,-7.07,-2.77,-37.38,-37.38,,0.0,0.0,0.0,,0.0,0.0,0.0,0.0,0.0,0.0,6.9765,5.02,17.511014999999997,0.0,2.06,0.0,0.0,4.21,0.0,0.0,3.52,0.0,0.0,8.55,0.0,0.0,1.66,0.0,0.0,8.66,0.0,-0.005571111199999999,,99.6076889,0.0,0.00185340973,83.0715033,0.0030825533,219.583063,18.2822924,0.0,99.9999924,100.0,False
2026-07-25 11:30:00,0.0,-3.77,-7.12,-4.7,-38.05,-38.05,,0.0,0.0,0.0,,0.0,0.0,0.0,0.0,0.0,0.0,6.97714,5.02,17.5126214,0.0,2.06,0.0,0.0,4.21,0.0,0.0,3.52,0.0,0.0,8.55,0.0,0.0,1.66,0.0,0.0,8.66,0.0,-0.005256722213333333,,99.6076889,0.0,0.00197881595,83.0720857,0.0032157814,219.584026,19.5193169,0.0,99.9999924,100.0,False
2026-07-25 12:00:00,0.0,-3.0,-10.3,-14.64,-30.0,-30.0,,0.0,0.0,0.0,,0.0,0.0,0.0,0.0,0.0,0.0,6.97702,5.02,17.5123202,0.0,2.06,0.0,0.0,4.21,0.0,0.0,3.52,0.0,0.0,8.55,0.0,0.0,1.66,0.0,0.0,8.66,0.0,-0.005332500063333333,,99.6076889,0.0,0.00211647082,83.0726747,0.00335093004,219.585193,20.8771637,0.0,99.9999924,100.0,False
2026-07-25 12:30:00,0.0,-3.0,-10.19,-10.2,-30.84,-30.84,,0.0,0.0,0.0,,0.0,0.0,0.0,0.0,0.0,0.0,6.975479999999999,5.02,17.508454799999996,0.0,2.06,0.0,0.0,4.21,0.0,0.0,3.52,0.0,0.0,8.55,0.0,0.0,1.66,0.0,0.0,8.66,0.0,-0.005761944453333333,,99.6076889,0.0,0.00225819024,83.0732669,0.00349696265,219.586155,22.2751039,0.0,99.9999924,100.0,False
2026-07-25 13:00:00,0.0,-2.04,-9.35,-9.35,-30.84,-30.84,,0.0,0.0,0.0,,0.0,0.0,0.0,0.0,0.0,0.0,6.97558,5.02,17.508705799999998,0.0,2.06,0.0,0.0,4.21,0.0,0.0,3.52,0.0,0.0,8.55,0.0,0.0,1.66,0.0,0.0,8.66,0.0,-0.00554472216,,99.6076889,0.0,0.00239653071,83.0738525,0.00363748991,219.58727,23.6397136,0.0,99.9999924,100.0,False
2026-07-25 13:30:00,0.0,-2.04,-7.9,-12.8,-38.05,-38.05,,0.0,0.0,0.0,,0.0,0.0,0.0,0.0,0.0,0.0,6.975779999999999,5.02,17.5092078,0.0,2.06,0.0,0.0,4.21,0.0,0.0,3.52,0.0,0.0,8.55,0.0,0.0,1.66,0.0,0.0,8.66,0.0,-0.005373944443333334,,99.6076889,0.0,0.00253025706,83.0744381,0.00377368893,219.588487,24.958809,0.0,99.9999924,100.0,False
2026-07-25 14:00:00,0.0,-1.69,-2.73,-6.2,-15.16,-15.16,,0.0,0.0,0.0,,0.0,0.0,0.0,0.0,0.0,0.0,6.76619,5.02,16.983136899999998,0.0,2.06,0.0,0.0,4.21,0.0,0.0,3.52,0.0,0.0,8.55,0.0,0.0,1.66,0.0,0.0,8.66,0.0,-0.0054682778533333325,,99.6076889,0.0,0.00267628409,83.0750386,0.00391227876,219.58945,26.39924,0.0,99.9999924,100.0,False
2026-07-25 14:30:00,0.0,-1.69,-6.0,0.66,-8.29,-8.29,,0.0,0.0,0.0,,0.0,0.0,0.0,0.0,0.0,0.0,3.91955,5.02,9.838070499999999,0.0,2.06,0.0,0.0,4.21,0.0,0.0,3.52,0.0,0.0,8.55,0.0,0.0,1.66,0.0,0.0,8.66,0.0,-0.005404555556666666,,99.6076889,0.0,0.00280645139,83.0756191,0.00404925359,219.590514,27.6832284,0.0,99.9999924,100.0,False
2026-07-25 15:00:00,-0.028,1.22,-5.01,-5.4,-5.56,-5.56,,0.0,0.15567999999999999,0.0,,0.0,0.0,0.0,0.0,0.0,0.0,6.6542200000000005,5.02,16.7020922,0.0,2.21,0.0,0.0,8.75,0.0,0.0,7.86,0.0,0.0,10.59,0.0,0.0,14.73,0.0,0.0,24.56,0.0,-0.00536172223,,99.6076889,0.0,0.00292436824,83.0762096,0.00418514284,219.591731,28.8463767,0.0,99.9999924,100.0,False
2026-07-25 15:30:00,-0.514,1.22,-1.01,0.29,-4.25,-4.25,,2.1845,0.0,0.0,,0.0,0.0,0.0,0.0,0.0,0.0,1.57134,5.02,3.9440633999999997,0.0,2.21,0.0,0.0,8.75,0.0,0.0,7.86,0.0,0.0,10.59,0.0,0.0,14.73,0.0,0.0,24.56,0.0,-0.06287366719666666,,99.6076889,0.00290612884,0.00300048731,83.076714,0.0057786337,219.594266,29.5972258,28.6664607,99.9999924,100.0,False
2026-07-25 16:00:00,-0.232,27.7,1.0,-18.4,-30.84,-30.84,,7.15488,0.0,0.0,,0.0,0.0,0.0,0.0,0.0,0.0,2.4618,5.02,6.179118,0.0,2.21,0.0,0.0,8.75,0.0,0.0,7.86,0.0,0.0,10.59,0.0,0.0,14.73,0.0,0.0,24.56,0.0,-1.0036346333333332,,99.6076889,0.0535350394,0.00300048731,83.062148,0.03121508,219.619812,29.5972258,528.077105,99.9999924,100.0,False
2026-07-25 16:30:00,0.0,27.7,19.41,23.04,-8.38,-8.38,,0.0,0.0,0.0,,0.0,0.0,0.0,0.0,0.0,0.0,2.05497,5.02,5.1579747,0.0,2.21,0.0,0.0,8.75,0.0,0.0,7.86,0.0,0.0,10.59,0.0,0.0,14.73,0.0,0.0,24.56,0.0,-0.45574692266666667,,99.6076889,0.0762720179,0.00300048731,83.0535391,0.04276568,219.631927,29.5972258,752.357836,99.9999924,100.0,False
2026-07-25 17:00:00,0.0,89.59,67.16,56.75,44.56,44.56,,0.0,0.0,0.0,,0.0,0.0,0.0,0.0,0.0,0.0,4.336270000000001,5.02,10.8840377,0.0,2.21,0.0,0.0,8.75,0.0,0.0,7.86,0.0,0.0,10.59,0.0,0.0,14.73,0.0,0.0,24.56,0.0,-0.005556388936666667,,99.6076889,0.0762720179,0.00312647001,83.0527375,0.0429065029,219.632992,30.8399368,752.357836,99.9999924,100.0,False
2026-07-25 17:30:00,0.0,89.59,98.0,90.59,61.83,61.83,,0.0,0.0,0.0,,0.0,0.0,0.0,0.0,0.0,0.0,5.277810000000001,5.02,13.2473031,0.0,2.21,0.0,0.0,8.75,0.0,0.0,7.86,0.0,0.0,10.59,0.0,0.0,14.73,0.0,0.0,24.56,0.0,-0.005332972286666667,,99.6076889,0.0762720179,0.0032288661,83.0533218,0.0430416635,219.633904,31.8499861,752.357836,99.9999924,100.0,False
2026-07-25 18:00:00,0.0,127.45,140.02,132.02,145.0,145.0,,0.0,0.0,0.0,,0.0,0.0,0.0,0.0,0.0,0.0,5.6255500000000005,5.02,14.1201305,0.0,2.21,0.0,0.0,8.75,0.0,0.0,7.86,0.0,0.0,10.59,0.0,0.0,14.73,0.0,0.0,24.56,0.0,-0.005223083256666667,,99.6076889,0.0762720179,0.00332448894,83.0538978,0.0431740391,219.63512,32.7932232,752.357836,99.9999924,100.0,False
2026-07-25 18:30:00,0.0,127.45,146.01,138.5,167.0,167.0,,0.0,0.0,0.0,,0.0,0.0,0.0,0.0,0.0,0.0,6.476310000000001,5.02,16.2555381,0.0,2.21,0.0,0.0,8.75,0.0,0.0,7.86,0.0,0.0,10.59,0.0,0.0,14.73,0.0,0.0,24.56,0.0,-0.005333777823333333,,99.6076889,0.0762720179,0.00340810951,83.0544622,0.04330922,219.636185,33.6180681,752.357836,99.9999924,100.0,False
2026-07-25 19:00:00,0.0,135.0,145.06,141.9,167.0,167.0,,0.0,0.0,0.0,,0.0,0.0,0.0,0.0,0.0,0.0,6.65554,5.02,16.7054054,0.0,4.31,0.0,0.0,1.85,0.0,0.0,15.31,0.0,0.0,0.0,0.0,0.0,21.25,0.0,0.0,-7.27,0.0,-0.005608027856666667,,99.6076889,0.0762720179,0.00347839675,83.0550266,0.0434513518,219.637148,34.3113913,752.357836,99.9999924,100.0,False
2026-07-25 19:30:00,0.0,135.0,150.73,148.13,127.05,127.05,,0.0,0.0,0.0,,0.0,0.0,0.0,0.0,0.0,0.0,6.693899999999999,5.02,16.801688999999996,0.0,4.31,0.0,0.0,1.85,0.0,0.0,15.31,0.0,0.0,0.0,0.0,0.0,21.25,0.0,0.0,-7.27,0.0,-0.005584638913333333,,99.6076889,0.0762720179,0.00356441343,83.0555976,0.0435928908,219.638364,35.1598718,752.357836,99.9999924,100.0,False
2026-07-25 20:00:00,0.0,141.0,155.03,154.01,121.81,121.81,,0.0,0.0,0.0,,0.0,0.0,0.0,0.0,0.0,0.0,6.83061,5.02,17.144831099999998,0.0,4.31,0.0,0.0,1.85,0.0,0.0,15.31,0.0,0.0,0.0,0.0,0.0,21.25,0.0,0.0,-7.27,0.0,-0.005347388823333334,,99.6076889,0.0762720179,0.00365269468,83.0561635,0.0437284166,219.639429,36.0306904,752.357836,99.9999924,100.0,False
2026-07-25 20:30:00,0.0,141.0,159.04,158.01,126.05,126.05,,0.0,0.0,0.0,,0.0,0.0,0.0,0.0,0.0,0.0,6.98126,5.02,17.5229626,0.0,4.31,0.0,0.0,1.85,0.0,0.0,15.31,0.0,0.0,0.0,0.0,0.0,21.25,0.0,0.0,-7.27,0.0,-0.00557172219,,99.6076889,0.0762720179,0.00372416675,83.0567395,0.0438696282,219.640341,36.7357009,752.357836,99.9999924,100.0,False
2026-07-25 21:00:00,0.0,146.4,152.4,146.47,126.82,126.82,,0.0,0.0,0.0,,0.0,0.0,0.0,0.0,0.0,0.0,7.001189999999999,5.02,17.572986899999997,0.0,4.31,0.0,0.0,1.85,0.0,0.0,15.31,0.0,0.0,0.0,0.0,0.0,21.25,0.0,0.0,-7.27,0.0,-0.005602,,99.6076889,0.0762720179,0.00381629731,83.0573138,0.0440116071,219.641507,37.6444896,752.357836,99.9999924,100.0,False
2026-07-25 21:30:00,0.0,146.4,150.67,151.68,127.0,127.0,,0.0,0.0,0.0,,0.0,0.0,0.0,0.0,0.0,0.0,6.987520000000001,5.02,17.5386752,0.0,4.31,0.0,0.0,1.85,0.0,0.0,15.31,0.0,0.0,0.0,0.0,0.0,21.25,0.0,0.0,-7.27,0.0,-0.005651055496666667,,99.6076889,0.0762720179,0.00390465931,83.0578881,0.0441548294,219.642571,38.5161047,752.357836,99.9999924,100.0,False
2026-07-25 22:00:00,0.0,146.2,151.16,143.41,118.49,118.49,,0.0,0.0,0.0,,0.0,0.0,0.0,0.0,0.0,0.0,6.9866,5.02,17.536365999999997,0.0,4.31,0.0,0.0,1.85,0.0,0.0,15.31,0.0,0.0,0.0,0.0,0.0,21.25,0.0,0.0,-7.27,0.0,-0.00561977768,,99.6076889,0.0762720179,0.00398184778,83.0584556,0.0442972589,219.643534,39.2775026,752.357836,99.9999924,100.0,False
2026-07-25 22:30:00,0.0,146.2,146.53,142.2,116.13,116.13,,0.0,0.0,0.0,,0.0,0.0,0.0,0.0,0.0,0.0,6.98642,5.02,17.535914199999997,0.0,4.31,0.0,0.0,1.85,0.0,0.0,15.31,0.0,0.0,0.0,0.0,0.0,21.25,0.0,0.0,-7.27,0.0,-0.005372611046666666,,99.6076889,0.0762720179,0.00406339007,83.059028,0.0444334241,219.644599,40.0818471,752.357836,99.9999924,100.0,False
2026-07-25 23:00:00,0.0,139.01,144.77,144.77,106.87,106.87,,0.0,0.0,0.0,,0.0,0.0,0.0,0.0,0.0,0.0,6.98646,5.02,17.536014599999998,0.0,3.67,0.0,0.0,0.22,0.0,0.0,11.05,0.0,0.0,-3.38,0.0,0.0,29.03,0.0,0.0,-15.45,0.0,-0.005409472226666667,,99.6076889,0.0762720179,0.00415165287,83.0596021,0.0445705235,219.645765,40.9524837,752.357836,99.9999924,100.0,False
2026-07-25 23:30:00,0.0,139.01,140.35,136.4,113.42,113.42,,0.0,0.0,0.0,,0.0,0.0,0.0,0.0,0.0,0.0,6.9863599999999995,5.02,17.535763599999996,0.0,3.67,0.0,0.0,0.22,0.0,0.0,11.05,0.0,0.0,-3.38,0.0,0.0,29.03,0.0,0.0,-15.45,0.0,-0.005543583313333334,,99.6076889,0.0762720179,0.0042345022,83.0601728,0.0447110219,219.64683,41.769721,752.357836,99.9999924,100.0,False
2026-07-26 00:00:00,0.0,137.0,139.35,140.36,123.84,123.84,,0.0,0.0,0.0,,0.0,0.0,0.0,0.0,0.0,0.0,6.986479999999999,5.02,17.5360648,0.0,3.67,0.0,0.0,0.22,0.0,0.0,11.05,0.0,0.0,-3.38,0.0,0.0,29.03,0.0,0.0,-15.45,0.0,-0.005495416560000001,,99.6076889,0.0762720179,0.0043268754,83.0607518,0.0448502996,219.647793,42.6809032,752.357836,99.9999924,100.0,False
2026-07-26 00:30:00,0.0,137.0,139.38,133.03,101.05,101.05,,0.0,0.0,0.0,,0.0,0.0,0.0,0.0,0.0,0.0,6.98612,5.02,17.535161199999997,0.0,3.67,0.0,0.0,0.22,0.0,0.0,11.05,0.0,0.0,-3.38,0.0,0.0,29.03,0.0,0.0,-15.45,0.0,-0.0053883610566666665,,99.6076889,0.0,9.02740715e-05,83.0613225,0.000136564395,219.648857,0.890476048,0.0,99.9999924,100.0,False
2026-07-26 01:00:00,0.0,131.36,132.2,127.6,100.02,100.02,,0.0,0.0,0.0,,0.0,0.0,0.0,0.0,0.0,0.0,6.98644,5.02,17.535964399999997,0.0,3.67,0.0,0.0,0.22,0.0,0.0,11.05,0.0,0.0,-3.38,0.0,0.0,29.03,0.0,0.0,-15.45,0.0,-0.0054326110666666665,,99.6076889,0.0,0.000182077565,83.0619031,0.000274250277,219.649972,1.79603853,0.0,99.9999924,100.0,False
2026-07-26 01:30:00,0.0,131.36,132.2,124.73,93.46,93.46,,0.0,0.0,0.0,,0.0,0.0,0.0,0.0,0.0,0.0,6.98675,5.02,17.5367425,0.0,3.67,0.0,0.0,0.22,0.0,0.0,11.05,0.0,0.0,-3.38,0.0,0.0,29.03,0.0,0.0,-15.45,0.0,-0.00566127785,,99.6076889,0.0,0.000271587508,83.062477,0.000417731565,219.650936,2.67897711,0.0,99.9999924,100.0,False
2026-07-26 02:00:00,0.0,122.13,135.47,124.47,111.04,111.04,,0.0,0.0,0.0,,0.0,0.0,0.0,0.0,0.0,0.0,6.98633,5.02,17.535688299999997,0.0,3.67,0.0,0.0,0.22,0.0,0.0,11.05,0.0,0.0,-3.38,0.0,0.0,29.03,0.0,0.0,-15.45,0.0,-0.005527972223333333,,99.6076889,0.0,0.000360714282,83.0630575,0.00055783431,219.652051,3.55813605,0.0,99.9999924,100.0,False
2026-07-26 02:30:00,0.0,122.13,123.47,116.47,110.71,110.71,,0.0,0.0,0.0,,0.0,0.0,0.0,0.0,0.0,0.0,6.98624,5.02,17.535462399999997,0.0,3.67,0.0,0.0,0.22,0.0,0.0,11.05,0.0,0.0,-3.38,0.0,0.0,29.03,0.0,0.0,-15.45,0.0,-0.0055950833933333345,,99.6076889,0.0,0.000450283988,83.0636297,0.000699637945,219.653166,4.44166414,0.0,99.9999924,100.0,False
2026-07-26 03:00:00,0.0,118.3,120.33,112.33,105.11,105.11,,0.0,0.0,0.0,,0.0,0.0,0.0,0.0,0.0,0.0,6.98616,5.02,17.5352616,0.0,3.85,0.0,0.0,0.01,0.0,0.0,10.77,0.0,0.0,-2.95,0.0,0.0,33.69,0.0,0.0,-12.44,0.0,-0.005524083296666667,,99.6076889,0.0,0.000545687435,83.0642101,0.000839642125,219.654078,5.38273706,0.0,99.9999924,100.0,False
2026-07-26 03:30:00,0.0,118.3,114.7,109.37,86.26,86.26,,0.0,0.0,0.0,,0.0,0.0,0.0,0.0,0.0,0.0,6.98586,5.02,17.5345086,0.0,3.85,0.0,0.0,0.01,0.0,0.0,10.77,0.0,0.0,-2.95,0.0,0.0,33.69,0.0,0.0,-12.44,0.0,-0.0054705278100000004,,99.6076889,0.0,0.000637180928,83.0647922,0.000978288985,219.655143,6.28524166,0.0,99.9999924,100.0,False
2026-07-26 04:00:00,0.0,111.43,109.84,107.83,71.06,71.06,,0.0,0.0,0.0,,0.0,0.0,0.0,0.0,0.0,0.0,6.98604,5.02,17.5349604,0.0,3.85,0.0,0.0,0.01,0.0,0.0,10.77,0.0,0.0,-2.95,0.0,0.0,33.69,0.0,0.0,-12.44,0.0,-0.005579472223333333,,99.6076889,0.0,0.000727265728,83.0653626,0.00111969696,219.656308,7.1738507,0.0,99.9999924,100.0,False
2026-07-26 04:30:00,0.0,111.43,100.41,99.33,71.38,71.38,,0.0,0.0,0.0,,0.0,0.0,0.0,0.0,0.0,0.0,6.98625,5.02,17.5354875,0.0,3.85,0.0,0.0,0.01,0.0,0.0,10.77,0.0,0.0,-2.95,0.0,0.0,33.69,0.0,0.0,-12.44,0.0,-0.005567638956666667,,99.6076889,0.0,0.000820960658,83.0659313,0.00126080504,219.657373,8.09807058,0.0,99.9999924,100.0,False
2026-07-26 05:00:00,0.0,99.84,100.31,94.7,55.74,55.74,,0.0,0.0,0.0,,0.0,0.0,0.0,0.0,0.0,0.0,6.98633,5.02,17.535688299999997,0.0,3.85,0.0,0.0,0.01,0.0,0.0,10.77,0.0,0.0,-2.95,0.0,0.0,33.69,0.0,0.0,-12.44,0.0,-0.005578861076666666,,99.6076889,0.0,0.000902803466,83.0665083,0.00140219753,219.658387,8.90537947,0.0,99.98503496666666,100.0,False
2026-07-26 05:30:00,0.0,99.84,97.59,91.4,24.01,24.01,,0.0,0.0,0.0,,0.0,0.0,0.0,0.0,0.0,0.0,6.95273,5.02,17.4513523,0.0,3.85,0.0,0.0,0.01,0.0,0.0,10.77,0.0,0.0,-2.95,0.0,0.0,33.69,0.0,0.0,-12.44,0.0,-0.005659444406666668,,99.6076889,0.0,0.000992787604,83.0670819,0.00154563235,219.659451,9.79299557,0.0,99.9999924,100.0,False
2026-07-26 06:00:00,0.0,85.01,92.01,93.0,0.0,0.0,,0.0,0.0,0.0,,0.0,0.0,0.0,0.0,0.0,0.0,6.97351,5.02,17.5035101,0.0,3.85,0.0,0.0,0.01,0.0,0.0,10.77,0.0,0.0,-2.95,0.0,0.0,33.69,0.0,0.0,-12.44,0.0,-0.00558216675,,99.6076889,0.0,0.00107650581,83.0676554,0.00168710862,219.660566,10.6188036,0.0,99.9999924,100.0,False
2026-07-26 06:30:00,0.0,85.01,94.51,94.0,-12.05,-12.05,,0.0,0.0,0.0,,0.0,0.0,0.0,0.0,0.0,0.0,6.94199,5.02,17.4243949,0.0,3.85,0.0,0.0,0.01,0.0,0.0,10.77,0.0,0.0,-2.95,0.0,0.0,33.69,0.0,0.0,-12.44,0.0,-0.005526611093333334,,99.6076889,0.0,0.00116386283,83.0682256,0.00182717687,219.66158,11.4805055,0.0,99.9999924,100.0,False
2026-07-26 07:00:00,0.0,78.13,85.89,82.89,0.0,0.0,,0.0,0.0,0.0,,0.0,0.0,0.0,0.0,0.0,0.0,5.59187,5.02,14.0355937,0.0,4.45,0.0,0.0,-0.81,0.0,0.0,9.11,0.0,0.0,-1.23,0.0,0.0,20.72,0.0,0.0,-8.03,0.0,-0.005257555566666666,,99.6076889,0.0,0.00124482221,83.0688008,0.00196042609,219.662644,12.2791001,0.0,99.9999924,100.0,False
2026-07-26 07:30:00,0.0,78.13,87.73,87.85,-19.68,-19.68,,0.0,0.0,0.0,,0.0,0.0,0.0,0.0,0.0,0.0,6.97594,5.02,17.5096094,0.0,4.45,0.0,0.0,-0.81,0.0,0.0,9.11,0.0,0.0,-1.23,0.0,0.0,20.72,0.0,0.0,-8.03,0.0,-0.005622750043333333,,99.6076889,0.0,0.00133752207,83.0693776,0.00210293092,219.66381,13.1935045,0.0,99.9999924,100.0,False
2026-07-26 08:00:00,0.0,66.13,55.1,51.23,-29.23,-29.23,,0.0,0.0,0.0,,0.0,0.0,0.0,0.0,0.0,0.0,6.97492,5.02,17.507049199999997,0.0,4.45,0.0,0.0,-0.81,0.0,0.0,9.11,0.0,0.0,-1.23,0.0,0.0,20.72,0.0,0.0,-8.03,0.0,-0.005473888876666666,,99.6076889,0.0,0.00143097414,83.0699543,0.00224166295,219.664926,14.1153288,0.0,99.9999924,100.0,False
2026-07-26 08:30:00,0.0,66.13,48.02,50.0,-23.55,-23.55,,0.0,0.0,0.0,,0.0,0.0,0.0,0.0,0.0,0.0,6.975359999999999,5.02,17.508153599999996,0.0,4.45,0.0,0.0,-0.81,0.0,0.0,9.11,0.0,0.0,-1.23,0.0,0.0,20.72,0.0,0.0,-8.03,0.0,-0.005570888756666666,,99.6076889,0.0,0.0015248542,83.0705243,0.0023828534,219.665838,15.0413748,0.0,99.9999924,100.0,False
2026-07-26 09:00:00,0.0,52.0,24.52,24.94,-24.55,-24.55,,0.0,0.0,0.0,,0.0,0.0,0.0,0.0,0.0,0.0,6.97587,5.02,17.5094337,0.0,4.45,0.0,0.0,-0.81,0.0,0.0,9.11,0.0,0.0,-1.23,0.0,0.0,20.72,0.0,0.0,-8.03,0.0,-0.005544027726666667,,99.6076889,0.0,0.00161178336,83.0710993,0.00252336306,219.666953,15.8988561,0.0,99.9999924,100.0,False
2026-07-26 09:30:00,0.0,52.0,14.0,20.15,-31.42,-31.42,,0.0,0.0,0.0,,0.0,0.0,0.0,0.0,0.0,0.0,6.97509,5.02,17.5074759,0.0,4.45,0.0,0.0,-0.81,0.0,0.0,9.11,0.0,0.0,-1.23,0.0,0.0,20.72,0.0,0.0,-8.03,0.0,-0.005462638853333333,,99.6076889,0.0,0.00171120629,83.0716759,0.00266180997,219.668068,16.8795778,0.0,99.9999924,100.0,False
2026-07-26 10:00:00,0.0,27.41,9.34,21.3,-28.16,-28.16,,0.0,0.0,0.0,,0.0,0.0,0.0,0.0,0.0,0.0,6.9769499999999995,5.02,17.512144499999998,0.0,4.45,0.0,0.0,-0.81,0.0,0.0,9.11,0.0,0.0,-1.23,0.0,0.0,20.72,0.0,0.0,-8.03,0.0,-0.00506941668,,99.6076889,0.0,0.00177437775,83.0719631,0.00279029093,219.668524,17.5027099,0.0,99.9999924,100.0,False
2026-07-26 10:30:00,0.0,27.41,4.43,19.79,-19.17,-19.17,,0.0,0.0,0.0,,0.0,0.0,0.0,0.0,0.0,0.0,6.97624,5.02,17.510362399999998,0.0,4.45,0.0,0.0,-0.81,0.0,0.0,9.11,0.0,0.0,-1.23,0.0,0.0,20.72,0.0,0.0,-8.03,0.0,-0.004999416666666667,,99.6076889,0.0,0.00182282733,83.0720729,0.0029169978,219.668829,17.9806233,0.0,99.9999924,100.0,False
2026-07-26 11:00:00,-0.023,13.78,-1.26,4.08,-19.17,-19.17,,0.0,0.44091,0.0,,0.0,0.0,0.0,0.0,0.0,0.0,6.706930000000001,5.02,16.8343943,0.0,3.23,0.0,0.0,6.02,0.0,0.0,5.2,0.0,0.0,8.47,0.0,0.0,8.82,0.0,0.0,3.19,0.0,-0.005019833246666667,,99.6076889,0.0,0.00187090182,83.0721663,0.0030442221,219.669082,18.4548368,0.0,99.9999924,100.0,False
2026-07-26 11:30:00,-0.23,13.78,-4.17,-4.7,2.15,2.15,,-0.4945,0.0,0.0,,0.0,0.0,0.0,0.0,0.0,0.0,2.65634,5.02,6.6674134,0.0,3.23,0.0,0.0,6.02,0.0,0.0,5.2,0.0,0.0,8.47,0.0,0.0,8.82,0.0,0.0,3.19,0.0,-0.052584583366666666,,99.6076889,0.00243541124,0.00189679174,83.0722386,0.00437694307,219.670704,18.7102186,24.0232366,99.9999924,100.0,False
2026-07-26 12:00:00,0.0,11.56,-0.62,-0.2,-15.16,-15.16,,0.0,0.0,0.0,,0.0,0.0,0.0,0.0,0.0,0.0,6.91233,5.02,17.349948299999998,0.0,3.23,0.0,0.0,6.02,0.0,0.0,5.2,0.0,0.0,8.47,0.0,0.0,8.82,0.0,0.0,3.19,0.0,-0.45449402366666664,,99.6076889,0.0251673607,0.00189679174,83.0651392,0.0158957891,219.682108,18.7102186,248.254361,99.9999924,100.0,False
2026-07-26 12:30:00,-0.233,11.56,-2.7,-7.18,7.06,7.06,,-1.64498,0.0,0.0,,0.0,0.0,0.0,0.0,0.0,0.0,2.7738400000000003,5.02,6.9623384,0.0,3.23,0.0,0.0,6.02,0.0,0.0,5.2,0.0,0.0,8.47,0.0,0.0,8.82,0.0,0.0,3.19,0.0,-0.004933305583333333,,99.6076889,0.0251673607,0.00194294819,83.0642287,0.0160208205,219.682565,19.1655123,248.254361,99.9999924,100.0,False
2026-07-26 13:00:00,-0.23,9.0,-2.5,-4.0,-4.36,-4.36,,1.0028000000000001,0.0,0.0,,0.0,0.0,0.0,0.0,0.0,0.0,2.4387800000000004,5.02,6.1213378,0.0,3.23,0.0,0.0,6.02,0.0,0.0,5.2,0.0,0.0,8.47,0.0,0.0,8.82,0.0,0.0,3.19,0.0,-0.46650467433333337,,99.6076889,0.0485780368,0.00194294819,83.0594054,0.0278440684,219.694426,19.1655123,479.180539,99.9999924,100.0,False
2026-07-26 13:30:00,-0.192,9.0,-2.85,-8.1,-13.76,-13.76,,2.64192,0.0,0.0,,0.0,0.0,0.0,0.0,0.0,0.0,2.64509,5.02,6.6391759,0.0,3.23,0.0,0.0,6.02,0.0,0.0,5.2,0.0,0.0,8.47,0.0,0.0,8.82,0.0,0.0,3.19,0.0,-0.45779869219999997,,99.6076889,0.0714838624,0.00194294819,83.0492316,0.039446669,219.706186,19.1655123,705.126801,99.9999924,100.0,False
2026-07-26 14:00:00,0.0,9.0,-5.3,-5.57,-13.98,-13.98,,0.0,0.0,0.0,,0.0,0.0,0.0,0.0,0.0,0.0,6.97442,5.02,17.5057942,0.0,3.23,0.0,0.0,6.02,0.0,0.0,5.2,0.0,0.0,8.47,0.0,0.0,8.82,0.0,0.0,3.19,0.0,-0.38497072633333335,,99.6076889,0.0907221122,0.00194294819,83.0434843,0.0492034937,219.716121,19.1655123,894.895584,99.9999924,100.0,False
2026-07-26 14:30:00,0.0,9.0,-5.3,-4.54,-18.51,-18.51,,0.0,0.0,0.0,,0.0,0.0,0.0,0.0,0.0,0.0,6.97446,5.02,17.505894599999998,0.0,3.23,0.0,0.0,6.02,0.0,0.0,5.2,0.0,0.0,8.47,0.0,0.0,8.82,0.0,0.0,3.19,0.0,-0.004942111096666667,,99.6076889,0.0907221122,0.00198990509,83.0430744,0.0493287482,219.716425,19.6287017,894.895584,99.9999924,100.0,False
2026-07-26 15:00:00,0.0,11.1,-3.26,-7.55,-30.22,-30.22,,0.0,0.0,0.0,,0.0,0.0,0.0,0.0,0.0,0.0,6.97479,5.02,17.506722899999996,0.0,2.25,0.0,0.0,6.75,0.0,0.0,7.53,0.0,0.0,10.87,0.0,0.0,21.19,0.0,0.0,17.01,0.0,-0.004929222183333333,,99.6076889,0.0907221122,0.0020366411,83.0431381,0.049453676,219.716679,20.0897122,894.895584,99.9999924,100.0,False
2026-07-26 15:30:00,0.0,11.1,-4.38,-5.77,-16.01,-16.01,,0.0,0.0,0.0,,0.0,0.0,0.0,0.0,0.0,0.0,6.976229999999999,5.02,17.510337299999996,0.0,2.25,0.0,0.0,6.75,0.0,0.0,7.53,0.0,0.0,10.87,0.0,0.0,21.19,0.0,0.0,17.01,0.0,-0.004928250073333334,,99.6076889,0.0907221122,0.00207819695,83.0432117,0.0495785792,219.716983,20.4996249,894.895584,99.9999924,100.0,False
2026-07-26 16:00:00,0.0,46.9,2.54,10.7,-12.42,-12.42,,0.0,0.0,0.0,,0.0,0.0,0.0,0.0,0.0,0.0,6.871060000000001,5.02,17.2463606,0.0,2.25,0.0,0.0,6.75,0.0,0.0,7.53,0.0,0.0,10.87,0.0,0.0,21.19,0.0,0.0,17.01,0.0,-0.004964027883333334,,99.6076889,0.0907221122,0.0021323879,83.0432686,0.0497043892,219.717337,21.034172,894.895584,99.9999924,100.0,False
2026-07-26 16:30:00,0.0,46.9,34.8,43.39,130.0,130.0,,0.0,0.0,0.0,,0.0,0.0,0.0,0.0,0.0,0.0,4.170979999999999,5.02,10.469159799999996,0.0,2.25,0.0,0.0,6.75,0.0,0.0,7.53,0.0,0.0,10.87,0.0,0.0,21.19,0.0,0.0,17.01,0.0,-0.004951777776666667,,99.6076889,0.0907221122,0.00218563266,83.0433073,0.0498298886,219.71754,21.5593858,894.895584,99.9999924,100.0,False
2026-07-26 17:00:00,0.0,91.1,83.09,83.92,165.0,165.0,,0.0,0.0,0.0,,0.0,0.0,0.0,0.0,0.0,0.0,4.95249,5.02,12.430749899999999,0.0,2.25,0.0,0.0,6.75,0.0,0.0,7.53,0.0,0.0,10.87,0.0,0.0,21.19,0.0,0.0,17.01,0.0,-0.0049575833466666665,,99.6076889,0.0907221122,0.00223397907,83.0433624,0.0499555353,219.717794,22.0362815,894.895584,99.9999924,100.0,False
2026-07-26 17:30:00,0.0,91.1,100.28,96.26,165.0,165.0,,0.0,0.0,0.0,,0.0,0.0,0.0,0.0,0.0,0.0,4.57934,5.02,11.494143399999999,0.0,2.25,0.0,0.0,6.75,0.0,0.0,7.53,0.0,0.0,10.87,0.0,0.0,21.19,0.0,0.0,17.01,0.0,-0.004924249966666666,,99.6076889,0.0907221122,0.00228583105,83.0434472,0.050080337,219.718047,22.5477567,894.895584,99.9999924,100.0,False
2026-07-26 18:00:00,0.0,120.2,119.96,120.02,165.0,165.0,,0.0,0.0,0.0,,0.0,0.0,0.0,0.0,0.0,0.0,4.5237,5.02,11.354486999999999,0.0,2.25,0.0,0.0,6.75,0.0,0.0,7.53,0.0,0.0,10.87,0.0,0.0,21.19,0.0,0.0,17.01,0.0,-0.0049478333,,99.6076889,0.0907221122,0.00234538105,83.0435155,0.0502057365,219.718351,23.1351662,894.895584,99.9999924,100.0,False
2026-07-26 18:30:00,0.0,120.2,127.47,123.21,115.53,115.53,,0.0,0.0,0.0,,0.0,0.0,0.0,0.0,0.0,0.0,5.38795,5.02,13.523754499999999,0.0,2.25,0.0,0.0,6.75,0.0,0.0,7.53,0.0,0.0,10.87,0.0,0.0,21.19,0.0,0.0,17.01,0.0,-0.004928194519999999,,99.6076889,0.0907221122,0.00240508613,83.0435954,0.0503306385,219.718655,23.7241055,894.895584,99.9999924,100.0,False
2026-07-26 19:00:00,0.0,132.7,128.9,136.1,155.0,155.0,,0.0,0.0,0.0,,0.0,0.0,0.0,0.0,0.0,0.0,6.39262,5.02,16.0454762,0.0,3.45,0.0,0.0,1.38,0.0,0.0,9.6,0.0,0.0,-1.54,0.0,0.0,17.71,0.0,0.0,-13.67,0.0,-0.004951805513333333,,99.6076889,0.0907221122,0.00246073999,83.0436554,0.0504561385,219.718807,24.2730829,894.895584,99.9999924,100.0,False
2026-07-26 19:30:00,0.0,132.7,134.24,138.0,155.0,155.0,,0.0,0.0,0.0,,0.0,0.0,0.0,0.0,0.0,0.0,6.50025,5.02,16.315627499999998,0.0,3.45,0.0,0.0,1.38,0.0,0.0,9.6,0.0,0.0,-1.54,0.0,0.0,17.71,0.0,0.0,-13.67,0.0,-0.00505163884,,99.6076889,0.0907221122,0.00251740975,83.0437237,0.050584169,219.719162,24.8320813,894.895584,99.9999924,100.0,False
2026-07-26 20:00:00,0.0,140.0,134.52,135.77,144.0,144.0,,0.0,0.0,0.0,,0.0,0.0,0.0,0.0,0.0,0.0,6.80167,5.02,17.072191699999998,0.0,3.45,0.0,0.0,1.38,0.0,0.0,9.6,0.0,0.0,-1.54,0.0,0.0,17.71,0.0,0.0,-13.67,0.0,-0.00498986109,,99.6076889,0.0907221122,0.00257662107,83.0437985,0.0507106335,219.719314,25.4161501,894.895584,99.9999924,100.0,False
2026-07-26 20:30:00,0.0,140.0,135.92,136.01,155.06,155.06,,0.0,0.0,0.0,,0.0,0.0,0.0,0.0,0.0,0.0,6.9381,5.02,17.414631,0.0,3.45,0.0,0.0,1.38,0.0,0.0,9.6,0.0,0.0,-1.54,0.0,0.0,17.71,0.0,0.0,-13.67,0.0,-0.005046722256666667,,99.6076889,0.0907221122,0.00264007413,83.0438716,0.0508385395,219.719618,26.0420599,894.895584,99.9999924,100.0,False
2026-07-26 21:00:00,0.0,143.4,137.95,135.46,145.61,145.61,,0.0,0.0,0.0,,0.0,0.0,0.0,0.0,0.0,0.0,6.99161,5.02,17.548941099999997,0.0,3.45,0.0,0.0,1.38,0.0,0.0,9.6,0.0,0.0,-1.54,0.0,0.0,17.71,0.0,0.0,-13.67,0.0,-0.005032694496666667,,99.6076889,0.0907221122,0.00270600869,83.0439479,0.0509660895,219.719822,26.6924476,894.895584,99.9999924,100.0,False
2026-07-26 21:30:00,0.0,143.4,136.96,134.98,143.15,143.15,,0.0,0.0,0.0,,0.0,0.0,0.0,0.0,0.0,0.0,6.98893,5.02,17.542214299999998,0.0,3.45,0.0,0.0,1.38,0.0,0.0,9.6,0.0,0.0,-1.54,0.0,0.0,17.71,0.0,0.0,-13.67,0.0,-0.005005888860000001,,99.6076889,0.0907221122,0.00277551337,83.044021,0.051092961,219.720125,27.3780515,894.895584,99.9999924,100.0,False
2026-07-26 22:00:00,0.0,133.92,136.0,135.87,94.6,94.6,,0.0,0.0,0.0,,0.0,0.0,0.0,0.0,0.0,0.0,6.985600000000001,5.02,17.533856,0.0,3.45,0.0,0.0,1.38,0.0,0.0,9.6,0.0,0.0,-1.54,0.0,0.0,17.71,0.0,0.0,-13.67,0.0,-0.005010666689999999,,99.6076889,0.0907221122,0.00283800609,83.0440726,0.0512199525,219.720328,27.9944884,894.895584,99.9999924,100.0,False
2026-07-26 22:30:00,0.0,133.92,129.74,129.87,90.25,90.25,,0.0,0.0,0.0,,0.0,0.0,0.0,0.0,0.0,0.0,6.985399999999999,5.02,17.533353999999996,0.0,3.45,0.0,0.0,1.38,0.0,0.0,9.6,0.0,0.0,-1.54,0.0,0.0,17.71,0.0,0.0,-13.67,0.0,-0.00501019446,,99.6076889,0.0907221122,0.00290074465,83.0441325,0.0513469325,219.720632,28.6133503,894.895584,99.9999924,100.0,False
2026-07-26 23:00:00,0.0,93.6,103.28,109.3,87.49,87.49,,0.0,0.0,0.0,,0.0,0.0,0.0,0.0,0.0,0.0,6.9852799999999995,5.02,17.533052799999997,0.0,2.69,0.0,0.0,0.97,0.0,0.0,6.23,0.0,0.0,-1.65,0.0,0.0,23.48,0.0,0.0,-11.41,0.0,-0.0049620555200000005,,99.6076889,0.0907221122,0.00296143326,83.0441974,0.051472693,219.720835,29.2119912,894.895584,99.98503496666666,100.0,False
2026-07-26 23:30:00,0.0,93.6,94.6,94.6,70.0,70.0,,0.0,0.0,0.0,,0.0,0.0,0.0,0.0,0.0,0.0,6.98544,5.02,17.533454399999997,0.0,2.69,0.0,0.0,0.97,0.0,0.0,6.23,0.0,0.0,-1.65,0.0,0.0,23.48,0.0,0.0,-11.41,0.0,-0.005005249973333334,,99.6076889,0.0907221122,0.00302099047,83.0442539,0.0515995475,219.721089,29.7994719,894.895584,99.9999924,100.0,False
2026-07-27 00:00:00,0.0,92.0,87.72,81.13,70.55,70.55,,0.0,0.0,0.0,,0.0,0.0,0.0,0.0,0.0,0.0,6.98598,5.02,17.534809799999998,0.0,2.69,0.0,0.0,0.97,0.0,0.0,6.23,0.0,0.0,-1.65,0.0,0.0,23.48,0.0,0.0,-11.41,0.0,-0.004976750056666666,,99.6076889,0.0907221122,0.00307754848,83.0443155,0.05172568,219.721291,30.357368,894.895584,99.9999924,100.0,False
2026-07-27 00:30:00,0.0,92.0,85.6,87.57,84.57,84.57,,0.0,0.0,0.0,,0.0,0.0,0.0,0.0,0.0,0.0,6.9853000000000005,5.02,17.533103,0.0,2.69,0.0,0.0,0.97,0.0,0.0,6.23,0.0,0.0,-1.65,0.0,0.0,23.48,0.0,0.0,-11.41,0.0,-0.005002333403333333,,99.6076889,0.0,5.4194053e-05,83.0443589,0.000126780783,219.721596,0.534577707,0.0,99.9999924,100.0,False
2026-07-27 01:00:00,0.0,88.0,85.0,80.57,83.9,83.9,,0.0,0.0,0.0,,0.0,0.0,0.0,0.0,0.0,0.0,6.9857,5.02,17.534107,0.0,2.69,0.0,0.0,0.97,0.0,0.0,6.23,0.0,0.0,-1.65,0.0,0.0,23.48,0.0,0.0,-11.41,0.0,-0.005048611086666667,,99.6076889,0.0,0.000113946789,83.0444074,0.000254734444,219.7219,1.12398704,0.0,99.9679413,100.0,False
2026-07-27 01:30:00,0.0,88.0,85.0,84.81,71.0,71.0,,0.0,0.0,0.0,,0.0,0.0,0.0,0.0,0.0,0.0,6.98596,5.02,17.5347596,0.0,2.69,0.0,0.0,0.97,0.0,0.0,6.23,0.0,0.0,-1.65,0.0,0.0,23.48,0.0,0.0,-11.41,0.0,-0.004998027803333333,,99.6076889,0.0,0.000170817568,83.0444575,0.000381406104,219.722102,1.68496835,0.0,99.9999924,100.0,False
2026-07-27 02:00:00,0.0,87.0,85.0,84.8,84.9,84.9,,0.0,0.0,0.0,,0.0,0.0,0.0,0.0,0.0,0.0,6.98568,5.02,17.5340568,0.0,2.69,0.0,0.0,0.97,0.0,0.0,6.23,0.0,0.0,-1.65,0.0,0.0,23.48,0.0,0.0,-11.41,0.0,-0.004971333266666667,,99.6076889,0.0,0.000222566045,83.0445076,0.00050740121,219.722508,2.19542255,0.0,99.9999924,100.0,False
2026-07-27 02:30:00,0.0,87.0,84.07,81.7,85.27,85.27,,0.0,0.0,0.0,,0.0,0.0,0.0,0.0,0.0,0.0,6.9852,5.02,17.532852,0.0,2.69,0.0,0.0,0.97,0.0,0.0,6.23,0.0,0.0,-1.65,0.0,0.0,23.48,0.0,0.0,-11.41,0.0,-0.0049671665833333324,,99.6076889,0.0,0.000275731715,83.0445643,0.000633290715,219.72266,2.71985614,0.0,99.9999924,100.0,False
2026-07-27 03:00:00,0.0,88.0,85.0,80.55,0.0,0.0,,0.0,0.0,0.0,,0.0,0.0,0.0,0.0,0.0,0.0,6.98544,5.02,17.533454399999997,0.0,2.0,0.0,0.0,2.05,0.0,0.0,7.08,0.0,0.0,-2.18,0.0,0.0,4.5,0.0,0.0,-11.59,0.0,-0.0049668889033333335,,99.6076889,0.0,0.000334713988,83.0446393,0.00075917318,219.723015,3.30166552,0.0,99.9999924,100.0,False
2026-07-27 03:30:00,0.0,88.0,85.0,85.16,69.0,69.0,,0.0,0.0,0.0,,0.0,0.0,0.0,0.0,0.0,0.0,6.986020000000001,5.02,17.5349102,0.0,2.0,0.0,0.0,2.05,0.0,0.0,7.08,0.0,0.0,-2.18,0.0,0.0,4.5,0.0,0.0,-11.59,0.0,-0.004997361026666667,,99.6076889,0.0,0.00039477874,83.0447109,0.00088582794,219.723166,3.89415262,0.0,99.97007753333332,100.0,False
2026-07-27 04:00:00,0.0,96.0,88.0,79.95,81.27,81.27,,0.0,0.0,0.0,,0.0,0.0,0.0,0.0,0.0,0.0,6.98574,5.02,17.5342074,0.0,2.0,0.0,0.0,2.05,0.0,0.0,7.08,0.0,0.0,-2.18,0.0,0.0,4.5,0.0,0.0,-11.59,0.0,-0.005037250036666666,,99.6076889,0.0,0.000450345527,83.0447874,0.00101349367,219.723522,4.44227117,0.0,99.9999924,100.0,False
2026-07-27 04:30:00,0.0,96.0,86.93,86.5,77.74,77.74,,0.0,0.0,0.0,,0.0,0.0,0.0,0.0,0.0,0.0,6.9908,5.02,17.546908,0.0,2.0,0.0,0.0,2.05,0.0,0.0,7.08,0.0,0.0,-2.18,0.0,0.0,4.5,0.0,0.0,-11.59,0.0,-0.004996694326666666,,99.6076889,0.0,0.000506480744,83.0448574,0.00114013153,219.723724,4.99599679,0.0,99.97007753333332,100.0,False
2026-07-27 05:00:00,0.0,110.2,102.43,103.58,96.08,96.08,,0.0,0.0,0.0,,0.0,0.0,0.0,0.0,0.0,0.0,6.96423,5.02,17.480217299999996,0.0,2.0,0.0,0.0,2.05,0.0,0.0,7.08,0.0,0.0,-2.18,0.0,0.0,4.5,0.0,0.0,-11.59,0.0,-0.00498938894,,99.6076889,0.0,0.000565081823,83.044924,0.00126658424,219.724029,5.57404602,0.0,99.9999924,100.0,False
2026-07-27 05:30:00,0.0,110.2,105.24,108.0,99.0,99.0,,0.0,0.0,0.0,,0.0,0.0,0.0,0.0,0.0,0.0,6.805,5.02,17.08055,0.0,2.0,0.0,0.0,2.05,0.0,0.0,7.08,0.0,0.0,-2.18,0.0,0.0,4.5,0.0,0.0,-11.59,0.0,-0.004984083413333334,,99.6076889,0.0,0.00062163552,83.0449972,0.00139290249,219.724282,6.13189958,0.0,99.97007753333332,100.0,False
2026-07-27 06:00:00,0.0,128.2,128.8,129.8,153.38,153.38,,0.0,0.0,0.0,,0.0,0.0,0.0,0.0,0.0,0.0,6.641970000000001,5.02,16.6713447,0.0,2.0,0.0,0.0,2.05,0.0,0.0,7.08,0.0,0.0,-2.18,0.0,0.0,4.5,0.0,0.0,-11.59,0.0,-0.00496747216,,99.6076889,0.0,0.000674212201,83.0450491,0.00151879974,219.724586,6.6505233,0.0,99.9999924,100.0,False
2026-07-27 06:30:00,0.0,128.2,140.0,142.94,139.72,139.72,,0.0,0.0,0.0,,0.0,0.0,0.0,0.0,0.0,0.0,6.4060500000000005,5.02,16.0791855,0.0,2.0,0.0,0.0,2.05,0.0,0.0,7.08,0.0,0.0,-2.18,0.0,0.0,4.5,0.0,0.0,-11.59,0.0,-0.0049313055633333335,,99.6076889,0.0,0.000731448664,83.0450778,0.00164378038,219.724788,7.21511177,0.0,99.97007753333332,100.0,False
2026-07-27 07:00:00,0.0,138.11,146.5,149.6,138.33,138.33,,0.0,0.0,0.0,,0.0,0.0,0.0,0.0,0.0,0.0,5.86382,5.02,14.718188199999998,0.0,5.64,0.0,0.0,0.71,0.0,0.0,9.7,0.0,0.0,-2.63,0.0,0.0,13.58,0.0,0.0,-17.43,0.0,-0.005047361136666667,,99.6076889,0.0,0.000788747865,83.0451049,0.00177170235,219.725093,7.78031909,0.0,99.9999924,100.0,False
2026-07-27 07:30:00,0.0,138.11,150.0,149.6,149.98,149.98,,0.0,0.0,0.0,,0.0,0.0,0.0,0.0,0.0,0.0,5.10372,5.02,12.8103372,0.0,5.64,0.0,0.0,0.71,0.0,0.0,9.7,0.0,0.0,-2.63,0.0,0.0,13.58,0.0,0.0,-17.43,0.0,-0.005090555586666667,,99.6076889,0.0,0.000848942342,83.0451402,0.00190071907,219.725296,8.37408582,0.0,99.9999924,100.0,False
2026-07-27 08:00:00,0.0,142.08,149.14,150.0,141.14,141.14,,0.0,0.0,0.0,,0.0,0.0,0.0,0.0,0.0,0.0,4.9252,5.02,12.362252,0.0,5.64,0.0,0.0,0.71,0.0,0.0,9.7,0.0,0.0,-2.63,0.0,0.0,13.58,0.0,0.0,-17.43,0.0,-0.004947361073333333,,99.6076889,0.0,0.000908017629,83.0451755,0.00202610661,219.7256,8.9568127,0.0,99.9999924,100.0,False
2026-07-27 08:30:00,0.0,142.08,150.0,150.0,142.48,142.48,,0.0,0.0,0.0,,0.0,0.0,0.0,0.0,0.0,0.0,4.19225,5.02,10.522547499999998,0.0,5.64,0.0,0.0,0.71,0.0,0.0,9.7,0.0,0.0,-2.63,0.0,0.0,13.58,0.0,0.0,-17.43,0.0,-0.004948694466666666,,99.6076889,0.0,0.000962654443,83.0452027,0.00215152795,219.725802,9.49575786,0.0,99.9999924,100.0,False
2026-07-27 09:00:00,0.0,135.17,150.0,148.06,152.45,152.45,,0.0,0.0,0.0,,0.0,0.0,0.0,0.0,0.0,0.0,4.329140000000001,5.02,10.8661414,0.0,5.64,0.0,0.0,0.71,0.0,0.0,9.7,0.0,0.0,-2.63,0.0,0.0,13.58,0.0,0.0,-17.43,0.0,-0.004949944336666667,,99.6076889,0.0,0.00101840711,83.0452118,0.00227698098,219.726157,10.04571,0.0,99.9999924,100.0,False
2026-07-27 09:30:00,0.0,135.17,145.0,140.41,154.38,154.38,,0.0,0.0,0.0,,0.0,0.0,0.0,0.0,0.0,0.0,3.69235,5.02,9.267798499999998,0.0,5.64,0.0,0.0,0.71,0.0,0.0,9.7,0.0,0.0,-2.63,0.0,0.0,13.58,0.0,0.0,-17.43,0.0,-0.004940222186666667,,99.6076889,0.0,0.00107898617,83.0452225,0.00240218758,219.72636,10.6432703,0.0,99.9999924,100.0,False
2026-07-27 10:00:00,0.0,123.0,145.67,136.53,157.0,157.0,,0.0,0.0,0.0,,0.0,0.0,0.0,0.0,0.0,0.0,4.39349,5.02,11.027659899999998,0.0,5.64,0.0,0.0,0.71,0.0,0.0,9.7,0.0,0.0,-2.63,0.0,0.0,13.58,0.0,0.0,-17.43,0.0,-0.004967416763333334,,99.6076889,0.0,0.00113616163,83.0452315,0.00252808343,219.726664,11.207257,0.0,99.9999924,100.0,False
2026-07-27 10:30:00,0.0,123.0,136.67,127.5,157.0,157.0,,0.0,0.0,0.0,,0.0,0.0,0.0,0.0,0.0,0.0,2.9756799999999997,5.02,7.468956799999998,0.0,5.64,0.0,0.0,0.71,0.0,0.0,9.7,0.0,0.0,-2.63,0.0,0.0,13.58,0.0,0.0,-17.43,0.0,-0.004980027913333333,,99.6076889,0.0,0.0011925727,83.0452322,0.0026542989,219.72707,11.7637037,0.0,99.9999924,100.0,False
2026-07-27 11:00:00,0.0,105.8,124.81,123.19,157.0,157.0,,0.0,0.0,0.0,,0.0,0.0,0.0,0.0,0.0,0.0,3.49256,5.02,8.7663256,0.0,3.72,0.0,0.0,5.64,0.0,0.0,7.75,0.0,0.0,3.67,0.0,0.0,15.15,0.0,0.0,-8.69,0.0,-0.004922166743333334,,99.6076889,0.0,0.00124309219,83.0452561,0.00277904791,219.727222,12.262035,0.0,99.9999924,100.0,False
2026-07-27 11:30:00,0.0,105.8,122.45,121.07,123.72,123.72,,0.0,0.0,0.0,,0.0,0.0,0.0,0.0,0.0,0.0,2.52063,5.02,6.3267812999999995,0.0,3.72,0.0,0.0,5.64,0.0,0.0,7.75,0.0,0.0,3.67,0.0,0.0,15.15,0.0,0.0,-8.69,0.0,-0.004938666663333333,,99.6076889,0.0,0.00129484654,83.0452686,0.0029042151,219.727577,12.7725471,0.0,99.9999924,100.0,False
2026-07-27 12:00:00,0.0,97.19,118.06,113.1,108.46,108.46,,0.0,0.0,0.0,,0.0,0.0,0.0,0.0,0.0,0.0,2.81406,5.02,7.063290599999999,0.0,3.72,0.0,0.0,5.64,0.0,0.0,7.75,0.0,0.0,3.67,0.0,0.0,15.15,0.0,0.0,-8.69,0.0,-0.004922916646666667,,99.6076889,0.0,0.00135942388,83.0453157,0.00302898312,219.72783,13.409547,0.0,99.9999924,100.0,False
2026-07-27 12:30:00,0.0,97.19,107.45,108.39,100.22,100.22,,0.0,0.0,0.0,,0.0,0.0,0.0,0.0,0.0,0.0,0.81137,5.02,2.0365387,0.0,3.72,0.0,0.0,5.64,0.0,0.0,7.75,0.0,0.0,3.67,0.0,0.0,15.15,0.0,0.0,-8.69,0.0,-0.004983944416666666,,99.6076889,0.0,0.00142287247,83.0453644,0.00315529785,219.728134,14.0354127,0.0,99.9999924,100.0,False
2026-07-27 13:00:00,0.0,90.2,98.31,98.3,92.27,92.27,,0.0,0.0,0.0,,0.0,0.0,0.0,0.0,0.0,0.0,1.4523599999999999,5.02,3.6454235999999995,0.0,3.72,0.0,0.0,5.64,0.0,0.0,7.75,0.0,0.0,3.67,0.0,0.0,15.15,0.0,0.0,-8.69,0.0,-0.004933527863333333,,99.6076889,0.0,0.00148119439,83.0454331,0.0032803348,219.728337,14.6107083,0.0,99.9999924,100.0,False
2026-07-27 13:30:00,0.0,90.2,95.69,99.3,76.6,76.6,,0.0,0.0,0.0,,0.0,0.0,0.0,0.0,0.0,0.0,1.43268,5.02,3.5960267999999997,0.0,3.72,0.0,0.0,5.64,0.0,0.0,7.75,0.0,0.0,3.67,0.0,0.0,15.15,0.0,0.0,-8.69,0.0,-0.00490699991,,99.6076889,0.0,0.00153767067,83.0455812,0.00340469942,219.728743,15.1677982,0.0,99.9999924,100.0,False
2026-07-27 14:00:00,0.0,88.35,90.38,97.0,75.0,75.0,,0.0,0.0,0.0,,0.0,0.0,0.0,0.0,0.0,0.0,1.99534,5.02,5.008303399999999,0.0,3.72,0.0,0.0,5.64,0.0,0.0,7.75,0.0,0.0,3.67,0.0,0.0,15.15,0.0,0.0,-8.69,0.0,-0.004885916706666667,,99.6076889,0.0,0.00158607459,83.0457028,0.0035285297,219.728894,15.6452613,0.0,99.9999924,100.0,False
2026-07-27 14:30:00,0.0,88.35,91.1,94.4,75.5,75.5,,0.0,0.0,0.0,,0.0,0.0,0.0,0.0,0.0,0.0,0.43419,5.02,1.0898169,0.0,3.72,0.0,0.0,5.64,0.0,0.0,7.75,0.0,0.0,3.67,0.0,0.0,15.15,0.0,0.0,-8.69,0.0,-0.004894000133333334,,99.6076889,0.0,0.00163189899,83.0457749,0.00365256486,219.729249,16.0972795,0.0,99.9999924,100.0,False
2026-07-27 15:00:00,0.0,96.0,89.7,93.39,75.5,75.5,,0.0,0.0,0.0,,0.0,0.0,0.0,0.0,0.0,0.0,0.61349,5.02,1.5398598999999997,0.0,2.09,0.0,0.0,3.45,0.0,0.0,6.43,0.0,0.0,5.02,0.0,0.0,5.66,0.0,0.0,-6.69,0.0,-0.004917750039999999,,99.6076889,0.0,0.00167788476,83.0459662,0.00377720193,219.729452,16.5508896,0.0,99.9999924,100.0,False
2026-07-27 15:30:00,0.0,96.0,89.52,96.0,75.5,75.5,,0.0,0.0,0.0,,0.0,0.0,0.0,0.0,0.0,0.0,0.27394,5.02,0.6875894,0.0,2.09,0.0,0.0,3.45,0.0,0.0,6.43,0.0,0.0,5.02,0.0,0.0,5.66,0.0,0.0,-6.69,0.0,-0.00492136113,,99.6076889,0.0,0.00173493859,83.0461112,0.00390193053,219.729857,17.1136765,0.0,99.9999924,100.0,False
2026-07-27 16:00:00,0.0,114.75,109.14,112.01,75.5,75.5,,0.0,0.0,0.0,,0.0,0.0,0.0,0.0,0.0,0.0,2.15314,5.02,5.4043814,0.0,2.09,0.0,0.0,3.45,0.0,0.0,6.43,0.0,0.0,5.02,0.0,0.0,5.66,0.0,0.0,-6.69,0.0,-0.0048933889066666665,,99.6076889,0.0,0.00179324595,83.0462528,0.00402595018,219.730111,17.6888285,0.0,99.9999924,100.0,False
2026-07-27 16:30:00,0.0,114.75,115.66,113.41,87.82,87.82,,0.0,0.0,0.0,,0.0,0.0,0.0,0.0,0.0,0.0,2.6208,5.02,6.578207999999999,0.0,2.09,0.0,0.0,3.45,0.0,0.0,6.43,0.0,0.0,5.02,0.0,0.0,5.66,0.0,0.0,-6.69,0.0,-0.004907138986666667,,99.6076889,0.0,0.00184966726,83.0463414,0.00415031833,219.730415,18.2453762,0.0,99.9999924,100.0,False
2026-07-27 17:00:00,0.0,134.35,127.6,119.37,68.5,68.5,,0.0,0.0,0.0,,0.0,0.0,0.0,0.0,0.0,0.0,3.01437,5.02,7.5660687,0.0,2.09,0.0,0.0,3.45,0.0,0.0,6.43,0.0,0.0,5.02,0.0,0.0,5.66,0.0,0.0,-6.69,0.0,-0.00493622215,,99.6076889,0.0,0.00191603557,83.0463687,0.00427542356,219.730821,18.9000424,0.0,99.9999924,100.0,False
2026-07-27 17:30:00,0.0,134.35,137.53,135.6,169.88,169.88,,0.0,0.0,0.0,,0.0,0.0,0.0,0.0,0.0,0.0,3.5233600000000003,5.02,8.8436336,0.0,2.09,0.0,0.0,3.45,0.0,0.0,6.43,0.0,0.0,5.02,0.0,0.0,5.66,0.0,0.0,-6.69,0.0,-0.004880888863333333,,99.6076889,0.0,0.00197460766,83.0463877,0.00439912642,219.731023,19.4778057,0.0,99.9999924,100.0,False
2026-07-27 18:00:00,0.0,145.0,147.2,140.22,184.75,184.75,,0.0,0.0,0.0,,0.0,0.0,0.0,0.0,0.0,0.0,4.81178,5.02,12.077567799999999,0.0,2.09,0.0,0.0,3.45,0.0,0.0,6.43,0.0,0.0,5.02,0.0,0.0,5.66,0.0,0.0,-6.69,0.0,-0.004960888946666666,,99.6076889,0.0,0.00204550265,83.0464346,0.00452485681,219.731276,20.1771238,0.0,99.9999924,100.0,False
2026-07-27 18:30:00,0.0,145.0,150.0,143.88,115.07,115.07,,0.0,0.0,0.0,,0.0,0.0,0.0,0.0,0.0,0.0,5.45015,5.02,13.679876499999999,0.0,2.09,0.0,0.0,3.45,0.0,0.0,6.43,0.0,0.0,5.02,0.0,0.0,5.66,0.0,0.0,-6.69,0.0,-0.004949555636666666,,99.6076889,0.0,0.00212281532,83.0464616,0.00465029999,219.731531,20.9397468,0.0,99.9999924,100.0,False
2026-07-27 19:00:00,0.0,159.0,158.42,154.0,113.12,113.12,,0.0,0.0,0.0,,0.0,0.0,0.0,0.0,0.0,0.0,6.0519099999999995,5.02,15.190294099999997,0.0,6.14,0.0,0.0,0.1,0.0,0.0,11.55,0.0,0.0,-4.28,0.0,0.0,21.61,0.0,0.0,-17.68,0.0,-0.004952194453333334,,99.6076889,0.0,0.00219268187,83.0465084,0.00477581002,219.731784,21.6289202,0.0,99.9999924,100.0,False
2026-07-27 19:30:00,0.0,159.0,160.64,155.67,123.82,123.82,,0.0,0.0,0.0,,0.0,0.0,0.0,0.0,0.0,0.0,6.64009,5.02,16.6666259,0.0,6.14,0.0,0.0,0.1,0.0,0.0,11.55,0.0,0.0,-4.28,0.0,0.0,21.61,0.0,0.0,-17.68,0.0,-0.004962888796666666,,99.6076889,0.0,0.00226303231,83.0465668,0.00490159112,219.732037,22.3228667,0.0,99.9999924,100.0,False
2026-07-27 20:00:00,0.0,163.4,154.87,156.8,98.22,98.22,,0.0,0.0,0.0,,0.0,0.0,0.0,0.0,0.0,0.0,6.81717,5.02,17.111096699999997,0.0,6.14,0.0,0.0,0.1,0.0,0.0,11.55,0.0,0.0,-4.28,0.0,0.0,21.61,0.0,0.0,-17.68,0.0,-0.00497455557,,99.6076889,0.0,0.00232929808,83.046602,0.0050276679,219.73224,22.9765215,0.0,99.9999924,100.0,False
2026-07-27 20:30:00,0.0,163.4,155.47,157.78,122.52,122.52,,0.0,0.0,0.0,,0.0,0.0,0.0,0.0,0.0,0.0,6.9671400000000006,5.02,17.4875214,0.0,6.14,0.0,0.0,0.1,0.0,0.0,11.55,0.0,0.0,-4.28,0.0,0.0,21.61,0.0,0.0,-17.68,0.0,-0.0049937500133333335,,99.6076889,0.0,0.00240076963,83.0466405,0.0051542311,219.732493,23.6815269,0.0,99.9999924,100.0,False
2026-07-27 21:00:00,0.0,160.9,156.33,153.19,115.04,115.04,,0.0,0.0,0.0,,0.0,0.0,0.0,0.0,0.0,0.0,6.99496,5.02,17.5573496,0.0,6.14,0.0,0.0,0.1,0.0,0.0,11.55,0.0,0.0,-4.28,0.0,0.0,21.61,0.0,0.0,-17.68,0.0,-0.00501013891,,99.6076889,0.0,0.00247320903,83.0466955,0.00528120975,219.732697,24.3960793,0.0,99.9999924,100.0,False
2026-07-27 21:30:00,0.0,160.9,153.3,152.6,179.9,179.9,,0.0,0.0,0.0,,0.0,0.0,0.0,0.0,0.0,0.0,6.9873199999999995,5.02,17.538173199999996,0.0,6.14,0.0,0.0,0.1,0.0,0.0,11.55,0.0,0.0,-4.28,0.0,0.0,21.61,0.0,0.0,-17.68,0.0,-0.0050096111266666665,,99.6076889,0.0,0.00254452713,83.0467307,0.00540817495,219.733,25.099571,0.0,99.9999924,100.0,False
2026-07-27 22:00:00,0.0,148.7,154.22,148.64,179.9,179.9,,0.0,0.0,0.0,,0.0,0.0,0.0,0.0,0.0,0.0,6.9858400000000005,5.02,17.5344584,0.0,6.14,0.0,0.0,0.1,0.0,0.0,11.55,0.0,0.0,-4.28,0.0,0.0,21.61,0.0,0.0,-17.68,0.0,-0.00501705551,,99.6076889,0.0,0.00261571566,83.0467874,0.00553532885,219.733203,25.8017846,0.0,99.9999924,100.0,False
2026-07-27 22:30:00,0.0,148.7,144.73,134.73,140.02,140.02,,0.0,0.0,0.0,,0.0,0.0,0.0,0.0,0.0,0.0,6.98579,5.02,17.5343329,0.0,6.14,0.0,0.0,0.1,0.0,0.0,11.55,0.0,0.0,-4.28,0.0,0.0,21.61,0.0,0.0,-17.68,0.0,-0.005003527723333333,,99.6076889,0.0,0.00268284387,83.0468291,0.00566213995,219.733508,26.4639466,0.0,99.9999924,100.0,False
2026-07-27 23:00:00,0.0,138.0,141.12,145.35,141.63,141.63,,0.0,0.0,0.0,,0.0,0.0,0.0,0.0,0.0,0.0,6.98587,5.02,17.5345337,0.0,2.29,0.0,0.0,0.11,0.0,0.0,8.72,0.0,0.0,-4.2,0.0,0.0,21.28,0.0,0.0,-14.2,0.0,-0.005017916673333333,,99.6076889,0.0,0.00274829976,83.0468726,0.00578931565,219.73371,27.1096126,0.0,99.9999924,100.0,False
2026-07-27 23:30:00,0.0,138.0,133.51,141.15,133.13,133.13,,0.0,0.0,0.0,,0.0,0.0,0.0,0.0,0.0,0.0,6.98596,5.02,17.5347596,0.0,2.29,0.0,0.0,0.11,0.0,0.0,8.72,0.0,0.0,-4.2,0.0,0.0,21.28,0.0,0.0,-14.2,0.0,-0.0050138333633333336,,99.6076889,0.0,0.00281722222,83.046921,0.0059163879,219.734065,27.7894734,0.0,99.9999924,100.0,False
2026-07-28 00:00:00,0.0,130.2,134.22,138.9,130.79,130.79,,0.0,0.0,0.0,,0.0,0.0,0.0,0.0,0.0,0.0,6.98586,5.02,17.5345086,0.0,2.29,0.0,0.0,0.11,0.0,0.0,8.72,0.0,0.0,-4.2,0.0,0.0,21.28,0.0,0.0,-14.2,0.0,-0.00501191672,,99.6076889,0.0,0.00287784704,83.0469942,0.00604341155,219.734217,28.3874851,0.0,99.9999924,100.0,False
2026-07-28 00:30:00,0.0,130.2,131.98,132.92,126.44,126.44,,0.0,0.0,0.0,,0.0,0.0,0.0,0.0,0.0,0.0,6.98585,5.02,17.5344835,0.0,2.29,0.0,0.0,0.11,0.0,0.0,8.72,0.0,0.0,-4.2,0.0,0.0,21.28,0.0,0.0,-14.2,0.0,-0.00503647224,,99.6076889,0.0,5.734673e-05,83.0470658,0.000127646009,219.734572,0.565676153,0.0,99.9999924,100.0,False
2026-07-28 01:00:00,0.0,126.1,126.1,121.94,99.0,99.0,,0.0,0.0,0.0,,0.0,0.0,0.0,0.0,0.0,0.0,6.98595,5.02,17.5347345,0.0,2.29,0.0,0.0,0.11,0.0,0.0,8.72,0.0,0.0,-4.2,0.0,0.0,21.28,0.0,0.0,-14.2,0.0,-0.00499511107,,99.6076889,0.0,0.000114929625,83.0471423,0.000254243748,219.734775,1.13368187,0.0,99.9999924,100.0,False
2026-07-28 01:30:00,0.0,126.1,126.74,125.59,116.94,116.94,,0.0,0.0,0.0,,0.0,0.0,0.0,0.0,0.0,0.0,6.98886,5.02,17.542038599999998,0.0,2.29,0.0,0.0,0.11,0.0,0.0,8.72,0.0,0.0,-4.2,0.0,0.0,21.28,0.0,0.0,-14.2,0.0,-0.005019166706666667,,99.6076889,0.0,0.000168268942,83.0472173,0.00038145116,219.735129,1.65982834,0.0,99.9999924,100.0,False
2026-07-28 02:00:00,0.0,119.6,126.15,122.0,98.29,98.29,,0.0,0.0,0.0,,0.0,0.0,0.0,0.0,0.0,0.0,6.98942,5.02,17.5434442,0.0,2.29,0.0,0.0,0.11,0.0,0.0,8.72,0.0,0.0,-4.2,0.0,0.0,21.28,0.0,0.0,-14.2,0.0,-0.00504680562,,99.6076889,0.0,0.00022524539,83.0472823,0.00050935906,219.735332,2.22185198,0.0,99.9999924,100.0,False
2026-07-28 02:30:00,0.0,119.6,121.84,116.0,98.32,98.32,,0.0,0.0,0.0,,0.0,0.0,0.0,0.0,0.0,0.0,6.985930000000001,5.02,17.5346843,0.0,2.29,0.0,0.0,0.11,0.0,0.0,8.72,0.0,0.0,-4.2,0.0,0.0,21.28,0.0,0.0,-14.2,0.0,-0.005044083356666667,,99.6076889,0.0,0.000286152916,83.0473572,0.00063719797,219.735636,2.82265232,0.0,99.9999924,100.0,False
2026-07-28 03:00:00,0.0,118.75,121.73,119.37,111.68,111.68,,0.0,0.0,0.0,,0.0,0.0,0.0,0.0,0.0,0.0,6.98583,5.02,17.5344333,0.0,1.41,0.0,0.0,1.12,0.0,0.0,5.3,0.0,0.0,-3.05,0.0,0.0,8.25,0.0,0.0,-15.58,0.0,-0.00505758349,,99.6076889,0.0,0.000340425592,83.0474388,0.000765379025,219.735839,3.35800558,0.0,99.9999924,100.0,False
2026-07-28 03:30:00,0.0,118.75,120.65,119.3,109.42,109.42,,0.0,0.0,0.0,,0.0,0.0,0.0,0.0,0.0,0.0,6.98606,5.02,17.5350106,0.0,1.41,0.0,0.0,1.12,0.0,0.0,5.3,0.0,0.0,-3.05,0.0,0.0,8.25,0.0,0.0,-15.58,0.0,-0.005037083226666667,,99.6076889,0.0,0.000385516732,83.0475253,0.000893040525,219.736143,3.80279088,0.0,99.9999924,100.0,False
2026-07-28 04:00:00,0.0,121.0,122.32,119.9,112.39,112.39,,0.0,0.0,0.0,,0.0,0.0,0.0,0.0,0.0,0.0,6.98628,5.02,17.535562799999997,0.0,1.41,0.0,0.0,1.12,0.0,0.0,5.3,0.0,0.0,-3.05,0.0,0.0,8.25,0.0,0.0,-15.58,0.0,-0.005039194426666667,,99.6076889,0.0,0.000436032319,83.0476334,0.00102075552,219.736397,4.30108369,0.0,99.9999924,100.0,False
2026-07-28 04:30:00,0.0,121.0,120.51,116.9,102.94,102.94,,0.0,0.0,0.0,,0.0,0.0,0.0,0.0,0.0,0.0,6.9863,5.02,17.535612999999998,0.0,1.41,0.0,0.0,1.12,0.0,0.0,5.3,0.0,0.0,-3.05,0.0,0.0,8.25,0.0,0.0,-15.58,0.0,-0.005042833243333333,,99.6076889,0.0,0.000485589601,83.0477299,0.00114856275,219.736751,4.78992364,0.0,99.9999924,100.0,False
2026-07-28 05:00:00,0.0,126.24,141.91,137.09,129.89,129.89,,0.0,0.0,0.0,,0.0,0.0,0.0,0.0,0.0,0.0,6.9622,5.02,17.475122,0.0,1.41,0.0,0.0,1.12,0.0,0.0,5.3,0.0,0.0,-3.05,0.0,0.0,8.25,0.0,0.0,-15.58,0.0,-0.005035611153333334,,99.6076889,0.0,0.000520567463,83.0478414,0.00127618694,219.736903,5.13495015,0.0,99.9999924,100.0,False
2026-07-28 05:30:00,0.0,126.24,137.79,133.0,125.79,125.79,,0.0,0.0,0.0,,0.0,0.0,0.0,0.0,0.0,0.0,6.832529999999999,5.02,17.149650299999998,0.0,1.41,0.0,0.0,1.12,0.0,0.0,5.3,0.0,0.0,-3.05,0.0,0.0,8.25,0.0,0.0,-15.58,0.0,-0.0050083611033333334,,99.6076889,0.0,0.00056249976,83.0479545,0.00140312048,219.737258,5.54857619,0.0,99.98503496666666,100.0,False
2026-07-28 06:00:00,0.0,132.26,140.0,132.01,125.14,125.14,,0.0,0.0,0.0,,0.0,0.0,0.0,0.0,0.0,0.0,6.63363,5.02,16.6504113,0.0,1.41,0.0,0.0,1.12,0.0,0.0,5.3,0.0,0.0,-3.05,0.0,0.0,8.25,0.0,0.0,-15.58,0.0,-0.00496061111,,99.6076889,0.0,0.000609671136,83.0480461,0.00152884384,219.73741,6.01388123,0.0,99.9999924,100.0,False
2026-07-28 06:30:00,0.0,132.26,144.7,140.78,110.36,110.36,,0.0,0.0,0.0,,0.0,0.0,0.0,0.0,0.0,0.0,6.27463,5.02,15.749321299999998,0.0,1.41,0.0,0.0,1.12,0.0,0.0,5.3,0.0,0.0,-3.05,0.0,0.0,8.25,0.0,0.0,-15.58,0.0,-0.004974277813333334,,99.6076889,0.0,0.000663656396,83.048113,0.00165491358,219.737816,6.54639937,0.0,99.9999924,100.0,False
2026-07-28 07:00:00,0.0,130.4,133.5,127.5,98.63,98.63,,0.0,0.0,0.0,,0.0,0.0,0.0,0.0,0.0,0.0,5.55776,5.02,13.949977599999999,0.0,3.25,0.0,0.0,0.53,0.0,0.0,9.39,0.0,0.0,-2.32,0.0,0.0,15.96,0.0,0.0,-14.81,0.0,-0.005009472213333334,,99.6076889,0.0,0.000709134126,83.0481766,0.00178187529,219.737866,6.99499805,0.0,99.9999924,100.0,False
2026-07-28 07:30:00,0.0,130.4,137.5,133.4,98.3,98.3,,0.0,0.0,0.0,,0.0,0.0,0.0,0.0,0.0,0.0,4.82631,5.02,12.1140381,0.0,3.25,0.0,0.0,0.53,0.0,0.0,9.39,0.0,0.0,-2.32,0.0,0.0,15.96,0.0,0.0,-14.81,0.0,-0.004983694396666666,,99.6076889,0.0,0.00076401358,83.0482467,0.00190818368,219.738322,7.53633665,0.0,99.9999924,100.0,False
2026-07-28 08:00:00,0.0,125.14,127.86,125.27,80.0,80.0,,0.0,0.0,0.0,,0.0,0.0,0.0,0.0,0.0,0.0,4.02272,5.02,10.097027199999998,0.0,3.25,0.0,0.0,0.53,0.0,0.0,9.39,0.0,0.0,-2.32,0.0,0.0,15.96,0.0,0.0,-14.81,0.0,-0.004979777736666666,,99.6076889,0.0,0.000814744298,83.0482987,0.00203439281,219.738373,8.03675153,0.0,99.9999924,100.0,False
2026-07-28 08:30:00,0.0,125.14,127.5,127.1,76.25,76.25,,0.0,0.0,0.0,,0.0,0.0,0.0,0.0,0.0,0.0,3.6478800000000002,5.02,9.1561788,0.0,3.25,0.0,0.0,0.53,0.0,0.0,9.39,0.0,0.0,-2.32,0.0,0.0,15.96,0.0,0.0,-14.81,0.0,-0.00501730553,,99.6076889,0.0,0.000859676383,83.0483574,0.00216155304,219.738829,8.4799679,0.0,99.9999924,100.0,False
2026-07-28 09:00:00,-0.027,121.06,127.62,122.79,59.25,59.25,,0.0,-1.59975,0.0,,0.0,0.0,0.0,0.0,0.0,0.0,3.01052,5.02,7.5564051999999995,0.0,3.25,0.0,0.0,0.53,0.0,0.0,9.39,0.0,0.0,-2.32,0.0,0.0,15.96,0.0,0.0,-14.81,0.0,-0.00495913879,,99.6076889,0.0,0.000902089173,83.0483979,0.00228723909,219.739033,8.89833358,0.0,99.9999924,100.0,False
2026-07-28 09:30:00,-0.148,121.06,121.0,118.7,45.0,45.0,,-6.659999999999999,0.0,0.0,,0.0,0.0,0.0,0.0,0.0,0.0,2.2374099999999997,5.02,5.615899099999999,0.0,3.25,0.0,0.0,0.53,0.0,0.0,9.39,0.0,0.0,-2.32,0.0,0.0,15.96,0.0,0.0,-14.81,0.0,-0.06055016779333333,,99.6076889,0.00283255412,0.000935960236,83.0483808,0.00382184246,219.740755,9.23244247,27.9407094,99.9999924,100.0,False
2026-07-28 10:00:00,-0.393,107.0,103.18,104.01,61.05,61.05,,-23.99265,0.0,0.0,,0.0,0.0,0.0,0.0,0.0,0.0,1.61807,5.02,4.061355699999999,0.0,3.25,0.0,0.0,0.53,0.0,0.0,9.39,0.0,0.0,-2.32,0.0,0.0,15.96,0.0,0.0,-14.81,0.0,-0.292559771,,99.6076889,0.0173780111,0.000935960236,83.0439634,0.0112365736,219.748359,9.23244247,171.419128,99.9999924,100.0,False
2026-07-28 10:30:00,-0.015,107.0,99.0,96.62,32.91,32.91,,0.0,-0.4936499999999999,0.0,,0.0,0.0,0.0,0.0,0.0,0.0,3.7750100000000004,5.02,9.475275100000001,0.0,3.25,0.0,0.0,0.53,0.0,0.0,9.39,0.0,0.0,-2.32,0.0,0.0,15.96,0.0,0.0,-14.81,0.0,-0.7679570926666667,,99.6076889,0.0560399249,0.000935960236,83.0323871,0.0306999307,219.767975,9.23244247,552.785645,99.9999924,100.0,False
2026-07-28 11:00:00,0.0,90.0,89.62,92.0,-10.5,-10.5,,0.0,0.0,0.0,,0.0,0.0,0.0,0.0,0.0,0.0,6.9758000000000004,5.02,17.509258,0.0,3.52,0.0,0.0,7.25,0.0,0.0,6.67,0.0,0.0,5.56,0.0,0.0,14.39,0.0,0.0,-5.18,0.0,-0.03645136006,,99.6076889,0.0576217297,0.000968516819,83.0302574,0.031623766,219.769091,9.55358516,568.388789,99.9999924,100.0,False
2026-07-28 11:30:00,0.0,90.0,84.27,85.0,-12.2,-12.2,,0.0,0.0,0.0,,0.0,0.0,0.0,0.0,0.0,0.0,6.97624,5.02,17.510362399999998,0.0,3.52,0.0,0.0,7.25,0.0,0.0,6.67,0.0,0.0,5.56,0.0,0.0,14.39,0.0,0.0,-5.18,0.0,-0.005007972163333333,,99.6076889,0.0576217297,0.00101320867,83.0299668,0.0317506896,219.769192,9.99443177,568.388789,99.9999924,100.0,False
2026-07-28 12:00:00,0.0,80.0,75.64,82.64,-13.95,-13.95,,0.0,0.0,0.0,,0.0,0.0,0.0,0.0,0.0,0.0,6.9749099999999995,5.02,17.5070241,0.0,3.52,0.0,0.0,7.25,0.0,0.0,6.67,0.0,0.0,5.56,0.0,0.0,14.39,0.0,0.0,-5.18,0.0,-0.005008805589999999,,99.6076889,0.0576217297,0.00105371928,83.030077,0.0318776344,219.769648,10.3940341,568.388789,99.9999924,100.0,False
2026-07-28 12:30:00,0.0,80.0,72.46,77.0,12.51,12.51,,0.0,0.0,0.0,,0.0,0.0,0.0,0.0,0.0,0.0,6.97552,5.02,17.5085552,0.0,3.52,0.0,0.0,7.25,0.0,0.0,6.67,0.0,0.0,5.56,0.0,0.0,14.39,0.0,0.0,-5.18,0.0,-0.004944360973333333,,99.6076889,0.0576217297,0.00109609127,83.0301889,0.032002946,219.769851,10.8119974,568.388789,99.9658038,100.0,False
2026-07-28 13:00:00,0.0,75.6,73.65,75.58,9.3,9.3,,0.0,0.0,0.0,,0.0,0.0,0.0,0.0,0.0,0.0,6.78313,5.02,17.025656299999998,0.0,3.52,0.0,0.0,7.25,0.0,0.0,6.67,0.0,0.0,5.56,0.0,0.0,14.39,0.0,0.0,-5.18,0.0,-0.005003777666666666,,99.6076889,0.0576217297,0.00114047373,83.0302975,0.0321297634,219.770155,11.2497921,568.388789,99.9999924,100.0,False
2026-07-28 13:30:00,-0.131,75.6,68.74,77.1,13.19,13.19,,-1.72789,0.0,0.0,,0.0,0.0,0.0,0.0,0.0,0.0,2.0714099999999998,5.02,5.199239099999999,0.0,3.52,0.0,0.0,7.25,0.0,0.0,6.67,0.0,0.0,5.56,0.0,0.0,14.39,0.0,0.0,-5.18,0.0,-0.004980583350000001,,99.6076889,0.0576217297,0.00117904448,83.0303995,0.0322559929,219.770459,11.6302594,568.388789,99.9999924,100.0,False
2026-07-28 14:00:00,-0.055,73.52,69.99,79.99,87.76,87.76,,0.0,-4.8268,0.0,,0.0,0.0,0.0,0.0,0.0,0.0,3.14562,5.02,7.8955062,0.0,3.52,0.0,0.0,7.25,0.0,0.0,6.67,0.0,0.0,5.56,0.0,0.0,14.39,0.0,0.0,-5.18,0.0,-0.2588588826,,99.6076889,0.0704842792,0.0011928574,83.0264279,0.0388165976,219.777201,11.766512,695.266773,99.9999924,100.0,False
2026-07-28 14:30:00,-0.043,73.52,73.62,75.02,131.45,131.45,,0.0,-5.652349999999999,0.0,,0.0,0.0,0.0,0.0,0.0,0.0,2.7808699999999997,5.02,6.979983699999999,0.0,3.52,0.0,0.0,7.25,0.0,0.0,6.67,0.0,0.0,5.56,0.0,0.0,14.39,0.0,0.0,-5.18,0.0,-0.11306652610000001,,99.6076889,0.0759592844,0.00122149499,83.0246136,0.0416821928,219.780141,12.0489972,749.272989,99.9999924,100.0,False
2026-07-28 15:00:00,-0.048,80.0,81.22,82.5,142.8,142.8,,0.0,-6.854400000000001,0.0,,0.0,0.0,0.0,0.0,0.0,0.0,2.76598,5.02,6.942609799999999,0.0,4.27,0.0,0.0,4.93,0.0,0.0,11.55,0.0,0.0,5.96,0.0,0.0,20.17,0.0,0.0,-2.3,0.0,-0.08988908481333334,,99.6076889,0.0802321176,0.00123517298,83.0233288,0.0439603713,219.782726,12.1839188,791.420812,99.9999924,100.0,False
2026-07-28 15:30:00,-0.012,80.0,82.78,86.1,150.0,150.0,,0.0,-1.8,0.0,,0.0,0.0,0.0,0.0,0.0,0.0,3.25523,5.02,8.1706273,0.0,4.27,0.0,0.0,4.93,0.0,0.0,11.55,0.0,0.0,5.96,0.0,0.0,20.17,0.0,0.0,-2.3,0.0,-0.09840416778000001,,99.6076889,0.0849643475,0.00126653868,83.0226541,0.046454359,219.785311,12.4933144,838.100189,99.9999924,100.0,False
2026-07-28 16:00:00,-0.081,104.6,90.0,90.77,135.0,135.0,,0.0,-10.935,0.0,,0.0,0.0,0.0,0.0,0.0,0.0,3.12075,5.02,7.8330825,0.0,4.27,0.0,0.0,4.93,0.0,0.0,11.55,0.0,0.0,5.96,0.0,0.0,20.17,0.0,0.0,-2.3,0.0,-0.03141408317666667,,99.6076889,0.0863264801,0.00129838858,83.0218524,0.0472505278,219.786325,12.8074863,851.536455,99.9999924,100.0,False
2026-07-28 16:30:00,-0.027,104.6,91.48,94.34,81.38,81.38,,0.0,-2.19726,0.0,,0.0,0.0,0.0,0.0,0.0,0.0,3.37117,5.02,8.4616367,0.0,4.27,0.0,0.0,4.93,0.0,0.0,11.55,0.0,0.0,5.96,0.0,0.0,20.17,0.0,0.0,-2.3,0.0,-0.16069760665666669,,99.6076889,0.0941898051,0.00133303965,83.0190555,0.0513233005,219.790582,13.1492893,929.101391,99.9999924,100.0,False
2026-07-28 17:00:00,0.0,129.58,124.65,124.4,150.0,150.0,,0.0,0.0,0.0,,0.0,0.0,0.0,0.0,0.0,0.0,3.90889,5.02,9.811313899999998,0.0,4.27,0.0,0.0,4.93,0.0,0.0,11.55,0.0,0.0,5.96,0.0,0.0,20.17,0.0,0.0,-2.3,0.0,-0.05772858378,,99.6076889,0.0968531642,0.00136965993,83.0182884,0.052786393,219.792103,13.5105168,955.373137,99.9999924,100.0,False
2026-07-28 17:30:00,0.0,129.58,127.47,129.45,102.85,102.85,,0.0,0.0,0.0,,0.0,0.0,0.0,0.0,0.0,0.0,5.38486,5.02,13.515998599999998,0.0,4.27,0.0,0.0,4.93,0.0,0.0,11.55,0.0,0.0,5.96,0.0,0.0,20.17,0.0,0.0,-2.3,0.0,-0.00493794441,,99.6076889,0.0968531642,0.00142744769,83.0183966,0.052911542,219.792407,14.0805434,955.373137,99.9999924,100.0,False
2026-07-28 18:00:00,0.0,143.51,146.13,151.58,150.51,150.51,,0.0,0.0,0.0,,0.0,0.0,0.0,0.0,0.0,0.0,5.5738,5.02,13.990238,0.0,4.27,0.0,0.0,4.93,0.0,0.0,11.55,0.0,0.0,5.96,0.0,0.0,20.17,0.0,0.0,-2.3,0.0,-0.004931249933333334,,99.6076889,0.0968531642,0.00148545286,83.0184766,0.053036521,219.79261,14.6527145,955.373137,99.9999924,100.0,False
2026-07-28 18:30:00,0.0,143.51,159.0,162.0,150.64,150.64,,0.0,0.0,0.0,,0.0,0.0,0.0,0.0,0.0,0.0,5.7721800000000005,5.02,14.4881718,0.0,4.27,0.0,0.0,4.93,0.0,0.0,11.55,0.0,0.0,5.96,0.0,0.0,20.17,0.0,0.0,-2.3,0.0,-0.004932666620000001,,99.6076889,0.0968531642,0.00154273581,83.0185632,0.053161536,219.792813,15.2177615,955.373137,99.9999924,100.0,False
2026-07-28 19:00:00,0.0,164.77,167.2,170.0,172.5,172.5,,0.0,0.0,0.0,,0.0,0.0,0.0,0.0,0.0,0.0,6.437939999999999,5.02,16.159229399999997,0.0,8.3,0.0,0.0,0.3,0.0,0.0,15.05,0.0,0.0,-3.36,0.0,0.0,34.53,0.0,0.0,-14.64,0.0,-0.004965333303333333,,99.6076889,0.0968531642,0.0016017891,83.018653,0.053287379,219.793167,15.8002714,955.373137,99.9999924,100.0,False
2026-07-28 19:30:00,0.0,164.77,175.03,172.66,177.8,177.8,,0.0,0.0,0.0,,0.0,0.0,0.0,0.0,0.0,0.0,6.605270000000001,5.02,16.5792277,0.0,8.3,0.0,0.0,0.3,0.0,0.0,15.05,0.0,0.0,-3.36,0.0,0.0,34.53,0.0,0.0,-14.64,0.0,-0.004998083346666667,,99.6076889,0.0968531642,0.00165740144,83.0187247,0.053414052,219.79337,16.3488393,955.373137,99.9999924,100.0,False
2026-07-28 20:00:00,0.0,168.14,170.12,173.04,172.5,172.5,,0.0,0.0,0.0,,0.0,0.0,0.0,0.0,0.0,0.0,6.80006,5.02,17.0681506,0.0,8.3,0.0,0.0,0.3,0.0,0.0,15.05,0.0,0.0,-3.36,0.0,0.0,34.53,0.0,0.0,-14.64,0.0,-0.005002944473333333,,99.6076889,0.0968531642,0.00172717964,83.0188062,0.053540849,219.793675,17.0371412,955.373137,99.9999924,100.0,False
2026-07-28 20:30:00,0.0,168.14,172.0,170.0,179.44,179.44,,0.0,0.0,0.0,,0.0,0.0,0.0,0.0,0.0,0.0,6.95805,5.02,17.464705499999997,0.0,8.3,0.0,0.0,0.3,0.0,0.0,15.05,0.0,0.0,-3.36,0.0,0.0,34.53,0.0,0.0,-14.64,0.0,-0.0049394445433333335,,99.6076889,0.0968531642,0.0017905819,83.0188827,0.0536660355,219.793877,17.6625499,955.373137,99.9999924,100.0,False
2026-07-28 21:00:00,0.0,161.02,161.09,164.74,170.95,170.95,,0.0,0.0,0.0,,0.0,0.0,0.0,0.0,0.0,0.0,6.99263,5.02,17.551501299999998,0.0,8.3,0.0,0.0,0.3,0.0,0.0,15.05,0.0,0.0,-3.36,0.0,0.0,34.53,0.0,0.0,-14.64,0.0,-0.005092888833333333,,99.6076889,0.0968531642,0.00185248357,83.018956,0.0537951115,219.794181,18.2731566,955.373137,99.9999924,100.0,False
2026-07-28 21:30:00,0.0,161.02,159.24,159.0,170.95,170.95,,0.0,0.0,0.0,,0.0,0.0,0.0,0.0,0.0,0.0,6.9868999999999994,5.02,17.537118999999997,0.0,8.3,0.0,0.0,0.3,0.0,0.0,15.05,0.0,0.0,-3.36,0.0,0.0,34.53,0.0,0.0,-14.64,0.0,-0.005045805613333333,,99.6076889,0.0968531642,0.001919505,83.0190408,0.0539229935,219.794333,18.9342654,955.373137,99.9999924,100.0,False
2026-07-28 22:00:00,0.0,146.06,136.42,140.8,167.54,167.54,,0.0,0.0,0.0,,0.0,0.0,0.0,0.0,0.0,0.0,6.98623,5.02,17.535437299999998,0.0,8.3,0.0,0.0,0.3,0.0,0.0,15.05,0.0,0.0,-3.36,0.0,0.0,34.53,0.0,0.0,-14.64,0.0,-0.005061055656666666,,99.6076889,0.0968531642,0.00198009071,83.0191123,0.054051263,219.794688,19.5318913,955.373137,99.9999924,100.0,False
2026-07-28 22:30:00,0.0,146.06,122.9,129.4,145.0,145.0,,0.0,0.0,0.0,,0.0,0.0,0.0,0.0,0.0,0.0,6.98587,5.02,17.5345337,0.0,8.3,0.0,0.0,0.3,0.0,0.0,15.05,0.0,0.0,-3.36,0.0,0.0,34.53,0.0,0.0,-14.64,0.0,-0.005031333366666667,,99.6076889,0.0968531642,0.00203839733,83.0191806,0.054178779,219.79484,20.1070359,955.373137,99.9999924,100.0,False
2026-07-28 23:00:00,0.0,127.0,130.74,126.33,85.3,85.3,,0.0,0.0,0.0,,0.0,0.0,0.0,0.0,0.0,0.0,6.98613,5.02,17.5351863,0.0,1.89,0.0,0.0,0.1,0.0,0.0,6.11,0.0,0.0,0.38,0.0,0.0,8.75,0.0,0.0,-14.29,0.0,-0.005036527793333333,,99.6076889,0.0968531642,0.00209550693,83.0192621,0.054306426,219.795195,20.670373,955.373137,99.9999924,100.0,False
2026-07-28 23:30:00,0.0,127.0,125.25,121.67,124.12,124.12,,0.0,0.0,0.0,,0.0,0.0,0.0,0.0,0.0,0.0,6.98628,5.02,17.535562799999997,0.0,1.89,0.0,0.0,0.1,0.0,0.0,6.11,0.0,0.0,0.38,0.0,0.0,8.75,0.0,0.0,-14.29,0.0,-0.00498319443,,99.6076889,0.0968531642,0.00214692622,83.0193436,0.054432722,219.795347,21.1775801,955.373137,99.9999924,100.0,False
2026-07-29 00:00:00,0.0,123.04,120.37,116.07,119.89,119.89,,0.0,0.0,0.0,,0.0,0.0,0.0,0.0,0.0,0.0,6.98595,5.02,17.5347345,0.0,1.89,0.0,0.0,0.1,0.0,0.0,6.11,0.0,0.0,0.38,0.0,0.0,8.75,0.0,0.0,-14.29,0.0,-0.004973611116666666,,99.6076889,0.0968531642,0.00219426467,83.0194268,0.054558775,219.795651,21.6445331,955.373137,99.9999924,100.0,False
2026-07-29 00:30:00,0.0,123.04,116.52,115.6,118.76,118.76,,0.0,0.0,0.0,,0.0,0.0,0.0,0.0,0.0,0.0,6.98583,5.02,17.5344333,0.0,1.89,0.0,0.0,0.1,0.0,0.0,6.11,0.0,0.0,0.38,0.0,0.0,8.75,0.0,0.0,-14.29,0.0,-0.0049876666066666665,,99.6076889,0.0,4.61855194e-05,83.0195083,0.000126409064,219.795955,0.455580413,0.0,99.9999924,100.0,False
2026-07-29 01:00:00,0.0,116.0,116.0,117.5,112.69,112.69,,0.0,0.0,0.0,,0.0,0.0,0.0,0.0,0.0,0.0,6.98618,5.02,17.5353118,0.0,1.89,0.0,0.0,0.1,0.0,0.0,6.11,0.0,0.0,0.38,0.0,0.0,8.75,0.0,0.0,-14.29,0.0,-0.004974416653333333,,99.6076889,0.0,9.41199669e-05,83.0195898,0.000252482315,219.796158,0.928412497,0.0,99.9999924,100.0,False
2026-07-29 01:30:00,0.0,116.0,116.32,114.5,110.7,110.7,,0.0,0.0,0.0,,0.0,0.0,0.0,0.0,0.0,0.0,6.98794,5.02,17.5397294,0.0,1.89,0.0,0.0,0.1,0.0,0.0,6.11,0.0,0.0,0.38,0.0,0.0,8.75,0.0,0.0,-14.29,0.0,-0.005006166613333334,,99.6076889,0.0,0.000135663811,83.0196647,0.000379360248,219.796463,1.33820678,0.0,99.9999924,100.0,False
2026-07-29 02:00:00,0.0,114.23,115.42,116.0,119.29,119.29,,0.0,0.0,0.0,,0.0,0.0,0.0,0.0,0.0,0.0,6.9780299999999995,5.02,17.514855299999997,0.0,1.89,0.0,0.0,0.1,0.0,0.0,6.11,0.0,0.0,0.38,0.0,0.0,8.75,0.0,0.0,-14.29,0.0,-0.005007472276666667,,99.6076889,0.0,0.000178475755,83.0197297,0.000506271275,219.796666,1.76050977,0.0,99.9999924,100.0,False
2026-07-29 02:30:00,0.0,114.23,114.51,116.0,97.57,97.57,,0.0,0.0,0.0,,0.0,0.0,0.0,0.0,0.0,0.0,6.98599,5.02,17.5348349,0.0,1.89,0.0,0.0,0.1,0.0,0.0,6.11,0.0,0.0,0.38,0.0,0.0,8.75,0.0,0.0,-14.29,0.0,-0.0050188611333333326,,99.6076889,0.0,0.000229560812,83.0198162,0.00063347094,219.79702,2.26441991,0.0,99.9999924,100.0,False
2026-07-29 03:00:00,0.0,115.11,115.93,115.26,137.47,137.47,,0.0,0.0,0.0,,0.0,0.0,0.0,0.0,0.0,0.0,6.98587,5.02,17.5345337,0.0,1.89,0.0,0.0,0.36,0.0,0.0,6.57,0.0,0.0,-3.55,0.0,0.0,23.15,0.0,0.0,-15.76,0.0,-0.004998694583333334,,99.6076889,0.0,0.000277197731,83.0198878,0.0007601595,219.797223,2.73431713,0.0,99.9999924,100.0,False
2026-07-29 03:30:00,0.0,115.11,114.62,114.46,112.91,112.91,,0.0,0.0,0.0,,0.0,0.0,0.0,0.0,0.0,0.0,6.985930000000001,5.02,17.5346843,0.0,1.89,0.0,0.0,0.36,0.0,0.0,6.57,0.0,0.0,-3.55,0.0,0.0,23.15,0.0,0.0,-15.76,0.0,-0.00502522222,,99.6076889,0.0,0.000328228092,83.0199644,0.000887520385,219.797527,3.23768774,0.0,99.9999924,100.0,False
2026-07-29 04:00:00,0.0,120.69,120.84,121.0,114.09,114.09,,0.0,0.0,0.0,,0.0,0.0,0.0,0.0,0.0,0.0,6.98525,5.02,17.532977499999998,0.0,1.89,0.0,0.0,0.36,0.0,0.0,6.57,0.0,0.0,-3.55,0.0,0.0,23.15,0.0,0.0,-15.76,0.0,-0.00501747227,,99.6076889,0.0,0.000380282178,83.0200492,0.00101468485,219.79778,3.75115651,0.0,99.98289873333333,100.0,False
2026-07-29 04:30:00,0.0,120.69,120.4,120.65,103.95,103.95,,0.0,0.0,0.0,,0.0,0.0,0.0,0.0,0.0,0.0,6.9863800000000005,5.02,17.5358138,0.0,1.89,0.0,0.0,0.36,0.0,0.0,6.57,0.0,0.0,-3.55,0.0,0.0,23.15,0.0,0.0,-15.76,0.0,-0.005031222186666667,,99.6076889,0.0,0.000420706607,83.0201325,0.0011421978,219.798034,4.14990872,0.0,99.9999924,100.0,False
2026-07-29 05:00:00,0.0,130.71,133.0,130.72,108.84,108.84,,0.0,0.0,0.0,,0.0,0.0,0.0,0.0,0.0,0.0,6.97529,5.02,17.5079779,0.0,1.89,0.0,0.0,0.36,0.0,0.0,6.57,0.0,0.0,-3.55,0.0,0.0,23.15,0.0,0.0,-15.76,0.0,-0.005035833359999999,,99.6076889,0.0,0.000470877929,83.020224,0.00126982761,219.798338,4.64480565,0.0,99.9999924,100.0,False
2026-07-29 05:30:00,0.0,130.71,134.67,130.71,103.94,103.94,,0.0,0.0,0.0,,0.0,0.0,0.0,0.0,0.0,0.0,6.84966,5.02,17.1926466,0.0,1.89,0.0,0.0,0.36,0.0,0.0,6.57,0.0,0.0,-3.55,0.0,0.0,23.15,0.0,0.0,-15.76,0.0,-0.00502569445,,99.6076889,0.0,0.000515526341,83.0203171,0.00139720047,219.798541,5.08522382,0.0,99.9999924,100.0,False
2026-07-29 06:00:00,0.0,137.29,131.14,130.5,128.43,128.43,,0.0,0.0,0.0,,0.0,0.0,0.0,0.0,0.0,0.0,6.65995,5.02,16.7164745,0.0,1.89,0.0,0.0,0.36,0.0,0.0,6.57,0.0,0.0,-3.55,0.0,0.0,23.15,0.0,0.0,-15.76,0.0,-0.005009250003333333,,99.6076889,0.0,0.000555226878,83.0204054,0.00152415655,219.798845,5.47683546,0.0,99.9999924,100.0,False
2026-07-29 06:30:00,0.0,137.29,136.41,135.72,149.7,149.7,,0.0,0.0,0.0,,0.0,0.0,0.0,0.0,0.0,0.0,6.43603,5.02,16.1544353,0.0,1.89,0.0,0.0,0.36,0.0,0.0,6.57,0.0,0.0,-3.55,0.0,0.0,23.15,0.0,0.0,-15.76,0.0,-0.005025444426666667,,99.6076889,0.0,0.000596509989,83.0205069,0.00165152307,219.798996,5.88405783,0.0,99.9999924,100.0,False
2026-07-29 07:00:00,0.0,132.9,130.41,125.94,149.65,149.65,,0.0,0.0,0.0,,0.0,0.0,0.0,0.0,0.0,0.0,5.92162,5.02,14.863266199999998,0.0,1.81,0.0,0.0,0.2,0.0,0.0,7.5,0.0,0.0,-2.45,0.0,0.0,8.82,0.0,0.0,-15.36,0.0,-0.00497022215,,99.6076889,0.0,0.000652982886,83.020592,0.00177749001,219.799352,6.44111438,0.0,99.9999924,100.0,False
2026-07-29 07:30:00,0.0,132.9,132.9,129.2,105.31,105.31,,0.0,0.0,0.0,,0.0,0.0,0.0,0.0,0.0,0.0,5.103140000000001,5.02,12.8088814,0.0,1.81,0.0,0.0,0.2,0.0,0.0,7.5,0.0,0.0,-2.45,0.0,0.0,8.82,0.0,0.0,-15.36,0.0,-0.0049900833,,99.6076889,0.0,0.000715581615,83.0206885,0.00190396032,219.799554,7.05859698,0.0,99.9999924,100.0,False
2026-07-29 08:00:00,0.0,124.0,115.2,111.54,96.0,96.0,,0.0,0.0,0.0,,0.0,0.0,0.0,0.0,0.0,0.0,4.19547,5.02,10.5306297,0.0,1.81,0.0,0.0,0.2,0.0,0.0,7.5,0.0,0.0,-2.45,0.0,0.0,8.82,0.0,0.0,-15.36,0.0,-0.004940916696666666,,99.6076889,0.0,0.000773879534,83.0207637,0.00202918454,219.799858,7.6336558,0.0,99.9999924,100.0,False
2026-07-29 08:30:00,0.0,124.0,115.7,114.0,100.9,100.9,,0.0,0.0,0.0,,0.0,0.0,0.0,0.0,0.0,0.0,3.30159,5.02,8.2869909,0.0,1.81,0.0,0.0,0.2,0.0,0.0,7.5,0.0,0.0,-2.45,0.0,0.0,8.82,0.0,0.0,-15.36,0.0,-0.0049461944933333335,,99.6076889,0.0,0.000827594848,83.0208473,0.00215454252,219.800061,8.16351115,0.0,99.9999924,100.0,False
2026-07-29 09:00:00,0.0,122.86,119.01,112.42,116.51,116.51,,0.0,0.0,0.0,,0.0,0.0,0.0,0.0,0.0,0.0,2.4690100000000004,5.02,6.1972151,0.0,1.81,0.0,0.0,0.2,0.0,0.0,7.5,0.0,0.0,-2.45,0.0,0.0,8.82,0.0,0.0,-15.36,0.0,-0.004944305583333333,,99.6076889,0.0,0.000882461023,83.0208996,0.00227985263,219.800365,8.70471877,0.0,99.9999924,100.0,False
2026-07-29 09:30:00,0.0,122.86,114.1,114.0,114.2,114.2,,0.0,0.0,0.0,,0.0,0.0,0.0,0.0,0.0,0.0,1.69403,5.02,4.252015299999999,0.0,1.81,0.0,0.0,0.2,0.0,0.0,7.5,0.0,0.0,-2.45,0.0,0.0,8.82,0.0,0.0,-15.36,0.0,-0.00493500002,,99.6076889,0.0,0.000940328241,83.0209203,0.00240492689,219.800619,9.27552909,0.0,99.9999924,100.0,False
2026-07-29 10:00:00,-0.171,111.03,114.1,112.0,100.9,100.9,,-17.2539,0.0,0.0,,0.0,0.0,0.0,0.0,0.0,0.0,1.35829,5.02,3.4093078999999995,0.0,1.81,0.0,0.0,0.2,0.0,0.0,7.5,0.0,0.0,-2.45,0.0,0.0,8.82,0.0,0.0,-15.36,0.0,-0.004952972253333333,,99.6076889,0.0,0.00100031177,83.020974,0.00253045665,219.800974,9.86721504,0.0,99.9999924,100.0,False
2026-07-29 10:30:00,-0.52,111.03,109.6,108.9,133.32,133.32,,-69.32639999999999,0.0,0.0,,0.0,0.0,0.0,0.0,0.0,0.0,1.4856099999999999,5.02,3.7288810999999993,0.0,1.81,0.0,0.0,0.2,0.0,0.0,7.5,0.0,0.0,-2.45,0.0,0.0,8.82,0.0,0.0,-15.36,0.0,-0.33636203846000007,,99.6076889,0.0168198681,0.00102076978,83.0182745,0.0110553268,219.809591,10.0690157,165.913528,99.9999924,100.0,False
2026-07-29 11:00:00,-0.521,105.7,110.89,108.0,135.88,135.88,,-70.79348,0.0,0.0,,0.0,0.0,0.0,0.0,0.0,0.0,1.0693,5.02,2.6839429999999997,0.0,1.32,0.0,0.0,3.31,0.0,0.0,4.28,0.0,0.0,2.45,0.0,0.0,6.5,0.0,0.0,-12.37,0.0,-1.0044208766666667,,99.6076889,0.0675545904,0.00102076978,83.001809,0.0365116999,219.835189,10.0690157,666.367914,99.9999924,100.0,False
2026-07-29 11:30:00,-0.515,105.7,109.55,108.0,130.25,130.25,,-67.07875,0.0,0.0,,0.0,0.0,0.0,0.0,0.0,0.0,0.99094,5.02,2.4872593999999997,0.0,1.32,0.0,0.0,3.31,0.0,0.0,4.28,0.0,0.0,2.45,0.0,0.0,6.5,0.0,0.0,-12.37,0.0,-1.0040255733333334,,99.4307671,0.118271373,0.00102076978,82.9853087,0.0619580545,219.860787,10.0690157,1166.64534,99.9999924,100.0,False
2026-07-29 12:00:00,-0.368,105.02,110.03,110.0,118.87,118.87,,-43.74416,0.0,0.0,,0.0,0.0,0.0,0.0,0.0,0.0,0.73722,5.02,1.8504222,0.0,1.32,0.0,0.0,3.31,0.0,0.0,4.28,0.0,0.0,2.45,0.0,0.0,6.5,0.0,0.0,-12.37,0.0,-0.9921232073333334,,99.4307671,0.168388507,0.00102076978,82.9690176,0.0871027515,219.885928,10.0690157,1661.00775,99.9999924,100.0,False
2026-07-29 12:30:00,0.0,105.02,109.7,110.0,130.5,130.5,,0.0,0.0,0.0,,0.0,0.0,0.0,0.0,0.0,0.0,0.046549999999999994,5.02,0.11684049999999997,0.0,1.32,0.0,0.0,3.31,0.0,0.0,4.28,0.0,0.0,2.45,0.0,0.0,6.5,0.0,0.0,-12.37,0.0,-0.7094387489999999,,99.4307671,0.204101782,0.00102076978,82.9547214,0.105083,219.903973,10.0690157,2013.28848,99.9999924,100.0,False
2026-07-29 13:00:00,0.0,106.24,109.51,107.2,97.48,97.48,,0.0,0.0,0.0,,0.0,0.0,0.0,0.0,0.0,0.0,0.046729999999999994,5.02,0.11729229999999997,0.0,1.32,0.0,0.0,3.31,0.0,0.0,4.28,0.0,0.0,2.45,0.0,0.0,6.5,0.0,0.0,-12.37,0.0,-0.004923944393333333,,99.4307671,0.204101782,0.00109373777,82.9548833,0.105207794,219.904379,10.7887821,2013.28848,99.9999924,100.0,False
2026-07-29 13:30:00,0.0,106.24,109.55,103.84,144.5,144.5,,0.0,0.0,0.0,,0.0,0.0,0.0,0.0,0.0,0.0,0.046630000000000005,5.02,0.1170413,0.0,1.32,0.0,0.0,3.31,0.0,0.0,4.28,0.0,0.0,2.45,0.0,0.0,6.5,0.0,0.0,-12.37,0.0,-0.004900527716666667,,99.4307671,0.204101782,0.00115709017,82.955037,0.105331995,219.904632,11.413699,2013.28848,99.9999924,100.0,False
2026-07-29 14:00:00,0.0,105.67,109.56,102.97,147.4,147.4,,0.0,0.0,0.0,,0.0,0.0,0.0,0.0,0.0,0.0,0.15581,5.02,0.39108309999999996,0.0,1.32,0.0,0.0,3.31,0.0,0.0,4.28,0.0,0.0,2.45,0.0,0.0,6.5,0.0,0.0,-12.37,0.0,-0.004903777759999999,,99.4307671,0.204101782,0.00122634098,82.9552006,0.105456278,219.904936,12.0967987,2013.28848,99.9999924,100.0,False
2026-07-29 14:30:00,0.0,105.67,109.56,103.47,147.4,147.4,,0.0,0.0,0.0,,0.0,0.0,0.0,0.0,0.0,0.0,0.05107,5.02,0.12818569999999999,0.0,1.32,0.0,0.0,3.31,0.0,0.0,4.28,0.0,0.0,2.45,0.0,0.0,6.5,0.0,0.0,-12.37,0.0,-0.004924666726666667,,99.4307671,0.204101782,0.00129786162,82.9553476,0.105581091,219.905139,12.8022883,2013.28848,99.9999924,100.0,False
2026-07-29 15:00:00,0.0,104.9,110.86,110.86,146.8,146.8,,0.0,0.0,0.0,,0.0,0.0,0.0,0.0,0.0,0.0,1.24317,5.02,3.1203567,0.0,1.91,0.0,0.0,3.17,0.0,0.0,7.58,0.0,0.0,3.08,0.0,0.0,7.03,0.0,0.0,-9.24,0.0,-0.004901999946666667,,99.4307671,0.204101782,0.00137363667,82.9554996,0.105705328,219.905595,13.5497439,2013.28848,99.9999924,100.0,False
2026-07-29 15:30:00,0.0,104.9,112.07,111.54,146.8,146.8,,0.0,0.0,0.0,,0.0,0.0,0.0,0.0,0.0,0.0,1.04328,5.02,2.6186328,0.0,1.91,0.0,0.0,3.17,0.0,0.0,7.58,0.0,0.0,3.08,0.0,0.0,7.03,0.0,0.0,-9.24,0.0,-0.0048739999933333335,,99.4307671,0.204101782,0.00144862851,82.9556479,0.105828856,219.905848,14.2894739,2013.28848,99.9999924,100.0,False
2026-07-29 16:00:00,0.0,110.58,116.85,113.0,102.87,102.87,,0.0,0.0,0.0,,0.0,0.0,0.0,0.0,0.0,0.0,1.9563499999999998,5.02,4.910438499999999,0.0,1.91,0.0,0.0,3.17,0.0,0.0,7.58,0.0,0.0,3.08,0.0,0.0,7.03,0.0,0.0,-9.24,0.0,-0.004873527766666667,,99.4307671,0.204101782,0.00153138561,82.9557367,0.105952373,219.906102,15.1058015,2013.28848,99.9999924,100.0,False
2026-07-29 16:30:00,0.0,110.58,112.1,113.71,102.97,102.97,,0.0,0.0,0.0,,0.0,0.0,0.0,0.0,0.0,0.0,2.82561,5.02,7.0922811,0.0,1.91,0.0,0.0,3.17,0.0,0.0,7.58,0.0,0.0,3.08,0.0,0.0,7.03,0.0,0.0,-9.24,0.0,-0.004898166576666667,,99.4307671,0.204101782,0.00161246876,82.9558089,0.106076513,219.906356,15.905617,2013.28848,99.9999924,100.0,False
2026-07-29 17:00:00,0.0,131.48,131.88,126.31,97.05,97.05,,0.0,0.0,0.0,,0.0,0.0,0.0,0.0,0.0,0.0,3.23079,5.02,8.109282899999998,0.0,1.91,0.0,0.0,3.17,0.0,0.0,7.58,0.0,0.0,3.08,0.0,0.0,7.03,0.0,0.0,-9.24,0.0,-0.0049007777333333336,,99.4307671,0.204101782,0.00170138892,82.9558892,0.10620072,219.90671,16.7827379,2013.28848,99.9999924,100.0,False
2026-07-29 17:30:00,0.0,131.48,140.3,140.29,100.9,100.9,,0.0,0.0,0.0,,0.0,0.0,0.0,0.0,0.0,0.0,4.1101,5.02,10.316351,0.0,1.91,0.0,0.0,3.17,0.0,0.0,7.58,0.0,0.0,3.08,0.0,0.0,7.03,0.0,0.0,-9.24,0.0,-0.00492741672,,99.4307671,0.204101782,0.00178788531,82.9559462,0.106325603,219.906862,17.6359504,2013.28848,99.9999924,100.0,False
2026-07-29 18:00:00,0.0,157.04,177.6,171.6,162.23,162.23,,0.0,0.0,0.0,,0.0,0.0,0.0,0.0,0.0,0.0,4.8088,5.02,12.070087999999998,0.0,1.91,0.0,0.0,3.17,0.0,0.0,7.58,0.0,0.0,3.08,0.0,0.0,7.03,0.0,0.0,-9.24,0.0,-0.00492050004,,99.4307671,0.204101782,0.0018771695,82.9560196,0.106450309,219.907217,18.5166621,2013.28848,99.9999924,100.0,False
2026-07-29 18:30:00,0.0,157.04,181.43,177.78,253.9,253.9,,0.0,0.0,0.0,,0.0,0.0,0.0,0.0,0.0,0.0,5.753970000000001,5.02,14.4424647,0.0,1.91,0.0,0.0,3.17,0.0,0.0,7.58,0.0,0.0,3.08,0.0,0.0,7.03,0.0,0.0,-9.24,0.0,-0.004915666656666667,,99.4307671,0.204101782,0.00196444732,82.9560979,0.106574894,219.907369,19.3775827,2013.28848,99.9999924,100.0,False
2026-07-29 19:00:00,0.0,175.81,185.43,181.43,174.94,174.94,,0.0,0.0,0.0,,0.0,0.0,0.0,0.0,0.0,0.0,6.35177,5.02,15.9429427,0.0,7.62,0.0,0.0,0.5,0.0,0.0,14.77,0.0,0.0,-4.36,0.0,0.0,19.43,0.0,0.0,-19.0,0.0,-0.004974444473333333,,99.4307671,0.204101782,0.00205390703,82.9561762,0.106700967,219.907724,20.2600258,2013.28848,99.9999924,100.0,False
2026-07-29 19:30:00,0.0,175.81,187.87,184.0,175.79,175.79,,0.0,0.0,0.0,,0.0,0.0,0.0,0.0,0.0,0.0,6.55253,5.02,16.446850299999998,0.0,7.62,0.0,0.0,0.5,0.0,0.0,14.77,0.0,0.0,-4.36,0.0,0.0,19.43,0.0,0.0,-19.0,0.0,-0.005002305593333333,,99.4307671,0.204101782,0.00214437508,82.9562676,0.106827748,219.907876,21.1524153,2013.28848,99.9999924,100.0,False
2026-07-29 20:00:00,0.0,179.12,178.26,175.7,129.97,129.97,,0.0,0.0,0.0,,0.0,0.0,0.0,0.0,0.0,0.0,6.80551,5.02,17.081830099999998,0.0,7.62,0.0,0.0,0.5,0.0,0.0,14.77,0.0,0.0,-4.36,0.0,0.0,19.43,0.0,0.0,-19.0,0.0,-0.005011138836666667,,99.4307671,0.204101782,0.00222636012,82.9563524,0.106954752,219.908181,21.9611271,2013.28848,99.9999924,100.0,False
2026-07-29 20:30:00,0.0,179.12,177.9,177.77,124.79,124.79,,0.0,0.0,0.0,,0.0,0.0,0.0,0.0,0.0,0.0,6.96401,5.02,17.4796651,0.0,7.62,0.0,0.0,0.5,0.0,0.0,14.77,0.0,0.0,-4.36,0.0,0.0,19.43,0.0,0.0,-19.0,0.0,-0.00498633329,,99.4307671,0.204101782,0.00231638759,82.9564058,0.107081126,219.908383,22.8491707,2013.28848,99.9999924,100.0,False
2026-07-29 21:00:00,0.0,163.87,175.29,174.77,118.08,118.08,,0.0,0.0,0.0,,0.0,0.0,0.0,0.0,0.0,0.0,6.99809,5.02,17.5652059,0.0,7.62,0.0,0.0,0.5,0.0,0.0,14.77,0.0,0.0,-4.36,0.0,0.0,19.43,0.0,0.0,-19.0,0.0,-0.00500119432,,99.4307671,0.204101782,0.00240419604,82.9564576,0.107207879,219.908586,23.7153255,2013.28848,99.9999924,100.0,False
2026-07-29 21:30:00,0.0,163.87,167.4,163.23,112.89,112.89,,0.0,0.0,0.0,,0.0,0.0,0.0,0.0,0.0,0.0,6.98844,5.02,17.5409844,0.0,7.62,0.0,0.0,0.5,0.0,0.0,14.77,0.0,0.0,-4.36,0.0,0.0,19.43,0.0,0.0,-19.0,0.0,-0.005038889013333333,,99.4307671,0.204101782,0.00249908985,82.9565374,0.107335586,219.908889,24.6513713,2013.28848,99.9999924,100.0,False
2026-07-29 22:00:00,0.0,145.2,150.8,146.1,100.0,100.0,,0.0,0.0,0.0,,0.0,0.0,0.0,0.0,0.0,0.0,6.98664,5.02,17.5364664,0.0,7.62,0.0,0.0,0.5,0.0,0.0,14.77,0.0,0.0,-4.36,0.0,0.0,19.43,0.0,0.0,-19.0,0.0,-0.00493800004,,99.4307671,0.204101782,0.00258132891,82.9566007,0.107460737,219.909042,25.4625889,2013.28848,99.9999924,100.0,False
2026-07-29 22:30:00,0.0,145.2,146.9,149.0,107.5,107.5,,0.0,0.0,0.0,,0.0,0.0,0.0,0.0,0.0,0.0,6.9860500000000005,5.02,17.5349855,0.0,7.62,0.0,0.0,0.5,0.0,0.0,14.77,0.0,0.0,-4.36,0.0,0.0,19.43,0.0,0.0,-19.0,0.0,-0.0050060276999999995,,99.4307671,0.204101782,0.0026593845,82.9566442,0.10758761,219.909397,26.2325401,2013.28848,99.9999924,100.0,False
2026-07-29 23:00:00,0.0,137.5,129.74,133.16,119.11,119.11,,0.0,0.0,0.0,,0.0,0.0,0.0,0.0,0.0,0.0,6.986140000000001,5.02,17.5352114,0.0,2.38,0.0,0.0,0.01,0.0,0.0,7.09,0.0,0.0,-4.62,0.0,0.0,12.23,0.0,0.0,-15.3,0.0,-0.00501127775,,99.4307671,0.204101782,0.00273820835,82.9567076,0.107714618,219.909548,27.0100696,2013.28848,99.9999924,100.0,False
2026-07-29 23:30:00,0.0,137.5,127.34,130.0,121.56,121.56,,0.0,0.0,0.0,,0.0,0.0,0.0,0.0,0.0,0.0,6.98587,5.02,17.5345337,0.0,2.38,0.0,0.0,0.01,0.0,0.0,7.09,0.0,0.0,-4.62,0.0,0.0,12.23,0.0,0.0,-15.3,0.0,-0.00498433328,,99.4307671,0.204101782,0.00281770512,82.9567743,0.107840942,219.909954,27.7942368,2013.28848,99.9999924,100.0,False
2026-07-30 00:00:00,0.0,132.2,126.53,128.43,123.84,123.84,,0.0,0.0,0.0,,0.0,0.0,0.0,0.0,0.0,0.0,6.98599,5.02,17.5348349,0.0,2.38,0.0,0.0,0.01,0.0,0.0,7.09,0.0,0.0,-4.62,0.0,0.0,12.23,0.0,0.0,-15.3,0.0,-0.00501086116,,99.4307671,0.204101782,0.00289408398,82.9568558,0.107967939,219.910055,28.5476485,2013.28848,99.9999924,100.0,False
2026-07-30 00:30:00,0.0,132.2,123.47,124.1,123.08,123.08,,0.0,0.0,0.0,,0.0,0.0,0.0,0.0,0.0,0.0,6.98673,5.02,17.5366923,0.0,2.38,0.0,0.0,0.01,0.0,0.0,7.09,0.0,0.0,-4.62,0.0,0.0,12.23,0.0,0.0,-15.3,0.0,-0.005029055516666666,,99.4307671,0.0,7.60402198e-05,82.9569621,0.000127458038,219.910461,0.750071347,0.0,99.9999924,100.0,False
2026-07-30 01:00:00,0.0,127.57,123.3,124.1,121.93,121.93,,0.0,0.0,0.0,,0.0,0.0,0.0,0.0,0.0,0.0,6.9858400000000005,5.02,17.5344584,0.0,2.38,0.0,0.0,0.01,0.0,0.0,7.09,0.0,0.0,-4.62,0.0,0.0,12.23,0.0,0.0,-15.3,0.0,-0.00500872222,,99.4307671,0.0,0.000152209168,82.9570734,0.000254400741,219.910512,1.50141249,0.0,99.9999924,100.0,False
2026-07-30 01:30:00,0.0,127.57,121.78,121.0,123.24,123.24,,0.0,0.0,0.0,,0.0,0.0,0.0,0.0,0.0,0.0,6.98629,5.02,17.5355879,0.0,2.38,0.0,0.0,0.01,0.0,0.0,7.09,0.0,0.0,-4.62,0.0,0.0,12.23,0.0,0.0,-15.3,0.0,-0.00499819438,,99.4307671,0.0,0.000223614336,82.9571599,0.000381076623,219.910968,2.20576304,0.0,99.9999924,100.0,False
2026-07-30 02:00:00,0.0,121.74,119.09,117.96,121.35,121.35,,0.0,0.0,0.0,,0.0,0.0,0.0,0.0,0.0,0.0,6.98586,5.02,17.5345086,0.0,2.38,0.0,0.0,0.01,0.0,0.0,7.09,0.0,0.0,-4.62,0.0,0.0,12.23,0.0,0.0,-15.3,0.0,-0.005025416693333334,,99.4307671,0.0,0.000291063566,82.9572496,0.000508442435,219.911121,2.87109166,0.0,99.9999924,100.0,False
2026-07-30 02:30:00,0.0,121.74,113.0,115.7,120.43,120.43,,0.0,0.0,0.0,,0.0,0.0,0.0,0.0,0.0,0.0,6.9863100000000005,5.02,17.5356381,0.0,2.38,0.0,0.0,0.01,0.0,0.0,7.09,0.0,0.0,-4.62,0.0,0.0,12.23,0.0,0.0,-15.3,0.0,-0.005026055496666667,,99.4307671,0.0,0.00035492806,82.9573361,0.000635824445,219.911526,3.50105995,0.0,99.9999924,100.0,False
2026-07-30 03:00:00,0.0,118.31,118.31,117.96,124.96,124.96,,0.0,0.0,0.0,,0.0,0.0,0.0,0.0,0.0,0.0,6.98595,5.02,17.5347345,0.0,1.3,0.0,0.0,0.54,0.0,0.0,4.17,0.0,0.0,-2.0,0.0,0.0,5.63,0.0,0.0,-16.31,0.0,-0.00504133336,,99.4307671,0.0,0.000419597894,82.9574143,0.00076359365,219.911729,4.13897222,0.0,99.9999924,100.0,False
2026-07-30 03:30:00,0.0,118.31,118.31,114.4,123.61,123.61,,0.0,0.0,0.0,,0.0,0.0,0.0,0.0,0.0,0.0,6.9860500000000005,5.02,17.5349855,0.0,1.3,0.0,0.0,0.54,0.0,0.0,4.17,0.0,0.0,-2.0,0.0,0.0,5.63,0.0,0.0,-16.31,0.0,-0.005018583373333333,,99.4307671,0.0,0.000486533298,82.957509,0.00089078628,219.911982,4.7992324,0.0,99.9999924,100.0,False
2026-07-30 04:00:00,0.0,124.0,119.09,116.02,124.04,124.04,,0.0,0.0,0.0,,0.0,0.0,0.0,0.0,0.0,0.0,6.98596,5.02,17.5347596,0.0,1.3,0.0,0.0,0.54,0.0,0.0,4.17,0.0,0.0,-2.0,0.0,0.0,5.63,0.0,0.0,-16.31,0.0,-0.005043638783333333,,99.4307671,0.0,0.000548211325,82.9575971,0.00101861392,219.912286,5.40763307,0.0,99.9999924,100.0,False
2026-07-30 04:30:00,0.0,124.0,119.09,114.7,124.58,124.58,,0.0,0.0,0.0,,0.0,0.0,0.0,0.0,0.0,0.0,6.98607,5.02,17.535035699999998,0.0,1.3,0.0,0.0,0.54,0.0,0.0,4.17,0.0,0.0,-2.0,0.0,0.0,5.63,0.0,0.0,-16.31,0.0,-0.005039472263333333,,99.4307671,0.0,0.000611357197,82.9576952,0.00114633596,219.91254,6.03051277,0.0,99.9999924,100.0,False
2026-07-30 05:00:00,0.0,132.7,130.7,124.8,143.39,143.39,,0.0,0.0,0.0,,0.0,0.0,0.0,0.0,0.0,0.0,6.97452,5.02,17.5060452,0.0,1.3,0.0,0.0,0.54,0.0,0.0,4.17,0.0,0.0,-2.0,0.0,0.0,5.63,0.0,0.0,-16.31,0.0,-0.004968194403333333,,99.4307671,0.0,0.000676051154,82.9577916,0.00127225151,219.912793,6.66866299,0.0,99.9999924,100.0,False
2026-07-30 05:30:00,0.0,132.7,131.06,127.2,134.48,134.48,,0.0,0.0,0.0,,0.0,0.0,0.0,0.0,0.0,0.0,6.82576,5.02,17.132657599999998,0.0,1.3,0.0,0.0,0.54,0.0,0.0,4.17,0.0,0.0,-2.0,0.0,0.0,5.63,0.0,0.0,-16.31,0.0,-0.00503333338,,99.4307671,0.0,0.000741925048,82.9578897,0.00139981798,219.913047,7.31845228,0.0,99.9999924,100.0,False
2026-07-30 06:00:00,0.0,133.6,129.67,119.36,133.24,133.24,,0.0,0.0,0.0,,0.0,0.0,0.0,0.0,0.0,0.0,6.61406,5.02,16.6012906,0.0,1.3,0.0,0.0,0.54,0.0,0.0,4.17,0.0,0.0,-2.0,0.0,0.0,5.63,0.0,0.0,-16.31,0.0,-0.005042249916666667,,99.4307671,0.0,0.000809379766,82.9579779,0.00152761042,219.913351,7.98383504,0.0,99.9999924,100.0,False
2026-07-30 06:30:00,0.0,133.6,134.94,134.7,118.87,118.87,,0.0,0.0,0.0,,0.0,0.0,0.0,0.0,0.0,0.0,6.40419,5.02,16.0745169,0.0,1.3,0.0,0.0,0.54,0.0,0.0,4.17,0.0,0.0,-2.0,0.0,0.0,5.63,0.0,0.0,-16.31,0.0,-0.0049964444633333336,,99.4307671,0.0,0.00087701962,82.9580728,0.00165424195,219.913554,8.65104401,0.0,99.9999924,100.0,False
2026-07-30 07:00:00,0.0,134.6,128.0,128.0,118.88,118.88,,0.0,0.0,0.0,,0.0,0.0,0.0,0.0,0.0,0.0,5.85351,5.02,14.692310099999998,0.0,3.4,0.0,0.0,3.22,0.0,0.0,9.97,0.0,0.0,-2.0,0.0,0.0,12.52,0.0,0.0,-11.71,0.0,-0.0049748888,,99.4307671,0.0,0.000942020619,82.9581364,0.00178032716,219.913857,9.29222294,0.0,99.9999924,100.0,False
2026-07-30 07:30:00,0.0,134.6,130.0,130.0,119.0,119.0,,0.0,0.0,0.0,,0.0,0.0,0.0,0.0,0.0,0.0,5.05326,5.02,12.6836826,0.0,3.4,0.0,0.0,3.22,0.0,0.0,9.97,0.0,0.0,-2.0,0.0,0.0,12.52,0.0,0.0,-11.71,0.0,-0.004991000016666667,,99.4307671,0.0,0.00101356429,82.958195,0.00190682072,219.914111,9.99793975,0.0,99.9999924,100.0,False
2026-07-30 08:00:00,0.0,129.39,138.12,138.66,97.98,97.98,,0.0,0.0,0.0,,0.0,0.0,0.0,0.0,0.0,0.0,4.22324,5.02,10.600332399999997,0.0,3.4,0.0,0.0,3.22,0.0,0.0,9.97,0.0,0.0,-2.0,0.0,0.0,12.52,0.0,0.0,-11.71,0.0,-0.0049918610266666665,,99.4307671,0.0,0.00108596165,82.9582586,0.00203333607,219.914415,10.7120774,0.0,99.9999924,100.0,False
2026-07-30 08:30:00,0.0,129.39,138.4,138.36,128.01,128.01,,0.0,0.0,0.0,,0.0,0.0,0.0,0.0,0.0,0.0,3.2862,5.02,8.248362,0.0,3.4,0.0,0.0,3.22,0.0,0.0,9.97,0.0,0.0,-2.0,0.0,0.0,12.52,0.0,0.0,-11.71,0.0,-0.004983138876666667,,99.4307671,0.0,0.00115248493,82.9582876,0.00215963039,219.914618,11.3682723,0.0,99.9999924,100.0,False
2026-07-30 09:00:00,0.0,120.0,128.96,127.34,125.69,125.69,,0.0,0.0,0.0,,0.0,0.0,0.0,0.0,0.0,0.0,2.43007,5.02,6.0994757,0.0,3.4,0.0,0.0,3.22,0.0,0.0,9.97,0.0,0.0,-2.0,0.0,0.0,12.52,0.0,0.0,-11.71,0.0,-0.004922333243333334,,99.4307671,0.0,0.00122039228,82.9583465,0.00228438362,219.914973,12.0381199,0.0,99.9999924,100.0,False
2026-07-30 09:30:00,0.0,120.0,125.25,126.0,155.0,155.0,,0.0,0.0,0.0,,0.0,0.0,0.0,0.0,0.0,0.0,2.86065,5.02,7.1802315,0.0,3.4,0.0,0.0,3.22,0.0,0.0,9.97,0.0,0.0,-2.0,0.0,0.0,12.52,0.0,0.0,-11.71,0.0,-0.0049169445066666664,,99.4307671,0.0,0.00127897768,82.9584518,0.00240900027,219.915176,12.6160144,0.0,99.9999924,100.0,False
2026-07-30 10:00:00,0.0,108.6,123.86,123.66,155.0,155.0,,0.0,0.0,0.0,,0.0,0.0,0.0,0.0,0.0,0.0,3.4164899999999996,5.02,8.575389899999998,0.0,3.4,0.0,0.0,3.22,0.0,0.0,9.97,0.0,0.0,-2.0,0.0,0.0,12.52,0.0,0.0,-11.71,0.0,-0.004943916636666666,,99.4307671,0.0,0.00133840386,82.9585473,0.00253430052,219.91553,13.2022026,0.0,99.9999924,100.0,False
2026-07-30 10:30:00,0.0,108.6,110.73,112.83,124.39,124.39,,0.0,0.0,0.0,,0.0,0.0,0.0,0.0,0.0,0.0,4.18265,5.02,10.498451499999998,0.0,3.4,0.0,0.0,3.22,0.0,0.0,9.97,0.0,0.0,-2.0,0.0,0.0,12.52,0.0,0.0,-11.71,0.0,-0.004893666666666667,,99.4307671,0.0,0.00139874611,82.9586443,0.00265832723,219.915784,13.797427,0.0,99.9999924,100.0,False
2026-07-30 11:00:00,0.0,99.0,100.74,94.96,121.27,121.27,,0.0,0.0,0.0,,0.0,0.0,0.0,0.0,0.0,0.0,2.38719,5.02,5.9918469,0.0,2.39,0.0,0.0,5.57,0.0,0.0,6.88,0.0,0.0,3.2,0.0,0.0,14.34,0.0,0.0,-6.22,0.0,-0.005015055576666667,,99.4307671,0.0,0.00146339227,82.9587512,0.00278543045,219.916037,14.4351057,0.0,99.9999924,100.0,False
2026-07-30 11:30:00,0.0,99.0,93.2,91.39,116.76,116.76,,0.0,0.0,0.0,,0.0,0.0,0.0,0.0,0.0,0.0,2.2158800000000003,5.02,5.5618588,0.0,2.39,0.0,0.0,5.57,0.0,0.0,6.88,0.0,0.0,3.2,0.0,0.0,14.34,0.0,0.0,-6.22,0.0,-0.004968527713333333,,99.4307671,0.0,0.0015270311,82.9588764,0.00291135445,219.916341,15.062848,0.0,99.9999924,100.0,False
2026-07-30 12:00:00,0.0,84.56,90.06,80.06,120.25,120.25,,0.0,0.0,0.0,,0.0,0.0,0.0,0.0,0.0,0.0,1.47544,5.02,3.7033544,0.0,2.39,0.0,0.0,5.57,0.0,0.0,6.88,0.0,0.0,3.2,0.0,0.0,14.34,0.0,0.0,-6.22,0.0,-0.0049702221566666665,,99.4307671,0.0,0.00158993979,82.9589968,0.00303732139,219.916696,15.6833881,0.0,99.9999924,100.0,False
2026-07-30 12:30:00,0.0,84.56,84.54,79.0,115.41,115.41,,0.0,0.0,0.0,,0.0,0.0,0.0,0.0,0.0,0.0,2.57592,5.02,6.4655591999999995,0.0,2.39,0.0,0.0,5.57,0.0,0.0,6.88,0.0,0.0,3.2,0.0,0.0,14.34,0.0,0.0,-6.22,0.0,-0.004882999973333333,,99.4307671,0.0,0.00165029468,82.959114,0.00316107776,219.916848,16.2787372,0.0,99.9999924,100.0,False
2026-07-30 13:00:00,0.0,79.9,95.62,86.0,145.0,145.0,,0.0,0.0,0.0,,0.0,0.0,0.0,0.0,0.0,0.0,2.1576,5.02,5.415576,0.0,2.39,0.0,0.0,5.57,0.0,0.0,6.88,0.0,0.0,3.2,0.0,0.0,14.34,0.0,0.0,-6.22,0.0,-0.004893055596666667,,99.4307671,0.0,0.00170918479,82.9592177,0.00328508896,219.917203,16.8596375,0.0,99.9999924,100.0,False
2026-07-30 13:30:00,0.0,79.9,90.14,80.14,142.5,142.5,,0.0,0.0,0.0,,0.0,0.0,0.0,0.0,0.0,0.0,3.48733,5.02,8.7531983,0.0,2.39,0.0,0.0,5.57,0.0,0.0,6.88,0.0,0.0,3.2,0.0,0.0,14.34,0.0,0.0,-6.22,0.0,-0.004847694476666667,,99.4307671,0.0,0.00177056783,82.9593182,0.00340795052,219.917456,17.4651283,0.0,99.9999924,100.0,False
2026-07-30 14:00:00,0.0,83.6,88.67,83.42,142.5,142.5,,0.0,0.0,0.0,,0.0,0.0,0.0,0.0,0.0,0.0,4.5118,5.02,11.324618,0.0,2.39,0.0,0.0,5.57,0.0,0.0,6.88,0.0,0.0,3.2,0.0,0.0,14.34,0.0,0.0,-6.22,0.0,-0.004893138886666666,,99.4307671,0.0,0.0018413134,82.9594235,0.00353196385,219.917811,18.1629725,0.0,99.9999924,100.0,False
2026-07-30 14:30:00,0.0,83.6,87.01,79.0,147.5,147.5,,0.0,0.0,0.0,,0.0,0.0,0.0,0.0,0.0,0.0,5.11308,5.02,12.8338308,0.0,2.39,0.0,0.0,5.57,0.0,0.0,6.88,0.0,0.0,3.2,0.0,0.0,14.34,0.0,0.0,-6.22,0.0,-0.00491419442,,99.4307671,0.0,0.00191666793,82.9595171,0.0036565108,219.918014,18.9062801,0.0,99.9999924,100.0,False
2026-07-30 15:00:00,0.0,86.8,90.2,86.72,147.0,147.0,,0.0,0.0,0.0,,0.0,0.0,0.0,0.0,0.0,0.0,4.392270000000001,5.02,11.024597700000001,0.0,1.28,0.0,0.0,5.06,0.0,0.0,7.97,0.0,0.0,3.95,0.0,0.0,8.57,0.0,0.0,-5.17,0.0,-0.0049536110533333335,,99.4307671,0.0,0.00199982082,82.9596187,0.00378205675,219.918369,19.7265118,0.0,99.9999924,100.0,False
2026-07-30 15:30:00,0.0,86.8,95.68,92.66,147.5,147.5,,0.0,0.0,0.0,,0.0,0.0,0.0,0.0,0.0,0.0,5.09814,5.02,12.796331399999998,0.0,1.28,0.0,0.0,5.06,0.0,0.0,7.97,0.0,0.0,3.95,0.0,0.0,8.57,0.0,0.0,-5.17,0.0,-0.004930333453333334,,99.4307671,0.0,0.00207574258,82.9597155,0.00390701274,219.918571,20.4754147,0.0,99.9999924,100.0,False
2026-07-30 16:00:00,0.0,105.6,101.0,103.2,147.0,147.0,,0.0,0.0,0.0,,0.0,0.0,0.0,0.0,0.0,0.0,5.49846,5.02,13.801134599999997,0.0,1.28,0.0,0.0,5.06,0.0,0.0,7.97,0.0,0.0,3.95,0.0,0.0,8.57,0.0,0.0,-5.17,0.0,-0.004979972283333333,,99.4307671,0.0,0.00215569765,82.9598008,0.0040332268,219.918926,21.2641027,0.0,99.9999924,100.0,False
2026-07-30 16:30:00,0.0,105.6,107.25,109.01,147.0,147.0,,0.0,0.0,0.0,,0.0,0.0,0.0,0.0,0.0,0.0,4.74551,5.02,11.9112301,0.0,1.28,0.0,0.0,5.06,0.0,0.0,7.97,0.0,0.0,3.95,0.0,0.0,8.57,0.0,0.0,-5.17,0.0,-0.004996444386666667,,99.4307671,0.0,0.00222932431,82.9599106,0.00415985833,219.91923,21.9903663,0.0,99.9999924,100.0,False
2026-07-30 17:00:00,0.0,124.0,116.84,123.96,147.5,147.5,,0.0,0.0,0.0,,0.0,0.0,0.0,0.0,0.0,0.0,3.84166,5.02,9.642566599999999,0.0,1.28,0.0,0.0,5.06,0.0,0.0,7.97,0.0,0.0,3.95,0.0,0.0,8.57,0.0,0.0,-5.17,0.0,-0.00499308332,,99.4307671,0.0,0.00230550321,82.9600024,0.00428640468,219.919433,22.7418056,0.0,99.9999924,100.0,False
2026-07-30 17:30:00,0.0,124.0,115.35,118.22,150.0,150.0,,0.0,0.0,0.0,,0.0,0.0,0.0,0.0,0.0,0.0,5.04742,5.02,12.669024199999999,0.0,1.28,0.0,0.0,5.06,0.0,0.0,7.97,0.0,0.0,3.95,0.0,0.0,8.57,0.0,0.0,-5.17,0.0,-0.004940888963333333,,99.4307671,0.0,0.00237668024,82.9600926,0.00441162819,219.919737,23.4439058,0.0,99.9999924,100.0,False
2026-07-30 18:00:00,0.0,146.0,137.67,141.0,133.55,133.55,,0.0,0.0,0.0,,0.0,0.0,0.0,0.0,0.0,0.0,5.67387,5.02,14.241413699999999,0.0,1.28,0.0,0.0,5.06,0.0,0.0,7.97,0.0,0.0,3.95,0.0,0.0,8.57,0.0,0.0,-5.17,0.0,-0.004978916646666667,,99.4307671,0.0,0.00245148462,82.9601694,0.00453781549,219.91989,24.1817866,0.0,99.9999924,100.0,False
2026-07-30 18:30:00,0.0,146.0,148.64,155.31,101.65,101.65,,0.0,0.0,0.0,,0.0,0.0,0.0,0.0,0.0,0.0,6.20779,5.02,15.581552899999998,0.0,1.28,0.0,0.0,5.06,0.0,0.0,7.97,0.0,0.0,3.95,0.0,0.0,8.57,0.0,0.0,-5.17,0.0,-0.004949722286666666,,99.4307671,0.0,0.00253175814,82.9602378,0.00466326288,219.920143,24.9736159,0.0,99.9999924,100.0,False
2026-07-30 19:00:00,0.0,165.2,160.77,166.5,124.76,124.76,,0.0,0.0,0.0,,0.0,0.0,0.0,0.0,0.0,0.0,6.51309,5.02,16.3478559,0.0,6.24,0.0,0.0,0.6,0.0,0.0,11.92,0.0,0.0,-3.66,0.0,0.0,36.35,0.0,0.0,-17.32,0.0,-0.004999972266666666,,99.4307671,0.0,0.00260519951,82.9602847,0.00478998383,219.920396,25.6980518,0.0,99.9999924,100.0,False
2026-07-30 19:30:00,0.0,165.2,165.73,170.0,139.06,139.06,,0.0,0.0,0.0,,0.0,0.0,0.0,0.0,0.0,0.0,6.79846,5.02,17.0641346,0.0,6.24,0.0,0.0,0.6,0.0,0.0,11.92,0.0,0.0,-3.66,0.0,0.0,36.35,0.0,0.0,-17.32,0.0,-0.0049788888266666664,,99.4307671,0.0,0.00267934133,82.9603597,0.00491617042,219.9207,26.429397,0.0,99.9999924,100.0,False
2026-07-30 20:00:00,0.0,169.27,167.7,169.39,176.04,176.04,,0.0,0.0,0.0,,0.0,0.0,0.0,0.0,0.0,0.0,6.94685,5.02,17.4365935,0.0,6.24,0.0,0.0,0.6,0.0,0.0,11.92,0.0,0.0,-3.66,0.0,0.0,36.35,0.0,0.0,-17.32,0.0,-0.00501666665,,99.4307671,0.0,0.0027492762,82.9604396,0.00504331445,219.920903,27.1192444,0.0,99.9999924,100.0,False
2026-07-30 20:30:00,0.0,169.27,168.53,171.37,140.43,140.43,,0.0,0.0,0.0,,0.0,0.0,0.0,0.0,0.0,0.0,6.9726099999999995,5.02,17.501251099999998,0.0,6.24,0.0,0.0,0.6,0.0,0.0,11.92,0.0,0.0,-3.66,0.0,0.0,36.35,0.0,0.0,-17.32,0.0,-0.00501563875,,99.4307671,0.0,0.0028253157,82.9604997,0.0051704325,219.921156,27.8693086,0.0,99.9999924,100.0,False
2026-07-30 21:00:00,0.0,160.34,165.44,165.0,170.78,170.78,,0.0,0.0,0.0,,0.0,0.0,0.0,0.0,0.0,0.0,6.99374,5.02,17.5542874,0.0,6.24,0.0,0.0,0.6,0.0,0.0,11.92,0.0,0.0,-3.66,0.0,0.0,36.35,0.0,0.0,-17.32,0.0,-0.00503227782,,99.4307671,0.0,0.00290070146,82.9605498,0.0052979722,219.92141,28.6129243,0.0,99.98289873333333,100.0,False
2026-07-30 21:30:00,0.0,160.34,165.58,163.85,173.24,173.24,,0.0,0.0,0.0,,0.0,0.0,0.0,0.0,0.0,0.0,6.98633,5.02,17.535688299999997,0.0,6.24,0.0,0.0,0.6,0.0,0.0,11.92,0.0,0.0,-3.66,0.0,0.0,36.35,0.0,0.0,-17.32,0.0,-0.005048666633333333,,99.4307671,0.0,0.00296992756,82.9605884,0.00542592725,219.921663,29.2957802,0.0,99.9999924,100.0,False
2026-07-30 22:00:00,0.0,148.39,153.59,153.38,122.21,122.21,,0.0,0.0,0.0,,0.0,0.0,0.0,0.0,0.0,0.0,6.9858,5.02,17.534357999999997,0.0,6.24,0.0,0.0,0.6,0.0,0.0,11.92,0.0,0.0,-3.66,0.0,0.0,36.35,0.0,0.0,-17.32,0.0,-0.005066666676666667,,99.4307671,0.0,0.00302866051,82.960617,0.0055543385,219.921866,29.8751302,0.0,99.9999924,100.0,False
2026-07-30 22:30:00,0.0,148.39,148.06,148.2,147.11,147.11,,0.0,0.0,0.0,,0.0,0.0,0.0,0.0,0.0,0.0,6.9861,5.02,17.535111,0.0,6.24,0.0,0.0,0.6,0.0,0.0,11.92,0.0,0.0,-3.66,0.0,0.0,36.35,0.0,0.0,-17.32,0.0,-0.005033805523333333,,99.4307671,0.0,0.00308332267,82.9606456,0.0056819169,219.92217,30.4143254,0.0,99.9999924,100.0,False
2026-07-30 23:00:00,0.0,142.48,144.07,155.14,122.23,122.23,,0.0,0.0,0.0,,0.0,0.0,0.0,0.0,0.0,0.0,6.9858,5.02,17.534357999999997,0.0,1.55,0.0,0.0,0.01,0.0,0.0,10.08,0.0,0.0,-3.53,0.0,0.0,8.39,0.0,0.0,-16.3,0.0,-0.00502463889,,99.4307671,0.0,0.00313545785,82.9606874,0.00580926305,219.922424,30.9285941,0.0,99.9999924,100.0,False
2026-07-30 23:30:00,0.725,142.48,142.25,144.18,101.18,101.18,,73.3555,0.0,0.0,,0.0,0.0,0.0,0.0,0.0,0.0,5.62084,5.02,14.1083084,0.0,1.55,0.0,0.0,0.01,0.0,0.0,10.08,0.0,0.0,-3.53,0.0,0.0,8.39,0.0,0.0,-16.3,0.0,-0.00501708325,,99.4307671,0.0,0.00318801721,82.9607177,0.00593641765,219.922677,31.447047,0.0,99.9999924,100.0,False
2026-07-31 00:00:00,2.763,136.37,137.95,137.83,149.94,149.94,,414.28422,0.0,0.0,,0.0,0.0,0.0,0.0,0.0,0.0,1.75774,5.02,4.4119274,0.0,1.55,0.0,0.0,0.01,0.0,0.0,10.08,0.0,0.0,-3.53,0.0,0.0,8.39,0.0,0.0,-16.3,0.0,1.4049025478433332,,99.4307671,0.0,0.0751711362,82.9698873,0.0417120159,219.958717,741.498585,0.0,99.9999924,100.0,False
2026-07-31 00:30:00,0.0,136.37,136.35,136.5,129.99,129.99,,0.0,0.0,0.0,,0.0,0.0,0.0,0.0,0.0,0.0,7.005739999999999,5.02,17.584407399999996,0.0,1.55,0.0,0.0,0.01,0.0,0.0,10.08,0.0,0.0,-3.53,0.0,0.0,8.39,0.0,0.0,-16.3,0.0,5.2349064966666665,,99.4307671,0.0,0.267065817,83.0906872,0.132675192,220.091572,2634.37451,0.0,99.9999924,100.0,False
2026-07-31 01:00:00,0.0,132.3,131.97,130.0,140.35,140.35,,0.0,0.0,0.0,,0.0,0.0,0.0,0.0,0.0,0.0,6.99869,5.02,17.566711899999998,0.0,1.55,0.0,0.0,0.01,0.0,0.0,10.08,0.0,0.0,-3.53,0.0,0.0,8.39,0.0,0.0,-16.3,0.0,-0.00499327771,,99.4307671,0.0,0.267099679,83.0935411,0.132801743,220.091825,2634.70853,0.0,99.9999924,100.0,False
2026-07-31 01:30:00,0.0,132.3,125.95,126.0,155.11,155.11,,0.0,0.0,0.0,,0.0,0.0,0.0,0.0,0.0,0.0,6.98642,5.02,17.535914199999997,0.0,1.55,0.0,0.0,0.01,0.0,0.0,10.08,0.0,0.0,-3.53,0.0,0.0,8.39,0.0,0.0,-16.3,0.0,-0.005025782666666667,,99.4307671,0.0,0.267130307,83.0936109,0.132929118,220.092129,2635.01065,0.0,99.9999924,100.0,False
2026-07-31 02:00:00,0.0,127.63,118.59,120.2,169.51,169.51,,0.0,0.0,0.0,,0.0,0.0,0.0,0.0,0.0,0.0,6.9858,5.02,17.534357999999997,0.0,1.55,0.0,0.0,0.01,0.0,0.0,10.08,0.0,0.0,-3.53,0.0,0.0,8.39,0.0,0.0,-16.3,0.0,-0.00502174997,,99.4307671,0.0,0.267171582,83.0936906,0.133056391,220.092332,2635.4178,0.0,99.9999924,100.0,False
2026-07-31 02:30:00,0.0,127.63,118.59,117.0,158.48,158.48,,0.0,0.0,0.0,,0.0,0.0,0.0,0.0,0.0,0.0,6.98566,5.02,17.534006599999998,0.0,1.55,0.0,0.0,0.01,0.0,0.0,10.08,0.0,0.0,-3.53,0.0,0.0,8.39,0.0,0.0,-16.3,0.0,-0.005025888843333333,,99.4307671,0.0,0.267218144,83.0937703,0.133183769,220.092637,2635.87709,0.0,99.9999924,100.0,False
2026-07-31 03:00:00,0.0,124.37,117.7,118.5,150.84,150.84,,0.0,0.0,0.0,,0.0,0.0,0.0,0.0,0.0,0.0,6.98546,5.02,17.533504599999997,0.0,1.53,0.0,0.0,0.2,0.0,0.0,5.33,0.0,0.0,-3.17,0.0,0.0,5.63,0.0,0.0,-16.51,0.0,-0.005073361156666667,,99.4307671,0.0,0.267271461,83.0938467,0.13331235,220.09289,2636.40302,0.0,99.9999924,100.0,False
2026-07-31 03:30:00,0.0,124.37,117.7,117.2,112.44,112.44,,0.0,0.0,0.0,,0.0,0.0,0.0,0.0,0.0,0.0,6.98546,5.02,17.533504599999997,0.0,1.53,0.0,0.0,0.2,0.0,0.0,5.33,0.0,0.0,-3.17,0.0,0.0,5.63,0.0,0.0,-16.51,0.0,-0.005032472293333333,,99.4307671,0.0,0.267325895,83.0939347,0.133439895,220.093143,2636.93996,0.0,99.9999924,100.0,False
2026-07-31 04:00:00,0.0,129.0,120.35,124.0,120.68,120.68,,0.0,0.0,0.0,,0.0,0.0,0.0,0.0,0.0,0.0,6.985930000000001,5.02,17.5346843,0.0,1.53,0.0,0.0,0.2,0.0,0.0,5.33,0.0,0.0,-3.17,0.0,0.0,5.63,0.0,0.0,-16.51,0.0,-0.005054888883333333,,99.4307671,0.0,0.267384828,83.0940342,0.133568007,220.093447,2637.52128,0.0,99.9999924,100.0,False
2026-07-31 04:30:00,0.0,129.0,120.23,120.43,146.02,146.02,,0.0,0.0,0.0,,0.0,0.0,0.0,0.0,0.0,0.0,6.985060000000001,5.02,17.5325006,0.0,1.53,0.0,0.0,0.2,0.0,0.0,5.33,0.0,0.0,-3.17,0.0,0.0,5.63,0.0,0.0,-16.51,0.0,-0.00500861112,,99.4307671,0.0,0.267439763,83.0941222,0.133694947,220.093751,2638.06317,0.0,99.9999924,100.0,False
2026-07-31 05:00:00,0.0,138.59,134.45,139.12,175.0,175.0,,0.0,0.0,0.0,,0.0,0.0,0.0,0.0,0.0,0.0,6.978020000000001,5.02,17.514830200000002,0.0,1.53,0.0,0.0,0.2,0.0,0.0,5.33,0.0,0.0,-3.17,0.0,0.0,5.63,0.0,0.0,-16.51,0.0,-0.0050571110266666676,,99.4307671,0.0,0.26749183,83.0942102,0.133823116,220.093954,2638.57677,0.0,99.9999924,100.0,False
2026-07-31 05:30:00,0.0,138.59,134.45,139.2,150.83,150.83,,0.0,0.0,0.0,,0.0,0.0,0.0,0.0,0.0,0.0,6.81552,5.02,17.106955199999998,0.0,1.53,0.0,0.0,0.2,0.0,0.0,5.33,0.0,0.0,-3.17,0.0,0.0,5.63,0.0,0.0,-16.51,0.0,-0.0050835278,,99.4307671,0.0,0.267545178,83.0942982,0.133951955,220.094258,2639.103,0.0,99.9999924,100.0,False
2026-07-31 06:00:00,0.0,143.66,139.37,142.25,153.32,153.32,,0.0,0.0,0.0,,0.0,0.0,0.0,0.0,0.0,0.0,6.62815,5.02,16.636656499999997,0.0,1.53,0.0,0.0,0.2,0.0,0.0,5.33,0.0,0.0,-3.17,0.0,0.0,5.63,0.0,0.0,-16.51,0.0,-0.005058499973333333,,99.4307671,0.0,0.267601906,83.0943829,0.134080159,220.094512,2639.66257,0.0,99.9999924,100.0,False
2026-07-31 06:30:00,0.0,143.66,142.61,144.86,188.0,188.0,,0.0,0.0,0.0,,0.0,0.0,0.0,0.0,0.0,0.0,6.30592,5.02,15.827859199999999,0.0,1.53,0.0,0.0,0.2,0.0,0.0,5.33,0.0,0.0,-3.17,0.0,0.0,5.63,0.0,0.0,-16.51,0.0,-0.004972527823333333,,99.4307671,0.0,0.267659202,83.094466,0.134206185,220.094765,2640.22775,0.0,99.9999924,100.0,False
2026-07-31 07:00:00,0.0,142.85,127.29,127.3,99.62,99.62,,0.0,0.0,0.0,,0.0,0.0,0.0,0.0,0.0,0.0,6.07513,5.02,15.248576299999998,0.0,1.83,0.0,0.0,0.07,0.0,0.0,6.82,0.0,0.0,-3.38,0.0,0.0,23.27,0.0,0.0,-16.43,0.0,-0.00503241658,,99.4307671,0.0,0.267711993,83.0945541,0.134333728,220.095019,2640.74848,0.0,99.9999924,100.0,False
2026-07-31 07:30:00,0.0,142.85,135.3,138.32,99.13,99.13,,0.0,0.0,0.0,,0.0,0.0,0.0,0.0,0.0,0.0,5.00818,5.02,12.5705318,0.0,1.83,0.0,0.0,0.07,0.0,0.0,6.82,0.0,0.0,-3.38,0.0,0.0,23.27,0.0,0.0,-16.43,0.0,-0.005028722209999999,,99.4307671,0.0,0.267767709,83.0946439,0.134461177,220.095272,2641.29808,0.0,99.9999924,100.0,False
2026-07-31 08:00:00,0.0,130.0,119.0,121.7,100.63,100.63,,0.0,0.0,0.0,,0.0,0.0,0.0,0.0,0.0,0.0,3.99405,5.02,10.0250655,0.0,1.83,0.0,0.0,0.07,0.0,0.0,6.82,0.0,0.0,-3.38,0.0,0.0,23.27,0.0,0.0,-16.43,0.0,-0.004993472256666667,,99.4307671,0.0,0.267828116,83.0947089,0.134587734,220.095576,2641.89394,0.0,99.9999924,100.0,False
2026-07-31 08:30:00,0.0,130.0,127.68,127.0,103.32,103.32,,0.0,0.0,0.0,,0.0,0.0,0.0,0.0,0.0,0.0,3.09989,5.02,7.780723899999999,0.0,1.83,0.0,0.0,0.07,0.0,0.0,6.82,0.0,0.0,-3.38,0.0,0.0,23.27,0.0,0.0,-16.43,0.0,-0.0049783054999999994,,99.4307671,0.0,0.267889203,83.0947956,0.134713905,220.09583,2642.49651,0.0,99.9999924,100.0,False
2026-07-31 09:00:00,0.0,131.98,126.0,125.0,99.61,99.61,,0.0,0.0,0.0,,0.0,0.0,0.0,0.0,0.0,0.0,2.6278,5.02,6.595778,0.0,1.83,0.0,0.0,0.07,0.0,0.0,6.82,0.0,0.0,-3.38,0.0,0.0,23.27,0.0,0.0,-16.43,0.0,-0.004974972326666667,,99.4307671,0.0,0.267950568,83.0948774,0.134839993,220.096083,2643.10182,0.0,99.9999924,100.0,False
2026-07-31 09:30:00,-0.096,131.98,127.0,127.9,132.25,132.25,,0.0,-12.696,0.0,,0.0,0.0,0.0,0.0,0.0,0.0,1.89443,5.02,4.7550193,0.0,1.83,0.0,0.0,0.07,0.0,0.0,6.82,0.0,0.0,-3.38,0.0,0.0,23.27,0.0,0.0,-16.43,0.0,-0.005016444363333333,,99.4307671,0.0,0.268003886,83.094989,0.134967131,220.096387,2643.62776,0.0,99.9999924,100.0,False
2026-07-31 10:00:00,-0.33,121.35,127.0,126.0,95.0,95.0,,-31.35,0.0,0.0,,0.0,0.0,0.0,0.0,0.0,0.0,1.82659,5.02,4.584740899999999,0.0,1.83,0.0,0.0,0.07,0.0,0.0,6.82,0.0,0.0,-3.38,0.0,0.0,23.27,0.0,0.0,-16.43,0.0,-0.19035160983666666,,99.4307671,0.0093655494,0.268024165,83.0923459,0.139791465,220.101405,2643.82779,92.3830872,99.9999924,100.0,False
2026-07-31 10:30:00,-0.353,121.35,120.0,120.09,97.25,97.25,,-34.329249999999995,0.0,0.0,,0.0,0.0,0.0,0.0,0.0,0.0,1.91234,5.02,4.7999734,0.0,1.83,0.0,0.0,0.07,0.0,0.0,6.82,0.0,0.0,-3.38,0.0,0.0,23.27,0.0,0.0,-16.43,0.0,-0.645182429,,99.4307671,0.0418118459,0.268024165,83.0834544,0.156143181,220.117829,2643.82779,412.437887,99.9999924,100.0,False
2026-07-31 11:00:00,-0.405,115.37,116.93,116.92,148.0,148.0,,-59.940000000000005,0.0,0.0,,0.0,0.0,0.0,0.0,0.0,0.0,1.8272899999999999,5.02,4.5864978999999995,0.0,1.93,0.0,0.0,3.45,0.0,0.0,5.53,0.0,0.0,1.47,0.0,0.0,9.85,0.0,0.0,-6.38,0.0,-0.6847442676666665,,99.4307671,0.0762561162,0.268024165,83.073087,0.173497565,220.135266,2643.82779,752.200979,99.9999924,100.0,False
2026-07-31 11:30:00,-0.495,115.37,114.91,113.23,148.0,148.0,,-73.26,0.0,0.0,,0.0,0.0,0.0,0.0,0.0,0.0,1.18722,5.02,2.9799221999999994,0.0,1.93,0.0,0.0,3.45,0.0,0.0,5.53,0.0,0.0,1.47,0.0,0.0,9.85,0.0,0.0,-6.38,0.0,-0.7837223423333333,,99.4307671,0.115723026,0.268024165,83.0603417,0.193360482,220.155287,2643.82779,1141.50809,99.9999924,100.0,False
2026-07-31 12:00:00,-0.499,106.76,113.0,110.11,142.0,142.0,,-70.858,0.0,0.0,,0.0,0.0,0.0,0.0,0.0,0.0,1.0443699999999998,5.02,2.621368699999999,0.0,1.93,0.0,0.0,3.45,0.0,0.0,5.53,0.0,0.0,1.47,0.0,0.0,9.85,0.0,0.0,-6.38,0.0,-0.9561676433333334,,99.4307671,0.163948835,0.268024165,83.0445524,0.217593908,220.179568,2643.82779,1617.2142,99.9999924,100.0,False
2026-07-31 12:30:00,-0.448,106.76,110.51,107.91,142.0,142.0,,-63.616,0.0,0.0,,0.0,0.0,0.0,0.0,0.0,0.0,1.2856800000000002,5.02,3.2270568,0.0,1.93,0.0,0.0,3.45,0.0,0.0,5.53,0.0,0.0,1.47,0.0,0.0,9.85,0.0,0.0,-6.38,0.0,-0.9638809413333332,,99.4307671,0.212570464,0.268024165,83.0288811,0.242022825,220.204101,2643.82779,2096.82474,99.9999924,100.0,False
2026-07-31 13:00:00,-0.46,105.0,105.94,105.6,100.45,100.45,,-46.207,0.0,0.0,,0.0,0.0,0.0,0.0,0.0,0.0,1.34185,5.02,3.3680434999999997,0.0,1.93,0.0,0.0,3.45,0.0,0.0,5.53,0.0,0.0,1.47,0.0,0.0,9.85,0.0,0.0,-6.38,0.0,-0.8638943176666666,,99.4307671,0.256120065,0.268024165,83.0147624,0.263917646,220.226251,2643.82779,2526.40409,99.9999924,100.0,False
2026-07-31 13:30:00,-0.311,105.0,104.17,104.0,93.66,93.66,,-29.128259999999997,0.0,0.0,,0.0,0.0,0.0,0.0,0.0,0.0,1.8437000000000001,5.02,4.627687,0.0,1.93,0.0,0.0,3.45,0.0,0.0,5.53,0.0,0.0,1.47,0.0,0.0,9.85,0.0,0.0,-6.38,0.0,-0.8885963343333333,,99.4307671,0.300924278,0.268024165,83.0001731,0.286438524,220.248859,2643.82779,2968.3591,99.9999924,100.0,False
2026-07-31 14:00:00,-0.322,102.0,104.56,105.8,91.08,91.08,,-29.32776,0.0,0.0,,0.0,0.0,0.0,0.0,0.0,0.0,1.82406,5.02,4.5783906,0.0,1.93,0.0,0.0,3.45,0.0,0.0,5.53,0.0,0.0,1.47,0.0,0.0,9.85,0.0,0.0,-6.38,0.0,-0.6016534213333333,,99.4307671,0.331136628,0.268024165,82.9880621,0.301687026,220.264268,2643.82779,3266.37794,99.9999924,100.0,False
2026-07-31 14:30:00,-0.267,102.0,103.44,103.56,142.0,142.0,,-37.914,0.0,0.0,,0.0,0.0,0.0,0.0,0.0,0.0,2.2042100000000002,5.02,5.5325671000000005,0.0,1.93,0.0,0.0,3.45,0.0,0.0,5.53,0.0,0.0,1.47,0.0,0.0,9.85,0.0,0.0,-6.38,0.0,-0.6287066118333334,,99.4307671,0.36277966,0.268024165,82.9802045,0.317621173,220.280286,2643.82779,3578.50923,99.9999924,100.0,False
2026-07-31 15:00:00,-0.17,107.14,103.4,105.8,82.79,82.79,,-14.074300000000003,0.0,0.0,,0.0,0.0,0.0,0.0,0.0,0.0,3.1513899999999997,5.02,7.909988899999998,0.0,1.94,0.0,0.0,2.58,0.0,0.0,6.83,0.0,0.0,1.23,0.0,0.0,7.92,0.0,0.0,-7.5,0.0,-0.5187246449999999,,99.4307671,0.3888086,0.268024165,82.9706405,0.330767902,220.293566,2643.82779,3835.26233,99.9999924,100.0,False
2026-07-31 15:30:00,-0.4,107.14,105.05,105.8,142.0,142.0,,-56.800000000000004,0.0,0.0,,0.0,0.0,0.0,0.0,0.0,0.0,1.8657000000000001,5.02,4.682907,0.0,1.94,0.0,0.0,2.58,0.0,0.0,6.83,0.0,0.0,1.23,0.0,0.0,7.92,0.0,0.0,-7.5,0.0,-0.33276694432000004,,99.4307671,0.405416999,0.268043692,82.9641041,0.339201657,220.302082,2644.02041,3999.08989,99.9999924,100.0,False
2026-07-31 16:00:00,-0.346,120.8,113.81,113.9,142.0,142.0,,-49.132,0.0,0.0,,0.0,0.0,0.0,0.0,0.0,0.0,2.06471,5.02,5.182422099999999,0.0,1.94,0.0,0.0,2.58,0.0,0.0,6.83,0.0,0.0,1.23,0.0,0.0,7.92,0.0,0.0,-7.5,0.0,-0.7765484713333334,,99.4307671,0.444532508,0.268043692,82.9538652,0.358882756,220.322002,2644.02041,4384.93074,99.9999924,100.0,False
2026-07-31 16:30:00,-0.095,120.8,109.27,112.5,142.0,142.0,,0.0,-13.49,0.0,,0.0,0.0,0.0,0.0,0.0,0.0,3.30757,5.02,8.302000699999999,0.0,1.94,0.0,0.0,2.58,0.0,0.0,6.83,0.0,0.0,1.23,0.0,0.0,7.92,0.0,0.0,-7.5,0.0,-0.6667572236666667,,99.4307671,0.478050205,0.268043692,82.9411371,0.37578127,220.339033,2644.02041,4715.55398,99.9999924,100.0,False
2026-07-31 17:00:00,0.0,126.54,133.22,133.81,167.0,167.0,,0.0,0.0,0.0,,0.0,0.0,0.0,0.0,0.0,0.0,3.14033,5.02,7.8822282999999995,0.0,1.94,0.0,0.0,2.58,0.0,0.0,6.83,0.0,0.0,1.23,0.0,0.0,7.92,0.0,0.0,-7.5,0.0,-0.18834060987,,99.4307671,0.487313253,0.26806463,82.938289,0.380554637,220.34385,2644.22695,4806.92598,99.9999924,100.0,False
2026-07-31 17:30:00,0.0,126.54,131.06,132.84,167.0,167.0,,0.0,0.0,0.0,,0.0,0.0,0.0,0.0,0.0,0.0,5.1431700000000005,5.02,12.9093567,0.0,1.94,0.0,0.0,2.58,0.0,0.0,6.83,0.0,0.0,1.23,0.0,0.0,7.92,0.0,0.0,-7.5,0.0,-0.004940500100000001,,99.4307671,0.487313253,0.268131572,82.937425,0.38067985,220.344255,2644.88727,4806.92598,99.9999924,100.0,False
2026-07-31 18:00:00,0.0,147.46,136.08,135.84,145.5,145.5,,0.0,0.0,0.0,,0.0,0.0,0.0,0.0,0.0,0.0,5.11217,5.02,12.831546699999999,0.0,1.94,0.0,0.0,2.58,0.0,0.0,6.83,0.0,0.0,1.23,0.0,0.0,7.92,0.0,0.0,-7.5,0.0,-0.004985805669999999,,99.4307671,0.487313253,0.268196198,82.9375216,0.380806213,220.344407,2645.52475,4806.92598,99.9999924,100.0,False
2026-07-31 18:30:00,0.0,147.46,146.82,146.0,145.5,145.5,,0.0,0.0,0.0,,0.0,0.0,0.0,0.0,0.0,0.0,5.84348,5.02,14.667134799999998,0.0,1.94,0.0,0.0,2.58,0.0,0.0,6.83,0.0,0.0,1.23,0.0,0.0,7.92,0.0,0.0,-7.5,0.0,-0.0049345833433333324,,99.4307671,0.487313253,0.268266071,82.9376099,0.380931276,220.344762,2646.21399,4806.92598,99.9999924,100.0,False
2026-07-31 19:00:00,0.0,159.58,158.48,156.7,118.38,118.38,,0.0,0.0,0.0,,0.0,0.0,0.0,0.0,0.0,0.0,6.17558,5.02,15.500705799999999,0.0,6.74,0.0,0.0,1.07,0.0,0.0,11.21,0.0,0.0,-1.78,0.0,0.0,19.11,0.0,0.0,-15.33,0.0,-0.00495038883,,99.4307671,0.487313253,0.268333682,82.9377113,0.38105674,220.344914,2646.88091,4806.92598,99.9999924,100.0,False
2026-07-31 19:30:00,0.0,159.58,159.01,158.9,120.39,120.39,,0.0,0.0,0.0,,0.0,0.0,0.0,0.0,0.0,0.0,6.51759,5.02,16.3591509,0.0,6.74,0.0,0.0,1.07,0.0,0.0,11.21,0.0,0.0,-1.78,0.0,0.0,19.11,0.0,0.0,-15.33,0.0,-0.004966361126666667,,99.4307671,0.487313253,0.268394037,82.9377945,0.381182609,220.345269,2647.47626,4806.92598,99.9999924,100.0,False
2026-07-31 20:00:00,0.0,167.6,162.43,159.11,166.0,166.0,,0.0,0.0,0.0,,0.0,0.0,0.0,0.0,0.0,0.0,6.73598,5.02,16.907309799999997,0.0,6.74,0.0,0.0,1.07,0.0,0.0,11.21,0.0,0.0,-1.78,0.0,0.0,19.11,0.0,0.0,-15.33,0.0,-0.004995333356666666,,99.4307671,0.487313253,0.268458119,82.9378679,0.381309213,220.34542,2648.10838,4806.92598,99.9999924,100.0,False
2026-07-31 20:30:00,0.0,167.6,161.6,160.0,145.31,145.31,,0.0,0.0,0.0,,0.0,0.0,0.0,0.0,0.0,0.0,6.94394,5.02,17.4292894,0.0,6.74,0.0,0.0,1.07,0.0,0.0,11.21,0.0,0.0,-1.78,0.0,0.0,19.11,0.0,0.0,-15.33,0.0,-0.005036500053333334,,99.4307671,0.487313253,0.268528295,82.9379609,0.381436859,220.345776,2648.8006,4806.92598,99.9999924,100.0,False
2026-07-31 21:00:00,0.0,162.86,158.6,157.0,156.84,156.84,,0.0,0.0,0.0,,0.0,0.0,0.0,0.0,0.0,0.0,6.994680000000001,5.02,17.5566468,0.0,6.74,0.0,0.0,1.07,0.0,0.0,11.21,0.0,0.0,-1.78,0.0,0.0,19.11,0.0,0.0,-15.33,0.0,-0.005032166643333333,,99.4307671,0.487313253,0.268595885,82.9380127,0.381564396,220.345928,2649.46732,4806.92598,99.9999924,100.0,False
2026-07-31 21:30:00,0.0,162.86,159.8,155.1,159.17,159.17,,0.0,0.0,0.0,,0.0,0.0,0.0,0.0,0.0,0.0,6.98782,5.02,17.5394282,0.0,6.74,0.0,0.0,1.07,0.0,0.0,11.21,0.0,0.0,-1.78,0.0,0.0,19.11,0.0,0.0,-15.33,0.0,-0.005045027816666666,,99.4307671,0.487313253,0.268668537,82.9380974,0.381692259,220.346282,2650.18397,4806.92598,99.9999924,100.0,False
2026-07-31 22:00:00,0.0,150.36,150.12,155.9,160.0,160.0,,0.0,0.0,0.0,,0.0,0.0,0.0,0.0,0.0,0.0,6.989739999999999,5.02,17.544247399999996,0.0,6.74,0.0,0.0,1.07,0.0,0.0,11.21,0.0,0.0,-1.78,0.0,0.0,19.11,0.0,0.0,-15.33,0.0,-0.005024444416666667,,99.4307671,0.487313253,0.268737898,82.9381557,0.3818196,220.346434,2650.86816,4806.92598,99.9999924,100.0,False
2026-07-31 22:30:00,0.0,150.36,146.76,149.49,119.78,119.78,,0.0,0.0,0.0,,0.0,0.0,0.0,0.0,0.0,0.0,6.98622,5.02,17.5354122,0.0,6.74,0.0,0.0,1.07,0.0,0.0,11.21,0.0,0.0,-1.78,0.0,0.0,19.11,0.0,0.0,-15.33,0.0,-0.004991527713333333,,99.4307671,0.487313253,0.268804016,82.9382026,0.381946108,220.346789,2651.52035,4806.92598,99.9999924,100.0,False
2026-07-31 23:00:00,0.0,136.9,149.32,146.0,120.19,120.19,,0.0,0.0,0.0,,0.0,0.0,0.0,0.0,0.0,0.0,6.98604,5.02,17.5349604,0.0,3.05,0.0,0.0,0.17,0.0,0.0,9.71,0.0,0.0,-2.97,0.0,0.0,12.04,0.0,0.0,-14.96,0.0,-0.00500299994,,99.4307671,0.487313253,0.268873373,82.9382989,0.382072905,220.346942,2652.2045,4806.92598,99.9999924,100.0,False
2026-07-31 23:30:00,0.0,136.9,145.46,146.4,153.62,153.62,,0.0,0.0,0.0,,0.0,0.0,0.0,0.0,0.0,0.0,6.98556,5.02,17.5337556,0.0,3.05,0.0,0.0,0.17,0.0,0.0,9.71,0.0,0.0,-2.97,0.0,0.0,12.04,0.0,0.0,-14.96,0.0,-0.0049923610700000004,,99.4307671,0.487313253,0.268934283,82.9383935,0.382199433,220.347347,2652.80532,4806.92598,99.9999924,100.0,False
