Timestamp,Optimised_Net_MWh_Daily,Optimised_SoC_Daily,Strategy_Selected_Daily,Optimised_Revenue_Daily,Optimised_Net_MWh_EFA,Optimised_SoC_EFA,Strategy_Selected_EFA,Optimised_Revenue_EFA,Optimised_Net_MWh_Multi,Optimised_SoC_Multi,Strategy_Selected_Multi,Market_Used_Multi,Optimised_Revenue_Multi,Market_Spread,Best_Buy_Price,Best_Sell_Price,Best_Buy_Market,Best_Sell_Market
2026-07-02 00:00:00,0.0,4.2,EPEX,0.0,0.0,4.2,EPEX,0.0,0.0,4.2,Multi-Market,Idle,0.0,69.05,20.16,89.21,SSP,EPEX
2026-07-02 00:30:00,3.525749282067572,0.42000000000000004,EPEX,314.5320934532481,3.525749282067572,0.42000000000000004,EPEX,314.5320934532481,-2.1,6.158749601148651,Multi-Market,Buy-SSP,-19.467,79.94,9.27,89.21,SSP,EPEX
2026-07-02 01:00:00,-0.0,0.42000000000000004,EPEX,-0.0,0.0,0.42000000000000004,EPEX,0.0,0.0,6.158749601148651,Multi-Market,Idle,0.0,51.6,20.15,71.75,SSP,EPEX
2026-07-02 01:30:00,-0.0,0.42000000000000004,EPEX,-0.0,-0.0,0.42000000000000004,EPEX,-0.0,0.0,6.158749601148651,Multi-Market,Idle,0.0,25.58,46.17,71.75,SSP,EPEX
2026-07-02 02:00:00,0.0,0.4199999999999997,EPEX,0.0,0.0,0.42000000000000004,SFFR,17.57,0.0,6.158749601148651,Multi-Market,Idle,0.0,69.0,46.0,115.0,ISEM,SSP
2026-07-02 02:30:00,0.0,0.4199999999999997,EPEX,0.0,0.0,0.42000000000000004,SFFR,17.57,1.6027492820675722,4.4404220056417305,Multi-Market,Sell-SSP,184.3161674377708,71.6,43.4,115.0,DA_HH,SSP
2026-07-02 03:00:00,0.0,0.4199999999999997,EPEX,0.0,0.0,0.42000000000000004,SFFR,17.57,0.0,4.4404220056417305,Multi-Market,Idle,0.0,14.550000000000004,31.79,46.34,SSP,EPEX
2026-07-02 03:30:00,0.0,0.4199999999999997,EPEX,0.0,0.0,0.42000000000000004,SFFR,17.57,0.0,4.4404220056417305,Multi-Market,Idle,0.0,38.849999999999994,41.25,80.1,ISEM,SSP
2026-07-02 04:00:00,-2.1,2.378749601148651,EPEX,-92.337,0.0,0.42000000000000004,SFFR,17.57,0.0,4.4404220056417305,Multi-Market,Idle,0.0,18.93,43.97,62.9,EPEX,SSP
2026-07-02 04:30:00,-0.2250024756290643,2.588617938956217,EPEX,-9.893358853409957,0.0,0.42000000000000004,SFFR,17.57,0.0,4.4404220056417305,Multi-Market,Idle,0.0,9.0,39.8,48.8,ISEM,SSP
2026-07-02 05:00:00,0.0,2.588617938956217,EPEX,0.0,0.0,0.42000000000000004,SFFR,17.57,0.0,4.4404220056417305,Multi-Market,Idle,0.0,9.379999999999995,42.56,51.94,SSP,DA_HH
2026-07-02 05:30:00,0.0,2.588617938956217,EPEX,0.0,0.0,0.42000000000000004,SFFR,17.57,0.0,4.4404220056417305,Multi-Market,Idle,0.0,58.7,48.2,106.9,EPEX,SSP
2026-07-02 06:00:00,0.0,2.588617938956217,EPEX,0.0,0.0,0.42000000000000004,SFFR,17.57,3.75,0.42000000000000004,Multi-Market,Sell-SSP,438.75,66.72999999999999,50.27,117.0,ISEM,SSP
2026-07-02 06:30:00,0.0,2.588617938956217,EPEX,0.0,0.0,0.42000000000000004,SFFR,17.57,-0.0,0.42000000000000004,Multi-Market,Idle,-0.0,55.2,59.8,115.0,DA_HH,SSP
2026-07-02 07:00:00,0.0,2.588617938956217,EPEX,0.0,0.0,0.42000000000000004,SFFR,17.57,0.0,0.42000000000000004,Multi-Market,Idle,0.0,30.1,32.8,62.9,DA_HH,EPEX
2026-07-02 07:30:00,2.0227521537972857,0.42000000000000004,EPEX,127.23111047384927,0.0,0.42000000000000004,SFFR,17.57,0.0,0.42000000000000004,Multi-Market,Idle,0.0,41.06999999999999,24.53,65.6,ISEM,SSP
2026-07-02 08:00:00,-0.0,0.42000000000000004,EPEX,-0.0,0.0,0.42000000000000004,SFFR,17.57,0.0,0.42000000000000004,Multi-Market,Idle,0.0,29.279999999999998,15.2,44.48,ISEM,EPEX
2026-07-02 08:30:00,-0.0,0.42000000000000004,EPEX,-0.0,0.0,0.42000000000000004,SFFR,17.57,-2.1,2.3787496011486513,Multi-Market,Buy-SSP,31.479000000000003,59.47,-14.99,44.48,SSP,EPEX
2026-07-02 09:00:00,0.0,0.42000000000000004,EPEX,0.0,0.0,0.42000000000000004,SFFR,17.57,0.0,2.3787496011486513,Multi-Market,Idle,0.0,13.2,-1.33,11.87,SSP,EPEX
2026-07-02 09:30:00,0.0,0.42000000000000004,EPEX,0.0,0.0,0.42000000000000004,SFFR,17.57,0.0,2.3787496011486513,Multi-Market,Idle,0.0,15.51,-3.64,11.87,SSP,EPEX
2026-07-02 10:00:00,0.0,0.42000000000000004,EPEX,0.0,0.0,0.42000000000000004,SFFR,17.57,0.0,2.3787496011486513,Multi-Market,Idle,0.0,7.77,-3.07,4.7,SSP,DA_HH
2026-07-02 10:30:00,0.0,0.42000000000000004,EPEX,0.0,0.0,0.42000000000000004,SFFR,17.57,0.0,2.3787496011486513,Multi-Market,Idle,0.0,15.85,-14.2,1.65,SSP,EPEX
2026-07-02 11:00:00,0.0,0.42000000000000004,EPEX,0.0,0.0,0.42000000000000004,SFFR,17.57,-1.8051707633737288,4.062500797702698,Multi-Market,Buy-SSP,25.633424839906947,15.219999999999999,-14.2,1.02,SSP,EPEX
2026-07-02 11:30:00,0.0,0.42000000000000004,EPEX,0.0,0.0,0.42000000000000004,SFFR,17.57,0.0,4.062500797702698,Multi-Market,Idle,0.0,15.219999999999999,-14.2,1.02,SSP,EPEX
2026-07-02 12:00:00,-2.1,2.3787496011486513,EPEX,-0.168,0.0,0.42000000000000004,SFFR,17.57,0.0,4.062500797702698,Multi-Market,Idle,0.0,5.08,-5.0,0.08,ISEM,EPEX
2026-07-02 12:30:00,-2.1,4.337499202297303,EPEX,-0.168,0.0,0.42000000000000004,SFFR,17.57,0.0,4.062500797702698,Multi-Market,Idle,0.0,5.08,-5.0,0.08,ISEM,EPEX
2026-07-02 13:00:00,-1.8051707633737284,6.021250398851349,EPEX,-0.16246536870363554,0.0,0.42000000000000004,SFFR,17.57,0.0,4.062500797702698,Multi-Market,Idle,0.0,3.54,-3.38,0.16,SSP,DA_HH
2026-07-02 13:30:00,-2.1,7.9799999999999995,EPEX,-0.189,0.0,0.42000000000000004,SFFR,17.57,0.0,4.062500797702698,Multi-Market,Idle,0.0,1.97,-1.88,0.09,ISEM,EPEX
2026-07-02 14:00:00,0.0,7.9799999999999995,EPEX,0.0,0.0,0.42000000000000004,SFFR,17.57,0.0,4.062500797702698,Multi-Market,Idle,0.0,3.9400000000000004,-3.41,0.53,ISEM,EPEX
2026-07-02 14:30:00,0.0,7.9799999999999995,EPEX,0.0,0.0,0.42000000000000004,SFFR,17.57,-2.1,6.021250398851349,Multi-Market,Buy-SSP,30.618000000000002,15.11,-14.58,0.53,SSP,EPEX
2026-07-02 15:00:00,0.0,7.9799999999999995,EPEX,0.0,0.0,0.42000000000000004,SFFR,17.57,0.0,6.021250398851349,Multi-Market,Idle,0.0,7.99,-5.08,2.91,SSP,EPEX
2026-07-02 15:30:00,0.0,7.9799999999999995,EPEX,0.0,0.0,0.42000000000000004,SFFR,17.57,0.0,6.021250398851349,Multi-Market,Idle,0.0,5.35,-2.44,2.91,SSP,EPEX
2026-07-02 16:00:00,-0.0,7.9799999999999995,EPEX,-0.0,-2.1,2.3787496011486513,EPEX,-42.42,-2.1,7.9799999999999995,Multi-Market,Buy-SSP,38.64,38.599999999999994,-18.4,20.2,SSP,EPEX
2026-07-02 16:30:00,0.0,7.9799999999999995,EPEX,0.0,-2.1,4.337499202297303,EPEX,-42.42,0.0,7.9799999999999995,Multi-Market,Idle,0.0,43.17,7.23,50.4,ISEM,SSP
2026-07-02 17:00:00,-0.0,7.9799999999999995,EPEX,-0.0,3.6540000000000004,0.42000000000000004,EPEX,248.72778,0.0,7.9799999999999995,Multi-Market,Idle,0.0,77.07,-9.0,68.07,SSP,EPEX
2026-07-02 17:30:00,-0.0,7.9799999999999995,EPEX,-0.0,-0.0,0.42000000000000004,EPEX,-0.0,0.0,7.9799999999999995,Multi-Market,Idle,0.0,44.24999999999999,23.82,68.07,SSP,EPEX
2026-07-02 18:00:00,-0.0,7.9799999999999995,EPEX,-0.0,0.0,0.42000000000000004,SFFR,17.57,-0.029250321831778392,7.9799999999999995,Multi-Market,Buy-SSP,19.006184118862684,98.55,9.75,108.3,SSP,EPEX
2026-07-02 18:30:00,0.0,7.9799999999999995,EPEX,0.0,0.0,0.42000000000000004,SFFR,17.57,0.0,7.9799999999999995,Multi-Market,Idle,0.0,85.3,23.0,108.3,SSP,EPEX
2026-07-02 19:00:00,-0.0,7.9799999999999995,EPEX,-0.0,0.0,0.42000000000000004,SFFR,17.57,-0.0,7.9799999999999995,Multi-Market,Idle,-0.0,47.39,64.61,112.0,SSP,EPEX
2026-07-02 19:30:00,0.0,7.9799999999999995,EPEX,0.0,0.0,0.42000000000000004,SFFR,17.57,0.0,7.9799999999999995,Multi-Market,Idle,0.0,15.620000000000005,106.27,121.89,ISEM,SSP
2026-07-02 20:00:00,3.3014985641351435,4.4404220056417305,EPEX,390.36919022333933,0.0,0.42000000000000004,SFFR,17.57,-0.0,7.9799999999999995,Multi-Market,Idle,-0.0,14.25,113.4,127.65,ISEM,SSP
2026-07-02 20:30:00,3.75,0.42000000000000004,EPEX,443.4,0.0,0.42000000000000004,SFFR,17.57,0.0,7.9799999999999995,Multi-Market,Idle,0.0,8.989999999999995,116.01,125.0,ISEM,SSP
2026-07-02 21:00:00,0.0,0.42000000000000004,EPEX,0.0,0.0,0.42000000000000004,SFFR,17.57,3.3014985641351435,4.4404220056417305,Multi-Market,Sell-SSP,425.89331477343353,11.010000000000005,117.99,129.0,ISEM,SSP
2026-07-02 21:30:00,-0.0,0.42000000000000004,EPEX,-0.0,0.0,0.42000000000000004,SFFR,17.57,3.75,0.42000000000000004,Multi-Market,Sell-SSP,483.75,13.870000000000005,115.13,129.0,ISEM,SSP
2026-07-02 22:00:00,0.0,0.42000000000000004,EPEX,0.0,0.0,0.42000000000000004,SFFR,17.57,-0.0,0.42000000000000004,Multi-Market,Idle,-0.0,14.75,111.0,125.75,ISEM,SSP
2026-07-02 22:30:00,-0.0,0.42000000000000004,EPEX,-0.0,0.0,0.42000000000000004,SFFR,17.57,0.0,0.42000000000000004,Multi-Market,Idle,0.0,19.700000000000003,100.0,119.7,DA_HH,SSP
2026-07-02 23:00:00,0.0,0.42000000000000004,EPEX,0.0,0.0,0.42000000000000004,SFFR,17.57,-0.0,0.42000000000000004,Multi-Market,Idle,-0.0,30.97,94.03,125.0,EPEX,SSP
2026-07-02 23:30:00,-0.0,0.42000000000000004,EPEX,-0.0,0.0,0.42000000000000004,SFFR,17.57,-0.0,0.42000000000000004,Multi-Market,Idle,-0.0,28.47,94.03,122.5,EPEX,SSP
2026-07-03 00:00:00,0.0,0.42000000000000004,SFFR,17.569999999999997,0.0,0.42000000000000004,SFFR,17.57,0.0,0.42000000000000004,Multi-Market,Idle,0.0,33.08,89.42,122.5,ISEM,SSP
2026-07-03 00:30:00,0.0,0.42000000000000004,SFFR,17.569999999999997,0.0,0.42000000000000004,SFFR,17.57,0.0,0.42000000000000004,Multi-Market,Idle,0.0,35.120000000000005,87.38,122.5,ISEM,SSP
2026-07-03 01:00:00,0.0,0.42000000000000004,SFFR,17.569999999999997,0.0,0.42000000000000004,SFFR,17.57,0.0,0.42000000000000004,Multi-Market,Idle,0.0,36.5,86.0,122.5,EPEX,SSP
2026-07-03 01:30:00,0.0,0.42000000000000004,SFFR,17.569999999999997,0.0,0.42000000000000004,SFFR,17.57,0.0,0.42000000000000004,Multi-Market,Idle,0.0,36.5,86.0,122.5,EPEX,SSP
2026-07-03 02:00:00,0.0,0.42000000000000004,SFFR,17.569999999999997,0.0,0.42000000000000004,SFFR,17.57,0.0,0.42000000000000004,Multi-Market,Idle,0.0,36.900000000000006,84.0,120.9,EPEX,SSP
2026-07-03 02:30:00,0.0,0.42000000000000004,SFFR,17.569999999999997,0.0,0.42000000000000004,SFFR,17.57,0.0,0.42000000000000004,Multi-Market,Idle,0.0,8.879999999999995,84.0,92.88,EPEX,SSP
2026-07-03 03:00:00,0.0,0.42000000000000004,SFFR,17.569999999999997,0.0,0.42000000000000004,SFFR,17.57,0.0,0.42000000000000004,Multi-Market,Idle,0.0,38.33000000000001,82.57,120.9,ISEM,SSP
2026-07-03 03:30:00,0.0,0.42000000000000004,SFFR,17.569999999999997,0.0,0.42000000000000004,SFFR,17.57,0.0,0.42000000000000004,Multi-Market,Idle,0.0,38.400000000000006,82.6,121.0,EPEX,SSP
2026-07-03 04:00:00,0.0,0.42000000000000004,SFFR,17.569999999999997,0.0,0.42000000000000004,SFFR,17.57,-0.0,0.42000000000000004,Multi-Market,Idle,-0.0,41.2,83.7,124.9,EPEX,SSP
2026-07-03 04:30:00,0.0,0.42000000000000004,SFFR,17.569999999999997,0.0,0.42000000000000004,SFFR,17.57,0.0,0.42000000000000004,Multi-Market,Idle,0.0,36.8,83.7,120.5,EPEX,SSP
2026-07-03 05:00:00,0.0,0.42000000000000004,SFFR,17.569999999999997,0.0,0.42000000000000004,SFFR,17.57,0.0,0.42000000000000004,Multi-Market,Idle,0.0,3.1400000000000006,89.16,92.3,EPEX,DA_HH
2026-07-03 05:30:00,0.0,0.42000000000000004,SFFR,17.569999999999997,0.0,0.42000000000000004,SFFR,17.57,0.0,0.42000000000000004,Multi-Market,Idle,0.0,6.840000000000003,89.16,96.0,EPEX,SSP
2026-07-03 06:00:00,0.0,0.42000000000000004,SFFR,17.569999999999997,0.0,0.42000000000000004,SFFR,17.57,0.0,0.42000000000000004,Multi-Market,Idle,0.0,12.239999999999995,87.81,100.05,SSP,DA_HH
2026-07-03 06:30:00,0.0,0.42000000000000004,SFFR,17.569999999999997,0.0,0.42000000000000004,SFFR,17.57,-0.0,0.42000000000000004,Multi-Market,Idle,-0.0,27.5,93.5,121.0,EPEX,SSP
2026-07-03 07:00:00,0.0,0.42000000000000004,SFFR,17.569999999999997,0.0,0.42000000000000004,SFFR,17.57,0.0,0.42000000000000004,Multi-Market,Idle,0.0,22.189999999999998,98.31,120.5,EPEX,SSP
2026-07-03 07:30:00,0.0,0.42000000000000004,SFFR,17.569999999999997,0.0,0.42000000000000004,SFFR,17.57,-0.0,0.42000000000000004,Multi-Market,Idle,-0.0,22.189999999999998,98.31,120.5,EPEX,SSP
2026-07-03 08:00:00,0.0,0.42000000000000004,SFFR,17.569999999999997,0.0,0.42000000000000004,SFFR,17.57,0.0,0.4199999999999995,Multi-Market,Idle,0.0,30.180000000000007,85.33,115.51,SSP,DA_HH
2026-07-03 08:30:00,0.0,0.42000000000000004,SFFR,17.569999999999997,0.0,0.42000000000000004,SFFR,17.57,-2.1,2.3787496011486504,Multi-Market,Buy-SSP,-117.915,52.85,56.15,109.0,SSP,ISEM
2026-07-03 09:00:00,0.0,0.42000000000000004,SFFR,17.569999999999997,0.0,0.42000000000000004,SFFR,17.57,0.0,2.3787496011486504,Multi-Market,Idle,0.0,24.760000000000005,77.89,102.65,SSP,DA_HH
2026-07-03 09:30:00,0.0,0.42000000000000004,SFFR,17.569999999999997,0.0,0.42000000000000004,SFFR,17.57,0.0,2.3787496011486504,Multi-Market,Idle,0.0,14.679999999999993,91.87,106.55,EPEX,SSP
2026-07-03 10:00:00,0.0,0.42000000000000004,SFFR,17.569999999999997,0.0,0.42000000000000004,SFFR,17.57,0.0,2.3787496011486504,Multi-Market,Idle,0.0,35.209999999999994,79.59,114.8,EPEX,SSP
2026-07-03 10:30:00,0.0,0.42000000000000004,SFFR,17.569999999999997,0.0,0.42000000000000004,SFFR,17.57,0.0,2.3787496011486504,Multi-Market,Idle,0.0,40.41,79.59,120.0,EPEX,SSP
2026-07-03 11:00:00,0.0,0.42000000000000004,SFFR,17.569999999999997,0.0,0.42000000000000004,SFFR,17.57,1.8269999999999997,0.42000000000000004,Multi-Market,Sell-SSP,219.23999999999998,49.0,71.0,120.0,EPEX,SSP
2026-07-03 11:30:00,0.0,0.42000000000000004,SFFR,17.569999999999997,0.0,0.42000000000000004,SFFR,17.57,0.0,0.42000000000000004,Multi-Market,Idle,0.0,47.0,70.0,117.0,DA_HH,SSP
2026-07-03 12:00:00,0.0,0.42000000000000004,SFFR,17.569999999999997,0.0,0.42000000000000004,SFFR,17.57,-2.1,2.378749601148652,Multi-Market,Buy-EPEX,-133.161,11.39,63.41,74.8,EPEX,ISEM
2026-07-03 12:30:00,0.0,0.42000000000000004,SFFR,17.569999999999997,0.0,0.42000000000000004,SFFR,17.57,1.5540000000000007,0.42000000000000004,Multi-Market,Buy-EPEX,294.3570000000001,53.59,63.41,117.0,EPEX,SSP
2026-07-03 13:00:00,0.0,0.42000000000000004,SFFR,17.569999999999997,0.0,0.42000000000000004,SFFR,17.57,-2.1,2.3787496011486517,Multi-Market,Buy-EPEX,-125.118,11.420000000000002,59.58,71.0,EPEX,ISEM
2026-07-03 13:30:00,0.0,0.42000000000000004,SFFR,17.569999999999997,0.0,0.42000000000000004,SFFR,17.57,-2.1,4.337499202297303,Multi-Market,Buy-SSP,-91.959,30.220000000000006,43.79,74.01,SSP,ISEM
2026-07-03 14:00:00,0.0,0.42000000000000004,SFFR,17.569999999999997,0.0,0.42000000000000004,SFFR,17.57,-2.1,6.296248803445954,Multi-Market,Buy-SSP,24.129,85.49,-11.49,74.0,SSP,DA_HH
2026-07-03 14:30:00,0.0,0.42000000000000004,SFFR,17.569999999999997,0.0,0.42000000000000004,SFFR,17.57,-1.8051707633737284,7.9799999999999995,Multi-Market,Buy-EPEX,-107.84090140394653,12.259999999999998,59.74,72.0,EPEX,ISEM
2026-07-03 15:00:00,0.0,0.42000000000000004,SFFR,17.569999999999997,0.0,0.42000000000000004,SFFR,17.57,0.0,7.9799999999999995,Multi-Market,Idle,0.0,45.0,68.6,113.6,EPEX,SSP
2026-07-03 15:30:00,0.0,0.42000000000000004,SFFR,17.569999999999997,0.0,0.42000000000000004,SFFR,17.57,0.0,7.9799999999999995,Multi-Market,Idle,0.0,47.870000000000005,68.6,116.47,EPEX,SSP
2026-07-03 16:00:00,0.0,0.42000000000000004,SFFR,17.569999999999997,0.0,0.42000000000000004,SFFR,17.57,0.0,7.9799999999999995,Multi-Market,Idle,0.0,21.400000000000006,80.99,102.39,DA_HH,SSP
2026-07-03 16:30:00,0.0,0.42000000000000004,SFFR,17.569999999999997,0.0,0.42000000000000004,SFFR,17.57,-0.0,7.9799999999999995,Multi-Market,Idle,-0.0,34.94,82.06,117.0,EPEX,SSP
2026-07-03 17:00:00,0.0,0.42000000000000004,SFFR,17.569999999999997,0.0,0.42000000000000004,SFFR,17.57,0.0,7.9799999999999995,Multi-Market,Idle,0.0,11.280000000000001,95.97,107.25,EPEX,SSP
2026-07-03 17:30:00,0.0,0.42000000000000004,SFFR,17.569999999999997,0.0,0.42000000000000004,SFFR,17.57,0.0,7.9799999999999995,Multi-Market,Idle,0.0,21.03,95.97,117.0,EPEX,SSP
2026-07-03 18:00:00,0.0,0.42000000000000004,SFFR,17.569999999999997,0.0,0.42000000000000004,SFFR,17.57,0.0,7.9799999999999995,Multi-Market,Idle,0.0,32.97,80.11,113.08,SSP,EPEX
2026-07-03 18:30:00,0.0,0.42000000000000004,SFFR,17.569999999999997,0.0,0.42000000000000004,SFFR,17.57,0.0,7.9799999999999995,Multi-Market,Idle,0.0,43.08,70.0,113.08,SSP,EPEX
2026-07-03 19:00:00,0.0,0.42000000000000004,SFFR,17.569999999999997,0.0,0.42000000000000004,SFFR,17.57,0.0,7.9799999999999995,Multi-Market,Idle,0.0,48.379999999999995,70.0,118.38,SSP,EPEX
2026-07-03 19:30:00,0.0,0.42000000000000004,SFFR,17.569999999999997,0.0,0.42000000000000004,SFFR,17.57,3.75,3.959577994358269,Multi-Market,Sell-SSP,596.25,41.2,117.8,159.0,ISEM,SSP
2026-07-03 20:00:00,0.0,0.42000000000000004,SFFR,17.569999999999997,0.0,0.42000000000000004,SFFR,17.57,3.3014985641351435,0.42000000000000004,Multi-Market,Sell-SSP,509.1240935752805,34.81,119.4,154.21,ISEM,SSP
2026-07-03 20:30:00,0.0,0.42000000000000004,SFFR,17.569999999999997,0.0,0.42000000000000004,SFFR,17.57,-0.0,0.42000000000000004,Multi-Market,Idle,-0.0,31.099999999999994,118.9,150.0,ISEM,SSP
2026-07-03 21:00:00,0.0,0.42000000000000004,SFFR,17.569999999999997,0.0,0.42000000000000004,SFFR,17.57,-0.0,0.42000000000000004,Multi-Market,Idle,-0.0,28.099999999999994,118.9,147.0,ISEM,SSP
2026-07-03 21:30:00,0.0,0.42000000000000004,SFFR,17.569999999999997,0.0,0.42000000000000004,SFFR,17.57,-0.0,0.42000000000000004,Multi-Market,Idle,-0.0,16.459999999999994,117.54,134.0,ISEM,SSP
2026-07-03 22:00:00,0.0,0.42000000000000004,SFFR,17.569999999999997,0.0,0.42000000000000004,SFFR,17.57,0.0,0.42000000000000004,Multi-Market,Idle,0.0,9.939999999999998,111.51,121.45,EPEX,SSP
2026-07-03 22:30:00,0.0,0.42000000000000004,SFFR,17.569999999999997,0.0,0.42000000000000004,SFFR,17.57,-0.07758785731592761,0.49236913551026273,Multi-Market,Buy-SSP,-5.741501441378643,37.510000000000005,74.0,111.51,SSP,EPEX
2026-07-03 23:00:00,0.0,0.42000000000000004,SFFR,17.569999999999997,0.0,0.42000000000000004,SFFR,17.57,0.06750143586485702,0.42000000000000004,Multi-Market,Sell-SSP,8.640183790701698,23.28,104.72,128.0,ISEM,SSP
2026-07-03 23:30:00,0.0,0.42000000000000004,SFFR,17.569999999999997,0.0,0.42000000000000004,SFFR,17.57,-0.0,0.42000000000000004,Multi-Market,Idle,-0.0,19.450000000000003,105.0,124.45,ISEM,SSP
2026-07-04 00:00:00,0.0,0.42000000000000004,SFFR,17.569999999999997,0.0,0.42000000000000004,SFFR,17.57,0.0,0.42000000000000004,Multi-Market,Idle,0.0,30.909999999999997,104.1,135.01,ISEM,SSP
2026-07-04 00:30:00,0.0,0.42000000000000004,SFFR,17.569999999999997,0.0,0.42000000000000004,SFFR,17.57,0.0,0.42000000000000004,Multi-Market,Idle,0.0,39.84,104.16,144.0,EPEX,SSP
2026-07-04 01:00:00,0.0,0.42000000000000004,SFFR,17.569999999999997,0.0,0.42000000000000004,SFFR,17.57,-0.0,0.42000000000000004,Multi-Market,Idle,-0.0,44.400000000000006,99.6,144.0,EPEX,SSP
2026-07-04 01:30:00,0.0,0.42000000000000004,SFFR,17.569999999999997,0.0,0.42000000000000004,SFFR,17.57,0.0,0.42000000000000004,Multi-Market,Idle,0.0,19.560000000000002,99.39,118.95,ISEM,SSP
2026-07-04 02:00:00,0.0,0.42000000000000004,SFFR,17.569999999999997,0.0,0.42000000000000004,SFFR,17.57,0.0,0.42000000000000004,Multi-Market,Idle,0.0,18.430000000000007,75.57,94.0,SSP,DA_HH
2026-07-04 02:30:00,0.0,0.42000000000000004,SFFR,17.569999999999997,0.0,0.42000000000000004,SFFR,17.57,0.0,0.42000000000000004,Multi-Market,Idle,0.0,16.659999999999997,82.65,99.31,ISEM,SSP
2026-07-04 03:00:00,0.0,0.42000000000000004,SFFR,17.569999999999997,0.0,0.42000000000000004,SFFR,17.57,0.0,0.42000000000000004,Multi-Market,Idle,0.0,13.97999999999999,78.4,92.38,DA_HH,SSP
2026-07-04 03:30:00,0.0,0.42000000000000004,SFFR,17.569999999999997,0.0,0.42000000000000004,SFFR,17.57,0.0,0.42000000000000004,Multi-Market,Idle,0.0,14.739999999999995,67.4,82.14,DA_HH,SSP
2026-07-04 04:00:00,0.0,0.42000000000000004,SFFR,17.569999999999997,0.0,0.42000000000000004,SFFR,17.57,0.0,0.42000000000000004,Multi-Market,Idle,0.0,14.050000000000004,63.65,77.7,DA_HH,SSP
2026-07-04 04:30:00,0.0,0.42000000000000004,SFFR,17.569999999999997,0.0,0.42000000000000004,SFFR,17.57,0.0,0.42000000000000004,Multi-Market,Idle,0.0,18.820000000000007,54.8,73.62,DA_HH,EPEX
2026-07-04 05:00:00,0.0,0.42000000000000004,SFFR,17.569999999999997,0.0,0.42000000000000004,SFFR,17.57,0.0,0.42000000000000004,Multi-Market,Idle,0.0,31.689999999999998,34.95,66.64,SSP,EPEX
2026-07-04 05:30:00,0.0,0.42000000000000004,SFFR,17.569999999999997,0.0,0.42000000000000004,SFFR,17.57,0.0,0.42000000000000004,Multi-Market,Idle,0.0,36.980000000000004,29.66,66.64,SSP,EPEX
2026-07-04 06:00:00,0.0,0.42000000000000004,SFFR,17.569999999999997,0.0,0.42000000000000004,SFFR,17.57,-0.07758785731592857,0.4923691355102636,Multi-Market,Buy-SSP,0.5198386440167214,66.08,-6.7,59.38,SSP,EPEX
2026-07-04 06:30:00,0.0,0.42000000000000004,SFFR,17.569999999999997,0.0,0.42000000000000004,SFFR,17.57,0.0,0.4923691355102636,Multi-Market,Idle,0.0,29.699999999999996,50.76,80.46,ISEM,SSP
2026-07-04 07:00:00,0.0,0.42000000000000004,SFFR,17.569999999999997,0.0,0.42000000000000004,SFFR,17.57,0.0,0.4923691355102636,Multi-Market,Idle,0.0,30.590000000000003,11.47,42.06,DA_HH,EPEX
2026-07-04 07:30:00,0.0,0.42000000000000004,SFFR,17.569999999999997,0.0,0.42000000000000004,SFFR,17.57,0.0,0.4923691355102636,Multi-Market,Idle,0.0,27.730000000000004,14.33,42.06,ISEM,EPEX
2026-07-04 08:00:00,0.0,0.42000000000000004,SFFR,17.569999999999997,0.0,0.42000000000000004,SFFR,17.57,0.0,0.4923691355102636,Multi-Market,Idle,0.0,20.53,-6.53,14.0,SSP,EPEX
2026-07-04 08:30:00,0.0,0.42000000000000004,SFFR,17.569999999999997,0.0,0.42000000000000004,SFFR,17.57,0.0,0.4923691355102636,Multi-Market,Idle,0.0,20.53,-6.53,14.0,SSP,EPEX
2026-07-04 09:00:00,0.0,0.42000000000000004,SFFR,17.569999999999997,0.0,0.42000000000000004,SFFR,17.57,-2.1,2.451118736658915,Multi-Market,Buy-SSP,21.651000000000003,17.810000000000002,-10.31,7.5,SSP,ISEM
2026-07-04 09:30:00,0.0,0.42000000000000004,SFFR,17.569999999999997,0.0,0.42000000000000004,SFFR,17.57,-2.1,4.409868337807566,Multi-Market,Buy-SSP,26.019000000000002,17.04,-12.39,4.65,SSP,EPEX
2026-07-04 10:00:00,0.0,0.42000000000000004,SFFR,17.569999999999997,0.0,0.42000000000000004,SFFR,17.57,-2.1,6.368617938956217,Multi-Market,Buy-SSP,24.087000000000003,15.49,-11.47,4.02,SSP,DA_HH
2026-07-04 10:30:00,0.0,0.42000000000000004,SFFR,17.569999999999997,0.0,0.42000000000000004,SFFR,17.57,0.0,6.368617938956217,Multi-Market,Idle,0.0,4.96,-3.96,1.0,SSP,EPEX
2026-07-04 11:00:00,0.0,0.42000000000000004,SFFR,17.569999999999997,0.0,0.42000000000000004,SFFR,17.57,3.75,2.3481959333144866,Multi-Market,Sell-SSP,453.75,123.52,-2.52,121.0,EPEX,SSP
2026-07-04 11:30:00,0.0,0.42000000000000004,SFFR,17.569999999999997,0.0,0.42000000000000004,SFFR,17.57,1.798501435864858,0.42000000000000004,Multi-Market,Sell-SSP,217.61867373964782,123.52,-2.52,121.0,EPEX,SSP
2026-07-04 12:00:00,0.0,0.42000000000000004,SFFR,17.569999999999997,0.0,0.42000000000000004,SFFR,17.57,0.0,0.42000000000000004,Multi-Market,Idle,0.0,15.18,-6.22,8.96,EPEX,SSP
2026-07-04 12:30:00,0.0,0.42000000000000004,SFFR,17.569999999999997,0.0,0.42000000000000004,SFFR,17.57,-2.1,2.3787496011486513,Multi-Market,Buy-SSP,43.806,16.91,-20.86,-3.95,SSP,DA_HH
2026-07-04 13:00:00,0.0,0.42000000000000004,SFFR,17.569999999999997,0.0,0.42000000000000004,SFFR,17.57,-2.1,4.337499202297303,Multi-Market,Buy-SSP,38.556,15.36,-18.36,-3.0,SSP,DA_HH
2026-07-04 13:30:00,0.0,0.42000000000000004,SFFR,17.569999999999997,0.0,0.42000000000000004,SFFR,17.57,-2.1,6.296248803445954,Multi-Market,Buy-SSP,35.511,11.57,-16.91,-5.34,SSP,ISEM
2026-07-04 14:00:00,0.0,0.42000000000000004,SFFR,17.569999999999997,0.0,0.42000000000000004,SFFR,17.57,0.0,6.296248803445954,Multi-Market,Idle,0.0,13.75,-14.2,-0.45,SSP,ISEM
2026-07-04 14:30:00,0.0,0.42000000000000004,SFFR,17.569999999999997,0.0,0.42000000000000004,SFFR,17.57,-1.8051707633737284,7.9799999999999995,Multi-Market,Buy-SSP,25.63342483990694,14.649999999999999,-14.2,0.45,SSP,ISEM
2026-07-04 15:00:00,0.0,0.42000000000000004,SFFR,17.569999999999997,0.0,0.42000000000000004,SFFR,17.57,0.0,7.9799999999999995,Multi-Market,Idle,0.0,57.760000000000005,-2.77,54.99,EPEX,SSP
2026-07-04 15:30:00,0.0,0.42000000000000004,SFFR,17.569999999999997,0.0,0.42000000000000004,SFFR,17.57,0.0,7.9799999999999995,Multi-Market,Idle,0.0,90.47,-2.77,87.7,EPEX,SSP
2026-07-04 16:00:00,0.0,0.42000000000000004,SFFR,17.569999999999997,-2.1,2.3787496011486513,EPEX,-8.4,0.0,7.9799999999999995,Multi-Market,Idle,0.0,119.65,2.35,122.0,DA_HH,SSP
2026-07-04 16:30:00,0.0,0.42000000000000004,SFFR,17.569999999999997,-2.1,4.337499202297303,EPEX,-8.4,0.0,7.9799999999999995,Multi-Market,Idle,0.0,101.0,4.0,105.0,EPEX,SSP
2026-07-04 17:00:00,0.0,0.42000000000000004,SFFR,17.569999999999997,3.6540000000000004,0.42000000000000004,EPEX,152.55450000000002,0.0,7.9799999999999995,Multi-Market,Idle,0.0,15.010000000000002,26.74,41.75,SSP,EPEX
2026-07-04 17:30:00,0.0,0.42000000000000004,SFFR,17.569999999999997,-0.0,0.42000000000000004,EPEX,-0.0,0.0,7.9799999999999995,Multi-Market,Idle,0.0,30.25,41.75,72.0,EPEX,ISEM
2026-07-04 18:00:00,0.0,0.42000000000000004,SFFR,17.569999999999997,0.0,0.42000000000000004,SFFR,17.57,0.0,7.9799999999999995,Multi-Market,Idle,0.0,43.35000000000001,76.55,119.9,EPEX,SSP
2026-07-04 18:30:00,0.0,0.42000000000000004,SFFR,17.569999999999997,0.0,0.42000000000000004,SFFR,17.57,0.0,7.9799999999999995,Multi-Market,Idle,0.0,48.44,76.55,124.99,EPEX,SSP
2026-07-04 19:00:00,0.0,0.42000000000000004,SFFR,17.569999999999997,0.0,0.42000000000000004,SFFR,17.57,0.0,7.9799999999999995,Multi-Market,Idle,0.0,10.14,99.8,109.94,EPEX,ISEM
2026-07-04 19:30:00,0.0,0.42000000000000004,SFFR,17.569999999999997,0.0,0.42000000000000004,SFFR,17.57,0.0,7.9799999999999995,Multi-Market,Idle,0.0,21.430000000000007,99.8,121.23,EPEX,SSP
2026-07-04 20:00:00,0.0,0.42000000000000004,SFFR,17.569999999999997,0.0,0.42000000000000004,SFFR,17.57,0.0,7.9799999999999995,Multi-Market,Idle,0.0,45.21000000000001,66.85,112.06,SSP,ISEM
2026-07-04 20:30:00,0.0,0.42000000000000004,SFFR,17.569999999999997,0.0,0.42000000000000004,SFFR,17.57,0.0,7.9799999999999995,Multi-Market,Idle,0.0,32.21000000000001,79.8,112.01,SSP,ISEM
2026-07-04 21:00:00,0.0,0.42000000000000004,SFFR,17.569999999999997,0.0,0.42000000000000004,SFFR,17.57,3.3014985641351444,4.44042200564173,Multi-Market,Sell-SSP,458.90830041478506,29.790000000000006,109.21,139.0,EPEX,SSP
2026-07-04 21:30:00,0.0,0.42000000000000004,SFFR,17.569999999999997,0.0,0.42000000000000004,SFFR,17.57,0.0,4.44042200564173,Multi-Market,Idle,0.0,29.190000000000012,109.21,138.4,EPEX,SSP
2026-07-04 22:00:00,0.0,0.42000000000000004,SFFR,17.569999999999997,0.0,0.42000000000000004,SFFR,17.57,0.0,4.4404220056417305,Multi-Market,Idle,0.0,34.400000000000006,104.6,139.0,EPEX,SSP
2026-07-04 22:30:00,0.0,0.42000000000000004,SFFR,17.569999999999997,0.0,0.42000000000000004,SFFR,17.57,3.75,0.42000000000000004,Multi-Market,Sell-SSP,521.25,34.400000000000006,104.6,139.0,EPEX,SSP
2026-07-04 23:00:00,0.0,0.42000000000000004,SFFR,17.569999999999997,0.0,0.42000000000000004,SFFR,17.57,0.0,0.42000000000000004,Multi-Market,Idle,0.0,36.69,81.63,118.32,EPEX,DA_HH
2026-07-04 23:30:00,0.0,0.42000000000000004,SFFR,17.569999999999997,0.0,0.42000000000000004,SFFR,17.57,0.0,0.42000000000000004,Multi-Market,Idle,0.0,32.370000000000005,81.63,114.0,EPEX,DA_HH
2026-07-05 00:00:00,0.0,0.42000000000000004,SFFR,17.569999999999997,0.0,0.42000000000000004,SFFR,17.57,0.0,0.42000000000000004,Multi-Market,Idle,0.0,18.230000000000004,78.64,96.87,EPEX,ISEM
2026-07-05 00:30:00,0.0,0.42000000000000004,SFFR,17.569999999999997,0.0,0.42000000000000004,SFFR,17.57,0.0,0.42000000000000004,Multi-Market,Idle,0.0,20.159999999999997,78.64,98.8,EPEX,ISEM
2026-07-05 01:00:00,0.0,0.42000000000000004,SFFR,17.569999999999997,0.0,0.42000000000000004,SFFR,17.57,0.0,0.42000000000000004,Multi-Market,Idle,0.0,23.730000000000004,72.22,95.95,EPEX,ISEM
2026-07-05 01:30:00,0.0,0.42000000000000004,SFFR,17.569999999999997,0.0,0.42000000000000004,SFFR,17.57,0.0,0.42000000000000004,Multi-Market,Idle,0.0,24.730000000000004,72.22,96.95,EPEX,ISEM
2026-07-05 02:00:00,0.0,0.42000000000000004,SFFR,17.569999999999997,0.0,0.42000000000000004,SFFR,17.57,0.0,0.42000000000000004,Multi-Market,Idle,0.0,59.85000000000001,67.1,126.95,EPEX,SSP
2026-07-05 02:30:00,0.0,0.42000000000000004,SFFR,17.569999999999997,0.0,0.42000000000000004,SFFR,17.57,0.0,0.42000000000000004,Multi-Market,Idle,0.0,26.10000000000001,67.1,93.2,EPEX,ISEM
2026-07-05 03:00:00,0.0,0.42000000000000004,SFFR,17.569999999999997,0.0,0.42000000000000004,SFFR,17.57,0.0,0.42000000000000004,Multi-Market,Idle,0.0,31.890000000000008,55.9,87.79,SSP,ISEM
2026-07-05 03:30:00,0.0,0.42000000000000004,SFFR,17.569999999999997,0.0,0.42000000000000004,SFFR,17.57,0.0,0.42000000000000004,Multi-Market,Idle,0.0,30.309999999999995,56.6,86.91,SSP,ISEM
2026-07-05 04:00:00,0.0,0.42000000000000004,SFFR,17.569999999999997,0.0,0.42000000000000004,SFFR,17.57,0.0,0.42000000000000004,Multi-Market,Idle,0.0,29.45000000000001,55.73,85.18,SSP,ISEM
2026-07-05 04:30:00,0.0,0.42000000000000004,SFFR,17.569999999999997,0.0,0.42000000000000004,SFFR,17.57,0.0,0.42000000000000004,Multi-Market,Idle,0.0,23.43,63.52,86.95,EPEX,ISEM
2026-07-05 05:00:00,0.0,0.42000000000000004,SFFR,17.569999999999997,0.0,0.42000000000000004,SFFR,17.57,-1.8051707633737286,2.1037511965540463,Multi-Market,Buy-EPEX,-96.01703290384862,29.99000000000001,53.19,83.18,EPEX,ISEM
2026-07-05 05:30:00,0.0,0.42000000000000004,SFFR,17.569999999999997,0.0,0.42000000000000004,SFFR,17.57,-2.1,4.062500797702698,Multi-Market,Buy-EPEX,-111.699,27.97,53.19,81.16,EPEX,ISEM
2026-07-05 06:00:00,0.0,0.42000000000000004,SFFR,17.569999999999997,0.0,0.42000000000000004,SFFR,17.57,-2.1,6.021250398851349,Multi-Market,Buy-EPEX,-102.9,21.0,49.0,70.0,EPEX,DA_HH
2026-07-05 06:30:00,0.0,0.42000000000000004,SFFR,17.569999999999997,0.0,0.42000000000000004,SFFR,17.57,-2.1,7.9799999999999995,Multi-Market,Buy-EPEX,-102.9,20.0,49.0,69.0,EPEX,ISEM
2026-07-05 07:00:00,0.0,0.42000000000000004,SFFR,17.569999999999997,0.0,0.42000000000000004,SFFR,17.57,0.0,7.9799999999999995,Multi-Market,Idle,0.0,51.89999999999999,56.09,107.99,EPEX,SSP
2026-07-05 07:30:00,0.0,0.42000000000000004,SFFR,17.569999999999997,0.0,0.42000000000000004,SFFR,17.57,0.0,7.9799999999999995,Multi-Market,Idle,0.0,54.959999999999994,56.09,111.05,EPEX,SSP
2026-07-05 08:00:00,0.0,0.42000000000000004,SFFR,17.569999999999997,0.0,0.42000000000000004,SFFR,17.57,0.0,7.9799999999999995,Multi-Market,Idle,0.0,40.75,59.5,100.25,EPEX,SSP
2026-07-05 08:30:00,0.0,0.42000000000000004,SFFR,17.569999999999997,0.0,0.42000000000000004,SFFR,17.57,0.0,7.9799999999999995,Multi-Market,Idle,0.0,69.5,59.5,129.0,EPEX,SSP
2026-07-05 09:00:00,0.0,0.42000000000000004,SFFR,17.569999999999997,0.0,0.42000000000000004,SFFR,17.57,0.0,7.9799999999999995,Multi-Market,Idle,0.0,63.5,65.4,128.9,EPEX,SSP
2026-07-05 09:30:00,0.0,0.42000000000000004,SFFR,17.569999999999997,0.0,0.42000000000000004,SFFR,17.57,0.0,7.9799999999999995,Multi-Market,Idle,0.0,46.11,65.4,111.51,EPEX,SSP
2026-07-05 10:00:00,0.0,0.42000000000000004,SFFR,17.569999999999997,0.0,0.42000000000000004,SFFR,17.57,0.0,7.979999999999999,Multi-Market,Idle,0.0,61.91000000000001,68.61,130.52,EPEX,SSP
2026-07-05 10:30:00,0.0,0.42000000000000004,SFFR,17.569999999999997,0.0,0.42000000000000004,SFFR,17.57,3.721501435864857,3.9901316621924345,Multi-Market,Sell-SSP,502.4026938417557,66.39,68.61,135.0,EPEX,SSP
2026-07-05 11:00:00,0.0,0.42000000000000004,SFFR,17.569999999999997,0.0,0.42000000000000004,SFFR,17.57,0.0,3.9901316621924345,Multi-Market,Idle,0.0,60.2,68.8,129.0,EPEX,SSP
2026-07-05 11:30:00,0.0,0.42000000000000004,SFFR,17.569999999999997,0.0,0.42000000000000004,SFFR,17.57,0.0,3.9901316621924345,Multi-Market,Idle,0.0,60.2,68.8,129.0,EPEX,SSP
2026-07-05 12:00:00,0.0,0.42000000000000004,SFFR,17.569999999999997,0.0,0.42000000000000004,SFFR,17.57,0.0,3.9901316621924345,Multi-Market,Idle,0.0,63.2,65.8,129.0,EPEX,SSP
2026-07-05 12:30:00,0.0,0.42000000000000004,SFFR,17.569999999999997,0.0,0.42000000000000004,SFFR,17.57,0.0,3.9901316621924345,Multi-Market,Idle,0.0,9.0,65.8,74.8,EPEX,SSP
2026-07-05 13:00:00,0.0,0.42000000000000004,SFFR,17.569999999999997,0.0,0.42000000000000004,SFFR,17.57,0.0,3.9901316621924345,Multi-Market,Idle,0.0,13.419999999999995,61.6,75.02,EPEX,SSP
2026-07-05 13:30:00,0.0,0.42000000000000004,SFFR,17.569999999999997,0.0,0.42000000000000004,SFFR,17.57,0.0,3.9901316621924345,Multi-Market,Idle,0.0,18.54,58.9,77.44,DA_HH,SSP
2026-07-05 14:00:00,0.0,0.42000000000000004,SFFR,17.569999999999997,0.0,0.42000000000000004,SFFR,17.57,-2.1,5.948881263341086,Multi-Market,Buy-EPEX,-108.42300000000002,25.809999999999995,51.63,77.44,EPEX,SSP
2026-07-05 14:30:00,0.0,0.42000000000000004,SFFR,17.569999999999997,0.0,0.42000000000000004,SFFR,17.57,-2.1,7.907630864489737,Multi-Market,Buy-EPEX,-108.42300000000002,14.119999999999997,51.63,65.75,EPEX,SSP
2026-07-05 15:00:00,0.0,0.42000000000000004,SFFR,17.569999999999997,0.0,0.42000000000000004,SFFR,17.57,-0.07758785731592761,7.9799999999999995,Multi-Market,Buy-EPEX,-4.341040616826151,72.05,55.95,128.0,EPEX,SSP
2026-07-05 15:30:00,0.0,0.42000000000000004,SFFR,17.569999999999997,0.0,0.42000000000000004,SFFR,17.57,0.0,7.9799999999999995,Multi-Market,Idle,0.0,73.05,55.95,129.0,EPEX,SSP
2026-07-05 16:00:00,0.0,0.42000000000000004,SFFR,17.569999999999997,0.0,0.42000000000000004,SFFR,17.57,0.0,7.9799999999999995,Multi-Market,Idle,0.0,61.599999999999994,67.4,129.0,DA_HH,SSP
2026-07-05 16:30:00,0.0,0.42000000000000004,SFFR,17.569999999999997,0.0,0.42000000000000004,SFFR,17.57,-0.0,7.9799999999999995,Multi-Market,Idle,-0.0,73.0,69.0,142.0,EPEX,SSP
2026-07-05 17:00:00,0.0,0.42000000000000004,SFFR,17.569999999999997,0.0,0.42000000000000004,SFFR,17.57,0.0,7.9799999999999995,Multi-Market,Idle,0.0,48.0,92.0,140.0,EPEX,SSP
2026-07-05 17:30:00,0.0,0.42000000000000004,SFFR,17.569999999999997,0.0,0.42000000000000004,SFFR,17.57,0.0,7.9799999999999995,Multi-Market,Idle,0.0,14.310000000000002,85.69,100.0,SSP,DA_HH
2026-07-05 18:00:00,0.0,0.42000000000000004,SFFR,17.569999999999997,0.0,0.42000000000000004,SFFR,17.57,0.0,7.9799999999999995,Multi-Market,Idle,0.0,26.039999999999992,112.0,138.04,EPEX,SSP
2026-07-05 18:30:00,0.0,0.42000000000000004,SFFR,17.569999999999997,0.0,0.42000000000000004,SFFR,17.57,0.0,7.9799999999999995,Multi-Market,Idle,0.0,26.72,87.58,114.3,SSP,ISEM
2026-07-05 19:00:00,0.0,0.42000000000000004,SFFR,17.569999999999997,0.0,0.42000000000000004,SFFR,17.57,0.0,7.9799999999999995,Multi-Market,Idle,0.0,37.27000000000001,86.13,123.4,SSP,ISEM
2026-07-05 19:30:00,0.0,0.42000000000000004,SFFR,17.569999999999997,0.0,0.42000000000000004,SFFR,17.57,0.0,7.9799999999999995,Multi-Market,Idle,0.0,25.180000000000007,108.0,133.18,EPEX,SSP
2026-07-05 20:00:00,0.0,0.42000000000000004,SFFR,17.569999999999997,0.0,0.42000000000000004,SFFR,17.57,0.0,7.9799999999999995,Multi-Market,Idle,0.0,22.860000000000014,113.1,135.96,EPEX,SSP
2026-07-05 20:30:00,0.0,0.42000000000000004,SFFR,17.569999999999997,0.0,0.42000000000000004,SFFR,17.57,0.0,7.9799999999999995,Multi-Market,Idle,0.0,23.200000000000017,113.1,136.3,EPEX,SSP
2026-07-05 21:00:00,0.0,0.42000000000000004,SFFR,17.569999999999997,0.0,0.42000000000000004,SFFR,17.57,3.75,3.959577994358269,Multi-Market,Sell-SSP,545.8125,31.150000000000006,114.4,145.55,EPEX,SSP
2026-07-05 21:30:00,0.0,0.42000000000000004,SFFR,17.569999999999997,0.0,0.42000000000000004,SFFR,17.57,0.0,3.959577994358269,Multi-Market,Idle,0.0,23.0,114.4,137.4,EPEX,SSP
2026-07-05 22:00:00,0.0,0.42000000000000004,SFFR,17.569999999999997,0.0,0.42000000000000004,SFFR,17.57,3.3014985641351435,0.42000000000000004,Multi-Market,Sell-SSP,478.3871419431823,40.400000000000006,104.5,144.9,EPEX,SSP
2026-07-05 22:30:00,0.0,0.42000000000000004,SFFR,17.569999999999997,0.0,0.42000000000000004,SFFR,17.57,-2.1,2.3787496011486513,Multi-Market,Buy-SSP,-21.0,100.0,10.0,110.0,SSP,DA_HH
2026-07-05 23:00:00,0.0,0.42000000000000004,SFFR,17.569999999999997,0.0,0.42000000000000004,SFFR,17.57,1.8270000000000002,0.42000000000000004,Multi-Market,Sell-ISEM,215.51292,61.879999999999995,56.08,117.96,SSP,ISEM
2026-07-05 23:30:00,0.0,0.42000000000000004,SFFR,17.569999999999997,0.0,0.42000000000000004,SFFR,17.57,-0.0,0.42000000000000004,Multi-Market,Idle,-0.0,21.760000000000005,89.55,111.31,SSP,DA_HH
2026-07-06 00:00:00,0.0,0.42000000000000004,SFFR,17.569999999999997,0.0,0.42000000000000004,SFFR,17.57,0.0,0.42000000000000004,Multi-Market,Idle,0.0,21.430000000000007,92.46,113.89,SSP,DA_HH
2026-07-06 00:30:00,0.0,0.42000000000000004,SFFR,17.569999999999997,0.0,0.42000000000000004,SFFR,17.57,-0.0,0.42000000000000004,Multi-Market,Idle,-0.0,27.75,103.25,131.0,EPEX,SSP
2026-07-06 01:00:00,0.0,0.42000000000000004,SFFR,17.569999999999997,0.0,0.42000000000000004,SFFR,17.57,0.0,0.42000000000000004,Multi-Market,Idle,0.0,33.59,92.41,126.0,ISEM,SSP
2026-07-06 01:30:00,0.0,0.42000000000000004,SFFR,17.569999999999997,0.0,0.42000000000000004,SFFR,17.57,0.0,0.42000000000000004,Multi-Market,Idle,0.0,33.89999999999999,92.48,126.38,ISEM,SSP
2026-07-06 02:00:00,0.0,0.42000000000000004,SFFR,17.569999999999997,0.0,0.42000000000000004,SFFR,17.57,0.0,0.42000000000000004,Multi-Market,Idle,0.0,30.959999999999994,90.26,121.22,EPEX,SSP
2026-07-06 02:30:00,0.0,0.42000000000000004,SFFR,17.569999999999997,0.0,0.42000000000000004,SFFR,17.57,0.0,0.42000000000000004,Multi-Market,Idle,0.0,35.739999999999995,90.26,126.0,EPEX,SSP
2026-07-06 03:00:00,0.0,0.42000000000000004,SFFR,17.569999999999997,0.0,0.42000000000000004,SFFR,17.57,0.0,0.42000000000000004,Multi-Market,Idle,0.0,39.86,85.26,125.12,EPEX,SSP
2026-07-06 03:30:00,0.0,0.42000000000000004,SFFR,17.569999999999997,0.0,0.42000000000000004,SFFR,17.57,0.0,0.42000000000000004,Multi-Market,Idle,0.0,40.239999999999995,85.26,125.5,EPEX,SSP
2026-07-06 04:00:00,0.0,0.42000000000000004,SFFR,17.569999999999997,0.0,0.42000000000000004,SFFR,17.57,0.0,0.42000000000000004,Multi-Market,Idle,0.0,44.06999999999999,85.93,130.0,EPEX,SSP
2026-07-06 04:30:00,0.0,0.42000000000000004,SFFR,17.569999999999997,0.0,0.42000000000000004,SFFR,17.57,-0.0,0.42000000000000004,Multi-Market,Idle,-0.0,44.06999999999999,85.93,130.0,EPEX,SSP
2026-07-06 05:00:00,0.0,0.42000000000000004,SFFR,17.569999999999997,0.0,0.42000000000000004,SFFR,17.57,-0.0,0.42000000000000004,Multi-Market,Idle,-0.0,36.8,93.2,130.0,EPEX,SSP
2026-07-06 05:30:00,0.0,0.42000000000000004,SFFR,17.569999999999997,0.0,0.42000000000000004,SFFR,17.57,-0.0,0.42000000000000004,Multi-Market,Idle,-0.0,35.8,93.2,129.0,EPEX,SSP
2026-07-06 06:00:00,0.0,0.42000000000000004,SFFR,17.569999999999997,0.0,0.42000000000000004,SFFR,17.57,0.0,0.42000000000000004,Multi-Market,Idle,0.0,46.129999999999995,66.31,112.44,SSP,DA_HH
2026-07-06 06:30:00,0.0,0.42000000000000004,SFFR,17.569999999999997,0.0,0.42000000000000004,SFFR,17.57,-0.0,0.42000000000000004,Multi-Market,Idle,-0.0,57.730000000000004,61.67,119.4,SSP,DA_HH
2026-07-06 07:00:00,0.0,0.42000000000000004,SFFR,17.569999999999997,0.0,0.42000000000000004,SFFR,17.57,0.0,0.42000000000000004,Multi-Market,Idle,0.0,50.2,64.23,114.43,SSP,DA_HH
2026-07-06 07:30:00,0.0,0.42000000000000004,SFFR,17.569999999999997,0.0,0.42000000000000004,SFFR,17.57,-0.0,0.42000000000000004,Multi-Market,Idle,-0.0,69.38999999999999,46.18,115.57,SSP,DA_HH
2026-07-06 08:00:00,0.0,0.42000000000000004,SFFR,17.569999999999997,0.0,0.42000000000000004,SFFR,17.57,-0.0,0.42000000000000004,Multi-Market,Idle,-0.0,79.26,31.74,111.0,SSP,ISEM
2026-07-06 08:30:00,0.0,0.42000000000000004,SFFR,17.569999999999997,0.0,0.42000000000000004,SFFR,17.57,-0.2729999999999999,0.42000000000000004,Multi-Market,Buy-SSP,161.39172000000002,90.81,16.55,107.36,SSP,EPEX
2026-07-06 09:00:00,0.0,0.42000000000000004,SFFR,17.569999999999997,0.0,0.42000000000000004,SFFR,17.57,-0.07758785731592904,0.49236913551026407,Multi-Market,Buy-SSP,-0.5741501441378749,85.6,7.4,93.0,SSP,EPEX
2026-07-06 09:30:00,0.0,0.42000000000000004,SFFR,17.569999999999997,0.0,0.42000000000000004,SFFR,17.57,0.06750143586485825,0.42000000000000004,Multi-Market,Sell-EPEX,6.277633535431818,76.96000000000001,16.04,93.0,SSP,EPEX
2026-07-06 10:00:00,0.0,0.42000000000000004,SFFR,17.569999999999997,0.0,0.42000000000000004,SFFR,17.57,0.0,0.42000000000000004,Multi-Market,Idle,0.0,75.0,0.0,75.0,SSP,EPEX
2026-07-06 10:30:00,0.0,0.42000000000000004,SFFR,17.569999999999997,0.0,0.42000000000000004,SFFR,17.57,-0.2729999999999999,0.42000000000000004,Multi-Market,Buy-SSP,158.067,85.02,-10.02,75.0,SSP,EPEX
2026-07-06 11:00:00,0.0,0.42000000000000004,SFFR,17.569999999999997,0.0,0.42000000000000004,SFFR,17.57,-1.8051707633737284,2.103751196554046,Multi-Market,Buy-SSP,25.63342483990694,75.88,-14.2,61.68,SSP,EPEX
2026-07-06 11:30:00,0.0,0.42000000000000004,SFFR,17.569999999999997,0.0,0.42000000000000004,SFFR,17.57,0.0,2.103751196554046,Multi-Market,Idle,0.0,75.88,-14.2,61.68,SSP,EPEX
2026-07-06 12:00:00,0.0,0.42000000000000004,SFFR,17.569999999999997,0.0,0.42000000000000004,SFFR,17.57,0.0,2.1037511965540467,Multi-Market,Idle,0.0,73.42,-14.2,59.22,SSP,EPEX
2026-07-06 12:30:00,0.0,0.42000000000000004,SFFR,17.569999999999997,0.0,0.42000000000000004,SFFR,17.57,-2.1,4.062500797702698,Multi-Market,Buy-SSP,29.82,73.42,-14.2,59.22,SSP,EPEX
2026-07-06 13:00:00,0.0,0.42000000000000004,SFFR,17.569999999999997,0.0,0.42000000000000004,SFFR,17.57,-2.1,6.021250398851349,Multi-Market,Buy-SSP,60.27,84.62,-28.7,55.92,SSP,EPEX
2026-07-06 13:30:00,0.0,0.42000000000000004,SFFR,17.569999999999997,0.0,0.42000000000000004,SFFR,17.57,0.0,6.021250398851349,Multi-Market,Idle,0.0,70.12,-14.2,55.92,SSP,EPEX
2026-07-06 14:00:00,0.0,0.42000000000000004,SFFR,17.569999999999997,0.0,0.42000000000000004,SFFR,17.57,0.0,6.021250398851349,Multi-Market,Idle,0.0,27.95,27.87,55.82,ISEM,SSP
2026-07-06 14:30:00,0.0,0.42000000000000004,SFFR,17.569999999999997,0.0,0.42000000000000004,SFFR,17.57,0.0,6.021250398851349,Multi-Market,Idle,0.0,39.599999999999994,27.87,67.47,ISEM,SSP
2026-07-06 15:00:00,0.0,0.42000000000000004,SFFR,17.569999999999997,0.0,0.42000000000000004,SFFR,17.57,-2.1,7.9799999999999995,Multi-Market,Buy-SSP,29.82,81.7,-14.2,67.5,SSP,EPEX
2026-07-06 15:30:00,0.0,0.42000000000000004,SFFR,17.569999999999997,0.0,0.42000000000000004,SFFR,17.57,0.0,7.9799999999999995,Multi-Market,Idle,0.0,79.77,-12.27,67.5,SSP,EPEX
2026-07-06 16:00:00,0.0,0.42000000000000004,SFFR,17.569999999999997,0.0,0.42000000000000004,SFFR,17.57,0.0,7.9799999999999995,Multi-Market,Idle,0.0,60.29,19.71,80.0,SSP,EPEX
2026-07-06 16:30:00,0.0,0.42000000000000004,SFFR,17.569999999999997,0.0,0.42000000000000004,SFFR,17.57,-0.0,7.9799999999999995,Multi-Market,Idle,-0.0,41.290000000000006,72.83,114.12,DA_HH,SSP
2026-07-06 17:00:00,0.0,0.42000000000000004,SFFR,17.569999999999997,0.0,0.42000000000000004,SFFR,17.57,1.8269999999999997,6.021250398851349,Multi-Market,Sell-SSP,231.24338999999995,39.8,86.77,126.57,ISEM,SSP
2026-07-06 17:30:00,0.0,0.42000000000000004,SFFR,17.569999999999997,0.0,0.42000000000000004,SFFR,17.57,-2.1,7.9799999999999995,Multi-Market,Buy-SSP,-73.521,62.43,35.01,97.44,SSP,DA_HH
2026-07-06 18:00:00,0.0,0.42000000000000004,SFFR,17.569999999999997,0.0,0.42000000000000004,SFFR,17.57,0.0,7.9799999999999995,Multi-Market,Idle,0.0,31.75,83.87,115.62,SSP,EPEX
2026-07-06 18:30:00,0.0,0.42000000000000004,SFFR,17.569999999999997,0.0,0.42000000000000004,SFFR,17.57,0.0,7.9799999999999995,Multi-Market,Idle,0.0,27.24000000000001,88.38,115.62,SSP,EPEX
2026-07-06 19:00:00,0.0,0.42000000000000004,SFFR,17.569999999999997,0.0,0.42000000000000004,SFFR,17.57,0.0,7.9799999999999995,Multi-Market,Idle,0.0,19.14999999999999,105.37,124.52,SSP,EPEX
2026-07-06 19:30:00,0.0,0.42000000000000004,SFFR,17.569999999999997,0.0,0.42000000000000004,SFFR,17.57,0.0,7.9799999999999995,Multi-Market,Idle,0.0,44.519999999999996,80.0,124.52,SSP,EPEX
2026-07-06 20:00:00,0.0,0.42000000000000004,SFFR,17.569999999999997,0.0,0.42000000000000004,SFFR,17.57,-0.0,7.9799999999999995,Multi-Market,Idle,-0.0,57.97,70.65,128.62,SSP,EPEX
2026-07-06 20:30:00,0.0,0.42000000000000004,SFFR,17.569999999999997,0.0,0.42000000000000004,SFFR,17.57,0.0,7.9799999999999995,Multi-Market,Idle,0.0,18.02000000000001,110.6,128.62,SSP,EPEX
2026-07-06 21:00:00,0.0,0.42000000000000004,SFFR,17.569999999999997,0.0,0.42000000000000004,SFFR,17.57,3.3014985641351435,4.4404220056417305,Multi-Market,Sell-SSP,445.70230615824437,14.700000000000003,120.3,135.0,DA_HH,SSP
2026-07-06 21:30:00,0.0,0.42000000000000004,SFFR,17.569999999999997,0.0,0.42000000000000004,SFFR,17.57,3.75,0.42000000000000004,Multi-Market,Sell-SSP,506.25,15.0,120.0,135.0,ISEM,SSP
2026-07-06 22:00:00,0.0,0.42000000000000004,SFFR,17.569999999999997,0.0,0.42000000000000004,SFFR,17.57,-0.0,0.42000000000000004,Multi-Market,Idle,-0.0,18.47,116.53,135.0,ISEM,SSP
2026-07-06 22:30:00,0.0,0.42000000000000004,SFFR,17.569999999999997,0.0,0.42000000000000004,SFFR,17.57,-0.0,0.42000000000000004,Multi-Market,Idle,-0.0,27.97999999999999,103.47,131.45,DA_HH,SSP
2026-07-06 23:00:00,0.0,0.42000000000000004,SFFR,17.569999999999997,0.0,0.42000000000000004,SFFR,17.57,-0.0,0.42000000000000004,Multi-Market,Idle,-0.0,27.25,102.0,129.25,DA_HH,SSP
2026-07-06 23:30:00,0.0,0.42000000000000004,SFFR,17.569999999999997,0.0,0.42000000000000004,SFFR,17.57,-0.0,0.42000000000000004,Multi-Market,Idle,-0.0,23.97,102.03,126.0,EPEX,SSP
2026-07-07 00:00:00,0.0,0.42000000000000004,SFFR,17.569999999999997,0.0,0.42000000000000004,SFFR,17.57,-2.1,2.3787496011486513,Multi-Market,Buy-SSP,-133.497,44.62,63.57,108.19,SSP,ISEM
2026-07-07 00:30:00,0.0,0.42000000000000004,SFFR,17.569999999999997,0.0,0.42000000000000004,SFFR,17.57,0.0,2.3787496011486513,Multi-Market,Idle,0.0,9.89,97.91,107.8,EPEX,ISEM
2026-07-07 01:00:00,0.0,0.42000000000000004,SFFR,17.569999999999997,0.0,0.42000000000000004,SFFR,17.57,0.0,2.3787496011486513,Multi-Market,Idle,0.0,5.340000000000003,92.92,98.26,DA_HH,SSP
2026-07-07 01:30:00,0.0,0.42000000000000004,SFFR,17.569999999999997,0.0,0.42000000000000004,SFFR,17.57,0.0,2.3787496011486513,Multi-Market,Idle,0.0,2.0,92.0,94.0,DA_HH,EPEX
2026-07-07 02:00:00,0.0,0.42000000000000004,SFFR,17.569999999999997,0.0,0.42000000000000004,SFFR,17.57,0.0,2.3787496011486513,Multi-Market,Idle,0.0,4.210000000000008,88.99,93.2,SSP,ISEM
2026-07-07 02:30:00,0.0,0.42000000000000004,SFFR,17.569999999999997,0.0,0.42000000000000004,SFFR,17.57,0.0,2.3787496011486513,Multi-Market,Idle,0.0,22.11,89.24,111.35,DA_HH,SSP
2026-07-07 03:00:00,0.0,0.42000000000000004,SFFR,17.569999999999997,0.0,0.42000000000000004,SFFR,17.57,-2.1,4.337499202297303,Multi-Market,Buy-SSP,-147.147,22.13000000000001,70.07,92.2,SSP,DA_HH
2026-07-07 03:30:00,0.0,0.42000000000000004,SFFR,17.569999999999997,0.0,0.42000000000000004,SFFR,17.57,0.0,4.337499202297303,Multi-Market,Idle,0.0,10.189999999999998,81.78,91.97,SSP,DA_HH
2026-07-07 04:00:00,0.0,0.42000000000000004,SFFR,17.569999999999997,0.0,0.42000000000000004,SFFR,17.57,0.0,4.337499202297303,Multi-Market,Idle,0.0,14.670000000000002,75.32,89.99,SSP,EPEX
2026-07-07 04:30:00,0.0,0.42000000000000004,SFFR,17.569999999999997,0.0,0.42000000000000004,SFFR,17.57,-0.1103448275862064,4.4404220056417305,Multi-Market,Buy-SSP,-7.819034482758585,19.129999999999995,70.86,89.99,SSP,EPEX
2026-07-07 05:00:00,0.0,0.42000000000000004,SFFR,17.569999999999997,0.0,0.42000000000000004,SFFR,17.57,0.0,4.4404220056417305,Multi-Market,Idle,0.0,21.760000000000005,93.24,115.0,DA_HH,SSP
2026-07-07 05:30:00,0.0,0.42000000000000004,SFFR,17.569999999999997,0.0,0.42000000000000004,SFFR,17.57,0.0,4.4404220056417305,Multi-Market,Idle,0.0,22.819999999999993,74.51,97.33,SSP,ISEM
2026-07-07 06:00:00,0.0,0.42000000000000004,SFFR,17.569999999999997,0.0,0.42000000000000004,SFFR,17.57,0.0,4.4404220056417305,Multi-Market,Idle,0.0,16.939999999999998,99.8,116.74,ISEM,SSP
2026-07-07 06:30:00,0.0,0.42000000000000004,SFFR,17.569999999999997,0.0,0.42000000000000004,SFFR,17.57,0.0,4.4404220056417305,Multi-Market,Idle,0.0,16.450000000000003,104.45,120.9,EPEX,SSP
2026-07-07 07:00:00,0.0,0.42000000000000004,SFFR,17.569999999999997,0.0,0.42000000000000004,SFFR,17.57,0.0,4.4404220056417305,Multi-Market,Idle,0.0,19.11,103.89,123.0,ISEM,SSP
2026-07-07 07:30:00,0.0,0.42000000000000004,SFFR,17.569999999999997,0.0,0.42000000000000004,SFFR,17.57,3.75,0.42000000000000004,Multi-Market,Sell-SSP,540.0,38.760000000000005,105.24,144.0,EPEX,SSP
2026-07-07 08:00:00,0.0,0.42000000000000004,SFFR,17.569999999999997,0.0,0.42000000000000004,SFFR,17.57,0.0,0.42000000000000004,Multi-Market,Idle,0.0,26.950000000000003,98.0,124.95,EPEX,SSP
2026-07-07 08:30:00,0.0,0.42000000000000004,SFFR,17.569999999999997,0.0,0.42000000000000004,SFFR,17.57,0.0,0.42000000000000004,Multi-Market,Idle,0.0,26.950000000000003,98.0,124.95,EPEX,SSP
2026-07-07 09:00:00,0.0,0.42000000000000004,SFFR,17.569999999999997,0.0,0.42000000000000004,SFFR,17.57,-0.0,0.42000000000000004,Multi-Market,Idle,-0.0,40.84,91.16,132.0,EPEX,SSP
2026-07-07 09:30:00,0.0,0.42000000000000004,SFFR,17.569999999999997,0.0,0.42000000000000004,SFFR,17.57,-0.0,0.42000000000000004,Multi-Market,Idle,-0.0,33.790000000000006,91.16,124.95,EPEX,SSP
2026-07-07 10:00:00,0.0,0.42000000000000004,SFFR,17.569999999999997,0.0,0.42000000000000004,SFFR,17.57,0.0,0.42000000000000015,Multi-Market,Idle,0.0,24.099999999999994,67.0,91.1,SSP,ISEM
2026-07-07 10:30:00,0.0,0.42000000000000004,SFFR,17.569999999999997,0.0,0.42000000000000004,SFFR,17.57,-2.1,2.3787496011486513,Multi-Market,Buy-SSP,-117.20100000000001,33.78999999999999,55.81,89.6,SSP,ISEM
2026-07-07 11:00:00,0.0,0.42000000000000004,SFFR,17.569999999999997,0.0,0.42000000000000004,SFFR,17.57,0.0,2.3787496011486513,Multi-Market,Idle,0.0,34.2,56.0,90.2,SSP,ISEM
2026-07-07 11:30:00,0.0,0.42000000000000004,SFFR,17.569999999999997,0.0,0.42000000000000004,SFFR,17.57,-2.1,4.337499202297303,Multi-Market,Buy-SSP,12.936000000000002,95.86,-6.16,89.7,SSP,ISEM
2026-07-07 12:00:00,0.0,0.42000000000000004,SFFR,17.569999999999997,0.0,0.42000000000000004,SFFR,17.57,-2.1,6.296248803445954,Multi-Market,Buy-SSP,13.524000000000001,95.24,-6.44,88.8,SSP,ISEM
2026-07-07 12:30:00,0.0,0.42000000000000004,SFFR,17.569999999999997,0.0,0.42000000000000004,SFFR,17.57,0.0,6.296248803445954,Multi-Market,Idle,0.0,34.16,56.0,90.16,SSP,ISEM
2026-07-07 13:00:00,0.0,0.42000000000000004,SFFR,17.569999999999997,0.0,0.42000000000000004,SFFR,17.57,0.0,6.296248803445954,Multi-Market,Idle,0.0,28.58,56.0,84.58,SSP,ISEM
2026-07-07 13:30:00,0.0,0.42000000000000004,SFFR,17.569999999999997,0.0,0.42000000000000004,SFFR,17.57,-1.8051707633737284,7.9799999999999995,Multi-Market,Buy-SSP,-101.08956274892878,25.0,56.0,81.0,SSP,ISEM
2026-07-07 14:00:00,0.0,0.42000000000000004,SFFR,17.569999999999997,0.0,0.42000000000000004,SFFR,17.57,0.0,7.9799999999999995,Multi-Market,Idle,0.0,29.099999999999994,56.0,85.1,SSP,ISEM
2026-07-07 14:30:00,0.0,0.42000000000000004,SFFR,17.569999999999997,0.0,0.42000000000000004,SFFR,17.57,-0.0,7.9799999999999995,Multi-Market,Idle,-0.0,46.150000000000006,78.8,124.95,EPEX,SSP
2026-07-07 15:00:00,0.0,0.42000000000000004,SFFR,17.569999999999997,0.0,0.42000000000000004,SFFR,17.57,0.0,7.9799999999999995,Multi-Market,Idle,0.0,28.150000000000006,64.32,92.47,SSP,DA_HH
2026-07-07 15:30:00,0.0,0.42000000000000004,SFFR,17.569999999999997,0.0,0.42000000000000004,SFFR,17.57,-0.26874159386486407,7.9799999999999995,Multi-Market,Buy-EPEX,93.04660876813475,64.38,84.62,149.0,EPEX,SSP
2026-07-07 16:00:00,0.0,0.42000000000000004,SFFR,17.569999999999997,0.0,0.42000000000000004,SFFR,17.57,0.0,7.9799999999999995,Multi-Market,Idle,0.0,28.680000000000007,99.11,127.79,EPEX,SSP
2026-07-07 16:30:00,0.0,0.42000000000000004,SFFR,17.569999999999997,0.0,0.42000000000000004,SFFR,17.57,0.0,7.9799999999999995,Multi-Market,Idle,0.0,36.33,98.67,135.0,ISEM,SSP
2026-07-07 17:00:00,0.0,0.42000000000000004,SFFR,17.569999999999997,0.0,0.42000000000000004,SFFR,17.57,0.0,7.9799999999999995,Multi-Market,Idle,0.0,37.0,98.0,135.0,DA_HH,SSP
2026-07-07 17:30:00,0.0,0.42000000000000004,SFFR,17.569999999999997,0.0,0.42000000000000004,SFFR,17.57,-0.0,7.9799999999999995,Multi-Market,Idle,-0.0,50.0,100.0,150.0,ISEM,SSP
2026-07-07 18:00:00,0.0,0.42000000000000004,SFFR,17.569999999999997,0.0,0.42000000000000004,SFFR,17.57,0.0,7.9799999999999995,Multi-Market,Idle,0.0,44.0,106.0,150.0,ISEM,SSP
2026-07-07 18:30:00,0.0,0.42000000000000004,SFFR,17.569999999999997,0.0,0.42000000000000004,SFFR,17.57,0.0,7.9799999999999995,Multi-Market,Idle,0.0,30.080000000000013,109.5,139.58,ISEM,SSP
2026-07-07 19:00:00,0.0,0.42000000000000004,SFFR,17.569999999999997,0.0,0.42000000000000004,SFFR,17.57,0.0,7.9799999999999995,Multi-Market,Idle,0.0,40.489999999999995,88.51,129.0,SSP,DA_HH
2026-07-07 19:30:00,0.0,0.42000000000000004,SFFR,17.569999999999997,0.0,0.42000000000000004,SFFR,17.57,3.3014985641351435,4.4404220056417305,Multi-Market,Sell-SSP,524.9382716974878,35.59,123.41,159.0,EPEX,SSP
2026-07-07 20:00:00,0.0,0.42000000000000004,SFFR,17.569999999999997,0.0,0.42000000000000004,SFFR,17.57,3.75,0.42000000000000004,Multi-Market,Sell-SSP,600.2624999999999,31.069999999999993,129.0,160.07,ISEM,SSP
2026-07-07 20:30:00,0.0,0.42000000000000004,SFFR,17.569999999999997,0.0,0.42000000000000004,SFFR,17.57,-0.0,0.42000000000000004,Multi-Market,Idle,-0.0,30.64999999999999,127.67,158.32,DA_HH,SSP
2026-07-07 21:00:00,0.0,0.42000000000000004,SFFR,17.569999999999997,0.0,0.42000000000000004,SFFR,17.57,0.0,0.42000000000000004,Multi-Market,Idle,0.0,35.89,93.11,129.0,SSP,EPEX
2026-07-07 21:30:00,0.0,0.42000000000000004,SFFR,17.569999999999997,0.0,0.42000000000000004,SFFR,17.57,0.0,0.42000000000000004,Multi-Market,Idle,0.0,32.94,96.06,129.0,SSP,EPEX
2026-07-07 22:00:00,0.0,0.42000000000000004,SFFR,17.569999999999997,0.0,0.42000000000000004,SFFR,17.57,0.0,0.42000000000000004,Multi-Market,Idle,0.0,40.02000000000001,89.97,129.99,SSP,DA_HH
2026-07-07 22:30:00,0.0,0.42000000000000004,SFFR,17.569999999999997,0.0,0.42000000000000004,SFFR,17.57,0.0,0.42000000000000004,Multi-Market,Idle,0.0,14.439999999999998,119.28,133.72,ISEM,SSP
2026-07-07 23:00:00,0.0,0.42000000000000004,SFFR,17.569999999999997,0.0,0.42000000000000004,SFFR,17.57,0.0,0.42000000000000004,Multi-Market,Idle,0.0,33.349999999999994,110.65,144.0,EPEX,SSP
2026-07-07 23:30:00,0.0,0.42000000000000004,SFFR,17.569999999999997,0.0,0.42000000000000004,SFFR,17.57,-0.0,0.42000000000000004,Multi-Market,Idle,-0.0,33.349999999999994,110.65,144.0,EPEX,SSP
2026-07-08 00:00:00,0.0,0.42000000000000004,SFFR,17.569999999999997,0.0,0.42000000000000004,SFFR,17.57,0.0,0.42000000000000004,Multi-Market,Idle,0.0,7.150000000000006,106.85,114.0,SSP,DA_HH
2026-07-08 00:30:00,0.0,0.42000000000000004,SFFR,17.569999999999997,0.0,0.42000000000000004,SFFR,17.57,0.0,0.42000000000000004,Multi-Market,Idle,0.0,18.0,107.0,125.0,EPEX,SSP
2026-07-08 01:00:00,0.0,0.42000000000000004,SFFR,17.569999999999997,0.0,0.42000000000000004,SFFR,17.57,0.0,0.42000000000000004,Multi-Market,Idle,0.0,24.099999999999994,100.9,125.0,ISEM,SSP
2026-07-08 01:30:00,0.0,0.42000000000000004,SFFR,17.569999999999997,0.0,0.42000000000000004,SFFR,17.57,0.0,0.42000000000000004,Multi-Market,Idle,0.0,26.330000000000013,102.85,129.18,EPEX,SSP
2026-07-08 02:00:00,0.0,0.42000000000000004,SFFR,17.569999999999997,0.0,0.42000000000000004,SFFR,17.57,-2.1,2.3787496011486513,Multi-Market,Buy-SSP,-197.022,14.260000000000005,93.82,108.08,SSP,DA_HH
2026-07-08 02:30:00,0.0,0.42000000000000004,SFFR,17.569999999999997,0.0,0.42000000000000004,SFFR,17.57,0.0,2.3787496011486513,Multi-Market,Idle,0.0,27.74000000000001,98.6,126.34,EPEX,SSP
2026-07-08 03:00:00,0.0,0.42000000000000004,SFFR,17.569999999999997,0.0,0.42000000000000004,SFFR,17.57,0.0,2.3787496011486513,Multi-Market,Idle,0.0,5.829999999999998,94.86,100.69,SSP,ISEM
2026-07-08 03:30:00,0.0,0.42000000000000004,SFFR,17.569999999999997,0.0,0.42000000000000004,SFFR,17.57,0.0,2.3787496011486513,Multi-Market,Idle,0.0,3.0999999999999943,96.2,99.3,EPEX,ISEM
2026-07-08 04:00:00,0.0,0.42000000000000004,SFFR,17.569999999999997,0.0,0.42000000000000004,SFFR,17.57,0.0,2.3787496011486513,Multi-Market,Idle,0.0,28.939999999999998,96.0,124.94,DA_HH,SSP
2026-07-08 04:30:00,0.0,0.42000000000000004,SFFR,17.569999999999997,0.0,0.42000000000000004,SFFR,17.57,0.0,2.3787496011486513,Multi-Market,Idle,0.0,2.1599999999999966,94.95,97.11,SSP,ISEM
2026-07-08 05:00:00,0.0,0.42000000000000004,SFFR,17.569999999999997,0.0,0.42000000000000004,SFFR,17.57,-2.1,4.337499202297303,Multi-Market,Buy-SSP,-195.74099999999999,11.810000000000002,93.21,105.02,SSP,ISEM
2026-07-08 05:30:00,0.0,0.42000000000000004,SFFR,17.569999999999997,0.0,0.42000000000000004,SFFR,17.57,0.0,4.337499202297303,Multi-Market,Idle,0.0,9.0,98.0,107.0,SSP,ISEM
2026-07-08 06:00:00,0.0,0.42000000000000004,SFFR,17.569999999999997,0.0,0.42000000000000004,SFFR,17.57,0.0,4.337499202297303,Multi-Market,Idle,0.0,16.53,98.59,115.12,SSP,ISEM
2026-07-08 06:30:00,0.0,0.42000000000000004,SFFR,17.569999999999997,0.0,0.42000000000000004,SFFR,17.57,0.0,4.337499202297303,Multi-Market,Idle,0.0,26.900000000000006,112.0,138.9,EPEX,SSP
2026-07-08 07:00:00,0.0,0.42000000000000004,SFFR,17.569999999999997,0.0,0.42000000000000004,SFFR,17.57,-2.1,6.296248803445954,Multi-Market,Buy-SSP,-170.079,38.19000000000001,80.99,119.18,SSP,EPEX
2026-07-08 07:30:00,0.0,0.42000000000000004,SFFR,17.569999999999997,0.0,0.42000000000000004,SFFR,17.57,1.731,4.4404220056417305,Multi-Market,Sell-SSP,266.574,38.0,116.0,154.0,DA_HH,SSP
2026-07-08 08:00:00,0.0,0.42000000000000004,SFFR,17.569999999999997,0.0,0.42000000000000004,SFFR,17.57,0.0,4.4404220056417305,Multi-Market,Idle,0.0,27.17,111.83,139.0,EPEX,SSP
2026-07-08 08:30:00,0.0,0.42000000000000004,SFFR,17.569999999999997,0.0,0.42000000000000004,SFFR,17.57,3.75,0.42000000000000004,Multi-Market,Sell-SSP,577.5,45.14,108.86,154.0,ISEM,SSP
2026-07-08 09:00:00,0.0,0.42000000000000004,SFFR,17.569999999999997,0.0,0.42000000000000004,SFFR,17.57,0.0,0.42000000000000004,Multi-Market,Idle,0.0,44.980000000000004,98.58,143.56,EPEX,SSP
2026-07-08 09:30:00,0.0,0.42000000000000004,SFFR,17.569999999999997,0.0,0.42000000000000004,SFFR,17.57,0.0,0.42000000000000004,Multi-Market,Idle,0.0,41.91000000000001,98.58,140.49,EPEX,SSP
2026-07-08 10:00:00,0.0,0.42000000000000004,SFFR,17.569999999999997,0.0,0.42000000000000004,SFFR,17.57,0.0,0.42000000000000004,Multi-Market,Idle,0.0,24.0,96.0,120.0,EPEX,SSP
2026-07-08 10:30:00,0.0,0.42000000000000004,SFFR,17.569999999999997,0.0,0.42000000000000004,SFFR,17.57,-1.8051707633737293,2.1037511965540467,Multi-Market,Buy-SSP,-154.34210026845386,10.540000000000006,85.5,96.04,SSP,ISEM
2026-07-08 11:00:00,0.0,0.42000000000000004,SFFR,17.569999999999997,0.0,0.42000000000000004,SFFR,17.57,-2.1,4.062500797702698,Multi-Market,Buy-SSP,-179.13,9.799999999999997,85.3,95.1,SSP,ISEM
2026-07-08 11:30:00,0.0,0.42000000000000004,SFFR,17.569999999999997,0.0,0.42000000000000004,SFFR,17.57,0.0,4.062500797702698,Multi-Market,Idle,0.0,35.209999999999994,89.79,125.0,DA_HH,SSP
2026-07-08 12:00:00,0.0,0.42000000000000004,SFFR,17.569999999999997,0.0,0.42000000000000004,SFFR,17.57,-2.1,6.021250398851349,Multi-Market,Buy-SSP,-179.55,8.36,85.5,93.86,SSP,ISEM
2026-07-08 12:30:00,0.0,0.42000000000000004,SFFR,17.569999999999997,0.0,0.42000000000000004,SFFR,17.57,0.0,6.021250398851349,Multi-Market,Idle,0.0,5.25,87.55,92.8,SSP,DA_HH
2026-07-08 13:00:00,0.0,0.42000000000000004,SFFR,17.569999999999997,0.0,0.42000000000000004,SFFR,17.57,0.0,6.021250398851349,Multi-Market,Idle,0.0,10.86999999999999,91.29,102.16,EPEX,SSP
2026-07-08 13:30:00,0.0,0.42000000000000004,SFFR,17.569999999999997,0.0,0.42000000000000004,SFFR,17.57,-2.1,7.9799999999999995,Multi-Market,Buy-SSP,-179.13,9.700000000000003,85.3,95.0,SSP,ISEM
2026-07-08 14:00:00,0.0,0.42000000000000004,SFFR,17.569999999999997,0.0,0.42000000000000004,SFFR,17.57,0.0,7.9799999999999995,Multi-Market,Idle,0.0,10.36,91.1,101.46,EPEX,SSP
2026-07-08 14:30:00,0.0,0.42000000000000004,SFFR,17.569999999999997,0.0,0.42000000000000004,SFFR,17.57,0.0,7.9799999999999995,Multi-Market,Idle,0.0,33.900000000000006,91.1,125.0,EPEX,SSP
2026-07-08 15:00:00,0.0,0.42000000000000004,SFFR,17.569999999999997,0.0,0.42000000000000004,SFFR,17.57,0.0,7.9799999999999995,Multi-Market,Idle,0.0,38.5,86.5,125.0,DA_HH,SSP
2026-07-08 15:30:00,0.0,0.42000000000000004,SFFR,17.569999999999997,0.0,0.42000000000000004,SFFR,17.57,0.0,7.9799999999999995,Multi-Market,Idle,0.0,31.25,93.75,125.0,EPEX,SSP
2026-07-08 16:00:00,0.0,0.42000000000000004,SFFR,17.569999999999997,0.0,0.42000000000000004,SFFR,17.57,0.0,7.9799999999999995,Multi-Market,Idle,0.0,23.019999999999996,101.98,125.0,DA_HH,SSP
2026-07-08 16:30:00,0.0,0.42000000000000004,SFFR,17.569999999999997,0.0,0.42000000000000004,SFFR,17.57,0.0,7.9799999999999995,Multi-Market,Idle,0.0,10.259999999999991,91.73,101.99,SSP,EPEX
2026-07-08 17:00:00,0.0,0.42000000000000004,SFFR,17.569999999999997,0.0,0.42000000000000004,SFFR,17.57,0.0,7.9799999999999995,Multi-Market,Idle,0.0,15.269999999999996,97.73,113.0,SSP,EPEX
2026-07-08 17:30:00,0.0,0.42000000000000004,SFFR,17.569999999999997,0.0,0.42000000000000004,SFFR,17.57,-0.010086421451070735,7.9799999999999995,Multi-Market,Buy-ISEM,3.09187611403976,62.599999999999994,112.4,175.0,ISEM,SSP
2026-07-08 18:00:00,0.0,0.42000000000000004,SFFR,17.569999999999997,0.0,0.42000000000000004,SFFR,17.57,0.0,7.9799999999999995,Multi-Market,Idle,0.0,22.89,114.11,137.0,SSP,EPEX
2026-07-08 18:30:00,0.0,0.42000000000000004,SFFR,17.569999999999997,0.0,0.42000000000000004,SFFR,17.57,3.75,3.959577994358269,Multi-Market,Sell-SSP,731.25,63.22,131.78,195.0,DA_HH,SSP
2026-07-08 19:00:00,0.0,0.42000000000000004,SFFR,17.569999999999997,0.0,0.42000000000000004,SFFR,17.57,0.0,3.959577994358269,Multi-Market,Idle,0.0,28.959999999999994,120.7,149.66,SSP,ISEM
2026-07-08 19:30:00,0.0,0.42000000000000004,SFFR,17.569999999999997,0.0,0.42000000000000004,SFFR,17.57,3.3014985641351435,0.42000000000000004,Multi-Market,Sell-SSP,579.908222790338,34.22,141.43,175.65,EPEX,SSP
2026-07-08 20:00:00,0.0,0.42000000000000004,SFFR,17.569999999999997,0.0,0.42000000000000004,SFFR,17.57,0.0,0.42000000000000004,Multi-Market,Idle,0.0,11.830000000000013,144.0,155.83,SSP,ISEM
2026-07-08 20:30:00,0.0,0.42000000000000004,SFFR,17.569999999999997,0.0,0.42000000000000004,SFFR,17.57,0.0,0.42000000000000004,Multi-Market,Idle,0.0,42.39,112.71,155.1,SSP,ISEM
2026-07-08 21:00:00,0.0,0.42000000000000004,SFFR,17.569999999999997,0.0,0.42000000000000004,SFFR,17.57,-0.0,0.42000000000000004,Multi-Market,Idle,-0.0,45.42999999999999,111.08,156.51,SSP,ISEM
2026-07-08 21:30:00,0.0,0.42000000000000004,SFFR,17.569999999999997,0.0,0.42000000000000004,SFFR,17.57,0.0,0.42000000000000004,Multi-Market,Idle,0.0,52.06999999999999,99.09,151.16,SSP,ISEM
2026-07-08 22:00:00,0.0,0.42000000000000004,SFFR,17.569999999999997,0.0,0.42000000000000004,SFFR,17.57,-0.0,0.42000000000000004,Multi-Market,Idle,-0.0,20.080000000000013,133.53,153.61,EPEX,SSP
2026-07-08 22:30:00,0.0,0.42000000000000004,SFFR,17.569999999999997,0.0,0.42000000000000004,SFFR,17.57,-0.0,0.42000000000000004,Multi-Market,Idle,-0.0,7.86999999999999,127.58,135.45,SSP,ISEM
2026-07-08 23:00:00,0.0,0.42000000000000004,SFFR,17.569999999999997,0.0,0.42000000000000004,SFFR,17.57,-0.0,0.42000000000000004,Multi-Market,Idle,-0.0,27.010000000000005,101.49,128.5,SSP,ISEM
2026-07-08 23:30:00,0.0,0.42000000000000004,SFFR,17.569999999999997,0.0,0.42000000000000004,SFFR,17.57,-0.0,0.42000000000000004,Multi-Market,Idle,-0.0,28.92,94.58,123.5,SSP,EPEX
2026-07-09 00:00:00,0.0,0.42000000000000004,SFFR,17.569999999999997,0.0,0.42000000000000004,SFFR,17.57,0.0,0.41999999999999965,Multi-Market,Idle,0.0,23.200000000000003,95.16,118.36,SSP,EPEX
2026-07-09 00:30:00,0.0,0.42000000000000004,SFFR,17.569999999999997,0.0,0.42000000000000004,SFFR,17.57,0.0,0.41999999999999965,Multi-Market,Idle,0.0,25.819999999999993,92.54,118.36,SSP,EPEX
2026-07-09 01:00:00,0.0,0.42000000000000004,SFFR,17.569999999999997,0.0,0.42000000000000004,SFFR,17.57,0.0,0.41999999999999965,Multi-Market,Idle,0.0,10.83999999999999,102.98,113.82,SSP,EPEX
2026-07-09 01:30:00,0.0,0.42000000000000004,SFFR,17.569999999999997,0.0,0.42000000000000004,SFFR,17.57,0.0,0.41999999999999965,Multi-Market,Idle,0.0,10.11,103.71,113.82,SSP,EPEX
2026-07-09 02:00:00,0.0,0.42000000000000004,SFFR,17.569999999999997,0.0,0.42000000000000004,SFFR,17.57,0.0,0.41999999999999965,Multi-Market,Idle,0.0,27.200000000000003,110.8,138.0,EPEX,SSP
2026-07-09 02:30:00,0.0,0.42000000000000004,SFFR,17.569999999999997,0.0,0.42000000000000004,SFFR,17.57,0.0,0.41999999999999965,Multi-Market,Idle,0.0,23.200000000000003,110.8,134.0,EPEX,SSP
2026-07-09 03:00:00,0.0,0.42000000000000004,SFFR,17.569999999999997,0.0,0.42000000000000004,SFFR,17.57,0.0,0.41999999999999965,Multi-Market,Idle,0.0,19.67,94.33,114.0,SSP,DA_HH
2026-07-09 03:30:00,0.0,0.42000000000000004,SFFR,17.569999999999997,0.0,0.42000000000000004,SFFR,17.57,0.0,0.41999999999999965,Multi-Market,Idle,0.0,19.319999999999993,94.34,113.66,SSP,DA_HH
2026-07-09 04:00:00,0.0,0.42000000000000004,SFFR,17.569999999999997,0.0,0.42000000000000004,SFFR,17.57,-0.0,0.42000000000000004,Multi-Market,Idle,-0.0,32.870000000000005,115.93,148.8,EPEX,SSP
2026-07-09 04:30:00,0.0,0.42000000000000004,SFFR,17.569999999999997,0.0,0.42000000000000004,SFFR,17.57,0.0,0.41999999999999993,Multi-Market,Idle,0.0,19.700000000000003,98.0,117.7,SSP,ISEM
2026-07-09 05:00:00,0.0,0.42000000000000004,SFFR,17.569999999999997,0.0,0.42000000000000004,SFFR,17.57,0.0,0.41999999999999993,Multi-Market,Idle,0.0,6.680000000000007,120.0,126.68,EPEX,SSP
2026-07-09 05:30:00,0.0,0.42000000000000004,SFFR,17.569999999999997,0.0,0.42000000000000004,SFFR,17.57,0.0,0.41999999999999993,Multi-Market,Idle,0.0,24.25,98.87,123.12,SSP,ISEM
2026-07-09 06:00:00,0.0,0.42000000000000004,SFFR,17.569999999999997,0.0,0.42000000000000004,SFFR,17.57,0.0,0.41999999999999993,Multi-Market,Idle,0.0,6.36999999999999,124.2,130.57,EPEX,DA_HH
2026-07-09 06:30:00,0.0,0.42000000000000004,SFFR,17.569999999999997,0.0,0.42000000000000004,SFFR,17.57,0.0,0.41999999999999993,Multi-Market,Idle,0.0,41.540000000000006,93.01,134.55,SSP,DA_HH
2026-07-09 07:00:00,0.0,0.42000000000000004,SFFR,17.569999999999997,0.0,0.42000000000000004,SFFR,17.57,0.0,0.41999999999999993,Multi-Market,Idle,0.0,35.03999999999999,91.9,126.94,SSP,EPEX
2026-07-09 07:30:00,0.0,0.42000000000000004,SFFR,17.569999999999997,0.0,0.42000000000000004,SFFR,17.57,0.0,0.41999999999999993,Multi-Market,Idle,0.0,38.019999999999996,90.36,128.38,SSP,ISEM
2026-07-09 08:00:00,0.0,0.42000000000000004,SFFR,17.569999999999997,0.0,0.42000000000000004,SFFR,17.57,0.0,0.41999999999999993,Multi-Market,Idle,0.0,6.75,108.82,115.57,SSP,ISEM
2026-07-09 08:30:00,0.0,0.42000000000000004,SFFR,17.569999999999997,0.0,0.42000000000000004,SFFR,17.57,0.0,0.41999999999999993,Multi-Market,Idle,0.0,9.41000000000001,103.96,113.37,SSP,EPEX
2026-07-09 09:00:00,0.0,0.42000000000000004,SFFR,17.569999999999997,0.0,0.42000000000000004,SFFR,17.57,0.0,0.41999999999999993,Multi-Market,Idle,0.0,25.72,100.0,125.72,EPEX,SSP
2026-07-09 09:30:00,0.0,0.42000000000000004,SFFR,17.569999999999997,0.0,0.42000000000000004,SFFR,17.57,0.0,0.41999999999999993,Multi-Market,Idle,0.0,13.0,100.0,113.0,EPEX,DA_HH
2026-07-09 10:00:00,0.0,0.42000000000000004,SFFR,17.569999999999997,0.0,0.42000000000000004,SFFR,17.57,0.0,0.41999999999999993,Multi-Market,Idle,0.0,18.570000000000007,98.88,117.45,EPEX,SSP
2026-07-09 10:30:00,0.0,0.42000000000000004,SFFR,17.569999999999997,0.0,0.42000000000000004,SFFR,17.57,0.0,0.41999999999999993,Multi-Market,Idle,0.0,18.560000000000002,98.88,117.44,EPEX,SSP
2026-07-09 11:00:00,0.0,0.42000000000000004,SFFR,17.569999999999997,0.0,0.42000000000000004,SFFR,17.57,-2.1,2.378749601148651,Multi-Market,Buy-SSP,-147.02100000000002,27.72999999999999,70.01,97.74,SSP,ISEM
2026-07-09 11:30:00,0.0,0.42000000000000004,SFFR,17.569999999999997,0.0,0.42000000000000004,SFFR,17.57,-2.1,4.337499202297302,Multi-Market,Buy-SSP,-147.02100000000002,26.629999999999995,70.01,96.64,SSP,ISEM
2026-07-09 12:00:00,0.0,0.42000000000000004,SFFR,17.569999999999997,0.0,0.42000000000000004,SFFR,17.57,-2.1,6.296248803445954,Multi-Market,Buy-SSP,-115.71000000000001,40.98,55.1,96.08,SSP,ISEM
2026-07-09 12:30:00,0.0,0.42000000000000004,SFFR,17.569999999999997,0.0,0.42000000000000004,SFFR,17.57,-1.8051707633737284,7.9799999999999995,Multi-Market,Buy-SSP,-144.41366106989827,16.040000000000006,80.0,96.04,SSP,ISEM
2026-07-09 13:00:00,0.0,0.42000000000000004,SFFR,17.569999999999997,0.0,0.42000000000000004,SFFR,17.57,0.0,7.9799999999999995,Multi-Market,Idle,0.0,7.1499999999999915,88.93,96.08,SSP,ISEM
2026-07-09 13:30:00,0.0,0.42000000000000004,SFFR,17.569999999999997,0.0,0.42000000000000004,SFFR,17.57,0.0,7.9799999999999995,Multi-Market,Idle,0.0,9.099999999999994,85.84,94.94,SSP,ISEM
2026-07-09 14:00:00,0.0,0.42000000000000004,SFFR,17.569999999999997,0.0,0.42000000000000004,SFFR,17.57,0.0,7.9799999999999995,Multi-Market,Idle,0.0,26.33,93.9,120.23,DA_HH,SSP
2026-07-09 14:30:00,0.0,0.42000000000000004,SFFR,17.569999999999997,0.0,0.42000000000000004,SFFR,17.57,-0.0,7.9799999999999995,Multi-Market,Idle,-0.0,57.0,92.0,149.0,DA_HH,SSP
2026-07-09 15:00:00,0.0,0.42000000000000004,SFFR,17.569999999999997,0.0,0.42000000000000004,SFFR,17.57,0.0,7.9799999999999995,Multi-Market,Idle,0.0,9.780000000000001,87.0,96.78,DA_HH,EPEX
2026-07-09 15:30:00,0.0,0.42000000000000004,SFFR,17.569999999999997,0.0,0.42000000000000004,SFFR,17.57,0.0,7.9799999999999995,Multi-Market,Idle,0.0,49.11,93.79,142.9,ISEM,SSP
2026-07-09 16:00:00,0.0,0.42000000000000004,SFFR,17.569999999999997,0.0,0.42000000000000004,SFFR,17.57,0.0,7.9799999999999995,Multi-Market,Idle,0.0,14.010000000000005,96.0,110.01,DA_HH,SSP
2026-07-09 16:30:00,0.0,0.42000000000000004,SFFR,17.569999999999997,0.0,0.42000000000000004,SFFR,17.57,0.0,7.9799999999999995,Multi-Market,Idle,0.0,16.599999999999994,85.2,101.8,DA_HH,EPEX
2026-07-09 17:00:00,0.0,0.42000000000000004,SFFR,17.569999999999997,0.0,0.42000000000000004,SFFR,17.57,0.0,7.9799999999999995,Multi-Market,Idle,0.0,30.400000000000006,89.0,119.4,SSP,DA_HH
2026-07-09 17:30:00,0.0,0.42000000000000004,SFFR,17.569999999999997,0.0,0.42000000000000004,SFFR,17.57,0.0,7.9799999999999995,Multi-Market,Idle,0.0,35.0,89.0,124.0,SSP,ISEM
2026-07-09 18:00:00,0.0,0.42000000000000004,SFFR,17.569999999999997,0.0,0.42000000000000004,SFFR,17.57,-0.0,7.9799999999999995,Multi-Market,Idle,-0.0,10.039999999999992,143.46,153.5,SSP,DA_HH
2026-07-09 18:30:00,0.0,0.42000000000000004,SFFR,17.569999999999997,0.0,0.42000000000000004,SFFR,17.57,0.0,7.9799999999999995,Multi-Market,Idle,0.0,27.069999999999993,131.07,158.14,SSP,ISEM
2026-07-09 19:00:00,0.0,0.42000000000000004,SFFR,17.569999999999997,0.0,0.42000000000000004,SFFR,17.57,3.3690000000000015,4.368052870131467,Multi-Market,Sell-DA_HH,682.9973700000003,72.38999999999999,130.34,202.73,SSP,DA_HH
2026-07-09 19:30:00,0.0,0.42000000000000004,SFFR,17.569999999999997,0.0,0.42000000000000004,SFFR,17.57,3.6724121426840712,0.42000000000000004,Multi-Market,Buy-SSP,758.8947855775145,75.14000000000001,129.92,205.06,SSP,ISEM
2026-07-09 20:00:00,0.0,0.42000000000000004,SFFR,17.569999999999997,0.0,0.42000000000000004,SFFR,17.57,0.0,0.42000000000000004,Multi-Market,Idle,0.0,68.24000000000001,131.76,200.0,SSP,DA_HH
2026-07-09 20:30:00,0.0,0.42000000000000004,SFFR,17.569999999999997,0.0,0.42000000000000004,SFFR,17.57,-0.27300000000000035,0.42000000000000004,Multi-Market,Buy-SSP,113.39999999999992,80.0,120.0,200.0,SSP,DA_HH
2026-07-09 21:00:00,0.0,0.42000000000000004,SFFR,17.569999999999997,0.0,0.42000000000000004,SFFR,17.57,-2.1,2.3787496011486513,Multi-Market,Buy-SSP,-232.95300000000003,73.07,110.93,184.0,SSP,ISEM
2026-07-09 21:30:00,0.0,0.42000000000000004,SFFR,17.569999999999997,0.0,0.42000000000000004,SFFR,17.57,0.0,2.3787496011486513,Multi-Market,Idle,0.0,13.039999999999992,164.96,178.0,EPEX,DA_HH
2026-07-09 22:00:00,0.0,0.42000000000000004,SFFR,17.569999999999997,0.0,0.42000000000000004,SFFR,17.57,-2.1,4.337499202297303,Multi-Market,Buy-SSP,-224.70000000000002,50.389999999999986,107.0,157.39,SSP,DA_HH
2026-07-09 22:30:00,0.0,0.42000000000000004,SFFR,17.569999999999997,0.0,0.42000000000000004,SFFR,17.57,0.0,4.337499202297303,Multi-Market,Idle,0.0,5.0,142.0,147.0,ISEM,SSP
2026-07-09 23:00:00,0.0,0.42000000000000004,SFFR,17.569999999999997,0.0,0.42000000000000004,SFFR,17.57,0.0,4.337499202297303,Multi-Market,Idle,0.0,68.72,126.28,195.0,ISEM,SSP
2026-07-09 23:30:00,0.0,0.42000000000000004,SFFR,17.569999999999997,0.0,0.42000000000000004,SFFR,17.57,3.6540000000000004,0.42000000000000004,Multi-Market,Sell-SSP,712.5300000000001,66.88,128.12,195.0,DA_HH,SSP
2026-07-10 00:00:00,0.0,0.42000000000000004,SFFR,17.569999999999997,0.0,0.42000000000000004,SFFR,17.57,0.0,0.42000000000000004,SFFR,SFFR,17.569999999999997,49.95,120.05,170.0,DA_HH,SSP
2026-07-10 00:30:00,0.0,0.42000000000000004,SFFR,17.569999999999997,0.0,0.42000000000000004,SFFR,17.57,0.0,0.42000000000000004,SFFR,SFFR,17.569999999999997,4.719999999999999,121.33,126.05,SSP,DA_HH
2026-07-10 01:00:00,0.0,0.42000000000000004,SFFR,17.569999999999997,0.0,0.42000000000000004,SFFR,17.57,0.0,0.42000000000000004,SFFR,SFFR,17.569999999999997,7.359999999999999,116.22,123.58,ISEM,SSP
2026-07-10 01:30:00,0.0,0.42000000000000004,SFFR,17.569999999999997,0.0,0.42000000000000004,SFFR,17.57,0.0,0.42000000000000004,SFFR,SFFR,17.569999999999997,3.780000000000001,116.22,120.0,ISEM,EPEX
2026-07-10 02:00:00,0.0,0.42000000000000004,SFFR,17.569999999999997,0.0,0.42000000000000004,SFFR,17.57,0.0,0.42000000000000004,SFFR,SFFR,17.569999999999997,21.5,96.5,118.0,SSP,EPEX
2026-07-10 02:30:00,0.0,0.42000000000000004,SFFR,17.569999999999997,0.0,0.42000000000000004,SFFR,17.57,0.0,0.42000000000000004,SFFR,SFFR,17.569999999999997,20.33,97.67,118.0,SSP,EPEX
2026-07-10 03:00:00,0.0,0.42000000000000004,SFFR,17.569999999999997,0.0,0.42000000000000004,SFFR,17.57,0.0,0.42000000000000004,SFFR,SFFR,17.569999999999997,6.179999999999993,109.87,116.05,ISEM,EPEX
2026-07-10 03:30:00,0.0,0.42000000000000004,SFFR,17.569999999999997,0.0,0.42000000000000004,SFFR,17.57,0.0,0.42000000000000004,SFFR,SFFR,17.569999999999997,10.980000000000004,105.07,116.05,DA_HH,EPEX
2026-07-10 04:00:00,0.0,0.42000000000000004,SFFR,17.569999999999997,0.0,0.42000000000000004,SFFR,17.57,0.0,0.42000000000000004,SFFR,SFFR,17.569999999999997,17.989999999999995,116.52,134.51,ISEM,SSP
2026-07-10 04:30:00,0.0,0.42000000000000004,SFFR,17.569999999999997,0.0,0.42000000000000004,SFFR,17.57,0.0,0.42000000000000004,SFFR,SFFR,17.569999999999997,7.280000000000001,112.15,119.43,DA_HH,EPEX
2026-07-10 05:00:00,0.0,0.42000000000000004,SFFR,17.569999999999997,0.0,0.42000000000000004,SFFR,17.57,0.0,0.42000000000000004,SFFR,SFFR,17.569999999999997,4.0,124.03,128.03,SSP,DA_HH
2026-07-10 05:30:00,0.0,0.42000000000000004,SFFR,17.569999999999997,0.0,0.42000000000000004,SFFR,17.57,0.0,0.42000000000000004,SFFR,SFFR,17.569999999999997,19.319999999999993,108.51,127.83,SSP,DA_HH
2026-07-10 06:00:00,0.0,0.42000000000000004,SFFR,17.569999999999997,0.0,0.42000000000000004,SFFR,17.57,0.0,0.42000000000000004,SFFR,SFFR,17.569999999999997,19.77000000000001,105.63,125.4,SSP,EPEX
2026-07-10 06:30:00,0.0,0.42000000000000004,SFFR,17.569999999999997,0.0,0.42000000000000004,SFFR,17.57,0.0,0.42000000000000004,SFFR,SFFR,17.569999999999997,11.400000000000006,123.6,135.0,ISEM,SSP
2026-07-10 07:00:00,0.0,0.42000000000000004,SFFR,17.569999999999997,0.0,0.42000000000000004,SFFR,17.57,0.0,0.42000000000000004,SFFR,SFFR,17.569999999999997,31.47,90.01,121.48,SSP,EPEX
2026-07-10 07:30:00,0.0,0.42000000000000004,SFFR,17.569999999999997,0.0,0.42000000000000004,SFFR,17.57,0.0,0.42000000000000004,SFFR,SFFR,17.569999999999997,32.36,89.12,121.48,SSP,EPEX
2026-07-10 08:00:00,0.0,0.42000000000000004,SFFR,17.569999999999997,0.0,0.42000000000000004,SFFR,17.57,0.0,0.42000000000000004,SFFR,SFFR,17.569999999999997,8.629999999999995,103.95,112.58,SSP,EPEX
2026-07-10 08:30:00,0.0,0.42000000000000004,SFFR,17.569999999999997,0.0,0.42000000000000004,SFFR,17.57,0.0,0.42000000000000004,SFFR,SFFR,17.569999999999997,29.440000000000012,100.46,129.9,DA_HH,SSP
2026-07-10 09:00:00,0.0,0.42000000000000004,SFFR,17.569999999999997,0.0,0.42000000000000004,SFFR,17.57,0.0,0.42000000000000004,SFFR,SFFR,17.569999999999997,35.92999999999999,100.46,136.39,DA_HH,SSP
2026-07-10 09:30:00,0.0,0.42000000000000004,SFFR,17.569999999999997,0.0,0.42000000000000004,SFFR,17.57,0.0,0.42000000000000004,SFFR,SFFR,17.569999999999997,34.599999999999994,102.4,137.0,DA_HH,SSP
2026-07-10 10:00:00,0.0,0.42000000000000004,SFFR,17.569999999999997,0.0,0.42000000000000004,SFFR,17.57,0.0,0.42000000000000004,SFFR,SFFR,17.569999999999997,34.980000000000004,101.02,136.0,EPEX,SSP
2026-07-10 10:30:00,0.0,0.42000000000000004,SFFR,17.569999999999997,0.0,0.42000000000000004,SFFR,17.57,0.0,0.42000000000000004,SFFR,SFFR,17.569999999999997,34.980000000000004,101.02,136.0,EPEX,SSP
2026-07-10 11:00:00,0.0,0.42000000000000004,SFFR,17.569999999999997,0.0,0.42000000000000004,SFFR,17.57,0.0,0.42000000000000004,SFFR,SFFR,17.569999999999997,25.099999999999994,96.9,122.0,EPEX,SSP
2026-07-10 11:30:00,0.0,0.42000000000000004,SFFR,17.569999999999997,0.0,0.42000000000000004,SFFR,17.57,0.0,0.42000000000000004,SFFR,SFFR,17.569999999999997,11.240000000000009,89.3,100.54,SSP,ISEM
2026-07-10 12:00:00,0.0,0.42000000000000004,SFFR,17.569999999999997,0.0,0.42000000000000004,SFFR,17.57,0.0,0.42000000000000004,SFFR,SFFR,17.569999999999997,26.0,96.0,122.0,EPEX,SSP
2026-07-10 12:30:00,0.0,0.42000000000000004,SFFR,17.569999999999997,0.0,0.42000000000000004,SFFR,17.57,0.0,0.42000000000000004,SFFR,SFFR,17.569999999999997,26.0,96.0,122.0,EPEX,SSP
2026-07-10 13:00:00,0.0,0.42000000000000004,SFFR,17.569999999999997,0.0,0.42000000000000004,SFFR,17.57,0.0,0.42000000000000004,SFFR,SFFR,17.569999999999997,3.6099999999999994,95.13,98.74,SSP,ISEM
2026-07-10 13:30:00,0.0,0.42000000000000004,SFFR,17.569999999999997,0.0,0.42000000000000004,SFFR,17.57,0.0,0.42000000000000004,SFFR,SFFR,17.569999999999997,26.0,96.0,122.0,EPEX,SSP
2026-07-10 14:00:00,0.0,0.42000000000000004,SFFR,17.569999999999997,0.0,0.42000000000000004,SFFR,17.57,0.0,0.42000000000000004,SFFR,SFFR,17.569999999999997,26.430000000000007,95.57,122.0,EPEX,SSP
2026-07-10 14:30:00,0.0,0.42000000000000004,SFFR,17.569999999999997,0.0,0.42000000000000004,SFFR,17.57,0.0,0.42000000000000004,SFFR,SFFR,17.569999999999997,26.430000000000007,95.57,122.0,EPEX,SSP
2026-07-10 15:00:00,0.0,0.42000000000000004,SFFR,17.569999999999997,0.0,0.42000000000000004,SFFR,17.57,0.0,0.42000000000000004,SFFR,SFFR,17.569999999999997,34.3,94.7,129.0,EPEX,SSP
2026-07-10 15:30:00,0.0,0.42000000000000004,SFFR,17.569999999999997,0.0,0.42000000000000004,SFFR,17.57,0.0,0.42000000000000004,SFFR,SFFR,17.569999999999997,5.219999999999999,94.7,99.92,EPEX,SSP
2026-07-10 16:00:00,0.0,0.42000000000000004,SFFR,17.569999999999997,0.0,0.42000000000000004,SFFR,17.57,0.0,0.42000000000000004,SFFR,SFFR,17.569999999999997,17.980000000000004,89.2,107.18,SSP,DA_HH
2026-07-10 16:30:00,0.0,0.42000000000000004,SFFR,17.569999999999997,0.0,0.42000000000000004,SFFR,17.57,0.0,0.42000000000000004,SFFR,SFFR,17.569999999999997,23.599999999999994,98.4,122.0,EPEX,SSP
2026-07-10 17:00:00,0.0,0.42000000000000004,SFFR,17.569999999999997,0.0,0.42000000000000004,SFFR,17.57,0.0,0.42000000000000004,SFFR,SFFR,17.569999999999997,27.83,112.17,140.0,DA_HH,SSP
2026-07-10 17:30:00,0.0,0.42000000000000004,SFFR,17.569999999999997,0.0,0.42000000000000004,SFFR,17.57,0.0,0.42000000000000004,SFFR,SFFR,17.569999999999997,25.0,115.0,140.0,EPEX,SSP
2026-07-10 18:00:00,0.0,0.42000000000000004,SFFR,17.569999999999997,0.0,0.42000000000000004,SFFR,17.57,0.0,0.42000000000000004,SFFR,SFFR,17.569999999999997,36.14,99.29,135.43,SSP,EPEX
2026-07-10 18:30:00,0.0,0.42000000000000004,SFFR,17.569999999999997,0.0,0.42000000000000004,SFFR,17.57,0.0,0.42000000000000004,SFFR,SFFR,17.569999999999997,44.56999999999999,135.43,180.0,EPEX,SSP
2026-07-10 19:00:00,0.0,0.42000000000000004,SFFR,17.569999999999997,0.0,0.42000000000000004,SFFR,17.57,0.0,0.42000000000000004,SFFR,SFFR,17.569999999999997,35.5,144.5,180.0,DA_HH,SSP
2026-07-10 19:30:00,0.0,0.42000000000000004,SFFR,17.569999999999997,0.0,0.42000000000000004,SFFR,17.57,0.0,0.42000000000000004,SFFR,SFFR,17.569999999999997,33.370000000000005,146.63,180.0,DA_HH,SSP
2026-07-10 20:00:00,0.0,0.42000000000000004,SFFR,17.569999999999997,0.0,0.42000000000000004,SFFR,17.57,0.0,0.42000000000000004,SFFR,SFFR,17.569999999999997,63.599999999999994,146.4,210.0,ISEM,SSP
2026-07-10 20:30:00,0.0,0.42000000000000004,SFFR,17.569999999999997,0.0,0.42000000000000004,SFFR,17.57,0.0,0.42000000000000004,SFFR,SFFR,17.569999999999997,32.06,147.94,180.0,ISEM,SSP
2026-07-10 21:00:00,0.0,0.42000000000000004,SFFR,17.569999999999997,0.0,0.42000000000000004,SFFR,17.57,0.0,0.42000000000000004,SFFR,SFFR,17.569999999999997,34.31,145.69,180.0,ISEM,SSP
2026-07-10 21:30:00,0.0,0.42000000000000004,SFFR,17.569999999999997,0.0,0.42000000000000004,SFFR,17.57,0.0,0.42000000000000004,SFFR,SFFR,17.569999999999997,41.31,105.47,146.78,SSP,EPEX
2026-07-10 22:00:00,0.0,0.42000000000000004,SFFR,17.569999999999997,0.0,0.42000000000000004,SFFR,17.57,0.0,0.42000000000000004,SFFR,SFFR,17.569999999999997,34.45,106.7,141.15,SSP,DA_HH
2026-07-10 22:30:00,0.0,0.42000000000000004,SFFR,17.569999999999997,0.0,0.42000000000000004,SFFR,17.57,0.0,0.42000000000000004,SFFR,SFFR,17.569999999999997,28.330000000000013,106.0,134.33,SSP,EPEX
2026-07-10 23:00:00,0.0,0.42000000000000004,SFFR,17.569999999999997,0.0,0.42000000000000004,SFFR,17.57,0.0,0.42000000000000004,SFFR,SFFR,17.569999999999997,29.980000000000018,99.82,129.8,SSP,ISEM
2026-07-10 23:30:00,0.0,0.42000000000000004,SFFR,17.569999999999997,0.0,0.42000000000000004,SFFR,17.57,0.0,0.42000000000000004,SFFR,SFFR,17.569999999999997,21.829999999999984,107.15,128.98,SSP,ISEM
2026-07-11 00:00:00,0.0,0.42000000000000004,SFFR,17.569999999999997,0.0,0.42000000000000004,SFFR,17.57,0.0,0.42000000000000004,SFFR,SFFR,17.569999999999997,27.539999999999992,101.66,129.2,SSP,DA_HH
2026-07-11 00:30:00,0.0,0.42000000000000004,SFFR,17.569999999999997,0.0,0.42000000000000004,SFFR,17.57,0.0,0.42000000000000004,SFFR,SFFR,17.569999999999997,4.799999999999997,122.93,127.73,SSP,ISEM
2026-07-11 01:00:00,0.0,0.42000000000000004,SFFR,17.569999999999997,0.0,0.42000000000000004,SFFR,17.57,0.0,0.42000000000000004,SFFR,SFFR,17.569999999999997,27.320000000000007,99.86,127.18,SSP,ISEM
2026-07-11 01:30:00,0.0,0.42000000000000004,SFFR,17.569999999999997,0.0,0.42000000000000004,SFFR,17.57,0.0,0.42000000000000004,SFFR,SFFR,17.569999999999997,14.510000000000005,111.91,126.42,SSP,ISEM
2026-07-11 02:00:00,0.0,0.42000000000000004,SFFR,17.569999999999997,0.0,0.42000000000000004,SFFR,17.57,0.0,0.42000000000000004,SFFR,SFFR,17.569999999999997,15.200000000000003,111.34,126.54,SSP,ISEM
2026-07-11 02:30:00,0.0,0.42000000000000004,SFFR,17.569999999999997,0.0,0.42000000000000004,SFFR,17.57,0.0,0.42000000000000004,SFFR,SFFR,17.569999999999997,9.700000000000003,109.8,119.5,SSP,ISEM
2026-07-11 03:00:00,0.0,0.42000000000000004,SFFR,17.569999999999997,0.0,0.42000000000000004,SFFR,17.57,0.0,0.42000000000000004,SFFR,SFFR,17.569999999999997,8.689999999999998,112.31,121.0,SSP,ISEM
2026-07-11 03:30:00,0.0,0.42000000000000004,SFFR,17.569999999999997,0.0,0.42000000000000004,SFFR,17.57,0.0,0.42000000000000004,SFFR,SFFR,17.569999999999997,11.989999999999995,113.0,124.99,EPEX,SSP
2026-07-11 04:00:00,0.0,0.42000000000000004,SFFR,17.569999999999997,0.0,0.42000000000000004,SFFR,17.57,0.0,0.42000000000000004,SFFR,SFFR,17.569999999999997,12.629999999999995,112.37,125.0,EPEX,SSP
2026-07-11 04:30:00,0.0,0.42000000000000004,SFFR,17.569999999999997,0.0,0.42000000000000004,SFFR,17.57,0.0,0.42000000000000004,SFFR,SFFR,17.569999999999997,6.569999999999993,110.42,116.99,DA_HH,ISEM
2026-07-11 05:00:00,0.0,0.42000000000000004,SFFR,17.569999999999997,0.0,0.42000000000000004,SFFR,17.57,0.0,0.42000000000000004,SFFR,SFFR,17.569999999999997,7.049999999999997,110.84,117.89,EPEX,SSP
2026-07-11 05:30:00,0.0,0.42000000000000004,SFFR,17.569999999999997,0.0,0.42000000000000004,SFFR,17.57,0.0,0.42000000000000004,SFFR,SFFR,17.569999999999997,19.53,92.57,112.1,SSP,DA_HH
2026-07-11 06:00:00,0.0,0.42000000000000004,SFFR,17.569999999999997,0.0,0.42000000000000004,SFFR,17.57,0.0,0.42000000000000004,SFFR,SFFR,17.569999999999997,9.210000000000008,98.8,108.01,ISEM,SSP
2026-07-11 06:30:00,0.0,0.42000000000000004,SFFR,17.569999999999997,0.0,0.42000000000000004,SFFR,17.57,0.0,0.42000000000000004,SFFR,SFFR,17.569999999999997,10.959999999999994,103.04,114.0,DA_HH,SSP
2026-07-11 07:00:00,0.0,0.42000000000000004,SFFR,17.569999999999997,0.0,0.42000000000000004,SFFR,17.57,0.0,0.42000000000000004,SFFR,SFFR,17.569999999999997,17.22,91.7,108.92,SSP,EPEX
2026-07-11 07:30:00,0.0,0.42000000000000004,SFFR,17.569999999999997,0.0,0.42000000000000004,SFFR,17.57,0.0,0.42000000000000004,SFFR,SFFR,17.569999999999997,0.9200000000000017,108.0,108.92,DA_HH,EPEX
2026-07-11 08:00:00,0.0,0.42000000000000004,SFFR,17.569999999999997,0.0,0.42000000000000004,SFFR,17.57,0.0,0.42000000000000004,SFFR,SFFR,17.569999999999997,7.950000000000003,107.07,115.02,EPEX,ISEM
2026-07-11 08:30:00,0.0,0.42000000000000004,SFFR,17.569999999999997,0.0,0.42000000000000004,SFFR,17.57,0.0,0.42000000000000004,SFFR,SFFR,17.569999999999997,11.840000000000003,107.07,118.91,EPEX,ISEM
2026-07-11 09:00:00,0.0,0.42000000000000004,SFFR,17.569999999999997,0.0,0.42000000000000004,SFFR,17.57,0.0,0.42000000000000004,SFFR,SFFR,17.569999999999997,16.269999999999996,104.92,121.19,EPEX,ISEM
2026-07-11 09:30:00,0.0,0.42000000000000004,SFFR,17.569999999999997,0.0,0.42000000000000004,SFFR,17.57,0.0,0.42000000000000004,SFFR,SFFR,17.569999999999997,19.659999999999997,104.92,124.58,EPEX,DA_HH
2026-07-11 10:00:00,0.0,0.42000000000000004,SFFR,17.569999999999997,0.0,0.42000000000000004,SFFR,17.57,0.0,0.42000000000000004,SFFR,SFFR,17.569999999999997,37.390000000000015,97.57,134.96,EPEX,SSP
2026-07-11 10:30:00,0.0,0.42000000000000004,SFFR,17.569999999999997,0.0,0.42000000000000004,SFFR,17.57,0.0,0.42000000000000004,SFFR,SFFR,17.569999999999997,37.69,97.57,135.26,EPEX,SSP
2026-07-11 11:00:00,0.0,0.42000000000000004,SFFR,17.569999999999997,0.0,0.42000000000000004,SFFR,17.57,0.0,0.42000000000000004,SFFR,SFFR,17.569999999999997,36.75,88.25,125.0,EPEX,SSP
2026-07-11 11:30:00,0.0,0.42000000000000004,SFFR,17.569999999999997,0.0,0.42000000000000004,SFFR,17.57,0.0,0.42000000000000004,SFFR,SFFR,17.569999999999997,36.75,88.25,125.0,EPEX,SSP
2026-07-11 12:00:00,0.0,0.42000000000000004,SFFR,17.569999999999997,0.0,0.42000000000000004,SFFR,17.57,0.0,0.42000000000000004,SFFR,SFFR,17.569999999999997,45.599999999999994,79.4,125.0,EPEX,SSP
2026-07-11 12:30:00,0.0,0.42000000000000004,SFFR,17.569999999999997,0.0,0.42000000000000004,SFFR,17.57,0.0,0.42000000000000004,SFFR,SFFR,17.569999999999997,45.599999999999994,79.4,125.0,EPEX,SSP
2026-07-11 13:00:00,0.0,0.42000000000000004,SFFR,17.569999999999997,0.0,0.42000000000000004,SFFR,17.57,0.0,0.42000000000000004,SFFR,SFFR,17.569999999999997,46.97,78.03,125.0,EPEX,SSP
2026-07-11 13:30:00,0.0,0.42000000000000004,SFFR,17.569999999999997,0.0,0.42000000000000004,SFFR,17.57,0.0,0.42000000000000004,SFFR,SFFR,17.569999999999997,46.97,78.03,125.0,EPEX,SSP
2026-07-11 14:00:00,0.0,0.42000000000000004,SFFR,17.569999999999997,0.0,0.42000000000000004,SFFR,17.57,0.0,0.42000000000000004,SFFR,SFFR,17.569999999999997,48.459999999999994,76.54,125.0,EPEX,SSP
2026-07-11 14:30:00,0.0,0.42000000000000004,SFFR,17.569999999999997,0.0,0.42000000000000004,SFFR,17.57,0.0,0.42000000000000004,SFFR,SFFR,17.569999999999997,63.459999999999994,76.54,140.0,EPEX,SSP
2026-07-11 15:00:00,0.0,0.42000000000000004,SFFR,17.569999999999997,0.0,0.42000000000000004,SFFR,17.57,0.0,0.42000000000000004,SFFR,SFFR,17.569999999999997,15.269999999999996,76.0,91.27,EPEX,SSP
2026-07-11 15:30:00,0.0,0.42000000000000004,SFFR,17.569999999999997,0.0,0.42000000000000004,SFFR,17.57,0.0,0.42000000000000004,SFFR,SFFR,17.569999999999997,16.89,76.0,92.89,EPEX,SSP
2026-07-11 16:00:00,0.0,0.42000000000000004,SFFR,17.569999999999997,0.0,0.42000000000000004,SFFR,17.57,0.0,0.42000000000000004,SFFR,SFFR,17.569999999999997,6.0,86.87,92.87,ISEM,DA_HH
2026-07-11 16:30:00,0.0,0.42000000000000004,SFFR,17.569999999999997,0.0,0.42000000000000004,SFFR,17.57,0.0,0.42000000000000004,SFFR,SFFR,17.569999999999997,6.840000000000003,88.45,95.29,SSP,ISEM
2026-07-11 17:00:00,0.0,0.42000000000000004,SFFR,17.569999999999997,0.0,0.42000000000000004,SFFR,17.57,0.0,0.42000000000000004,SFFR,SFFR,17.569999999999997,10.760000000000005,98.0,108.76,SSP,DA_HH
2026-07-11 17:30:00,0.0,0.42000000000000004,SFFR,17.569999999999997,0.0,0.42000000000000004,SFFR,17.57,0.0,0.42000000000000004,SFFR,SFFR,17.569999999999997,8.969999999999999,97.27,106.24,SSP,EPEX
2026-07-11 18:00:00,0.0,0.42000000000000004,SFFR,17.569999999999997,0.0,0.42000000000000004,SFFR,17.57,0.0,0.42000000000000004,SFFR,SFFR,17.569999999999997,18.429999999999993,120.02,138.45,EPEX,SSP
2026-07-11 18:30:00,0.0,0.42000000000000004,SFFR,17.569999999999997,0.0,0.42000000000000004,SFFR,17.57,0.0,0.42000000000000004,SFFR,SFFR,17.569999999999997,31.540000000000006,100.33,131.87,SSP,DA_HH
2026-07-11 19:00:00,0.0,0.42000000000000004,SFFR,17.569999999999997,0.0,0.42000000000000004,SFFR,17.57,0.0,0.42000000000000004,SFFR,SFFR,17.569999999999997,30.659999999999997,99.34,130.0,SSP,ISEM
2026-07-11 19:30:00,0.0,0.42000000000000004,SFFR,17.569999999999997,0.0,0.42000000000000004,SFFR,17.57,0.0,0.42000000000000004,SFFR,SFFR,17.569999999999997,10.25,128.2,138.45,DA_HH,SSP
2026-07-11 20:00:00,0.0,0.42000000000000004,SFFR,17.569999999999997,0.0,0.42000000000000004,SFFR,17.57,0.0,0.42000000000000004,SFFR,SFFR,17.569999999999997,32.03999999999999,97.31,129.35,SSP,ISEM
2026-07-11 20:30:00,0.0,0.42000000000000004,SFFR,17.569999999999997,0.0,0.42000000000000004,SFFR,17.57,0.0,0.42000000000000004,SFFR,SFFR,17.569999999999997,32.99000000000001,97.0,129.99,SSP,ISEM
2026-07-11 21:00:00,0.0,0.42000000000000004,SFFR,17.569999999999997,0.0,0.42000000000000004,SFFR,17.57,0.0,0.42000000000000004,SFFR,SFFR,17.569999999999997,33.22,122.78,156.0,DA_HH,SSP
2026-07-11 21:30:00,0.0,0.42000000000000004,SFFR,17.569999999999997,0.0,0.42000000000000004,SFFR,17.57,0.0,0.42000000000000004,SFFR,SFFR,17.569999999999997,33.599999999999994,122.4,156.0,DA_HH,SSP
2026-07-11 22:00:00,0.0,0.42000000000000004,SFFR,17.569999999999997,0.0,0.42000000000000004,SFFR,17.57,0.0,0.42000000000000004,SFFR,SFFR,17.569999999999997,38.39999999999999,120.05,158.45,DA_HH,SSP
2026-07-11 22:30:00,0.0,0.42000000000000004,SFFR,17.569999999999997,0.0,0.42000000000000004,SFFR,17.57,0.0,0.42000000000000004,SFFR,SFFR,17.569999999999997,40.349999999999994,114.5,154.85,DA_HH,SSP
2026-07-11 23:00:00,0.0,0.42000000000000004,SFFR,17.569999999999997,0.0,0.42000000000000004,SFFR,17.57,0.0,0.42000000000000004,SFFR,SFFR,17.569999999999997,14.849999999999994,110.0,124.85,DA_HH,SSP
2026-07-11 23:30:00,0.0,0.42000000000000004,SFFR,17.569999999999997,0.0,0.42000000000000004,SFFR,17.57,0.0,0.42000000000000004,SFFR,SFFR,17.569999999999997,1.6700000000000017,110.53,112.2,SSP,DA_HH
2026-07-12 00:00:00,0.0,0.42000000000000004,SFFR,17.569999999999997,0.0,0.42000000000000004,SFFR,17.57,-0.27300000000000035,0.42000000000000004,Multi-Market,Buy-DA_HH,95.84399999999997,68.0,104.0,172.0,DA_HH,SSP
2026-07-12 00:30:00,0.0,0.42000000000000004,SFFR,17.569999999999997,0.0,0.42000000000000004,SFFR,17.57,-0.0,0.42000000000000004,Multi-Market,Idle,-0.0,3.6999999999999886,107.9,111.6,ISEM,EPEX
2026-07-12 01:00:00,0.0,0.42000000000000004,SFFR,17.569999999999997,0.0,0.42000000000000004,SFFR,17.57,-0.0,0.42000000000000004,Multi-Market,Idle,-0.0,10.799999999999997,100.0,110.8,DA_HH,EPEX
2026-07-12 01:30:00,0.0,0.42000000000000004,SFFR,17.569999999999997,0.0,0.42000000000000004,SFFR,17.57,-0.0,0.42000000000000004,Multi-Market,Idle,-0.0,3.950000000000003,106.85,110.8,DA_HH,EPEX
2026-07-12 02:00:00,0.0,0.42000000000000004,SFFR,17.569999999999997,0.0,0.42000000000000004,SFFR,17.57,0.0,0.42000000000000004,Multi-Market,Idle,0.0,3.049999999999997,105.77,108.82,ISEM,SSP
2026-07-12 02:30:00,0.0,0.42000000000000004,SFFR,17.569999999999997,0.0,0.42000000000000004,SFFR,17.57,-0.0,0.42000000000000004,Multi-Market,Idle,-0.0,4.63000000000001,105.71,110.34,ISEM,SSP
2026-07-12 03:00:00,0.0,0.42000000000000004,SFFR,17.569999999999997,0.0,0.42000000000000004,SFFR,17.57,0.0,0.42000000000000004,Multi-Market,Idle,0.0,1.7800000000000011,106.0,107.78,EPEX,SSP
2026-07-12 03:30:00,0.0,0.42000000000000004,SFFR,17.569999999999997,0.0,0.42000000000000004,SFFR,17.57,0.0,0.42000000000000004,Multi-Market,Idle,0.0,2.6299999999999955,105.29,107.92,ISEM,SSP
2026-07-12 04:00:00,0.0,0.42000000000000004,SFFR,17.569999999999997,0.0,0.42000000000000004,SFFR,17.57,0.0,0.42000000000000004,Multi-Market,Idle,0.0,5.060000000000002,102.61,107.67,EPEX,SSP
2026-07-12 04:30:00,0.0,0.42000000000000004,SFFR,17.569999999999997,0.0,0.42000000000000004,SFFR,17.57,-0.0,0.42000000000000004,Multi-Market,Idle,-0.0,6.6299999999999955,102.61,109.24,EPEX,SSP
2026-07-12 05:00:00,0.0,0.42000000000000004,SFFR,17.569999999999997,0.0,0.42000000000000004,SFFR,17.57,-0.0,0.42000000000000004,Multi-Market,Idle,-0.0,8.379999999999995,99.62,108.0,EPEX,DA_HH
2026-07-12 05:30:00,0.0,0.42000000000000004,SFFR,17.569999999999997,0.0,0.42000000000000004,SFFR,17.57,-0.0,0.42000000000000004,Multi-Market,Idle,-0.0,3.5400000000000063,96.08,99.62,ISEM,EPEX
2026-07-12 06:00:00,0.0,0.42000000000000004,SFFR,17.569999999999997,0.0,0.42000000000000004,SFFR,17.57,-0.0,0.42000000000000004,Multi-Market,Idle,-0.0,10.61999999999999,84.4,95.02,EPEX,SSP
2026-07-12 06:30:00,0.0,0.42000000000000004,SFFR,17.569999999999997,0.0,0.42000000000000004,SFFR,17.57,-0.0,0.42000000000000004,Multi-Market,Idle,-0.0,7.609999999999999,84.4,92.01,EPEX,ISEM
2026-07-12 07:00:00,0.0,0.42000000000000004,SFFR,17.569999999999997,0.0,0.42000000000000004,SFFR,17.57,0.0,0.41999999999999993,Multi-Market,Idle,0.0,15.170000000000002,45.83,61.0,DA_HH,EPEX
2026-07-12 07:30:00,0.0,0.42000000000000004,SFFR,17.569999999999997,0.0,0.42000000000000004,SFFR,17.57,-0.0,0.42000000000000004,Multi-Market,Idle,-0.0,25.119999999999997,35.88,61.0,ISEM,EPEX
2026-07-12 08:00:00,0.0,0.42000000000000004,SFFR,17.569999999999997,0.0,0.42000000000000004,SFFR,17.57,-0.010086421451070901,0.42000000000000004,Multi-Market,Buy-SSP,3.002029375267963,43.84,-4.24,39.6,SSP,EPEX
2026-07-12 08:30:00,0.0,0.42000000000000004,SFFR,17.569999999999997,0.0,0.42000000000000004,SFFR,17.57,-0.2729999999999999,0.42000000000000004,Multi-Market,Buy-SSP,83.1012,44.72,-5.12,39.6,SSP,EPEX
2026-07-12 09:00:00,0.0,0.42000000000000004,SFFR,17.569999999999997,0.0,0.42000000000000004,SFFR,17.57,-2.1,2.3787496011486513,Multi-Market,Buy-SSP,17.451,35.31,-8.31,27.0,SSP,DA_HH
2026-07-12 09:30:00,0.0,0.42000000000000004,SFFR,17.569999999999997,0.0,0.42000000000000004,SFFR,17.57,-2.1,4.337499202297302,Multi-Market,Buy-SSP,64.764,50.84,-30.84,20.0,SSP,DA_HH
2026-07-12 10:00:00,0.0,0.42000000000000004,SFFR,17.569999999999997,0.0,0.42000000000000004,SFFR,17.57,-2.1,6.296248803445954,Multi-Market,Buy-SSP,26.166000000000004,38.46,-12.46,26.0,SSP,DA_HH
2026-07-12 10:30:00,0.0,0.42000000000000004,SFFR,17.569999999999997,0.0,0.42000000000000004,SFFR,17.57,0.0,6.296248803445954,Multi-Market,Idle,0.0,23.060000000000002,-8.06,15.0,SSP,DA_HH
2026-07-12 11:00:00,0.0,0.42000000000000004,SFFR,17.569999999999997,0.0,0.42000000000000004,SFFR,17.57,0.0,6.296248803445954,Multi-Market,Idle,0.0,16.66,-6.66,10.0,SSP,DA_HH
2026-07-12 11:30:00,0.0,0.42000000000000004,SFFR,17.569999999999997,0.0,0.42000000000000004,SFFR,17.57,0.0,6.296248803445954,Multi-Market,Idle,0.0,14.440000000000001,-7.44,7.0,SSP,ISEM
2026-07-12 12:00:00,0.0,0.42000000000000004,SFFR,17.569999999999997,0.0,0.42000000000000004,SFFR,17.57,-1.8051707633737284,7.9799999999999995,Multi-Market,Buy-SSP,14.910710505466996,14.26,-8.26,6.0,SSP,DA_HH
2026-07-12 12:30:00,0.0,0.42000000000000004,SFFR,17.569999999999997,0.0,0.42000000000000004,SFFR,17.57,0.0,7.9799999999999995,Multi-Market,Idle,0.0,13.49,-7.49,6.0,SSP,DA_HH
2026-07-12 13:00:00,0.0,0.42000000000000004,SFFR,17.569999999999997,0.0,0.42000000000000004,SFFR,17.57,0.0,7.9799999999999995,Multi-Market,Idle,0.0,14.39,-7.59,6.8,SSP,ISEM
2026-07-12 13:30:00,0.0,0.42000000000000004,SFFR,17.569999999999997,0.0,0.42000000000000004,SFFR,17.57,0.0,7.9799999999999995,Multi-Market,Idle,0.0,13.18,-7.86,5.32,SSP,DA_HH
2026-07-12 14:00:00,0.0,0.42000000000000004,SFFR,17.569999999999997,0.0,0.42000000000000004,SFFR,17.57,0.0,7.9799999999999995,Multi-Market,Idle,0.0,12.01,-5.81,6.2,SSP,ISEM
2026-07-12 14:30:00,0.0,0.42000000000000004,SFFR,17.569999999999997,0.0,0.42000000000000004,SFFR,17.57,0.0,7.9799999999999995,Multi-Market,Idle,0.0,15.34,-5.74,9.6,SSP,DA_HH
2026-07-12 15:00:00,0.0,0.42000000000000004,SFFR,17.569999999999997,0.0,0.42000000000000004,SFFR,17.57,0.0,7.9799999999999995,Multi-Market,Idle,0.0,7.0,5.0,12.0,EPEX,DA_HH
2026-07-12 15:30:00,0.0,0.42000000000000004,SFFR,17.569999999999997,0.0,0.42000000000000004,SFFR,17.57,0.0,7.9799999999999995,Multi-Market,Idle,0.0,15.98,-2.07,13.91,SSP,DA_HH
2026-07-12 16:00:00,0.0,0.42000000000000004,SFFR,17.569999999999997,-2.1,2.3787496011486513,EPEX,-50.46300000000001,0.0,7.9799999999999995,Multi-Market,Idle,0.0,27.43,-3.4,24.03,SSP,EPEX
2026-07-12 16:30:00,0.0,0.42000000000000004,SFFR,17.569999999999997,-2.1,4.337499202297303,EPEX,-50.46300000000001,0.0,7.9799999999999995,Multi-Market,Idle,0.0,41.39,-2.51,38.88,SSP,DA_HH
2026-07-12 17:00:00,0.0,0.42000000000000004,SFFR,17.569999999999997,3.6540000000000004,0.42000000000000004,EPEX,292.61232,-0.0,7.9799999999999995,Multi-Market,Idle,-0.0,24.08,56.0,80.08,ISEM,EPEX
2026-07-12 17:30:00,0.0,0.42000000000000004,SFFR,17.569999999999997,-0.0,0.42000000000000004,EPEX,-0.0,-0.27300000000000035,7.9799999999999995,Multi-Market,Buy-ISEM,89.50514999999996,59.44999999999999,70.0,129.45,ISEM,SSP
2026-07-12 18:00:00,0.0,0.42000000000000004,SFFR,17.569999999999997,0.0,0.42000000000000004,SFFR,17.57,3.75,3.959577994358269,Multi-Market,Sell-SSP,522.9375,36.469999999999985,102.98,139.45,ISEM,SSP
2026-07-12 18:30:00,0.0,0.42000000000000004,SFFR,17.569999999999997,0.0,0.42000000000000004,SFFR,17.57,3.3014985641351435,0.42000000000000004,Multi-Market,Sell-SSP,460.3939747686457,35.61999999999999,103.83,139.45,EPEX,SSP
2026-07-12 19:00:00,0.0,0.42000000000000004,SFFR,17.569999999999997,0.0,0.42000000000000004,SFFR,17.57,-0.0,0.42000000000000004,Multi-Market,Idle,-0.0,24.349999999999994,115.1,139.45,EPEX,SSP
2026-07-12 19:30:00,0.0,0.42000000000000004,SFFR,17.569999999999997,0.0,0.42000000000000004,SFFR,17.57,0.0,0.42000000000000004,Multi-Market,Idle,0.0,14.400000000000006,115.1,129.5,EPEX,SSP
2026-07-12 20:00:00,0.0,0.42000000000000004,SFFR,17.569999999999997,0.0,0.42000000000000004,SFFR,17.57,0.0,0.42000000000000004,Multi-Market,Idle,0.0,7.5,122.0,129.5,DA_HH,SSP
2026-07-12 20:30:00,0.0,0.42000000000000004,SFFR,17.569999999999997,0.0,0.42000000000000004,SFFR,17.57,0.0,0.42000000000000004,Multi-Market,Idle,0.0,7.900000000000006,121.6,129.5,DA_HH,SSP
2026-07-12 21:00:00,0.0,0.42000000000000004,SFFR,17.569999999999997,0.0,0.42000000000000004,SFFR,17.57,0.0,0.42000000000000004,Multi-Market,Idle,0.0,6.420000000000002,123.08,129.5,DA_HH,SSP
2026-07-12 21:30:00,0.0,0.42000000000000004,SFFR,17.569999999999997,0.0,0.42000000000000004,SFFR,17.57,0.0,0.42000000000000004,Multi-Market,Idle,0.0,8.900000000000006,123.1,132.0,DA_HH,SSP
2026-07-12 22:00:00,0.0,0.42000000000000004,SFFR,17.569999999999997,0.0,0.42000000000000004,SFFR,17.57,-0.0,0.42000000000000004,Multi-Market,Idle,-0.0,16.0,118.0,134.0,EPEX,SSP
2026-07-12 22:30:00,0.0,0.42000000000000004,SFFR,17.569999999999997,0.0,0.42000000000000004,SFFR,17.57,0.0,0.42000000000000004,Multi-Market,Idle,0.0,3.0,115.0,118.0,DA_HH,EPEX
2026-07-12 23:00:00,0.0,0.42000000000000004,SFFR,17.569999999999997,0.0,0.42000000000000004,SFFR,17.57,-0.0,0.42000000000000004,Multi-Market,Idle,-0.0,30.180000000000007,90.0,120.18,SSP,ISEM
2026-07-12 23:30:00,0.0,0.42000000000000004,SFFR,17.569999999999997,0.0,0.42000000000000004,SFFR,17.57,-0.0,0.42000000000000004,Multi-Market,Idle,-0.0,30.260000000000005,85.22,115.48,SSP,ISEM
2026-07-13 00:00:00,0.0,0.42000000000000004,SFFR,17.569999999999997,0.0,0.42000000000000004,SFFR,17.57,0.0,0.42000000000000004,Multi-Market,Idle,0.0,7.579999999999998,106.42,114.0,SSP,ISEM
2026-07-13 00:30:00,0.0,0.42000000000000004,SFFR,17.569999999999997,0.0,0.42000000000000004,SFFR,17.57,0.0,0.42000000000000004,Multi-Market,Idle,0.0,7.920000000000002,104.08,112.0,SSP,ISEM
2026-07-13 01:00:00,0.0,0.42000000000000004,SFFR,17.569999999999997,0.0,0.42000000000000004,SFFR,17.57,0.0,0.42000000000000004,Multi-Market,Idle,0.0,4.609999999999999,100.39,105.0,DA_HH,ISEM
2026-07-13 01:30:00,0.0,0.42000000000000004,SFFR,17.569999999999997,0.0,0.42000000000000004,SFFR,17.57,0.0,0.42000000000000004,Multi-Market,Idle,0.0,3.6299999999999955,100.87,104.5,DA_HH,EPEX
2026-07-13 02:00:00,0.0,0.42000000000000004,SFFR,17.569999999999997,0.0,0.42000000000000004,SFFR,17.57,0.0,0.42000000000000004,Multi-Market,Idle,0.0,3.8700000000000045,101.5,105.37,EPEX,DA_HH
2026-07-13 02:30:00,0.0,0.42000000000000004,SFFR,17.569999999999997,0.0,0.42000000000000004,SFFR,17.57,0.0,0.42000000000000004,Multi-Market,Idle,0.0,2.969999999999999,100.63,103.6,SSP,DA_HH
2026-07-13 03:00:00,0.0,0.42000000000000004,SFFR,17.569999999999997,0.0,0.42000000000000004,SFFR,17.57,-2.1,2.3787496011486513,Multi-Market,Buy-EPEX,-208.90800000000002,6.450000000000003,99.48,105.93,EPEX,DA_HH
2026-07-13 03:30:00,0.0,0.42000000000000004,SFFR,17.569999999999997,0.0,0.42000000000000004,SFFR,17.57,-2.1,4.337499202297303,Multi-Market,Buy-EPEX,-208.90800000000002,6.6299999999999955,99.48,106.11,EPEX,DA_HH
2026-07-13 04:00:00,0.0,0.42000000000000004,SFFR,17.569999999999997,0.0,0.42000000000000004,SFFR,17.57,0.0,4.337499202297303,Multi-Market,Idle,0.0,9.899999999999991,102.7,112.6,EPEX,DA_HH
2026-07-13 04:30:00,0.0,0.42000000000000004,SFFR,17.569999999999997,0.0,0.42000000000000004,SFFR,17.57,0.0,4.337499202297303,Multi-Market,Idle,0.0,5.3799999999999955,102.7,108.08,EPEX,ISEM
2026-07-13 05:00:00,0.0,0.42000000000000004,SFFR,17.569999999999997,0.0,0.42000000000000004,SFFR,17.57,0.0,4.337499202297303,Multi-Market,Idle,0.0,17.900000000000006,110.5,128.4,EPEX,SSP
2026-07-13 05:30:00,0.0,0.42000000000000004,SFFR,17.569999999999997,0.0,0.42000000000000004,SFFR,17.57,0.0,4.337499202297303,Multi-Market,Idle,0.0,17.5,110.5,128.0,EPEX,DA_HH
2026-07-13 06:00:00,0.0,0.42000000000000004,SFFR,17.569999999999997,0.0,0.42000000000000004,SFFR,17.57,0.0,4.337499202297303,Multi-Market,Idle,0.0,7.659999999999997,114.31,121.97,SSP,DA_HH
2026-07-13 06:30:00,0.0,0.42000000000000004,SFFR,17.569999999999997,0.0,0.42000000000000004,SFFR,17.57,0.0,4.337499202297303,Multi-Market,Idle,0.0,15.400000000000006,114.6,130.0,EPEX,DA_HH
2026-07-13 07:00:00,0.0,0.42000000000000004,SFFR,17.569999999999997,0.0,0.42000000000000004,SFFR,17.57,-0.1103448275862064,4.4404220056417305,Multi-Market,Buy-SSP,-11.034482758620639,22.72,100.0,122.72,SSP,EPEX
2026-07-13 07:30:00,0.0,0.42000000000000004,SFFR,17.569999999999997,0.0,0.42000000000000004,SFFR,17.57,0.0,4.4404220056417305,Multi-Market,Idle,0.0,2.8400000000000034,119.88,122.72,SSP,EPEX
2026-07-13 08:00:00,0.0,0.42000000000000004,SFFR,17.569999999999997,0.0,0.42000000000000004,SFFR,17.57,3.75,0.42000000000000004,Multi-Market,Sell-SSP,825.0,114.5,105.5,220.0,DA_HH,SSP
2026-07-13 08:30:00,0.0,0.42000000000000004,SFFR,17.569999999999997,0.0,0.42000000000000004,SFFR,17.57,0.0,0.42000000000000004,Multi-Market,Idle,0.0,70.69,108.31,179.0,ISEM,SSP
2026-07-13 09:00:00,0.0,0.42000000000000004,SFFR,17.569999999999997,0.0,0.42000000000000004,SFFR,17.57,0.0,0.42000000000000004,Multi-Market,Idle,0.0,26.27000000000001,107.31,133.58,ISEM,SSP
2026-07-13 09:30:00,0.0,0.42000000000000004,SFFR,17.569999999999997,0.0,0.42000000000000004,SFFR,17.57,0.0,0.42000000000000004,Multi-Market,Idle,0.0,35.81999999999999,97.18,133.0,DA_HH,SSP
2026-07-13 10:00:00,0.0,0.42000000000000004,SFFR,17.569999999999997,0.0,0.42000000000000004,SFFR,17.57,0.0,0.42000000000000004,Multi-Market,Idle,0.0,20.210000000000008,80.16,100.37,SSP,DA_HH
2026-07-13 10:30:00,0.0,0.42000000000000004,SFFR,17.569999999999997,0.0,0.42000000000000004,SFFR,17.57,0.0,0.42000000000000004,Multi-Market,Idle,0.0,24.409999999999997,71.17,95.58,SSP,EPEX
2026-07-13 11:00:00,0.0,0.42000000000000004,SFFR,17.569999999999997,0.0,0.42000000000000004,SFFR,17.57,0.0,0.42000000000000004,Multi-Market,Idle,0.0,8.120000000000005,72.28,80.4,SSP,DA_HH
2026-07-13 11:30:00,0.0,0.42000000000000004,SFFR,17.569999999999997,0.0,0.42000000000000004,SFFR,17.57,-2.1,2.3787496011486513,Multi-Market,Buy-SSP,-110.691,27.29,52.71,80.0,SSP,EPEX
2026-07-13 12:00:00,0.0,0.42000000000000004,SFFR,17.569999999999997,0.0,0.42000000000000004,SFFR,17.57,0.0,2.3787496011486513,Multi-Market,Idle,0.0,55.2,72.8,128.0,EPEX,SSP
2026-07-13 12:30:00,0.0,0.42000000000000004,SFFR,17.569999999999997,0.0,0.42000000000000004,SFFR,17.57,-2.1,4.337499202297303,Multi-Market,Buy-SSP,-83.91600000000001,38.839999999999996,39.96,78.8,SSP,DA_HH
2026-07-13 13:00:00,0.0,0.42000000000000004,SFFR,17.569999999999997,0.0,0.42000000000000004,SFFR,17.57,0.0,4.337499202297303,Multi-Market,Idle,0.0,48.43000000000001,68.38,116.81,EPEX,SSP
2026-07-13 13:30:00,0.0,0.42000000000000004,SFFR,17.569999999999997,0.0,0.42000000000000004,SFFR,17.57,-2.1,6.296248803445954,Multi-Market,Buy-SSP,-100.80000000000001,28.900000000000006,48.0,76.9,SSP,ISEM
2026-07-13 14:00:00,0.0,0.42000000000000004,SFFR,17.569999999999997,0.0,0.42000000000000004,SFFR,17.57,0.0,6.296248803445954,Multi-Market,Idle,0.0,19.020000000000003,61.98,81.0,SSP,ISEM
2026-07-13 14:30:00,0.0,0.42000000000000004,SFFR,17.569999999999997,0.0,0.42000000000000004,SFFR,17.57,0.0,6.296248803445954,Multi-Market,Idle,0.0,19.089999999999996,61.98,81.07,SSP,ISEM
2026-07-13 15:00:00,0.0,0.42000000000000004,SFFR,17.569999999999997,0.0,0.42000000000000004,SFFR,17.57,-1.8051707633737284,7.9799999999999995,Multi-Market,Buy-SSP,-101.68526910084212,26.590000000000003,56.33,82.92,SSP,ISEM
2026-07-13 15:30:00,0.0,0.42000000000000004,SFFR,17.569999999999997,0.0,0.42000000000000004,SFFR,17.57,0.0,7.9799999999999995,Multi-Market,Idle,0.0,12.090000000000003,69.92,82.01,SSP,ISEM
2026-07-13 16:00:00,0.0,0.42000000000000004,SFFR,17.569999999999997,0.0,0.42000000000000004,SFFR,17.57,1.798501435864858,6.051804066685513,Multi-Market,Sell-SSP,318.0649789327001,80.66999999999999,96.18,176.85,EPEX,SSP
2026-07-13 16:30:00,0.0,0.42000000000000004,SFFR,17.569999999999997,0.0,0.42000000000000004,SFFR,17.57,-2.067243029729722,7.9799999999999995,Multi-Market,Buy-SSP,-180.2635921924318,8.980000000000004,87.2,96.18,SSP,EPEX
2026-07-13 17:00:00,0.0,0.42000000000000004,SFFR,17.569999999999997,0.0,0.42000000000000004,SFFR,17.57,0.0,7.9799999999999995,Multi-Market,Idle,0.0,39.55,109.95,149.5,DA_HH,SSP
2026-07-13 17:30:00,0.0,0.42000000000000004,SFFR,17.569999999999997,0.0,0.42000000000000004,SFFR,17.57,0.0,7.9799999999999995,Multi-Market,Idle,0.0,49.0,110.0,159.0,EPEX,SSP
2026-07-13 18:00:00,0.0,0.42000000000000004,SFFR,17.569999999999997,0.0,0.42000000000000004,SFFR,17.57,0.0,7.9799999999999995,Multi-Market,Idle,0.0,24.36999999999999,106.26,130.63,SSP,EPEX
2026-07-13 18:30:00,0.0,0.42000000000000004,SFFR,17.569999999999997,0.0,0.42000000000000004,SFFR,17.57,3.3014985641351435,4.4404220056417305,Multi-Market,Sell-SSP,583.8700210673001,49.91,126.94,176.85,DA_HH,SSP
2026-07-13 19:00:00,0.0,0.42000000000000004,SFFR,17.569999999999997,0.0,0.42000000000000004,SFFR,17.57,0.0,4.4404220056417305,Multi-Market,Idle,0.0,16.25999999999999,125.0,141.26,SSP,DA_HH
2026-07-13 19:30:00,0.0,0.42000000000000004,SFFR,17.569999999999997,0.0,0.42000000000000004,SFFR,17.57,0.0,4.4404220056417305,Multi-Market,Idle,0.0,28.829999999999984,113.59,142.42,SSP,ISEM
2026-07-13 20:00:00,0.0,0.42000000000000004,SFFR,17.569999999999997,0.0,0.42000000000000004,SFFR,17.57,0.0,4.4404220056417305,Multi-Market,Idle,0.0,11.219999999999999,135.65,146.87,EPEX,DA_HH
2026-07-13 20:30:00,0.0,0.42000000000000004,SFFR,17.569999999999997,0.0,0.42000000000000004,SFFR,17.57,0.0,4.4404220056417305,Multi-Market,Idle,0.0,35.3,108.7,144.0,SSP,ISEM
2026-07-13 21:00:00,0.0,0.42000000000000004,SFFR,17.569999999999997,0.0,0.42000000000000004,SFFR,17.57,0.0,4.4404220056417305,Multi-Market,Idle,0.0,37.93000000000001,107.18,145.11,SSP,DA_HH
2026-07-13 21:30:00,0.0,0.42000000000000004,SFFR,17.569999999999997,0.0,0.42000000000000004,SFFR,17.57,0.0,4.4404220056417305,Multi-Market,Idle,0.0,32.92,107.08,140.0,SSP,DA_HH
2026-07-13 22:00:00,0.0,0.42000000000000004,SFFR,17.569999999999997,0.0,0.42000000000000004,SFFR,17.57,3.75,0.42000000000000004,Multi-Market,Sell-SSP,708.75,70.97,118.03,189.0,EPEX,SSP
2026-07-13 22:30:00,0.0,0.42000000000000004,SFFR,17.569999999999997,0.0,0.42000000000000004,SFFR,17.57,-0.0,0.42000000000000004,Multi-Market,Idle,-0.0,30.97,118.03,149.0,EPEX,SSP
2026-07-13 23:00:00,0.0,0.42000000000000004,SFFR,17.569999999999997,0.0,0.42000000000000004,SFFR,17.57,-0.0,0.42000000000000004,Multi-Market,Idle,-0.0,30.039999999999992,95.76,125.8,SSP,DA_HH
2026-07-13 23:30:00,0.0,0.42000000000000004,SFFR,17.569999999999997,0.0,0.42000000000000004,SFFR,17.57,-0.0,0.42000000000000004,Multi-Market,Idle,-0.0,18.909999999999997,101.43,120.34,SSP,DA_HH
2026-07-14 00:00:00,0.0,0.42000000000000004,SFFR,17.569999999999997,0.0,0.42000000000000004,SFFR,17.57,0.0,0.42000000000000004,Multi-Market,Idle,0.0,35.7,113.3,149.0,EPEX,SSP
2026-07-14 00:30:00,0.0,0.42000000000000004,SFFR,17.569999999999997,0.0,0.42000000000000004,SFFR,17.57,0.0,0.42000000000000004,Multi-Market,Idle,0.0,21.60000000000001,113.3,134.9,EPEX,SSP
2026-07-14 01:00:00,0.0,0.42000000000000004,SFFR,17.569999999999997,0.0,0.42000000000000004,SFFR,17.57,0.0,0.42000000000000004,Multi-Market,Idle,0.0,16.92,111.0,127.92,EPEX,SSP
2026-07-14 01:30:00,0.0,0.42000000000000004,SFFR,17.569999999999997,0.0,0.42000000000000004,SFFR,17.57,0.0,0.42000000000000004,Multi-Market,Idle,0.0,4.859999999999999,110.09,114.95,ISEM,SSP
2026-07-14 02:00:00,0.0,0.42000000000000004,SFFR,17.569999999999997,0.0,0.42000000000000004,SFFR,17.57,0.0,0.42000000000000004,Multi-Market,Idle,0.0,20.69999999999999,89.4,110.1,SSP,EPEX
2026-07-14 02:30:00,0.0,0.42000000000000004,SFFR,17.569999999999997,0.0,0.42000000000000004,SFFR,17.57,0.0,0.42000000000000004,Multi-Market,Idle,0.0,22.099999999999994,88.0,110.1,SSP,EPEX
2026-07-14 03:00:00,0.0,0.42000000000000004,SFFR,17.569999999999997,0.0,0.42000000000000004,SFFR,17.57,0.0,0.42000000000000004,Multi-Market,Idle,0.0,19.790000000000006,88.5,108.29,SSP,EPEX
2026-07-14 03:30:00,0.0,0.42000000000000004,SFFR,17.569999999999997,0.0,0.42000000000000004,SFFR,17.57,0.0,0.42000000000000004,Multi-Market,Idle,0.0,20.28,88.01,108.29,SSP,EPEX
2026-07-14 04:00:00,0.0,0.42000000000000004,SFFR,17.569999999999997,0.0,0.42000000000000004,SFFR,17.57,0.0,0.42000000000000004,Multi-Market,Idle,0.0,25.03,87.0,112.03,SSP,EPEX
2026-07-14 04:30:00,0.0,0.42000000000000004,SFFR,17.569999999999997,0.0,0.42000000000000004,SFFR,17.57,0.0,0.42000000000000004,Multi-Market,Idle,0.0,5.840000000000003,106.19,112.03,SSP,EPEX
2026-07-14 05:00:00,0.0,0.42000000000000004,SFFR,17.569999999999997,0.0,0.42000000000000004,SFFR,17.57,0.0,0.42000000000000004,Multi-Market,Idle,0.0,30.0,85.0,115.0,SSP,EPEX
2026-07-14 05:30:00,0.0,0.42000000000000004,SFFR,17.569999999999997,0.0,0.42000000000000004,SFFR,17.57,0.0,0.42000000000000004,Multi-Market,Idle,0.0,26.299999999999997,88.7,115.0,SSP,EPEX
2026-07-14 06:00:00,0.0,0.42000000000000004,SFFR,17.569999999999997,0.0,0.42000000000000004,SFFR,17.57,0.0,0.42000000000000004,Multi-Market,Idle,0.0,31.0,87.0,118.0,SSP,EPEX
2026-07-14 06:30:00,0.0,0.42000000000000004,SFFR,17.569999999999997,0.0,0.42000000000000004,SFFR,17.57,0.0,0.42000000000000004,Multi-Market,Idle,0.0,34.5,118.0,152.5,EPEX,SSP
2026-07-14 07:00:00,0.0,0.42000000000000004,SFFR,17.569999999999997,0.0,0.42000000000000004,SFFR,17.57,0.0,0.42000000000000004,Multi-Market,Idle,0.0,26.060000000000002,92.35,118.41,SSP,EPEX
2026-07-14 07:30:00,0.0,0.42000000000000004,SFFR,17.569999999999997,0.0,0.42000000000000004,SFFR,17.57,-0.0,0.42000000000000004,Multi-Market,Idle,-0.0,34.09,118.41,152.5,EPEX,SSP
2026-07-14 08:00:00,0.0,0.42000000000000004,SFFR,17.569999999999997,0.0,0.42000000000000004,SFFR,17.57,0.0,0.42000000000000004,Multi-Market,Idle,0.0,25.930000000000007,85.66,111.59,SSP,EPEX
2026-07-14 08:30:00,0.0,0.42000000000000004,SFFR,17.569999999999997,0.0,0.42000000000000004,SFFR,17.57,0.0,0.42000000000000004,Multi-Market,Idle,0.0,19.959999999999994,93.04,113.0,SSP,ISEM
2026-07-14 09:00:00,0.0,0.42000000000000004,SFFR,17.569999999999997,0.0,0.42000000000000004,SFFR,17.57,0.0,0.42000000000000004,Multi-Market,Idle,0.0,25.14,87.0,112.14,SSP,ISEM
2026-07-14 09:30:00,0.0,0.42000000000000004,SFFR,17.569999999999997,0.0,0.42000000000000004,SFFR,17.57,0.0,0.42000000000000004,Multi-Market,Idle,0.0,19.0,111.0,130.0,EPEX,SSP
2026-07-14 10:00:00,0.0,0.42000000000000004,SFFR,17.569999999999997,0.0,0.42000000000000004,SFFR,17.57,-0.0,0.42000000000000004,Multi-Market,Idle,-0.0,22.129999999999995,107.87,130.0,EPEX,SSP
2026-07-14 10:30:00,0.0,0.42000000000000004,SFFR,17.569999999999997,0.0,0.42000000000000004,SFFR,17.57,-0.0,0.42000000000000004,Multi-Market,Idle,-0.0,29.180000000000007,78.69,107.87,SSP,EPEX
2026-07-14 11:00:00,0.0,0.42000000000000004,SFFR,17.569999999999997,0.0,0.42000000000000004,SFFR,17.57,0.0,0.42000000000000004,Multi-Market,Idle,0.0,33.33,66.14,99.47,SSP,DA_HH
2026-07-14 11:30:00,0.0,0.42000000000000004,SFFR,17.569999999999997,0.0,0.42000000000000004,SFFR,17.57,0.0,0.42000000000000004,Multi-Market,Idle,0.0,33.71,61.9,95.61,SSP,ISEM
2026-07-14 12:00:00,0.0,0.42000000000000004,SFFR,17.569999999999997,0.0,0.42000000000000004,SFFR,17.57,0.0,0.42000000000000004,Multi-Market,Idle,0.0,47.8,47.0,94.8,SSP,ISEM
2026-07-14 12:30:00,0.0,0.42000000000000004,SFFR,17.569999999999997,0.0,0.42000000000000004,SFFR,17.57,-1.8051707633737284,2.103751196554046,Multi-Market,Buy-SSP,-74.75212131130608,52.59,41.41,94.0,SSP,ISEM
2026-07-14 13:00:00,0.0,0.42000000000000004,SFFR,17.569999999999997,0.0,0.42000000000000004,SFFR,17.57,-2.1,4.062500797702697,Multi-Market,Buy-SSP,-25.200000000000003,83.98,12.0,95.98,SSP,ISEM
2026-07-14 13:30:00,0.0,0.42000000000000004,SFFR,17.569999999999997,0.0,0.42000000000000004,SFFR,17.57,-2.1,6.021250398851349,Multi-Market,Buy-SSP,-25.200000000000003,80.54,12.0,92.54,SSP,ISEM
2026-07-14 14:00:00,0.0,0.42000000000000004,SFFR,17.569999999999997,0.0,0.42000000000000004,SFFR,17.57,-2.1,7.9799999999999995,Multi-Market,Buy-SSP,-25.200000000000003,81.03,12.0,93.03,SSP,ISEM
2026-07-14 14:30:00,0.0,0.42000000000000004,SFFR,17.569999999999997,0.0,0.42000000000000004,SFFR,17.57,0.0,7.9799999999999995,Multi-Market,Idle,0.0,35.44,57.95,93.39,SSP,ISEM
2026-07-14 15:00:00,0.0,0.42000000000000004,SFFR,17.569999999999997,0.0,0.42000000000000004,SFFR,17.57,0.0,7.9799999999999995,Multi-Market,Idle,0.0,44.830000000000005,53.46,98.29,SSP,ISEM
2026-07-14 15:30:00,0.0,0.42000000000000004,SFFR,17.569999999999997,0.0,0.42000000000000004,SFFR,17.57,0.0,7.9799999999999995,Multi-Market,Idle,0.0,33.0,69.4,102.4,SSP,ISEM
2026-07-14 16:00:00,0.0,0.42000000000000004,SFFR,17.569999999999997,0.0,0.42000000000000004,SFFR,17.57,0.0,7.9799999999999995,Multi-Market,Idle,0.0,17.590000000000003,89.1,106.69,SSP,EPEX
2026-07-14 16:30:00,0.0,0.42000000000000004,SFFR,17.569999999999997,0.0,0.42000000000000004,SFFR,17.57,-0.0,7.9799999999999995,Multi-Market,Idle,-0.0,52.88000000000001,101.49,154.37,ISEM,SSP
2026-07-14 17:00:00,0.0,0.42000000000000004,SFFR,17.569999999999997,0.0,0.42000000000000004,SFFR,17.57,-0.01008642145107079,7.98,Multi-Market,Buy-ISEM,4.016723373245645,76.34,112.66,189.0,ISEM,SSP
2026-07-14 17:30:00,0.0,0.42000000000000004,SFFR,17.569999999999997,0.0,0.42000000000000004,SFFR,17.57,0.0,7.9799999999999995,Multi-Market,Idle,0.0,74.46,112.89,187.35,ISEM,SSP
2026-07-14 18:00:00,0.0,0.42000000000000004,SFFR,17.569999999999997,0.0,0.42000000000000004,SFFR,17.57,1.65,5.91832759550692,Multi-Market,Buy-ISEM,543.081,88.11000000000001,128.89,217.0,ISEM,SSP
2026-07-14 18:30:00,0.0,0.42000000000000004,SFFR,17.569999999999997,0.0,0.42000000000000004,SFFR,17.57,-2.1,7.877077196655572,Multi-Market,Buy-EPEX,-276.339,7.009999999999991,131.59,138.6,EPEX,DA_HH
2026-07-14 19:00:00,0.0,0.42000000000000004,SFFR,17.569999999999997,0.0,0.42000000000000004,SFFR,17.57,3.205498564135144,4.4404220056417305,Multi-Market,Sell-SSP,695.5931884173262,69.9,147.1,217.0,EPEX,SSP
2026-07-14 19:30:00,0.0,0.42000000000000004,SFFR,17.569999999999997,0.0,0.42000000000000004,SFFR,17.57,0.0,4.4404220056417305,Multi-Market,Idle,0.0,24.200000000000017,147.1,171.3,EPEX,SSP
2026-07-14 20:00:00,0.0,0.42000000000000004,SFFR,17.569999999999997,0.0,0.42000000000000004,SFFR,17.57,0.0,4.4404220056417305,Multi-Market,Idle,0.0,33.44999999999999,148.53,181.98,EPEX,SSP
2026-07-14 20:30:00,0.0,0.42000000000000004,SFFR,17.569999999999997,0.0,0.42000000000000004,SFFR,17.57,0.0,4.4404220056417305,Multi-Market,Idle,0.0,37.03999999999999,147.33,184.37,DA_HH,SSP
2026-07-14 21:00:00,0.0,0.42000000000000004,SFFR,17.569999999999997,0.0,0.42000000000000004,SFFR,17.57,3.75,0.42000000000000004,Multi-Market,Sell-SSP,813.75,74.85,142.15,217.0,EPEX,SSP
2026-07-14 21:30:00,0.0,0.42000000000000004,SFFR,17.569999999999997,0.0,0.42000000000000004,SFFR,17.57,-2.1,2.3787496011486513,Multi-Market,Buy-SSP,-246.519,27.61,117.39,145.0,SSP,ISEM
2026-07-14 22:00:00,0.0,0.42000000000000004,SFFR,17.569999999999997,0.0,0.42000000000000004,SFFR,17.57,1.8270000000000002,0.42000000000000004,Multi-Market,Sell-SSP,356.26500000000004,65.0,130.0,195.0,EPEX,SSP
2026-07-14 22:30:00,0.0,0.42000000000000004,SFFR,17.569999999999997,0.0,0.42000000000000004,SFFR,17.57,-0.0,0.42000000000000004,Multi-Market,Idle,-0.0,60.05,124.95,185.0,DA_HH,SSP
2026-07-14 23:00:00,0.0,0.42000000000000004,SFFR,17.569999999999997,0.0,0.42000000000000004,SFFR,17.57,0.0,0.42000000000000004,Multi-Market,Idle,0.0,9.740000000000009,128.56,138.3,EPEX,DA_HH
2026-07-14 23:30:00,0.0,0.42000000000000004,SFFR,17.569999999999997,0.0,0.42000000000000004,SFFR,17.57,-0.0,0.42000000000000004,Multi-Market,Idle,-0.0,10.359999999999985,128.56,138.92,EPEX,DA_HH
2026-07-15 00:00:00,0.0,0.42000000000000004,SFFR,17.569999999999997,0.0,0.42000000000000004,SFFR,17.57,0.0,0.42000000000000004,Multi-Market,Idle,0.0,8.930000000000007,120.07,129.0,ISEM,DA_HH
2026-07-15 00:30:00,0.0,0.42000000000000004,SFFR,17.569999999999997,0.0,0.42000000000000004,SFFR,17.57,0.0,0.42000000000000004,Multi-Market,Idle,0.0,21.42,107.58,129.0,SSP,DA_HH
2026-07-15 01:00:00,0.0,0.42000000000000004,SFFR,17.569999999999997,0.0,0.42000000000000004,SFFR,17.57,-2.1,2.3787496011486513,Multi-Market,Buy-SSP,-196.14000000000001,28.599999999999994,93.4,122.0,SSP,DA_HH
2026-07-15 01:30:00,0.0,0.42000000000000004,SFFR,17.569999999999997,0.0,0.42000000000000004,SFFR,17.57,0.0,2.3787496011486513,Multi-Market,Idle,0.0,25.959999999999994,94.5,120.46,SSP,DA_HH
2026-07-15 02:00:00,0.0,0.42000000000000004,SFFR,17.569999999999997,0.0,0.42000000000000004,SFFR,17.57,0.0,2.3787496011486513,Multi-Market,Idle,0.0,8.299999999999997,107.7,116.0,DA_HH,EPEX
2026-07-15 02:30:00,0.0,0.42000000000000004,SFFR,17.569999999999997,0.0,0.42000000000000004,SFFR,17.57,0.0,2.3787496011486513,Multi-Market,Idle,0.0,21.5,94.5,116.0,SSP,EPEX
2026-07-15 03:00:00,0.0,0.42000000000000004,SFFR,17.569999999999997,0.0,0.42000000000000004,SFFR,17.57,0.0,2.3787496011486513,Multi-Market,Idle,0.0,19.510000000000005,94.5,114.01,SSP,EPEX
2026-07-15 03:30:00,0.0,0.42000000000000004,SFFR,17.569999999999997,0.0,0.42000000000000004,SFFR,17.57,-2.1,4.337499202297303,Multi-Market,Buy-SSP,-196.161,20.60000000000001,93.41,114.01,SSP,EPEX
2026-07-15 04:00:00,0.0,0.42000000000000004,SFFR,17.569999999999997,0.0,0.42000000000000004,SFFR,17.57,0.0,4.337499202297303,Multi-Market,Idle,0.0,26.400000000000006,94.5,120.9,SSP,DA_HH
2026-07-15 04:30:00,0.0,0.42000000000000004,SFFR,17.569999999999997,0.0,0.42000000000000004,SFFR,17.57,-2.1,6.296248803445954,Multi-Market,Buy-SSP,-196.161,29.689999999999998,93.41,123.1,SSP,DA_HH
2026-07-15 05:00:00,0.0,0.42000000000000004,SFFR,17.569999999999997,0.0,0.42000000000000004,SFFR,17.57,-0.07758785731592857,6.368617938956217,Multi-Market,Buy-SSP,-7.33205251635525,40.360000000000014,94.5,134.86,SSP,DA_HH
2026-07-15 05:30:00,0.0,0.42000000000000004,SFFR,17.569999999999997,0.0,0.42000000000000004,SFFR,17.57,0.0,6.368617938956217,Multi-Market,Idle,0.0,32.5,126.5,159.0,EPEX,SSP
2026-07-15 06:00:00,0.0,0.42000000000000004,SFFR,17.569999999999997,0.0,0.42000000000000004,SFFR,17.57,0.0,6.368617938956217,Multi-Market,Idle,0.0,28.349999999999994,130.65,159.0,ISEM,SSP
2026-07-15 06:30:00,0.0,0.42000000000000004,SFFR,17.569999999999997,0.0,0.42000000000000004,SFFR,17.57,0.0,6.368617938956217,Multi-Market,Idle,0.0,24.099999999999994,134.9,159.0,EPEX,SSP
2026-07-15 07:00:00,0.0,0.42000000000000004,SFFR,17.569999999999997,0.0,0.42000000000000004,SFFR,17.57,0.0,6.368617938956217,Multi-Market,Idle,0.0,28.49000000000001,130.51,159.0,ISEM,SSP
2026-07-15 07:30:00,0.0,0.42000000000000004,SFFR,17.569999999999997,0.0,0.42000000000000004,SFFR,17.57,0.0,6.368617938956217,Multi-Market,Idle,0.0,27.0,132.0,159.0,EPEX,SSP
2026-07-15 08:00:00,0.0,0.42000000000000004,SFFR,17.569999999999997,0.0,0.42000000000000004,SFFR,17.57,0.0,6.368617938956217,Multi-Market,Idle,0.0,31.400000000000006,118.6,150.0,ISEM,SSP
2026-07-15 08:30:00,0.0,0.42000000000000004,SFFR,17.569999999999997,0.0,0.42000000000000004,SFFR,17.57,0.0,6.368617938956217,Multi-Market,Idle,0.0,46.39,112.61,159.0,DA_HH,SSP
2026-07-15 09:00:00,0.0,0.42000000000000004,SFFR,17.569999999999997,0.0,0.42000000000000004,SFFR,17.57,0.0,6.368617938956217,Multi-Market,Idle,0.0,51.0,108.0,159.0,DA_HH,SSP
2026-07-15 09:30:00,0.0,0.42000000000000004,SFFR,17.569999999999997,0.0,0.42000000000000004,SFFR,17.57,3.75,2.3481959333144866,Multi-Market,Sell-SSP,618.75,52.92,112.08,165.0,EPEX,SSP
2026-07-15 10:00:00,0.0,0.42000000000000004,SFFR,17.569999999999997,0.0,0.42000000000000004,SFFR,17.57,1.798501435864858,0.42000000000000004,Multi-Market,Sell-SSP,285.9617283025124,53.0,106.0,159.0,DA_HH,SSP
2026-07-15 10:30:00,0.0,0.42000000000000004,SFFR,17.569999999999997,0.0,0.42000000000000004,SFFR,17.57,-0.0,0.42000000000000004,Multi-Market,Idle,-0.0,61.0,98.0,159.0,DA_HH,SSP
2026-07-15 11:00:00,0.0,0.42000000000000004,SFFR,17.569999999999997,0.0,0.42000000000000004,SFFR,17.57,0.0,0.42000000000000004,Multi-Market,Idle,0.0,33.0,97.0,130.0,DA_HH,SSP
2026-07-15 11:30:00,0.0,0.42000000000000004,SFFR,17.569999999999997,0.0,0.42000000000000004,SFFR,17.57,0.0,0.42000000000000004,Multi-Market,Idle,0.0,9.0,93.2,102.2,SSP,EPEX
2026-07-15 12:00:00,0.0,0.42000000000000004,SFFR,17.569999999999997,0.0,0.42000000000000004,SFFR,17.57,0.0,0.42000000000000004,Multi-Market,Idle,0.0,11.739999999999995,88.37,100.11,SSP,EPEX
2026-07-15 12:30:00,0.0,0.42000000000000004,SFFR,17.569999999999997,0.0,0.42000000000000004,SFFR,17.57,-2.1,2.3787496011486513,Multi-Market,Buy-SSP,-131.103,37.68,62.43,100.11,SSP,EPEX
2026-07-15 13:00:00,0.0,0.42000000000000004,SFFR,17.569999999999997,0.0,0.42000000000000004,SFFR,17.57,-2.1,4.337499202297303,Multi-Market,Buy-SSP,-181.10399999999998,16.560000000000002,86.24,102.8,SSP,EPEX
2026-07-15 13:30:00,0.0,0.42000000000000004,SFFR,17.569999999999997,0.0,0.42000000000000004,SFFR,17.57,-2.1,6.296248803445954,Multi-Market,Buy-SSP,-181.10399999999998,16.560000000000002,86.24,102.8,SSP,EPEX
2026-07-15 14:00:00,0.0,0.42000000000000004,SFFR,17.569999999999997,0.0,0.42000000000000004,SFFR,17.57,-1.8051707633737284,7.9799999999999995,Multi-Market,Buy-SSP,-155.67792663335032,13.920000000000002,86.24,100.16,SSP,EPEX
2026-07-15 14:30:00,0.0,0.42000000000000004,SFFR,17.569999999999997,0.0,0.42000000000000004,SFFR,17.57,0.0,7.9799999999999995,Multi-Market,Idle,0.0,12.159999999999997,88.0,100.16,SSP,EPEX
2026-07-15 15:00:00,0.0,0.42000000000000004,SFFR,17.569999999999997,0.0,0.42000000000000004,SFFR,17.57,0.0,7.9799999999999995,Multi-Market,Idle,0.0,9.769999999999996,92.5,102.27,SSP,EPEX
2026-07-15 15:30:00,0.0,0.42000000000000004,SFFR,17.569999999999997,0.0,0.42000000000000004,SFFR,17.57,0.0,7.9799999999999995,Multi-Market,Idle,0.0,9.769999999999996,92.5,102.27,SSP,EPEX
2026-07-15 16:00:00,0.0,0.42000000000000004,SFFR,17.569999999999997,0.0,0.42000000000000004,SFFR,17.57,0.0,7.9799999999999995,Multi-Market,Idle,0.0,44.25,111.0,155.25,DA_HH,SSP
2026-07-15 16:30:00,0.0,0.42000000000000004,SFFR,17.569999999999997,0.0,0.42000000000000004,SFFR,17.57,0.0,7.9799999999999995,Multi-Market,Idle,0.0,17.269999999999996,94.5,111.77,SSP,EPEX
2026-07-15 17:00:00,0.0,0.42000000000000004,SFFR,17.569999999999997,0.0,0.42000000000000004,SFFR,17.57,0.0,7.9799999999999995,Multi-Market,Idle,0.0,31.5,92.5,124.0,SSP,EPEX
2026-07-15 17:30:00,0.0,0.42000000000000004,SFFR,17.569999999999997,0.0,0.42000000000000004,SFFR,17.57,0.0,7.9799999999999995,Multi-Market,Idle,0.0,33.74000000000001,94.5,128.24,SSP,DA_HH
2026-07-15 18:00:00,0.0,0.42000000000000004,SFFR,17.569999999999997,0.0,0.42000000000000004,SFFR,17.57,0.0,7.9799999999999995,Multi-Market,Idle,0.0,52.640000000000015,94.6,147.24,SSP,EPEX
2026-07-15 18:30:00,0.0,0.42000000000000004,SFFR,17.569999999999997,0.0,0.42000000000000004,SFFR,17.57,3.75,3.959577994358269,Multi-Market,Sell-SSP,651.75,26.80000000000001,147.0,173.8,DA_HH,SSP
2026-07-15 19:00:00,0.0,0.42000000000000004,SFFR,17.569999999999997,0.0,0.42000000000000004,SFFR,17.57,0.0,3.959577994358269,Multi-Market,Idle,0.0,44.959999999999994,119.23,164.19,SSP,EPEX
2026-07-15 19:30:00,0.0,0.42000000000000004,SFFR,17.569999999999997,0.0,0.42000000000000004,SFFR,17.57,0.0,3.959577994358269,Multi-Market,Idle,0.0,33.379999999999995,130.81,164.19,SSP,EPEX
2026-07-15 20:00:00,0.0,0.42000000000000004,SFFR,17.569999999999997,0.0,0.42000000000000004,SFFR,17.57,0.0,3.959577994358269,Multi-Market,Idle,0.0,40.32000000000001,125.48,165.8,SSP,EPEX
2026-07-15 20:30:00,0.0,0.42000000000000004,SFFR,17.569999999999997,0.0,0.42000000000000004,SFFR,17.57,0.0,3.959577994358269,Multi-Market,Idle,0.0,42.43000000000001,123.37,165.8,SSP,EPEX
2026-07-15 21:00:00,0.0,0.42000000000000004,SFFR,17.569999999999997,0.0,0.42000000000000004,SFFR,17.57,3.3014985641351435,0.42000000000000004,Multi-Market,Sell-ISEM,551.350260210569,42.8,124.2,167.0,SSP,ISEM
2026-07-15 21:30:00,0.0,0.42000000000000004,SFFR,17.569999999999997,0.0,0.42000000000000004,SFFR,17.57,-0.0,0.42000000000000004,Multi-Market,Idle,-0.0,45.86999999999999,114.27,160.14,SSP,ISEM
2026-07-15 22:00:00,0.0,0.42000000000000004,SFFR,17.569999999999997,0.0,0.42000000000000004,SFFR,17.57,-0.0,0.42000000000000004,Multi-Market,Idle,-0.0,25.590000000000003,126.31,151.9,SSP,ISEM
2026-07-15 22:30:00,0.0,0.42000000000000004,SFFR,17.569999999999997,0.0,0.42000000000000004,SFFR,17.57,-0.0,0.42000000000000004,Multi-Market,Idle,-0.0,27.959999999999994,116.74,144.7,SSP,EPEX
2026-07-15 23:00:00,0.0,0.42000000000000004,SFFR,17.569999999999997,0.0,0.42000000000000004,SFFR,17.57,-0.0,0.42000000000000004,Multi-Market,Idle,-0.0,24.88000000000001,115.33,140.21,SSP,ISEM
2026-07-15 23:30:00,0.0,0.42000000000000004,SFFR,17.569999999999997,0.0,0.42000000000000004,SFFR,17.57,-0.0,0.42000000000000004,Multi-Market,Idle,-0.0,27.310000000000002,111.4,138.71,SSP,EPEX
2026-07-16 00:00:00,0.0,0.42000000000000004,SFFR,17.569999999999997,0.0,0.42000000000000004,SFFR,17.57,0.0,0.42000000000000004,Multi-Market,Idle,0.0,26.510000000000005,105.7,132.21,SSP,DA_HH
2026-07-16 00:30:00,0.0,0.42000000000000004,SFFR,17.569999999999997,0.0,0.42000000000000004,SFFR,17.57,0.0,0.42000000000000004,Multi-Market,Idle,0.0,25.689999999999998,105.91,131.6,SSP,EPEX
2026-07-16 01:00:00,0.0,0.42000000000000004,SFFR,17.569999999999997,0.0,0.42000000000000004,SFFR,17.57,0.0,0.42000000000000004,Multi-Market,Idle,0.0,26.860000000000014,105.97,132.83,SSP,DA_HH
2026-07-16 01:30:00,0.0,0.42000000000000004,SFFR,17.569999999999997,0.0,0.42000000000000004,SFFR,17.57,0.0,0.42000000000000004,Multi-Market,Idle,0.0,26.690000000000012,100.71,127.4,SSP,ISEM
2026-07-16 02:00:00,0.0,0.42000000000000004,SFFR,17.569999999999997,0.0,0.42000000000000004,SFFR,17.57,0.0,0.42000000000000004,Multi-Market,Idle,0.0,28.799999999999997,99.3,128.1,SSP,ISEM
2026-07-16 02:30:00,0.0,0.42000000000000004,SFFR,17.569999999999997,0.0,0.42000000000000004,SFFR,17.57,-0.07758785731592857,0.4923691355102636,Multi-Market,Buy-SSP,-7.659473274228469,27.120000000000005,98.72,125.84,SSP,ISEM
2026-07-16 03:00:00,0.0,0.42000000000000004,SFFR,17.569999999999997,0.0,0.42000000000000004,SFFR,17.57,0.0,0.4923691355102635,Multi-Market,Idle,0.0,9.789999999999992,115.76,125.55,SSP,ISEM
2026-07-16 03:30:00,0.0,0.42000000000000004,SFFR,17.569999999999997,0.0,0.42000000000000004,SFFR,17.57,-2.1,2.451118736658915,Multi-Market,Buy-SSP,-200.44500000000002,28.939999999999998,95.45,124.39,SSP,DA_HH
2026-07-16 04:00:00,0.0,0.42000000000000004,SFFR,17.569999999999997,0.0,0.42000000000000004,SFFR,17.57,-2.1,4.409868337807566,Multi-Market,Buy-SSP,-200.55,37.5,95.5,133.0,SSP,ISEM
2026-07-16 04:30:00,0.0,0.42000000000000004,SFFR,17.569999999999997,0.0,0.42000000000000004,SFFR,17.57,-2.1,6.368617938956217,Multi-Market,Buy-SSP,-200.865,35.34,95.65,130.99,SSP,ISEM
2026-07-16 05:00:00,0.0,0.42000000000000004,SFFR,17.569999999999997,0.0,0.42000000000000004,SFFR,17.57,0.0,6.368617938956217,Multi-Market,Idle,0.0,5.189999999999998,132.4,137.59,EPEX,DA_HH
2026-07-16 05:30:00,0.0,0.42000000000000004,SFFR,17.569999999999997,0.0,0.42000000000000004,SFFR,17.57,0.0,6.368617938956217,Multi-Market,Idle,0.0,18.49000000000001,123.13,141.62,SSP,DA_HH
2026-07-16 06:00:00,0.0,0.42000000000000004,SFFR,17.569999999999997,0.0,0.42000000000000004,SFFR,17.57,0.0,6.368617938956217,Multi-Market,Idle,0.0,12.150000000000006,128.25,140.4,SSP,DA_HH
2026-07-16 06:30:00,0.0,0.42000000000000004,SFFR,17.569999999999997,0.0,0.42000000000000004,SFFR,17.57,3.75,2.3481959333144866,Multi-Market,Sell-DA_HH,578.4749999999999,20.539999999999992,133.72,154.26,SSP,DA_HH
2026-07-16 07:00:00,0.0,0.42000000000000004,SFFR,17.569999999999997,0.0,0.42000000000000004,SFFR,17.57,0.0,2.3481959333144866,Multi-Market,Idle,0.0,8.300000000000011,129.7,138.0,SSP,ISEM
2026-07-16 07:30:00,0.0,0.42000000000000004,SFFR,17.569999999999997,0.0,0.42000000000000004,SFFR,17.57,1.798501435864858,0.42000000000000004,Multi-Market,Sell-DA_HH,261.14240848757737,14.20999999999998,130.99,145.2,SSP,DA_HH
2026-07-16 08:00:00,0.0,0.42000000000000004,SFFR,17.569999999999997,0.0,0.42000000000000004,SFFR,17.57,0.0,0.42000000000000004,Multi-Market,Idle,0.0,9.5,120.5,130.0,EPEX,SSP
2026-07-16 08:30:00,0.0,0.42000000000000004,SFFR,17.569999999999997,0.0,0.42000000000000004,SFFR,17.57,-0.0,0.42000000000000004,Multi-Market,Idle,-0.0,18.510000000000005,119.49,138.0,DA_HH,SSP
2026-07-16 09:00:00,0.0,0.42000000000000004,SFFR,17.569999999999997,0.0,0.42000000000000004,SFFR,17.57,0.0,0.42000000000000004,Multi-Market,Idle,0.0,18.439999999999998,95.55,113.99,SSP,EPEX
2026-07-16 09:30:00,0.0,0.42000000000000004,SFFR,17.569999999999997,0.0,0.42000000000000004,SFFR,17.57,0.0,0.42000000000000004,Multi-Market,Idle,0.0,22.989999999999995,91.0,113.99,SSP,EPEX
2026-07-16 10:00:00,0.0,0.42000000000000004,SFFR,17.569999999999997,0.0,0.42000000000000004,SFFR,17.57,-1.8051707633737284,2.1037511965540467,Multi-Market,Buy-SSP,-160.31721549522084,20.25,88.81,109.06,SSP,DA_HH
2026-07-16 10:30:00,0.0,0.42000000000000004,SFFR,17.569999999999997,0.0,0.42000000000000004,SFFR,17.57,-2.1,4.062500797702698,Multi-Market,Buy-SSP,-123.9,49.040000000000006,59.0,108.04,SSP,EPEX
2026-07-16 11:00:00,0.0,0.42000000000000004,SFFR,17.569999999999997,0.0,0.42000000000000004,SFFR,17.57,0.0,4.062500797702698,Multi-Market,Idle,0.0,15.189999999999998,89.0,104.19,SSP,EPEX
2026-07-16 11:30:00,0.0,0.42000000000000004,SFFR,17.569999999999997,0.0,0.42000000000000004,SFFR,17.57,0.0,4.062500797702698,Multi-Market,Idle,0.0,11.920000000000002,92.27,104.19,SSP,EPEX
2026-07-16 12:00:00,0.0,0.42000000000000004,SFFR,17.569999999999997,0.0,0.42000000000000004,SFFR,17.57,0.0,4.062500797702698,Multi-Market,Idle,0.0,8.439999999999998,94.8,103.24,SSP,EPEX
2026-07-16 12:30:00,0.0,0.42000000000000004,SFFR,17.569999999999997,0.0,0.42000000000000004,SFFR,17.57,0.0,4.062500797702698,Multi-Market,Idle,0.0,9.909999999999997,99.05,108.96,ISEM,SSP
2026-07-16 13:00:00,0.0,0.42000000000000004,SFFR,17.569999999999997,0.0,0.42000000000000004,SFFR,17.57,-2.1,6.021250398851349,Multi-Market,Buy-SSP,-163.359,26.309999999999988,77.79,104.1,SSP,EPEX
2026-07-16 13:30:00,0.0,0.42000000000000004,SFFR,17.569999999999997,0.0,0.42000000000000004,SFFR,17.57,0.0,6.021250398851349,Multi-Market,Idle,0.0,13.5,90.6,104.1,SSP,EPEX
2026-07-16 14:00:00,0.0,0.42000000000000004,SFFR,17.569999999999997,0.0,0.42000000000000004,SFFR,17.57,0.0,6.021250398851349,Multi-Market,Idle,0.0,14.200000000000003,91.0,105.2,SSP,EPEX
2026-07-16 14:30:00,0.0,0.42000000000000004,SFFR,17.569999999999997,0.0,0.42000000000000004,SFFR,17.57,0.0,6.021250398851349,Multi-Market,Idle,0.0,17.040000000000006,91.0,108.04,SSP,DA_HH
2026-07-16 15:00:00,0.0,0.42000000000000004,SFFR,17.569999999999997,0.0,0.42000000000000004,SFFR,17.57,-2.1,7.9799999999999995,Multi-Market,Buy-SSP,-180.285,25.150000000000006,85.85,111.0,SSP,DA_HH
2026-07-16 15:30:00,0.0,0.42000000000000004,SFFR,17.569999999999997,0.0,0.42000000000000004,SFFR,17.57,0.0,7.9799999999999995,Multi-Market,Idle,0.0,5.650000000000006,105.35,111.0,EPEX,DA_HH
2026-07-16 16:00:00,0.0,0.42000000000000004,SFFR,17.569999999999997,0.0,0.42000000000000004,SFFR,17.57,0.0,7.9799999999999995,Multi-Market,Idle,0.0,27.78,94.9,122.68,SSP,EPEX
2026-07-16 16:30:00,0.0,0.42000000000000004,SFFR,17.569999999999997,0.0,0.42000000000000004,SFFR,17.57,0.0,7.9799999999999995,Multi-Market,Idle,0.0,27.80000000000001,94.88,122.68,SSP,EPEX
2026-07-16 17:00:00,0.0,0.42000000000000004,SFFR,17.569999999999997,0.0,0.42000000000000004,SFFR,17.57,-0.0,7.9799999999999995,Multi-Market,Idle,-0.0,41.78999999999999,101.91,143.7,SSP,EPEX
2026-07-16 17:30:00,0.0,0.42000000000000004,SFFR,17.569999999999997,0.0,0.42000000000000004,SFFR,17.57,-0.0,7.9799999999999995,Multi-Market,Idle,-0.0,19.210000000000008,143.7,162.91,EPEX,SSP
2026-07-16 18:00:00,0.0,0.42000000000000004,SFFR,17.569999999999997,0.0,0.42000000000000004,SFFR,17.57,0.0,7.9799999999999995,Multi-Market,Idle,0.0,33.46000000000001,142.95,176.41,SSP,DA_HH
2026-07-16 18:30:00,0.0,0.42000000000000004,SFFR,17.569999999999997,0.0,0.42000000000000004,SFFR,17.57,3.3014985641351435,4.4404220056417305,Multi-Market,Sell-SSP,657.8566038895686,29.159999999999997,170.1,199.26,EPEX,SSP
2026-07-16 19:00:00,0.0,0.42000000000000004,SFFR,17.569999999999997,0.0,0.42000000000000004,SFFR,17.57,0.0,4.4404220056417305,Multi-Market,Idle,0.0,8.73999999999998,188.9,197.64,SSP,DA_HH
2026-07-16 19:30:00,0.0,0.42000000000000004,SFFR,17.569999999999997,0.0,0.42000000000000004,SFFR,17.57,3.75,0.41999999999999993,Multi-Market,Sell-SSP,795.0,23.879999999999995,188.12,212.0,ISEM,SSP
2026-07-16 20:00:00,0.0,0.42000000000000004,SFFR,17.569999999999997,0.0,0.42000000000000004,SFFR,17.57,0.0,0.42000000000000004,Multi-Market,Idle,0.0,9.240000000000009,188.81,198.05,ISEM,SSP
2026-07-16 20:30:00,0.0,0.42000000000000004,SFFR,17.569999999999997,0.0,0.42000000000000004,SFFR,17.57,0.0,0.42000000000000004,Multi-Market,Idle,0.0,11.060000000000002,186.99,198.05,ISEM,SSP
2026-07-16 21:00:00,0.0,0.42000000000000004,SFFR,17.569999999999997,0.0,0.42000000000000004,SFFR,17.57,0.0,0.42000000000000004,Multi-Market,Idle,0.0,6.259999999999991,180.0,186.26,EPEX,SSP
2026-07-16 21:30:00,0.0,0.42000000000000004,SFFR,17.569999999999997,0.0,0.42000000000000004,SFFR,17.57,-0.0,0.42000000000000004,Multi-Market,Idle,-0.0,10.47999999999999,175.78,186.26,ISEM,SSP
2026-07-16 22:00:00,0.0,0.42000000000000004,SFFR,17.569999999999997,0.0,0.42000000000000004,SFFR,17.57,-0.0,0.42000000000000004,Multi-Market,Idle,-0.0,14.460000000000008,155.54,170.0,EPEX,DA_HH
2026-07-16 22:30:00,0.0,0.42000000000000004,SFFR,17.569999999999997,0.0,0.42000000000000004,SFFR,17.57,-0.0,0.42000000000000004,Multi-Market,Idle,-0.0,35.22,121.47,156.69,SSP,DA_HH
2026-07-16 23:00:00,0.0,0.42000000000000004,SFFR,17.569999999999997,0.0,0.42000000000000004,SFFR,17.57,-0.0,0.42000000000000004,Multi-Market,Idle,-0.0,29.63000000000001,121.48,151.11,SSP,ISEM
2026-07-16 23:30:00,0.0,0.42000000000000004,SFFR,17.569999999999997,0.0,0.42000000000000004,SFFR,17.57,-0.0,0.42000000000000004,Multi-Market,Idle,-0.0,43.860000000000014,106.85,150.71,SSP,ISEM
2026-07-17 00:00:00,0.0,0.42000000000000004,SFFR,17.569999999999997,0.0,0.42000000000000004,SFFR,17.57,0.0,0.42000000000000004,Multi-Market,Idle,0.0,14.930000000000007,129.07,144.0,SSP,ISEM
2026-07-17 00:30:00,0.0,0.42000000000000004,SFFR,17.569999999999997,0.0,0.42000000000000004,SFFR,17.57,0.0,0.42000000000000004,Multi-Market,Idle,0.0,13.36999999999999,123.52,136.89,SSP,ISEM
2026-07-17 01:00:00,0.0,0.42000000000000004,SFFR,17.569999999999997,0.0,0.42000000000000004,SFFR,17.57,0.0,0.42000000000000004,Multi-Market,Idle,0.0,7.540000000000006,126.04,133.58,SSP,ISEM
2026-07-17 01:30:00,0.0,0.42000000000000004,SFFR,17.569999999999997,0.0,0.42000000000000004,SFFR,17.57,0.0,0.42000000000000004,Multi-Market,Idle,0.0,20.44999999999999,128.55,149.0,DA_HH,SSP
2026-07-17 02:00:00,0.0,0.42000000000000004,SFFR,17.569999999999997,0.0,0.42000000000000004,SFFR,17.57,0.0,0.42000000000000004,Multi-Market,Idle,0.0,25.700000000000003,123.3,149.0,EPEX,SSP
2026-07-17 02:30:00,0.0,0.42000000000000004,SFFR,17.569999999999997,0.0,0.42000000000000004,SFFR,17.57,0.0,0.42000000000000004,Multi-Market,Idle,0.0,27.150000000000006,121.85,149.0,DA_HH,SSP
2026-07-17 03:00:00,0.0,0.42000000000000004,SFFR,17.569999999999997,0.0,0.42000000000000004,SFFR,17.57,0.0,0.42000000000000004,Multi-Market,Idle,0.0,29.739999999999995,119.26,149.0,EPEX,SSP
2026-07-17 03:30:00,0.0,0.42000000000000004,SFFR,17.569999999999997,0.0,0.42000000000000004,SFFR,17.57,0.0,0.42000000000000004,Multi-Market,Idle,0.0,29.739999999999995,119.26,149.0,EPEX,SSP
2026-07-17 04:00:00,0.0,0.42000000000000004,SFFR,17.569999999999997,0.0,0.42000000000000004,SFFR,17.57,0.0,0.42000000000000004,Multi-Market,Idle,0.0,28.019999999999996,120.98,149.0,EPEX,SSP
2026-07-17 04:30:00,0.0,0.42000000000000004,SFFR,17.569999999999997,0.0,0.42000000000000004,SFFR,17.57,0.0,0.42000000000000004,Multi-Market,Idle,0.0,28.019999999999996,120.98,149.0,EPEX,SSP
2026-07-17 05:00:00,0.0,0.42000000000000004,SFFR,17.569999999999997,0.0,0.42000000000000004,SFFR,17.57,0.0,0.42000000000000004,Multi-Market,Idle,0.0,16.560000000000002,131.35,147.91,EPEX,SSP
2026-07-17 05:30:00,0.0,0.42000000000000004,SFFR,17.569999999999997,0.0,0.42000000000000004,SFFR,17.57,0.0,0.42000000000000004,Multi-Market,Idle,0.0,13.550000000000011,131.35,144.9,EPEX,SSP
2026-07-17 06:00:00,0.0,0.42000000000000004,SFFR,17.569999999999997,0.0,0.42000000000000004,SFFR,17.57,0.0,0.42000000000000004,Multi-Market,Idle,0.0,10.719999999999999,136.29,147.01,DA_HH,SSP
2026-07-17 06:30:00,0.0,0.42000000000000004,SFFR,17.569999999999997,0.0,0.42000000000000004,SFFR,17.57,-0.0,0.42000000000000004,Multi-Market,Idle,-0.0,13.01000000000002,137.7,150.71,EPEX,ISEM
2026-07-17 07:00:00,0.0,0.42000000000000004,SFFR,17.569999999999997,0.0,0.42000000000000004,SFFR,17.57,0.0,0.42000000000000004,Multi-Market,Idle,0.0,40.120000000000005,96.1,136.22,SSP,ISEM
2026-07-17 07:30:00,0.0,0.42000000000000004,SFFR,17.569999999999997,0.0,0.42000000000000004,SFFR,17.57,-0.0,0.42000000000000004,Multi-Market,Idle,-0.0,25.819999999999993,110.62,136.44,SSP,ISEM
2026-07-17 08:00:00,0.0,0.42000000000000004,SFFR,17.569999999999997,0.0,0.42000000000000004,SFFR,17.57,0.0,0.42000000000000004,Multi-Market,Idle,0.0,22.269999999999996,99.73,122.0,SSP,EPEX
2026-07-17 08:30:00,0.0,0.42000000000000004,SFFR,17.569999999999997,0.0,0.42000000000000004,SFFR,17.57,-0.0,0.42000000000000004,Multi-Market,Idle,-0.0,12.889999999999986,122.0,134.89,EPEX,SSP
2026-07-17 09:00:00,0.0,0.42000000000000004,SFFR,17.569999999999997,0.0,0.42000000000000004,SFFR,17.57,0.0,0.42000000000000004,Multi-Market,Idle,0.0,13.0,100.0,113.0,SSP,EPEX
2026-07-17 09:30:00,0.0,0.42000000000000004,SFFR,17.569999999999997,0.0,0.42000000000000004,SFFR,17.57,0.0,0.42000000000000004,Multi-Market,Idle,0.0,17.0,100.0,117.0,SSP,ISEM
2026-07-17 10:00:00,0.0,0.42000000000000004,SFFR,17.569999999999997,0.0,0.42000000000000004,SFFR,17.57,-0.0,0.42000000000000004,Multi-Market,Idle,-0.0,4.099999999999994,114.2,118.3,EPEX,SSP
2026-07-17 10:30:00,0.0,0.42000000000000004,SFFR,17.569999999999997,0.0,0.42000000000000004,SFFR,17.57,0.0,0.42000000000000004,Multi-Market,Idle,0.0,19.070000000000007,95.13,114.2,SSP,EPEX
2026-07-17 11:00:00,0.0,0.42000000000000004,SFFR,17.569999999999997,0.0,0.42000000000000004,SFFR,17.57,0.0,0.42000000000000004,Multi-Market,Idle,0.0,8.590000000000003,94.7,103.29,SSP,EPEX
2026-07-17 11:30:00,0.0,0.42000000000000004,SFFR,17.569999999999997,0.0,0.42000000000000004,SFFR,17.57,0.0,0.42000000000000004,Multi-Market,Idle,0.0,8.590000000000003,94.7,103.29,SSP,EPEX
2026-07-17 12:00:00,0.0,0.42000000000000004,SFFR,17.569999999999997,0.0,0.42000000000000004,SFFR,17.57,0.0,0.42000000000000004,Multi-Market,Idle,0.0,9.790000000000006,92.0,101.79,SSP,EPEX
2026-07-17 12:30:00,0.0,0.42000000000000004,SFFR,17.569999999999997,0.0,0.42000000000000004,SFFR,17.57,0.0,0.42000000000000004,Multi-Market,Idle,0.0,19.210000000000008,82.58,101.79,SSP,EPEX
2026-07-17 13:00:00,0.0,0.42000000000000004,SFFR,17.569999999999997,0.0,0.42000000000000004,SFFR,17.57,0.0,0.42000000000000004,Multi-Market,Idle,0.0,17.769999999999996,83.78,101.55,SSP,ISEM
2026-07-17 13:30:00,0.0,0.42000000000000004,SFFR,17.569999999999997,0.0,0.42000000000000004,SFFR,17.57,0.0,0.42000000000000004,Multi-Market,Idle,0.0,23.549999999999997,78.0,101.55,SSP,ISEM
2026-07-17 14:00:00,0.0,0.42000000000000004,SFFR,17.569999999999997,0.0,0.42000000000000004,SFFR,17.57,-1.8051707633737293,2.1037511965540467,Multi-Market,Buy-SSP,-128.81698567434933,29.92,71.36,101.28,SSP,ISEM
2026-07-17 14:30:00,0.0,0.42000000000000004,SFFR,17.569999999999997,0.0,0.42000000000000004,SFFR,17.57,-2.1,4.062500797702698,Multi-Market,Buy-SSP,-109.2,48.83,52.0,100.83,SSP,EPEX
2026-07-17 15:00:00,0.0,0.42000000000000004,SFFR,17.569999999999997,0.0,0.42000000000000004,SFFR,17.57,-2.1,6.021250398851349,Multi-Market,Buy-SSP,-109.2,50.89,52.0,102.89,SSP,EPEX
2026-07-17 15:30:00,0.0,0.42000000000000004,SFFR,17.569999999999997,0.0,0.42000000000000004,SFFR,17.57,-2.1,7.9799999999999995,Multi-Market,Buy-SSP,-107.10000000000001,51.989999999999995,51.0,102.99,SSP,DA_HH
2026-07-17 16:00:00,0.0,0.42000000000000004,SFFR,17.569999999999997,0.0,0.42000000000000004,SFFR,17.57,1.5539999999999994,6.021250398851349,Multi-Market,Buy-SSP,304.7099999999999,60.0,55.0,115.0,SSP,ISEM
2026-07-17 16:30:00,0.0,0.42000000000000004,SFFR,17.569999999999997,0.0,0.42000000000000004,SFFR,17.57,-2.1,7.9799999999999995,Multi-Market,Buy-SSP,-123.375,55.22,58.75,113.97,SSP,DA_HH
2026-07-17 17:00:00,0.0,0.42000000000000004,SFFR,17.569999999999997,0.0,0.42000000000000004,SFFR,17.57,0.0,7.9799999999999995,Multi-Market,Idle,0.0,30.489999999999995,93.01,123.5,SSP,EPEX
2026-07-17 17:30:00,0.0,0.42000000000000004,SFFR,17.569999999999997,0.0,0.42000000000000004,SFFR,17.57,-0.0,7.9799999999999995,Multi-Market,Idle,-0.0,33.620000000000005,119.38,153.0,DA_HH,SSP
2026-07-17 18:00:00,0.0,0.42000000000000004,SFFR,17.569999999999997,0.0,0.42000000000000004,SFFR,17.57,0.0,7.9799999999999995,Multi-Market,Idle,0.0,25.409999999999997,127.37,152.78,DA_HH,SSP
2026-07-17 18:30:00,0.0,0.42000000000000004,SFFR,17.569999999999997,0.0,0.42000000000000004,SFFR,17.57,3.3014985641351435,4.4404220056417305,Multi-Market,Sell-SSP,539.4978803653238,27.189999999999998,136.22,163.41,DA_HH,SSP
2026-07-17 19:00:00,0.0,0.42000000000000004,SFFR,17.569999999999997,0.0,0.42000000000000004,SFFR,17.57,0.0,4.4404220056417305,Multi-Market,Idle,0.0,11.890000000000015,140.29,152.18,ISEM,EPEX
2026-07-17 19:30:00,0.0,0.42000000000000004,SFFR,17.569999999999997,0.0,0.42000000000000004,SFFR,17.57,0.0,4.4404220056417305,Multi-Market,Idle,0.0,12.629999999999995,139.55,152.18,SSP,EPEX
2026-07-17 20:00:00,0.0,0.42000000000000004,SFFR,17.569999999999997,0.0,0.42000000000000004,SFFR,17.57,0.0,4.4404220056417305,Multi-Market,Idle,0.0,6.489999999999981,146.36,152.85,SSP,EPEX
2026-07-17 20:30:00,0.0,0.42000000000000004,SFFR,17.569999999999997,0.0,0.42000000000000004,SFFR,17.57,0.0,4.4404220056417305,Multi-Market,Idle,0.0,7.849999999999994,145.0,152.85,ISEM,EPEX
2026-07-17 21:00:00,0.0,0.42000000000000004,SFFR,17.569999999999997,0.0,0.42000000000000004,SFFR,17.57,0.0,4.4404220056417305,Multi-Market,Idle,0.0,5.360000000000014,142.75,148.11,SSP,EPEX
2026-07-17 21:30:00,0.0,0.42000000000000004,SFFR,17.569999999999997,0.0,0.42000000000000004,SFFR,17.57,0.0,4.4404220056417305,Multi-Market,Idle,0.0,11.320000000000022,136.79,148.11,SSP,EPEX
2026-07-17 22:00:00,0.0,0.42000000000000004,SFFR,17.569999999999997,0.0,0.42000000000000004,SFFR,17.57,3.75,0.42000000000000004,Multi-Market,Sell-SSP,620.9250000000001,30.080000000000013,135.5,165.58,EPEX,SSP
2026-07-17 22:30:00,0.0,0.42000000000000004,SFFR,17.569999999999997,0.0,0.42000000000000004,SFFR,17.57,-2.1,2.3787496011486513,Multi-Market,Buy-SSP,-212.793,38.67,101.33,140.0,SSP,ISEM
2026-07-17 23:00:00,0.0,0.42000000000000004,SFFR,17.569999999999997,0.0,0.42000000000000004,SFFR,17.57,-0.07758785731592857,2.451118736658915,Multi-Market,Buy-SSP,-8.20026063972049,25.060000000000002,105.69,130.75,SSP,ISEM
2026-07-17 23:30:00,0.0,0.42000000000000004,SFFR,17.569999999999997,0.0,0.42000000000000004,SFFR,17.57,1.894501435864858,0.42000000000000004,Multi-Market,Sell-SSP,283.13323959000303,21.00999999999999,128.44,149.45,EPEX,SSP
2026-07-18 00:00:00,0.0,0.42000000000000004,SFFR,17.569999999999997,0.0,0.42000000000000004,SFFR,17.57,0.0,0.42000000000000004,Multi-Market,Idle,0.0,9.439999999999998,125.56,135.0,EPEX,SSP
2026-07-18 00:30:00,0.0,0.42000000000000004,SFFR,17.569999999999997,0.0,0.42000000000000004,SFFR,17.57,0.0,0.42000000000000004,Multi-Market,Idle,0.0,26.03,100.0,126.03,SSP,ISEM
2026-07-18 01:00:00,0.0,0.42000000000000004,SFFR,17.569999999999997,0.0,0.42000000000000004,SFFR,17.57,0.0,0.42000000000000004,Multi-Market,Idle,0.0,12.629999999999995,120.4,133.03,ISEM,SSP
2026-07-18 01:30:00,0.0,0.42000000000000004,SFFR,17.569999999999997,0.0,0.42000000000000004,SFFR,17.57,0.0,0.42000000000000004,Multi-Market,Idle,0.0,34.0,121.0,155.0,DA_HH,SSP
2026-07-18 02:00:00,0.0,0.42000000000000004,SFFR,17.569999999999997,0.0,0.42000000000000004,SFFR,17.57,0.0,0.42000000000000004,Multi-Market,Idle,0.0,34.379999999999995,120.62,155.0,EPEX,SSP
2026-07-18 02:30:00,0.0,0.42000000000000004,SFFR,17.569999999999997,0.0,0.42000000000000004,SFFR,17.57,0.0,0.42000000000000004,Multi-Market,Idle,0.0,15.75,114.65,130.4,DA_HH,SSP
2026-07-18 03:00:00,0.0,0.42000000000000004,SFFR,17.569999999999997,0.0,0.42000000000000004,SFFR,17.57,0.0,0.42000000000000004,Multi-Market,Idle,0.0,4.920000000000002,115.07,119.99,SSP,ISEM
2026-07-18 03:30:00,0.0,0.42000000000000004,SFFR,17.569999999999997,0.0,0.42000000000000004,SFFR,17.57,0.0,0.42000000000000004,Multi-Market,Idle,0.0,11.379999999999995,111.64,123.02,SSP,ISEM
2026-07-18 04:00:00,0.0,0.42000000000000004,SFFR,17.569999999999997,0.0,0.42000000000000004,SFFR,17.57,0.0,0.42000000000000004,Multi-Market,Idle,0.0,22.060000000000002,104.97,127.03,SSP,ISEM
2026-07-18 04:30:00,0.0,0.42000000000000004,SFFR,17.569999999999997,0.0,0.42000000000000004,SFFR,17.57,0.0,0.42000000000000004,Multi-Market,Idle,0.0,8.060000000000002,116.0,124.06,EPEX,ISEM
2026-07-18 05:00:00,0.0,0.42000000000000004,SFFR,17.569999999999997,0.0,0.42000000000000004,SFFR,17.57,0.0,0.42000000000000004,Multi-Market,Idle,0.0,7.819999999999993,111.79,119.61,DA_HH,ISEM
2026-07-18 05:30:00,0.0,0.42000000000000004,SFFR,17.569999999999997,0.0,0.42000000000000004,SFFR,17.57,0.0,0.42000000000000004,Multi-Market,Idle,0.0,8.549999999999997,106.48,115.03,SSP,ISEM
2026-07-18 06:00:00,0.0,0.42000000000000004,SFFR,17.569999999999997,0.0,0.42000000000000004,SFFR,17.57,0.0,0.42000000000000004,Multi-Market,Idle,0.0,8.579999999999998,102.41,110.99,SSP,ISEM
2026-07-18 06:30:00,0.0,0.42000000000000004,SFFR,17.569999999999997,0.0,0.42000000000000004,SFFR,17.57,0.0,0.42000000000000004,Multi-Market,Idle,0.0,9.89,104.1,113.99,EPEX,SSP
2026-07-18 07:00:00,0.0,0.42000000000000004,SFFR,17.569999999999997,0.0,0.42000000000000004,SFFR,17.57,0.0,0.42000000000000004,Multi-Market,Idle,0.0,29.36,90.0,119.36,DA_HH,SSP
2026-07-18 07:30:00,0.0,0.42000000000000004,SFFR,17.569999999999997,0.0,0.42000000000000004,SFFR,17.57,-0.0,0.42000000000000004,Multi-Market,Idle,-0.0,67.5,90.0,157.5,DA_HH,SSP
2026-07-18 08:00:00,0.0,0.42000000000000004,SFFR,17.569999999999997,0.0,0.42000000000000004,SFFR,17.57,0.0,0.42000000000000004,Multi-Market,Idle,0.0,42.730000000000004,92.17,134.9,DA_HH,SSP
2026-07-18 08:30:00,0.0,0.42000000000000004,SFFR,17.569999999999997,0.0,0.42000000000000004,SFFR,17.57,0.0,0.42000000000000004,Multi-Market,Idle,0.0,3.469999999999999,92.0,95.47,ISEM,SSP
2026-07-18 09:00:00,0.0,0.42000000000000004,SFFR,17.569999999999997,0.0,0.42000000000000004,SFFR,17.57,0.0,0.42000000000000004,Multi-Market,Idle,0.0,3.5600000000000023,83.66,87.22,EPEX,SSP
2026-07-18 09:30:00,0.0,0.42000000000000004,SFFR,17.569999999999997,0.0,0.42000000000000004,SFFR,17.57,0.0,0.42000000000000004,Multi-Market,Idle,0.0,5.97999999999999,79.04,85.02,DA_HH,ISEM
2026-07-18 10:00:00,0.0,0.42000000000000004,SFFR,17.569999999999997,0.0,0.42000000000000004,SFFR,17.57,-0.0,0.42000000000000004,Multi-Market,Idle,-0.0,80.99000000000001,74.0,154.99,EPEX,SSP
2026-07-18 10:30:00,0.0,0.42000000000000004,SFFR,17.569999999999997,0.0,0.42000000000000004,SFFR,17.57,-0.2687415938648643,0.42000000000000004,Multi-Market,Buy-ISEM,128.52318657423547,82.19000000000001,71.8,153.99,ISEM,SSP
2026-07-18 11:00:00,0.0,0.42000000000000004,SFFR,17.569999999999997,0.0,0.42000000000000004,SFFR,17.57,0.0,0.42000000000000004,Multi-Market,Idle,0.0,38.040000000000006,57.05,95.09,ISEM,SSP
2026-07-18 11:30:00,0.0,0.42000000000000004,SFFR,17.569999999999997,0.0,0.42000000000000004,SFFR,17.57,0.0,0.42000000000000004,Multi-Market,Idle,0.0,35.540000000000006,51.3,86.84,DA_HH,SSP
2026-07-18 12:00:00,0.0,0.42000000000000004,SFFR,17.569999999999997,0.0,0.42000000000000004,SFFR,17.57,0.0,0.42000000000000004,Multi-Market,Idle,0.0,42.550000000000004,43.93,86.48,ISEM,SSP
2026-07-18 12:30:00,0.0,0.42000000000000004,SFFR,17.569999999999997,0.0,0.42000000000000004,SFFR,17.57,0.0,0.42000000000000004,Multi-Market,Idle,0.0,31.060000000000002,43.91,74.97,ISEM,SSP
2026-07-18 13:00:00,0.0,0.42000000000000004,SFFR,17.569999999999997,0.0,0.42000000000000004,SFFR,17.57,-2.1,2.3787496011486513,Multi-Market,Buy-ISEM,-79.737,27.540000000000006,37.97,65.51,ISEM,SSP
2026-07-18 13:30:00,0.0,0.42000000000000004,SFFR,17.569999999999997,0.0,0.42000000000000004,SFFR,17.57,-2.1,4.337499202297303,Multi-Market,Buy-ISEM,-78.078,70.22999999999999,37.18,107.41,ISEM,SSP
2026-07-18 14:00:00,0.0,0.42000000000000004,SFFR,17.569999999999997,0.0,0.42000000000000004,SFFR,17.57,-2.1,6.296248803445954,Multi-Market,Buy-ISEM,-68.08200000000001,82.17,32.42,114.59,ISEM,SSP
2026-07-18 14:30:00,0.0,0.42000000000000004,SFFR,17.569999999999997,0.0,0.42000000000000004,SFFR,17.57,1.65,4.234576398952874,Multi-Market,Buy-ISEM,410.655,96.44,29.7,126.14,ISEM,SSP
2026-07-18 15:00:00,0.0,0.42000000000000004,SFFR,17.569999999999997,0.0,0.42000000000000004,SFFR,17.57,0.0,4.234576398952874,Multi-Market,Idle,0.0,15.850000000000001,41.3,57.15,ISEM,SSP
2026-07-18 15:30:00,0.0,0.42000000000000004,SFFR,17.569999999999997,0.0,0.42000000000000004,SFFR,17.57,-2.1,6.193326000101525,Multi-Market,Buy-SSP,-12.222000000000001,51.18,5.82,57.0,SSP,EPEX
2026-07-18 16:00:00,0.0,0.42000000000000004,SFFR,17.569999999999997,0.0,0.42000000000000004,SFFR,17.57,-1.9155155909599357,7.9799999999999995,Multi-Market,Buy-ISEM,-75.77779677837506,45.44,39.56,85.0,ISEM,SSP
2026-07-18 16:30:00,0.0,0.42000000000000004,SFFR,17.569999999999997,0.0,0.42000000000000004,SFFR,17.57,-0.0,7.9799999999999995,Multi-Market,Idle,-0.0,66.5,58.07,124.57,ISEM,SSP
2026-07-18 17:00:00,0.0,0.42000000000000004,SFFR,17.569999999999997,0.0,0.42000000000000004,SFFR,17.57,0.0,7.9799999999999995,Multi-Market,Idle,0.0,8.659999999999997,80.0,88.66,DA_HH,EPEX
2026-07-18 17:30:00,0.0,0.42000000000000004,SFFR,17.569999999999997,0.0,0.42000000000000004,SFFR,17.57,0.0,7.9799999999999995,Multi-Market,Idle,0.0,18.0,71.63,89.63,SSP,DA_HH
2026-07-18 18:00:00,0.0,0.42000000000000004,SFFR,17.569999999999997,0.0,0.42000000000000004,SFFR,17.57,0.0,7.9799999999999995,Multi-Market,Idle,0.0,48.010000000000005,60.0,108.01,SSP,DA_HH
2026-07-18 18:30:00,0.0,0.42000000000000004,SFFR,17.569999999999997,0.0,0.42000000000000004,SFFR,17.57,0.0,7.9799999999999995,Multi-Market,Idle,0.0,36.14999999999999,107.7,143.85,EPEX,SSP
2026-07-18 19:00:00,0.0,0.42000000000000004,SFFR,17.569999999999997,0.0,0.42000000000000004,SFFR,17.57,3.75,3.959577994358269,Multi-Market,Sell-SSP,630.0,45.2,122.8,168.0,EPEX,SSP
2026-07-18 19:30:00,0.0,0.42000000000000004,SFFR,17.569999999999997,0.0,0.42000000000000004,SFFR,17.57,0.0,3.959577994358269,Multi-Market,Idle,0.0,36.42,122.8,159.22,EPEX,SSP
2026-07-18 20:00:00,0.0,0.42000000000000004,SFFR,17.569999999999997,0.0,0.42000000000000004,SFFR,17.57,0.0,3.959577994358269,Multi-Market,Idle,0.0,35.099999999999994,127.6,162.7,EPEX,SSP
2026-07-18 20:30:00,0.0,0.42000000000000004,SFFR,17.569999999999997,0.0,0.42000000000000004,SFFR,17.57,0.0,3.959577994358269,Multi-Market,Idle,0.0,32.120000000000005,127.6,159.72,EPEX,SSP
2026-07-18 21:00:00,0.0,0.42000000000000004,SFFR,17.569999999999997,0.0,0.42000000000000004,SFFR,17.57,3.3014985641351435,0.42000000000000004,Multi-Market,Sell-SSP,554.6517587747041,36.49000000000001,131.51,168.0,EPEX,SSP
2026-07-18 21:30:00,0.0,0.42000000000000004,SFFR,17.569999999999997,0.0,0.42000000000000004,SFFR,17.57,-0.0,0.42000000000000004,Multi-Market,Idle,-0.0,35.34,131.51,166.85,EPEX,SSP
2026-07-18 22:00:00,0.0,0.42000000000000004,SFFR,17.569999999999997,0.0,0.42000000000000004,SFFR,17.57,0.0,0.42000000000000004,Multi-Market,Idle,0.0,24.120000000000005,127.0,151.12,EPEX,SSP
2026-07-18 22:30:00,0.0,0.42000000000000004,SFFR,17.569999999999997,0.0,0.42000000000000004,SFFR,17.57,0.0,0.42000000000000004,Multi-Market,Idle,0.0,27.89,109.01,136.9,SSP,ISEM
2026-07-18 23:00:00,0.0,0.42000000000000004,SFFR,17.569999999999997,0.0,0.42000000000000004,SFFR,17.57,0.0,0.42000000000000004,Multi-Market,Idle,0.0,21.069999999999993,121.78,142.85,EPEX,SSP
2026-07-18 23:30:00,0.0,0.42000000000000004,SFFR,17.569999999999997,0.0,0.42000000000000004,SFFR,17.57,-0.0,0.42000000000000004,Multi-Market,Idle,-0.0,38.64999999999999,121.3,159.95,ISEM,SSP
2026-07-19 00:00:00,0.0,0.42000000000000004,SFFR,17.569999999999997,0.0,0.42000000000000004,SFFR,17.57,0.0,0.42000000000000004,Multi-Market,Idle,0.0,18.689999999999998,111.0,129.69,DA_HH,SSP
2026-07-19 00:30:00,0.0,0.42000000000000004,SFFR,17.569999999999997,0.0,0.42000000000000004,SFFR,17.57,0.0,0.42000000000000004,Multi-Market,Idle,0.0,15.260000000000005,107.0,122.26,DA_HH,SSP
2026-07-19 01:00:00,0.0,0.42000000000000004,SFFR,17.569999999999997,0.0,0.42000000000000004,SFFR,17.57,-0.0,0.42000000000000004,Multi-Market,Idle,-0.0,45.079999999999984,102.9,147.98,DA_HH,SSP
2026-07-19 01:30:00,0.0,0.42000000000000004,SFFR,17.569999999999997,0.0,0.42000000000000004,SFFR,17.57,-0.0,0.42000000000000004,Multi-Market,Idle,-0.0,13.700000000000003,100.5,114.2,DA_HH,SSP
2026-07-19 02:00:00,0.0,0.42000000000000004,SFFR,17.569999999999997,0.0,0.42000000000000004,SFFR,17.57,-0.0,0.42000000000000004,Multi-Market,Idle,-0.0,8.280000000000001,102.09,110.37,DA_HH,SSP
2026-07-19 02:30:00,0.0,0.42000000000000004,SFFR,17.569999999999997,0.0,0.42000000000000004,SFFR,17.57,-0.0,0.42000000000000004,Multi-Market,Idle,-0.0,7.459999999999994,102.0,109.46,DA_HH,EPEX
2026-07-19 03:00:00,0.0,0.42000000000000004,SFFR,17.569999999999997,0.0,0.42000000000000004,SFFR,17.57,0.0,0.42000000000000004,Multi-Market,Idle,0.0,11.560000000000002,90.87,102.43,SSP,EPEX
2026-07-19 03:30:00,0.0,0.42000000000000004,SFFR,17.569999999999997,0.0,0.42000000000000004,SFFR,17.57,-0.0,0.42000000000000004,Multi-Market,Idle,-0.0,22.0,80.43,102.43,SSP,EPEX
2026-07-19 04:00:00,0.0,0.42000000000000004,SFFR,17.569999999999997,0.0,0.42000000000000004,SFFR,17.57,0.0,0.42000000000000004,Multi-Market,Idle,0.0,49.690000000000005,50.01,99.7,SSP,EPEX
2026-07-19 04:30:00,0.0,0.42000000000000004,SFFR,17.569999999999997,0.0,0.42000000000000004,SFFR,17.57,-0.0,0.42000000000000004,Multi-Market,Idle,-0.0,49.74,49.96,99.7,SSP,EPEX
2026-07-19 05:00:00,0.0,0.42000000000000004,SFFR,17.569999999999997,0.0,0.42000000000000004,SFFR,17.57,-0.0,0.42000000000000004,Multi-Market,Idle,-0.0,20.349999999999994,70.0,90.35,SSP,EPEX
2026-07-19 05:30:00,0.0,0.42000000000000004,SFFR,17.569999999999997,0.0,0.42000000000000004,SFFR,17.57,-0.0,0.42000000000000004,Multi-Market,Idle,-0.0,40.349999999999994,50.0,90.35,SSP,EPEX
2026-07-19 06:00:00,0.0,0.42000000000000004,SFFR,17.569999999999997,0.0,0.42000000000000004,SFFR,17.57,-0.0,0.42000000000000004,Multi-Market,Idle,-0.0,10.86,68.1,78.96,DA_HH,EPEX
2026-07-19 06:30:00,0.0,0.42000000000000004,SFFR,17.569999999999997,0.0,0.42000000000000004,SFFR,17.57,-0.0,0.42000000000000004,Multi-Market,Idle,-0.0,11.269999999999996,67.69,78.96,DA_HH,EPEX
2026-07-19 07:00:00,0.0,0.42000000000000004,SFFR,17.569999999999997,0.0,0.42000000000000004,SFFR,17.57,0.0,0.41999999999999993,Multi-Market,Idle,0.0,28.549999999999997,43.78,72.33,SSP,EPEX
2026-07-19 07:30:00,0.0,0.42000000000000004,SFFR,17.569999999999997,0.0,0.42000000000000004,SFFR,17.57,-0.0,0.42000000000000004,Multi-Market,Idle,-0.0,38.05,34.28,72.33,SSP,EPEX
2026-07-19 08:00:00,0.0,0.42000000000000004,SFFR,17.569999999999997,0.0,0.42000000000000004,SFFR,17.57,0.0,0.42000000000000004,Multi-Market,Idle,0.0,46.13,18.29,64.42,SSP,DA_HH
2026-07-19 08:30:00,0.0,0.42000000000000004,SFFR,17.569999999999997,0.0,0.42000000000000004,SFFR,17.57,0.0,0.42000000000000004,Multi-Market,Idle,0.0,54.53,9.67,64.2,SSP,DA_HH
2026-07-19 09:00:00,0.0,0.42000000000000004,SFFR,17.569999999999997,0.0,0.42000000000000004,SFFR,17.57,0.0,0.42000000000000004,Multi-Market,Idle,0.0,52.379999999999995,8.42,60.8,SSP,DA_HH
2026-07-19 09:30:00,0.0,0.42000000000000004,SFFR,17.569999999999997,0.0,0.42000000000000004,SFFR,17.57,0.0,0.42000000000000004,Multi-Market,Idle,0.0,58.5,4.0,62.5,SSP,DA_HH
2026-07-19 10:00:00,0.0,0.42000000000000004,SFFR,17.569999999999997,0.0,0.42000000000000004,SFFR,17.57,-2.1,2.3787496011486513,Multi-Market,Buy-SSP,24.486,72.43,-11.66,60.77,SSP,ISEM
2026-07-19 10:30:00,0.0,0.42000000000000004,SFFR,17.569999999999997,0.0,0.42000000000000004,SFFR,17.57,-2.1,4.337499202297303,Multi-Market,Buy-SSP,24.486,73.39,-11.66,61.73,SSP,DA_HH
2026-07-19 11:00:00,0.0,0.42000000000000004,SFFR,17.569999999999997,0.0,0.42000000000000004,SFFR,17.57,-1.8827586206896578,6.093619534361613,Multi-Market,Buy-SSP,9.846827586206912,63.03,-5.23,57.8,SSP,ISEM
2026-07-19 11:30:00,0.0,0.42000000000000004,SFFR,17.569999999999997,0.0,0.42000000000000004,SFFR,17.57,0.0,6.093619534361613,Multi-Market,Idle,0.0,63.15,-3.61,59.54,SSP,ISEM
2026-07-19 12:00:00,0.0,0.42000000000000004,SFFR,17.569999999999997,0.0,0.42000000000000004,SFFR,17.57,0.0,6.093619534361613,Multi-Market,Idle,0.0,66.08,-5.0,61.08,SSP,ISEM
2026-07-19 12:30:00,0.0,0.42000000000000004,SFFR,17.569999999999997,0.0,0.42000000000000004,SFFR,17.57,0.0,6.093619534361613,Multi-Market,Idle,0.0,64.74000000000001,-2.54,62.2,SSP,ISEM
2026-07-19 13:00:00,0.0,0.42000000000000004,SFFR,17.569999999999997,0.0,0.42000000000000004,SFFR,17.57,1.8945014358648584,4.062500797702698,Multi-Market,Sell-ISEM,123.52149361838877,51.02,14.18,65.2,SSP,ISEM
2026-07-19 13:30:00,0.0,0.42000000000000004,SFFR,17.569999999999997,0.0,0.42000000000000004,SFFR,17.57,0.0,4.062500797702698,Multi-Market,Idle,0.0,63.65,-3.68,59.97,SSP,ISEM
2026-07-19 14:00:00,0.0,0.42000000000000004,SFFR,17.569999999999997,0.0,0.42000000000000004,SFFR,17.57,0.0,4.062500797702698,Multi-Market,Idle,0.0,66.45,-3.3,63.15,SSP,ISEM
2026-07-19 14:30:00,0.0,0.42000000000000004,SFFR,17.569999999999997,0.0,0.42000000000000004,SFFR,17.57,0.0,4.062500797702698,Multi-Market,Idle,0.0,68.21000000000001,-5.0,63.21,SSP,ISEM
2026-07-19 15:00:00,0.0,0.42000000000000004,SFFR,17.569999999999997,0.0,0.42000000000000004,SFFR,17.57,-2.1,6.021250398851349,Multi-Market,Buy-SSP,12.159,69.78,-5.79,63.99,SSP,ISEM
2026-07-19 15:30:00,0.0,0.42000000000000004,SFFR,17.569999999999997,0.0,0.42000000000000004,SFFR,17.57,-2.1,7.9799999999999995,Multi-Market,Buy-SSP,22.826999999999998,73.97,-10.87,63.1,SSP,DA_HH
2026-07-19 16:00:00,0.0,0.42000000000000004,SFFR,17.569999999999997,-2.1,2.3787496011486513,EPEX,-130.20000000000002,-0.27300000000000035,7.9799999999999995,Multi-Market,Buy-SSP,137.18249999999998,74.49,-3.99,70.5,SSP,DA_HH
2026-07-19 16:30:00,0.0,0.42000000000000004,SFFR,17.569999999999997,-2.1,4.337499202297303,EPEX,-130.20000000000002,-0.27300000000000035,7.9799999999999995,Multi-Market,Buy-SSP,147.88199999999998,80.82,-0.82,80.0,SSP,ISEM
2026-07-19 17:00:00,0.0,0.42000000000000004,SFFR,17.569999999999997,3.6540000000000004,0.42000000000000004,EPEX,376.7274,0.0,7.9799999999999995,Multi-Market,Idle,0.0,65.9,103.1,169.0,EPEX,SSP
2026-07-19 17:30:00,0.0,0.42000000000000004,SFFR,17.569999999999997,-0.0,0.42000000000000004,EPEX,-0.0,-0.0,7.9799999999999995,Multi-Market,Idle,-0.0,65.9,103.1,169.0,EPEX,SSP
2026-07-19 18:00:00,0.0,0.42000000000000004,SFFR,17.569999999999997,0.0,0.42000000000000004,SFFR,17.57,-0.0,7.9799999999999995,Multi-Market,Idle,-0.0,49.989999999999995,122.01,172.0,ISEM,SSP
2026-07-19 18:30:00,0.0,0.42000000000000004,SFFR,17.569999999999997,0.0,0.42000000000000004,SFFR,17.57,0.0,7.9799999999999995,Multi-Market,Idle,0.0,47.650000000000006,124.35,172.0,ISEM,SSP
2026-07-19 19:00:00,0.0,0.42000000000000004,SFFR,17.569999999999997,0.0,0.42000000000000004,SFFR,17.57,3.3014985641351435,4.4404220056417305,Multi-Market,Sell-SSP,594.2697415443258,45.139999999999986,134.86,180.0,EPEX,SSP
2026-07-19 19:30:00,0.0,0.42000000000000004,SFFR,17.569999999999997,0.0,0.42000000000000004,SFFR,17.57,3.75,0.42000000000000004,Multi-Market,Sell-SSP,675.0,45.139999999999986,134.86,180.0,EPEX,SSP
2026-07-19 20:00:00,0.0,0.42000000000000004,SFFR,17.569999999999997,0.0,0.42000000000000004,SFFR,17.57,-0.0,0.42000000000000004,Multi-Market,Idle,-0.0,41.46000000000001,138.54,180.0,DA_HH,SSP
2026-07-19 20:30:00,0.0,0.42000000000000004,SFFR,17.569999999999997,0.0,0.42000000000000004,SFFR,17.57,0.0,0.42000000000000004,Multi-Market,Idle,0.0,37.47,137.53,175.0,DA_HH,SSP
2026-07-19 21:00:00,0.0,0.42000000000000004,SFFR,17.569999999999997,0.0,0.42000000000000004,SFFR,17.57,-0.0,0.42000000000000004,Multi-Market,Idle,-0.0,37.0,138.0,175.0,DA_HH,SSP
2026-07-19 21:30:00,0.0,0.42000000000000004,SFFR,17.569999999999997,0.0,0.42000000000000004,SFFR,17.57,0.0,0.42000000000000004,Multi-Market,Idle,0.0,32.61999999999999,111.79,144.41,SSP,EPEX
2026-07-19 22:00:00,0.0,0.42000000000000004,SFFR,17.569999999999997,0.0,0.42000000000000004,SFFR,17.57,0.0,0.42000000000000004,Multi-Market,Idle,0.0,7.810000000000002,139.01,146.82,ISEM,SSP
2026-07-19 22:30:00,0.0,0.42000000000000004,SFFR,17.569999999999997,0.0,0.42000000000000004,SFFR,17.57,0.0,0.42000000000000004,Multi-Market,Idle,0.0,27.909999999999997,113.09,141.0,SSP,EPEX
2026-07-19 23:00:00,0.0,0.42000000000000004,SFFR,17.569999999999997,0.0,0.42000000000000004,SFFR,17.57,0.0,0.42000000000000004,Multi-Market,Idle,0.0,43.5,121.5,165.0,EPEX,SSP
2026-07-19 23:30:00,0.0,0.42000000000000004,SFFR,17.569999999999997,0.0,0.42000000000000004,SFFR,17.57,-0.0,0.42000000000000004,Multi-Market,Idle,-0.0,43.5,121.5,165.0,EPEX,SSP
2026-07-20 00:00:00,0.0,0.42000000000000004,SFFR,17.569999999999997,0.0,0.42000000000000004,SFFR,17.57,0.0,0.42000000000000004,Multi-Market,Idle,0.0,14.530000000000001,113.1,127.63,SSP,DA_HH
2026-07-20 00:30:00,0.0,0.42000000000000004,SFFR,17.569999999999997,0.0,0.42000000000000004,SFFR,17.57,0.0,0.42000000000000004,Multi-Market,Idle,0.0,22.799999999999997,105.0,127.8,SSP,ISEM
2026-07-20 01:00:00,0.0,0.42000000000000004,SFFR,17.569999999999997,0.0,0.42000000000000004,SFFR,17.57,0.0,0.42000000000000004,Multi-Market,Idle,0.0,23.61,99.89,123.5,SSP,DA_HH
2026-07-20 01:30:00,0.0,0.42000000000000004,SFFR,17.569999999999997,0.0,0.42000000000000004,SFFR,17.57,-2.1,2.3787496011486513,Multi-Market,Buy-SSP,-186.942,32.75,89.02,121.77,SSP,DA_HH
2026-07-20 02:00:00,0.0,0.42000000000000004,SFFR,17.569999999999997,0.0,0.42000000000000004,SFFR,17.57,-2.1,4.337499202297303,Multi-Market,Buy-SSP,-183.72899999999998,30.41000000000001,87.49,117.9,SSP,DA_HH
2026-07-20 02:30:00,0.0,0.42000000000000004,SFFR,17.569999999999997,0.0,0.42000000000000004,SFFR,17.57,-2.1,6.296248803445954,Multi-Market,Buy-SSP,-185.32500000000002,29.099999999999994,88.25,117.35,SSP,DA_HH
2026-07-20 03:00:00,0.0,0.42000000000000004,SFFR,17.569999999999997,0.0,0.42000000000000004,SFFR,17.57,-0.07758785731592857,6.368617938956217,Multi-Market,Buy-SSP,-7.01782169422574,26.67,90.45,117.12,SSP,DA_HH
2026-07-20 03:30:00,0.0,0.42000000000000004,SFFR,17.569999999999997,0.0,0.42000000000000004,SFFR,17.57,0.0,6.368617938956217,Multi-Market,Idle,0.0,20.179999999999993,95.03,115.21,SSP,ISEM
2026-07-20 04:00:00,0.0,0.42000000000000004,SFFR,17.569999999999997,0.0,0.42000000000000004,SFFR,17.57,0.0,6.368617938956217,Multi-Market,Idle,0.0,20.960000000000008,99.94,120.9,SSP,DA_HH
2026-07-20 04:30:00,0.0,0.42000000000000004,SFFR,17.569999999999997,0.0,0.42000000000000004,SFFR,17.57,3.75,2.3481959333144866,Multi-Market,Sell-SSP,615.0,52.3,111.7,164.0,EPEX,SSP
2026-07-20 05:00:00,0.0,0.42000000000000004,SFFR,17.569999999999997,0.0,0.42000000000000004,SFFR,17.57,0.0,2.3481959333144866,Multi-Market,Idle,0.0,21.019999999999996,100.65,121.67,SSP,ISEM
2026-07-20 05:30:00,0.0,0.42000000000000004,SFFR,17.569999999999997,0.0,0.42000000000000004,SFFR,17.57,0.0,2.3481959333144866,Multi-Market,Idle,0.0,14.780000000000001,106.52,121.3,SSP,EPEX
2026-07-20 06:00:00,0.0,0.42000000000000004,SFFR,17.569999999999997,0.0,0.42000000000000004,SFFR,17.57,0.0,2.3481959333144866,Multi-Market,Idle,0.0,28.080000000000013,103.82,131.9,SSP,ISEM
2026-07-20 06:30:00,0.0,0.42000000000000004,SFFR,17.569999999999997,0.0,0.42000000000000004,SFFR,17.57,0.0,2.3481959333144866,Multi-Market,Idle,0.0,33.83,102.77,136.6,SSP,ISEM
2026-07-20 07:00:00,0.0,0.42000000000000004,SFFR,17.569999999999997,0.0,0.42000000000000004,SFFR,17.57,0.0,2.3481959333144866,Multi-Market,Idle,0.0,30.779999999999987,107.92,138.7,SSP,DA_HH
2026-07-20 07:30:00,0.0,0.42000000000000004,SFFR,17.569999999999997,0.0,0.42000000000000004,SFFR,17.57,0.0,2.3481959333144866,Multi-Market,Idle,0.0,30.900000000000006,107.1,138.0,SSP,EPEX
2026-07-20 08:00:00,0.0,0.42000000000000004,SFFR,17.569999999999997,0.0,0.42000000000000004,SFFR,17.57,1.798501435864858,0.42000000000000004,Multi-Market,Sell-SSP,294.68446026645694,24.639999999999986,139.21,163.85,DA_HH,SSP
2026-07-20 08:30:00,0.0,0.42000000000000004,SFFR,17.569999999999997,0.0,0.42000000000000004,SFFR,17.57,0.0,0.42000000000000004,Multi-Market,Idle,0.0,42.03,98.37,140.4,SSP,EPEX
2026-07-20 09:00:00,0.0,0.42000000000000004,SFFR,17.569999999999997,0.0,0.42000000000000004,SFFR,17.57,0.0,0.42000000000000004,Multi-Market,Idle,0.0,28.99000000000001,104.82,133.81,SSP,ISEM
2026-07-20 09:30:00,0.0,0.42000000000000004,SFFR,17.569999999999997,0.0,0.42000000000000004,SFFR,17.57,0.0,0.42000000000000004,Multi-Market,Idle,0.0,29.810000000000002,101.0,130.81,SSP,EPEX
2026-07-20 10:00:00,0.0,0.42000000000000004,SFFR,17.569999999999997,0.0,0.42000000000000004,SFFR,17.57,0.0,0.42000000000000004,Multi-Market,Idle,0.0,27.08,95.92,123.0,SSP,ISEM
2026-07-20 10:30:00,0.0,0.42000000000000004,SFFR,17.569999999999997,0.0,0.42000000000000004,SFFR,17.57,0.0,0.42000000000000004,Multi-Market,Idle,0.0,27.13000000000001,86.1,113.23,SSP,EPEX
2026-07-20 11:00:00,0.0,0.42000000000000004,SFFR,17.569999999999997,0.0,0.42000000000000004,SFFR,17.57,0.0,0.42000000000000004,Multi-Market,Idle,0.0,27.400000000000006,85.0,112.4,SSP,DA_HH
2026-07-20 11:30:00,0.0,0.42000000000000004,SFFR,17.569999999999997,0.0,0.42000000000000004,SFFR,17.57,0.0,0.42000000000000004,Multi-Market,Idle,0.0,27.299999999999997,85.0,112.3,SSP,DA_HH
2026-07-20 12:00:00,0.0,0.42000000000000004,SFFR,17.569999999999997,0.0,0.42000000000000004,SFFR,17.57,0.0,0.42000000000000004,Multi-Market,Idle,0.0,33.849999999999994,83.95,117.8,SSP,DA_HH
2026-07-20 12:30:00,0.0,0.42000000000000004,SFFR,17.569999999999997,0.0,0.42000000000000004,SFFR,17.57,0.0,0.42000000000000004,Multi-Market,Idle,0.0,37.849999999999994,82.15,120.0,SSP,DA_HH
2026-07-20 13:00:00,0.0,0.42000000000000004,SFFR,17.569999999999997,0.0,0.42000000000000004,SFFR,17.57,-2.1,2.3787496011486513,Multi-Market,Buy-SSP,-172.51500000000001,31.14999999999999,82.15,113.3,SSP,DA_HH
2026-07-20 13:30:00,0.0,0.42000000000000004,SFFR,17.569999999999997,0.0,0.42000000000000004,SFFR,17.57,-2.1,4.337499202297303,Multi-Market,Buy-SSP,-172.51500000000001,32.94999999999999,82.15,115.1,SSP,DA_HH
2026-07-20 14:00:00,0.0,0.42000000000000004,SFFR,17.569999999999997,0.0,0.42000000000000004,SFFR,17.57,-1.8051707633737284,6.021250398851349,Multi-Market,Buy-SSP,-148.2947782111518,32.349999999999994,82.15,114.5,SSP,EPEX
2026-07-20 14:30:00,0.0,0.42000000000000004,SFFR,17.569999999999997,0.0,0.42000000000000004,SFFR,17.57,-2.1,7.9799999999999995,Multi-Market,Buy-SSP,-172.51500000000001,32.349999999999994,82.15,114.5,SSP,EPEX
2026-07-20 15:00:00,0.0,0.42000000000000004,SFFR,17.569999999999997,0.0,0.42000000000000004,SFFR,17.57,0.0,7.9799999999999995,Multi-Market,Idle,0.0,38.75,82.25,121.0,SSP,EPEX
2026-07-20 15:30:00,0.0,0.42000000000000004,SFFR,17.569999999999997,0.0,0.42000000000000004,SFFR,17.57,0.0,7.9799999999999995,Multi-Market,Idle,0.0,36.239999999999995,84.76,121.0,SSP,EPEX
2026-07-20 16:00:00,0.0,0.42000000000000004,SFFR,17.569999999999997,0.0,0.42000000000000004,SFFR,17.57,0.0,7.9799999999999995,Multi-Market,Idle,0.0,44.400000000000006,82.25,126.65,SSP,EPEX
2026-07-20 16:30:00,0.0,0.42000000000000004,SFFR,17.569999999999997,0.0,0.42000000000000004,SFFR,17.57,0.0,7.9799999999999995,Multi-Market,Idle,0.0,44.150000000000006,82.5,126.65,SSP,EPEX
2026-07-20 17:00:00,0.0,0.42000000000000004,SFFR,17.569999999999997,0.0,0.42000000000000004,SFFR,17.57,0.0,7.9799999999999995,Multi-Market,Idle,0.0,41.41,97.59,139.0,SSP,DA_HH
2026-07-20 17:30:00,0.0,0.42000000000000004,SFFR,17.569999999999997,0.0,0.42000000000000004,SFFR,17.57,-0.0,7.9799999999999995,Multi-Market,Idle,-0.0,26.129999999999995,132.87,159.0,EPEX,SSP
2026-07-20 18:00:00,0.0,0.42000000000000004,SFFR,17.569999999999997,0.0,0.42000000000000004,SFFR,17.57,0.0,7.9799999999999995,Multi-Market,Idle,0.0,11.900000000000006,147.1,159.0,EPEX,SSP
2026-07-20 18:30:00,0.0,0.42000000000000004,SFFR,17.569999999999997,0.0,0.42000000000000004,SFFR,17.57,0.0,7.9799999999999995,Multi-Market,Idle,0.0,18.430000000000007,137.6,156.03,SSP,DA_HH
2026-07-20 19:00:00,0.0,0.42000000000000004,SFFR,17.569999999999997,0.0,0.42000000000000004,SFFR,17.57,0.0,7.9799999999999995,Multi-Market,Idle,0.0,4.599999999999994,154.4,159.0,EPEX,SSP
2026-07-20 19:30:00,0.0,0.42000000000000004,SFFR,17.569999999999997,0.0,0.42000000000000004,SFFR,17.57,-0.0,7.9799999999999995,Multi-Market,Idle,-0.0,22.380000000000024,153.45,175.83,DA_HH,SSP
2026-07-20 20:00:00,0.0,0.42000000000000004,SFFR,17.569999999999997,0.0,0.42000000000000004,SFFR,17.57,0.0,7.9799999999999995,Multi-Market,Idle,0.0,23.27000000000001,154.73,178.0,ISEM,SSP
2026-07-20 20:30:00,0.0,0.42000000000000004,SFFR,17.569999999999997,0.0,0.42000000000000004,SFFR,17.57,0.0,7.9799999999999995,Multi-Market,Idle,0.0,23.0,155.0,178.0,DA_HH,SSP
2026-07-20 21:00:00,0.0,0.42000000000000004,SFFR,17.569999999999997,0.0,0.42000000000000004,SFFR,17.57,3.3014985641351435,4.4404220056417305,Multi-Market,Sell-SSP,627.251712200036,36.23000000000002,153.76,189.99,ISEM,SSP
2026-07-20 21:30:00,0.0,0.42000000000000004,SFFR,17.569999999999997,0.0,0.42000000000000004,SFFR,17.57,3.75,0.42000000000000004,Multi-Market,Sell-SSP,712.4625000000001,36.59,153.4,189.99,ISEM,SSP
2026-07-20 22:00:00,0.0,0.42000000000000004,SFFR,17.569999999999997,0.0,0.42000000000000004,SFFR,17.57,-0.0,0.42000000000000004,Multi-Market,Idle,-0.0,33.18000000000001,142.32,175.5,EPEX,SSP
2026-07-20 22:30:00,0.0,0.42000000000000004,SFFR,17.569999999999997,0.0,0.42000000000000004,SFFR,17.57,-0.0,0.42000000000000004,Multi-Market,Idle,-0.0,34.50999999999999,139.31,173.82,DA_HH,SSP
2026-07-20 23:00:00,0.0,0.42000000000000004,SFFR,17.569999999999997,0.0,0.42000000000000004,SFFR,17.57,0.0,0.42000000000000004,Multi-Market,Idle,0.0,22.80000000000001,113.5,136.3,SSP,EPEX
2026-07-20 23:30:00,0.0,0.42000000000000004,SFFR,17.569999999999997,0.0,0.42000000000000004,SFFR,17.57,-0.0,0.42000000000000004,Multi-Market,Idle,-0.0,15.790000000000006,120.51,136.3,SSP,EPEX
2026-07-21 00:00:00,0.0,0.42000000000000004,SFFR,17.569999999999997,0.0,0.42000000000000004,SFFR,17.57,0.0,0.42000000000000004,Multi-Market,Idle,0.0,21.659999999999997,130.34,152.0,DA_HH,SSP
2026-07-21 00:30:00,0.0,0.42000000000000004,SFFR,17.569999999999997,0.0,0.42000000000000004,SFFR,17.57,0.0,0.42000000000000004,Multi-Market,Idle,0.0,24.349999999999994,130.65,155.0,ISEM,SSP
2026-07-21 01:00:00,0.0,0.42000000000000004,SFFR,17.569999999999997,0.0,0.42000000000000004,SFFR,17.57,0.0,0.42000000000000004,Multi-Market,Idle,0.0,28.870000000000005,126.13,155.0,DA_HH,SSP
2026-07-21 01:30:00,0.0,0.42000000000000004,SFFR,17.569999999999997,0.0,0.42000000000000004,SFFR,17.57,0.0,0.42000000000000004,Multi-Market,Idle,0.0,9.66000000000001,126.02,135.68,ISEM,SSP
2026-07-21 02:00:00,0.0,0.42000000000000004,SFFR,17.569999999999997,0.0,0.42000000000000004,SFFR,17.57,0.0,0.42000000000000004,Multi-Market,Idle,0.0,11.879999999999995,121.9,133.78,DA_HH,SSP
2026-07-21 02:30:00,0.0,0.42000000000000004,SFFR,17.569999999999997,0.0,0.42000000000000004,SFFR,17.57,-2.1,2.3787496011486513,Multi-Market,Buy-DA_HH,-237.09000000000003,12.929999999999993,112.9,125.83,DA_HH,SSP
2026-07-21 03:00:00,0.0,0.42000000000000004,SFFR,17.569999999999997,0.0,0.42000000000000004,SFFR,17.57,0.0,2.3787496011486513,Multi-Market,Idle,0.0,14.579999999999998,118.7,133.28,DA_HH,SSP
2026-07-21 03:30:00,0.0,0.42000000000000004,SFFR,17.569999999999997,0.0,0.42000000000000004,SFFR,17.57,0.0,2.3787496011486513,Multi-Market,Idle,0.0,5.659999999999997,117.76,123.42,DA_HH,EPEX
2026-07-21 04:00:00,0.0,0.42000000000000004,SFFR,17.569999999999997,0.0,0.42000000000000004,SFFR,17.57,0.0,2.3787496011486513,Multi-Market,Idle,0.0,10.419999999999987,123.9,134.32,DA_HH,SSP
2026-07-21 04:30:00,0.0,0.42000000000000004,SFFR,17.569999999999997,0.0,0.42000000000000004,SFFR,17.57,0.0,2.3787496011486513,Multi-Market,Idle,0.0,6.560000000000002,120.02,126.58,SSP,EPEX
2026-07-21 05:00:00,0.0,0.42000000000000004,SFFR,17.569999999999997,0.0,0.42000000000000004,SFFR,17.57,0.0,2.3787496011486513,Multi-Market,Idle,0.0,8.419999999999987,122.18,130.6,SSP,EPEX
2026-07-21 05:30:00,0.0,0.42000000000000004,SFFR,17.569999999999997,0.0,0.42000000000000004,SFFR,17.57,0.0,2.3787496011486513,Multi-Market,Idle,0.0,50.849999999999994,128.15,179.0,DA_HH,SSP
2026-07-21 06:00:00,0.0,0.42000000000000004,SFFR,17.569999999999997,0.0,0.42000000000000004,SFFR,17.57,1.8270000000000002,0.42000000000000004,Multi-Market,Sell-SSP,327.033,52.7,126.3,179.0,DA_HH,SSP
2026-07-21 06:30:00,0.0,0.42000000000000004,SFFR,17.569999999999997,0.0,0.42000000000000004,SFFR,17.57,-0.0,0.42000000000000004,Multi-Market,Idle,-0.0,42.69999999999999,136.3,179.0,EPEX,SSP
2026-07-21 07:00:00,0.0,0.42000000000000004,SFFR,17.569999999999997,0.0,0.42000000000000004,SFFR,17.57,-0.0,0.42000000000000004,Multi-Market,Idle,-0.0,53.0,126.0,179.0,DA_HH,SSP
2026-07-21 07:30:00,0.0,0.42000000000000004,SFFR,17.569999999999997,0.0,0.42000000000000004,SFFR,17.57,0.0,0.4199999999999988,Multi-Market,Idle,0.0,30.460000000000008,128.54,159.0,DA_HH,SSP
2026-07-21 08:00:00,0.0,0.42000000000000004,SFFR,17.569999999999997,0.0,0.42000000000000004,SFFR,17.57,0.0,0.4199999999999988,Multi-Market,Idle,0.0,37.0,122.0,159.0,DA_HH,SSP
2026-07-21 08:30:00,0.0,0.42000000000000004,SFFR,17.569999999999997,0.0,0.42000000000000004,SFFR,17.57,0.0,0.4199999999999988,Multi-Market,Idle,0.0,37.45,121.55,159.0,ISEM,SSP
2026-07-21 09:00:00,0.0,0.42000000000000004,SFFR,17.569999999999997,0.0,0.42000000000000004,SFFR,17.57,0.0,0.4199999999999988,Multi-Market,Idle,0.0,56.650000000000006,119.35,176.0,EPEX,SSP
2026-07-21 09:30:00,0.0,0.42000000000000004,SFFR,17.569999999999997,0.0,0.42000000000000004,SFFR,17.57,-2.1,2.37874960114865,Multi-Market,Buy-DA_HH,-235.22100000000003,63.989999999999995,112.01,176.0,DA_HH,SSP
2026-07-21 10:00:00,0.0,0.42000000000000004,SFFR,17.569999999999997,0.0,0.42000000000000004,SFFR,17.57,1.816913578548928,0.42000000000000004,Multi-Market,Buy-EPEX,324.63766908545426,62.650000000000006,113.35,176.0,EPEX,SSP
2026-07-21 10:30:00,0.0,0.42000000000000004,SFFR,17.569999999999997,0.0,0.42000000000000004,SFFR,17.57,-0.2729999999999997,0.42000000000000004,Multi-Market,Buy-DA_HH,83.70600000000005,62.739999999999995,113.26,176.0,DA_HH,SSP
2026-07-21 11:00:00,0.0,0.42000000000000004,SFFR,17.569999999999997,0.0,0.42000000000000004,SFFR,17.57,0.0,0.4200000000000006,Multi-Market,Idle,0.0,38.06999999999999,112.93,151.0,DA_HH,SSP
2026-07-21 11:30:00,0.0,0.42000000000000004,SFFR,17.569999999999997,0.0,0.42000000000000004,SFFR,17.57,0.0,0.4200000000000006,Multi-Market,Idle,0.0,38.83,112.17,151.0,ISEM,SSP
2026-07-21 12:00:00,0.0,0.42000000000000004,SFFR,17.569999999999997,0.0,0.42000000000000004,SFFR,17.57,0.0,0.4200000000000006,Multi-Market,Idle,0.0,39.989999999999995,111.01,151.0,DA_HH,SSP
2026-07-21 12:30:00,0.0,0.42000000000000004,SFFR,17.569999999999997,0.0,0.42000000000000004,SFFR,17.57,0.0,0.4200000000000006,Multi-Market,Idle,0.0,39.0,111.0,150.0,DA_HH,SSP
2026-07-21 13:00:00,0.0,0.42000000000000004,SFFR,17.569999999999997,0.0,0.42000000000000004,SFFR,17.57,0.0,0.4200000000000006,Multi-Market,Idle,0.0,40.0,110.0,150.0,DA_HH,SSP
2026-07-21 13:30:00,0.0,0.42000000000000004,SFFR,17.569999999999997,0.0,0.42000000000000004,SFFR,17.57,0.0,0.4200000000000006,Multi-Market,Idle,0.0,31.900000000000006,107.0,138.9,DA_HH,SSP
2026-07-21 14:00:00,0.0,0.42000000000000004,SFFR,17.569999999999997,0.0,0.42000000000000004,SFFR,17.57,0.0,0.4200000000000006,Multi-Market,Idle,0.0,40.16,108.0,148.16,DA_HH,SSP
2026-07-21 14:30:00,0.0,0.42000000000000004,SFFR,17.569999999999997,0.0,0.42000000000000004,SFFR,17.57,-2.1,2.3787496011486517,Multi-Market,Buy-SSP,-182.91,23.730000000000004,87.1,110.83,SSP,EPEX
2026-07-21 15:00:00,0.0,0.42000000000000004,SFFR,17.569999999999997,0.0,0.42000000000000004,SFFR,17.57,-2.1,4.337499202297303,Multi-Market,Buy-SSP,-194.25,19.069999999999993,92.5,111.57,SSP,EPEX
2026-07-21 15:30:00,0.0,0.42000000000000004,SFFR,17.569999999999997,0.0,0.42000000000000004,SFFR,17.57,0.0,4.337499202297303,Multi-Market,Idle,0.0,7.200000000000003,108.0,115.2,DA_HH,SSP
2026-07-21 16:00:00,0.0,0.42000000000000004,SFFR,17.569999999999997,0.0,0.42000000000000004,SFFR,17.57,-1.8051707633737284,6.021250398851349,Multi-Market,Buy-SSP,-166.97829561206987,19.799999999999997,92.5,112.3,SSP,EPEX
2026-07-21 16:30:00,0.0,0.42000000000000004,SFFR,17.569999999999997,0.0,0.42000000000000004,SFFR,17.57,-2.1,7.9799999999999995,Multi-Market,Buy-SSP,-182.91,30.840000000000003,87.1,117.94,SSP,DA_HH
2026-07-21 17:00:00,0.0,0.42000000000000004,SFFR,17.569999999999997,0.0,0.42000000000000004,SFFR,17.57,0.0,7.9799999999999995,Multi-Market,Idle,0.0,13.780000000000001,108.55,122.33,DA_HH,EPEX
2026-07-21 17:30:00,0.0,0.42000000000000004,SFFR,17.569999999999997,0.0,0.42000000000000004,SFFR,17.57,0.0,7.9799999999999995,Multi-Market,Idle,0.0,9.329999999999998,113.0,122.33,SSP,EPEX
2026-07-21 18:00:00,0.0,0.42000000000000004,SFFR,17.569999999999997,0.0,0.42000000000000004,SFFR,17.57,0.0,7.9799999999999995,Multi-Market,Idle,0.0,37.44999999999999,131.9,169.35,ISEM,SSP
2026-07-21 18:30:00,0.0,0.42000000000000004,SFFR,17.569999999999997,0.0,0.42000000000000004,SFFR,17.57,-0.0,7.9799999999999995,Multi-Market,Idle,-0.0,32.5,137.8,170.3,EPEX,SSP
2026-07-21 19:00:00,0.0,0.42000000000000004,SFFR,17.569999999999997,0.0,0.42000000000000004,SFFR,17.57,0.0,7.9799999999999995,Multi-Market,Idle,0.0,27.810000000000002,144.19,172.0,DA_HH,SSP
2026-07-21 19:30:00,0.0,0.42000000000000004,SFFR,17.569999999999997,0.0,0.42000000000000004,SFFR,17.57,-0.0,7.9799999999999995,Multi-Market,Idle,-0.0,37.129999999999995,143.79,180.92,DA_HH,SSP
2026-07-21 20:00:00,0.0,0.42000000000000004,SFFR,17.569999999999997,0.0,0.42000000000000004,SFFR,17.57,3.3014985641351435,4.4404220056417305,Multi-Market,Sell-SSP,643.4620701499394,52.900000000000006,142.0,194.9,DA_HH,SSP
2026-07-21 20:30:00,0.0,0.42000000000000004,SFFR,17.569999999999997,0.0,0.42000000000000004,SFFR,17.57,3.75,0.42000000000000004,Multi-Market,Sell-SSP,730.875,53.30000000000001,141.6,194.9,DA_HH,SSP
2026-07-21 21:00:00,0.0,0.42000000000000004,SFFR,17.569999999999997,0.0,0.42000000000000004,SFFR,17.57,0.0,0.42000000000000004,Multi-Market,Idle,0.0,32.0,140.0,172.0,DA_HH,SSP
2026-07-21 21:30:00,0.0,0.42000000000000004,SFFR,17.569999999999997,0.0,0.42000000000000004,SFFR,17.57,-0.0,0.42000000000000004,Multi-Market,Idle,-0.0,33.099999999999994,138.9,172.0,DA_HH,SSP
2026-07-21 22:00:00,0.0,0.42000000000000004,SFFR,17.569999999999997,0.0,0.42000000000000004,SFFR,17.57,-0.0,0.42000000000000004,Multi-Market,Idle,-0.0,34.58000000000001,137.42,172.0,EPEX,SSP
2026-07-21 22:30:00,0.0,0.42000000000000004,SFFR,17.569999999999997,0.0,0.42000000000000004,SFFR,17.57,0.0,0.42000000000000004,Multi-Market,Idle,0.0,44.91999999999999,92.5,137.42,SSP,EPEX
2026-07-21 23:00:00,0.0,0.42000000000000004,SFFR,17.569999999999997,0.0,0.42000000000000004,SFFR,17.57,-0.0,0.42000000000000004,Multi-Market,Idle,-0.0,10.409999999999997,132.0,142.41,EPEX,SSP
2026-07-21 23:30:00,0.0,0.42000000000000004,SFFR,17.569999999999997,0.0,0.42000000000000004,SFFR,17.57,-0.0,0.42000000000000004,Multi-Market,Idle,-0.0,38.900000000000006,93.1,132.0,SSP,EPEX
2026-07-22 00:00:00,0.0,0.42000000000000004,SFFR,17.569999999999997,0.0,0.42000000000000004,SFFR,17.57,0.0,0.42000000000000004,Multi-Market,Idle,0.0,52.14,127.86,180.0,DA_HH,SSP
2026-07-22 00:30:00,0.0,0.42000000000000004,SFFR,17.569999999999997,0.0,0.42000000000000004,SFFR,17.57,0.0,0.42000000000000004,Multi-Market,Idle,0.0,17.849999999999994,127.12,144.97,DA_HH,SSP
2026-07-22 01:00:00,0.0,0.42000000000000004,SFFR,17.569999999999997,0.0,0.42000000000000004,SFFR,17.57,0.0,0.42000000000000004,Multi-Market,Idle,0.0,5.430000000000007,122.19,127.62,DA_HH,SSP
2026-07-22 01:30:00,0.0,0.42000000000000004,SFFR,17.569999999999997,0.0,0.42000000000000004,SFFR,17.57,-0.0,0.42000000000000004,Multi-Market,Idle,-0.0,55.8,124.2,180.0,DA_HH,SSP
2026-07-22 02:00:00,0.0,0.42000000000000004,SFFR,17.569999999999997,0.0,0.42000000000000004,SFFR,17.57,0.0,0.42000000000000004,Multi-Market,Idle,0.0,6.430000000000007,117.8,124.23,DA_HH,SSP
2026-07-22 02:30:00,0.0,0.42000000000000004,SFFR,17.569999999999997,0.0,0.42000000000000004,SFFR,17.57,-0.07758785731592857,0.4923691355102635,Multi-Market,Buy-DA_HH,-8.96139751998975,10.319999999999993,115.5,125.82,DA_HH,SSP
2026-07-22 03:00:00,0.0,0.42000000000000004,SFFR,17.569999999999997,0.0,0.42000000000000004,SFFR,17.57,-2.1,2.451118736658915,Multi-Market,Buy-DA_HH,-235.20000000000002,10.590000000000003,112.0,122.59,DA_HH,SSP
2026-07-22 03:30:00,0.0,0.42000000000000004,SFFR,17.569999999999997,0.0,0.42000000000000004,SFFR,17.57,-2.1,4.409868337807566,Multi-Market,Buy-DA_HH,-235.20000000000002,31.939999999999998,112.0,143.94,DA_HH,SSP
2026-07-22 04:00:00,0.0,0.42000000000000004,SFFR,17.569999999999997,0.0,0.42000000000000004,SFFR,17.57,0.0,4.409868337807566,Multi-Market,Idle,0.0,6.790000000000006,115.55,122.34,DA_HH,EPEX
2026-07-22 04:30:00,0.0,0.42000000000000004,SFFR,17.569999999999997,0.0,0.42000000000000004,SFFR,17.57,-2.1,6.368617938956217,Multi-Market,Buy-DA_HH,-235.83,10.040000000000006,112.3,122.34,DA_HH,EPEX
2026-07-22 05:00:00,0.0,0.42000000000000004,SFFR,17.569999999999997,0.0,0.42000000000000004,SFFR,17.57,1.798501435864858,4.4404220056417305,Multi-Market,Sell-SSP,313.8385005584177,50.209999999999994,124.29,174.5,EPEX,SSP
2026-07-22 05:30:00,0.0,0.42000000000000004,SFFR,17.569999999999997,0.0,0.42000000000000004,SFFR,17.57,0.0,4.4404220056417305,Multi-Market,Idle,0.0,14.899999999999991,124.29,139.19,EPEX,SSP
2026-07-22 06:00:00,0.0,0.42000000000000004,SFFR,17.569999999999997,0.0,0.42000000000000004,SFFR,17.57,0.0,4.4404220056417305,Multi-Market,Idle,0.0,36.400000000000006,123.6,160.0,DA_HH,SSP
2026-07-22 06:30:00,0.0,0.42000000000000004,SFFR,17.569999999999997,0.0,0.42000000000000004,SFFR,17.57,3.75,0.42000000000000004,Multi-Market,Sell-SSP,753.75,71.55000000000001,129.45,201.0,EPEX,SSP
2026-07-22 07:00:00,0.0,0.42000000000000004,SFFR,17.569999999999997,0.0,0.42000000000000004,SFFR,17.57,0.0,0.41999999999999993,Multi-Market,Idle,0.0,10.22999999999999,120.44,130.67,SSP,ISEM
2026-07-22 07:30:00,0.0,0.42000000000000004,SFFR,17.569999999999997,0.0,0.42000000000000004,SFFR,17.57,0.0,0.41999999999999993,Multi-Market,Idle,0.0,11.039999999999992,119.91,130.95,SSP,ISEM
2026-07-22 08:00:00,0.0,0.42000000000000004,SFFR,17.569999999999997,0.0,0.42000000000000004,SFFR,17.57,0.0,0.41999999999999993,Multi-Market,Idle,0.0,8.959999999999994,126.01,134.97,SSP,ISEM
2026-07-22 08:30:00,0.0,0.42000000000000004,SFFR,17.569999999999997,0.0,0.42000000000000004,SFFR,17.57,0.0,0.41999999999999993,Multi-Market,Idle,0.0,32.11,127.89,160.0,DA_HH,SSP
2026-07-22 09:00:00,0.0,0.42000000000000004,SFFR,17.569999999999997,0.0,0.42000000000000004,SFFR,17.57,0.0,0.41999999999999993,Multi-Market,Idle,0.0,35.8,124.2,160.0,EPEX,SSP
2026-07-22 09:30:00,0.0,0.42000000000000004,SFFR,17.569999999999997,0.0,0.42000000000000004,SFFR,17.57,0.0,0.41999999999999993,Multi-Market,Idle,0.0,35.8,124.2,160.0,EPEX,SSP
2026-07-22 10:00:00,0.0,0.42000000000000004,SFFR,17.569999999999997,0.0,0.42000000000000004,SFFR,17.57,0.0,0.41999999999999993,Multi-Market,Idle,0.0,38.17,121.83,160.0,EPEX,SSP
2026-07-22 10:30:00,0.0,0.42000000000000004,SFFR,17.569999999999997,0.0,0.42000000000000004,SFFR,17.57,0.0,0.41999999999999993,Multi-Market,Idle,0.0,38.17,121.83,160.0,EPEX,SSP
2026-07-22 11:00:00,0.0,0.42000000000000004,SFFR,17.569999999999997,0.0,0.42000000000000004,SFFR,17.57,0.0,0.41999999999999993,Multi-Market,Idle,0.0,6.950000000000003,116.77,123.72,EPEX,SSP
2026-07-22 11:30:00,0.0,0.42000000000000004,SFFR,17.569999999999997,0.0,0.42000000000000004,SFFR,17.57,0.0,0.41999999999999993,Multi-Market,Idle,0.0,5.760000000000005,116.71,122.47,DA_HH,SSP
2026-07-22 12:00:00,0.0,0.42000000000000004,SFFR,17.569999999999997,0.0,0.42000000000000004,SFFR,17.57,0.0,0.41999999999999993,Multi-Market,Idle,0.0,42.0,113.0,155.0,EPEX,SSP
2026-07-22 12:30:00,0.0,0.42000000000000004,SFFR,17.569999999999997,0.0,0.42000000000000004,SFFR,17.57,0.0,0.41999999999999993,Multi-Market,Idle,0.0,47.0,113.0,160.0,EPEX,SSP
2026-07-22 13:00:00,0.0,0.42000000000000004,SFFR,17.569999999999997,0.0,0.42000000000000004,SFFR,17.57,0.0,0.41999999999999993,Multi-Market,Idle,0.0,49.25,110.75,160.0,EPEX,SSP
2026-07-22 13:30:00,0.0,0.42000000000000004,SFFR,17.569999999999997,0.0,0.42000000000000004,SFFR,17.57,0.0,0.41999999999999993,Multi-Market,Idle,0.0,49.25,110.75,160.0,EPEX,SSP
2026-07-22 14:00:00,0.0,0.42000000000000004,SFFR,17.569999999999997,0.0,0.42000000000000004,SFFR,17.57,0.0,0.41999999999999993,Multi-Market,Idle,0.0,45.8,109.2,155.0,EPEX,SSP
2026-07-22 14:30:00,0.0,0.42000000000000004,SFFR,17.569999999999997,0.0,0.42000000000000004,SFFR,17.57,0.0,0.41999999999999993,Multi-Market,Idle,0.0,45.8,109.2,155.0,EPEX,SSP
2026-07-22 15:00:00,0.0,0.42000000000000004,SFFR,17.569999999999997,0.0,0.42000000000000004,SFFR,17.57,0.0,0.4200000000000006,Multi-Market,Idle,0.0,16.440000000000012,109.21,125.65,EPEX,SSP
2026-07-22 15:30:00,0.0,0.42000000000000004,SFFR,17.569999999999997,0.0,0.42000000000000004,SFFR,17.57,0.0,0.4200000000000006,Multi-Market,Idle,0.0,45.790000000000006,109.21,155.0,EPEX,SSP
2026-07-22 16:00:00,0.0,0.42000000000000004,SFFR,17.569999999999997,0.0,0.42000000000000004,SFFR,17.57,-2.1,2.3787496011486517,Multi-Market,Buy-SSP,-199.5,27.0,95.0,122.0,SSP,DA_HH
2026-07-22 16:30:00,0.0,0.42000000000000004,SFFR,17.569999999999997,0.0,0.42000000000000004,SFFR,17.57,-2.1,4.337499202297303,Multi-Market,Buy-SSP,-199.5,30.290000000000006,95.0,125.29,SSP,ISEM
2026-07-22 17:00:00,0.0,0.42000000000000004,SFFR,17.569999999999997,0.0,0.42000000000000004,SFFR,17.57,0.0,4.337499202297303,Multi-Market,Idle,0.0,32.3,122.7,155.0,EPEX,SSP
2026-07-22 17:30:00,0.0,0.42000000000000004,SFFR,17.569999999999997,0.0,0.42000000000000004,SFFR,17.57,-1.8051707633737284,6.021250398851349,Multi-Market,Buy-SSP,-191.3481009176152,33.00999999999999,106.0,139.01,SSP,DA_HH
2026-07-22 18:00:00,0.0,0.42000000000000004,SFFR,17.569999999999997,0.0,0.42000000000000004,SFFR,17.57,-2.1,7.9799999999999995,Multi-Market,Buy-SSP,-222.60000000000002,36.19999999999999,106.0,142.2,SSP,DA_HH
2026-07-22 18:30:00,0.0,0.42000000000000004,SFFR,17.569999999999997,0.0,0.42000000000000004,SFFR,17.57,0.0,7.9799999999999995,Multi-Market,Idle,0.0,37.49000000000001,109.28,146.77,SSP,DA_HH
2026-07-22 19:00:00,0.0,0.42000000000000004,SFFR,17.569999999999997,0.0,0.42000000000000004,SFFR,17.57,0.0,7.9799999999999995,Multi-Market,Idle,0.0,11.919999999999987,138.08,150.0,SSP,DA_HH
2026-07-22 19:30:00,0.0,0.42000000000000004,SFFR,17.569999999999997,0.0,0.42000000000000004,SFFR,17.57,3.3014985641351435,4.4404220056417305,Multi-Market,Sell-SSP,659.9695629706152,57.99000000000001,141.91,199.9,EPEX,SSP
2026-07-22 20:00:00,0.0,0.42000000000000004,SFFR,17.569999999999997,0.0,0.42000000000000004,SFFR,17.57,0.0,4.4404220056417305,Multi-Market,Idle,0.0,52.900000000000006,147.0,199.9,EPEX,SSP
2026-07-22 20:30:00,0.0,0.42000000000000004,SFFR,17.569999999999997,0.0,0.42000000000000004,SFFR,17.57,0.0,4.4404220056417305,Multi-Market,Idle,0.0,42.99000000000001,147.0,189.99,EPEX,SSP
2026-07-22 21:00:00,0.0,0.42000000000000004,SFFR,17.569999999999997,0.0,0.42000000000000004,SFFR,17.57,3.75,0.42000000000000004,Multi-Market,Sell-SSP,798.375,66.75,146.15,212.9,ISEM,SSP
2026-07-22 21:30:00,0.0,0.42000000000000004,SFFR,17.569999999999997,0.0,0.42000000000000004,SFFR,17.57,0.0,0.42000000000000004,Multi-Market,Idle,0.0,41.16,145.84,187.0,ISEM,SSP
2026-07-22 22:00:00,0.0,0.42000000000000004,SFFR,17.569999999999997,0.0,0.42000000000000004,SFFR,17.57,-0.0,0.42000000000000004,Multi-Market,Idle,-0.0,58.80000000000001,140.2,199.0,EPEX,SSP
2026-07-22 22:30:00,0.0,0.42000000000000004,SFFR,17.569999999999997,0.0,0.42000000000000004,SFFR,17.57,-0.0,0.42000000000000004,Multi-Market,Idle,-0.0,31.389999999999986,134.99,166.38,DA_HH,SSP
2026-07-22 23:00:00,0.0,0.42000000000000004,SFFR,17.569999999999997,0.0,0.42000000000000004,SFFR,17.57,-0.0,0.42000000000000004,Multi-Market,Idle,-0.0,10.620000000000005,124.15,134.77,SSP,ISEM
2026-07-22 23:30:00,0.0,0.42000000000000004,SFFR,17.569999999999997,0.0,0.42000000000000004,SFFR,17.57,-0.0,0.42000000000000004,Multi-Market,Idle,-0.0,12.000000000000014,121.55,133.55,SSP,EPEX
2026-07-23 00:00:00,0.0,0.42000000000000004,SFFR,17.569999999999997,0.0,0.42000000000000004,SFFR,17.57,0.0,0.42000000000000004,SFFR,SFFR,17.569999999999997,6.179999999999993,121.62,127.8,SSP,EPEX
2026-07-23 00:30:00,0.0,0.42000000000000004,SFFR,17.569999999999997,0.0,0.42000000000000004,SFFR,17.57,0.0,0.42000000000000004,SFFR,SFFR,17.569999999999997,6.730000000000004,121.07,127.8,SSP,EPEX
2026-07-23 01:00:00,0.0,0.42000000000000004,SFFR,17.569999999999997,0.0,0.42000000000000004,SFFR,17.57,0.0,0.42000000000000004,SFFR,SFFR,17.569999999999997,6.900000000000006,118.0,124.9,DA_HH,EPEX
2026-07-23 01:30:00,0.0,0.42000000000000004,SFFR,17.569999999999997,0.0,0.42000000000000004,SFFR,17.57,0.0,0.42000000000000004,SFFR,SFFR,17.569999999999997,6.060000000000002,118.84,124.9,DA_HH,EPEX
2026-07-23 02:00:00,0.0,0.42000000000000004,SFFR,17.569999999999997,0.0,0.42000000000000004,SFFR,17.57,0.0,0.42000000000000004,SFFR,SFFR,17.569999999999997,6.769999999999996,113.23,120.0,SSP,DA_HH
2026-07-23 02:30:00,0.0,0.42000000000000004,SFFR,17.569999999999997,0.0,0.42000000000000004,SFFR,17.57,0.0,0.42000000000000004,SFFR,SFFR,17.569999999999997,3.5800000000000125,116.1,119.68,SSP,EPEX
2026-07-23 03:00:00,0.0,0.42000000000000004,SFFR,17.569999999999997,0.0,0.42000000000000004,SFFR,17.57,0.0,0.42000000000000004,SFFR,SFFR,17.569999999999997,23.0,96.5,119.5,SSP,DA_HH
2026-07-23 03:30:00,0.0,0.42000000000000004,SFFR,17.569999999999997,0.0,0.42000000000000004,SFFR,17.57,0.0,0.42000000000000004,SFFR,SFFR,17.569999999999997,23.28,96.5,119.78,SSP,ISEM
2026-07-23 04:00:00,0.0,0.42000000000000004,SFFR,17.569999999999997,0.0,0.42000000000000004,SFFR,17.57,0.0,0.42000000000000004,SFFR,SFFR,17.569999999999997,28.86999999999999,96.15,125.02,SSP,ISEM
2026-07-23 04:30:00,0.0,0.42000000000000004,SFFR,17.569999999999997,0.0,0.42000000000000004,SFFR,17.57,0.0,0.42000000000000004,SFFR,SFFR,17.569999999999997,28.86,96.11,124.97,SSP,ISEM
2026-07-23 05:00:00,0.0,0.42000000000000004,SFFR,17.569999999999997,0.0,0.42000000000000004,SFFR,17.57,0.0,0.42000000000000004,SFFR,SFFR,17.569999999999997,40.11,96.11,136.22,SSP,ISEM
2026-07-23 05:30:00,0.0,0.42000000000000004,SFFR,17.569999999999997,0.0,0.42000000000000004,SFFR,17.57,0.0,0.42000000000000004,SFFR,SFFR,17.569999999999997,43.64999999999999,96.11,139.76,SSP,ISEM
2026-07-23 06:00:00,0.0,0.42000000000000004,SFFR,17.569999999999997,0.0,0.42000000000000004,SFFR,17.57,0.0,0.42000000000000004,SFFR,SFFR,17.569999999999997,45.67,96.11,141.78,SSP,ISEM
2026-07-23 06:30:00,0.0,0.42000000000000004,SFFR,17.569999999999997,0.0,0.42000000000000004,SFFR,17.57,0.0,0.42000000000000004,SFFR,SFFR,17.569999999999997,55.64999999999999,96.2,151.85,SSP,DA_HH
2026-07-23 07:00:00,0.0,0.42000000000000004,SFFR,17.569999999999997,0.0,0.42000000000000004,SFFR,17.57,0.0,0.42000000000000004,SFFR,SFFR,17.569999999999997,26.0,127.5,153.5,SSP,DA_HH
2026-07-23 07:30:00,0.0,0.42000000000000004,SFFR,17.569999999999997,0.0,0.42000000000000004,SFFR,17.57,0.0,0.42000000000000004,SFFR,SFFR,17.569999999999997,35.47999999999999,134.21,169.69,EPEX,SSP
2026-07-23 08:00:00,0.0,0.42000000000000004,SFFR,17.569999999999997,0.0,0.42000000000000004,SFFR,17.57,0.0,0.42000000000000004,SFFR,SFFR,17.569999999999997,21.52000000000001,135.6,157.12,EPEX,SSP
2026-07-23 08:30:00,0.0,0.42000000000000004,SFFR,17.569999999999997,0.0,0.42000000000000004,SFFR,17.57,0.0,0.42000000000000004,SFFR,SFFR,17.569999999999997,18.950000000000017,135.6,154.55,EPEX,ISEM
2026-07-23 09:00:00,0.0,0.42000000000000004,SFFR,17.569999999999997,0.0,0.42000000000000004,SFFR,17.57,0.0,0.42000000000000004,SFFR,SFFR,17.569999999999997,29.47,135.53,165.0,EPEX,SSP
2026-07-23 09:30:00,0.0,0.42000000000000004,SFFR,17.569999999999997,0.0,0.42000000000000004,SFFR,17.57,0.0,0.42000000000000004,SFFR,SFFR,17.569999999999997,11.469999999999999,135.53,147.0,EPEX,ISEM
2026-07-23 10:00:00,0.0,0.42000000000000004,SFFR,17.569999999999997,0.0,0.42000000000000004,SFFR,17.57,0.0,0.42000000000000004,SFFR,SFFR,17.569999999999997,28.040000000000006,112.96,141.0,SSP,ISEM
2026-07-23 10:30:00,0.0,0.42000000000000004,SFFR,17.569999999999997,0.0,0.42000000000000004,SFFR,17.57,0.0,0.42000000000000004,SFFR,SFFR,17.569999999999997,35.53,102.59,138.12,SSP,ISEM
2026-07-23 11:00:00,0.0,0.42000000000000004,SFFR,17.569999999999997,0.0,0.42000000000000004,SFFR,17.57,0.0,0.42000000000000004,SFFR,SFFR,17.569999999999997,34.150000000000006,98.56,132.71,SSP,ISEM
2026-07-23 11:30:00,0.0,0.42000000000000004,SFFR,17.569999999999997,0.0,0.42000000000000004,SFFR,17.57,0.0,0.42000000000000004,SFFR,SFFR,17.569999999999997,35.31,96.1,131.41,SSP,ISEM
2026-07-23 12:00:00,0.0,0.42000000000000004,SFFR,17.569999999999997,0.0,0.42000000000000004,SFFR,17.57,0.0,0.42000000000000004,SFFR,SFFR,17.569999999999997,40.5,94.5,135.0,SSP,ISEM
2026-07-23 12:30:00,0.0,0.42000000000000004,SFFR,17.569999999999997,0.0,0.42000000000000004,SFFR,17.57,0.0,0.42000000000000004,SFFR,SFFR,17.569999999999997,41.28999999999999,91.38,132.67,SSP,ISEM
2026-07-23 13:00:00,0.0,0.42000000000000004,SFFR,17.569999999999997,0.0,0.42000000000000004,SFFR,17.57,0.0,0.42000000000000004,SFFR,SFFR,17.569999999999997,39.639999999999986,90.5,130.14,SSP,ISEM
2026-07-23 13:30:00,0.0,0.42000000000000004,SFFR,17.569999999999997,0.0,0.42000000000000004,SFFR,17.57,0.0,0.42000000000000004,SFFR,SFFR,17.569999999999997,33.84,92.16,126.0,SSP,ISEM
2026-07-23 14:00:00,0.0,0.42000000000000004,SFFR,17.569999999999997,0.0,0.42000000000000004,SFFR,17.57,0.0,0.42000000000000004,SFFR,SFFR,17.569999999999997,27.560000000000002,96.25,123.81,SSP,ISEM
2026-07-23 14:30:00,0.0,0.42000000000000004,SFFR,17.569999999999997,0.0,0.42000000000000004,SFFR,17.57,0.0,0.42000000000000004,SFFR,SFFR,17.569999999999997,27.210000000000008,96.1,123.31,SSP,ISEM
2026-07-23 15:00:00,0.0,0.42000000000000004,SFFR,17.569999999999997,0.0,0.42000000000000004,SFFR,17.57,0.0,0.42000000000000004,SFFR,SFFR,17.569999999999997,26.820000000000007,96.1,122.92,SSP,ISEM
2026-07-23 15:30:00,0.0,0.42000000000000004,SFFR,17.569999999999997,0.0,0.42000000000000004,SFFR,17.57,0.0,0.42000000000000004,SFFR,SFFR,17.569999999999997,26.55000000000001,96.21,122.76,SSP,ISEM
2026-07-23 16:00:00,0.0,0.42000000000000004,SFFR,17.569999999999997,0.0,0.42000000000000004,SFFR,17.57,0.0,0.42000000000000004,SFFR,SFFR,17.569999999999997,28.959999999999994,96.25,125.21,SSP,ISEM
2026-07-23 16:30:00,0.0,0.42000000000000004,SFFR,17.569999999999997,0.0,0.42000000000000004,SFFR,17.57,0.0,0.42000000000000004,SFFR,SFFR,17.569999999999997,34.389999999999986,95.25,129.64,SSP,ISEM
2026-07-23 17:00:00,0.0,0.42000000000000004,SFFR,17.569999999999997,0.0,0.42000000000000004,SFFR,17.57,0.0,0.42000000000000004,SFFR,SFFR,17.569999999999997,36.53,96.25,132.78,SSP,ISEM
2026-07-23 17:30:00,0.0,0.42000000000000004,SFFR,17.569999999999997,0.0,0.42000000000000004,SFFR,17.57,0.0,0.42000000000000004,SFFR,SFFR,17.569999999999997,28.58999999999999,110.45,139.04,SSP,ISEM
2026-07-23 18:00:00,0.0,0.42000000000000004,SFFR,17.569999999999997,0.0,0.42000000000000004,SFFR,17.57,0.0,0.42000000000000004,SFFR,SFFR,17.569999999999997,34.750000000000014,123.05,157.8,SSP,ISEM
2026-07-23 18:30:00,0.0,0.42000000000000004,SFFR,17.569999999999997,0.0,0.42000000000000004,SFFR,17.57,0.0,0.42000000000000004,SFFR,SFFR,17.569999999999997,21.180000000000007,138.81,159.99,SSP,DA_HH
2026-07-23 19:00:00,0.0,0.42000000000000004,SFFR,17.569999999999997,0.0,0.42000000000000004,SFFR,17.57,0.0,0.42000000000000004,SFFR,SFFR,17.569999999999997,50.20000000000002,116.38,166.58,SSP,ISEM
2026-07-23 19:30:00,0.0,0.42000000000000004,SFFR,17.569999999999997,0.0,0.42000000000000004,SFFR,17.57,0.0,0.42000000000000004,SFFR,SFFR,17.569999999999997,38.52000000000001,128.48,167.0,SSP,ISEM
2026-07-23 20:00:00,0.0,0.42000000000000004,SFFR,17.569999999999997,0.0,0.42000000000000004,SFFR,17.57,0.0,0.42000000000000004,SFFR,SFFR,17.569999999999997,17.569999999999993,151.44,169.01,SSP,ISEM
2026-07-23 20:30:00,0.0,0.42000000000000004,SFFR,17.569999999999997,0.0,0.42000000000000004,SFFR,17.57,0.0,0.42000000000000004,SFFR,SFFR,17.569999999999997,21.799999999999983,147.68,169.48,SSP,DA_HH
2026-07-23 21:00:00,0.0,0.42000000000000004,SFFR,17.569999999999997,0.0,0.42000000000000004,SFFR,17.57,0.0,0.42000000000000004,SFFR,SFFR,17.569999999999997,9.469999999999999,161.63,171.1,EPEX,DA_HH
2026-07-23 21:30:00,0.0,0.42000000000000004,SFFR,17.569999999999997,0.0,0.42000000000000004,SFFR,17.57,0.0,0.42000000000000004,SFFR,SFFR,17.569999999999997,48.510000000000005,118.54,167.05,SSP,DA_HH
2026-07-23 22:00:00,0.0,0.42000000000000004,SFFR,17.569999999999997,0.0,0.42000000000000004,SFFR,17.57,0.0,0.42000000000000004,SFFR,SFFR,17.569999999999997,20.389999999999986,149.0,169.39,EPEX,SSP
2026-07-23 22:30:00,0.0,0.42000000000000004,SFFR,17.569999999999997,0.0,0.42000000000000004,SFFR,17.57,0.0,0.42000000000000004,SFFR,SFFR,17.569999999999997,9.009999999999991,148.99,158.0,DA_HH,SSP
2026-07-23 23:00:00,0.0,0.42000000000000004,SFFR,17.569999999999997,0.0,0.42000000000000004,SFFR,17.57,0.0,0.42000000000000004,SFFR,SFFR,17.569999999999997,29.739999999999995,120.04,149.78,SSP,DA_HH
2026-07-23 23:30:00,0.0,0.42000000000000004,SFFR,17.569999999999997,0.0,0.42000000000000004,SFFR,17.57,0.0,0.42000000000000004,SFFR,SFFR,17.569999999999997,28.439999999999998,141.56,170.0,ISEM,SSP
2026-07-24 00:00:00,0.0,0.42000000000000004,SFFR,17.569999999999997,0.0,0.42000000000000004,SFFR,17.57,-0.0,0.42000000000000004,Multi-Market,Idle,-0.0,57.0,138.0,195.0,DA_HH,SSP
2026-07-24 00:30:00,0.0,0.42000000000000004,SFFR,17.569999999999997,0.0,0.42000000000000004,SFFR,17.57,0.0,0.42000000000000004,Multi-Market,Idle,0.0,11.219999999999999,130.36,141.58,SSP,EPEX
2026-07-24 01:00:00,0.0,0.42000000000000004,SFFR,17.569999999999997,0.0,0.42000000000000004,SFFR,17.57,-0.0,0.42000000000000004,Multi-Market,Idle,-0.0,49.099999999999994,130.9,180.0,DA_HH,SSP
2026-07-24 01:30:00,0.0,0.42000000000000004,SFFR,17.569999999999997,0.0,0.42000000000000004,SFFR,17.57,0.0,0.42000000000000004,Multi-Market,Idle,0.0,38.519999999999996,126.48,165.0,DA_HH,SSP
2026-07-24 02:00:00,0.0,0.42000000000000004,SFFR,17.569999999999997,0.0,0.42000000000000004,SFFR,17.57,0.0,0.42000000000000004,Multi-Market,Idle,0.0,18.169999999999987,115.22,133.39,SSP,ISEM
2026-07-24 02:30:00,0.0,0.42000000000000004,SFFR,17.569999999999997,0.0,0.42000000000000004,SFFR,17.57,0.0,0.42000000000000004,Multi-Market,Idle,0.0,14.030000000000001,118.18,132.21,SSP,EPEX
2026-07-24 03:00:00,0.0,0.42000000000000004,SFFR,17.569999999999997,0.0,0.42000000000000004,SFFR,17.57,0.0,0.42000000000000004,Multi-Market,Idle,0.0,11.13000000000001,118.67,129.8,SSP,EPEX
2026-07-24 03:30:00,0.0,0.42000000000000004,SFFR,17.569999999999997,0.0,0.42000000000000004,SFFR,17.57,0.0,0.42000000000000004,Multi-Market,Idle,0.0,15.510000000000005,114.29,129.8,SSP,EPEX
2026-07-24 04:00:00,0.0,0.42000000000000004,SFFR,17.569999999999997,0.0,0.42000000000000004,SFFR,17.57,0.0,0.42000000000000004,Multi-Market,Idle,0.0,2.019999999999982,133.58,135.6,EPEX,SSP
2026-07-24 04:30:00,0.0,0.42000000000000004,SFFR,17.569999999999997,0.0,0.42000000000000004,SFFR,17.57,0.0,0.42000000000000004,Multi-Market,Idle,0.0,3.3300000000000125,130.25,133.58,SSP,EPEX
2026-07-24 05:00:00,0.0,0.42000000000000004,SFFR,17.569999999999997,0.0,0.42000000000000004,SFFR,17.57,0.0,0.42000000000000004,Multi-Market,Idle,0.0,20.900000000000006,141.59,162.49,EPEX,SSP
2026-07-24 05:30:00,0.0,0.42000000000000004,SFFR,17.569999999999997,0.0,0.42000000000000004,SFFR,17.57,-0.0,0.42000000000000004,Multi-Market,Idle,-0.0,26.930000000000007,141.59,168.52,EPEX,SSP
2026-07-24 06:00:00,0.0,0.42000000000000004,SFFR,17.569999999999997,0.0,0.42000000000000004,SFFR,17.57,-0.0,0.42000000000000004,Multi-Market,Idle,-0.0,25.28,141.9,167.18,DA_HH,SSP
2026-07-24 06:30:00,0.0,0.42000000000000004,SFFR,17.569999999999997,0.0,0.42000000000000004,SFFR,17.57,0.0,0.41999999999999993,Multi-Market,Idle,0.0,4.299999999999983,145.34,149.64,DA_HH,SSP
2026-07-24 07:00:00,0.0,0.42000000000000004,SFFR,17.569999999999997,0.0,0.42000000000000004,SFFR,17.57,-2.1,2.378749601148651,Multi-Market,Buy-SSP,-199.5,49.75,95.0,144.75,SSP,EPEX
2026-07-24 07:30:00,0.0,0.42000000000000004,SFFR,17.569999999999997,0.0,0.42000000000000004,SFFR,17.57,0.0,2.378749601148651,Multi-Market,Idle,0.0,13.47999999999999,131.27,144.75,ISEM,EPEX
2026-07-24 08:00:00,0.0,0.42000000000000004,SFFR,17.569999999999997,0.0,0.42000000000000004,SFFR,17.57,0.0,2.378749601148651,Multi-Market,Idle,0.0,35.17999999999999,101.52,136.7,SSP,EPEX
2026-07-24 08:30:00,0.0,0.42000000000000004,SFFR,17.569999999999997,0.0,0.42000000000000004,SFFR,17.57,1.8269999999999997,0.42000000000000004,Multi-Market,Sell-SSP,301.43672999999995,51.390000000000015,113.6,164.99,ISEM,SSP
2026-07-24 09:00:00,0.0,0.42000000000000004,SFFR,17.569999999999997,0.0,0.42000000000000004,SFFR,17.57,0.0,0.41999999999999993,Multi-Market,Idle,0.0,16.010000000000005,112.67,128.68,SSP,EPEX
2026-07-24 09:30:00,0.0,0.42000000000000004,SFFR,17.569999999999997,0.0,0.42000000000000004,SFFR,17.57,0.0,0.41999999999999993,Multi-Market,Idle,0.0,40.230000000000004,88.45,128.68,SSP,EPEX
2026-07-24 10:00:00,0.0,0.42000000000000004,SFFR,17.569999999999997,0.0,0.42000000000000004,SFFR,17.57,0.0,0.41999999999999993,Multi-Market,Idle,0.0,33.33999999999999,76.4,109.74,SSP,EPEX
2026-07-24 10:30:00,0.0,0.42000000000000004,SFFR,17.569999999999997,0.0,0.42000000000000004,SFFR,17.57,0.0,0.41999999999999993,Multi-Market,Idle,0.0,40.989999999999995,68.75,109.74,SSP,EPEX
2026-07-24 11:00:00,0.0,0.42000000000000004,SFFR,17.569999999999997,0.0,0.42000000000000004,SFFR,17.57,-2.1,2.378749601148651,Multi-Market,Buy-ISEM,-141.603,30.83,67.43,98.26,ISEM,EPEX
2026-07-24 11:30:00,0.0,0.42000000000000004,SFFR,17.569999999999997,0.0,0.42000000000000004,SFFR,17.57,-2.1,4.337499202297302,Multi-Market,Buy-SSP,-114.534,43.720000000000006,54.54,98.26,SSP,EPEX
2026-07-24 12:00:00,0.0,0.42000000000000004,SFFR,17.569999999999997,0.0,0.42000000000000004,SFFR,17.57,-2.1,6.296248803445953,Multi-Market,Buy-SSP,-117.768,38.72,56.08,94.8,SSP,EPEX
2026-07-24 12:30:00,0.0,0.42000000000000004,SFFR,17.569999999999997,0.0,0.42000000000000004,SFFR,17.57,-1.8051707633737284,7.979999999999999,Multi-Market,Buy-ISEM,-123.61809387583293,34.08999999999999,68.48,102.57,ISEM,SSP
2026-07-24 13:00:00,0.0,0.42000000000000004,SFFR,17.569999999999997,0.0,0.42000000000000004,SFFR,17.57,0.0,7.9799999999999995,Multi-Market,Idle,0.0,13.680000000000007,69.52,83.2,SSP,EPEX
2026-07-24 13:30:00,0.0,0.42000000000000004,SFFR,17.569999999999997,0.0,0.42000000000000004,SFFR,17.57,0.0,7.9799999999999995,Multi-Market,Idle,0.0,50.03,68.86,118.89,ISEM,SSP
2026-07-24 14:00:00,0.0,0.42000000000000004,SFFR,17.569999999999997,0.0,0.42000000000000004,SFFR,17.57,0.0,7.9799999999999995,Multi-Market,Idle,0.0,6.1299999999999955,75.87,82.0,ISEM,EPEX
2026-07-24 14:30:00,0.0,0.42000000000000004,SFFR,17.569999999999997,0.0,0.42000000000000004,SFFR,17.57,0.0,7.9799999999999995,Multi-Market,Idle,0.0,49.959999999999994,75.64,125.6,ISEM,SSP
2026-07-24 15:00:00,0.0,0.42000000000000004,SFFR,17.569999999999997,0.0,0.42000000000000004,SFFR,17.57,-0.27300000000000035,7.9799999999999995,Multi-Market,Buy-ISEM,115.98299999999995,74.08,70.92,145.0,ISEM,SSP
2026-07-24 15:30:00,0.0,0.42000000000000004,SFFR,17.569999999999997,0.0,0.42000000000000004,SFFR,17.57,-0.01008642145107097,7.9799999999999995,Multi-Market,Buy-ISEM,3.764236967968218,67.54,78.8,146.34,ISEM,SSP
2026-07-24 16:00:00,0.0,0.42000000000000004,SFFR,17.569999999999997,0.0,0.42000000000000004,SFFR,17.57,-0.27300000000000035,7.9799999999999995,Multi-Market,Buy-DA_HH,106.32194999999996,69.85,78.0,147.85,DA_HH,SSP
2026-07-24 16:30:00,0.0,0.42000000000000004,SFFR,17.569999999999997,0.0,0.42000000000000004,SFFR,17.57,0.0,7.9799999999999995,Multi-Market,Idle,0.0,63.349999999999994,84.5,147.85,DA_HH,SSP
2026-07-24 17:00:00,0.0,0.42000000000000004,SFFR,17.569999999999997,0.0,0.42000000000000004,SFFR,17.57,0.0,7.9799999999999995,Multi-Market,Idle,0.0,16.799999999999997,116.3,133.1,DA_HH,EPEX
2026-07-24 17:30:00,0.0,0.42000000000000004,SFFR,17.569999999999997,0.0,0.42000000000000004,SFFR,17.57,0.0,7.9799999999999995,Multi-Market,Idle,0.0,19.099999999999994,114.0,133.1,DA_HH,EPEX
2026-07-24 18:00:00,0.0,0.42000000000000004,SFFR,17.569999999999997,0.0,0.42000000000000004,SFFR,17.57,-0.0,7.9799999999999995,Multi-Market,Idle,-0.0,35.110000000000014,116.44,151.55,SSP,EPEX
2026-07-24 18:30:00,0.0,0.42000000000000004,SFFR,17.569999999999997,0.0,0.42000000000000004,SFFR,17.57,-0.0,7.9799999999999995,Multi-Market,Idle,-0.0,6.569999999999993,146.03,152.6,SSP,ISEM
2026-07-24 19:00:00,0.0,0.42000000000000004,SFFR,17.569999999999997,0.0,0.42000000000000004,SFFR,17.57,-0.0,7.9799999999999995,Multi-Market,Idle,-0.0,10.159999999999997,158.99,169.15,DA_HH,SSP
2026-07-24 19:30:00,0.0,0.42000000000000004,SFFR,17.569999999999997,0.0,0.42000000000000004,SFFR,17.57,0.0,7.9799999999999995,Multi-Market,Idle,0.0,12.650000000000006,156.5,169.15,DA_HH,SSP
2026-07-24 20:00:00,0.0,0.42000000000000004,SFFR,17.569999999999997,0.0,0.42000000000000004,SFFR,17.57,3.75,3.959577994358269,Multi-Market,Sell-SSP,650.2875,15.659999999999997,157.75,173.41,DA_HH,SSP
2026-07-24 20:30:00,0.0,0.42000000000000004,SFFR,17.569999999999997,0.0,0.42000000000000004,SFFR,17.57,3.3014985641351435,0.42000000000000004,Multi-Market,Sell-SSP,572.4798510210339,15.640000000000015,157.76,173.4,DA_HH,SSP
2026-07-24 21:00:00,0.0,0.42000000000000004,SFFR,17.569999999999997,0.0,0.42000000000000004,SFFR,17.57,0.0,0.42000000000000004,Multi-Market,Idle,0.0,4.0,160.0,164.0,SSP,DA_HH
2026-07-24 21:30:00,0.0,0.42000000000000004,SFFR,17.569999999999997,0.0,0.42000000000000004,SFFR,17.57,0.0,0.42000000000000004,Multi-Market,Idle,0.0,12.910000000000025,149.89,162.8,SSP,DA_HH
2026-07-24 22:00:00,0.0,0.42000000000000004,SFFR,17.569999999999997,0.0,0.42000000000000004,SFFR,17.57,0.0,0.42000000000000004,Multi-Market,Idle,0.0,15.780000000000001,143.62,159.4,SSP,ISEM
2026-07-24 22:30:00,0.0,0.42000000000000004,SFFR,17.569999999999997,0.0,0.42000000000000004,SFFR,17.57,0.0,0.42000000000000004,Multi-Market,Idle,0.0,15.139999999999986,136.86,152.0,SSP,ISEM
2026-07-24 23:00:00,0.0,0.42000000000000004,SFFR,17.569999999999997,0.0,0.42000000000000004,SFFR,17.57,0.0,0.42000000000000004,Multi-Market,Idle,0.0,10.139999999999986,135.0,145.14,EPEX,DA_HH
2026-07-24 23:30:00,0.0,0.42000000000000004,SFFR,17.569999999999997,0.0,0.42000000000000004,SFFR,17.57,-0.0,0.42000000000000004,Multi-Market,Idle,-0.0,39.0,131.0,170.0,DA_HH,SSP
2026-07-25 00:00:00,0.0,0.42000000000000004,EPEX,0.0,0.0,0.42000000000000004,SFFR,17.57,-0.0,0.42000000000000004,Multi-Market,Idle,-0.0,45.0,125.0,170.0,DA_HH,SSP
2026-07-25 00:30:00,0.0,0.42000000000000004,EPEX,0.0,0.0,0.42000000000000004,SFFR,17.57,-0.0,0.42000000000000004,Multi-Market,Idle,-0.0,19.360000000000014,134.64,154.0,EPEX,SSP
2026-07-25 01:00:00,-0.0,0.42000000000000004,EPEX,-0.0,0.0,0.42000000000000004,SFFR,17.57,0.0,0.42000000000000004,Multi-Market,Idle,0.0,24.0,128.0,152.0,EPEX,SSP
2026-07-25 01:30:00,-0.0,0.42000000000000004,EPEX,-0.0,0.0,0.42000000000000004,SFFR,17.57,0.0,0.42000000000000004,Multi-Market,Idle,0.0,31.260000000000005,99.52,130.78,SSP,ISEM
2026-07-25 02:00:00,0.0,0.42000000000000004,EPEX,0.0,0.0,0.42000000000000004,SFFR,17.57,0.0,0.42000000000000004,Multi-Market,Idle,0.0,30.960000000000008,99.53,130.49,SSP,ISEM
2026-07-25 02:30:00,-0.0,0.42000000000000004,EPEX,-0.0,0.0,0.42000000000000004,SFFR,17.57,0.0,0.42000000000000004,Multi-Market,Idle,0.0,8.790000000000006,116.6,125.39,DA_HH,EPEX
2026-07-25 03:00:00,0.0,0.42000000000000004,EPEX,0.0,0.0,0.42000000000000004,SFFR,17.57,0.0,0.42000000000000004,Multi-Market,Idle,0.0,8.799999999999997,111.7,120.5,ISEM,EPEX
2026-07-25 03:30:00,-0.0,0.42000000000000004,EPEX,-0.0,0.0,0.42000000000000004,SFFR,17.57,0.0,0.42000000000000004,Multi-Market,Idle,0.0,16.790000000000006,103.71,120.5,DA_HH,EPEX
2026-07-25 04:00:00,0.0,0.42000000000000004,EPEX,0.0,0.0,0.42000000000000004,SFFR,17.57,0.0,0.42000000000000004,Multi-Market,Idle,0.0,8.060000000000002,109.44,117.5,DA_HH,EPEX
2026-07-25 04:30:00,-0.0,0.42000000000000004,EPEX,-0.0,0.0,0.42000000000000004,SFFR,17.57,0.0,0.42000000000000004,Multi-Market,Idle,0.0,14.400000000000006,103.1,117.5,ISEM,EPEX
2026-07-25 05:00:00,0.0,0.42000000000000004,EPEX,0.0,0.0,0.42000000000000004,SFFR,17.57,-0.0,0.42000000000000004,Multi-Market,Idle,-0.0,45.790000000000006,106.21,152.0,DA_HH,SSP
2026-07-25 05:30:00,-0.0,0.42000000000000004,EPEX,-0.0,0.0,0.42000000000000004,SFFR,17.57,-0.0,0.42000000000000004,Multi-Market,Idle,-0.0,51.43000000000001,100.57,152.0,DA_HH,SSP
2026-07-25 06:00:00,-0.0,0.42000000000000004,EPEX,-0.0,0.0,0.42000000000000004,SFFR,17.57,-2.1,2.3787496011486513,Multi-Market,Buy-SSP,-73.54200000000002,63.169999999999995,35.02,98.19,SSP,ISEM
2026-07-25 06:30:00,-0.0,0.42000000000000004,EPEX,-0.0,0.0,0.42000000000000004,SFFR,17.57,1.8270000000000008,0.42000000000000004,Multi-Market,Sell-SSP,275.8770000000001,57.8,93.2,151.0,DA_HH,SSP
2026-07-25 07:00:00,0.0,0.42000000000000004,EPEX,0.0,0.0,0.42000000000000004,SFFR,17.57,-2.1,2.3787496011486513,Multi-Market,Buy-SSP,21.0,89.2,-10.0,79.2,SSP,EPEX
2026-07-25 07:30:00,-0.0,0.42000000000000004,EPEX,-0.0,0.0,0.42000000000000004,SFFR,17.57,1.5539999999999998,0.42000000000000004,Multi-Market,Buy-SSP,315.75222,90.10000000000001,-8.67,81.43,SSP,ISEM
2026-07-25 08:00:00,-0.0,0.42000000000000004,EPEX,-0.0,0.0,0.42000000000000004,SFFR,17.57,0.0,0.4200000000000004,Multi-Market,Idle,0.0,21.33,1.67,23.0,ISEM,EPEX
2026-07-25 08:30:00,-0.0,0.42000000000000004,EPEX,-0.0,0.0,0.42000000000000004,SFFR,17.57,-0.07758785731592821,0.4923691355102636,Multi-Market,Buy-SSP,1.0823506095571984,36.95,-13.95,23.0,SSP,EPEX
2026-07-25 09:00:00,-0.0,0.42000000000000004,EPEX,-0.0,0.0,0.42000000000000004,SFFR,17.57,0.0,0.4923691355102636,Multi-Market,Idle,0.0,15.49,-11.49,4.0,SSP,ISEM
2026-07-25 09:30:00,-0.0,0.42000000000000004,EPEX,-0.0,0.0,0.42000000000000004,SFFR,17.57,0.06750143586485784,0.42000000000000004,Multi-Market,Sell-SSP,3.7787303797147413,57.29,-1.31,55.98,DA_HH,SSP
2026-07-25 10:00:00,-1.8434985641351442,2.1037511965540467,EPEX,6.378505031907599,0.0,0.42000000000000004,SFFR,17.57,0.0,0.42000000000000004,Multi-Market,Idle,-0.0,14.809999999999999,-15.2,-0.39,SSP,ISEM
2026-07-25 10:30:00,-2.1,4.062500797702698,EPEX,7.266,0.0,0.42000000000000004,SFFR,17.57,0.0,0.42000000000000004,Multi-Market,Idle,0.0,23.189999999999998,-26.65,-3.46,SSP,EPEX
2026-07-25 11:00:00,-2.1,6.021250398851349,EPEX,7.917000000000001,0.0,0.42000000000000004,SFFR,17.57,-2.1,2.3787496011486513,Multi-Market,Buy-SSP,78.498,34.61,-37.38,-2.77,SSP,DA_HH
2026-07-25 11:30:00,-2.1,7.9799999999999995,EPEX,7.917000000000001,0.0,0.42000000000000004,SFFR,17.57,-2.1,4.337499202297303,Multi-Market,Buy-SSP,79.905,34.279999999999994,-38.05,-3.77,SSP,EPEX
2026-07-25 12:00:00,-0.27300000000000035,7.9799999999999995,EPEX,0.8190000000000011,0.0,0.42000000000000004,SFFR,17.57,0.0,4.337499202297303,Multi-Market,Idle,0.0,27.0,-30.0,-3.0,SSP,EPEX
2026-07-25 12:30:00,-0.27300000000000035,7.9799999999999995,EPEX,0.8190000000000011,0.0,0.42000000000000004,SFFR,17.57,0.0,4.337499202297303,Multi-Market,Idle,0.0,27.84,-30.84,-3.0,SSP,EPEX
2026-07-25 13:00:00,1.6380000000000026,6.223879667935689,EPEX,-3.3415200000000054,0.0,0.42000000000000004,SFFR,17.57,0.0,4.337499202297303,Multi-Market,Idle,0.0,28.8,-30.84,-2.04,SSP,EPEX
2026-07-25 13:30:00,-1.8827586206896578,7.9799999999999995,EPEX,3.840827586206902,0.0,0.42000000000000004,SFFR,17.57,-2.1,6.296248803445954,Multi-Market,Buy-SSP,79.905,36.01,-38.05,-2.04,SSP,EPEX
2026-07-25 14:00:00,-0.0,7.9799999999999995,EPEX,0.0,0.0,0.42000000000000004,SFFR,17.57,0.0,6.296248803445954,Multi-Market,Idle,0.0,13.47,-15.16,-1.69,SSP,EPEX
2026-07-25 14:30:00,0.0,7.9799999999999995,EPEX,-0.0,0.0,0.42000000000000004,SFFR,17.57,0.0,6.296248803445954,Multi-Market,Idle,0.0,8.95,-8.29,0.66,SSP,DA_HH
2026-07-25 15:00:00,-0.0,7.9799999999999995,EPEX,-0.0,0.0,0.42000000000000004,SFFR,17.57,0.0,6.296248803445954,Multi-Market,Idle,0.0,6.779999999999999,-5.56,1.22,SSP,EPEX
2026-07-25 15:30:00,0.0,7.9799999999999995,EPEX,0.0,0.0,0.42000000000000004,SFFR,17.57,0.0,6.296248803445954,Multi-Market,Idle,0.0,5.47,-4.25,1.22,SSP,EPEX
2026-07-25 16:00:00,0.0,7.9799999999999995,EPEX,0.0,-2.1,2.3787496011486513,EPEX,-58.17,-1.8051707633737284,7.9799999999999995,Multi-Market,Buy-SSP,55.67146634244578,58.54,-30.84,27.7,SSP,EPEX
2026-07-25 16:30:00,0.0,7.9799999999999995,EPEX,0.0,-2.1,4.337499202297303,EPEX,-58.17,0.0,7.9799999999999995,Multi-Market,Idle,0.0,36.08,-8.38,27.7,SSP,EPEX
2026-07-25 17:00:00,0.0,7.9799999999999995,EPEX,0.0,3.6540000000000004,0.42000000000000004,EPEX,327.36186000000004,-0.0,7.9799999999999995,Multi-Market,Idle,-0.0,45.03,44.56,89.59,SSP,EPEX
2026-07-25 17:30:00,0.0,7.9799999999999995,EPEX,0.0,-0.0,0.42000000000000004,EPEX,-0.0,-0.0,7.9799999999999995,Multi-Market,Idle,-0.0,36.17,61.83,98.0,SSP,ISEM
2026-07-25 18:00:00,0.0,7.9799999999999995,EPEX,0.0,0.0,0.42000000000000004,SFFR,17.57,0.0,7.9799999999999995,Multi-Market,Idle,0.0,17.549999999999997,127.45,145.0,EPEX,SSP
2026-07-25 18:30:00,0.0,7.9799999999999995,EPEX,0.0,0.0,0.42000000000000004,SFFR,17.57,3.75,3.959577994358269,Multi-Market,Sell-SSP,626.25,39.55,127.45,167.0,EPEX,SSP
2026-07-25 19:00:00,-0.0,7.9799999999999995,EPEX,-0.0,0.0,0.42000000000000004,SFFR,17.57,3.3014985641351435,0.42000000000000004,Multi-Market,Sell-SSP,551.350260210569,32.0,135.0,167.0,EPEX,SSP
2026-07-25 19:30:00,-0.0,7.9799999999999995,EPEX,-0.0,0.0,0.42000000000000004,SFFR,17.57,0.0,0.42000000000000004,Multi-Market,Idle,0.0,23.679999999999993,127.05,150.73,SSP,ISEM
2026-07-25 20:00:00,-0.0,7.9799999999999995,EPEX,-0.0,0.0,0.42000000000000004,SFFR,17.57,0.0,0.42000000000000004,Multi-Market,Idle,0.0,33.22,121.81,155.03,SSP,ISEM
2026-07-25 20:30:00,0.0,7.9799999999999995,EPEX,0.0,0.0,0.42000000000000004,SFFR,17.57,-0.0,0.42000000000000004,Multi-Market,Idle,-0.0,32.989999999999995,126.05,159.04,SSP,ISEM
2026-07-25 21:00:00,3.75,3.959577994358269,EPEX,549.0,0.0,0.42000000000000004,SFFR,17.57,-0.0,0.42000000000000004,Multi-Market,Idle,-0.0,25.580000000000013,126.82,152.4,SSP,ISEM
2026-07-25 21:30:00,3.3014985641351435,0.42000000000000004,EPEX,483.33938978938505,0.0,0.42000000000000004,SFFR,17.57,-0.0,0.42000000000000004,Multi-Market,Idle,-0.0,24.680000000000007,127.0,151.68,SSP,DA_HH
2026-07-25 22:00:00,-0.0,0.42000000000000004,EPEX,-0.0,0.0,0.42000000000000004,SFFR,17.57,-0.0,0.42000000000000004,Multi-Market,Idle,-0.0,32.67,118.49,151.16,SSP,ISEM
2026-07-25 22:30:00,-0.0,0.42000000000000004,EPEX,-0.0,0.0,0.42000000000000004,SFFR,17.57,-0.0,0.42000000000000004,Multi-Market,Idle,-0.0,30.400000000000006,116.13,146.53,SSP,ISEM
2026-07-25 23:00:00,0.0,0.42000000000000004,EPEX,0.0,0.0,0.42000000000000004,SFFR,17.57,-0.0,0.42000000000000004,Multi-Market,Idle,-0.0,37.900000000000006,106.87,144.77,SSP,ISEM
2026-07-25 23:30:00,-0.0,0.42000000000000004,EPEX,-0.0,0.0,0.42000000000000004,SFFR,17.57,-0.0,0.42000000000000004,Multi-Market,Idle,-0.0,26.929999999999993,113.42,140.35,SSP,ISEM
2026-07-26 00:00:00,0.0,0.42000000000000004,EPEX,0.0,0.0,0.42000000000000004,SFFR,17.57,0.0,0.42000000000000004,Multi-Market,Idle,0.0,16.52000000000001,123.84,140.36,SSP,DA_HH
2026-07-26 00:30:00,0.0,0.42000000000000004,EPEX,0.0,0.0,0.42000000000000004,SFFR,17.57,-0.0,0.42000000000000004,Multi-Market,Idle,-0.0,38.33,101.05,139.38,SSP,ISEM
2026-07-26 01:00:00,-0.0,0.42000000000000004,EPEX,-0.0,0.0,0.42000000000000004,SFFR,17.57,0.0,0.42000000000000004,Multi-Market,Idle,0.0,32.17999999999999,100.02,132.2,SSP,ISEM
2026-07-26 01:30:00,-0.0,0.42000000000000004,EPEX,-0.0,0.0,0.42000000000000004,SFFR,17.57,0.0,0.42000000000000004,Multi-Market,Idle,0.0,38.739999999999995,93.46,132.2,SSP,ISEM
2026-07-26 02:00:00,0.0,0.42000000000000004,EPEX,0.0,0.0,0.42000000000000004,SFFR,17.57,-0.0,0.42000000000000004,Multi-Market,Idle,-0.0,24.429999999999993,111.04,135.47,SSP,ISEM
2026-07-26 02:30:00,-0.0,0.42000000000000004,EPEX,-0.0,0.0,0.42000000000000004,SFFR,17.57,-0.0,0.42000000000000004,Multi-Market,Idle,-0.0,12.760000000000005,110.71,123.47,SSP,ISEM
2026-07-26 03:00:00,0.0,0.42000000000000004,EPEX,0.0,0.0,0.42000000000000004,SFFR,17.57,-0.0,0.42000000000000004,Multi-Market,Idle,-0.0,15.219999999999999,105.11,120.33,SSP,ISEM
2026-07-26 03:30:00,-0.0,0.42000000000000004,EPEX,-0.0,0.0,0.42000000000000004,SFFR,17.57,-0.0,0.42000000000000004,Multi-Market,Idle,-0.0,32.03999999999999,86.26,118.3,SSP,EPEX
2026-07-26 04:00:00,0.0,0.42000000000000004,EPEX,0.0,0.0,0.42000000000000004,SFFR,17.57,-0.0,0.42000000000000004,Multi-Market,Idle,-0.0,40.370000000000005,71.06,111.43,SSP,EPEX
2026-07-26 04:30:00,-0.0,0.42000000000000004,EPEX,-0.0,0.0,0.42000000000000004,SFFR,17.57,-0.0,0.42000000000000004,Multi-Market,Idle,-0.0,40.05000000000001,71.38,111.43,SSP,EPEX
2026-07-26 05:00:00,0.0,0.42000000000000004,EPEX,0.0,0.0,0.42000000000000004,SFFR,17.57,-0.0,0.42000000000000004,Multi-Market,Idle,-0.0,44.57,55.74,100.31,SSP,ISEM
2026-07-26 05:30:00,-0.0,0.42000000000000004,EPEX,-0.0,0.0,0.42000000000000004,SFFR,17.57,-0.0,0.42000000000000004,Multi-Market,Idle,-0.0,75.83,24.01,99.84,SSP,EPEX
2026-07-26 06:00:00,-0.0,0.42000000000000004,EPEX,-0.0,0.0,0.42000000000000004,SFFR,17.57,-1.8827586206896578,2.1761203320643103,Multi-Market,Buy-SSP,0.0,93.0,0.0,93.0,SSP,DA_HH
2026-07-26 06:30:00,-0.0,0.42000000000000004,EPEX,-0.0,0.0,0.42000000000000004,SFFR,17.57,1.365000000000002,0.42000000000000004,Multi-Market,Buy-SSP,352.78215000000023,106.56,-12.05,94.51,SSP,ISEM
2026-07-26 07:00:00,0.0,0.42000000000000004,EPEX,0.0,0.0,0.42000000000000004,SFFR,17.57,0.0,0.42000000000000004,Multi-Market,Idle,0.0,85.89,0.0,85.89,SSP,ISEM
2026-07-26 07:30:00,-0.0,0.42000000000000004,EPEX,-0.0,0.0,0.42000000000000004,SFFR,17.57,-0.2729999999999999,0.42000000000000004,Multi-Market,Buy-SSP,201.82995,107.53,-19.68,87.85,SSP,DA_HH
2026-07-26 08:00:00,-0.0,0.42000000000000004,EPEX,-0.0,0.0,0.42000000000000004,SFFR,17.57,-2.1,2.3787496011486513,Multi-Market,Buy-SSP,61.383,95.36,-29.23,66.13,SSP,EPEX
2026-07-26 08:30:00,-0.0,0.42000000000000004,EPEX,-0.0,0.0,0.42000000000000004,SFFR,17.57,0.25650143586485574,2.1037511965540467,Multi-Market,Sell-EPEX,16.96243995374291,89.67999999999999,-23.55,66.13,SSP,EPEX
2026-07-26 09:00:00,-0.0,0.42000000000000004,EPEX,-0.0,0.0,0.42000000000000004,SFFR,17.57,0.0,2.1037511965540467,Multi-Market,Idle,0.0,76.55,-24.55,52.0,SSP,EPEX
2026-07-26 09:30:00,-0.0,0.42000000000000004,EPEX,-0.0,0.0,0.42000000000000004,SFFR,17.57,-2.1,4.062500797702698,Multi-Market,Buy-SSP,65.982,83.42,-31.42,52.0,SSP,EPEX
2026-07-26 10:00:00,0.0,0.42000000000000004,EPEX,0.0,0.0,0.42000000000000004,SFFR,17.57,-2.1,6.021250398851349,Multi-Market,Buy-SSP,59.136,55.57,-28.16,27.41,SSP,EPEX
2026-07-26 10:30:00,-0.0,0.42000000000000004,EPEX,-0.0,0.0,0.42000000000000004,SFFR,17.57,0.0,6.021250398851349,Multi-Market,Idle,0.0,46.58,-19.17,27.41,SSP,EPEX
2026-07-26 11:00:00,-0.0,0.42000000000000004,EPEX,-0.0,0.0,0.42000000000000004,SFFR,17.57,0.0,6.021250398851349,Multi-Market,Idle,0.0,32.95,-19.17,13.78,SSP,EPEX
2026-07-26 11:30:00,-0.0,0.42000000000000004,EPEX,-0.0,0.0,0.42000000000000004,SFFR,17.57,0.0,6.021250398851349,Multi-Market,Idle,0.0,18.48,-4.7,13.78,DA_HH,EPEX
2026-07-26 12:00:00,0.0,0.42000000000000004,EPEX,0.0,0.0,0.42000000000000004,SFFR,17.57,0.0,6.021250398851349,Multi-Market,Idle,0.0,26.72,-15.16,11.56,SSP,EPEX
2026-07-26 12:30:00,0.0,0.42000000000000004,EPEX,0.0,0.0,0.42000000000000004,SFFR,17.57,0.0,6.021250398851349,Multi-Market,Idle,0.0,18.740000000000002,-7.18,11.56,DA_HH,EPEX
2026-07-26 13:00:00,-2.1,2.3787496011486513,EPEX,-18.900000000000002,0.0,0.42000000000000004,SFFR,17.57,0.0,6.021250398851349,Multi-Market,Idle,0.0,13.36,-4.36,9.0,SSP,EPEX
2026-07-26 13:30:00,-2.1,4.337499202297303,EPEX,-18.900000000000002,0.0,0.42000000000000004,SFFR,17.57,0.0,6.021250398851349,Multi-Market,Idle,0.0,22.759999999999998,-13.76,9.0,SSP,EPEX
2026-07-26 14:00:00,-1.8051707633737284,6.021250398851349,EPEX,-16.246536870363556,0.0,0.42000000000000004,SFFR,17.57,0.0,6.021250398851349,Multi-Market,Idle,0.0,22.98,-13.98,9.0,SSP,EPEX
2026-07-26 14:30:00,-2.1,7.9799999999999995,EPEX,-18.900000000000002,0.0,0.42000000000000004,SFFR,17.57,0.0,6.021250398851349,Multi-Market,Idle,0.0,27.51,-18.51,9.0,SSP,EPEX
2026-07-26 15:00:00,0.0,7.9799999999999995,EPEX,0.0,0.0,0.42000000000000004,SFFR,17.57,-2.1,7.9799999999999995,Multi-Market,Buy-SSP,63.462,41.32,-30.22,11.1,SSP,EPEX
2026-07-26 15:30:00,0.0,7.9799999999999995,EPEX,0.0,0.0,0.42000000000000004,SFFR,17.57,0.0,7.9799999999999995,Multi-Market,Idle,0.0,27.11,-16.01,11.1,SSP,EPEX
2026-07-26 16:00:00,0.0,7.9799999999999995,EPEX,0.0,-2.1,2.3787496011486513,EPEX,-98.49,0.0,7.9799999999999995,Multi-Market,Idle,0.0,59.32,-12.42,46.9,SSP,EPEX
2026-07-26 16:30:00,0.0,7.9799999999999995,EPEX,0.0,-2.1,4.337499202297303,EPEX,-98.49,0.0,7.9799999999999995,Multi-Market,Idle,0.0,95.2,34.8,130.0,ISEM,SSP
2026-07-26 17:00:00,0.0,7.9799999999999995,EPEX,0.0,3.6540000000000004,0.42000000000000004,EPEX,332.87940000000003,3.3014985641351435,4.4404220056417305,Multi-Market,Sell-SSP,544.7472630822987,81.91,83.09,165.0,ISEM,SSP
2026-07-26 17:30:00,0.0,7.9799999999999995,EPEX,0.0,-0.0,0.42000000000000004,EPEX,-0.0,3.75,0.42000000000000004,Multi-Market,Sell-SSP,618.75,73.9,91.1,165.0,EPEX,SSP
2026-07-26 18:00:00,0.0,7.9799999999999995,EPEX,0.0,0.0,0.42000000000000004,SFFR,17.57,-0.0,0.42000000000000004,Multi-Market,Idle,-0.0,45.040000000000006,119.96,165.0,ISEM,SSP
2026-07-26 18:30:00,0.0,7.9799999999999995,EPEX,0.0,0.0,0.42000000000000004,SFFR,17.57,0.0,0.42000000000000004,Multi-Market,Idle,0.0,11.939999999999998,115.53,127.47,SSP,ISEM
2026-07-26 19:00:00,-0.0,7.9799999999999995,EPEX,-0.0,0.0,0.42000000000000004,SFFR,17.57,0.0,0.42000000000000004,Multi-Market,Idle,0.0,26.099999999999994,128.9,155.0,ISEM,SSP
2026-07-26 19:30:00,0.0,7.9799999999999995,EPEX,0.0,0.0,0.42000000000000004,SFFR,17.57,0.0,0.42000000000000004,Multi-Market,Idle,0.0,22.30000000000001,132.7,155.0,EPEX,SSP
2026-07-26 20:00:00,0.0,7.9799999999999995,EPEX,0.0,0.0,0.42000000000000004,SFFR,17.57,0.0,0.42000000000000004,Multi-Market,Idle,0.0,9.47999999999999,134.52,144.0,ISEM,SSP
2026-07-26 20:30:00,0.0,7.9799999999999995,EPEX,0.0,0.0,0.42000000000000004,SFFR,17.57,-0.0,0.42000000000000004,Multi-Market,Idle,-0.0,19.140000000000015,135.92,155.06,ISEM,SSP
2026-07-26 21:00:00,3.75,3.959577994358269,EPEX,537.75,0.0,0.42000000000000004,SFFR,17.57,-0.0,0.42000000000000004,Multi-Market,Idle,-0.0,10.150000000000006,135.46,145.61,DA_HH,SSP
2026-07-26 21:30:00,3.3014985641351435,0.42000000000000004,EPEX,473.4348940969796,0.0,0.42000000000000004,SFFR,17.57,-0.0,0.42000000000000004,Multi-Market,Idle,-0.0,8.420000000000016,134.98,143.4,DA_HH,EPEX
2026-07-26 22:00:00,-0.0,0.42000000000000004,EPEX,-0.0,0.0,0.42000000000000004,SFFR,17.57,-0.0,0.42000000000000004,Multi-Market,Idle,-0.0,41.400000000000006,94.6,136.0,SSP,ISEM
2026-07-26 22:30:00,-0.0,0.42000000000000004,EPEX,-0.0,0.0,0.42000000000000004,SFFR,17.57,-0.0,0.42000000000000004,Multi-Market,Idle,-0.0,43.66999999999999,90.25,133.92,SSP,EPEX
2026-07-26 23:00:00,0.0,0.42000000000000004,EPEX,0.0,0.0,0.42000000000000004,SFFR,17.57,-0.0,0.42000000000000004,Multi-Market,Idle,-0.0,21.810000000000002,87.49,109.3,SSP,DA_HH
2026-07-26 23:30:00,-0.0,0.42000000000000004,EPEX,-0.0,0.0,0.42000000000000004,SFFR,17.57,-0.0,0.42000000000000004,Multi-Market,Idle,-0.0,24.599999999999994,70.0,94.6,SSP,ISEM
2026-07-27 00:00:00,0.0,0.42000000000000004,SFFR,17.569999999999997,0.0,0.42000000000000004,SFFR,17.57,-2.1,2.3787496011486513,Multi-Market,Buy-SSP,-148.155,21.450000000000003,70.55,92.0,SSP,EPEX
2026-07-27 00:30:00,0.0,0.42000000000000004,SFFR,17.569999999999997,0.0,0.42000000000000004,SFFR,17.57,0.0,2.3787496011486513,Multi-Market,Idle,0.0,7.430000000000007,84.57,92.0,SSP,EPEX
2026-07-27 01:00:00,0.0,0.42000000000000004,SFFR,17.569999999999997,0.0,0.42000000000000004,SFFR,17.57,0.0,2.3787496011486513,Multi-Market,Idle,0.0,7.430000000000007,80.57,88.0,DA_HH,EPEX
2026-07-27 01:30:00,0.0,0.42000000000000004,SFFR,17.569999999999997,0.0,0.42000000000000004,SFFR,17.57,-1.8051707633737284,4.062500797702697,Multi-Market,Buy-SSP,-128.16712419953473,17.0,71.0,88.0,SSP,EPEX
2026-07-27 02:00:00,0.0,0.42000000000000004,SFFR,17.569999999999997,0.0,0.42000000000000004,SFFR,17.57,0.0,4.062500797702697,Multi-Market,Idle,0.0,2.200000000000003,84.8,87.0,DA_HH,EPEX
2026-07-27 02:30:00,0.0,0.42000000000000004,SFFR,17.569999999999997,0.0,0.42000000000000004,SFFR,17.57,0.0,4.062500797702697,Multi-Market,Idle,0.0,5.299999999999997,81.7,87.0,DA_HH,EPEX
2026-07-27 03:00:00,0.0,0.42000000000000004,SFFR,17.569999999999997,0.0,0.42000000000000004,SFFR,17.57,-2.1,6.021250398851349,Multi-Market,Buy-SSP,0.0,88.0,0.0,88.0,SSP,EPEX
2026-07-27 03:30:00,0.0,0.42000000000000004,SFFR,17.569999999999997,0.0,0.42000000000000004,SFFR,17.57,-2.1,7.9799999999999995,Multi-Market,Buy-SSP,-144.9,19.0,69.0,88.0,SSP,EPEX
2026-07-27 04:00:00,0.0,0.42000000000000004,SFFR,17.569999999999997,0.0,0.42000000000000004,SFFR,17.57,0.0,7.9799999999999995,Multi-Market,Idle,0.0,16.049999999999997,79.95,96.0,DA_HH,EPEX
2026-07-27 04:30:00,0.0,0.42000000000000004,SFFR,17.569999999999997,0.0,0.42000000000000004,SFFR,17.57,0.0,7.9799999999999995,Multi-Market,Idle,0.0,18.260000000000005,77.74,96.0,SSP,EPEX
2026-07-27 05:00:00,0.0,0.42000000000000004,SFFR,17.569999999999997,0.0,0.42000000000000004,SFFR,17.57,0.0,7.9799999999999995,Multi-Market,Idle,0.0,14.120000000000005,96.08,110.2,SSP,EPEX
2026-07-27 05:30:00,0.0,0.42000000000000004,SFFR,17.569999999999997,0.0,0.42000000000000004,SFFR,17.57,0.0,7.9799999999999995,Multi-Market,Idle,0.0,11.200000000000003,99.0,110.2,SSP,EPEX
2026-07-27 06:00:00,0.0,0.42000000000000004,SFFR,17.569999999999997,0.0,0.42000000000000004,SFFR,17.57,-0.0,7.9799999999999995,Multi-Market,Idle,-0.0,25.180000000000007,128.2,153.38,EPEX,SSP
2026-07-27 06:30:00,0.0,0.42000000000000004,SFFR,17.569999999999997,0.0,0.42000000000000004,SFFR,17.57,0.0,7.9799999999999995,Multi-Market,Idle,0.0,14.740000000000009,128.2,142.94,EPEX,DA_HH
2026-07-27 07:00:00,0.0,0.42000000000000004,SFFR,17.569999999999997,0.0,0.42000000000000004,SFFR,17.57,0.0,7.9799999999999995,Multi-Market,Idle,0.0,11.48999999999998,138.11,149.6,EPEX,DA_HH
2026-07-27 07:30:00,0.0,0.42000000000000004,SFFR,17.569999999999997,0.0,0.42000000000000004,SFFR,17.57,0.0,7.9799999999999995,Multi-Market,Idle,0.0,11.889999999999986,138.11,150.0,EPEX,ISEM
2026-07-27 08:00:00,0.0,0.42000000000000004,SFFR,17.569999999999997,0.0,0.42000000000000004,SFFR,17.57,0.0,7.9799999999999995,Multi-Market,Idle,0.0,8.860000000000014,141.14,150.0,SSP,DA_HH
2026-07-27 08:30:00,0.0,0.42000000000000004,SFFR,17.569999999999997,0.0,0.42000000000000004,SFFR,17.57,0.0,7.9799999999999995,Multi-Market,Idle,0.0,7.9199999999999875,142.08,150.0,EPEX,ISEM
2026-07-27 09:00:00,0.0,0.42000000000000004,SFFR,17.569999999999997,0.0,0.42000000000000004,SFFR,17.57,0.0,7.9799999999999995,Multi-Market,Idle,0.0,17.28,135.17,152.45,EPEX,SSP
2026-07-27 09:30:00,0.0,0.42000000000000004,SFFR,17.569999999999997,0.0,0.42000000000000004,SFFR,17.57,-0.0,7.9799999999999995,Multi-Market,Idle,-0.0,19.210000000000008,135.17,154.38,EPEX,SSP
2026-07-27 10:00:00,0.0,0.42000000000000004,SFFR,17.569999999999997,0.0,0.42000000000000004,SFFR,17.57,3.75,3.959577994358269,Multi-Market,Sell-SSP,588.75,34.0,123.0,157.0,EPEX,SSP
2026-07-27 10:30:00,0.0,0.42000000000000004,SFFR,17.569999999999997,0.0,0.42000000000000004,SFFR,17.57,0.0,3.959577994358269,Multi-Market,Idle,0.0,34.0,123.0,157.0,EPEX,SSP
2026-07-27 11:00:00,0.0,0.42000000000000004,SFFR,17.569999999999997,0.0,0.42000000000000004,SFFR,17.57,1.7985014358648588,2.0313820610437814,Multi-Market,Sell-SSP,282.3647254307828,51.2,105.8,157.0,EPEX,SSP
2026-07-27 11:30:00,0.0,0.42000000000000004,SFFR,17.569999999999997,0.0,0.42000000000000004,SFFR,17.57,0.0,2.0313820610437814,Multi-Market,Idle,0.0,17.92,105.8,123.72,EPEX,SSP
2026-07-27 12:00:00,0.0,0.42000000000000004,SFFR,17.569999999999997,0.0,0.42000000000000004,SFFR,17.57,0.0,2.0313820610437814,Multi-Market,Idle,0.0,20.870000000000005,97.19,118.06,EPEX,ISEM
2026-07-27 12:30:00,0.0,0.42000000000000004,SFFR,17.569999999999997,0.0,0.42000000000000004,SFFR,17.57,0.0,2.0313820610437814,Multi-Market,Idle,0.0,11.200000000000003,97.19,108.39,EPEX,DA_HH
2026-07-27 13:00:00,0.0,0.42000000000000004,SFFR,17.569999999999997,0.0,0.42000000000000004,SFFR,17.57,0.0,2.0313820610437814,Multi-Market,Idle,0.0,8.11,90.2,98.31,EPEX,ISEM
2026-07-27 13:30:00,0.0,0.42000000000000004,SFFR,17.569999999999997,0.0,0.42000000000000004,SFFR,17.57,0.0,2.0313820610437814,Multi-Market,Idle,0.0,22.700000000000003,76.6,99.3,SSP,DA_HH
2026-07-27 14:00:00,0.0,0.42000000000000004,SFFR,17.569999999999997,0.0,0.42000000000000004,SFFR,17.57,-2.1,3.9901316621924323,Multi-Market,Buy-SSP,-157.5,22.0,75.0,97.0,SSP,DA_HH
2026-07-27 14:30:00,0.0,0.42000000000000004,SFFR,17.569999999999997,0.0,0.42000000000000004,SFFR,17.57,0.0,3.9901316621924323,Multi-Market,Idle,0.0,18.900000000000006,75.5,94.4,SSP,DA_HH
2026-07-27 15:00:00,0.0,0.42000000000000004,SFFR,17.569999999999997,0.0,0.42000000000000004,SFFR,17.57,-2.1,5.948881263341083,Multi-Market,Buy-SSP,-158.55,20.5,75.5,96.0,SSP,EPEX
2026-07-27 15:30:00,0.0,0.42000000000000004,SFFR,17.569999999999997,0.0,0.42000000000000004,SFFR,17.57,0.0,5.948881263341083,Multi-Market,Idle,0.0,20.5,75.5,96.0,SSP,EPEX
2026-07-27 16:00:00,0.0,0.42000000000000004,SFFR,17.569999999999997,0.0,0.42000000000000004,SFFR,17.57,-0.07758785731593047,6.021250398851349,Multi-Market,Buy-SSP,-5.857883227352751,39.25,75.5,114.75,SSP,EPEX
2026-07-27 16:30:00,0.0,0.42000000000000004,SFFR,17.569999999999997,0.0,0.42000000000000004,SFFR,17.57,0.0,6.021250398851349,Multi-Market,Idle,0.0,27.840000000000003,87.82,115.66,SSP,ISEM
2026-07-27 17:00:00,0.0,0.42000000000000004,SFFR,17.569999999999997,0.0,0.42000000000000004,SFFR,17.57,-2.1,7.9799999999999995,Multi-Market,Buy-SSP,-143.85,65.85,68.5,134.35,SSP,EPEX
2026-07-27 17:30:00,0.0,0.42000000000000004,SFFR,17.569999999999997,0.0,0.42000000000000004,SFFR,17.57,-0.0,7.9799999999999995,Multi-Market,Idle,-0.0,35.53,134.35,169.88,EPEX,SSP
2026-07-27 18:00:00,0.0,0.42000000000000004,SFFR,17.569999999999997,0.0,0.42000000000000004,SFFR,17.57,3.75,3.959577994358269,Multi-Market,Sell-SSP,692.8125,44.53,140.22,184.75,DA_HH,SSP
2026-07-27 18:30:00,0.0,0.42000000000000004,SFFR,17.569999999999997,0.0,0.42000000000000004,SFFR,17.57,0.0,3.959577994358269,Multi-Market,Idle,0.0,34.93000000000001,115.07,150.0,SSP,ISEM
2026-07-27 19:00:00,0.0,0.42000000000000004,SFFR,17.569999999999997,0.0,0.42000000000000004,SFFR,17.57,0.0,3.959577994358269,Multi-Market,Idle,0.0,45.879999999999995,113.12,159.0,SSP,EPEX
2026-07-27 19:30:00,0.0,0.42000000000000004,SFFR,17.569999999999997,0.0,0.42000000000000004,SFFR,17.57,0.0,3.959577994358269,Multi-Market,Idle,0.0,36.81999999999999,123.82,160.64,SSP,ISEM
2026-07-27 20:00:00,0.0,0.42000000000000004,SFFR,17.569999999999997,0.0,0.42000000000000004,SFFR,17.57,0.0,3.959577994358269,Multi-Market,Idle,0.0,65.18,98.22,163.4,SSP,EPEX
2026-07-27 20:30:00,0.0,0.42000000000000004,SFFR,17.569999999999997,0.0,0.42000000000000004,SFFR,17.57,0.0,3.959577994358269,Multi-Market,Idle,0.0,40.88000000000001,122.52,163.4,SSP,EPEX
2026-07-27 21:00:00,0.0,0.42000000000000004,SFFR,17.569999999999997,0.0,0.42000000000000004,SFFR,17.57,0.0,3.959577994358269,Multi-Market,Idle,0.0,45.86,115.04,160.9,SSP,EPEX
2026-07-27 21:30:00,0.0,0.42000000000000004,SFFR,17.569999999999997,0.0,0.42000000000000004,SFFR,17.57,3.3014985641351435,0.42000000000000004,Multi-Market,Sell-SSP,593.9395916879123,27.30000000000001,152.6,179.9,DA_HH,SSP
2026-07-27 22:00:00,0.0,0.42000000000000004,SFFR,17.569999999999997,0.0,0.42000000000000004,SFFR,17.57,-0.0,0.42000000000000004,Multi-Market,Idle,-0.0,31.26000000000002,148.64,179.9,DA_HH,SSP
2026-07-27 22:30:00,0.0,0.42000000000000004,SFFR,17.569999999999997,0.0,0.42000000000000004,SFFR,17.57,-0.0,0.42000000000000004,Multi-Market,Idle,-0.0,13.969999999999999,134.73,148.7,DA_HH,EPEX
2026-07-27 23:00:00,0.0,0.42000000000000004,SFFR,17.569999999999997,0.0,0.42000000000000004,SFFR,17.57,-0.0,0.42000000000000004,Multi-Market,Idle,-0.0,7.349999999999994,138.0,145.35,EPEX,DA_HH
2026-07-27 23:30:00,0.0,0.42000000000000004,SFFR,17.569999999999997,0.0,0.42000000000000004,SFFR,17.57,-0.0,0.42000000000000004,Multi-Market,Idle,-0.0,8.02000000000001,133.13,141.15,SSP,DA_HH
2026-07-28 00:00:00,0.0,0.42000000000000004,SFFR,17.569999999999997,0.0,0.42000000000000004,SFFR,17.57,0.0,0.42000000000000004,Multi-Market,Idle,0.0,8.700000000000017,130.2,138.9,EPEX,DA_HH
2026-07-28 00:30:00,0.0,0.42000000000000004,SFFR,17.569999999999997,0.0,0.42000000000000004,SFFR,17.57,0.0,0.42000000000000004,Multi-Market,Idle,0.0,6.47999999999999,126.44,132.92,SSP,DA_HH
2026-07-28 01:00:00,0.0,0.42000000000000004,SFFR,17.569999999999997,0.0,0.42000000000000004,SFFR,17.57,0.0,0.42000000000000004,Multi-Market,Idle,0.0,27.099999999999994,99.0,126.1,SSP,EPEX
2026-07-28 01:30:00,0.0,0.42000000000000004,SFFR,17.569999999999997,0.0,0.42000000000000004,SFFR,17.57,0.0,0.42000000000000004,Multi-Market,Idle,0.0,9.799999999999997,116.94,126.74,SSP,ISEM
2026-07-28 02:00:00,0.0,0.42000000000000004,SFFR,17.569999999999997,0.0,0.42000000000000004,SFFR,17.57,0.0,0.42000000000000004,Multi-Market,Idle,0.0,27.86,98.29,126.15,SSP,ISEM
2026-07-28 02:30:00,0.0,0.42000000000000004,SFFR,17.569999999999997,0.0,0.42000000000000004,SFFR,17.57,0.0,0.42000000000000004,Multi-Market,Idle,0.0,23.52000000000001,98.32,121.84,SSP,ISEM
2026-07-28 03:00:00,0.0,0.42000000000000004,SFFR,17.569999999999997,0.0,0.42000000000000004,SFFR,17.57,0.0,0.42000000000000004,Multi-Market,Idle,0.0,10.049999999999997,111.68,121.73,SSP,ISEM
2026-07-28 03:30:00,0.0,0.42000000000000004,SFFR,17.569999999999997,0.0,0.42000000000000004,SFFR,17.57,0.0,0.42000000000000004,Multi-Market,Idle,0.0,11.230000000000004,109.42,120.65,SSP,ISEM
2026-07-28 04:00:00,0.0,0.42000000000000004,SFFR,17.569999999999997,0.0,0.42000000000000004,SFFR,17.57,0.0,0.42000000000000004,Multi-Market,Idle,0.0,9.929999999999993,112.39,122.32,SSP,ISEM
2026-07-28 04:30:00,0.0,0.42000000000000004,SFFR,17.569999999999997,0.0,0.42000000000000004,SFFR,17.57,0.0,0.42000000000000004,Multi-Market,Idle,0.0,18.060000000000002,102.94,121.0,SSP,EPEX
2026-07-28 05:00:00,0.0,0.42000000000000004,SFFR,17.569999999999997,0.0,0.42000000000000004,SFFR,17.57,0.0,0.42000000000000004,Multi-Market,Idle,0.0,15.670000000000002,126.24,141.91,EPEX,ISEM
2026-07-28 05:30:00,0.0,0.42000000000000004,SFFR,17.569999999999997,0.0,0.42000000000000004,SFFR,17.57,0.0,0.42000000000000004,Multi-Market,Idle,0.0,11.999999999999986,125.79,137.79,SSP,ISEM
2026-07-28 06:00:00,0.0,0.42000000000000004,SFFR,17.569999999999997,0.0,0.42000000000000004,SFFR,17.57,0.0,0.42000000000000004,Multi-Market,Idle,0.0,14.86,125.14,140.0,SSP,ISEM
2026-07-28 06:30:00,0.0,0.42000000000000004,SFFR,17.569999999999997,0.0,0.42000000000000004,SFFR,17.57,-0.0,0.42000000000000004,Multi-Market,Idle,-0.0,34.33999999999999,110.36,144.7,SSP,ISEM
2026-07-28 07:00:00,0.0,0.42000000000000004,SFFR,17.569999999999997,0.0,0.42000000000000004,SFFR,17.57,0.0,0.42000000000000004,Multi-Market,Idle,0.0,34.870000000000005,98.63,133.5,SSP,ISEM
2026-07-28 07:30:00,0.0,0.42000000000000004,SFFR,17.569999999999997,0.0,0.42000000000000004,SFFR,17.57,-0.0,0.42000000000000004,Multi-Market,Idle,-0.0,39.2,98.3,137.5,SSP,ISEM
2026-07-28 08:00:00,0.0,0.42000000000000004,SFFR,17.569999999999997,0.0,0.42000000000000004,SFFR,17.57,-0.0,0.42000000000000004,Multi-Market,Idle,-0.0,47.86,80.0,127.86,SSP,ISEM
2026-07-28 08:30:00,0.0,0.42000000000000004,SFFR,17.569999999999997,0.0,0.42000000000000004,SFFR,17.57,0.0,0.42000000000000004,Multi-Market,Idle,0.0,51.25,76.25,127.5,SSP,ISEM
2026-07-28 09:00:00,0.0,0.42000000000000004,SFFR,17.569999999999997,0.0,0.42000000000000004,SFFR,17.57,-0.0,0.42000000000000004,Multi-Market,Idle,-0.0,68.37,59.25,127.62,SSP,ISEM
2026-07-28 09:30:00,0.0,0.42000000000000004,SFFR,17.569999999999997,0.0,0.42000000000000004,SFFR,17.57,-0.2729999999999999,0.42000000000000004,Multi-Market,Buy-SSP,126.67662000000001,76.06,45.0,121.06,SSP,EPEX
2026-07-28 10:00:00,0.0,0.42000000000000004,SFFR,17.569999999999997,0.0,0.42000000000000004,SFFR,17.57,-0.0,0.42000000000000004,Multi-Market,Idle,-0.0,45.95,61.05,107.0,SSP,EPEX
2026-07-28 10:30:00,0.0,0.42000000000000004,SFFR,17.569999999999997,0.0,0.42000000000000004,SFFR,17.57,-0.010086421451070679,0.42000000000000004,Multi-Market,Buy-SSP,4.669237253272563,74.09,32.91,107.0,SSP,EPEX
2026-07-28 11:00:00,0.0,0.42000000000000004,SFFR,17.569999999999997,0.0,0.42000000000000004,SFFR,17.57,-0.2729999999999999,0.42000000000000004,Multi-Market,Buy-SSP,190.13400000000001,102.5,-10.5,92.0,SSP,DA_HH
2026-07-28 11:30:00,0.0,0.42000000000000004,SFFR,17.569999999999997,0.0,0.42000000000000004,SFFR,17.57,-0.2729999999999999,0.42000000000000004,Multi-Market,Buy-SSP,190.05,102.2,-12.2,90.0,SSP,EPEX
2026-07-28 12:00:00,0.0,0.42000000000000004,SFFR,17.569999999999997,0.0,0.42000000000000004,SFFR,17.57,-2.1,2.3787496011486513,Multi-Market,Buy-SSP,29.294999999999998,96.59,-13.95,82.64,SSP,DA_HH
2026-07-28 12:30:00,0.0,0.42000000000000004,SFFR,17.569999999999997,0.0,0.42000000000000004,SFFR,17.57,-2.1,4.337499202297303,Multi-Market,Buy-SSP,-26.271,67.49,12.51,80.0,SSP,EPEX
2026-07-28 13:00:00,0.0,0.42000000000000004,SFFR,17.569999999999997,0.0,0.42000000000000004,SFFR,17.57,-2.1,6.296248803445954,Multi-Market,Buy-SSP,-19.53,66.3,9.3,75.6,SSP,EPEX
2026-07-28 13:30:00,0.0,0.42000000000000004,SFFR,17.569999999999997,0.0,0.42000000000000004,SFFR,17.57,-1.8051707633737284,7.9799999999999995,Multi-Market,Buy-SSP,-23.810202368899475,63.91,13.19,77.1,SSP,DA_HH
2026-07-28 14:00:00,0.0,0.42000000000000004,SFFR,17.569999999999997,0.0,0.42000000000000004,SFFR,17.57,0.0,7.9799999999999995,Multi-Market,Idle,0.0,17.77000000000001,69.99,87.76,ISEM,SSP
2026-07-28 14:30:00,0.0,0.42000000000000004,SFFR,17.569999999999997,0.0,0.42000000000000004,SFFR,17.57,0.0,7.9799999999999995,Multi-Market,Idle,0.0,57.92999999999999,73.52,131.45,EPEX,SSP
2026-07-28 15:00:00,0.0,0.42000000000000004,SFFR,17.569999999999997,0.0,0.42000000000000004,SFFR,17.57,0.0,7.9799999999999995,Multi-Market,Idle,0.0,62.80000000000001,80.0,142.8,EPEX,SSP
2026-07-28 15:30:00,0.0,0.42000000000000004,SFFR,17.569999999999997,0.0,0.42000000000000004,SFFR,17.57,0.0,7.9799999999999995,Multi-Market,Idle,0.0,70.0,80.0,150.0,EPEX,SSP
2026-07-28 16:00:00,0.0,0.42000000000000004,SFFR,17.569999999999997,0.0,0.42000000000000004,SFFR,17.57,0.0,7.9799999999999995,Multi-Market,Idle,0.0,45.0,90.0,135.0,ISEM,SSP
2026-07-28 16:30:00,0.0,0.42000000000000004,SFFR,17.569999999999997,0.0,0.42000000000000004,SFFR,17.57,0.0,7.9799999999999995,Multi-Market,Idle,0.0,23.22,81.38,104.6,SSP,EPEX
2026-07-28 17:00:00,0.0,0.42000000000000004,SFFR,17.569999999999997,0.0,0.42000000000000004,SFFR,17.57,0.0,7.9799999999999995,Multi-Market,Idle,0.0,25.599999999999994,124.4,150.0,DA_HH,SSP
2026-07-28 17:30:00,0.0,0.42000000000000004,SFFR,17.569999999999997,0.0,0.42000000000000004,SFFR,17.57,0.0,7.9799999999999995,Multi-Market,Idle,0.0,26.730000000000018,102.85,129.58,SSP,EPEX
2026-07-28 18:00:00,0.0,0.42000000000000004,SFFR,17.569999999999997,0.0,0.42000000000000004,SFFR,17.57,0.0,7.9799999999999995,Multi-Market,Idle,0.0,8.070000000000022,143.51,151.58,EPEX,DA_HH
2026-07-28 18:30:00,0.0,0.42000000000000004,SFFR,17.569999999999997,0.0,0.42000000000000004,SFFR,17.57,-0.0,7.9799999999999995,Multi-Market,Idle,-0.0,18.49000000000001,143.51,162.0,EPEX,DA_HH
2026-07-28 19:00:00,0.0,0.42000000000000004,SFFR,17.569999999999997,0.0,0.42000000000000004,SFFR,17.57,-0.0,7.9799999999999995,Multi-Market,Idle,-0.0,7.72999999999999,164.77,172.5,EPEX,SSP
2026-07-28 19:30:00,0.0,0.42000000000000004,SFFR,17.569999999999997,0.0,0.42000000000000004,SFFR,17.57,3.3014985641351435,4.4404220056417305,Multi-Market,Sell-SSP,587.0064447032286,13.030000000000001,164.77,177.8,EPEX,SSP
2026-07-28 20:00:00,0.0,0.42000000000000004,SFFR,17.569999999999997,0.0,0.42000000000000004,SFFR,17.57,0.0,4.4404220056417305,Multi-Market,Idle,0.0,4.900000000000006,168.14,173.04,EPEX,DA_HH
2026-07-28 20:30:00,0.0,0.42000000000000004,SFFR,17.569999999999997,0.0,0.42000000000000004,SFFR,17.57,3.75,0.42000000000000004,Multi-Market,Sell-SSP,672.9,11.300000000000011,168.14,179.44,EPEX,SSP
2026-07-28 21:00:00,0.0,0.42000000000000004,SFFR,17.569999999999997,0.0,0.42000000000000004,SFFR,17.57,0.0,0.42000000000000004,Multi-Market,Idle,0.0,9.929999999999978,161.02,170.95,EPEX,SSP
2026-07-28 21:30:00,0.0,0.42000000000000004,SFFR,17.569999999999997,0.0,0.42000000000000004,SFFR,17.57,-0.0,0.42000000000000004,Multi-Market,Idle,-0.0,11.949999999999989,159.0,170.95,DA_HH,SSP
2026-07-28 22:00:00,0.0,0.42000000000000004,SFFR,17.569999999999997,0.0,0.42000000000000004,SFFR,17.57,-0.0,0.42000000000000004,Multi-Market,Idle,-0.0,31.120000000000005,136.42,167.54,ISEM,SSP
2026-07-28 22:30:00,0.0,0.42000000000000004,SFFR,17.569999999999997,0.0,0.42000000000000004,SFFR,17.57,-0.0,0.42000000000000004,Multi-Market,Idle,-0.0,23.159999999999997,122.9,146.06,ISEM,EPEX
2026-07-28 23:00:00,0.0,0.42000000000000004,SFFR,17.569999999999997,0.0,0.42000000000000004,SFFR,17.57,-0.0,0.42000000000000004,Multi-Market,Idle,-0.0,45.44000000000001,85.3,130.74,SSP,ISEM
2026-07-28 23:30:00,0.0,0.42000000000000004,SFFR,17.569999999999997,0.0,0.42000000000000004,SFFR,17.57,-0.0,0.42000000000000004,Multi-Market,Idle,-0.0,5.329999999999998,121.67,127.0,DA_HH,EPEX
2026-07-29 00:00:00,0.0,0.42000000000000004,SFFR,17.569999999999997,0.0,0.42000000000000004,SFFR,17.57,0.0,0.42000000000000004,Multi-Market,Idle,0.0,6.970000000000013,116.07,123.04,DA_HH,EPEX
2026-07-29 00:30:00,0.0,0.42000000000000004,SFFR,17.569999999999997,0.0,0.42000000000000004,SFFR,17.57,0.0,0.42000000000000004,Multi-Market,Idle,0.0,7.440000000000012,115.6,123.04,DA_HH,EPEX
2026-07-29 01:00:00,0.0,0.42000000000000004,SFFR,17.569999999999997,0.0,0.42000000000000004,SFFR,17.57,0.0,0.42000000000000004,Multi-Market,Idle,0.0,4.810000000000002,112.69,117.5,SSP,DA_HH
2026-07-29 01:30:00,0.0,0.42000000000000004,SFFR,17.569999999999997,0.0,0.42000000000000004,SFFR,17.57,0.0,0.42000000000000004,Multi-Market,Idle,0.0,5.61999999999999,110.7,116.32,SSP,ISEM
2026-07-29 02:00:00,0.0,0.42000000000000004,SFFR,17.569999999999997,0.0,0.42000000000000004,SFFR,17.57,0.0,0.42000000000000004,Multi-Market,Idle,0.0,5.060000000000002,114.23,119.29,EPEX,SSP
2026-07-29 02:30:00,0.0,0.42000000000000004,SFFR,17.569999999999997,0.0,0.42000000000000004,SFFR,17.57,-2.1,2.3787496011486513,Multi-Market,Buy-SSP,-204.897,18.430000000000007,97.57,116.0,SSP,DA_HH
2026-07-29 03:00:00,0.0,0.42000000000000004,SFFR,17.569999999999997,0.0,0.42000000000000004,SFFR,17.57,0.0,2.3787496011486513,Multi-Market,Idle,0.0,22.36,115.11,137.47,EPEX,SSP
2026-07-29 03:30:00,0.0,0.42000000000000004,SFFR,17.569999999999997,0.0,0.42000000000000004,SFFR,17.57,0.0,2.3787496011486513,Multi-Market,Idle,0.0,2.200000000000003,112.91,115.11,SSP,EPEX
2026-07-29 04:00:00,0.0,0.42000000000000004,SFFR,17.569999999999997,0.0,0.42000000000000004,SFFR,17.57,0.0,2.3787496011486513,Multi-Market,Idle,0.0,6.909999999999997,114.09,121.0,SSP,DA_HH
2026-07-29 04:30:00,0.0,0.42000000000000004,SFFR,17.569999999999997,0.0,0.42000000000000004,SFFR,17.57,0.0,2.3787496011486513,Multi-Market,Idle,0.0,16.739999999999995,103.95,120.69,SSP,EPEX
2026-07-29 05:00:00,0.0,0.42000000000000004,SFFR,17.569999999999997,0.0,0.42000000000000004,SFFR,17.57,0.0,2.3787496011486513,Multi-Market,Idle,0.0,24.159999999999997,108.84,133.0,SSP,ISEM
2026-07-29 05:30:00,0.0,0.42000000000000004,SFFR,17.569999999999997,0.0,0.42000000000000004,SFFR,17.57,0.0,2.3787496011486513,Multi-Market,Idle,0.0,30.72999999999999,103.94,134.67,SSP,ISEM
2026-07-29 06:00:00,0.0,0.42000000000000004,SFFR,17.569999999999997,0.0,0.42000000000000004,SFFR,17.57,0.0,2.3787496011486513,Multi-Market,Idle,0.0,8.859999999999985,128.43,137.29,SSP,EPEX
2026-07-29 06:30:00,0.0,0.42000000000000004,SFFR,17.569999999999997,0.0,0.42000000000000004,SFFR,17.57,0.25650143586485574,2.1037511965540467,Multi-Market,Sell-SSP,38.3982649489689,13.97999999999999,135.72,149.7,DA_HH,SSP
2026-07-29 07:00:00,0.0,0.42000000000000004,SFFR,17.569999999999997,0.0,0.42000000000000004,SFFR,17.57,0.0,2.1037511965540467,Multi-Market,Idle,0.0,23.710000000000008,125.94,149.65,DA_HH,SSP
2026-07-29 07:30:00,0.0,0.42000000000000004,SFFR,17.569999999999997,0.0,0.42000000000000004,SFFR,17.57,0.0,2.1037511965540467,Multi-Market,Idle,0.0,27.590000000000003,105.31,132.9,SSP,EPEX
2026-07-29 08:00:00,0.0,0.42000000000000004,SFFR,17.569999999999997,0.0,0.42000000000000004,SFFR,17.57,-2.1,4.062500797702698,Multi-Market,Buy-SSP,-201.60000000000002,28.0,96.0,124.0,SSP,EPEX
2026-07-29 08:30:00,0.0,0.42000000000000004,SFFR,17.569999999999997,0.0,0.42000000000000004,SFFR,17.57,0.0,4.062500797702698,Multi-Market,Idle,0.0,23.099999999999994,100.9,124.0,SSP,EPEX
2026-07-29 09:00:00,0.0,0.42000000000000004,SFFR,17.569999999999997,0.0,0.42000000000000004,SFFR,17.57,0.0,4.062500797702698,Multi-Market,Idle,0.0,10.439999999999998,112.42,122.86,DA_HH,EPEX
2026-07-29 09:30:00,0.0,0.42000000000000004,SFFR,17.569999999999997,0.0,0.42000000000000004,SFFR,17.57,0.0,4.062500797702698,Multi-Market,Idle,0.0,8.86,114.0,122.86,DA_HH,EPEX
2026-07-29 10:00:00,0.0,0.42000000000000004,SFFR,17.569999999999997,0.0,0.42000000000000004,SFFR,17.57,0.0,4.062500797702698,Multi-Market,Idle,0.0,13.199999999999989,100.9,114.1,SSP,ISEM
2026-07-29 10:30:00,0.0,0.42000000000000004,SFFR,17.569999999999997,0.0,0.42000000000000004,SFFR,17.57,0.0,4.062500797702698,Multi-Market,Idle,0.0,24.419999999999987,108.9,133.32,DA_HH,SSP
2026-07-29 11:00:00,0.0,0.42000000000000004,SFFR,17.569999999999997,0.0,0.42000000000000004,SFFR,17.57,0.0,4.062500797702698,Multi-Market,Idle,0.0,30.179999999999993,105.7,135.88,EPEX,SSP
2026-07-29 11:30:00,0.0,0.42000000000000004,SFFR,17.569999999999997,0.0,0.42000000000000004,SFFR,17.57,0.0,4.062500797702698,Multi-Market,Idle,0.0,24.549999999999997,105.7,130.25,EPEX,SSP
2026-07-29 12:00:00,0.0,0.42000000000000004,SFFR,17.569999999999997,0.0,0.42000000000000004,SFFR,17.57,0.0,4.062500797702698,Multi-Market,Idle,0.0,13.850000000000009,105.02,118.87,EPEX,SSP
2026-07-29 12:30:00,0.0,0.42000000000000004,SFFR,17.569999999999997,0.0,0.42000000000000004,SFFR,17.57,0.0,4.062500797702698,Multi-Market,Idle,0.0,25.480000000000004,105.02,130.5,EPEX,SSP
2026-07-29 13:00:00,0.0,0.42000000000000004,SFFR,17.569999999999997,0.0,0.42000000000000004,SFFR,17.57,-2.1,6.021250398851349,Multi-Market,Buy-SSP,-204.70800000000003,12.030000000000001,97.48,109.51,SSP,ISEM
2026-07-29 13:30:00,0.0,0.42000000000000004,SFFR,17.569999999999997,0.0,0.42000000000000004,SFFR,17.57,0.0,6.021250398851349,Multi-Market,Idle,0.0,40.66,103.84,144.5,DA_HH,SSP
2026-07-29 14:00:00,0.0,0.42000000000000004,SFFR,17.569999999999997,0.0,0.42000000000000004,SFFR,17.57,0.0,6.021250398851349,Multi-Market,Idle,0.0,44.43000000000001,102.97,147.4,DA_HH,SSP
2026-07-29 14:30:00,0.0,0.42000000000000004,SFFR,17.569999999999997,0.0,0.42000000000000004,SFFR,17.57,0.0,6.021250398851349,Multi-Market,Idle,0.0,43.93000000000001,103.47,147.4,DA_HH,SSP
2026-07-29 15:00:00,0.0,0.42000000000000004,SFFR,17.569999999999997,0.0,0.42000000000000004,SFFR,17.57,0.0,6.021250398851349,Multi-Market,Idle,0.0,41.900000000000006,104.9,146.8,EPEX,SSP
2026-07-29 15:30:00,0.0,0.42000000000000004,SFFR,17.569999999999997,0.0,0.42000000000000004,SFFR,17.57,0.0,6.021250398851349,Multi-Market,Idle,0.0,41.900000000000006,104.9,146.8,EPEX,SSP
2026-07-29 16:00:00,0.0,0.42000000000000004,SFFR,17.569999999999997,0.0,0.42000000000000004,SFFR,17.57,0.0,6.021250398851349,Multi-Market,Idle,0.0,13.97999999999999,102.87,116.85,SSP,ISEM
2026-07-29 16:30:00,0.0,0.42000000000000004,SFFR,17.569999999999997,0.0,0.42000000000000004,SFFR,17.57,0.0,6.021250398851349,Multi-Market,Idle,0.0,10.739999999999995,102.97,113.71,SSP,DA_HH
2026-07-29 17:00:00,0.0,0.42000000000000004,SFFR,17.569999999999997,0.0,0.42000000000000004,SFFR,17.57,-2.1,7.9799999999999995,Multi-Market,Buy-SSP,-203.805,34.83,97.05,131.88,SSP,ISEM
2026-07-29 17:30:00,0.0,0.42000000000000004,SFFR,17.569999999999997,0.0,0.42000000000000004,SFFR,17.57,0.0,7.9799999999999995,Multi-Market,Idle,0.0,39.400000000000006,100.9,140.3,SSP,ISEM
2026-07-29 18:00:00,0.0,0.42000000000000004,SFFR,17.569999999999997,0.0,0.42000000000000004,SFFR,17.57,0.0,7.9799999999999995,Multi-Market,Idle,0.0,20.560000000000002,157.04,177.6,EPEX,ISEM
2026-07-29 18:30:00,0.0,0.42000000000000004,SFFR,17.569999999999997,0.0,0.42000000000000004,SFFR,17.57,3.75,3.959577994358269,Multi-Market,Sell-SSP,952.125,96.86000000000001,157.04,253.9,EPEX,SSP
2026-07-29 19:00:00,0.0,0.42000000000000004,SFFR,17.569999999999997,0.0,0.42000000000000004,SFFR,17.57,0.0,3.959577994358269,Multi-Market,Idle,0.0,10.490000000000009,174.94,185.43,SSP,ISEM
2026-07-29 19:30:00,0.0,0.42000000000000004,SFFR,17.569999999999997,0.0,0.42000000000000004,SFFR,17.57,3.3014985641351435,0.42000000000000004,Multi-Market,Sell-ISEM,620.2525352440695,12.080000000000013,175.79,187.87,SSP,ISEM
2026-07-29 20:00:00,0.0,0.42000000000000004,SFFR,17.569999999999997,0.0,0.42000000000000004,SFFR,17.57,-0.0,0.42000000000000004,Multi-Market,Idle,-0.0,49.150000000000006,129.97,179.12,SSP,EPEX
2026-07-29 20:30:00,0.0,0.42000000000000004,SFFR,17.569999999999997,0.0,0.42000000000000004,SFFR,17.57,-0.0,0.42000000000000004,Multi-Market,Idle,-0.0,54.33,124.79,179.12,SSP,EPEX
2026-07-29 21:00:00,0.0,0.42000000000000004,SFFR,17.569999999999997,0.0,0.42000000000000004,SFFR,17.57,-0.2729999999999999,0.42000000000000004,Multi-Market,Buy-SSP,72.28683000000001,57.209999999999994,118.08,175.29,SSP,ISEM
2026-07-29 21:30:00,0.0,0.42000000000000004,SFFR,17.569999999999997,0.0,0.42000000000000004,SFFR,17.57,-0.2729999999999999,0.42000000000000004,Multi-Market,Buy-SSP,68.77080000000001,54.510000000000005,112.89,167.4,SSP,ISEM
2026-07-29 22:00:00,0.0,0.42000000000000004,SFFR,17.569999999999997,0.0,0.42000000000000004,SFFR,17.57,-0.2447586206896557,0.42000000000000004,Multi-Market,Buy-SSP,58.734537931034566,50.80000000000001,100.0,150.8,SSP,ISEM
2026-07-29 22:30:00,0.0,0.42000000000000004,SFFR,17.569999999999997,0.0,0.42000000000000004,SFFR,17.57,-0.0,0.42000000000000004,Multi-Market,Idle,-0.0,41.5,107.5,149.0,SSP,DA_HH
2026-07-29 23:00:00,0.0,0.42000000000000004,SFFR,17.569999999999997,0.0,0.42000000000000004,SFFR,17.57,0.0,0.42000000000000004,Multi-Market,Idle,0.0,18.39,119.11,137.5,SSP,EPEX
2026-07-29 23:30:00,0.0,0.42000000000000004,SFFR,17.569999999999997,0.0,0.42000000000000004,SFFR,17.57,-0.0,0.42000000000000004,Multi-Market,Idle,-0.0,15.939999999999998,121.56,137.5,SSP,EPEX
2026-07-30 00:00:00,0.0,0.42000000000000004,SFFR,17.569999999999997,0.0,0.42000000000000004,SFFR,17.57,0.0,0.42000000000000004,Multi-Market,Idle,0.0,8.359999999999985,123.84,132.2,SSP,EPEX
2026-07-30 00:30:00,0.0,0.42000000000000004,SFFR,17.569999999999997,0.0,0.42000000000000004,SFFR,17.57,0.0,0.42000000000000004,Multi-Market,Idle,0.0,9.11999999999999,123.08,132.2,SSP,EPEX
2026-07-30 01:00:00,0.0,0.42000000000000004,SFFR,17.569999999999997,0.0,0.42000000000000004,SFFR,17.57,0.0,0.42000000000000004,Multi-Market,Idle,0.0,5.639999999999986,121.93,127.57,SSP,EPEX
2026-07-30 01:30:00,0.0,0.42000000000000004,SFFR,17.569999999999997,0.0,0.42000000000000004,SFFR,17.57,0.0,0.42000000000000004,Multi-Market,Idle,0.0,6.569999999999993,121.0,127.57,DA_HH,EPEX
2026-07-30 02:00:00,0.0,0.42000000000000004,SFFR,17.569999999999997,0.0,0.42000000000000004,SFFR,17.57,0.0,0.42000000000000004,Multi-Market,Idle,0.0,3.780000000000001,117.96,121.74,DA_HH,EPEX
2026-07-30 02:30:00,0.0,0.42000000000000004,SFFR,17.569999999999997,0.0,0.42000000000000004,SFFR,17.57,0.0,0.42000000000000004,Multi-Market,Idle,0.0,8.739999999999995,113.0,121.74,ISEM,EPEX
2026-07-30 03:00:00,0.0,0.42000000000000004,SFFR,17.569999999999997,0.0,0.42000000000000004,SFFR,17.57,0.0,0.42000000000000004,Multi-Market,Idle,0.0,7.0,117.96,124.96,DA_HH,SSP
2026-07-30 03:30:00,0.0,0.42000000000000004,SFFR,17.569999999999997,0.0,0.42000000000000004,SFFR,17.57,0.0,0.42000000000000004,Multi-Market,Idle,0.0,9.209999999999994,114.4,123.61,DA_HH,SSP
2026-07-30 04:00:00,0.0,0.42000000000000004,SFFR,17.569999999999997,0.0,0.42000000000000004,SFFR,17.57,0.0,0.42000000000000004,Multi-Market,Idle,0.0,8.02000000000001,116.02,124.04,DA_HH,SSP
2026-07-30 04:30:00,0.0,0.42000000000000004,SFFR,17.569999999999997,0.0,0.42000000000000004,SFFR,17.57,0.0,0.42000000000000004,Multi-Market,Idle,0.0,9.879999999999995,114.7,124.58,DA_HH,SSP
2026-07-30 05:00:00,0.0,0.42000000000000004,SFFR,17.569999999999997,0.0,0.42000000000000004,SFFR,17.57,0.0,0.42000000000000004,Multi-Market,Idle,0.0,18.58999999999999,124.8,143.39,DA_HH,SSP
2026-07-30 05:30:00,0.0,0.42000000000000004,SFFR,17.569999999999997,0.0,0.42000000000000004,SFFR,17.57,0.0,0.42000000000000004,Multi-Market,Idle,0.0,7.279999999999987,127.2,134.48,DA_HH,SSP
2026-07-30 06:00:00,0.0,0.42000000000000004,SFFR,17.569999999999997,0.0,0.42000000000000004,SFFR,17.57,0.0,0.42000000000000004,Multi-Market,Idle,0.0,14.239999999999995,119.36,133.6,DA_HH,EPEX
2026-07-30 06:30:00,0.0,0.42000000000000004,SFFR,17.569999999999997,0.0,0.42000000000000004,SFFR,17.57,0.0,0.42000000000000004,Multi-Market,Idle,0.0,16.069999999999993,118.87,134.94,SSP,ISEM
2026-07-30 07:00:00,0.0,0.42000000000000004,SFFR,17.569999999999997,0.0,0.42000000000000004,SFFR,17.57,0.0,0.42000000000000004,Multi-Market,Idle,0.0,15.719999999999999,118.88,134.6,SSP,EPEX
2026-07-30 07:30:00,0.0,0.42000000000000004,SFFR,17.569999999999997,0.0,0.42000000000000004,SFFR,17.57,0.0,0.42000000000000004,Multi-Market,Idle,0.0,15.599999999999994,119.0,134.6,SSP,EPEX
2026-07-30 08:00:00,0.0,0.42000000000000004,SFFR,17.569999999999997,0.0,0.42000000000000004,SFFR,17.57,0.0,0.42000000000000004,Multi-Market,Idle,0.0,40.67999999999999,97.98,138.66,SSP,DA_HH
2026-07-30 08:30:00,0.0,0.42000000000000004,SFFR,17.569999999999997,0.0,0.42000000000000004,SFFR,17.57,0.0,0.42000000000000004,Multi-Market,Idle,0.0,10.390000000000015,128.01,138.4,SSP,ISEM
2026-07-30 09:00:00,0.0,0.42000000000000004,SFFR,17.569999999999997,0.0,0.42000000000000004,SFFR,17.57,0.0,0.42000000000000004,Multi-Market,Idle,0.0,8.960000000000008,120.0,128.96,EPEX,ISEM
2026-07-30 09:30:00,0.0,0.42000000000000004,SFFR,17.569999999999997,0.0,0.42000000000000004,SFFR,17.57,0.0,0.42000000000000004,Multi-Market,Idle,0.0,35.0,120.0,155.0,EPEX,SSP
2026-07-30 10:00:00,0.0,0.42000000000000004,SFFR,17.569999999999997,0.0,0.42000000000000004,SFFR,17.57,-0.0,0.42000000000000004,Multi-Market,Idle,-0.0,46.400000000000006,108.6,155.0,EPEX,SSP
2026-07-30 10:30:00,0.0,0.42000000000000004,SFFR,17.569999999999997,0.0,0.42000000000000004,SFFR,17.57,0.0,0.42000000000000004,Multi-Market,Idle,0.0,15.790000000000006,108.6,124.39,EPEX,SSP
2026-07-30 11:00:00,0.0,0.42000000000000004,SFFR,17.569999999999997,0.0,0.42000000000000004,SFFR,17.57,0.0,0.42000000000000004,Multi-Market,Idle,0.0,26.310000000000002,94.96,121.27,DA_HH,SSP
2026-07-30 11:30:00,0.0,0.42000000000000004,SFFR,17.569999999999997,0.0,0.42000000000000004,SFFR,17.57,0.0,0.42000000000000004,Multi-Market,Idle,0.0,25.370000000000005,91.39,116.76,DA_HH,SSP
2026-07-30 12:00:00,0.0,0.42000000000000004,SFFR,17.569999999999997,0.0,0.42000000000000004,SFFR,17.57,-2.1,2.3787496011486513,Multi-Market,Buy-DA_HH,-168.126,40.19,80.06,120.25,DA_HH,SSP
2026-07-30 12:30:00,0.0,0.42000000000000004,SFFR,17.569999999999997,0.0,0.42000000000000004,SFFR,17.57,-2.1,4.337499202297303,Multi-Market,Buy-DA_HH,-165.9,36.41,79.0,115.41,DA_HH,SSP
2026-07-30 13:00:00,0.0,0.42000000000000004,SFFR,17.569999999999997,0.0,0.42000000000000004,SFFR,17.57,-0.016498564135144278,4.062500797702698,Multi-Market,Buy-EPEX,134.31770820040407,65.1,79.9,145.0,EPEX,SSP
2026-07-30 13:30:00,0.0,0.42000000000000004,SFFR,17.569999999999997,0.0,0.42000000000000004,SFFR,17.57,-2.1,6.021250398851349,Multi-Market,Buy-EPEX,-167.79000000000002,62.599999999999994,79.9,142.5,EPEX,SSP
2026-07-30 14:00:00,0.0,0.42000000000000004,SFFR,17.569999999999997,0.0,0.42000000000000004,SFFR,17.57,-2.1,7.9799999999999995,Multi-Market,Buy-DA_HH,-175.18200000000002,59.08,83.42,142.5,DA_HH,SSP
2026-07-30 14:30:00,0.0,0.42000000000000004,SFFR,17.569999999999997,0.0,0.42000000000000004,SFFR,17.57,1.3650000000000024,6.223879667935688,Multi-Market,Buy-DA_HH,345.18750000000034,68.5,79.0,147.5,DA_HH,SSP
2026-07-30 15:00:00,0.0,0.42000000000000004,SFFR,17.569999999999997,0.0,0.42000000000000004,SFFR,17.57,-1.882758620689659,7.9799999999999995,Multi-Market,Buy-DA_HH,-163.27282758620723,60.28,86.72,147.0,DA_HH,SSP
2026-07-30 15:30:00,0.0,0.42000000000000004,SFFR,17.569999999999997,0.0,0.42000000000000004,SFFR,17.57,-0.0,7.9799999999999995,Multi-Market,Idle,-0.0,60.7,86.8,147.5,EPEX,SSP
2026-07-30 16:00:00,0.0,0.42000000000000004,SFFR,17.569999999999997,0.0,0.42000000000000004,SFFR,17.57,0.0,7.9799999999999995,Multi-Market,Idle,0.0,46.0,101.0,147.0,ISEM,SSP
2026-07-30 16:30:00,0.0,0.42000000000000004,SFFR,17.569999999999997,0.0,0.42000000000000004,SFFR,17.57,0.0,7.9799999999999995,Multi-Market,Idle,0.0,41.400000000000006,105.6,147.0,EPEX,SSP
2026-07-30 17:00:00,0.0,0.42000000000000004,SFFR,17.569999999999997,0.0,0.42000000000000004,SFFR,17.57,-0.0,7.9799999999999995,Multi-Market,Idle,-0.0,30.659999999999997,116.84,147.5,ISEM,SSP
2026-07-30 17:30:00,0.0,0.42000000000000004,SFFR,17.569999999999997,0.0,0.42000000000000004,SFFR,17.57,-0.0,7.9799999999999995,Multi-Market,Idle,-0.0,34.650000000000006,115.35,150.0,ISEM,SSP
2026-07-30 18:00:00,0.0,0.42000000000000004,SFFR,17.569999999999997,0.0,0.42000000000000004,SFFR,17.57,0.0,7.9799999999999995,Multi-Market,Idle,0.0,12.449999999999989,133.55,146.0,SSP,EPEX
2026-07-30 18:30:00,0.0,0.42000000000000004,SFFR,17.569999999999997,0.0,0.42000000000000004,SFFR,17.57,-0.0,7.9799999999999995,Multi-Market,Idle,-0.0,53.66,101.65,155.31,SSP,DA_HH
2026-07-30 19:00:00,0.0,0.42000000000000004,SFFR,17.569999999999997,0.0,0.42000000000000004,SFFR,17.57,-0.0,7.9799999999999995,Multi-Market,Idle,-0.0,41.739999999999995,124.76,166.5,SSP,DA_HH
2026-07-30 19:30:00,0.0,0.42000000000000004,SFFR,17.569999999999997,0.0,0.42000000000000004,SFFR,17.57,0.0,7.9799999999999995,Multi-Market,Idle,0.0,30.939999999999998,139.06,170.0,SSP,DA_HH
2026-07-30 20:00:00,0.0,0.42000000000000004,SFFR,17.569999999999997,0.0,0.42000000000000004,SFFR,17.57,3.75,3.959577994358269,Multi-Market,Sell-SSP,660.15,8.340000000000003,167.7,176.04,ISEM,SSP
2026-07-30 20:30:00,0.0,0.42000000000000004,SFFR,17.569999999999997,0.0,0.42000000000000004,SFFR,17.57,0.0,3.959577994358269,Multi-Market,Idle,0.0,30.939999999999998,140.43,171.37,SSP,DA_HH
2026-07-30 21:00:00,0.0,0.42000000000000004,SFFR,17.569999999999997,0.0,0.42000000000000004,SFFR,17.57,0.0,3.959577994358269,Multi-Market,Idle,0.0,10.439999999999998,160.34,170.78,EPEX,SSP
2026-07-30 21:30:00,0.0,0.42000000000000004,SFFR,17.569999999999997,0.0,0.42000000000000004,SFFR,17.57,3.3014985641351435,0.42000000000000004,Multi-Market,Sell-SSP,571.9516112507723,12.900000000000006,160.34,173.24,EPEX,SSP
2026-07-30 22:00:00,0.0,0.42000000000000004,SFFR,17.569999999999997,0.0,0.42000000000000004,SFFR,17.57,0.0,0.42000000000000004,Multi-Market,Idle,0.0,31.38000000000001,122.21,153.59,SSP,ISEM
2026-07-30 22:30:00,0.0,0.42000000000000004,SFFR,17.569999999999997,0.0,0.42000000000000004,SFFR,17.57,0.0,0.42000000000000004,Multi-Market,Idle,0.0,1.2799999999999727,147.11,148.39,SSP,EPEX
2026-07-30 23:00:00,0.0,0.42000000000000004,SFFR,17.569999999999997,0.0,0.42000000000000004,SFFR,17.57,-0.0,0.42000000000000004,Multi-Market,Idle,-0.0,32.90999999999998,122.23,155.14,SSP,DA_HH
2026-07-30 23:30:00,0.0,0.42000000000000004,SFFR,17.569999999999997,0.0,0.42000000000000004,SFFR,17.57,-0.0,0.42000000000000004,Multi-Market,Idle,-0.0,43.0,101.18,144.18,SSP,DA_HH
2026-07-31 00:00:00,0.0,0.42000000000000004,SFFR,17.569999999999997,0.0,0.42000000000000004,SFFR,17.57,0.0,0.42000000000000004,SFFR,SFFR,17.569999999999997,13.569999999999993,136.37,149.94,EPEX,SSP
2026-07-31 00:30:00,0.0,0.42000000000000004,SFFR,17.569999999999997,0.0,0.42000000000000004,SFFR,17.57,0.0,0.42000000000000004,SFFR,SFFR,17.569999999999997,6.509999999999991,129.99,136.5,SSP,DA_HH
2026-07-31 01:00:00,0.0,0.42000000000000004,SFFR,17.569999999999997,0.0,0.42000000000000004,SFFR,17.57,0.0,0.42000000000000004,SFFR,SFFR,17.569999999999997,10.349999999999994,130.0,140.35,DA_HH,SSP
2026-07-31 01:30:00,0.0,0.42000000000000004,SFFR,17.569999999999997,0.0,0.42000000000000004,SFFR,17.57,0.0,0.42000000000000004,SFFR,SFFR,17.569999999999997,29.16000000000001,125.95,155.11,ISEM,SSP
2026-07-31 02:00:00,0.0,0.42000000000000004,SFFR,17.569999999999997,0.0,0.42000000000000004,SFFR,17.57,0.0,0.42000000000000004,SFFR,SFFR,17.569999999999997,50.91999999999999,118.59,169.51,ISEM,SSP
2026-07-31 02:30:00,0.0,0.42000000000000004,SFFR,17.569999999999997,0.0,0.42000000000000004,SFFR,17.57,0.0,0.42000000000000004,SFFR,SFFR,17.569999999999997,41.47999999999999,117.0,158.48,DA_HH,SSP
2026-07-31 03:00:00,0.0,0.42000000000000004,SFFR,17.569999999999997,0.0,0.42000000000000004,SFFR,17.57,0.0,0.42000000000000004,SFFR,SFFR,17.569999999999997,33.14,117.7,150.84,ISEM,SSP
2026-07-31 03:30:00,0.0,0.42000000000000004,SFFR,17.569999999999997,0.0,0.42000000000000004,SFFR,17.57,0.0,0.42000000000000004,SFFR,SFFR,17.569999999999997,11.930000000000007,112.44,124.37,SSP,EPEX
2026-07-31 04:00:00,0.0,0.42000000000000004,SFFR,17.569999999999997,0.0,0.42000000000000004,SFFR,17.57,0.0,0.42000000000000004,SFFR,SFFR,17.569999999999997,8.650000000000006,120.35,129.0,ISEM,EPEX
2026-07-31 04:30:00,0.0,0.42000000000000004,SFFR,17.569999999999997,0.0,0.42000000000000004,SFFR,17.57,0.0,0.42000000000000004,SFFR,SFFR,17.569999999999997,25.790000000000006,120.23,146.02,ISEM,SSP
2026-07-31 05:00:00,0.0,0.42000000000000004,SFFR,17.569999999999997,0.0,0.42000000000000004,SFFR,17.57,0.0,0.42000000000000004,SFFR,SFFR,17.569999999999997,40.55000000000001,134.45,175.0,ISEM,SSP
2026-07-31 05:30:00,0.0,0.42000000000000004,SFFR,17.569999999999997,0.0,0.42000000000000004,SFFR,17.57,0.0,0.42000000000000004,SFFR,SFFR,17.569999999999997,16.380000000000024,134.45,150.83,ISEM,SSP
2026-07-31 06:00:00,0.0,0.42000000000000004,SFFR,17.569999999999997,0.0,0.42000000000000004,SFFR,17.57,0.0,0.42000000000000004,SFFR,SFFR,17.569999999999997,13.949999999999989,139.37,153.32,ISEM,SSP
2026-07-31 06:30:00,0.0,0.42000000000000004,SFFR,17.569999999999997,0.0,0.42000000000000004,SFFR,17.57,0.0,0.42000000000000004,SFFR,SFFR,17.569999999999997,45.389999999999986,142.61,188.0,ISEM,SSP
2026-07-31 07:00:00,0.0,0.42000000000000004,SFFR,17.569999999999997,0.0,0.42000000000000004,SFFR,17.57,0.0,0.42000000000000004,SFFR,SFFR,17.569999999999997,43.22999999999999,99.62,142.85,SSP,EPEX
2026-07-31 07:30:00,0.0,0.42000000000000004,SFFR,17.569999999999997,0.0,0.42000000000000004,SFFR,17.57,0.0,0.42000000000000004,SFFR,SFFR,17.569999999999997,43.72,99.13,142.85,SSP,EPEX
2026-07-31 08:00:00,0.0,0.42000000000000004,SFFR,17.569999999999997,0.0,0.42000000000000004,SFFR,17.57,0.0,0.42000000000000004,SFFR,SFFR,17.569999999999997,29.370000000000005,100.63,130.0,SSP,EPEX
2026-07-31 08:30:00,0.0,0.42000000000000004,SFFR,17.569999999999997,0.0,0.42000000000000004,SFFR,17.57,0.0,0.42000000000000004,SFFR,SFFR,17.569999999999997,26.680000000000007,103.32,130.0,SSP,EPEX
2026-07-31 09:00:00,0.0,0.42000000000000004,SFFR,17.569999999999997,0.0,0.42000000000000004,SFFR,17.57,0.0,0.42000000000000004,SFFR,SFFR,17.569999999999997,32.36999999999999,99.61,131.98,SSP,EPEX
2026-07-31 09:30:00,0.0,0.42000000000000004,SFFR,17.569999999999997,0.0,0.42000000000000004,SFFR,17.57,0.0,0.42000000000000004,SFFR,SFFR,17.569999999999997,5.25,127.0,132.25,ISEM,SSP
2026-07-31 10:00:00,0.0,0.42000000000000004,SFFR,17.569999999999997,0.0,0.42000000000000004,SFFR,17.57,0.0,0.42000000000000004,SFFR,SFFR,17.569999999999997,32.0,95.0,127.0,SSP,ISEM
2026-07-31 10:30:00,0.0,0.42000000000000004,SFFR,17.569999999999997,0.0,0.42000000000000004,SFFR,17.57,0.0,0.42000000000000004,SFFR,SFFR,17.569999999999997,24.099999999999994,97.25,121.35,SSP,EPEX
2026-07-31 11:00:00,0.0,0.42000000000000004,SFFR,17.569999999999997,0.0,0.42000000000000004,SFFR,17.57,0.0,0.42000000000000004,SFFR,SFFR,17.569999999999997,32.629999999999995,115.37,148.0,EPEX,SSP
2026-07-31 11:30:00,0.0,0.42000000000000004,SFFR,17.569999999999997,0.0,0.42000000000000004,SFFR,17.57,0.0,0.42000000000000004,SFFR,SFFR,17.569999999999997,34.769999999999996,113.23,148.0,DA_HH,SSP
2026-07-31 12:00:00,0.0,0.42000000000000004,SFFR,17.569999999999997,0.0,0.42000000000000004,SFFR,17.57,0.0,0.42000000000000004,SFFR,SFFR,17.569999999999997,35.239999999999995,106.76,142.0,EPEX,SSP
2026-07-31 12:30:00,0.0,0.42000000000000004,SFFR,17.569999999999997,0.0,0.42000000000000004,SFFR,17.57,0.0,0.42000000000000004,SFFR,SFFR,17.569999999999997,35.239999999999995,106.76,142.0,EPEX,SSP
2026-07-31 13:00:00,0.0,0.42000000000000004,SFFR,17.569999999999997,0.0,0.42000000000000004,SFFR,17.57,0.0,0.42000000000000004,SFFR,SFFR,17.569999999999997,5.489999999999995,100.45,105.94,SSP,ISEM
2026-07-31 13:30:00,0.0,0.42000000000000004,SFFR,17.569999999999997,0.0,0.42000000000000004,SFFR,17.57,0.0,0.42000000000000004,SFFR,SFFR,17.569999999999997,11.340000000000003,93.66,105.0,SSP,EPEX
2026-07-31 14:00:00,0.0,0.42000000000000004,SFFR,17.569999999999997,0.0,0.42000000000000004,SFFR,17.57,0.0,0.42000000000000004,SFFR,SFFR,17.569999999999997,14.719999999999999,91.08,105.8,SSP,DA_HH
2026-07-31 14:30:00,0.0,0.42000000000000004,SFFR,17.569999999999997,0.0,0.42000000000000004,SFFR,17.57,0.0,0.42000000000000004,SFFR,SFFR,17.569999999999997,40.0,102.0,142.0,EPEX,SSP
2026-07-31 15:00:00,0.0,0.42000000000000004,SFFR,17.569999999999997,0.0,0.42000000000000004,SFFR,17.57,0.0,0.42000000000000004,SFFR,SFFR,17.569999999999997,24.349999999999994,82.79,107.14,SSP,EPEX
2026-07-31 15:30:00,0.0,0.42000000000000004,SFFR,17.569999999999997,0.0,0.42000000000000004,SFFR,17.57,0.0,0.42000000000000004,SFFR,SFFR,17.569999999999997,36.95,105.05,142.0,ISEM,SSP
2026-07-31 16:00:00,0.0,0.42000000000000004,SFFR,17.569999999999997,0.0,0.42000000000000004,SFFR,17.57,0.0,0.42000000000000004,SFFR,SFFR,17.569999999999997,28.189999999999998,113.81,142.0,ISEM,SSP
2026-07-31 16:30:00,0.0,0.42000000000000004,SFFR,17.569999999999997,0.0,0.42000000000000004,SFFR,17.57,0.0,0.42000000000000004,SFFR,SFFR,17.569999999999997,32.730000000000004,109.27,142.0,ISEM,SSP
2026-07-31 17:00:00,0.0,0.42000000000000004,SFFR,17.569999999999997,0.0,0.42000000000000004,SFFR,17.57,0.0,0.42000000000000004,SFFR,SFFR,17.569999999999997,40.459999999999994,126.54,167.0,EPEX,SSP
2026-07-31 17:30:00,0.0,0.42000000000000004,SFFR,17.569999999999997,0.0,0.42000000000000004,SFFR,17.57,0.0,0.42000000000000004,SFFR,SFFR,17.569999999999997,40.459999999999994,126.54,167.0,EPEX,SSP
2026-07-31 18:00:00,0.0,0.42000000000000004,SFFR,17.569999999999997,0.0,0.42000000000000004,SFFR,17.57,0.0,0.42000000000000004,SFFR,SFFR,17.569999999999997,11.620000000000005,135.84,147.46,DA_HH,EPEX
2026-07-31 18:30:00,0.0,0.42000000000000004,SFFR,17.569999999999997,0.0,0.42000000000000004,SFFR,17.57,0.0,0.42000000000000004,SFFR,SFFR,17.569999999999997,1.960000000000008,145.5,147.46,SSP,EPEX
2026-07-31 19:00:00,0.0,0.42000000000000004,SFFR,17.569999999999997,0.0,0.42000000000000004,SFFR,17.57,0.0,0.42000000000000004,SFFR,SFFR,17.569999999999997,41.20000000000002,118.38,159.58,SSP,EPEX
2026-07-31 19:30:00,0.0,0.42000000000000004,SFFR,17.569999999999997,0.0,0.42000000000000004,SFFR,17.57,0.0,0.42000000000000004,SFFR,SFFR,17.569999999999997,39.19000000000001,120.39,159.58,SSP,EPEX
2026-07-31 20:00:00,0.0,0.42000000000000004,SFFR,17.569999999999997,0.0,0.42000000000000004,SFFR,17.57,0.0,0.42000000000000004,SFFR,SFFR,17.569999999999997,8.48999999999998,159.11,167.6,DA_HH,EPEX
2026-07-31 20:30:00,0.0,0.42000000000000004,SFFR,17.569999999999997,0.0,0.42000000000000004,SFFR,17.57,0.0,0.42000000000000004,SFFR,SFFR,17.569999999999997,22.289999999999992,145.31,167.6,SSP,EPEX
2026-07-31 21:00:00,0.0,0.42000000000000004,SFFR,17.569999999999997,0.0,0.42000000000000004,SFFR,17.57,0.0,0.42000000000000004,SFFR,SFFR,17.569999999999997,6.02000000000001,156.84,162.86,SSP,EPEX
2026-07-31 21:30:00,0.0,0.42000000000000004,SFFR,17.569999999999997,0.0,0.42000000000000004,SFFR,17.57,0.0,0.42000000000000004,SFFR,SFFR,17.569999999999997,7.760000000000019,155.1,162.86,DA_HH,EPEX
2026-07-31 22:00:00,0.0,0.42000000000000004,SFFR,17.569999999999997,0.0,0.42000000000000004,SFFR,17.57,0.0,0.42000000000000004,SFFR,SFFR,17.569999999999997,9.879999999999995,150.12,160.0,ISEM,SSP
2026-07-31 22:30:00,0.0,0.42000000000000004,SFFR,17.569999999999997,0.0,0.42000000000000004,SFFR,17.57,0.0,0.42000000000000004,SFFR,SFFR,17.569999999999997,30.580000000000013,119.78,150.36,SSP,EPEX
2026-07-31 23:00:00,0.0,0.42000000000000004,SFFR,17.569999999999997,0.0,0.42000000000000004,SFFR,17.57,0.0,0.42000000000000004,SFFR,SFFR,17.569999999999997,29.129999999999995,120.19,149.32,SSP,ISEM
2026-07-31 23:30:00,0.0,0.42000000000000004,SFFR,17.569999999999997,0.0,0.42000000000000004,SFFR,17.57,0.0,0.42000000000000004,SFFR,SFFR,17.569999999999997,16.72,136.9,153.62,EPEX,SSP
