Timestamp,Optimised_Net_MWh_Daily,Optimised_SoC_Daily,Strategy_Selected_Daily,Optimised_Revenue_Daily,Optimised_Net_MWh_EFA,Optimised_SoC_EFA,Strategy_Selected_EFA,Optimised_Revenue_EFA,Optimised_Net_MWh_Multi,Optimised_SoC_Multi,Strategy_Selected_Multi,Market_Used_Multi,Optimised_Revenue_Multi,Market_Spread,Best_Buy_Price,Best_Sell_Price,Best_Buy_Market,Best_Sell_Market
2026-06-01 00:00:00,0.0,4.2,EPEX,0.0,0.0,4.2,EPEX,0.0,0.1282507179324289,4.062500797702697,Multi-Market,Sell-SSP,18.59635410020219,37.0,108.0,145.0,EPEX,SSP
2026-06-01 00:30:00,0.0,4.2,EPEX,0.0,3.525749282067572,0.42000000000000004,EPEX,380.78092246329777,0.0,4.062500797702697,Multi-Market,Idle,0.0,4.539999999999992,103.7,108.24,SSP,DA_HH
2026-06-01 01:00:00,0.0,4.2,EPEX,0.0,0.0,0.42000000000000004,EPEX,0.0,0.0,4.062500797702697,Multi-Market,Idle,0.0,6.769999999999996,101.69,108.46,EPEX,SSP
2026-06-01 01:30:00,0.0,4.2,EPEX,0.0,-0.0,0.42000000000000004,EPEX,-0.0,0.0,4.062500797702697,Multi-Market,Idle,0.0,17.019999999999996,101.69,118.71,EPEX,SSP
2026-06-01 02:00:00,-0.2250024756290643,4.409868337807566,EPEX,-22.628498974014995,0.0,0.42000000000000004,SFFR,11.725,0.0,4.062500797702697,Multi-Market,Idle,0.0,5.650000000000006,100.0,105.65,SSP,DA_HH
2026-06-01 02:30:00,-2.1,6.368617938956217,EPEX,-211.197,0.0,0.42000000000000004,SFFR,11.725,0.0,4.062500797702697,Multi-Market,Idle,0.0,22.610000000000014,100.57,123.18,EPEX,SSP
2026-06-01 03:00:00,0.0,6.368617938956217,EPEX,0.0,0.0,0.42000000000000004,SFFR,11.725,0.0,4.062500797702697,Multi-Market,Idle,0.0,4.070000000000007,100.91,104.98,EPEX,SSP
2026-06-01 03:30:00,0.0,6.368617938956217,EPEX,0.0,0.0,0.42000000000000004,SFFR,11.725,0.0,4.062500797702697,Multi-Market,Idle,0.0,2.530000000000001,100.91,103.44,EPEX,DA_HH
2026-06-01 04:00:00,0.0,6.368617938956217,EPEX,0.0,0.0,0.42000000000000004,SFFR,11.725,0.0,4.062500797702697,Multi-Market,Idle,0.0,21.30000000000001,86.1,107.4,SSP,DA_HH
2026-06-01 04:30:00,0.0,6.368617938956217,EPEX,0.0,0.0,0.42000000000000004,SFFR,11.725,0.0,4.062500797702697,Multi-Market,Idle,0.0,20.80000000000001,86.1,106.9,SSP,ISEM
2026-06-01 05:00:00,0.0,6.368617938956217,EPEX,0.0,0.0,0.42000000000000004,SFFR,11.725,0.0,4.062500797702697,Multi-Market,Idle,0.0,25.900000000000006,86.1,112.0,SSP,DA_HH
2026-06-01 05:30:00,0.0,6.368617938956217,EPEX,0.0,0.0,0.42000000000000004,SFFR,11.725,0.0,4.062500797702697,Multi-Market,Idle,0.0,23.939999999999998,86.06,110.0,SSP,DA_HH
2026-06-01 06:00:00,3.75,2.3481959333144866,EPEX,445.125,0.0,0.42000000000000004,SFFR,11.725,0.0,4.062500797702697,Multi-Market,Idle,0.0,35.94000000000001,86.07,122.01,SSP,DA_HH
2026-06-01 06:30:00,1.798501435864858,0.42000000000000004,EPEX,213.48212043715864,0.0,0.42000000000000004,SFFR,11.725,0.0,4.062500797702697,Multi-Market,Idle,0.0,44.599999999999994,86.07,130.67,SSP,DA_HH
2026-06-01 07:00:00,0.0,0.41999999999999993,EPEX,0.0,0.0,0.42000000000000004,SFFR,11.725,0.0,4.062500797702697,Multi-Market,Idle,0.0,35.94,86.06,122.0,SSP,DA_HH
2026-06-01 07:30:00,-0.0,0.42000000000000004,EPEX,-0.0,0.0,0.42000000000000004,SFFR,11.725,0.0,4.062500797702697,Multi-Market,Idle,0.0,17.599999999999994,116.4,134.0,EPEX,SSP
2026-06-01 08:00:00,-0.0,0.42000000000000004,EPEX,-0.0,0.0,0.42000000000000004,SFFR,11.725,0.0,4.062500797702697,Multi-Market,Idle,0.0,27.959999999999994,106.04,134.0,ISEM,SSP
2026-06-01 08:30:00,-0.0,0.42000000000000004,EPEX,-0.0,0.0,0.42000000000000004,SFFR,11.725,0.0,4.062500797702697,Multi-Market,Idle,0.0,23.53,86.07,109.6,SSP,EPEX
2026-06-01 09:00:00,0.0,0.41999999999999993,EPEX,0.0,0.0,0.42000000000000004,SFFR,11.725,0.0,4.062500797702697,Multi-Market,Idle,0.0,35.75,98.25,134.0,ISEM,SSP
2026-06-01 09:30:00,0.0,0.41999999999999993,EPEX,0.0,0.0,0.42000000000000004,SFFR,11.725,0.0,4.062500797702697,Multi-Market,Idle,0.0,39.629999999999995,94.37,134.0,ISEM,SSP
2026-06-01 10:00:00,0.0,0.41999999999999993,EPEX,0.0,0.0,0.42000000000000004,SFFR,11.725,0.0,4.062500797702697,Multi-Market,Idle,0.0,33.3,100.7,134.0,DA_HH,SSP
2026-06-01 10:30:00,0.0,0.41999999999999993,EPEX,0.0,0.0,0.42000000000000004,SFFR,11.725,0.0,4.062500797702697,Multi-Market,Idle,0.0,35.8,98.2,134.0,DA_HH,SSP
2026-06-01 11:00:00,0.0,0.41999999999999993,EPEX,0.0,0.0,0.42000000000000004,SFFR,11.725,0.0,4.062500797702697,Multi-Market,Idle,0.0,25.599999999999994,77.0,102.6,SSP,ISEM
2026-06-01 11:30:00,0.0,0.41999999999999993,EPEX,0.0,0.0,0.42000000000000004,SFFR,11.725,0.0,4.062500797702697,Multi-Market,Idle,0.0,24.08999999999999,77.01,101.1,SSP,ISEM
2026-06-01 12:00:00,0.0,0.41999999999999993,EPEX,0.0,0.0,0.42000000000000004,SFFR,11.725,0.0,4.062500797702697,Multi-Market,Idle,0.0,16.92,82.1,99.02,SSP,ISEM
2026-06-01 12:30:00,0.0,0.41999999999999993,EPEX,0.0,0.0,0.42000000000000004,SFFR,11.725,0.0,4.062500797702697,Multi-Market,Idle,0.0,17.47,78.0,95.47,SSP,ISEM
2026-06-01 13:00:00,0.0,0.41999999999999993,EPEX,0.0,0.0,0.42000000000000004,SFFR,11.725,0.0,4.062500797702697,Multi-Market,Idle,0.0,18.89,77.01,95.9,SSP,ISEM
2026-06-01 13:30:00,0.0,0.42000000000000004,EPEX,0.0,0.0,0.42000000000000004,SFFR,11.725,-2.1,6.021250398851348,Multi-Market,Buy-SSP,-144.501,26.67,68.81,95.48,SSP,ISEM
2026-06-01 14:00:00,-2.1,2.3787496011486517,EPEX,-184.38,0.0,0.42000000000000004,SFFR,11.725,-2.1,7.979999999999999,Multi-Market,Buy-SSP,-148.05,26.17,70.5,96.67,SSP,ISEM
2026-06-01 14:30:00,-2.1,4.337499202297303,EPEX,-184.38,0.0,0.42000000000000004,SFFR,11.725,0.0,7.9799999999999995,Multi-Market,Idle,0.0,36.2,87.8,124.0,EPEX,SSP
2026-06-01 15:00:00,-2.1,6.296248803445953,EPEX,-185.892,0.0,0.42000000000000004,SFFR,11.725,3.75,3.959577994358269,Multi-Market,Sell-SSP,599.8125,71.42999999999999,88.52,159.95,EPEX,SSP
2026-06-01 15:30:00,-1.8051707633737284,7.980000000000001,EPEX,-159.79371597384244,0.0,0.42000000000000004,SFFR,11.725,1.670250717932429,2.1688812633410857,Multi-Market,Sell-SSP,267.156602333292,71.42999999999999,88.52,159.95,EPEX,SSP
2026-06-01 16:00:00,0.0,7.980000000000001,EPEX,0.0,0.0,0.42000000000000004,SFFR,11.725,-2.1,4.127630864489737,Multi-Market,Buy-SSP,-173.25,37.5,82.5,120.0,SSP,ISEM
2026-06-01 16:30:00,0.0,7.9799999999999995,EPEX,0.0,0.0,0.42000000000000004,SFFR,11.725,-2.1,6.0863804656383875,Multi-Market,Buy-SSP,-173.25,31.900000000000006,82.5,114.4,SSP,DA_HH
2026-06-01 17:00:00,-0.0,7.9799999999999995,EPEX,-0.0,0.0,0.42000000000000004,SFFR,11.725,-2.0301732390027927,7.9799999999999995,Multi-Market,Buy-SSP,-176.82808911714324,39.59,87.1,126.69,SSP,DA_HH
2026-06-01 17:30:00,-0.0,7.9799999999999995,EPEX,-0.0,0.0,0.42000000000000004,SFFR,11.725,0.0,7.9799999999999995,Multi-Market,Idle,0.0,16.69999999999999,114.5,131.2,SSP,ISEM
2026-06-01 18:00:00,-0.0,7.9799999999999995,EPEX,-0.0,0.0,0.42000000000000004,SFFR,11.725,-0.0,7.9799999999999995,Multi-Market,Idle,-0.0,27.30000000000001,135.7,163.0,EPEX,SSP
2026-06-01 18:30:00,0.0,7.9799999999999995,EPEX,0.0,0.0,0.42000000000000004,SFFR,11.725,3.3014985641351435,4.4404220056417305,Multi-Market,Sell-SSP,572.8100008774474,37.80000000000001,135.7,173.5,EPEX,SSP
2026-06-01 19:00:00,3.3014985641351435,4.4404220056417305,EPEX,485.3202889278661,0.0,0.42000000000000004,SFFR,11.725,0.0,4.4404220056417305,Multi-Market,Idle,0.0,23.0,140.0,163.0,DA_HH,SSP
2026-06-01 19:30:00,3.75,0.42000000000000004,EPEX,551.25,0.0,0.42000000000000004,SFFR,11.725,3.75,0.42000000000000004,Multi-Market,Sell-SSP,650.625,33.5,140.0,173.5,DA_HH,SSP
2026-06-01 20:00:00,0.0,0.42000000000000004,EPEX,0.0,0.0,0.42000000000000004,SFFR,11.725,0.0,0.42000000000000004,Multi-Market,Idle,0.0,23.099999999999994,139.9,163.0,DA_HH,SSP
2026-06-01 20:30:00,-0.0,0.42000000000000004,EPEX,-0.0,0.0,0.42000000000000004,SFFR,11.725,0.0,0.42000000000000004,Multi-Market,Idle,0.0,19.94999999999999,140.0,159.95,DA_HH,SSP
2026-06-01 21:00:00,0.0,0.42000000000000004,EPEX,0.0,0.0,0.42000000000000004,SFFR,11.725,0.0,0.42000000000000004,Multi-Market,Idle,0.0,39.5,134.0,173.5,EPEX,SSP
2026-06-01 21:30:00,-0.0,0.42000000000000004,EPEX,-0.0,0.0,0.42000000000000004,SFFR,11.725,-0.0,0.42000000000000004,Multi-Market,Idle,-0.0,17.939999999999998,130.6,148.54,DA_HH,SSP
2026-06-01 22:00:00,0.0,0.42000000000000004,EPEX,0.0,0.0,0.42000000000000004,SFFR,11.725,-0.0,0.42000000000000004,Multi-Market,Idle,-0.0,26.400000000000006,100.58,126.98,SSP,ISEM
2026-06-01 22:30:00,-0.0,0.42000000000000004,EPEX,-0.0,0.0,0.42000000000000004,SFFR,11.725,-0.0,0.42000000000000004,Multi-Market,Idle,-0.0,16.44999999999999,110.01,126.46,SSP,ISEM
2026-06-01 23:00:00,0.0,0.42000000000000004,EPEX,0.0,0.0,0.42000000000000004,SFFR,11.725,0.0,0.42000000000000004,Multi-Market,Idle,0.0,14.159999999999997,105.76,119.92,SSP,DA_HH
2026-06-01 23:30:00,-0.0,0.42000000000000004,EPEX,-0.0,0.0,0.42000000000000004,SFFR,11.725,-0.0,0.42000000000000004,Multi-Market,Idle,-0.0,10.919999999999987,113.68,124.6,SSP,ISEM
2026-06-02 00:00:00,0.0,0.42000000000000004,SFFR,11.725,0.0,0.42000000000000004,SFFR,11.725,0.0,0.42000000000000004,Multi-Market,Idle,0.0,19.86,98.44,118.3,SSP,ISEM
2026-06-02 00:30:00,0.0,0.42000000000000004,SFFR,11.725,0.0,0.42000000000000004,SFFR,11.725,0.0,0.42000000000000004,Multi-Market,Idle,0.0,25.560000000000002,109.44,135.0,DA_HH,SSP
2026-06-02 01:00:00,0.0,0.42000000000000004,SFFR,11.725,0.0,0.42000000000000004,SFFR,11.725,0.0,0.42000000000000004,Multi-Market,Idle,0.0,5.560000000000002,103.21,108.77,DA_HH,ISEM
2026-06-02 01:30:00,0.0,0.42000000000000004,SFFR,11.725,0.0,0.42000000000000004,SFFR,11.725,0.0,0.42000000000000004,Multi-Market,Idle,0.0,4.840000000000003,103.16,108.0,SSP,ISEM
2026-06-02 02:00:00,0.0,0.42000000000000004,SFFR,11.725,0.0,0.42000000000000004,SFFR,11.725,0.0,0.42000000000000004,Multi-Market,Idle,0.0,7.150000000000006,101.89,109.04,DA_HH,ISEM
2026-06-02 02:30:00,0.0,0.42000000000000004,SFFR,11.725,0.0,0.42000000000000004,SFFR,11.725,0.0,0.42000000000000004,Multi-Market,Idle,0.0,3.6999999999999886,103.43,107.13,DA_HH,ISEM
2026-06-02 03:00:00,0.0,0.42000000000000004,SFFR,11.725,0.0,0.42000000000000004,SFFR,11.725,0.0,0.42000000000000004,Multi-Market,Idle,0.0,5.810000000000002,100.6,106.41,EPEX,ISEM
2026-06-02 03:30:00,0.0,0.42000000000000004,SFFR,11.725,0.0,0.42000000000000004,SFFR,11.725,0.0,0.42000000000000004,Multi-Market,Idle,0.0,6.190000000000012,100.6,106.79,EPEX,ISEM
2026-06-02 04:00:00,0.0,0.42000000000000004,SFFR,11.725,0.0,0.42000000000000004,SFFR,11.725,0.0,0.42000000000000004,Multi-Market,Idle,0.0,12.920000000000002,101.5,114.42,EPEX,SSP
2026-06-02 04:30:00,0.0,0.42000000000000004,SFFR,11.725,0.0,0.42000000000000004,SFFR,11.725,0.0,0.42000000000000004,Multi-Market,Idle,0.0,17.459999999999994,101.5,118.96,EPEX,SSP
2026-06-02 05:00:00,0.0,0.42000000000000004,SFFR,11.725,0.0,0.42000000000000004,SFFR,11.725,0.0,0.42000000000000004,Multi-Market,Idle,0.0,25.409999999999997,106.1,131.51,EPEX,SSP
2026-06-02 05:30:00,0.0,0.42000000000000004,SFFR,11.725,0.0,0.42000000000000004,SFFR,11.725,0.0,0.42000000000000004,Multi-Market,Idle,0.0,30.180000000000007,106.1,136.28,EPEX,SSP
2026-06-02 06:00:00,0.0,0.42000000000000004,SFFR,11.725,0.0,0.42000000000000004,SFFR,11.725,0.0,0.42000000000000004,Multi-Market,Idle,0.0,20.36999999999999,115.79,136.16,DA_HH,SSP
2026-06-02 06:30:00,0.0,0.42000000000000004,SFFR,11.725,0.0,0.42000000000000004,SFFR,11.725,0.0,0.42000000000000004,Multi-Market,Idle,0.0,20.519999999999996,118.51,139.03,EPEX,SSP
2026-06-02 07:00:00,0.0,0.42000000000000004,SFFR,11.725,0.0,0.42000000000000004,SFFR,11.725,0.0,0.42000000000000004,Multi-Market,Idle,0.0,22.680000000000007,109.22,131.9,SSP,ISEM
2026-06-02 07:30:00,0.0,0.42000000000000004,SFFR,11.725,0.0,0.42000000000000004,SFFR,11.725,0.0,0.42000000000000004,Multi-Market,Idle,0.0,23.08,110.92,134.0,SSP,ISEM
2026-06-02 08:00:00,0.0,0.42000000000000004,SFFR,11.725,0.0,0.42000000000000004,SFFR,11.725,0.0,0.42000000000000004,Multi-Market,Idle,0.0,31.269999999999982,115.65,146.92,EPEX,SSP
2026-06-02 08:30:00,0.0,0.42000000000000004,SFFR,11.725,0.0,0.42000000000000004,SFFR,11.725,-0.0,0.42000000000000004,Multi-Market,Idle,-0.0,43.639999999999986,115.65,159.29,EPEX,SSP
2026-06-02 09:00:00,0.0,0.42000000000000004,SFFR,11.725,0.0,0.42000000000000004,SFFR,11.725,0.0,0.42000000000000004,Multi-Market,Idle,0.0,49.0,110.0,159.0,EPEX,SSP
2026-06-02 09:30:00,0.0,0.42000000000000004,SFFR,11.725,0.0,0.42000000000000004,SFFR,11.725,0.0,0.42000000000000004,Multi-Market,Idle,0.0,45.58000000000001,110.0,155.58,EPEX,SSP
2026-06-02 10:00:00,0.0,0.42000000000000004,SFFR,11.725,0.0,0.42000000000000004,SFFR,11.725,0.0,0.42000000000000004,Multi-Market,Idle,0.0,24.53,106.0,130.53,EPEX,SSP
2026-06-02 10:30:00,0.0,0.42000000000000004,SFFR,11.725,0.0,0.42000000000000004,SFFR,11.725,-1.8051707633737284,2.103751196554046,Multi-Market,Buy-SSP,-159.0535959608592,19.97,88.11,108.08,SSP,ISEM
2026-06-02 11:00:00,0.0,0.42000000000000004,SFFR,11.725,0.0,0.42000000000000004,SFFR,11.725,-2.1,4.062500797702698,Multi-Market,Buy-SSP,-172.851,20.209999999999994,82.31,102.52,SSP,ISEM
2026-06-02 11:30:00,0.0,0.42000000000000004,SFFR,11.725,0.0,0.42000000000000004,SFFR,11.725,-2.1,6.021250398851349,Multi-Market,Buy-SSP,-173.25,17.5,82.5,100.0,SSP,EPEX
2026-06-02 12:00:00,0.0,0.42000000000000004,SFFR,11.725,0.0,0.42000000000000004,SFFR,11.725,-2.1,7.9799999999999995,Multi-Market,Buy-SSP,-182.70000000000002,11.849999999999994,87.0,98.85,SSP,ISEM
2026-06-02 12:30:00,0.0,0.42000000000000004,SFFR,11.725,0.0,0.42000000000000004,SFFR,11.725,3.75,3.959577994358268,Multi-Market,Sell-SSP,599.625,66.06,93.84,159.9,DA_HH,SSP
2026-06-02 13:00:00,0.0,0.42000000000000004,SFFR,11.725,0.0,0.42000000000000004,SFFR,11.725,1.3500000000000012,2.512226072327244,Multi-Market,Sell-SSP,215.8650000000002,67.14,92.76,159.9,DA_HH,SSP
2026-06-02 13:30:00,0.0,0.42000000000000004,SFFR,11.725,0.0,0.42000000000000004,SFFR,11.725,-2.1,4.470975673475895,Multi-Market,Buy-SSP,-182.805,8.469999999999999,87.05,95.52,SSP,ISEM
2026-06-02 14:00:00,0.0,0.42000000000000004,SFFR,11.725,0.0,0.42000000000000004,SFFR,11.725,0.0,4.470975673475895,Multi-Market,Idle,0.0,66.10000000000001,93.8,159.9,EPEX,SSP
2026-06-02 14:30:00,0.0,0.42000000000000004,SFFR,11.725,0.0,0.42000000000000004,SFFR,11.725,-2.1,6.429725274624547,Multi-Market,Buy-DA_HH,-189.63,69.60000000000001,90.3,159.9,DA_HH,SSP
2026-06-02 15:00:00,0.0,0.42000000000000004,SFFR,11.725,0.0,0.42000000000000004,SFFR,11.725,3.75,2.4093032689828155,Multi-Market,Sell-SSP,599.625,66.0,93.9,159.9,DA_HH,SSP
2026-06-02 15:30:00,0.0,0.42000000000000004,SFFR,11.725,0.0,0.42000000000000004,SFFR,11.725,0.0,2.4093032689828155,Multi-Market,Idle,0.0,30.769999999999996,94.2,124.97,DA_HH,SSP
2026-06-02 16:00:00,0.0,0.42000000000000004,SFFR,11.725,0.0,0.42000000000000004,SFFR,11.725,0.0,2.4093032689828155,Multi-Market,Idle,0.0,3.3100000000000023,103.53,106.84,ISEM,EPEX
2026-06-02 16:30:00,0.0,0.42000000000000004,SFFR,11.725,0.0,0.42000000000000004,SFFR,11.725,0.0,2.4093032689828155,Multi-Market,Idle,0.0,49.56999999999999,105.43,155.0,ISEM,SSP
2026-06-02 17:00:00,0.0,0.42000000000000004,SFFR,11.725,0.0,0.42000000000000004,SFFR,11.725,-2.1,4.368052870131467,Multi-Market,Buy-SSP,-190.93200000000002,27.72,90.92,118.64,SSP,EPEX
2026-06-02 17:30:00,0.0,0.42000000000000004,SFFR,11.725,0.0,0.42000000000000004,SFFR,11.725,0.0,4.368052870131467,Multi-Market,Idle,0.0,24.28,94.36,118.64,SSP,EPEX
2026-06-02 18:00:00,0.0,0.42000000000000004,SFFR,11.725,0.0,0.42000000000000004,SFFR,11.725,-0.07758785731592904,4.4404220056417305,Multi-Market,Buy-SSP,-7.121789423029127,42.11,91.79,133.9,SSP,DA_HH
2026-06-02 18:30:00,0.0,0.42000000000000004,SFFR,11.725,0.0,0.42000000000000004,SFFR,11.725,0.0,4.4404220056417305,Multi-Market,Idle,0.0,22.799999999999997,110.2,133.0,SSP,DA_HH
2026-06-02 19:00:00,0.0,0.42000000000000004,SFFR,11.725,0.0,0.42000000000000004,SFFR,11.725,0.0,4.4404220056417305,Multi-Market,Idle,0.0,37.40999999999998,99.76,137.17,SSP,EPEX
2026-06-02 19:30:00,0.0,0.42000000000000004,SFFR,11.725,0.0,0.42000000000000004,SFFR,11.725,0.0,4.4404220056417305,Multi-Market,Idle,0.0,23.00999999999999,131.99,155.0,ISEM,SSP
2026-06-02 20:00:00,0.0,0.42000000000000004,SFFR,11.725,0.0,0.42000000000000004,SFFR,11.725,3.75,0.42000000000000004,Multi-Market,Sell-SSP,614.0625,34.93000000000001,128.82,163.75,ISEM,SSP
2026-06-02 20:30:00,0.0,0.42000000000000004,SFFR,11.725,0.0,0.42000000000000004,SFFR,11.725,-0.0,0.42000000000000004,Multi-Market,Idle,-0.0,25.5,129.5,155.0,ISEM,SSP
2026-06-02 21:00:00,0.0,0.42000000000000004,SFFR,11.725,0.0,0.42000000000000004,SFFR,11.725,0.0,0.42000000000000004,Multi-Market,Idle,0.0,41.900000000000006,90.1,132.0,SSP,DA_HH
2026-06-02 21:30:00,0.0,0.42000000000000004,SFFR,11.725,0.0,0.42000000000000004,SFFR,11.725,0.0,0.42000000000000004,Multi-Market,Idle,0.0,6.990000000000009,123.0,129.99,ISEM,SSP
2026-06-02 22:00:00,0.0,0.42000000000000004,SFFR,11.725,0.0,0.42000000000000004,SFFR,11.725,-0.0,0.42000000000000004,Multi-Market,Idle,-0.0,22.5,112.78,135.28,EPEX,SSP
2026-06-02 22:30:00,0.0,0.42000000000000004,SFFR,11.725,0.0,0.42000000000000004,SFFR,11.725,0.0,0.42000000000000004,Multi-Market,Idle,0.0,28.819999999999993,85.0,113.82,SSP,ISEM
2026-06-02 23:00:00,0.0,0.42000000000000004,SFFR,11.725,0.0,0.42000000000000004,SFFR,11.725,0.0,0.42000000000000004,Multi-Market,Idle,0.0,6.0,104.0,110.0,ISEM,EPEX
2026-06-02 23:30:00,0.0,0.42000000000000004,SFFR,11.725,0.0,0.42000000000000004,SFFR,11.725,-0.0,0.42000000000000004,Multi-Market,Idle,-0.0,16.099999999999994,108.15,124.25,DA_HH,SSP
2026-06-03 00:00:00,0.0,0.42000000000000004,SFFR,11.725,0.0,0.42000000000000004,SFFR,11.725,0.0,0.42000000000000004,Multi-Market,Idle,0.0,41.379999999999995,102.62,144.0,DA_HH,SSP
2026-06-03 00:30:00,0.0,0.42000000000000004,SFFR,11.725,0.0,0.42000000000000004,SFFR,11.725,-0.1103448275862064,0.5229228033444279,Multi-Market,Buy-SSP,-9.819586206896506,17.010000000000005,88.99,106.0,SSP,ISEM
2026-06-03 01:00:00,0.0,0.42000000000000004,SFFR,11.725,0.0,0.42000000000000004,SFFR,11.725,0.0,0.5229228033444279,Multi-Market,Idle,0.0,30.510000000000005,99.3,129.81,EPEX,SSP
2026-06-03 01:30:00,0.0,0.42000000000000004,SFFR,11.725,0.0,0.42000000000000004,SFFR,11.725,-2.1,2.481672404493079,Multi-Market,Buy-SSP,-184.59000000000003,13.86,87.9,101.76,SSP,DA_HH
2026-06-03 02:00:00,0.0,0.42000000000000004,SFFR,11.725,0.0,0.42000000000000004,SFFR,11.725,-2.1,4.4404220056417305,Multi-Market,Buy-SSP,-186.48,14.25,88.8,103.05,SSP,DA_HH
2026-06-03 02:30:00,0.0,0.42000000000000004,SFFR,11.725,0.0,0.42000000000000004,SFFR,11.725,0.0,4.4404220056417305,Multi-Market,Idle,0.0,7.960000000000008,97.05,105.01,EPEX,SSP
2026-06-03 03:00:00,0.0,0.42000000000000004,SFFR,11.725,0.0,0.42000000000000004,SFFR,11.725,0.0,4.4404220056417305,Multi-Market,Idle,0.0,8.519999999999996,91.7,100.22,SSP,ISEM
2026-06-03 03:30:00,0.0,0.42000000000000004,SFFR,11.725,0.0,0.42000000000000004,SFFR,11.725,0.0,4.4404220056417305,Multi-Market,Idle,0.0,8.060000000000002,96.48,104.54,DA_HH,SSP
2026-06-03 04:00:00,0.0,0.42000000000000004,SFFR,11.725,0.0,0.42000000000000004,SFFR,11.725,0.0,4.4404220056417305,Multi-Market,Idle,0.0,46.3,97.7,144.0,DA_HH,SSP
2026-06-03 04:30:00,0.0,0.42000000000000004,SFFR,11.725,0.0,0.42000000000000004,SFFR,11.725,0.0,4.4404220056417305,Multi-Market,Idle,0.0,54.0,98.0,152.0,DA_HH,SSP
2026-06-03 05:00:00,0.0,0.42000000000000004,SFFR,11.725,0.0,0.42000000000000004,SFFR,11.725,0.0,4.4404220056417305,Multi-Market,Idle,0.0,14.700000000000003,94.6,109.3,SSP,EPEX
2026-06-03 05:30:00,0.0,0.42000000000000004,SFFR,11.725,0.0,0.42000000000000004,SFFR,11.725,0.0,4.4404220056417305,Multi-Market,Idle,0.0,42.7,109.3,152.0,EPEX,SSP
2026-06-03 06:00:00,0.0,0.42000000000000004,SFFR,11.725,0.0,0.42000000000000004,SFFR,11.725,0.0,4.4404220056417305,Multi-Market,Idle,0.0,26.75,117.0,143.75,EPEX,SSP
2026-06-03 06:30:00,0.0,0.42000000000000004,SFFR,11.725,0.0,0.42000000000000004,SFFR,11.725,0.0,4.4404220056417305,Multi-Market,Idle,0.0,23.0,117.0,140.0,EPEX,SSP
2026-06-03 07:00:00,0.0,0.42000000000000004,SFFR,11.725,0.0,0.42000000000000004,SFFR,11.725,0.0,4.4404220056417305,Multi-Market,Idle,0.0,29.0,115.0,144.0,DA_HH,SSP
2026-06-03 07:30:00,0.0,0.42000000000000004,SFFR,11.725,0.0,0.42000000000000004,SFFR,11.725,0.0,4.4404220056417305,Multi-Market,Idle,0.0,22.409999999999997,116.59,139.0,ISEM,SSP
2026-06-03 08:00:00,0.0,0.42000000000000004,SFFR,11.725,0.0,0.42000000000000004,SFFR,11.725,3.75,0.42000000000000004,Multi-Market,Sell-SSP,600.0,44.61,115.39,160.0,DA_HH,SSP
2026-06-03 08:30:00,0.0,0.42000000000000004,SFFR,11.725,0.0,0.42000000000000004,SFFR,11.725,-0.0,0.42000000000000004,Multi-Market,Idle,-0.0,33.69,110.31,144.0,ISEM,SSP
2026-06-03 09:00:00,0.0,0.42000000000000004,SFFR,11.725,0.0,0.42000000000000004,SFFR,11.725,0.0,0.42000000000000004,Multi-Market,Idle,0.0,31.900000000000006,88.1,120.0,SSP,ISEM
2026-06-03 09:30:00,0.0,0.42000000000000004,SFFR,11.725,0.0,0.42000000000000004,SFFR,11.725,0.0,0.42000000000000004,Multi-Market,Idle,0.0,30.299999999999997,109.7,140.0,DA_HH,SSP
2026-06-03 10:00:00,0.0,0.42000000000000004,SFFR,11.725,0.0,0.42000000000000004,SFFR,11.725,-0.0,0.42000000000000004,Multi-Market,Idle,-0.0,37.730000000000004,102.27,140.0,EPEX,SSP
2026-06-03 10:30:00,0.0,0.42000000000000004,SFFR,11.725,0.0,0.42000000000000004,SFFR,11.725,0.0,0.42000000000000004,Multi-Market,Idle,0.0,31.58,102.27,133.85,EPEX,SSP
2026-06-03 11:00:00,0.0,0.42000000000000004,SFFR,11.725,0.0,0.42000000000000004,SFFR,11.725,-0.0,0.42000000000000004,Multi-Market,Idle,-0.0,47.2,88.3,135.5,EPEX,SSP
2026-06-03 11:30:00,0.0,0.42000000000000004,SFFR,11.725,0.0,0.42000000000000004,SFFR,11.725,0.0,0.42000000000000004,Multi-Market,Idle,0.0,31.700000000000003,64.7,96.4,SSP,ISEM
2026-06-03 12:00:00,0.0,0.42000000000000004,SFFR,11.725,0.0,0.42000000000000004,SFFR,11.725,-0.0,0.42000000000000004,Multi-Market,Idle,-0.0,51.599999999999994,45.36,96.96,SSP,DA_HH
2026-06-03 12:30:00,0.0,0.42000000000000004,SFFR,11.725,0.0,0.42000000000000004,SFFR,11.725,-2.1,2.3787496011486513,Multi-Market,Buy-SSP,-56.385000000000005,61.35,26.85,88.2,SSP,DA_HH
2026-06-03 13:00:00,0.0,0.42000000000000004,SFFR,11.725,0.0,0.42000000000000004,SFFR,11.725,-1.8051707633737284,4.062500797702697,Multi-Market,Buy-SSP,-58.54168785621001,49.57,32.43,82.0,SSP,DA_HH
2026-06-03 13:30:00,0.0,0.42000000000000004,SFFR,11.725,0.0,0.42000000000000004,SFFR,11.725,0.0,4.062500797702697,Multi-Market,Idle,0.0,43.53999999999999,34.56,78.1,SSP,DA_HH
2026-06-03 14:00:00,0.0,0.42000000000000004,SFFR,11.725,0.0,0.42000000000000004,SFFR,11.725,-2.1,6.021250398851349,Multi-Market,Buy-SSP,-60.354,37.46000000000001,28.74,66.2,SSP,DA_HH
2026-06-03 14:30:00,0.0,0.42000000000000004,SFFR,11.725,0.0,0.42000000000000004,SFFR,11.725,-2.1,7.9799999999999995,Multi-Market,Buy-SSP,-60.06,34.8,28.6,63.4,SSP,DA_HH
2026-06-03 15:00:00,0.0,0.42000000000000004,SFFR,11.725,0.0,0.42000000000000004,SFFR,11.725,0.0,7.9799999999999995,Multi-Market,Idle,0.0,25.9,52.1,78.0,SSP,DA_HH
2026-06-03 15:30:00,0.0,0.42000000000000004,SFFR,11.725,0.0,0.42000000000000004,SFFR,11.725,0.0,7.9799999999999995,Multi-Market,Idle,0.0,37.7,52.3,90.0,EPEX,SSP
2026-06-03 16:00:00,0.0,0.42000000000000004,SFFR,11.725,0.0,0.42000000000000004,SFFR,11.725,0.0,7.9799999999999995,Multi-Market,Idle,0.0,18.0,72.0,90.0,EPEX,SSP
2026-06-03 16:30:00,0.0,0.42000000000000004,SFFR,11.725,0.0,0.42000000000000004,SFFR,11.725,1.6827569702702778,5.887773927672756,Multi-Market,Buy-EPEX,375.40850185946,67.80000000000001,72.0,139.8,EPEX,SSP
2026-06-03 17:00:00,0.0,0.42000000000000004,SFFR,11.725,0.0,0.42000000000000004,SFFR,11.725,0.0,5.887773927672756,Multi-Market,Idle,0.0,36.099999999999994,91.9,128.0,EPEX,SSP
2026-06-03 17:30:00,0.0,0.42000000000000004,SFFR,11.725,0.0,0.42000000000000004,SFFR,11.725,0.0,5.887773927672756,Multi-Market,Idle,0.0,41.099999999999994,91.9,133.0,EPEX,SSP
2026-06-03 18:00:00,0.0,0.42000000000000004,SFFR,11.725,0.0,0.42000000000000004,SFFR,11.725,0.0,5.887773927672756,Multi-Market,Idle,0.0,26.0,107.0,133.0,EPEX,SSP
2026-06-03 18:30:00,0.0,0.42000000000000004,SFFR,11.725,0.0,0.42000000000000004,SFFR,11.725,0.0,5.887773927672756,Multi-Market,Idle,0.0,26.0,107.0,133.0,EPEX,SSP
2026-06-03 19:00:00,0.0,0.42000000000000004,SFFR,11.725,0.0,0.42000000000000004,SFFR,11.725,0.0,5.887773927672756,Multi-Market,Idle,0.0,3.530000000000001,115.4,118.93,DA_HH,ISEM
2026-06-03 19:30:00,0.0,0.42000000000000004,SFFR,11.725,0.0,0.42000000000000004,SFFR,11.725,0.0,5.887773927672756,Multi-Market,Idle,0.0,5.920000000000002,116.2,122.12,EPEX,ISEM
2026-06-03 20:00:00,0.0,0.42000000000000004,SFFR,11.725,0.0,0.42000000000000004,SFFR,11.725,0.0,5.887773927672756,Multi-Market,Idle,0.0,43.5,74.5,118.0,SSP,ISEM
2026-06-03 20:30:00,0.0,0.42000000000000004,SFFR,11.725,0.0,0.42000000000000004,SFFR,11.725,0.0,5.887773927672756,Multi-Market,Idle,0.0,36.099999999999994,80.0,116.1,SSP,DA_HH
2026-06-03 21:00:00,0.0,0.42000000000000004,SFFR,11.725,0.0,0.42000000000000004,SFFR,11.725,0.0,5.887773927672756,Multi-Market,Idle,0.0,29.22,109.78,139.0,ISEM,SSP
2026-06-03 21:30:00,0.0,0.42000000000000004,SFFR,11.725,0.0,0.42000000000000004,SFFR,11.725,3.75,1.867351922031025,Multi-Market,Sell-SSP,553.125,41.010000000000005,106.49,147.5,ISEM,SSP
2026-06-03 22:00:00,0.0,0.42000000000000004,SFFR,11.725,0.0,0.42000000000000004,SFFR,11.725,0.0,1.867351922031025,Multi-Market,Idle,0.0,43.61,95.39,139.0,ISEM,SSP
2026-06-03 22:30:00,0.0,0.42000000000000004,SFFR,11.725,0.0,0.42000000000000004,SFFR,11.725,1.3500000000000019,0.42000000000000004,Multi-Market,Sell-SSP,187.65000000000026,58.61,80.39,139.0,ISEM,SSP
2026-06-03 23:00:00,0.0,0.42000000000000004,SFFR,11.725,0.0,0.42000000000000004,SFFR,11.725,-0.0,0.42000000000000004,Multi-Market,Idle,-0.0,65.89,66.61,132.5,ISEM,SSP
2026-06-03 23:30:00,0.0,0.42000000000000004,SFFR,11.725,0.0,0.42000000000000004,SFFR,11.725,-0.0,0.42000000000000004,Multi-Market,Idle,-0.0,15.650000000000006,52.97,68.62,SSP,DA_HH
2026-06-04 00:00:00,0.0,0.42000000000000004,EPEX,0.0,0.0,0.42000000000000004,SFFR,11.725,0.0,0.41999999999999993,Multi-Market,Idle,0.0,8.740000000000002,50.16,58.9,SSP,EPEX
2026-06-04 00:30:00,0.0,0.42000000000000004,EPEX,0.0,0.0,0.42000000000000004,SFFR,11.725,0.0,0.41999999999999993,Multi-Market,Idle,0.0,8.949999999999996,49.95,58.9,SSP,EPEX
2026-06-04 01:00:00,0.0,0.42000000000000004,EPEX,0.0,0.0,0.42000000000000004,SFFR,11.725,0.0,0.41999999999999993,Multi-Market,Idle,0.0,43.39,15.01,58.4,SSP,DA_HH
2026-06-04 01:30:00,0.0,0.42000000000000004,EPEX,0.0,0.0,0.42000000000000004,SFFR,11.725,0.0,0.41999999999999993,Multi-Market,Idle,0.0,52.86,7.14,60.0,SSP,DA_HH
2026-06-04 02:00:00,-2.1,2.3787496011486513,EPEX,-112.32900000000001,0.0,0.42000000000000004,SFFR,11.725,-2.1,2.378749601148651,Multi-Market,Buy-SSP,-12.243,53.74,5.83,59.57,SSP,DA_HH
2026-06-04 02:30:00,-2.1,4.337499202297303,EPEX,-112.32900000000001,0.0,0.42000000000000004,SFFR,11.725,-1.882758620689659,4.134869933212962,Multi-Market,Buy-SSP,-12.633310344827612,50.089999999999996,6.71,56.8,SSP,DA_HH
2026-06-04 03:00:00,-0.07758785731592857,4.409868337807566,EPEX,-4.1750026021701165,0.0,0.42000000000000004,SFFR,11.725,0.0,4.134869933212962,Multi-Market,Idle,0.0,43.120000000000005,13.19,56.31,SSP,DA_HH
2026-06-04 03:30:00,-2.1,6.368617938956217,EPEX,-113.001,0.0,0.42000000000000004,SFFR,11.725,0.0,4.134869933212962,Multi-Market,Idle,0.0,37.95,18.06,56.01,SSP,DA_HH
2026-06-04 04:00:00,0.0,6.368617938956217,EPEX,0.0,0.0,0.42000000000000004,SFFR,11.725,0.0,4.134869933212962,Multi-Market,Idle,0.0,33.550000000000004,23.22,56.77,SSP,DA_HH
2026-06-04 04:30:00,0.0,6.368617938956217,EPEX,0.0,0.0,0.42000000000000004,SFFR,11.725,0.0,4.134869933212962,Multi-Market,Idle,0.0,42.870000000000005,35.33,78.2,ISEM,SSP
2026-06-04 05:00:00,0.0,6.368617938956217,EPEX,0.0,0.0,0.42000000000000004,SFFR,11.725,0.0,4.134869933212962,Multi-Market,Idle,0.0,56.059999999999995,45.54,101.6,ISEM,SSP
2026-06-04 05:30:00,0.0,6.368617938956217,EPEX,0.0,0.0,0.42000000000000004,SFFR,11.725,3.465000000000001,0.42000000000000004,Multi-Market,Sell-SSP,360.3600000000001,57.54,46.46,104.0,ISEM,SSP
2026-06-04 06:00:00,0.0,6.368617938956217,EPEX,0.0,0.0,0.42000000000000004,SFFR,11.725,0.0,0.42000000000000004,Multi-Market,Idle,0.0,48.69,22.84,71.53,SSP,EPEX
2026-06-04 06:30:00,0.0,6.368617938956217,EPEX,0.0,0.0,0.42000000000000004,SFFR,11.725,0.0,0.42000000000000004,Multi-Market,Idle,0.0,17.75,56.28,74.03,SSP,DA_HH
2026-06-04 07:00:00,1.798501435864858,4.4404220056417305,EPEX,149.99501975112915,0.0,0.42000000000000004,SFFR,11.725,0.0,0.42000000000000004,Multi-Market,Idle,0.0,15.180000000000007,68.22,83.4,SSP,EPEX
2026-06-04 07:30:00,3.75,0.42000000000000004,EPEX,312.75,0.0,0.42000000000000004,SFFR,11.725,0.0,0.42000000000000004,Multi-Market,Idle,0.0,47.910000000000004,35.49,83.4,SSP,EPEX
2026-06-04 08:00:00,0.0,0.42000000000000004,EPEX,0.0,0.0,0.42000000000000004,SFFR,11.725,0.0,0.42000000000000004,Multi-Market,Idle,0.0,15.010000000000005,66.49,81.5,SSP,ISEM
2026-06-04 08:30:00,0.0,0.42000000000000004,EPEX,0.0,0.0,0.42000000000000004,SFFR,11.725,0.0,0.42000000000000004,Multi-Market,Idle,0.0,19.85,60.15,80.0,SSP,EPEX
2026-06-04 09:00:00,0.0,0.42000000000000004,EPEX,0.0,0.0,0.42000000000000004,SFFR,11.725,0.0,0.42000000000000004,Multi-Market,Idle,0.0,24.39,59.11,83.5,SSP,DA_HH
2026-06-04 09:30:00,-0.0,0.42000000000000004,EPEX,-0.0,0.0,0.42000000000000004,SFFR,11.725,0.0,0.42000000000000004,Multi-Market,Idle,0.0,24.689999999999998,52.91,77.6,SSP,ISEM
2026-06-04 10:00:00,0.0,0.42000000000000004,EPEX,0.0,0.0,0.42000000000000004,SFFR,11.725,0.0,0.42000000000000004,Multi-Market,Idle,0.0,77.94,1.31,79.25,SSP,ISEM
2026-06-04 10:30:00,0.0,0.42000000000000004,EPEX,0.0,0.0,0.42000000000000004,SFFR,11.725,0.0,0.42000000000000004,Multi-Market,Idle,0.0,67.66,-3.36,64.3,SSP,ISEM
2026-06-04 11:00:00,0.0,0.42000000000000004,EPEX,0.0,0.0,0.42000000000000004,SFFR,11.725,-0.0,0.42000000000000004,Multi-Market,Idle,0.0,57.92,-7.4,50.52,SSP,ISEM
2026-06-04 11:30:00,0.0,0.42000000000000004,EPEX,0.0,0.0,0.42000000000000004,SFFR,11.725,0.0,0.42000000000000004,Multi-Market,Idle,0.0,53.87,-5.07,48.8,SSP,DA_HH
2026-06-04 12:00:00,0.0,0.42000000000000004,EPEX,0.0,0.0,0.42000000000000004,SFFR,11.725,0.0,0.42000000000000004,Multi-Market,Idle,0.0,48.42,-6.74,41.68,SSP,DA_HH
2026-06-04 12:30:00,0.0,0.42000000000000004,EPEX,0.0,0.0,0.42000000000000004,SFFR,11.725,0.0,0.42000000000000004,Multi-Market,Idle,0.0,46.48,-7.19,39.29,SSP,EPEX
2026-06-04 13:00:00,-2.1,2.3787496011486513,EPEX,-77.658,0.0,0.42000000000000004,SFFR,11.725,0.0,0.42000000000000004,Multi-Market,Idle,0.0,45.4,-8.42,36.98,SSP,EPEX
2026-06-04 13:30:00,-1.8051707633737288,4.062500797702698,EPEX,-66.75521482956049,0.0,0.42000000000000004,SFFR,11.725,0.0,0.42000000000000004,Multi-Market,Idle,0.0,66.97999999999999,-30.0,36.98,SSP,EPEX
2026-06-04 14:00:00,-2.1,6.021250398851349,EPEX,-72.63900000000001,0.0,0.42000000000000004,SFFR,11.725,-2.1,2.3787496011486517,Multi-Market,Buy-SSP,147.37800000000001,104.77000000000001,-70.18,34.59,SSP,EPEX
2026-06-04 14:30:00,-2.1,7.9799999999999995,EPEX,-72.63900000000001,0.0,0.42000000000000004,SFFR,11.725,-2.1,4.337499202297303,Multi-Market,Buy-SSP,147.37800000000001,104.77000000000001,-70.18,34.59,SSP,EPEX
2026-06-04 15:00:00,0.0,7.9799999999999995,EPEX,0.0,0.0,0.42000000000000004,SFFR,11.725,-1.843498564135144,6.021250398851349,Multi-Market,Buy-SSP,153.92105743459425,108.41,-68.41,40.0,SSP,EPEX
2026-06-04 15:30:00,0.0,7.9799999999999995,EPEX,0.0,0.0,0.42000000000000004,SFFR,11.725,-2.1,7.9799999999999995,Multi-Market,Buy-SSP,143.661,108.41,-68.41,40.0,SSP,EPEX
2026-06-04 16:00:00,0.0,7.9799999999999995,EPEX,0.0,0.0,0.42000000000000004,SFFR,11.725,-0.27300000000000035,7.9799999999999995,Multi-Market,Buy-SSP,178.62305999999998,93.48,-28.7,64.78,SSP,EPEX
2026-06-04 16:30:00,-0.0,7.9799999999999995,EPEX,-0.0,0.0,0.42000000000000004,SFFR,11.725,0.0,7.9799999999999995,Multi-Market,Idle,0.0,53.83,10.95,64.78,SSP,EPEX
2026-06-04 17:00:00,-0.0,7.9799999999999995,EPEX,-0.0,0.0,0.42000000000000004,SFFR,11.725,0.0,7.9799999999999995,Multi-Market,Idle,0.0,42.53,74.0,116.53,DA_HH,SSP
2026-06-04 17:30:00,0.0,7.9799999999999995,EPEX,0.0,0.0,0.42000000000000004,SFFR,11.725,0.0,7.9799999999999995,Multi-Market,Idle,0.0,21.789999999999992,84.09,105.88,DA_HH,SSP
2026-06-04 18:00:00,-0.0,7.9799999999999995,EPEX,-0.0,0.0,0.42000000000000004,SFFR,11.725,0.0,7.9799999999999995,Multi-Market,Idle,0.0,56.629999999999995,45.14,101.77,SSP,EPEX
2026-06-04 18:30:00,0.0,7.9799999999999995,EPEX,0.0,0.0,0.42000000000000004,SFFR,11.725,0.0,7.9799999999999995,Multi-Market,Idle,0.0,44.769999999999996,57.0,101.77,SSP,EPEX
2026-06-04 19:00:00,3.3014985641351435,4.4404220056417305,EPEX,373.3994876036847,0.0,0.42000000000000004,SFFR,11.725,0.0,7.9799999999999995,Multi-Market,Idle,0.0,51.16,61.94,113.1,SSP,EPEX
2026-06-04 19:30:00,3.75,0.42000000000000004,EPEX,424.125,0.0,0.42000000000000004,SFFR,11.725,0.0,7.9799999999999995,Multi-Market,Idle,0.0,48.099999999999994,65.0,113.1,SSP,EPEX
2026-06-04 20:00:00,-0.0,0.42000000000000004,EPEX,-0.0,0.0,0.42000000000000004,SFFR,11.725,0.0,7.9799999999999995,Multi-Market,Idle,0.0,42.5,65.0,107.5,SSP,EPEX
2026-06-04 20:30:00,-0.0,0.42000000000000004,EPEX,-0.0,0.0,0.42000000000000004,SFFR,11.725,0.0,7.9799999999999995,Multi-Market,Idle,0.0,12.61,102.49,115.1,ISEM,SSP
2026-06-04 21:00:00,-0.0,0.42000000000000004,EPEX,-0.0,0.0,0.42000000000000004,SFFR,11.725,3.75,3.959577994358269,Multi-Market,Sell-SSP,504.375,38.44,96.06,134.5,DA_HH,SSP
2026-06-04 21:30:00,-0.0,0.42000000000000004,EPEX,-0.0,0.0,0.42000000000000004,SFFR,11.725,3.3014985641351435,0.42000000000000004,Multi-Market,Sell-SSP,429.19481333756863,36.68000000000001,93.32,130.0,DA_HH,SSP
2026-06-04 22:00:00,-0.0,0.42000000000000004,EPEX,-0.0,0.0,0.42000000000000004,SFFR,11.725,0.0,0.41999999999999993,Multi-Market,Idle,0.0,35.650000000000006,59.97,95.62,SSP,ISEM
2026-06-04 22:30:00,-0.0,0.42000000000000004,EPEX,-0.0,0.0,0.42000000000000004,SFFR,11.725,-0.0,0.42000000000000004,Multi-Market,Idle,-0.0,17.760000000000005,80.0,97.76,DA_HH,SSP
2026-06-04 23:00:00,0.0,0.42000000000000004,EPEX,0.0,0.0,0.42000000000000004,SFFR,11.725,0.0,0.42000000000000004,Multi-Market,Idle,0.0,25.429999999999993,55.89,81.32,SSP,ISEM
2026-06-04 23:30:00,-0.0,0.42000000000000004,EPEX,-0.0,0.0,0.42000000000000004,SFFR,11.725,0.0,0.42000000000000004,Multi-Market,Idle,0.0,20.299999999999997,54.8,75.1,SSP,ISEM
2026-06-05 00:00:00,0.0,0.42000000000000004,SFFR,11.725,0.0,0.42000000000000004,SFFR,11.725,0.0,0.42000000000000004,Multi-Market,Idle,0.0,13.090000000000003,57.92,71.01,SSP,ISEM
2026-06-05 00:30:00,0.0,0.42000000000000004,SFFR,11.725,0.0,0.42000000000000004,SFFR,11.725,0.0,0.42000000000000004,Multi-Market,Idle,0.0,10.29,61.63,71.92,SSP,ISEM
2026-06-05 01:00:00,0.0,0.42000000000000004,SFFR,11.725,0.0,0.42000000000000004,SFFR,11.725,-1.8051707633737284,2.103751196554046,Multi-Market,Buy-SSP,-102.89473351230252,13.0,57.0,70.0,SSP,EPEX
2026-06-05 01:30:00,0.0,0.42000000000000004,SFFR,11.725,0.0,0.42000000000000004,SFFR,11.725,-2.1,4.062500797702697,Multi-Market,Buy-SSP,-94.31099999999999,25.090000000000003,44.91,70.0,SSP,EPEX
2026-06-05 02:00:00,0.0,0.42000000000000004,SFFR,11.725,0.0,0.42000000000000004,SFFR,11.725,-2.1,6.021250398851349,Multi-Market,Buy-SSP,-103.257,21.25,49.17,70.42,SSP,EPEX
2026-06-05 02:30:00,0.0,0.42000000000000004,SFFR,11.725,0.0,0.42000000000000004,SFFR,11.725,0.0,6.021250398851349,Multi-Market,Idle,0.0,26.760000000000005,68.5,95.26,DA_HH,SSP
2026-06-05 03:00:00,0.0,0.42000000000000004,SFFR,11.725,0.0,0.42000000000000004,SFFR,11.725,0.0,6.021250398851349,Multi-Market,Idle,0.0,12.549999999999997,62.0,74.55,DA_HH,EPEX
2026-06-05 03:30:00,0.0,0.42000000000000004,SFFR,11.725,0.0,0.42000000000000004,SFFR,11.725,-2.1,7.9799999999999995,Multi-Market,Buy-DA_HH,-117.60000000000001,18.549999999999997,56.0,74.55,DA_HH,EPEX
2026-06-05 04:00:00,0.0,0.42000000000000004,SFFR,11.725,0.0,0.42000000000000004,SFFR,11.725,0.0,7.9799999999999995,Multi-Market,Idle,0.0,28.53,66.47,95.0,ISEM,SSP
2026-06-05 04:30:00,0.0,0.42000000000000004,SFFR,11.725,0.0,0.42000000000000004,SFFR,11.725,0.0,7.9799999999999995,Multi-Market,Idle,0.0,19.71,61.57,81.28,SSP,EPEX
2026-06-05 05:00:00,0.0,0.42000000000000004,SFFR,11.725,0.0,0.42000000000000004,SFFR,11.725,0.0,7.9799999999999995,Multi-Market,Idle,0.0,34.03,59.2,93.23,SSP,ISEM
2026-06-05 05:30:00,0.0,0.42000000000000004,SFFR,11.725,0.0,0.42000000000000004,SFFR,11.725,0.0,7.9799999999999995,Multi-Market,Idle,0.0,24.33,76.59,100.92,SSP,DA_HH
2026-06-05 06:00:00,0.0,0.42000000000000004,SFFR,11.725,0.0,0.42000000000000004,SFFR,11.725,0.0,7.9799999999999995,Multi-Market,Idle,0.0,35.41,68.2,103.61,SSP,EPEX
2026-06-05 06:30:00,0.0,0.42000000000000004,SFFR,11.725,0.0,0.42000000000000004,SFFR,11.725,-0.0,7.9799999999999995,Multi-Market,Idle,-0.0,34.34,80.61,114.95,SSP,DA_HH
2026-06-05 07:00:00,0.0,0.42000000000000004,SFFR,11.725,0.0,0.42000000000000004,SFFR,11.725,-0.0,7.9799999999999995,Multi-Market,Idle,-0.0,38.459999999999994,80.5,118.96,SSP,ISEM
2026-06-05 07:30:00,0.0,0.42000000000000004,SFFR,11.725,0.0,0.42000000000000004,SFFR,11.725,3.75,3.95957799435827,Multi-Market,Sell-SSP,483.75,27.92,101.08,129.0,EPEX,SSP
2026-06-05 08:00:00,0.0,0.42000000000000004,SFFR,11.725,0.0,0.42000000000000004,SFFR,11.725,0.0,3.95957799435827,Multi-Market,Idle,0.0,15.190000000000012,100.35,115.54,EPEX,SSP
2026-06-05 08:30:00,0.0,0.42000000000000004,SFFR,11.725,0.0,0.42000000000000004,SFFR,11.725,0.0,3.95957799435827,Multi-Market,Idle,0.0,13.790000000000006,100.35,114.14,EPEX,SSP
2026-06-05 09:00:00,0.0,0.42000000000000004,SFFR,11.725,0.0,0.42000000000000004,SFFR,11.725,0.0,3.95957799435827,Multi-Market,Idle,0.0,18.769999999999996,87.23,106.0,SSP,DA_HH
2026-06-05 09:30:00,0.0,0.42000000000000004,SFFR,11.725,0.0,0.42000000000000004,SFFR,11.725,1.7985014358648581,2.0313820610437827,Multi-Market,Sell-SSP,228.40968235483697,31.799999999999997,95.2,127.0,EPEX,SSP
2026-06-05 10:00:00,0.0,0.42000000000000004,SFFR,11.725,0.0,0.42000000000000004,SFFR,11.725,0.0,2.0313820610437827,Multi-Market,Idle,0.0,30.66000000000001,92.52,123.18,EPEX,SSP
2026-06-05 10:30:00,0.0,0.42000000000000004,SFFR,11.725,0.0,0.42000000000000004,SFFR,11.725,0.0,2.0313820610437827,Multi-Market,Idle,0.0,34.480000000000004,92.52,127.0,EPEX,SSP
2026-06-05 11:00:00,0.0,0.42000000000000004,SFFR,11.725,0.0,0.42000000000000004,SFFR,11.725,0.0,2.0313820610437827,Multi-Market,Idle,0.0,17.85000000000001,92.35,110.2,SSP,DA_HH
2026-06-05 11:30:00,0.0,0.42000000000000004,SFFR,11.725,0.0,0.42000000000000004,SFFR,11.725,0.0,2.0313820610437827,Multi-Market,Idle,0.0,10.39,98.56,108.95,EPEX,SSP
2026-06-05 12:00:00,0.0,0.42000000000000004,SFFR,11.725,0.0,0.42000000000000004,SFFR,11.725,0.0,2.0313820610437827,Multi-Market,Idle,0.0,43.71000000000001,78.22,121.93,SSP,DA_HH
2026-06-05 12:30:00,0.0,0.42000000000000004,SFFR,11.725,0.0,0.42000000000000004,SFFR,11.725,-0.07758785731592857,2.1037511965540463,Multi-Market,Buy-SSP,-5.493220297967743,47.3,70.8,118.1,SSP,ISEM
2026-06-05 13:00:00,0.0,0.42000000000000004,SFFR,11.725,0.0,0.42000000000000004,SFFR,11.725,-2.1,4.062500797702698,Multi-Market,Buy-SSP,-148.57500000000002,42.989999999999995,70.75,113.74,SSP,ISEM
2026-06-05 13:30:00,0.0,0.42000000000000004,SFFR,11.725,0.0,0.42000000000000004,SFFR,11.725,-2.1,6.021250398851349,Multi-Market,Buy-SSP,-148.57500000000002,37.42,70.75,108.17,SSP,ISEM
2026-06-05 14:00:00,0.0,0.42000000000000004,SFFR,11.725,0.0,0.42000000000000004,SFFR,11.725,-2.1,7.9799999999999995,Multi-Market,Buy-SSP,-148.57500000000002,35.33,70.75,106.08,SSP,ISEM
2026-06-05 14:30:00,0.0,0.42000000000000004,SFFR,11.725,0.0,0.42000000000000004,SFFR,11.725,0.0,7.9799999999999995,Multi-Market,Idle,0.0,10.530000000000001,93.45,103.98,SSP,EPEX
2026-06-05 15:00:00,0.0,0.42000000000000004,SFFR,11.725,0.0,0.42000000000000004,SFFR,11.725,0.0,7.9799999999999995,Multi-Market,Idle,0.0,33.93000000000001,71.5,105.43,SSP,EPEX
2026-06-05 15:30:00,0.0,0.42000000000000004,SFFR,11.725,0.0,0.42000000000000004,SFFR,11.725,0.0,7.9799999999999995,Multi-Market,Idle,0.0,33.68000000000001,71.75,105.43,SSP,EPEX
2026-06-05 16:00:00,0.0,0.42000000000000004,SFFR,11.725,0.0,0.42000000000000004,SFFR,11.725,0.0,7.9799999999999995,Multi-Market,Idle,0.0,38.5,71.5,110.0,SSP,EPEX
2026-06-05 16:30:00,0.0,0.42000000000000004,SFFR,11.725,0.0,0.42000000000000004,SFFR,11.725,0.0,7.9799999999999995,Multi-Market,Idle,0.0,39.0,71.0,110.0,SSP,EPEX
2026-06-05 17:00:00,0.0,0.42000000000000004,SFFR,11.725,0.0,0.42000000000000004,SFFR,11.725,0.0,7.9799999999999995,Multi-Market,Idle,0.0,36.3,82.5,118.8,SSP,ISEM
2026-06-05 17:30:00,0.0,0.42000000000000004,SFFR,11.725,0.0,0.42000000000000004,SFFR,11.725,0.0,7.9799999999999995,Multi-Market,Idle,0.0,38.260000000000005,84.1,122.36,SSP,ISEM
2026-06-05 18:00:00,0.0,0.42000000000000004,SFFR,11.725,0.0,0.42000000000000004,SFFR,11.725,-0.0,7.9799999999999995,Multi-Market,Idle,-0.0,42.81999999999999,87.0,129.82,SSP,ISEM
2026-06-05 18:30:00,0.0,0.42000000000000004,SFFR,11.725,0.0,0.42000000000000004,SFFR,11.725,-0.0,7.9799999999999995,Multi-Market,Idle,-0.0,35.349999999999994,101.53,136.88,SSP,ISEM
2026-06-05 19:00:00,0.0,0.42000000000000004,SFFR,11.725,0.0,0.42000000000000004,SFFR,11.725,-0.0,7.9799999999999995,Multi-Market,Idle,-0.0,42.599999999999994,102.4,145.0,SSP,EPEX
2026-06-05 19:30:00,0.0,0.42000000000000004,SFFR,11.725,0.0,0.42000000000000004,SFFR,11.725,0.0,7.9799999999999995,Multi-Market,Idle,0.0,38.2,106.8,145.0,SSP,EPEX
2026-06-05 20:00:00,0.0,0.42000000000000004,SFFR,11.725,0.0,0.42000000000000004,SFFR,11.725,3.3014985641351435,4.4404220056417305,Multi-Market,Sell-EPEX,483.9666745165707,9.110000000000014,137.48,146.59,DA_HH,EPEX
2026-06-05 20:30:00,0.0,0.42000000000000004,SFFR,11.725,0.0,0.42000000000000004,SFFR,11.725,3.75,0.42000000000000004,Multi-Market,Sell-SSP,600.0,23.330000000000013,136.67,160.0,DA_HH,SSP
2026-06-05 21:00:00,0.0,0.42000000000000004,SFFR,11.725,0.0,0.42000000000000004,SFFR,11.725,-0.0,0.42000000000000004,Multi-Market,Idle,-0.0,46.120000000000005,96.56,142.68,SSP,DA_HH
2026-06-05 21:30:00,0.0,0.42000000000000004,SFFR,11.725,0.0,0.42000000000000004,SFFR,11.725,-0.0,0.42000000000000004,Multi-Market,Idle,-0.0,54.139999999999986,88.5,142.64,SSP,ISEM
2026-06-05 22:00:00,0.0,0.42000000000000004,SFFR,11.725,0.0,0.42000000000000004,SFFR,11.725,-0.0,0.42000000000000004,Multi-Market,Idle,-0.0,48.900000000000006,82.5,131.4,SSP,ISEM
2026-06-05 22:30:00,0.0,0.42000000000000004,SFFR,11.725,0.0,0.42000000000000004,SFFR,11.725,0.0,0.42000000000000004,Multi-Market,Idle,0.0,45.2,82.5,127.7,SSP,DA_HH
2026-06-05 23:00:00,0.0,0.42000000000000004,SFFR,11.725,0.0,0.42000000000000004,SFFR,11.725,0.0,0.42000000000000004,Multi-Market,Idle,0.0,15.200000000000003,110.0,125.2,ISEM,SSP
2026-06-05 23:30:00,0.0,0.42000000000000004,SFFR,11.725,0.0,0.42000000000000004,SFFR,11.725,-0.0,0.42000000000000004,Multi-Market,Idle,-0.0,18.50999999999999,110.0,128.51,ISEM,SSP
2026-06-06 00:00:00,0.0,0.42000000000000004,SFFR,11.725,0.0,0.42000000000000004,SFFR,11.725,0.0,0.42000000000000004,Multi-Market,Idle,0.0,24.200000000000003,100.0,124.2,DA_HH,SSP
2026-06-06 00:30:00,0.0,0.42000000000000004,SFFR,11.725,0.0,0.42000000000000004,SFFR,11.725,0.0,0.42000000000000004,Multi-Market,Idle,0.0,28.409999999999997,100.0,128.41,DA_HH,SSP
2026-06-06 01:00:00,0.0,0.42000000000000004,SFFR,11.725,0.0,0.42000000000000004,SFFR,11.725,0.0,0.42000000000000004,Multi-Market,Idle,0.0,18.72,101.0,119.72,ISEM,SSP
2026-06-06 01:30:00,0.0,0.42000000000000004,SFFR,11.725,0.0,0.42000000000000004,SFFR,11.725,0.0,0.42000000000000004,Multi-Market,Idle,0.0,21.710000000000008,104.6,126.31,ISEM,SSP
2026-06-06 02:00:00,0.0,0.42000000000000004,SFFR,11.725,0.0,0.42000000000000004,SFFR,11.725,0.0,0.42000000000000004,Multi-Market,Idle,0.0,29.039999999999992,104.28,133.32,DA_HH,SSP
2026-06-06 02:30:00,0.0,0.42000000000000004,SFFR,11.725,0.0,0.42000000000000004,SFFR,11.725,0.0,0.42000000000000004,Multi-Market,Idle,0.0,4.799999999999997,103.0,107.8,ISEM,EPEX
2026-06-06 03:00:00,0.0,0.42000000000000004,SFFR,11.725,0.0,0.42000000000000004,SFFR,11.725,0.0,0.42000000000000004,Multi-Market,Idle,0.0,15.730000000000004,101.5,117.23,ISEM,SSP
2026-06-06 03:30:00,0.0,0.42000000000000004,SFFR,11.725,0.0,0.42000000000000004,SFFR,11.725,0.0,0.42000000000000004,Multi-Market,Idle,0.0,30.94999999999999,102.15,133.1,DA_HH,SSP
2026-06-06 04:00:00,0.0,0.42000000000000004,SFFR,11.725,0.0,0.42000000000000004,SFFR,11.725,-0.0,0.42000000000000004,Multi-Market,Idle,-0.0,36.41000000000001,100.8,137.21,ISEM,SSP
2026-06-06 04:30:00,0.0,0.42000000000000004,SFFR,11.725,0.0,0.42000000000000004,SFFR,11.725,0.0,0.42000000000000004,Multi-Market,Idle,0.0,24.64,99.94,124.58,ISEM,SSP
2026-06-06 05:00:00,0.0,0.42000000000000004,SFFR,11.725,0.0,0.42000000000000004,SFFR,11.725,0.0,0.42000000000000004,Multi-Market,Idle,0.0,30.67,91.91,122.58,ISEM,SSP
2026-06-06 05:30:00,0.0,0.42000000000000004,SFFR,11.725,0.0,0.42000000000000004,SFFR,11.725,0.0,0.42000000000000004,Multi-Market,Idle,0.0,32.36,85.7,118.06,ISEM,SSP
2026-06-06 06:00:00,0.0,0.42000000000000004,SFFR,11.725,0.0,0.42000000000000004,SFFR,11.725,0.0,0.42000000000000004,Multi-Market,Idle,0.0,58.449999999999996,60.85,119.3,DA_HH,SSP
2026-06-06 06:30:00,0.0,0.42000000000000004,SFFR,11.725,0.0,0.42000000000000004,SFFR,11.725,0.0,0.42000000000000004,Multi-Market,Idle,0.0,31.879999999999995,67.58,99.46,ISEM,EPEX
2026-06-06 07:00:00,0.0,0.42000000000000004,SFFR,11.725,0.0,0.42000000000000004,SFFR,11.725,0.0,0.42000000000000004,Multi-Market,Idle,0.0,52.14,41.42,93.56,DA_HH,EPEX
2026-06-06 07:30:00,0.0,0.42000000000000004,SFFR,11.725,0.0,0.42000000000000004,SFFR,11.725,0.0,0.42000000000000004,Multi-Market,Idle,0.0,48.550000000000004,45.01,93.56,SSP,EPEX
2026-06-06 08:00:00,0.0,0.42000000000000004,SFFR,11.725,0.0,0.42000000000000004,SFFR,11.725,0.0,0.42000000000000004,Multi-Market,Idle,0.0,43.419999999999995,43.9,87.32,SSP,EPEX
2026-06-06 08:30:00,0.0,0.42000000000000004,SFFR,11.725,0.0,0.42000000000000004,SFFR,11.725,-2.067243029729722,2.348195933314487,Multi-Market,Buy-SSP,-83.47527354048619,46.93999999999999,40.38,87.32,SSP,EPEX
2026-06-06 09:00:00,0.0,0.42000000000000004,SFFR,11.725,0.0,0.42000000000000004,SFFR,11.725,1.798501435864858,0.42000000000000004,Multi-Market,Sell-SSP,224.81267948310725,68.99000000000001,56.01,125.0,DA_HH,SSP
2026-06-06 09:30:00,0.0,0.42000000000000004,SFFR,11.725,0.0,0.42000000000000004,SFFR,11.725,0.0,0.42000000000000015,Multi-Market,Idle,0.0,53.019999999999996,31.8,84.82,SSP,EPEX
2026-06-06 10:00:00,0.0,0.42000000000000004,SFFR,11.725,0.0,0.42000000000000004,SFFR,11.725,-1.9155155909599357,2.2066739998984746,Multi-Market,Buy-SSP,-46.98759744624723,54.349999999999994,24.53,78.88,SSP,EPEX
2026-06-06 10:30:00,0.0,0.42000000000000004,SFFR,11.725,0.0,0.42000000000000004,SFFR,11.725,0.0,2.2066739998984746,Multi-Market,Idle,0.0,44.72,34.16,78.88,SSP,EPEX
2026-06-06 11:00:00,0.0,0.42000000000000004,SFFR,11.725,0.0,0.42000000000000004,SFFR,11.725,-2.1,4.165423601047126,Multi-Market,Buy-SSP,-16.254,63.60999999999999,7.74,71.35,SSP,EPEX
2026-06-06 11:30:00,0.0,0.42000000000000004,SFFR,11.725,0.0,0.42000000000000004,SFFR,11.725,-2.1,6.124173202195777,Multi-Market,Buy-SSP,-3.654,69.61,1.74,71.35,SSP,EPEX
2026-06-06 12:00:00,0.0,0.42000000000000004,SFFR,11.725,0.0,0.42000000000000004,SFFR,11.725,3.75,2.1037511965540467,Multi-Market,Sell-SSP,403.125,54.5,53.0,107.5,ISEM,SSP
2026-06-06 12:30:00,0.0,0.42000000000000004,SFFR,11.725,0.0,0.42000000000000004,SFFR,11.725,-2.1,4.062500797702698,Multi-Market,Buy-SSP,-0.525,60.68,0.25,60.93,SSP,EPEX
2026-06-06 13:00:00,0.0,0.42000000000000004,SFFR,11.725,0.0,0.42000000000000004,SFFR,11.725,0.0,4.062500797702698,Multi-Market,Idle,0.0,37.0,53.0,90.0,ISEM,SSP
2026-06-06 13:30:00,0.0,0.42000000000000004,SFFR,11.725,0.0,0.42000000000000004,SFFR,11.725,-2.1,6.021250398851349,Multi-Market,Buy-SSP,-11.172,53.06,5.32,58.38,SSP,EPEX
2026-06-06 14:00:00,0.0,0.42000000000000004,SFFR,11.725,0.0,0.42000000000000004,SFFR,11.725,-2.1,7.9799999999999995,Multi-Market,Buy-SSP,-35.7,42.21,17.0,59.21,SSP,EPEX
2026-06-06 14:30:00,0.0,0.42000000000000004,SFFR,11.725,0.0,0.42000000000000004,SFFR,11.725,0.0,7.9799999999999995,Multi-Market,Idle,0.0,13.18,46.03,59.21,SSP,EPEX
2026-06-06 15:00:00,0.0,0.42000000000000004,SFFR,11.725,0.0,0.42000000000000004,SFFR,11.725,0.0,7.9799999999999995,Multi-Market,Idle,0.0,28.46,61.54,90.0,EPEX,SSP
2026-06-06 15:30:00,0.0,0.42000000000000004,SFFR,11.725,0.0,0.42000000000000004,SFFR,11.725,-0.0,7.9799999999999995,Multi-Market,Idle,-0.0,45.96,61.54,107.5,EPEX,SSP
2026-06-06 16:00:00,0.0,0.42000000000000004,SFFR,11.725,-2.1,2.3787496011486513,EPEX,-188.874,-0.0,7.9799999999999995,Multi-Market,Idle,-0.0,39.510000000000005,84.99,124.5,DA_HH,SSP
2026-06-06 16:30:00,0.0,0.42000000000000004,SFFR,11.725,-2.1,4.337499202297303,EPEX,-188.874,-0.0,7.9799999999999995,Multi-Market,Idle,-0.0,39.0,88.0,127.0,DA_HH,SSP
2026-06-06 17:00:00,0.0,0.42000000000000004,SFFR,11.725,3.6540000000000004,0.42000000000000004,EPEX,438.22422000000006,0.0,7.9799999999999995,Multi-Market,Idle,0.0,27.400000000000006,105.6,133.0,ISEM,SSP
2026-06-06 17:30:00,0.0,0.42000000000000004,SFFR,11.725,-0.0,0.42000000000000004,EPEX,-0.0,3.75,3.959577994358269,Multi-Market,Sell-SSP,543.75,35.0,110.0,145.0,DA_HH,SSP
2026-06-06 18:00:00,0.0,0.42000000000000004,SFFR,11.725,0.0,0.42000000000000004,SFFR,11.725,3.3014985641351435,0.42000000000000004,Multi-Market,Sell-SSP,478.7172917995958,30.28,114.72,145.0,ISEM,SSP
2026-06-06 18:30:00,0.0,0.42000000000000004,SFFR,11.725,0.0,0.42000000000000004,SFFR,11.725,0.0,0.42000000000000004,Multi-Market,Idle,0.0,32.24000000000001,92.35,124.59,SSP,EPEX
2026-06-06 19:00:00,0.0,0.42000000000000004,SFFR,11.725,0.0,0.42000000000000004,SFFR,11.725,0.0,0.42000000000000004,Multi-Market,Idle,0.0,37.35000000000001,89.3,126.65,SSP,EPEX
2026-06-06 19:30:00,0.0,0.42000000000000004,SFFR,11.725,0.0,0.42000000000000004,SFFR,11.725,0.0,0.42000000000000004,Multi-Market,Idle,0.0,34.170000000000016,94.66,128.83,SSP,DA_HH
2026-06-06 20:00:00,0.0,0.42000000000000004,SFFR,11.725,0.0,0.42000000000000004,SFFR,11.725,0.0,0.42000000000000004,Multi-Market,Idle,0.0,30.33,94.67,125.0,SSP,EPEX
2026-06-06 20:30:00,0.0,0.42000000000000004,SFFR,11.725,0.0,0.42000000000000004,SFFR,11.725,0.0,0.42000000000000004,Multi-Market,Idle,0.0,25.47,119.53,145.0,ISEM,SSP
2026-06-06 21:00:00,0.0,0.42000000000000004,SFFR,11.725,0.0,0.42000000000000004,SFFR,11.725,0.0,0.42000000000000004,Multi-Market,Idle,0.0,35.91,88.5,124.41,SSP,DA_HH
2026-06-06 21:30:00,0.0,0.42000000000000004,SFFR,11.725,0.0,0.42000000000000004,SFFR,11.725,-0.0,0.42000000000000004,Multi-Market,Idle,-0.0,28.689999999999998,116.31,145.0,ISEM,SSP
2026-06-06 22:00:00,0.0,0.42000000000000004,SFFR,11.725,0.0,0.42000000000000004,SFFR,11.725,0.0,0.4199999999999997,Multi-Market,Idle,0.0,23.450000000000003,85.0,108.45,SSP,EPEX
2026-06-06 22:30:00,0.0,0.42000000000000004,SFFR,11.725,0.0,0.42000000000000004,SFFR,11.725,0.0,0.4199999999999997,Multi-Market,Idle,0.0,23.439999999999998,85.01,108.45,SSP,EPEX
2026-06-06 23:00:00,0.0,0.42000000000000004,SFFR,11.725,0.0,0.42000000000000004,SFFR,11.725,-0.0,0.42000000000000004,Multi-Market,Idle,-0.0,12.180000000000007,102.0,114.18,ISEM,SSP
2026-06-06 23:30:00,0.0,0.42000000000000004,SFFR,11.725,0.0,0.42000000000000004,SFFR,11.725,-0.0,0.42000000000000004,Multi-Market,Idle,-0.0,33.53,71.5,105.03,SSP,EPEX
2026-06-07 00:00:00,0.0,0.42000000000000004,EPEX,0.0,0.0,0.42000000000000004,SFFR,11.725,0.0,0.42000000000000004,Multi-Market,Idle,0.0,6.650000000000006,93.1,99.75,SSP,EPEX
2026-06-07 00:30:00,0.0,0.42000000000000004,EPEX,0.0,0.0,0.42000000000000004,SFFR,11.725,-0.0,0.42000000000000004,Multi-Market,Idle,-0.0,16.900000000000006,82.85,99.75,SSP,EPEX
2026-06-07 01:00:00,-0.0,0.42000000000000004,EPEX,-0.0,0.0,0.42000000000000004,SFFR,11.725,-0.0,0.42000000000000004,Multi-Market,Idle,-0.0,8.829999999999998,82.7,91.53,EPEX,SSP
2026-06-07 01:30:00,-0.0,0.42000000000000004,EPEX,-0.0,0.0,0.42000000000000004,SFFR,11.725,-0.0,0.42000000000000004,Multi-Market,Idle,-0.0,15.370000000000005,67.33,82.7,SSP,EPEX
2026-06-07 02:00:00,0.0,0.42000000000000004,EPEX,0.0,0.0,0.42000000000000004,SFFR,11.725,-0.0,0.42000000000000004,Multi-Market,Idle,-0.0,10.530000000000001,65.0,75.53,ISEM,SSP
2026-06-07 02:30:00,-0.0,0.42000000000000004,EPEX,-0.0,0.0,0.42000000000000004,SFFR,11.725,-0.0,0.42000000000000004,Multi-Market,Idle,-0.0,28.250000000000007,40.93,69.18,SSP,EPEX
2026-06-07 03:00:00,0.0,0.42000000000000004,EPEX,0.0,0.0,0.42000000000000004,SFFR,11.725,-0.0,0.42000000000000004,Multi-Market,Idle,-0.0,32.160000000000004,28.15,60.31,SSP,DA_HH
2026-06-07 03:30:00,-0.0,0.42000000000000004,EPEX,-0.0,0.0,0.42000000000000004,SFFR,11.725,-0.0,0.42000000000000004,Multi-Market,Idle,-0.0,39.209999999999994,19.7,58.91,SSP,EPEX
2026-06-07 04:00:00,0.0,0.42000000000000004,EPEX,0.0,0.0,0.42000000000000004,SFFR,11.725,0.0,0.42000000000000004,Multi-Market,Idle,0.0,32.38,13.22,45.6,ISEM,EPEX
2026-06-07 04:30:00,-0.0,0.42000000000000004,EPEX,-0.0,0.0,0.42000000000000004,SFFR,11.725,0.0,0.42000000000000004,Multi-Market,Idle,0.0,39.59,6.01,45.6,ISEM,EPEX
2026-06-07 05:00:00,0.0,0.42000000000000004,EPEX,0.0,0.0,0.42000000000000004,SFFR,11.725,0.0,0.42000000000000004,Multi-Market,Idle,0.0,31.33,-2.0,29.33,ISEM,EPEX
2026-06-07 05:30:00,-0.0,0.42000000000000004,EPEX,-0.0,0.0,0.42000000000000004,SFFR,11.725,0.0,0.42000000000000004,Multi-Market,Idle,0.0,30.49,-1.16,29.33,ISEM,EPEX
2026-06-07 06:00:00,-0.0,0.42000000000000004,EPEX,-0.0,0.0,0.42000000000000004,SFFR,11.725,0.0,0.42000000000000004,Multi-Market,Idle,0.0,16.0,-2.0,14.0,ISEM,EPEX
2026-06-07 06:30:00,-0.0,0.42000000000000004,EPEX,-0.0,0.0,0.42000000000000004,SFFR,11.725,0.0,0.42000000000000004,Multi-Market,Idle,0.0,19.0,-5.0,14.0,SSP,EPEX
2026-06-07 07:00:00,-2.1,2.3787496011486513,EPEX,-8.4,0.0,0.42000000000000004,SFFR,11.725,-2.1,2.3787496011486513,Multi-Market,Buy-SSP,17.766000000000002,12.46,-8.46,4.0,SSP,EPEX
2026-06-07 07:30:00,-2.1,4.337499202297303,EPEX,-8.4,0.0,0.42000000000000004,SFFR,11.725,0.0,2.3787496011486513,Multi-Market,Idle,0.0,10.75,-6.75,4.0,SSP,EPEX
2026-06-07 08:00:00,-2.1,6.296248803445954,EPEX,-10.122000000000002,0.0,0.42000000000000004,SFFR,11.725,0.0,2.3787496011486513,Multi-Market,Idle,0.0,11.57,-6.75,4.82,SSP,EPEX
2026-06-07 08:30:00,-1.8051707633737284,7.9799999999999995,EPEX,-8.700923079461372,0.0,0.42000000000000004,SFFR,11.725,0.0,2.3787496011486513,Multi-Market,Idle,0.0,21.39,0.0,21.39,ISEM,SSP
2026-06-07 09:00:00,0.0,7.9799999999999995,EPEX,0.0,0.0,0.42000000000000004,SFFR,11.725,1.8270000000000002,0.42000000000000004,Multi-Market,Sell-SSP,72.86076000000001,41.88,-2.0,39.88,ISEM,SSP
2026-06-07 09:30:00,0.0,7.9799999999999995,EPEX,0.0,0.0,0.42000000000000004,SFFR,11.725,0.0,0.42000000000000004,Multi-Market,Idle,0.0,12.96,-6.7,6.26,SSP,EPEX
2026-06-07 10:00:00,0.0,7.9799999999999995,EPEX,0.0,0.0,0.42000000000000004,SFFR,11.725,0.0,0.42000000000000004,Multi-Market,Idle,0.0,18.560000000000002,-5.82,12.74,SSP,EPEX
2026-06-07 10:30:00,0.0,7.9799999999999995,EPEX,0.0,0.0,0.42000000000000004,SFFR,11.725,0.0,0.42000000000000004,Multi-Market,Idle,0.0,23.700000000000003,-10.96,12.74,SSP,EPEX
2026-06-07 11:00:00,0.0,7.9799999999999995,EPEX,0.0,0.0,0.42000000000000004,SFFR,11.725,0.0,0.42000000000000004,Multi-Market,Idle,0.0,26.240000000000002,-14.14,12.1,SSP,EPEX
2026-06-07 11:30:00,0.0,7.9799999999999995,EPEX,0.0,0.0,0.42000000000000004,SFFR,11.725,0.0,0.42000000000000004,Multi-Market,Idle,0.0,29.58,-17.48,12.1,SSP,EPEX
2026-06-07 12:00:00,3.75,3.959577994358269,EPEX,49.9875,0.0,0.42000000000000004,SFFR,11.725,0.0,0.42000000000000004,Multi-Market,Idle,0.0,27.47,-14.14,13.33,SSP,EPEX
2026-06-07 12:30:00,1.798501435864858,2.0313820610437823,EPEX,23.974024140078555,0.0,0.42000000000000004,SFFR,11.725,0.0,0.42000000000000004,Multi-Market,Idle,0.0,27.47,-14.14,13.33,SSP,EPEX
2026-06-07 13:00:00,0.0,2.0313820610437823,EPEX,0.0,0.0,0.42000000000000004,SFFR,11.725,-2.1,2.3787496011486513,Multi-Market,Buy-SSP,40.53,27.380000000000003,-19.3,8.08,SSP,EPEX
2026-06-07 13:30:00,0.0,2.0313820610437823,EPEX,0.0,0.0,0.42000000000000004,SFFR,11.725,-2.1,4.337499202297303,Multi-Market,Buy-SSP,44.31,29.18,-21.1,8.08,SSP,EPEX
2026-06-07 14:00:00,-0.07758785731592951,2.1037511965540467,EPEX,-0.6199269799542768,0.0,0.42000000000000004,SFFR,11.725,-2.1,6.296248803445954,Multi-Market,Buy-SSP,49.581,31.6,-23.61,7.99,SSP,EPEX
2026-06-07 14:30:00,-2.1,4.062500797702698,EPEX,-16.779,0.0,0.42000000000000004,SFFR,11.725,-1.8051707633737284,7.9799999999999995,Multi-Market,Buy-SSP,32.90826301630307,26.22,-18.23,7.99,SSP,EPEX
2026-06-07 15:00:00,-2.1,6.021250398851349,EPEX,-13.839,0.0,0.42000000000000004,SFFR,11.725,0.0,7.9799999999999995,Multi-Market,Idle,0.0,19.25,-12.66,6.59,SSP,EPEX
2026-06-07 15:30:00,-2.1,7.9799999999999995,EPEX,-13.839,0.0,0.42000000000000004,SFFR,11.725,0.0,7.9799999999999995,Multi-Market,Idle,0.0,20.73,-14.14,6.59,SSP,EPEX
2026-06-07 16:00:00,-0.0,7.9799999999999995,EPEX,-0.0,-2.1,2.3787496011486513,EPEX,-76.86,-0.27300000000000035,7.9799999999999995,Multi-Market,Buy-SSP,127.7682,65.6,-29.0,36.6,SSP,EPEX
2026-06-07 16:30:00,-0.0,7.9799999999999995,EPEX,-0.0,-2.1,4.337499202297303,EPEX,-76.86,-0.27300000000000035,7.9799999999999995,Multi-Market,Buy-SSP,89.89826999999998,48.01,-8.0,40.01,SSP,DA_HH
2026-06-07 17:00:00,-0.0,7.9799999999999995,EPEX,-0.0,3.6540000000000004,0.42000000000000004,EPEX,249.89706000000004,-0.0,7.9799999999999995,Multi-Market,Idle,-0.0,56.849999999999994,66.0,122.85,DA_HH,SSP
2026-06-07 17:30:00,0.0,7.9799999999999995,EPEX,0.0,-0.0,0.42000000000000004,EPEX,-0.0,-0.010086421451070735,7.9799999999999995,Multi-Market,Buy-EPEX,3.2272979601989826,58.03,68.39,126.42,EPEX,SSP
2026-06-07 18:00:00,-0.0,7.9799999999999995,EPEX,-0.0,0.0,0.42000000000000004,SFFR,11.725,0.0,7.9799999999999995,Multi-Market,Idle,0.0,28.5,74.76,103.26,SSP,ISEM
2026-06-07 18:30:00,-0.0,7.9799999999999995,EPEX,-0.0,0.0,0.42000000000000004,SFFR,11.725,3.3014985641351435,4.4404220056417305,Multi-Market,Sell-SSP,458.90830041478495,42.2,96.8,139.0,DA_HH,SSP
2026-06-07 19:00:00,-0.0,7.9799999999999995,EPEX,-0.0,0.0,0.42000000000000004,SFFR,11.725,0.0,4.4404220056417305,Multi-Market,Idle,0.0,29.989999999999995,86.31,116.3,SSP,ISEM
2026-06-07 19:30:00,0.0,7.9799999999999995,EPEX,0.0,0.0,0.42000000000000004,SFFR,11.725,3.75,0.42000000000000004,Multi-Market,Sell-SSP,543.375,33.83000000000001,111.07,144.9,EPEX,SSP
2026-06-07 20:00:00,0.0,7.9799999999999995,EPEX,0.0,0.0,0.42000000000000004,SFFR,11.725,0.0,0.42000000000000004,Multi-Market,Idle,0.0,35.89999999999999,86.51,122.41,SSP,ISEM
2026-06-07 20:30:00,0.0,7.9799999999999995,EPEX,0.0,0.0,0.42000000000000004,SFFR,11.725,0.0,0.42000000000000004,Multi-Market,Idle,0.0,8.900000000000006,118.0,126.9,EPEX,SSP
2026-06-07 21:00:00,3.75,3.959577994358269,EPEX,460.76250000000005,0.0,0.42000000000000004,SFFR,11.725,0.0,0.42000000000000004,Multi-Market,Idle,0.0,6.990000000000009,118.85,125.84,DA_HH,ISEM
2026-06-07 21:30:00,3.3014985641351435,0.42000000000000004,EPEX,405.6551285752851,0.0,0.42000000000000004,SFFR,11.725,0.0,0.42000000000000004,Multi-Market,Idle,0.0,8.600000000000009,117.1,125.7,SSP,ISEM
2026-06-07 22:00:00,-0.0,0.42000000000000004,EPEX,-0.0,0.0,0.42000000000000004,SFFR,11.725,-0.0,0.42000000000000004,Multi-Market,Idle,-0.0,14.900000000000006,113.1,128.0,EPEX,ISEM
2026-06-07 22:30:00,-0.0,0.42000000000000004,EPEX,-0.0,0.0,0.42000000000000004,SFFR,11.725,-0.0,0.42000000000000004,Multi-Market,Idle,-0.0,41.0,83.0,124.0,SSP,ISEM
2026-06-07 23:00:00,0.0,0.42000000000000004,EPEX,0.0,0.0,0.42000000000000004,SFFR,11.725,-0.0,0.42000000000000004,Multi-Market,Idle,-0.0,36.94,83.0,119.94,SSP,DA_HH
2026-06-07 23:30:00,-0.0,0.42000000000000004,EPEX,-0.0,0.0,0.42000000000000004,SFFR,11.725,-0.0,0.42000000000000004,Multi-Market,Idle,-0.0,10.829999999999998,98.17,109.0,SSP,EPEX
2026-06-08 00:00:00,0.0,0.42000000000000004,SFFR,11.725,0.0,0.42000000000000004,SFFR,11.725,0.0,0.42000000000000004,Multi-Market,Idle,0.0,20.0,103.0,123.0,DA_HH,SSP
2026-06-08 00:30:00,0.0,0.42000000000000004,SFFR,11.725,0.0,0.42000000000000004,SFFR,11.725,0.0,0.42000000000000004,Multi-Market,Idle,0.0,20.299999999999997,104.2,124.5,ISEM,SSP
2026-06-08 01:00:00,0.0,0.42000000000000004,SFFR,11.725,0.0,0.42000000000000004,SFFR,11.725,0.0,0.42000000000000004,Multi-Market,Idle,0.0,24.5,100.0,124.5,DA_HH,SSP
2026-06-08 01:30:00,0.0,0.42000000000000004,SFFR,11.725,0.0,0.42000000000000004,SFFR,11.725,0.0,0.42000000000000004,Multi-Market,Idle,0.0,14.799999999999997,98.0,112.8,DA_HH,SSP
2026-06-08 02:00:00,0.0,0.42000000000000004,SFFR,11.725,0.0,0.42000000000000004,SFFR,11.725,0.0,0.42000000000000004,Multi-Market,Idle,0.0,23.0,100.0,123.0,DA_HH,SSP
2026-06-08 02:30:00,0.0,0.42000000000000004,SFFR,11.725,0.0,0.42000000000000004,SFFR,11.725,0.0,0.42000000000000004,Multi-Market,Idle,0.0,23.5,101.0,124.5,DA_HH,SSP
2026-06-08 03:00:00,0.0,0.42000000000000004,SFFR,11.725,0.0,0.42000000000000004,SFFR,11.725,0.0,0.42000000000000004,Multi-Market,Idle,0.0,27.75,99.0,126.75,DA_HH,SSP
2026-06-08 03:30:00,0.0,0.42000000000000004,SFFR,11.725,0.0,0.42000000000000004,SFFR,11.725,0.0,0.42000000000000004,Multi-Market,Idle,0.0,25.650000000000006,99.0,124.65,DA_HH,SSP
2026-06-08 04:00:00,0.0,0.42000000000000004,SFFR,11.725,0.0,0.42000000000000004,SFFR,11.725,0.0,0.42000000000000004,Multi-Market,Idle,0.0,19.0,104.0,123.0,DA_HH,SSP
2026-06-08 04:30:00,0.0,0.42000000000000004,SFFR,11.725,0.0,0.42000000000000004,SFFR,11.725,0.0,0.42000000000000004,Multi-Market,Idle,0.0,4.390000000000001,103.57,107.96,SSP,EPEX
2026-06-08 05:00:00,0.0,0.42000000000000004,SFFR,11.725,0.0,0.42000000000000004,SFFR,11.725,0.0,0.42000000000000004,Multi-Market,Idle,0.0,23.33,92.23,115.56,SSP,EPEX
2026-06-08 05:30:00,0.0,0.42000000000000004,SFFR,11.725,0.0,0.42000000000000004,SFFR,11.725,0.0,0.42000000000000004,Multi-Market,Idle,0.0,21.53,94.03,115.56,SSP,EPEX
2026-06-08 06:00:00,0.0,0.42000000000000004,SFFR,11.725,0.0,0.42000000000000004,SFFR,11.725,0.0,0.42000000000000004,Multi-Market,Idle,0.0,6.659999999999997,114.3,120.96,DA_HH,EPEX
2026-06-08 06:30:00,0.0,0.42000000000000004,SFFR,11.725,0.0,0.42000000000000004,SFFR,11.725,0.0,0.42000000000000004,Multi-Market,Idle,0.0,4.77000000000001,117.52,122.29,SSP,DA_HH
2026-06-08 07:00:00,0.0,0.42000000000000004,SFFR,11.725,0.0,0.42000000000000004,SFFR,11.725,0.0,0.42000000000000004,Multi-Market,Idle,0.0,11.049999999999997,111.45,122.5,DA_HH,ISEM
2026-06-08 07:30:00,0.0,0.42000000000000004,SFFR,11.725,0.0,0.42000000000000004,SFFR,11.725,0.0,0.42000000000000004,Multi-Market,Idle,0.0,10.090000000000003,116.72,126.81,EPEX,DA_HH
2026-06-08 08:00:00,0.0,0.42000000000000004,SFFR,11.725,0.0,0.42000000000000004,SFFR,11.725,-0.0,0.42000000000000004,Multi-Market,Idle,-0.0,8.159999999999997,118.83,126.99,SSP,ISEM
2026-06-08 08:30:00,0.0,0.42000000000000004,SFFR,11.725,0.0,0.42000000000000004,SFFR,11.725,0.0,0.42000000000000004,Multi-Market,Idle,0.0,3.680000000000007,118.82,122.5,SSP,ISEM
2026-06-08 09:00:00,0.0,0.42000000000000004,SFFR,11.725,0.0,0.42000000000000004,SFFR,11.725,0.0,0.42000000000000004,Multi-Market,Idle,0.0,4.709999999999994,117.79,122.5,SSP,ISEM
2026-06-08 09:30:00,0.0,0.42000000000000004,SFFR,11.725,0.0,0.42000000000000004,SFFR,11.725,-0.07758785731592904,0.49236913551026407,Multi-Market,Buy-SSP,-6.594967871853969,36.879999999999995,85.0,121.88,SSP,EPEX
2026-06-08 10:00:00,0.0,0.42000000000000004,SFFR,11.725,0.0,0.42000000000000004,SFFR,11.725,0.06750143586485825,0.42000000000000004,Multi-Market,Sell-SSP,8.369503032883774,12.929999999999993,111.06,123.99,EPEX,SSP
2026-06-08 10:30:00,0.0,0.42000000000000004,SFFR,11.725,0.0,0.42000000000000004,SFFR,11.725,0.0,0.42000000000000004,Multi-Market,Idle,0.0,29.060000000000002,83.24,112.3,SSP,DA_HH
2026-06-08 11:00:00,0.0,0.42000000000000004,SFFR,11.725,0.0,0.42000000000000004,SFFR,11.725,-2.1,2.3787496011486517,Multi-Market,Buy-SSP,-143.28300000000002,41.78999999999999,68.23,110.02,SSP,DA_HH
2026-06-08 11:30:00,0.0,0.42000000000000004,SFFR,11.725,0.0,0.42000000000000004,SFFR,11.725,-2.1,4.337499202297303,Multi-Market,Buy-SSP,-134.274,42.44,63.94,106.38,SSP,EPEX
2026-06-08 12:00:00,0.0,0.42000000000000004,SFFR,11.725,0.0,0.42000000000000004,SFFR,11.725,-2.1,6.296248803445954,Multi-Market,Buy-SSP,-135.639,37.61,64.59,102.2,SSP,DA_HH
2026-06-08 12:30:00,0.0,0.42000000000000004,SFFR,11.725,0.0,0.42000000000000004,SFFR,11.725,0.0,6.296248803445954,Multi-Market,Idle,0.0,15.599999999999994,82.5,98.1,SSP,EPEX
2026-06-08 13:00:00,0.0,0.42000000000000004,SFFR,11.725,0.0,0.42000000000000004,SFFR,11.725,0.0,6.296248803445954,Multi-Market,Idle,0.0,30.099999999999994,85.9,116.0,DA_HH,SSP
2026-06-08 13:30:00,0.0,0.42000000000000004,SFFR,11.725,0.0,0.42000000000000004,SFFR,11.725,-1.8051707633737284,7.9799999999999995,Multi-Market,Buy-SSP,-142.28355956911727,17.180000000000007,78.82,96.0,SSP,EPEX
2026-06-08 14:00:00,0.0,0.42000000000000004,SFFR,11.725,0.0,0.42000000000000004,SFFR,11.725,0.0,7.9799999999999995,Multi-Market,Idle,0.0,10.120000000000005,82.5,92.62,SSP,EPEX
2026-06-08 14:30:00,0.0,0.42000000000000004,SFFR,11.725,0.0,0.42000000000000004,SFFR,11.725,0.0,7.9799999999999995,Multi-Market,Idle,0.0,10.120000000000005,82.5,92.62,SSP,EPEX
2026-06-08 15:00:00,0.0,0.42000000000000004,SFFR,11.725,0.0,0.42000000000000004,SFFR,11.725,0.0,7.9799999999999995,Multi-Market,Idle,0.0,27.629999999999995,88.37,116.0,DA_HH,SSP
2026-06-08 15:30:00,0.0,0.42000000000000004,SFFR,11.725,0.0,0.42000000000000004,SFFR,11.725,0.0,7.9799999999999995,Multi-Market,Idle,0.0,34.05,85.9,119.95,DA_HH,SSP
2026-06-08 16:00:00,0.0,0.42000000000000004,SFFR,11.725,0.0,0.42000000000000004,SFFR,11.725,0.0,7.9799999999999995,Multi-Market,Idle,0.0,21.069999999999993,83.23,104.3,SSP,EPEX
2026-06-08 16:30:00,0.0,0.42000000000000004,SFFR,11.725,0.0,0.42000000000000004,SFFR,11.725,0.0,7.9799999999999995,Multi-Market,Idle,0.0,21.799999999999997,82.5,104.3,SSP,EPEX
2026-06-08 17:00:00,0.0,0.42000000000000004,SFFR,11.725,0.0,0.42000000000000004,SFFR,11.725,0.0,7.9799999999999995,Multi-Market,Idle,0.0,36.36999999999999,83.23,119.6,SSP,EPEX
2026-06-08 17:30:00,0.0,0.42000000000000004,SFFR,11.725,0.0,0.42000000000000004,SFFR,11.725,-0.0,7.9799999999999995,Multi-Market,Idle,-0.0,38.33,83.4,121.73,SSP,DA_HH
2026-06-08 18:00:00,0.0,0.42000000000000004,SFFR,11.725,0.0,0.42000000000000004,SFFR,11.725,-0.27300000000000035,7.9799999999999995,Multi-Market,Buy-SSP,76.93286999999998,54.81,85.0,139.81,SSP,EPEX
2026-06-08 18:30:00,0.0,0.42000000000000004,SFFR,11.725,0.0,0.42000000000000004,SFFR,11.725,3.3014985641351435,4.4404220056417305,Multi-Market,Sell-SSP,505.12928031267694,23.0,130.0,153.0,DA_HH,SSP
2026-06-08 19:00:00,0.0,0.42000000000000004,SFFR,11.725,0.0,0.42000000000000004,SFFR,11.725,0.0,4.4404220056417305,Multi-Market,Idle,0.0,20.0,130.0,150.0,DA_HH,SSP
2026-06-08 19:30:00,0.0,0.42000000000000004,SFFR,11.725,0.0,0.42000000000000004,SFFR,11.725,3.75,0.42000000000000004,Multi-Market,Sell-SSP,587.025,26.539999999999992,130.0,156.54,DA_HH,SSP
2026-06-08 20:00:00,0.0,0.42000000000000004,SFFR,11.725,0.0,0.42000000000000004,SFFR,11.725,0.0,0.42000000000000004,Multi-Market,Idle,0.0,11.939999999999998,131.26,143.2,DA_HH,EPEX
2026-06-08 20:30:00,0.0,0.42000000000000004,SFFR,11.725,0.0,0.42000000000000004,SFFR,11.725,-0.0,0.42000000000000004,Multi-Market,Idle,-0.0,17.370000000000005,130.88,148.25,DA_HH,SSP
2026-06-08 21:00:00,0.0,0.42000000000000004,SFFR,11.725,0.0,0.42000000000000004,SFFR,11.725,-2.1,2.3787496011486513,Multi-Market,Buy-SSP,-189.042,43.85000000000001,90.02,133.87,SSP,EPEX
2026-06-08 21:30:00,0.0,0.42000000000000004,SFFR,11.725,0.0,0.42000000000000004,SFFR,11.725,1.5539999999999998,0.42000000000000004,Multi-Market,Buy-SSP,300.09798,43.84,90.03,133.87,SSP,EPEX
2026-06-08 22:00:00,0.0,0.42000000000000004,SFFR,11.725,0.0,0.42000000000000004,SFFR,11.725,-0.0,0.42000000000000004,Multi-Market,Idle,-0.0,24.299999999999997,90.03,114.33,SSP,ISEM
2026-06-08 22:30:00,0.0,0.42000000000000004,SFFR,11.725,0.0,0.42000000000000004,SFFR,11.725,0.0,0.42000000000000004,Multi-Market,Idle,0.0,23.980000000000004,90.02,114.0,SSP,EPEX
2026-06-08 23:00:00,0.0,0.42000000000000004,SFFR,11.725,0.0,0.42000000000000004,SFFR,11.725,0.0,0.42000000000000004,Multi-Market,Idle,0.0,7.8500000000000085,106.19,114.04,SSP,EPEX
2026-06-08 23:30:00,0.0,0.42000000000000004,SFFR,11.725,0.0,0.42000000000000004,SFFR,11.725,-0.0,0.42000000000000004,Multi-Market,Idle,-0.0,7.040000000000006,107.0,114.04,ISEM,EPEX
2026-06-09 00:00:00,0.0,0.42000000000000004,SFFR,11.725,0.0,0.42000000000000004,SFFR,11.725,0.0,0.42000000000000004,Multi-Market,Idle,0.0,5.680000000000007,104.97,110.65,SSP,EPEX
2026-06-09 00:30:00,0.0,0.42000000000000004,SFFR,11.725,0.0,0.42000000000000004,SFFR,11.725,0.0,0.42000000000000004,Multi-Market,Idle,0.0,5.449999999999989,105.65,111.1,SSP,DA_HH
2026-06-09 01:00:00,0.0,0.42000000000000004,SFFR,11.725,0.0,0.42000000000000004,SFFR,11.725,0.0,0.42000000000000004,Multi-Market,Idle,0.0,6.3300000000000125,104.1,110.43,EPEX,DA_HH
2026-06-09 01:30:00,0.0,0.42000000000000004,SFFR,11.725,0.0,0.42000000000000004,SFFR,11.725,0.0,0.42000000000000004,Multi-Market,Idle,0.0,3.010000000000005,102.35,105.36,SSP,DA_HH
2026-06-09 02:00:00,0.0,0.42000000000000004,SFFR,11.725,0.0,0.42000000000000004,SFFR,11.725,0.0,0.42000000000000004,Multi-Market,Idle,0.0,3.0999999999999943,100.5,103.6,SSP,DA_HH
2026-06-09 02:30:00,0.0,0.42000000000000004,SFFR,11.725,0.0,0.42000000000000004,SFFR,11.725,0.0,0.42000000000000004,Multi-Market,Idle,0.0,16.909999999999997,100.0,116.91,ISEM,SSP
2026-06-09 03:00:00,0.0,0.42000000000000004,SFFR,11.725,0.0,0.42000000000000004,SFFR,11.725,0.0,0.42000000000000004,Multi-Market,Idle,0.0,15.709999999999994,85.29,101.0,SSP,EPEX
2026-06-09 03:30:00,0.0,0.42000000000000004,SFFR,11.725,0.0,0.42000000000000004,SFFR,11.725,0.0,0.42000000000000004,Multi-Market,Idle,0.0,22.33999999999999,99.51,121.85,DA_HH,SSP
2026-06-09 04:00:00,0.0,0.42000000000000004,SFFR,11.725,0.0,0.42000000000000004,SFFR,11.725,0.0,0.42000000000000004,Multi-Market,Idle,0.0,27.120000000000005,99.38,126.5,ISEM,SSP
2026-06-09 04:30:00,0.0,0.42000000000000004,SFFR,11.725,0.0,0.42000000000000004,SFFR,11.725,0.0,0.42000000000000004,Multi-Market,Idle,0.0,3.430000000000007,98.07,101.5,ISEM,DA_HH
2026-06-09 05:00:00,0.0,0.42000000000000004,SFFR,11.725,0.0,0.42000000000000004,SFFR,11.725,0.0,0.42000000000000004,Multi-Market,Idle,0.0,7.140000000000001,100.95,108.09,SSP,EPEX
2026-06-09 05:30:00,0.0,0.42000000000000004,SFFR,11.725,0.0,0.42000000000000004,SFFR,11.725,0.0,0.42000000000000004,Multi-Market,Idle,0.0,16.010000000000005,92.08,108.09,SSP,EPEX
2026-06-09 06:00:00,0.0,0.42000000000000004,SFFR,11.725,0.0,0.42000000000000004,SFFR,11.725,0.0,0.42000000000000004,Multi-Market,Idle,0.0,34.620000000000005,84.75,119.37,SSP,EPEX
2026-06-09 06:30:00,0.0,0.42000000000000004,SFFR,11.725,0.0,0.42000000000000004,SFFR,11.725,0.0,0.42000000000000004,Multi-Market,Idle,0.0,32.370000000000005,87.0,119.37,SSP,EPEX
2026-06-09 07:00:00,0.0,0.42000000000000004,SFFR,11.725,0.0,0.42000000000000004,SFFR,11.725,0.0,0.42000000000000004,Multi-Market,Idle,0.0,35.019999999999996,87.98,123.0,SSP,EPEX
2026-06-09 07:30:00,0.0,0.42000000000000004,SFFR,11.725,0.0,0.42000000000000004,SFFR,11.725,0.0,0.42000000000000004,Multi-Market,Idle,0.0,38.349999999999994,84.65,123.0,SSP,EPEX
2026-06-09 08:00:00,0.0,0.42000000000000004,SFFR,11.725,0.0,0.42000000000000004,SFFR,11.725,-0.0,0.42000000000000004,Multi-Market,Idle,-0.0,25.459999999999994,117.54,143.0,EPEX,SSP
2026-06-09 08:30:00,0.0,0.42000000000000004,SFFR,11.725,0.0,0.42000000000000004,SFFR,11.725,0.0,0.42000000000000004,Multi-Market,Idle,0.0,43.95,73.59,117.54,SSP,EPEX
2026-06-09 09:00:00,0.0,0.42000000000000004,SFFR,11.725,0.0,0.42000000000000004,SFFR,11.725,0.0,0.42000000000000004,Multi-Market,Idle,0.0,33.96000000000001,70.38,104.34,SSP,DA_HH
2026-06-09 09:30:00,0.0,0.42000000000000004,SFFR,11.725,0.0,0.42000000000000004,SFFR,11.725,0.0,0.42000000000000004,Multi-Market,Idle,0.0,35.45,65.55,101.0,SSP,EPEX
2026-06-09 10:00:00,0.0,0.42000000000000004,SFFR,11.725,0.0,0.42000000000000004,SFFR,11.725,0.0,0.42000000000000004,Multi-Market,Idle,0.0,25.320000000000007,69.55,94.87,SSP,DA_HH
2026-06-09 10:30:00,0.0,0.42000000000000004,SFFR,11.725,0.0,0.42000000000000004,SFFR,11.725,-1.882758620689659,2.176120332064311,Multi-Market,Buy-SSP,-114.2457931034485,29.190000000000005,60.68,89.87,SSP,DA_HH
2026-06-09 11:00:00,0.0,0.42000000000000004,SFFR,11.725,0.0,0.42000000000000004,SFFR,11.725,0.0,2.176120332064311,Multi-Market,Idle,0.0,20.909999999999997,67.09,88.0,SSP,ISEM
2026-06-09 11:30:00,0.0,0.42000000000000004,SFFR,11.725,0.0,0.42000000000000004,SFFR,11.725,-2.1,4.134869933212962,Multi-Market,Buy-SSP,-86.184,42.779999999999994,41.04,83.82,SSP,ISEM
2026-06-09 12:00:00,0.0,0.42000000000000004,SFFR,11.725,0.0,0.42000000000000004,SFFR,11.725,1.8945014358648584,2.1037511965540467,Multi-Market,Sell-SSP,246.28518666243158,54.0,76.0,130.0,EPEX,SSP
2026-06-09 12:30:00,0.0,0.42000000000000004,SFFR,11.725,0.0,0.42000000000000004,SFFR,11.725,-2.1,4.062500797702698,Multi-Market,Buy-SSP,-55.944,54.959999999999994,26.64,81.6,SSP,DA_HH
2026-06-09 13:00:00,0.0,0.42000000000000004,SFFR,11.725,0.0,0.42000000000000004,SFFR,11.725,-2.1,6.021250398851349,Multi-Market,Buy-SSP,-21.021,69.99,10.01,80.0,SSP,DA_HH
2026-06-09 13:30:00,0.0,0.42000000000000004,SFFR,11.725,0.0,0.42000000000000004,SFFR,11.725,-2.1,7.9799999999999995,Multi-Market,Buy-SSP,-81.459,39.35,38.79,78.14,SSP,DA_HH
2026-06-09 14:00:00,0.0,0.42000000000000004,SFFR,11.725,0.0,0.42000000000000004,SFFR,11.725,0.0,7.9799999999999995,Multi-Market,Idle,0.0,60.86,69.14,130.0,ISEM,SSP
2026-06-09 14:30:00,0.0,0.42000000000000004,SFFR,11.725,0.0,0.42000000000000004,SFFR,11.725,0.0,7.9799999999999995,Multi-Market,Idle,0.0,42.56,69.89,112.45,ISEM,SSP
2026-06-09 15:00:00,0.0,0.42000000000000004,SFFR,11.725,0.0,0.42000000000000004,SFFR,11.725,0.0,7.9799999999999995,Multi-Market,Idle,0.0,52.57000000000001,71.22,123.79,EPEX,SSP
2026-06-09 15:30:00,0.0,0.42000000000000004,SFFR,11.725,0.0,0.42000000000000004,SFFR,11.725,1.5539999999999994,6.021250398851349,Multi-Market,Buy-EPEX,376.6139999999999,72.78,71.22,144.0,EPEX,SSP
2026-06-09 16:00:00,0.0,0.42000000000000004,SFFR,11.725,0.0,0.42000000000000004,SFFR,11.725,0.0,6.021250398851349,Multi-Market,Idle,0.0,54.349999999999994,84.9,139.25,DA_HH,SSP
2026-06-09 16:30:00,0.0,0.42000000000000004,SFFR,11.725,0.0,0.42000000000000004,SFFR,11.725,0.0,6.021250398851349,Multi-Market,Idle,0.0,17.61,82.14,99.75,SSP,DA_HH
2026-06-09 17:00:00,0.0,0.42000000000000004,SFFR,11.725,0.0,0.42000000000000004,SFFR,11.725,0.0,6.021250398851349,Multi-Market,Idle,0.0,28.97,78.11,107.08,SSP,EPEX
2026-06-09 17:30:00,0.0,0.42000000000000004,SFFR,11.725,0.0,0.42000000000000004,SFFR,11.725,-2.1,7.9799999999999995,Multi-Market,Buy-SSP,-77.511,74.56,36.91,111.47,SSP,DA_HH
2026-06-09 18:00:00,0.0,0.42000000000000004,SFFR,11.725,0.0,0.42000000000000004,SFFR,11.725,0.0,7.9799999999999995,Multi-Market,Idle,0.0,42.39,82.16,124.55,SSP,EPEX
2026-06-09 18:30:00,0.0,0.42000000000000004,SFFR,11.725,0.0,0.42000000000000004,SFFR,11.725,0.0,7.9799999999999995,Multi-Market,Idle,0.0,40.16,84.39,124.55,SSP,EPEX
2026-06-09 19:00:00,0.0,0.42000000000000004,SFFR,11.725,0.0,0.42000000000000004,SFFR,11.725,-0.0,7.9799999999999995,Multi-Market,Idle,-0.0,22.47999999999999,122.0,144.48,ISEM,SSP
2026-06-09 19:30:00,0.0,0.42000000000000004,SFFR,11.725,0.0,0.42000000000000004,SFFR,11.725,-0.0,7.9799999999999995,Multi-Market,Idle,-0.0,20.560000000000002,126.44,147.0,ISEM,SSP
2026-06-09 20:00:00,0.0,0.42000000000000004,SFFR,11.725,0.0,0.42000000000000004,SFFR,11.725,3.3014985641351435,4.4404220056417305,Multi-Market,Sell-SSP,515.0337760050824,26.0,130.0,156.0,DA_HH,SSP
2026-06-09 20:30:00,0.0,0.42000000000000004,SFFR,11.725,0.0,0.42000000000000004,SFFR,11.725,0.0,4.4404220056417305,Multi-Market,Idle,0.0,19.5,130.0,149.5,DA_HH,SSP
2026-06-09 21:00:00,0.0,0.42000000000000004,SFFR,11.725,0.0,0.42000000000000004,SFFR,11.725,0.0,4.4404220056417305,Multi-Market,Idle,0.0,15.48999999999998,128.99,144.48,ISEM,SSP
2026-06-09 21:30:00,0.0,0.42000000000000004,SFFR,11.725,0.0,0.42000000000000004,SFFR,11.725,0.0,4.4404220056417305,Multi-Market,Idle,0.0,33.0,123.0,156.0,ISEM,SSP
2026-06-09 22:00:00,0.0,0.42000000000000004,SFFR,11.725,0.0,0.42000000000000004,SFFR,11.725,0.0,4.4404220056417305,Multi-Market,Idle,0.0,40.05,115.95,156.0,ISEM,SSP
2026-06-09 22:30:00,0.0,0.42000000000000004,SFFR,11.725,0.0,0.42000000000000004,SFFR,11.725,3.75,0.42000000000000004,Multi-Market,Sell-SSP,585.0,47.0,109.0,156.0,DA_HH,SSP
2026-06-09 23:00:00,0.0,0.42000000000000004,SFFR,11.725,0.0,0.42000000000000004,SFFR,11.725,-0.0,0.42000000000000004,Multi-Market,Idle,-0.0,24.200000000000003,90.0,114.2,SSP,ISEM
2026-06-09 23:30:00,0.0,0.42000000000000004,SFFR,11.725,0.0,0.42000000000000004,SFFR,11.725,-0.0,0.42000000000000004,Multi-Market,Idle,-0.0,23.67,85.11,108.78,SSP,DA_HH
2026-06-10 00:00:00,0.0,0.42000000000000004,SFFR,11.725,0.0,0.42000000000000004,SFFR,11.725,0.0,0.42000000000000004,Multi-Market,Idle,0.0,21.72999999999999,86.01,107.74,SSP,DA_HH
2026-06-10 00:30:00,0.0,0.42000000000000004,SFFR,11.725,0.0,0.42000000000000004,SFFR,11.725,0.0,0.42000000000000004,Multi-Market,Idle,0.0,6.390000000000001,99.83,106.22,SSP,DA_HH
2026-06-10 01:00:00,0.0,0.42000000000000004,SFFR,11.725,0.0,0.42000000000000004,SFFR,11.725,0.0,0.42000000000000004,Multi-Market,Idle,0.0,7.939999999999998,95.06,103.0,SSP,ISEM
2026-06-10 01:30:00,0.0,0.42000000000000004,SFFR,11.725,0.0,0.42000000000000004,SFFR,11.725,0.0,0.42000000000000004,Multi-Market,Idle,0.0,5.269999999999996,95.06,100.33,SSP,EPEX
2026-06-10 02:00:00,0.0,0.42000000000000004,SFFR,11.725,0.0,0.42000000000000004,SFFR,11.725,0.0,0.42000000000000004,Multi-Market,Idle,0.0,7.960000000000008,94.05,102.01,SSP,EPEX
2026-06-10 02:30:00,0.0,0.42000000000000004,SFFR,11.725,0.0,0.42000000000000004,SFFR,11.725,-2.1,2.3787496011486513,Multi-Market,Buy-SSP,-176.4,18.010000000000005,84.0,102.01,SSP,EPEX
2026-06-10 03:00:00,0.0,0.42000000000000004,SFFR,11.725,0.0,0.42000000000000004,SFFR,11.725,0.0,2.3787496011486513,Multi-Market,Idle,0.0,9.100000000000009,91.38,100.48,SSP,EPEX
2026-06-10 03:30:00,0.0,0.42000000000000004,SFFR,11.725,0.0,0.42000000000000004,SFFR,11.725,0.0,2.3787496011486513,Multi-Market,Idle,0.0,8.179999999999993,92.62,100.8,SSP,DA_HH
2026-06-10 04:00:00,0.0,0.42000000000000004,SFFR,11.725,0.0,0.42000000000000004,SFFR,11.725,0.0,2.3787496011486513,Multi-Market,Idle,0.0,13.670000000000002,90.09,103.76,SSP,EPEX
2026-06-10 04:30:00,0.0,0.42000000000000004,SFFR,11.725,0.0,0.42000000000000004,SFFR,11.725,0.0,2.3787496011486513,Multi-Market,Idle,0.0,17.77000000000001,85.99,103.76,SSP,EPEX
2026-06-10 05:00:00,0.0,0.42000000000000004,SFFR,11.725,0.0,0.42000000000000004,SFFR,11.725,-2.1,4.337499202297303,Multi-Market,Buy-SSP,-176.60999999999999,22.64,84.1,106.74,SSP,EPEX
2026-06-10 05:30:00,0.0,0.42000000000000004,SFFR,11.725,0.0,0.42000000000000004,SFFR,11.725,-0.07758785731592857,4.409868337807566,Multi-Market,Buy-SSP,-6.525914678842752,22.629999999999995,84.11,106.74,SSP,EPEX
2026-06-10 06:00:00,0.0,0.42000000000000004,SFFR,11.725,0.0,0.42000000000000004,SFFR,11.725,-2.1,6.368617938956217,Multi-Market,Buy-SSP,-174.3,32.0,83.0,115.0,SSP,EPEX
2026-06-10 06:30:00,0.0,0.42000000000000004,SFFR,11.725,0.0,0.42000000000000004,SFFR,11.725,0.0,6.368617938956217,Multi-Market,Idle,0.0,14.990000000000009,103.49,118.48,SSP,DA_HH
2026-06-10 07:00:00,0.0,0.42000000000000004,SFFR,11.725,0.0,0.42000000000000004,SFFR,11.725,1.798501435864858,4.4404220056417305,Multi-Market,Sell-SSP,269.7752153797287,36.03,113.97,150.0,ISEM,SSP
2026-06-10 07:30:00,0.0,0.42000000000000004,SFFR,11.725,0.0,0.42000000000000004,SFFR,11.725,3.75,0.42000000000000004,Multi-Market,Sell-SSP,562.5,33.980000000000004,116.02,150.0,ISEM,SSP
2026-06-10 08:00:00,0.0,0.42000000000000004,SFFR,11.725,0.0,0.42000000000000004,SFFR,11.725,0.0,0.42000000000000004,Multi-Market,Idle,0.0,19.80000000000001,115.0,134.8,ISEM,SSP
2026-06-10 08:30:00,0.0,0.42000000000000004,SFFR,11.725,0.0,0.42000000000000004,SFFR,11.725,0.0,0.42000000000000004,Multi-Market,Idle,0.0,8.61999999999999,110.37,118.99,SSP,DA_HH
2026-06-10 09:00:00,0.0,0.42000000000000004,SFFR,11.725,0.0,0.42000000000000004,SFFR,11.725,-0.0,0.42000000000000004,Multi-Market,Idle,-0.0,24.86,114.51,139.37,ISEM,SSP
2026-06-10 09:30:00,0.0,0.42000000000000004,SFFR,11.725,0.0,0.42000000000000004,SFFR,11.725,0.0,0.42000000000000004,Multi-Market,Idle,0.0,26.0,90.0,116.0,SSP,EPEX
2026-06-10 10:00:00,0.0,0.42000000000000004,SFFR,11.725,0.0,0.42000000000000004,SFFR,11.725,0.0,0.42000000000000004,Multi-Market,Idle,0.0,30.539999999999992,84.17,114.71,SSP,DA_HH
2026-06-10 10:30:00,0.0,0.42000000000000004,SFFR,11.725,0.0,0.42000000000000004,SFFR,11.725,0.0,0.42000000000000004,Multi-Market,Idle,0.0,27.5,84.12,111.62,SSP,DA_HH
2026-06-10 11:00:00,0.0,0.42000000000000004,SFFR,11.725,0.0,0.42000000000000004,SFFR,11.725,0.0,0.42000000000000004,Multi-Market,Idle,0.0,24.33,83.9,108.23,SSP,EPEX
2026-06-10 11:30:00,0.0,0.42000000000000004,SFFR,11.725,0.0,0.42000000000000004,SFFR,11.725,0.0,0.42000000000000004,Multi-Market,Idle,0.0,24.33,83.9,108.23,SSP,EPEX
2026-06-10 12:00:00,0.0,0.42000000000000004,SFFR,11.725,0.0,0.42000000000000004,SFFR,11.725,0.0,0.42000000000000004,Multi-Market,Idle,0.0,21.28,84.12,105.4,SSP,EPEX
2026-06-10 12:30:00,0.0,0.42000000000000004,SFFR,11.725,0.0,0.42000000000000004,SFFR,11.725,0.0,0.42000000000000004,Multi-Market,Idle,0.0,21.5,83.9,105.4,SSP,EPEX
2026-06-10 13:00:00,0.0,0.42000000000000004,SFFR,11.725,0.0,0.42000000000000004,SFFR,11.725,-2.1,2.3787496011486513,Multi-Market,Buy-SSP,-150.57000000000002,29.929999999999993,71.7,101.63,SSP,DA_HH
2026-06-10 13:30:00,0.0,0.42000000000000004,SFFR,11.725,0.0,0.42000000000000004,SFFR,11.725,-2.1,4.337499202297303,Multi-Market,Buy-SSP,-150.675,29.689999999999998,71.75,101.44,SSP,EPEX
2026-06-10 14:00:00,0.0,0.42000000000000004,SFFR,11.725,0.0,0.42000000000000004,SFFR,11.725,0.0,4.337499202297303,Multi-Market,Idle,0.0,25.370000000000005,71.75,97.12,SSP,EPEX
2026-06-10 14:30:00,0.0,0.42000000000000004,SFFR,11.725,0.0,0.42000000000000004,SFFR,11.725,-2.1,6.296248803445954,Multi-Market,Buy-SSP,-149.73,25.820000000000007,71.3,97.12,SSP,EPEX
2026-06-10 15:00:00,0.0,0.42000000000000004,SFFR,11.725,0.0,0.42000000000000004,SFFR,11.725,-1.8051707633737284,7.9799999999999995,Multi-Market,Buy-SSP,-129.521002272065,24.689999999999998,71.75,96.44,SSP,EPEX
2026-06-10 15:30:00,0.0,0.42000000000000004,SFFR,11.725,0.0,0.42000000000000004,SFFR,11.725,0.0,7.9799999999999995,Multi-Market,Idle,0.0,12.920000000000002,84.12,97.04,SSP,DA_HH
2026-06-10 16:00:00,0.0,0.42000000000000004,SFFR,11.725,0.0,0.42000000000000004,SFFR,11.725,0.0,7.9799999999999995,Multi-Market,Idle,0.0,23.230000000000004,84.2,107.43,SSP,DA_HH
2026-06-10 16:30:00,0.0,0.42000000000000004,SFFR,11.725,0.0,0.42000000000000004,SFFR,11.725,0.0,7.9799999999999995,Multi-Market,Idle,0.0,24.11999999999999,84.2,108.32,SSP,DA_HH
2026-06-10 17:00:00,0.0,0.42000000000000004,SFFR,11.725,0.0,0.42000000000000004,SFFR,11.725,0.0,7.9799999999999995,Multi-Market,Idle,0.0,26.960000000000008,89.55,116.51,SSP,EPEX
2026-06-10 17:30:00,0.0,0.42000000000000004,SFFR,11.725,0.0,0.42000000000000004,SFFR,11.725,0.0,7.9799999999999995,Multi-Market,Idle,0.0,35.47,84.3,119.77,SSP,DA_HH
2026-06-10 18:00:00,0.0,0.42000000000000004,SFFR,11.725,0.0,0.42000000000000004,SFFR,11.725,0.0,7.9799999999999995,Multi-Market,Idle,0.0,43.379999999999995,90.0,133.38,SSP,ISEM
2026-06-10 18:30:00,0.0,0.42000000000000004,SFFR,11.725,0.0,0.42000000000000004,SFFR,11.725,-0.0,7.9799999999999995,Multi-Market,Idle,-0.0,29.429999999999993,108.11,137.54,SSP,ISEM
2026-06-10 19:00:00,0.0,0.42000000000000004,SFFR,11.725,0.0,0.42000000000000004,SFFR,11.725,0.0,7.9799999999999995,Multi-Market,Idle,0.0,26.78,122.9,149.68,SSP,DA_HH
2026-06-10 19:30:00,0.0,0.42000000000000004,SFFR,11.725,0.0,0.42000000000000004,SFFR,11.725,3.75,3.959577994358269,Multi-Market,Sell-SSP,648.375,32.22,140.68,172.9,EPEX,SSP
2026-06-10 20:00:00,0.0,0.42000000000000004,SFFR,11.725,0.0,0.42000000000000004,SFFR,11.725,0.0,3.959577994358269,Multi-Market,Idle,0.0,34.36999999999999,117.67,152.04,SSP,ISEM
2026-06-10 20:30:00,0.0,0.42000000000000004,SFFR,11.725,0.0,0.42000000000000004,SFFR,11.725,0.0,3.959577994358269,Multi-Market,Idle,0.0,27.609999999999985,122.34,149.95,SSP,ISEM
2026-06-10 21:00:00,0.0,0.42000000000000004,SFFR,11.725,0.0,0.42000000000000004,SFFR,11.725,0.0,3.959577994358269,Multi-Market,Idle,0.0,10.129999999999995,140.87,151.0,ISEM,SSP
2026-06-10 21:30:00,0.0,0.42000000000000004,SFFR,11.725,0.0,0.42000000000000004,SFFR,11.725,3.3014985641351435,0.42000000000000004,Multi-Market,Sell-SSP,516.783570244074,16.379999999999995,140.15,156.53,ISEM,SSP
2026-06-10 22:00:00,0.0,0.42000000000000004,SFFR,11.725,0.0,0.42000000000000004,SFFR,11.725,-0.0,0.42000000000000004,Multi-Market,Idle,-0.0,18.230000000000004,122.89,141.12,ISEM,SSP
2026-06-10 22:30:00,0.0,0.42000000000000004,SFFR,11.725,0.0,0.42000000000000004,SFFR,11.725,-0.0,0.42000000000000004,Multi-Market,Idle,-0.0,8.259999999999991,118.04,126.3,SSP,EPEX
2026-06-10 23:00:00,0.0,0.42000000000000004,SFFR,11.725,0.0,0.42000000000000004,SFFR,11.725,0.0,0.42000000000000004,Multi-Market,Idle,0.0,7.339999999999989,115.9,123.24,EPEX,DA_HH
2026-06-10 23:30:00,0.0,0.42000000000000004,SFFR,11.725,0.0,0.42000000000000004,SFFR,11.725,-0.0,0.42000000000000004,Multi-Market,Idle,-0.0,9.099999999999994,115.9,125.0,EPEX,SSP
2026-06-11 00:00:00,0.0,0.42000000000000004,SFFR,11.725,0.0,0.42000000000000004,SFFR,11.725,0.0,0.42000000000000004,Multi-Market,Idle,0.0,33.230000000000004,109.67,142.9,EPEX,SSP
2026-06-11 00:30:00,0.0,0.42000000000000004,SFFR,11.725,0.0,0.42000000000000004,SFFR,11.725,-2.1,2.3787496011486513,Multi-Market,Buy-SSP,-189.231,26.189999999999998,90.11,116.3,SSP,DA_HH
2026-06-11 01:00:00,0.0,0.42000000000000004,SFFR,11.725,0.0,0.42000000000000004,SFFR,11.725,0.0,2.3787496011486513,Multi-Market,Idle,0.0,29.22,90.78,120.0,SSP,ISEM
2026-06-11 01:30:00,0.0,0.42000000000000004,SFFR,11.725,0.0,0.42000000000000004,SFFR,11.725,0.0,2.3787496011486513,Multi-Market,Idle,0.0,16.169999999999987,106.9,123.07,EPEX,SSP
2026-06-11 02:00:00,0.0,0.42000000000000004,SFFR,11.725,0.0,0.42000000000000004,SFFR,11.725,0.0,2.3787496011486513,Multi-Market,Idle,0.0,15.39,104.17,119.56,EPEX,ISEM
2026-06-11 02:30:00,0.0,0.42000000000000004,SFFR,11.725,0.0,0.42000000000000004,SFFR,11.725,0.0,2.3787496011486513,Multi-Market,Idle,0.0,9.560000000000002,100.74,110.3,SSP,ISEM
2026-06-11 03:00:00,0.0,0.42000000000000004,SFFR,11.725,0.0,0.42000000000000004,SFFR,11.725,0.0,2.3787496011486513,Multi-Market,Idle,0.0,11.649999999999991,99.06,110.71,SSP,ISEM
2026-06-11 03:30:00,0.0,0.42000000000000004,SFFR,11.725,0.0,0.42000000000000004,SFFR,11.725,0.0,2.3787496011486513,Multi-Market,Idle,0.0,7.079999999999998,100.2,107.28,SSP,ISEM
2026-06-11 04:00:00,0.0,0.42000000000000004,SFFR,11.725,0.0,0.42000000000000004,SFFR,11.725,-2.1,4.337499202297303,Multi-Market,Buy-SSP,-189.231,21.159999999999997,90.11,111.27,SSP,ISEM
2026-06-11 04:30:00,0.0,0.42000000000000004,SFFR,11.725,0.0,0.42000000000000004,SFFR,11.725,0.0,4.337499202297303,Multi-Market,Idle,0.0,18.489999999999995,90.11,108.6,SSP,ISEM
2026-06-11 05:00:00,0.0,0.42000000000000004,SFFR,11.725,0.0,0.42000000000000004,SFFR,11.725,-0.1103448275862064,4.4404220056417305,Multi-Market,Buy-SSP,-9.943172413793059,21.909999999999997,90.11,112.02,SSP,ISEM
2026-06-11 05:30:00,0.0,0.42000000000000004,SFFR,11.725,0.0,0.42000000000000004,SFFR,11.725,0.0,4.4404220056417305,Multi-Market,Idle,0.0,22.570000000000007,91.05,113.62,SSP,ISEM
2026-06-11 06:00:00,0.0,0.42000000000000004,SFFR,11.725,0.0,0.42000000000000004,SFFR,11.725,0.0,4.4404220056417305,Multi-Market,Idle,0.0,29.569999999999993,92.0,121.57,SSP,EPEX
2026-06-11 06:30:00,0.0,0.42000000000000004,SFFR,11.725,0.0,0.42000000000000004,SFFR,11.725,3.75,0.42000000000000004,Multi-Market,Sell-SSP,571.875,34.5,118.0,152.5,DA_HH,SSP
2026-06-11 07:00:00,0.0,0.42000000000000004,SFFR,11.725,0.0,0.42000000000000004,SFFR,11.725,0.0,0.42000000000000004,Multi-Market,Idle,0.0,26.450000000000003,91.06,117.51,SSP,EPEX
2026-06-11 07:30:00,0.0,0.42000000000000004,SFFR,11.725,0.0,0.42000000000000004,SFFR,11.725,0.0,0.42000000000000004,Multi-Market,Idle,0.0,31.489999999999995,117.51,149.0,EPEX,SSP
2026-06-11 08:00:00,0.0,0.42000000000000004,SFFR,11.725,0.0,0.42000000000000004,SFFR,11.725,0.0,0.42000000000000004,Multi-Market,Idle,0.0,24.870000000000005,91.69,116.56,SSP,EPEX
2026-06-11 08:30:00,0.0,0.42000000000000004,SFFR,11.725,0.0,0.42000000000000004,SFFR,11.725,0.0,0.42000000000000004,Multi-Market,Idle,0.0,20.870000000000005,111.5,132.37,DA_HH,SSP
2026-06-11 09:00:00,0.0,0.42000000000000004,SFFR,11.725,0.0,0.42000000000000004,SFFR,11.725,0.0,0.42000000000000004,Multi-Market,Idle,0.0,17.77000000000001,114.0,131.77,DA_HH,SSP
2026-06-11 09:30:00,0.0,0.42000000000000004,SFFR,11.725,0.0,0.42000000000000004,SFFR,11.725,0.0,0.42000000000000004,Multi-Market,Idle,0.0,25.47,108.53,134.0,DA_HH,SSP
2026-06-11 10:00:00,0.0,0.42000000000000004,SFFR,11.725,0.0,0.42000000000000004,SFFR,11.725,0.0,0.42000000000000004,Multi-Market,Idle,0.0,34.599999999999994,108.4,143.0,DA_HH,SSP
2026-06-11 10:30:00,0.0,0.42000000000000004,SFFR,11.725,0.0,0.42000000000000004,SFFR,11.725,0.0,0.42000000000000004,Multi-Market,Idle,0.0,35.59,103.41,139.0,DA_HH,SSP
2026-06-11 11:00:00,0.0,0.42000000000000004,SFFR,11.725,0.0,0.42000000000000004,SFFR,11.725,0.0,0.42000000000000004,Multi-Market,Idle,0.0,38.06999999999999,99.93,138.0,ISEM,SSP
2026-06-11 11:30:00,0.0,0.42000000000000004,SFFR,11.725,0.0,0.42000000000000004,SFFR,11.725,-2.1,2.3787496011486517,Multi-Market,Buy-SSP,-174.405,30.730000000000004,83.05,113.78,SSP,EPEX
2026-06-11 12:00:00,0.0,0.42000000000000004,SFFR,11.725,0.0,0.42000000000000004,SFFR,11.725,0.0,2.3787496011486517,Multi-Market,Idle,0.0,13.210000000000008,92.02,105.23,SSP,EPEX
2026-06-11 12:30:00,0.0,0.42000000000000004,SFFR,11.725,0.0,0.42000000000000004,SFFR,11.725,0.0,2.3787496011486517,Multi-Market,Idle,0.0,20.659999999999997,105.23,125.89,EPEX,SSP
2026-06-11 13:00:00,0.0,0.42000000000000004,SFFR,11.725,0.0,0.42000000000000004,SFFR,11.725,0.0,2.3787496011486517,Multi-Market,Idle,0.0,29.590000000000003,99.91,129.5,EPEX,SSP
2026-06-11 13:30:00,0.0,0.42000000000000004,SFFR,11.725,0.0,0.42000000000000004,SFFR,11.725,0.0,2.3787496011486517,Multi-Market,Idle,0.0,29.83,99.67,129.5,DA_HH,SSP
2026-06-11 14:00:00,0.0,0.42000000000000004,SFFR,11.725,0.0,0.42000000000000004,SFFR,11.725,0.0,2.3787496011486517,Multi-Market,Idle,0.0,34.400000000000006,91.1,125.5,EPEX,SSP
2026-06-11 14:30:00,0.0,0.42000000000000004,SFFR,11.725,0.0,0.42000000000000004,SFFR,11.725,0.0,2.3787496011486517,Multi-Market,Idle,0.0,34.400000000000006,91.1,125.5,EPEX,SSP
2026-06-11 15:00:00,0.0,0.42000000000000004,SFFR,11.725,0.0,0.42000000000000004,SFFR,11.725,-2.1,4.337499202297303,Multi-Market,Buy-DA_HH,-182.72100000000003,47.989999999999995,87.01,135.0,DA_HH,SSP
2026-06-11 15:30:00,0.0,0.42000000000000004,SFFR,11.725,0.0,0.42000000000000004,SFFR,11.725,-1.7724137931034496,5.9906967310171835,Multi-Market,Buy-DA_HH,-157.230827586207,46.290000000000006,88.71,135.0,DA_HH,SSP
2026-06-11 16:00:00,0.0,0.42000000000000004,SFFR,11.725,0.0,0.42000000000000004,SFFR,11.725,-2.1,7.949446332165834,Multi-Market,Buy-SSP,-185.661,5.640000000000001,88.41,94.05,SSP,EPEX
2026-06-11 16:30:00,0.0,0.42000000000000004,SFFR,11.725,0.0,0.42000000000000004,SFFR,11.725,0.0,7.949446332165834,Multi-Market,Idle,0.0,44.85000000000001,94.05,138.9,EPEX,SSP
2026-06-11 17:00:00,0.0,0.42000000000000004,SFFR,11.725,0.0,0.42000000000000004,SFFR,11.725,0.0,7.949446332165834,Multi-Market,Idle,0.0,32.44,106.56,139.0,EPEX,SSP
2026-06-11 17:30:00,0.0,0.42000000000000004,SFFR,11.725,0.0,0.42000000000000004,SFFR,11.725,0.0,7.949446332165834,Multi-Market,Idle,0.0,35.94,106.56,142.5,EPEX,SSP
2026-06-11 18:00:00,0.0,0.42000000000000004,SFFR,11.725,0.0,0.42000000000000004,SFFR,11.725,0.0,7.949446332165834,Multi-Market,Idle,0.0,21.61,117.39,139.0,EPEX,SSP
2026-06-11 18:30:00,0.0,0.42000000000000004,SFFR,11.725,0.0,0.42000000000000004,SFFR,11.725,0.0,7.949446332165834,Multi-Market,Idle,0.0,21.61,117.39,139.0,EPEX,SSP
2026-06-11 19:00:00,0.0,0.42000000000000004,SFFR,11.725,0.0,0.42000000000000004,SFFR,11.725,0.0,7.949446332165834,Multi-Market,Idle,0.0,14.969999999999999,124.03,139.0,ISEM,SSP
2026-06-11 19:30:00,0.0,0.42000000000000004,SFFR,11.725,0.0,0.42000000000000004,SFFR,11.725,0.0,7.949446332165834,Multi-Market,Idle,0.0,18.510000000000005,123.79,142.3,DA_HH,SSP
2026-06-11 20:00:00,0.0,0.42000000000000004,SFFR,11.725,0.0,0.42000000000000004,SFFR,11.725,0.0,7.949446332165834,Multi-Market,Idle,0.0,22.11999999999999,121.86,143.98,DA_HH,SSP
2026-06-11 20:30:00,0.0,0.42000000000000004,SFFR,11.725,0.0,0.42000000000000004,SFFR,11.725,3.273000000000001,4.4404220056417305,Multi-Market,Sell-SSP,491.83371000000017,28.41000000000001,121.86,150.27,DA_HH,SSP
2026-06-11 21:00:00,0.0,0.42000000000000004,SFFR,11.725,0.0,0.42000000000000004,SFFR,11.725,3.75,0.42000000000000004,Multi-Market,Sell-SSP,576.375,39.579999999999984,114.12,153.7,EPEX,SSP
2026-06-11 21:30:00,0.0,0.42000000000000004,SFFR,11.725,0.0,0.42000000000000004,SFFR,11.725,-0.0,0.42000000000000004,Multi-Market,Idle,-0.0,38.0,107.0,145.0,DA_HH,SSP
2026-06-11 22:00:00,0.0,0.42000000000000004,SFFR,11.725,0.0,0.42000000000000004,SFFR,11.725,-0.0,0.42000000000000004,Multi-Market,Idle,-0.0,31.69999999999999,94.15,125.85,ISEM,SSP
2026-06-11 22:30:00,0.0,0.42000000000000004,SFFR,11.725,0.0,0.42000000000000004,SFFR,11.725,0.0,0.42000000000000004,Multi-Market,Idle,0.0,11.480000000000004,85.0,96.48,SSP,EPEX
2026-06-11 23:00:00,0.0,0.42000000000000004,SFFR,11.725,0.0,0.42000000000000004,SFFR,11.725,-0.2729999999999999,0.42000000000000004,Multi-Market,Buy-SSP,100.08600000000001,63.0,55.0,118.0,SSP,DA_HH
2026-06-11 23:30:00,0.0,0.42000000000000004,SFFR,11.725,0.0,0.42000000000000004,SFFR,11.725,0.0,0.42000000000000004,Multi-Market,Idle,0.0,36.620000000000005,74.91,111.53,SSP,DA_HH
2026-06-12 00:00:00,0.0,0.42000000000000004,EPEX,0.0,0.0,0.42000000000000004,SFFR,11.725,0.0,0.42000000000000004,Multi-Market,Idle,0.0,16.0,84.0,100.0,EPEX,DA_HH
2026-06-12 00:30:00,0.0,0.42000000000000004,EPEX,0.0,0.0,0.42000000000000004,SFFR,11.725,0.0,0.42000000000000004,Multi-Market,Idle,0.0,8.969999999999999,84.0,92.97,EPEX,SSP
2026-06-12 01:00:00,0.0,0.42000000000000004,EPEX,0.0,0.0,0.42000000000000004,SFFR,11.725,0.0,0.42000000000000004,Multi-Market,Idle,0.0,7.980000000000004,79.16,87.14,EPEX,SSP
2026-06-12 01:30:00,0.0,0.42000000000000004,EPEX,0.0,0.0,0.42000000000000004,SFFR,11.725,0.0,0.42000000000000004,Multi-Market,Idle,0.0,29.820000000000007,79.16,108.98,EPEX,SSP
2026-06-12 02:00:00,0.0,0.42000000000000004,EPEX,0.0,0.0,0.42000000000000004,SFFR,11.725,0.0,0.42000000000000004,Multi-Market,Idle,0.0,42.02000000000001,76.32,118.34,EPEX,SSP
2026-06-12 02:30:00,0.0,0.42000000000000004,EPEX,0.0,0.0,0.42000000000000004,SFFR,11.725,0.0,0.42000000000000004,Multi-Market,Idle,0.0,48.68000000000001,76.32,125.0,EPEX,SSP
2026-06-12 03:00:00,-2.1,2.3787496011486513,EPEX,-157.29000000000002,0.0,0.42000000000000004,SFFR,11.725,0.0,0.42000000000000004,Multi-Market,Idle,0.0,47.94999999999999,74.9,122.85,EPEX,SSP
2026-06-12 03:30:00,-2.1,4.337499202297303,EPEX,-157.29000000000002,0.0,0.42000000000000004,SFFR,11.725,0.0,0.42000000000000004,Multi-Market,Idle,0.0,9.699999999999989,74.9,84.6,EPEX,ISEM
2026-06-12 04:00:00,-0.07758785731592857,4.409868337807566,EPEX,-5.881159584547386,0.0,0.42000000000000004,SFFR,11.725,0.0,0.42000000000000004,Multi-Market,Idle,0.0,47.05,75.8,122.85,EPEX,SSP
2026-06-12 04:30:00,-2.1,6.368617938956217,EPEX,-159.18,0.0,0.42000000000000004,SFFR,11.725,0.0,0.42000000000000004,Multi-Market,Idle,0.0,13.600000000000009,75.8,89.4,EPEX,DA_HH
2026-06-12 05:00:00,0.0,6.368617938956217,EPEX,0.0,0.0,0.42000000000000004,SFFR,11.725,0.0,0.42000000000000004,Multi-Market,Idle,0.0,10.700000000000003,86.0,96.7,EPEX,ISEM
2026-06-12 05:30:00,0.0,6.368617938956217,EPEX,0.0,0.0,0.42000000000000004,SFFR,11.725,-2.1,2.3787496011486513,Multi-Market,Buy-SSP,-86.415,61.02,41.15,102.17,SSP,ISEM
2026-06-12 06:00:00,0.0,6.368617938956217,EPEX,0.0,0.0,0.42000000000000004,SFFR,11.725,-2.1,4.337499202297303,Multi-Market,Buy-SSP,-84.0,64.0,40.0,104.0,SSP,ISEM
2026-06-12 06:30:00,0.0,6.368617938956217,EPEX,0.0,0.0,0.42000000000000004,SFFR,11.725,0.0,4.337499202297303,Multi-Market,Idle,0.0,29.179999999999993,99.45,128.63,EPEX,SSP
2026-06-12 07:00:00,1.798501435864858,4.4404220056417305,EPEX,191.54040291960737,0.0,0.42000000000000004,SFFR,11.725,3.6540000000000004,0.42000000000000004,Multi-Market,Sell-SSP,529.83,38.5,106.5,145.0,EPEX,SSP
2026-06-12 07:30:00,3.75,0.42000000000000004,EPEX,399.375,0.0,0.42000000000000004,SFFR,11.725,-0.0,0.42000000000000004,Multi-Market,Idle,-0.0,37.639999999999986,106.5,144.14,EPEX,SSP
2026-06-12 08:00:00,-0.0,0.42000000000000004,EPEX,-0.0,0.0,0.42000000000000004,SFFR,11.725,-0.0,0.42000000000000004,Multi-Market,Idle,-0.0,38.11,105.79,143.9,EPEX,SSP
2026-06-12 08:30:00,-0.0,0.42000000000000004,EPEX,-0.0,0.0,0.42000000000000004,SFFR,11.725,-0.0,0.42000000000000004,Multi-Market,Idle,-0.0,41.25,102.65,143.9,ISEM,SSP
2026-06-12 09:00:00,-0.0,0.42000000000000004,EPEX,-0.0,0.0,0.42000000000000004,SFFR,11.725,0.0,0.42000000000000004,Multi-Market,Idle,0.0,44.790000000000006,99.11,143.9,ISEM,SSP
2026-06-12 09:30:00,-0.0,0.42000000000000004,EPEX,-0.0,0.0,0.42000000000000004,SFFR,11.725,-0.0,0.42000000000000004,Multi-Market,Idle,-0.0,57.260000000000005,84.64,141.9,ISEM,SSP
2026-06-12 10:00:00,0.0,0.42000000000000004,EPEX,0.0,0.0,0.42000000000000004,SFFR,11.725,0.0,0.42000000000000004,Multi-Market,Idle,0.0,38.33,49.67,88.0,SSP,EPEX
2026-06-12 10:30:00,-0.0,0.42000000000000004,EPEX,-0.0,0.0,0.42000000000000004,SFFR,11.725,0.0,0.42000000000000004,Multi-Market,Idle,0.0,39.38,48.62,88.0,SSP,EPEX
2026-06-12 11:00:00,0.0,0.42000000000000004,EPEX,0.0,0.0,0.42000000000000004,SFFR,11.725,-0.0,0.42000000000000004,Multi-Market,Idle,-0.0,45.760000000000005,71.1,116.86,DA_HH,SSP
2026-06-12 11:30:00,0.0,0.42000000000000004,EPEX,0.0,0.0,0.42000000000000004,SFFR,11.725,0.0,0.42000000000000004,Multi-Market,Idle,0.0,56.760000000000005,15.0,71.76,SSP,EPEX
2026-06-12 12:00:00,0.0,0.42000000000000004,EPEX,0.0,0.0,0.42000000000000004,SFFR,11.725,0.0,0.42000000000000004,Multi-Market,Idle,0.0,65.22,0.78,66.0,SSP,ISEM
2026-06-12 12:30:00,0.0,0.42000000000000004,EPEX,0.0,0.0,0.42000000000000004,SFFR,11.725,0.0,0.42000000000000004,Multi-Market,Idle,0.0,58.28,-5.88,52.4,SSP,ISEM
2026-06-12 13:00:00,0.0,0.42000000000000004,EPEX,0.0,0.0,0.42000000000000004,SFFR,11.725,0.0,0.42000000000000004,Multi-Market,Idle,0.0,56.28,-5.0,51.28,SSP,DA_HH
2026-06-12 13:30:00,0.0,0.42000000000000004,EPEX,0.0,0.0,0.42000000000000004,SFFR,11.725,0.0,0.42000000000000004,Multi-Market,Idle,0.0,53.3,-14.5,38.8,SSP,DA_HH
2026-06-12 14:00:00,-1.8051707633737293,2.1037511965540467,EPEX,-47.205215462223016,0.0,0.42000000000000004,SFFR,11.725,0.0,0.42000000000000004,Multi-Market,Idle,0.0,68.21000000000001,-26.21,42.0,SSP,ISEM
2026-06-12 14:30:00,-2.1,4.062500797702698,EPEX,-54.915,0.0,0.42000000000000004,SFFR,11.725,0.0,0.42000000000000004,Multi-Market,Idle,0.0,65.72,-27.5,38.22,SSP,ISEM
2026-06-12 15:00:00,-2.1,6.021250398851349,EPEX,-54.36900000000001,0.0,0.42000000000000004,SFFR,11.725,-2.1,2.3787496011486517,Multi-Market,Buy-SSP,64.47,74.7,-30.7,44.0,SSP,DA_HH
2026-06-12 15:30:00,-2.1,7.9799999999999995,EPEX,-54.36900000000001,0.0,0.42000000000000004,SFFR,11.725,-2.1,4.337499202297303,Multi-Market,Buy-SSP,64.47,75.11,-30.7,44.41,SSP,ISEM
2026-06-12 16:00:00,0.0,7.9799999999999995,EPEX,0.0,-2.1,2.3787496011486513,EPEX,-100.653,-2.1,6.296248803445954,Multi-Market,Buy-SSP,63.0,77.93,-30.0,47.93,SSP,EPEX
2026-06-12 16:30:00,0.0,7.9799999999999995,EPEX,0.0,-2.1,4.337499202297303,EPEX,-100.653,-1.843498564135144,7.9799999999999995,Multi-Market,Buy-SSP,77.50259118379897,86.53999999999999,-30.0,56.54,SSP,ISEM
2026-06-12 17:00:00,0.0,7.9799999999999995,EPEX,0.0,3.6540000000000004,0.42000000000000004,EPEX,266.742,-0.24475862068965548,7.9799999999999995,Multi-Market,Buy-SSP,146.1208965517243,87.1,-14.1,73.0,SSP,EPEX
2026-06-12 17:30:00,0.0,7.9799999999999995,EPEX,0.0,-0.0,0.42000000000000004,EPEX,-0.0,-0.0,7.9799999999999995,Multi-Market,Idle,-0.0,26.42,63.58,90.0,ISEM,SSP
2026-06-12 18:00:00,-0.0,7.9799999999999995,EPEX,-0.0,0.0,0.42000000000000004,SFFR,11.725,-0.0,7.9799999999999995,Multi-Market,Idle,-0.0,45.809999999999995,63.65,109.46,ISEM,SSP
2026-06-12 18:30:00,-0.0,7.9799999999999995,EPEX,-0.0,0.0,0.42000000000000004,SFFR,11.725,-0.0,7.9799999999999995,Multi-Market,Idle,-0.0,40.59,72.91,113.5,ISEM,SSP
2026-06-12 19:00:00,3.3014985641351435,4.4404220056417305,EPEX,322.4573647590795,0.0,0.42000000000000004,SFFR,11.725,0.0,7.9799999999999995,Multi-Market,Idle,0.0,30.58,78.42,109.0,ISEM,SSP
2026-06-12 19:30:00,3.75,0.42000000000000004,EPEX,366.2625,0.0,0.42000000000000004,SFFR,11.725,0.0,7.9799999999999995,Multi-Market,Idle,0.0,42.67,55.0,97.67,SSP,EPEX
2026-06-12 20:00:00,-0.0,0.42000000000000004,EPEX,-0.0,0.0,0.42000000000000004,SFFR,11.725,0.0,7.9799999999999995,Multi-Market,Idle,0.0,8.150000000000006,89.05,97.2,ISEM,EPEX
2026-06-12 20:30:00,-0.0,0.42000000000000004,EPEX,-0.0,0.0,0.42000000000000004,SFFR,11.725,3.75,3.959577994358269,Multi-Market,Sell-SSP,566.1375,61.41,89.56,150.97,ISEM,SSP
2026-06-12 21:00:00,-0.0,0.42000000000000004,EPEX,-0.0,0.0,0.42000000000000004,SFFR,11.725,0.0,3.959577994358269,Multi-Market,Idle,0.0,5.52000000000001,92.96,98.48,ISEM,SSP
2026-06-12 21:30:00,-0.0,0.42000000000000004,EPEX,-0.0,0.0,0.42000000000000004,SFFR,11.725,3.3014985641351435,0.42000000000000004,Multi-Market,Sell-SSP,446.32959088543004,43.39,91.8,135.19,ISEM,SSP
2026-06-12 22:00:00,-0.0,0.42000000000000004,EPEX,-0.0,0.0,0.42000000000000004,SFFR,11.725,0.0,0.42000000000000004,Multi-Market,Idle,0.0,45.83,86.17,132.0,EPEX,SSP
2026-06-12 22:30:00,-0.0,0.42000000000000004,EPEX,-0.0,0.0,0.42000000000000004,SFFR,11.725,-0.0,0.42000000000000004,Multi-Market,Idle,-0.0,45.83,86.17,132.0,EPEX,SSP
2026-06-12 23:00:00,0.0,0.42000000000000004,EPEX,0.0,0.0,0.42000000000000004,SFFR,11.725,-0.0,0.42000000000000004,Multi-Market,Idle,-0.0,68.49999999999999,63.2,131.7,EPEX,SSP
2026-06-12 23:30:00,-0.0,0.42000000000000004,EPEX,-0.0,0.0,0.42000000000000004,SFFR,11.725,-0.0,0.42000000000000004,Multi-Market,Idle,-0.0,61.709999999999994,63.2,124.91,EPEX,SSP
2026-06-13 00:00:00,0.0,0.42000000000000004,EPEX,0.0,0.0,0.42000000000000004,SFFR,11.725,-0.0,0.42000000000000004,Multi-Market,Idle,-0.0,45.739999999999995,48.95,94.69,EPEX,SSP
2026-06-13 00:30:00,0.0,0.42000000000000004,EPEX,0.0,0.0,0.42000000000000004,SFFR,11.725,0.0,0.41999999999999993,Multi-Market,Idle,0.0,29.789999999999992,48.95,78.74,EPEX,SSP
2026-06-13 01:00:00,-0.0,0.42000000000000004,EPEX,-0.0,0.0,0.42000000000000004,SFFR,11.725,0.0,0.41999999999999993,Multi-Market,Idle,0.0,41.65,31.4,73.05,EPEX,SSP
2026-06-13 01:30:00,-0.0,0.42000000000000004,EPEX,-0.0,0.0,0.42000000000000004,SFFR,11.725,0.0,0.4200000000000006,Multi-Market,Idle,0.0,32.46,31.4,63.86,EPEX,SSP
2026-06-13 02:00:00,0.0,0.42000000000000004,EPEX,0.0,0.0,0.42000000000000004,SFFR,11.725,-2.1,2.3787496011486517,Multi-Market,Buy-SSP,-27.405,31.580000000000002,13.05,44.63,SSP,DA_HH
2026-06-13 02:30:00,-0.0,0.42000000000000004,EPEX,-0.0,0.0,0.42000000000000004,SFFR,11.725,-2.1,4.337499202297303,Multi-Market,Buy-SSP,16.8,44.33,-8.0,36.33,SSP,DA_HH
2026-06-13 03:00:00,0.0,0.42000000000000004,EPEX,0.0,0.0,0.42000000000000004,SFFR,11.725,0.0,4.337499202297303,Multi-Market,Idle,0.0,30.459999999999997,24.98,55.44,EPEX,SSP
2026-06-13 03:30:00,-0.0,0.42000000000000004,EPEX,-0.0,0.0,0.42000000000000004,SFFR,11.725,0.0,4.337499202297303,Multi-Market,Idle,0.0,35.06,24.98,60.04,EPEX,SSP
2026-06-13 04:00:00,0.0,0.42000000000000004,EPEX,0.0,0.0,0.42000000000000004,SFFR,11.725,3.654,0.42000000000000004,Multi-Market,Sell-SSP,314.86518,64.77000000000001,21.4,86.17,EPEX,SSP
2026-06-13 04:30:00,-0.0,0.42000000000000004,EPEX,-0.0,0.0,0.42000000000000004,SFFR,11.725,0.0,0.42000000000000004,Multi-Market,Idle,0.0,33.11,21.4,54.51,EPEX,SSP
2026-06-13 05:00:00,0.0,0.42000000000000004,EPEX,0.0,0.0,0.42000000000000004,SFFR,11.725,0.0,0.42000000000000004,Multi-Market,Idle,0.0,36.71,15.44,52.15,EPEX,SSP
2026-06-13 05:30:00,-0.0,0.42000000000000004,EPEX,-0.0,0.0,0.42000000000000004,SFFR,11.725,0.0,0.42000000000000004,Multi-Market,Idle,0.0,44.1,-14.1,30.0,SSP,DA_HH
2026-06-13 06:00:00,-0.0,0.42000000000000004,EPEX,-0.0,0.0,0.42000000000000004,SFFR,11.725,0.0,0.42000000000000004,Multi-Market,Idle,0.0,21.1,0.0,21.1,SSP,DA_HH
2026-06-13 06:30:00,-0.0,0.42000000000000004,EPEX,-0.0,0.0,0.42000000000000004,SFFR,11.725,0.0,0.42000000000000004,Multi-Market,Idle,0.0,18.63,4.27,22.9,EPEX,DA_HH
2026-06-13 07:00:00,0.0,0.42000000000000004,EPEX,0.0,0.0,0.42000000000000004,SFFR,11.725,0.0,0.42000000000000004,Multi-Market,Idle,0.0,16.47,-4.0,12.47,ISEM,SSP
2026-06-13 07:30:00,0.0,0.42000000000000004,EPEX,0.0,0.0,0.42000000000000004,SFFR,11.725,0.0,0.42000000000000004,Multi-Market,Idle,0.0,10.97,0.0,10.97,EPEX,SSP
2026-06-13 08:00:00,0.0,0.42000000000000004,EPEX,-0.0,-1.843498564135144,2.1037511965540463,EPEX,2.5624630041478498,0.0,0.42000000000000004,Multi-Market,Idle,0.0,9.59,-1.69,7.9,SSP,DA_HH
2026-06-13 08:30:00,-0.0,0.42000000000000004,EPEX,0.0,-2.1,4.062500797702698,EPEX,2.919,0.0,0.42000000000000004,Multi-Market,Idle,0.0,13.9,-5.6,8.3,SSP,DA_HH
2026-06-13 09:00:00,0.0,0.42000000000000004,EPEX,-0.0,-2.1,6.021250398851349,EPEX,21.0,0.0,0.42000000000000004,Multi-Market,Idle,0.0,20.07,-10.0,10.07,EPEX,DA_HH
2026-06-13 09:30:00,-0.0,0.42000000000000004,EPEX,0.0,-2.1,7.9799999999999995,EPEX,21.0,0.0,0.42000000000000004,Multi-Market,Idle,0.0,18.59,-10.0,8.59,EPEX,DA_HH
2026-06-13 10:00:00,0.0,0.42000000000000004,EPEX,-0.0,0.0,7.9799999999999995,SFFR,11.725,0.0,0.42000000000000004,Multi-Market,Idle,0.0,55.14,-18.99,36.15,EPEX,SSP
2026-06-13 10:30:00,0.0,0.42000000000000004,EPEX,-0.0,0.0,7.9799999999999995,SFFR,11.725,0.0,0.42000000000000004,Multi-Market,Idle,0.0,11.979999999999999,-18.99,-7.01,EPEX,SSP
2026-06-13 11:00:00,0.0,0.42000000000000004,EPEX,-0.0,0.0,7.9799999999999995,SFFR,11.725,0.0,0.42000000000000004,Multi-Market,Idle,0.0,9.03,-22.15,-13.12,ISEM,SSP
2026-06-13 11:30:00,-0.24475862068965548,0.42000000000000004,EPEX,4.919648275862076,0.0,7.9799999999999995,SFFR,11.725,0.0,0.42000000000000004,Multi-Market,Idle,0.0,17.14,-23.52,-6.38,ISEM,SSP
2026-06-13 12:00:00,-2.1,2.3787496011486513,EPEX,48.300000000000004,0.0,7.9799999999999995,SFFR,11.725,0.0,0.42000000000000004,Multi-Market,Idle,0.0,15.4,-27.0,-11.6,ISEM,SSP
2026-06-13 12:30:00,1.5539999999999998,0.42000000000000004,EPEX,-35.742,0.0,7.9799999999999995,SFFR,11.725,0.0,0.42000000000000004,Multi-Market,Idle,0.0,5.960000000000001,-28.96,-23.0,ISEM,EPEX
2026-06-13 13:00:00,-2.1,2.3787496011486513,EPEX,52.92,0.0,7.9799999999999995,SFFR,11.725,0.0,0.42000000000000004,Multi-Market,Idle,0.0,12.439999999999998,-29.36,-16.92,ISEM,SSP
2026-06-13 13:30:00,-2.1,4.337499202297303,EPEX,52.92,0.0,7.9799999999999995,SFFR,11.725,0.0,0.42000000000000004,Multi-Market,Idle,0.0,11.079999999999998,-30.0,-18.92,ISEM,SSP
2026-06-13 14:00:00,-2.1,6.296248803445954,EPEX,52.5,0.0,7.9799999999999995,SFFR,11.725,0.0,0.42000000000000004,Multi-Market,Idle,0.0,15.260000000000002,-28.76,-13.5,ISEM,DA_HH
2026-06-13 14:30:00,-1.843498564135144,7.9799999999999995,EPEX,46.0874641033786,0.0,7.9799999999999995,SFFR,11.725,0.0,0.42000000000000004,Multi-Market,Idle,0.0,10.09,-26.2,-16.11,ISEM,DA_HH
2026-06-13 15:00:00,0.0,7.9799999999999995,EPEX,-0.0,0.0,7.9799999999999995,SFFR,11.725,0.0,0.42000000000000004,Multi-Market,Idle,-0.0,25.61,-30.84,-5.23,SSP,DA_HH
2026-06-13 15:30:00,0.0,7.9799999999999995,EPEX,-0.0,0.0,7.9799999999999995,SFFR,11.725,-1.882758620689659,2.176120332064311,Multi-Market,Buy-SSP,58.06427586206908,27.68,-30.84,-3.16,SSP,DA_HH
2026-06-13 16:00:00,-0.0,7.9799999999999995,EPEX,0.0,0.0,7.9799999999999995,SFFR,11.725,0.0,2.176120332064311,Multi-Market,Idle,0.0,35.45,-30.84,4.61,SSP,DA_HH
2026-06-13 16:30:00,0.0,7.9799999999999995,EPEX,-0.0,0.0,7.9799999999999995,SFFR,11.725,-2.0324985641351416,4.062500797702698,Multi-Market,Buy-SSP,79.26409890555709,70.71000000000001,-36.65,34.06,SSP,DA_HH
2026-06-13 17:00:00,-0.0,7.9799999999999995,EPEX,-0.0,0.0,7.9799999999999995,SFFR,11.725,-2.1,6.021250398851349,Multi-Market,Buy-SSP,157.5,81.01,-75.0,6.01,SSP,DA_HH
2026-06-13 17:30:00,0.0,7.9799999999999995,EPEX,0.0,0.0,7.9799999999999995,SFFR,11.725,-2.1,7.9799999999999995,Multi-Market,Buy-SSP,75.57900000000001,63.99,-35.99,28.0,SSP,DA_HH
2026-06-13 18:00:00,-0.0,7.9799999999999995,EPEX,-0.0,0.0,7.9799999999999995,EPEX,0.0,-0.27300000000000035,7.9799999999999995,Multi-Market,Buy-SSP,132.36342,68.16,-28.7,39.46,SSP,EPEX
2026-06-13 18:30:00,-0.0,7.9799999999999995,EPEX,-0.0,0.0,7.9799999999999995,EPEX,0.0,-0.0,7.9799999999999995,Multi-Market,Idle,-0.0,42.9,0.0,42.9,SSP,DA_HH
2026-06-13 19:00:00,-0.0,7.9799999999999995,EPEX,-0.0,3.75,3.959577994358269,EPEX,271.95,3.3014985641351435,4.4404220056417305,Multi-Market,Sell-SSP,363.1648420548658,37.480000000000004,72.52,110.0,EPEX,SSP
2026-06-13 19:30:00,-0.0,7.9799999999999995,EPEX,-0.0,3.3014985641351435,0.42000000000000004,EPEX,239.4246758710806,0.0,4.4404220056417305,Multi-Market,Idle,0.0,56.03,40.69,96.72,SSP,DA_HH
2026-06-13 20:00:00,-0.0,7.9799999999999995,EPEX,-0.0,0.0,0.42000000000000004,SFFR,11.725,0.0,4.4404220056417305,Multi-Market,Idle,0.0,24.0,82.0,106.0,EPEX,DA_HH
2026-06-13 20:30:00,0.0,7.9799999999999995,EPEX,0.0,0.0,0.42000000000000004,SFFR,11.725,0.0,4.4404220056417305,Multi-Market,Idle,0.0,61.17,41.16,102.33,SSP,DA_HH
2026-06-13 21:00:00,3.75,3.959577994358269,EPEX,348.29999999999995,0.0,0.42000000000000004,SFFR,11.725,0.0,4.4404220056417305,Multi-Market,Idle,0.0,24.11,77.52,101.63,SSP,DA_HH
2026-06-13 21:30:00,3.3014985641351435,0.42000000000000004,EPEX,306.64318663687214,0.0,0.42000000000000004,SFFR,11.725,0.0,4.4404220056417305,Multi-Market,Idle,0.0,14.370000000000005,92.88,107.25,EPEX,SSP
2026-06-13 22:00:00,-0.0,0.42000000000000004,EPEX,-0.0,0.0,0.42000000000000004,SFFR,11.725,0.0,4.4404220056417305,Multi-Market,Idle,0.0,19.629999999999995,72.48,92.11,SSP,ISEM
2026-06-13 22:30:00,-0.0,0.42000000000000004,EPEX,-0.0,0.0,0.42000000000000004,SFFR,11.725,3.75,0.42000000000000004,Multi-Market,Sell-SSP,487.5,47.81999999999999,82.18,130.0,EPEX,SSP
2026-06-13 23:00:00,0.0,0.42000000000000004,EPEX,0.0,0.0,0.42000000000000004,SFFR,11.725,0.0,0.41999999999999993,Multi-Market,Idle,0.0,41.46,38.54,80.0,SSP,EPEX
2026-06-13 23:30:00,-0.0,0.42000000000000004,EPEX,-0.0,0.0,0.42000000000000004,SFFR,11.725,-0.0,0.42000000000000004,Multi-Market,Idle,-0.0,38.72,41.28,80.0,SSP,EPEX
2026-06-14 00:00:00,0.0,0.42000000000000004,SFFR,11.725,0.0,0.42000000000000004,SFFR,11.725,0.0,0.42000000000000004,Multi-Market,Idle,0.0,43.45,29.55,73.0,SSP,EPEX
2026-06-14 00:30:00,0.0,0.42000000000000004,SFFR,11.725,0.0,0.42000000000000004,SFFR,11.725,0.0,0.42000000000000004,Multi-Market,Idle,0.0,43.69,29.31,73.0,SSP,EPEX
2026-06-14 01:00:00,0.0,0.42000000000000004,SFFR,11.725,0.0,0.42000000000000004,SFFR,11.725,0.0,0.42000000000000004,Multi-Market,Idle,0.0,58.56,8.44,67.0,SSP,EPEX
2026-06-14 01:30:00,0.0,0.42000000000000004,SFFR,11.725,0.0,0.42000000000000004,SFFR,11.725,0.0,0.42000000000000004,Multi-Market,Idle,0.0,59.69,7.31,67.0,SSP,EPEX
2026-06-14 02:00:00,0.0,0.42000000000000004,SFFR,11.725,0.0,0.42000000000000004,SFFR,11.725,0.0,0.42000000000000004,Multi-Market,Idle,0.0,61.0,1.0,62.0,SSP,EPEX
2026-06-14 02:30:00,0.0,0.42000000000000004,SFFR,11.725,0.0,0.42000000000000004,SFFR,11.725,0.0,0.42000000000000004,Multi-Market,Idle,0.0,63.66,-1.66,62.0,SSP,EPEX
2026-06-14 03:00:00,0.0,0.42000000000000004,SFFR,11.725,0.0,0.42000000000000004,SFFR,11.725,0.0,0.42000000000000004,Multi-Market,Idle,0.0,62.1,-2.1,60.0,SSP,EPEX
2026-06-14 03:30:00,0.0,0.42000000000000004,SFFR,11.725,0.0,0.42000000000000004,SFFR,11.725,0.0,0.42000000000000004,Multi-Market,Idle,0.0,61.66,-1.66,60.0,SSP,EPEX
2026-06-14 04:00:00,0.0,0.42000000000000004,SFFR,11.725,0.0,0.42000000000000004,SFFR,11.725,0.0,0.42000000000000004,Multi-Market,Idle,0.0,72.28,-14.1,58.18,SSP,EPEX
2026-06-14 04:30:00,0.0,0.42000000000000004,SFFR,11.725,0.0,0.42000000000000004,SFFR,11.725,-2.1,2.3787496011486513,Multi-Market,Buy-SSP,42.0,78.18,-20.0,58.18,SSP,EPEX
2026-06-14 05:00:00,0.0,0.42000000000000004,SFFR,11.725,0.0,0.42000000000000004,SFFR,11.725,-2.1,4.337499202297303,Multi-Market,Buy-SSP,29.61,64.39999999999999,-14.1,50.3,SSP,EPEX
2026-06-14 05:30:00,0.0,0.42000000000000004,SFFR,11.725,0.0,0.42000000000000004,SFFR,11.725,0.0,4.337499202297303,Multi-Market,Idle,0.0,57.76,-7.46,50.3,SSP,EPEX
2026-06-14 06:00:00,0.0,0.42000000000000004,SFFR,11.725,0.0,0.42000000000000004,SFFR,11.725,-1.8051707633737284,6.021250398851349,Multi-Market,Buy-SSP,25.45290776356957,71.55,-14.1,57.45,SSP,EPEX
2026-06-14 06:30:00,0.0,0.42000000000000004,SFFR,11.725,0.0,0.42000000000000004,SFFR,11.725,0.0,6.021250398851349,Multi-Market,Idle,0.0,69.07000000000001,-11.62,57.45,SSP,EPEX
2026-06-14 07:00:00,0.0,0.42000000000000004,SFFR,11.725,0.0,0.42000000000000004,SFFR,11.725,0.0,6.021250398851349,Multi-Market,Idle,0.0,62.76,-7.76,55.0,SSP,DA_HH
2026-06-14 07:30:00,0.0,0.42000000000000004,SFFR,11.725,0.0,0.42000000000000004,SFFR,11.725,0.0,6.021250398851349,Multi-Market,Idle,0.0,65.72,-10.72,55.0,SSP,DA_HH
2026-06-14 08:00:00,0.0,0.42000000000000004,SFFR,11.725,0.0,0.42000000000000004,SFFR,11.725,-2.1,7.9799999999999995,Multi-Market,Buy-SSP,29.61,73.8,-14.1,59.7,SSP,DA_HH
2026-06-14 08:30:00,0.0,0.42000000000000004,SFFR,11.725,0.0,0.42000000000000004,SFFR,11.725,0.0,7.9799999999999995,Multi-Market,Idle,0.0,74.9,-13.0,61.9,SSP,DA_HH
2026-06-14 09:00:00,0.0,0.42000000000000004,SFFR,11.725,0.0,0.42000000000000004,SFFR,11.725,-0.27300000000000035,7.9799999999999995,Multi-Market,Buy-SSP,155.96699999999998,83.5,-12.5,71.0,SSP,DA_HH
2026-06-14 09:30:00,0.0,0.42000000000000004,SFFR,11.725,0.0,0.42000000000000004,SFFR,11.725,-0.0,7.9799999999999995,Multi-Market,Idle,0.0,81.65,-10.65,71.0,SSP,DA_HH
2026-06-14 10:00:00,0.0,0.42000000000000004,SFFR,11.725,0.0,0.42000000000000004,SFFR,11.725,-0.27300000000000035,7.9799999999999995,Multi-Market,Buy-SSP,173.66537999999997,93.61,-9.67,83.94,SSP,ISEM
2026-06-14 10:30:00,0.0,0.42000000000000004,SFFR,11.725,0.0,0.42000000000000004,SFFR,11.725,0.0,7.9799999999999995,Multi-Market,Idle,0.0,5.990000000000009,77.85,83.84,EPEX,SSP
2026-06-14 11:00:00,0.0,0.42000000000000004,SFFR,11.725,0.0,0.42000000000000004,SFFR,11.725,-0.0,7.9799999999999995,Multi-Market,Idle,-0.0,49.029999999999994,37.21,86.24,SSP,ISEM
2026-06-14 11:30:00,0.0,0.42000000000000004,SFFR,11.725,0.0,0.42000000000000004,SFFR,11.725,0.0,7.9799999999999995,Multi-Market,Idle,0.0,40.13,45.87,86.0,SSP,EPEX
2026-06-14 12:00:00,0.0,0.42000000000000004,SFFR,11.725,0.0,0.42000000000000004,SFFR,11.725,1.8945014358648584,5.948881263341084,Multi-Market,Sell-SSP,209.55080382101198,35.709999999999994,74.9,110.61,DA_HH,SSP
2026-06-14 12:30:00,0.0,0.42000000000000004,SFFR,11.725,0.0,0.42000000000000004,SFFR,11.725,0.0,5.948881263341084,Multi-Market,Idle,0.0,28.299999999999997,64.7,93.0,SSP,EPEX
2026-06-14 13:00:00,0.0,0.42000000000000004,SFFR,11.725,0.0,0.42000000000000004,SFFR,11.725,0.0,5.948881263341084,Multi-Market,Idle,0.0,24.89,65.23,90.12,SSP,EPEX
2026-06-14 13:30:00,0.0,0.42000000000000004,SFFR,11.725,0.0,0.42000000000000004,SFFR,11.725,0.0,5.948881263341084,Multi-Market,Idle,0.0,24.840000000000003,65.28,90.12,SSP,EPEX
2026-06-14 14:00:00,0.0,0.42000000000000004,SFFR,11.725,0.0,0.42000000000000004,SFFR,11.725,0.0,5.948881263341084,Multi-Market,Idle,0.0,19.680000000000007,67.94,87.62,SSP,EPEX
2026-06-14 14:30:00,0.0,0.42000000000000004,SFFR,11.725,0.0,0.42000000000000004,SFFR,11.725,0.0,5.948881263341084,Multi-Market,Idle,0.0,32.620000000000005,55.0,87.62,SSP,EPEX
2026-06-14 15:00:00,0.0,0.42000000000000004,SFFR,11.725,0.0,0.42000000000000004,SFFR,11.725,0.0,5.948881263341084,Multi-Market,Idle,0.0,46.5,50.0,96.5,SSP,EPEX
2026-06-14 15:30:00,0.0,0.42000000000000004,SFFR,11.725,0.0,0.42000000000000004,SFFR,11.725,-0.07758785731592951,6.021250398851349,Multi-Market,Buy-SSP,-1.7286574609989096,74.22,22.28,96.5,SSP,EPEX
2026-06-14 16:00:00,0.0,0.42000000000000004,SFFR,11.725,0.0,0.42000000000000004,SFFR,11.725,-2.1,7.9799999999999995,Multi-Market,Buy-SSP,-42.0,89.55,20.0,109.55,SSP,EPEX
2026-06-14 16:30:00,0.0,0.42000000000000004,SFFR,11.725,0.0,0.42000000000000004,SFFR,11.725,0.0,7.9799999999999995,Multi-Market,Idle,0.0,36.14,73.41,109.55,SSP,EPEX
2026-06-14 17:00:00,0.0,0.42000000000000004,SFFR,11.725,0.0,0.42000000000000004,SFFR,11.725,-0.0,7.9799999999999995,Multi-Market,Idle,-0.0,18.599999999999994,111.0,129.6,ISEM,SSP
2026-06-14 17:30:00,0.0,0.42000000000000004,SFFR,11.725,0.0,0.42000000000000004,SFFR,11.725,0.0,7.9799999999999995,Multi-Market,Idle,0.0,5.0,115.0,120.0,EPEX,ISEM
2026-06-14 18:00:00,0.0,0.42000000000000004,SFFR,11.725,0.0,0.42000000000000004,SFFR,11.725,0.0,7.9799999999999995,Multi-Market,Idle,0.0,5.859999999999999,116.61,122.47,SSP,DA_HH
2026-06-14 18:30:00,0.0,0.42000000000000004,SFFR,11.725,0.0,0.42000000000000004,SFFR,11.725,0.0,7.9799999999999995,Multi-Market,Idle,0.0,11.739999999999995,108.26,120.0,SSP,EPEX
2026-06-14 19:00:00,0.0,0.42000000000000004,SFFR,11.725,0.0,0.42000000000000004,SFFR,11.725,0.0,7.9799999999999995,Multi-Market,Idle,0.0,39.31,85.69,125.0,SSP,EPEX
2026-06-14 19:30:00,0.0,0.42000000000000004,SFFR,11.725,0.0,0.42000000000000004,SFFR,11.725,0.0,7.9799999999999995,Multi-Market,Idle,0.0,4.910000000000011,124.33,129.24,DA_HH,SSP
2026-06-14 20:00:00,0.0,0.42000000000000004,SFFR,11.725,0.0,0.42000000000000004,SFFR,11.725,0.0,7.9799999999999995,Multi-Market,Idle,0.0,16.469999999999985,112.2,128.67,SSP,DA_HH
2026-06-14 20:30:00,0.0,0.42000000000000004,SFFR,11.725,0.0,0.42000000000000004,SFFR,11.725,3.3014985641351435,4.4404220056417305,Multi-Market,Sell-SSP,495.2247846202715,26.299999999999997,123.7,150.0,EPEX,SSP
2026-06-14 21:00:00,0.0,0.42000000000000004,SFFR,11.725,0.0,0.42000000000000004,SFFR,11.725,0.0,4.4404220056417305,Multi-Market,Idle,0.0,33.78,92.22,126.0,SSP,EPEX
2026-06-14 21:30:00,0.0,0.42000000000000004,SFFR,11.725,0.0,0.42000000000000004,SFFR,11.725,3.75,0.42000000000000004,Multi-Market,Sell-SSP,562.5,28.03,121.97,150.0,ISEM,SSP
2026-06-14 22:00:00,0.0,0.42000000000000004,SFFR,11.725,0.0,0.42000000000000004,SFFR,11.725,-0.0,0.42000000000000004,Multi-Market,Idle,-0.0,17.53,107.58,125.11,SSP,ISEM
2026-06-14 22:30:00,0.0,0.42000000000000004,SFFR,11.725,0.0,0.42000000000000004,SFFR,11.725,-0.0,0.42000000000000004,Multi-Market,Idle,-0.0,37.989999999999995,83.22,121.21,SSP,ISEM
2026-06-14 23:00:00,0.0,0.42000000000000004,SFFR,11.725,0.0,0.42000000000000004,SFFR,11.725,-0.0,0.42000000000000004,Multi-Market,Idle,-0.0,24.679999999999993,83.15,107.83,SSP,ISEM
2026-06-14 23:30:00,0.0,0.42000000000000004,SFFR,11.725,0.0,0.42000000000000004,SFFR,11.725,-0.0,0.42000000000000004,Multi-Market,Idle,-0.0,20.599999999999994,83.15,103.75,SSP,ISEM
2026-06-15 00:00:00,0.0,0.42000000000000004,SFFR,11.725,0.0,0.42000000000000004,SFFR,11.725,0.0,0.42000000000000004,Multi-Market,Idle,0.0,24.879999999999995,81.0,105.88,SSP,ISEM
2026-06-15 00:30:00,0.0,0.42000000000000004,SFFR,11.725,0.0,0.42000000000000004,SFFR,11.725,0.0,0.42000000000000004,Multi-Market,Idle,0.0,23.0,81.0,104.0,SSP,ISEM
2026-06-15 01:00:00,0.0,0.42000000000000004,SFFR,11.725,0.0,0.42000000000000004,SFFR,11.725,0.0,0.42000000000000004,Multi-Market,Idle,0.0,17.25,80.05,97.3,SSP,ISEM
2026-06-15 01:30:00,0.0,0.42000000000000004,SFFR,11.725,0.0,0.42000000000000004,SFFR,11.725,0.0,0.42000000000000004,Multi-Market,Idle,0.0,15.049999999999997,81.75,96.8,SSP,EPEX
2026-06-15 02:00:00,0.0,0.42000000000000004,SFFR,11.725,0.0,0.42000000000000004,SFFR,11.725,0.0,0.42000000000000004,Multi-Market,Idle,0.0,15.019999999999996,80.05,95.07,SSP,ISEM
2026-06-15 02:30:00,0.0,0.42000000000000004,SFFR,11.725,0.0,0.42000000000000004,SFFR,11.725,0.0,0.42000000000000004,Multi-Market,Idle,0.0,15.41000000000001,79.1,94.51,SSP,ISEM
2026-06-15 03:00:00,0.0,0.42000000000000004,SFFR,11.725,0.0,0.42000000000000004,SFFR,11.725,-2.1,2.3787496011486513,Multi-Market,Buy-SSP,-161.70000000000002,16.980000000000004,77.0,93.98,SSP,EPEX
2026-06-15 03:30:00,0.0,0.42000000000000004,SFFR,11.725,0.0,0.42000000000000004,SFFR,11.725,-2.1,4.337499202297303,Multi-Market,Buy-SSP,-161.70000000000002,16.980000000000004,77.0,93.98,SSP,EPEX
2026-06-15 04:00:00,0.0,0.42000000000000004,SFFR,11.725,0.0,0.42000000000000004,SFFR,11.725,0.0,4.337499202297303,Multi-Market,Idle,0.0,14.980000000000004,80.02,95.0,SSP,EPEX
2026-06-15 04:30:00,0.0,0.42000000000000004,SFFR,11.725,0.0,0.42000000000000004,SFFR,11.725,-2.1,6.296248803445954,Multi-Market,Buy-SSP,-161.70000000000002,18.0,77.0,95.0,SSP,EPEX
2026-06-15 05:00:00,0.0,0.42000000000000004,SFFR,11.725,0.0,0.42000000000000004,SFFR,11.725,0.0,6.296248803445954,Multi-Market,Idle,0.0,15.530000000000001,79.1,94.63,SSP,ISEM
2026-06-15 05:30:00,0.0,0.42000000000000004,SFFR,11.725,0.0,0.42000000000000004,SFFR,11.725,0.0,6.296248803445954,Multi-Market,Idle,0.0,17.459999999999994,77.26,94.72,SSP,ISEM
2026-06-15 06:00:00,0.0,0.42000000000000004,SFFR,11.725,0.0,0.42000000000000004,SFFR,11.725,-1.8051707633737284,7.9799999999999995,Multi-Market,Buy-SSP,-139.17866585611443,28.60000000000001,77.1,105.7,SSP,EPEX
2026-06-15 06:30:00,0.0,0.42000000000000004,SFFR,11.725,0.0,0.42000000000000004,SFFR,11.725,0.0,7.9799999999999995,Multi-Market,Idle,0.0,41.870000000000005,80.02,121.89,SSP,ISEM
2026-06-15 07:00:00,0.0,0.42000000000000004,SFFR,11.725,0.0,0.42000000000000004,SFFR,11.725,0.0,7.9799999999999995,Multi-Market,Idle,0.0,12.649999999999991,106.06,118.71,SSP,ISEM
2026-06-15 07:30:00,0.0,0.42000000000000004,SFFR,11.725,0.0,0.42000000000000004,SFFR,11.725,0.0,7.9799999999999995,Multi-Market,Idle,0.0,19.16000000000001,104.99,124.15,SSP,ISEM
2026-06-15 08:00:00,0.0,0.42000000000000004,SFFR,11.725,0.0,0.42000000000000004,SFFR,11.725,0.0,7.9799999999999995,Multi-Market,Idle,0.0,12.0,111.53,123.53,SSP,ISEM
2026-06-15 08:30:00,0.0,0.42000000000000004,SFFR,11.725,0.0,0.42000000000000004,SFFR,11.725,0.0,7.9799999999999995,Multi-Market,Idle,0.0,19.989999999999995,106.92,126.91,DA_HH,SSP
2026-06-15 09:00:00,0.0,0.42000000000000004,SFFR,11.725,0.0,0.42000000000000004,SFFR,11.725,1.7985014358648563,6.051804066685515,Multi-Market,Sell-SSP,243.15739412892856,30.19999999999999,105.0,135.2,EPEX,SSP
2026-06-15 09:30:00,0.0,0.42000000000000004,SFFR,11.725,0.0,0.42000000000000004,SFFR,11.725,0.0,6.051804066685515,Multi-Market,Idle,0.0,28.349999999999994,101.22,129.57,DA_HH,SSP
2026-06-15 10:00:00,0.0,0.42000000000000004,SFFR,11.725,0.0,0.42000000000000004,SFFR,11.725,3.75,2.031382061043784,Multi-Market,Sell-SSP,513.75,44.3,92.7,137.0,DA_HH,SSP
2026-06-15 10:30:00,0.0,0.42000000000000004,SFFR,11.725,0.0,0.42000000000000004,SFFR,11.725,0.0,2.031382061043784,Multi-Market,Idle,0.0,17.89,81.76,99.65,SSP,EPEX
2026-06-15 11:00:00,0.0,0.42000000000000004,SFFR,11.725,0.0,0.42000000000000004,SFFR,11.725,0.0,2.031382061043784,Multi-Market,Idle,0.0,32.53999999999999,88.4,120.94,DA_HH,SSP
2026-06-15 11:30:00,0.0,0.42000000000000004,SFFR,11.725,0.0,0.42000000000000004,SFFR,11.725,-0.07758785731592666,2.103751196554046,Multi-Market,Buy-SSP,-6.342807335577004,11.200000000000003,81.75,92.95,SSP,EPEX
2026-06-15 12:00:00,0.0,0.42000000000000004,SFFR,11.725,0.0,0.42000000000000004,SFFR,11.725,0.0,2.103751196554046,Multi-Market,Idle,0.0,11.239999999999995,81.76,93.0,SSP,ISEM
2026-06-15 12:30:00,0.0,0.42000000000000004,SFFR,11.725,0.0,0.42000000000000004,SFFR,11.725,0.0,2.103751196554046,Multi-Market,Idle,0.0,11.719999999999999,81.75,93.47,SSP,ISEM
2026-06-15 13:00:00,0.0,0.42000000000000004,SFFR,11.725,0.0,0.42000000000000004,SFFR,11.725,0.0,2.103751196554046,Multi-Market,Idle,0.0,3.769999999999996,89.73,93.5,DA_HH,EPEX
2026-06-15 13:30:00,0.0,0.42000000000000004,SFFR,11.725,0.0,0.42000000000000004,SFFR,11.725,0.0,2.103751196554046,Multi-Market,Idle,0.0,35.0,84.5,119.5,DA_HH,SSP
2026-06-15 14:00:00,0.0,0.42000000000000004,SFFR,11.725,0.0,0.42000000000000004,SFFR,11.725,0.0,2.103751196554046,Multi-Market,Idle,0.0,11.699999999999989,81.76,93.46,SSP,EPEX
2026-06-15 14:30:00,0.0,0.42000000000000004,SFFR,11.725,0.0,0.42000000000000004,SFFR,11.725,0.0,2.103751196554046,Multi-Market,Idle,0.0,10.209999999999994,83.25,93.46,SSP,EPEX
2026-06-15 15:00:00,0.0,0.42000000000000004,SFFR,11.725,0.0,0.42000000000000004,SFFR,11.725,-2.1,4.062500797702697,Multi-Market,Buy-SSP,-162.519,20.409999999999997,77.39,97.8,SSP,EPEX
2026-06-15 15:30:00,0.0,0.42000000000000004,SFFR,11.725,0.0,0.42000000000000004,SFFR,11.725,-2.1,6.021250398851348,Multi-Market,Buy-SSP,-160.524,21.36,76.44,97.8,SSP,EPEX
2026-06-15 16:00:00,0.0,0.42000000000000004,SFFR,11.725,0.0,0.42000000000000004,SFFR,11.725,-2.1,7.9799999999999995,Multi-Market,Buy-SSP,-168.21,26.680000000000007,80.1,106.78,SSP,EPEX
2026-06-15 16:30:00,0.0,0.42000000000000004,SFFR,11.725,0.0,0.42000000000000004,SFFR,11.725,0.0,7.9799999999999995,Multi-Market,Idle,0.0,27.200000000000003,81.8,109.0,SSP,DA_HH
2026-06-15 17:00:00,0.0,0.42000000000000004,SFFR,11.725,0.0,0.42000000000000004,SFFR,11.725,0.0,7.9799999999999995,Multi-Market,Idle,0.0,18.099999999999994,111.9,130.0,DA_HH,SSP
2026-06-15 17:30:00,0.0,0.42000000000000004,SFFR,11.725,0.0,0.42000000000000004,SFFR,11.725,-0.0,7.9799999999999995,Multi-Market,Idle,-0.0,17.689999999999998,121.5,139.19,EPEX,SSP
2026-06-15 18:00:00,0.0,0.42000000000000004,SFFR,11.725,0.0,0.42000000000000004,SFFR,11.725,0.0,7.9799999999999995,Multi-Market,Idle,0.0,22.010000000000005,111.89,133.9,SSP,ISEM
2026-06-15 18:30:00,0.0,0.42000000000000004,SFFR,11.725,0.0,0.42000000000000004,SFFR,11.725,-0.0,7.9799999999999995,Multi-Market,Idle,-0.0,7.860000000000014,132.14,140.0,EPEX,SSP
2026-06-15 19:00:00,0.0,0.42000000000000004,SFFR,11.725,0.0,0.42000000000000004,SFFR,11.725,0.0,7.9799999999999995,Multi-Market,Idle,0.0,8.939999999999998,134.06,143.0,ISEM,SSP
2026-06-15 19:30:00,0.0,0.42000000000000004,SFFR,11.725,0.0,0.42000000000000004,SFFR,11.725,3.3014985641351435,4.4404220056417305,Multi-Market,Sell-SSP,478.7172917995958,10.599999999999994,134.4,145.0,EPEX,SSP
2026-06-15 20:00:00,0.0,0.42000000000000004,SFFR,11.725,0.0,0.42000000000000004,SFFR,11.725,0.0,4.4404220056417305,Multi-Market,Idle,0.0,6.1200000000000045,132.96,139.08,EPEX,SSP
2026-06-15 20:30:00,0.0,0.42000000000000004,SFFR,11.725,0.0,0.42000000000000004,SFFR,11.725,0.0,4.4404220056417305,Multi-Market,Idle,0.0,5.4199999999999875,132.96,138.38,EPEX,SSP
2026-06-15 21:00:00,0.0,0.42000000000000004,SFFR,11.725,0.0,0.42000000000000004,SFFR,11.725,0.0,4.4404220056417305,Multi-Market,Idle,0.0,14.259999999999991,130.74,145.0,EPEX,SSP
2026-06-15 21:30:00,0.0,0.42000000000000004,SFFR,11.725,0.0,0.42000000000000004,SFFR,11.725,0.0,4.4404220056417305,Multi-Market,Idle,0.0,14.259999999999991,130.74,145.0,EPEX,SSP
2026-06-15 22:00:00,0.0,0.42000000000000004,SFFR,11.725,0.0,0.42000000000000004,SFFR,11.725,3.75,0.42000000000000004,Multi-Market,Sell-SSP,561.1875,35.19000000000001,114.46,149.65,EPEX,SSP
2026-06-15 22:30:00,0.0,0.42000000000000004,SFFR,11.725,0.0,0.42000000000000004,SFFR,11.725,0.0,0.42000000000000004,Multi-Market,Idle,0.0,21.299999999999997,100.91,122.21,SSP,DA_HH
2026-06-15 23:00:00,0.0,0.42000000000000004,SFFR,11.725,0.0,0.42000000000000004,SFFR,11.725,-0.0,0.42000000000000004,Multi-Market,Idle,-0.0,38.010000000000005,105.99,144.0,EPEX,SSP
2026-06-15 23:30:00,0.0,0.42000000000000004,SFFR,11.725,0.0,0.42000000000000004,SFFR,11.725,-0.0,0.42000000000000004,Multi-Market,Idle,-0.0,9.909999999999997,99.95,109.86,SSP,ISEM
2026-06-16 00:00:00,0.0,0.42000000000000004,SFFR,11.725,0.0,0.42000000000000004,SFFR,11.725,0.0,0.42000000000000004,Multi-Market,Idle,0.0,28.64999999999999,101.99,130.64,EPEX,SSP
2026-06-16 00:30:00,0.0,0.42000000000000004,SFFR,11.725,0.0,0.42000000000000004,SFFR,11.725,-0.0,0.42000000000000004,Multi-Market,Idle,-0.0,32.739999999999995,101.99,134.73,EPEX,SSP
2026-06-16 01:00:00,0.0,0.42000000000000004,SFFR,11.725,0.0,0.42000000000000004,SFFR,11.725,0.0,0.42000000000000004,Multi-Market,Idle,0.0,13.069999999999993,90.01,103.08,SSP,ISEM
2026-06-16 01:30:00,0.0,0.42000000000000004,SFFR,11.725,0.0,0.42000000000000004,SFFR,11.725,0.0,0.4200000000000004,Multi-Market,Idle,0.0,32.99000000000001,96.0,128.99,DA_HH,SSP
2026-06-16 02:00:00,0.0,0.42000000000000004,SFFR,11.725,0.0,0.42000000000000004,SFFR,11.725,0.0,0.4200000000000004,Multi-Market,Idle,0.0,27.03,97.97,125.0,EPEX,SSP
2026-06-16 02:30:00,0.0,0.42000000000000004,SFFR,11.725,0.0,0.42000000000000004,SFFR,11.725,-0.07758785731592951,0.4923691355102646,Multi-Market,Buy-SSP,-6.28461644259029,20.0,81.0,101.0,SSP,ISEM
2026-06-16 03:00:00,0.0,0.42000000000000004,SFFR,11.725,0.0,0.42000000000000004,SFFR,11.725,-2.1,2.4511187366589158,Multi-Market,Buy-SSP,-161.805,24.36,77.05,101.41,SSP,ISEM
2026-06-16 03:30:00,0.0,0.42000000000000004,SFFR,11.725,0.0,0.42000000000000004,SFFR,11.725,0.0,2.4511187366589158,Multi-Market,Idle,0.0,20.370000000000005,81.67,102.04,SSP,ISEM
2026-06-16 04:00:00,0.0,0.42000000000000004,SFFR,11.725,0.0,0.42000000000000004,SFFR,11.725,0.0,2.4511187366589158,Multi-Market,Idle,0.0,30.599999999999994,99.81,130.41,EPEX,SSP
2026-06-16 04:30:00,0.0,0.42000000000000004,SFFR,11.725,0.0,0.42000000000000004,SFFR,11.725,0.0,2.4511187366589158,Multi-Market,Idle,0.0,31.159999999999997,99.81,130.97,EPEX,SSP
2026-06-16 05:00:00,0.0,0.42000000000000004,SFFR,11.725,0.0,0.42000000000000004,SFFR,11.725,0.0,2.4511187366589158,Multi-Market,Idle,0.0,24.939999999999998,106.06,131.0,EPEX,SSP
2026-06-16 05:30:00,0.0,0.42000000000000004,SFFR,11.725,0.0,0.42000000000000004,SFFR,11.725,0.0,2.4511187366589158,Multi-Market,Idle,0.0,33.95,81.1,115.05,SSP,DA_HH
2026-06-16 06:00:00,0.0,0.42000000000000004,SFFR,11.725,0.0,0.42000000000000004,SFFR,11.725,0.0,2.4511187366589158,Multi-Market,Idle,0.0,16.61,114.39,131.0,EPEX,SSP
2026-06-16 06:30:00,0.0,0.42000000000000004,SFFR,11.725,0.0,0.42000000000000004,SFFR,11.725,0.0,2.4511187366589158,Multi-Market,Idle,0.0,16.61,114.39,131.0,EPEX,SSP
2026-06-16 07:00:00,0.0,0.42000000000000004,SFFR,11.725,0.0,0.42000000000000004,SFFR,11.725,0.0,2.4511187366589158,Multi-Market,Idle,0.0,29.74000000000001,91.91,121.65,SSP,DA_HH
2026-06-16 07:30:00,0.0,0.42000000000000004,SFFR,11.725,0.0,0.42000000000000004,SFFR,11.725,1.8945014358648586,0.42000000000000004,Multi-Market,Sell-SSP,248.17968809829648,13.069999999999993,117.93,131.0,EPEX,SSP
2026-06-16 08:00:00,0.0,0.42000000000000004,SFFR,11.725,0.0,0.42000000000000004,SFFR,11.725,0.0,0.41999999999999993,Multi-Market,Idle,0.0,11.39,119.61,131.0,EPEX,SSP
2026-06-16 08:30:00,0.0,0.42000000000000004,SFFR,11.725,0.0,0.42000000000000004,SFFR,11.725,0.0,0.41999999999999993,Multi-Market,Idle,0.0,14.329999999999998,116.67,131.0,ISEM,SSP
2026-06-16 09:00:00,0.0,0.42000000000000004,SFFR,11.725,0.0,0.42000000000000004,SFFR,11.725,0.0,0.41999999999999993,Multi-Market,Idle,0.0,18.700000000000003,112.3,131.0,ISEM,SSP
2026-06-16 09:30:00,0.0,0.42000000000000004,SFFR,11.725,0.0,0.42000000000000004,SFFR,11.725,-0.0,0.42000000000000004,Multi-Market,Idle,-0.0,23.659999999999997,107.34,131.0,ISEM,SSP
2026-06-16 10:00:00,0.0,0.42000000000000004,SFFR,11.725,0.0,0.42000000000000004,SFFR,11.725,0.0,0.42000000000000004,Multi-Market,Idle,0.0,22.0,82.0,104.0,SSP,DA_HH
2026-06-16 10:30:00,0.0,0.42000000000000004,SFFR,11.725,0.0,0.42000000000000004,SFFR,11.725,0.0,0.42000000000000004,Multi-Market,Idle,0.0,17.069999999999993,82.0,99.07,SSP,DA_HH
2026-06-16 11:00:00,0.0,0.42000000000000004,SFFR,11.725,0.0,0.42000000000000004,SFFR,11.725,-2.1,2.378749601148651,Multi-Market,Buy-SSP,-160.986,17.840000000000003,76.66,94.5,SSP,EPEX
2026-06-16 11:30:00,0.0,0.42000000000000004,SFFR,11.725,0.0,0.42000000000000004,SFFR,11.725,-2.1,4.337499202297302,Multi-Market,Buy-SSP,-96.60000000000001,48.5,46.0,94.5,SSP,EPEX
2026-06-16 12:00:00,0.0,0.42000000000000004,SFFR,11.725,0.0,0.42000000000000004,SFFR,11.725,0.0,4.337499202297302,Multi-Market,Idle,0.0,17.97,87.0,104.97,DA_HH,SSP
2026-06-16 12:30:00,0.0,0.42000000000000004,SFFR,11.725,0.0,0.42000000000000004,SFFR,11.725,0.0,4.337499202297302,Multi-Market,Idle,0.0,26.879999999999995,86.12,113.0,ISEM,SSP
2026-06-16 13:00:00,0.0,0.42000000000000004,SFFR,11.725,0.0,0.42000000000000004,SFFR,11.725,0.0,4.337499202297302,Multi-Market,Idle,0.0,25.400000000000006,86.6,112.0,ISEM,SSP
2026-06-16 13:30:00,0.0,0.42000000000000004,SFFR,11.725,0.0,0.42000000000000004,SFFR,11.725,3.6539999999999995,0.42000000000000004,Multi-Market,Sell-SSP,478.6739999999999,47.0,84.0,131.0,ISEM,SSP
2026-06-16 14:00:00,0.0,0.42000000000000004,SFFR,11.725,0.0,0.42000000000000004,SFFR,11.725,-2.1,2.3787496011486517,Multi-Market,Buy-SSP,-165.9,10.0,79.0,89.0,SSP,EPEX
2026-06-16 14:30:00,0.0,0.42000000000000004,SFFR,11.725,0.0,0.42000000000000004,SFFR,11.725,0.0,2.3787496011486517,Multi-Market,Idle,0.0,16.0,84.0,100.0,ISEM,SSP
2026-06-16 15:00:00,0.0,0.42000000000000004,SFFR,11.725,0.0,0.42000000000000004,SFFR,11.725,-2.1,4.337499202297303,Multi-Market,Buy-SSP,-161.91,10.790000000000006,77.1,87.89,SSP,EPEX
2026-06-16 15:30:00,0.0,0.42000000000000004,SFFR,11.725,0.0,0.42000000000000004,SFFR,11.725,-1.8051707633737284,6.021250398851349,Multi-Market,Buy-SSP,-144.05262691722353,9.600000000000009,79.8,89.4,SSP,DA_HH
2026-06-16 16:00:00,0.0,0.42000000000000004,SFFR,11.725,0.0,0.42000000000000004,SFFR,11.725,0.0,6.021250398851349,Multi-Market,Idle,0.0,9.11,87.5,96.61,SSP,DA_HH
2026-06-16 16:30:00,0.0,0.42000000000000004,SFFR,11.725,0.0,0.42000000000000004,SFFR,11.725,-2.1,7.9799999999999995,Multi-Market,Buy-SSP,-96.705,55.34,46.05,101.39,SSP,ISEM
2026-06-16 17:00:00,0.0,0.42000000000000004,SFFR,11.725,0.0,0.42000000000000004,SFFR,11.725,0.0,7.9799999999999995,Multi-Market,Idle,0.0,33.400000000000006,110.6,144.0,ISEM,SSP
2026-06-16 17:30:00,0.0,0.42000000000000004,SFFR,11.725,0.0,0.42000000000000004,SFFR,11.725,3.3014985641351435,4.4404220056417305,Multi-Market,Sell-SSP,518.764469382555,46.17,110.96,157.13,EPEX,SSP
2026-06-16 18:00:00,0.0,0.42000000000000004,SFFR,11.725,0.0,0.42000000000000004,SFFR,11.725,0.0,4.4404220056417305,Multi-Market,Idle,0.0,29.22999999999999,127.28,156.51,EPEX,SSP
2026-06-16 18:30:00,0.0,0.42000000000000004,SFFR,11.725,0.0,0.42000000000000004,SFFR,11.725,3.75,0.42000000000000004,Multi-Market,Sell-SSP,589.3874999999999,29.889999999999986,127.28,157.17,EPEX,SSP
2026-06-16 19:00:00,0.0,0.42000000000000004,SFFR,11.725,0.0,0.42000000000000004,SFFR,11.725,0.0,0.42000000000000004,Multi-Market,Idle,0.0,15.210000000000008,139.13,154.34,EPEX,SSP
2026-06-16 19:30:00,0.0,0.42000000000000004,SFFR,11.725,0.0,0.42000000000000004,SFFR,11.725,-0.0,0.42000000000000004,Multi-Market,Idle,-0.0,15.210000000000008,139.13,154.34,EPEX,SSP
2026-06-16 20:00:00,0.0,0.42000000000000004,SFFR,11.725,0.0,0.42000000000000004,SFFR,11.725,0.0,0.42000000000000004,Multi-Market,Idle,0.0,6.310000000000002,136.0,142.31,SSP,ISEM
2026-06-16 20:30:00,0.0,0.42000000000000004,SFFR,11.725,0.0,0.42000000000000004,SFFR,11.725,-0.0,0.42000000000000004,Multi-Market,Idle,-0.0,6.8799999999999955,139.32,146.2,EPEX,SSP
2026-06-16 21:00:00,0.0,0.42000000000000004,SFFR,11.725,0.0,0.42000000000000004,SFFR,11.725,-0.0,0.42000000000000004,Multi-Market,Idle,-0.0,9.330000000000013,133.0,142.33,SSP,ISEM
2026-06-16 21:30:00,0.0,0.42000000000000004,SFFR,11.725,0.0,0.42000000000000004,SFFR,11.725,-0.0,0.42000000000000004,Multi-Market,Idle,-0.0,50.52000000000001,89.5,140.02,SSP,ISEM
2026-06-16 22:00:00,0.0,0.42000000000000004,SFFR,11.725,0.0,0.42000000000000004,SFFR,11.725,0.0,0.42000000000000004,Multi-Market,Idle,0.0,12.389999999999986,117.31,129.7,SSP,ISEM
2026-06-16 22:30:00,0.0,0.42000000000000004,SFFR,11.725,0.0,0.42000000000000004,SFFR,11.725,-0.0,0.42000000000000004,Multi-Market,Idle,-0.0,15.030000000000015,115.77,130.8,SSP,DA_HH
2026-06-16 23:00:00,0.0,0.42000000000000004,SFFR,11.725,0.0,0.42000000000000004,SFFR,11.725,-0.0,0.42000000000000004,Multi-Market,Idle,-0.0,47.379999999999995,77.15,124.53,SSP,DA_HH
2026-06-16 23:30:00,0.0,0.42000000000000004,SFFR,11.725,0.0,0.42000000000000004,SFFR,11.725,-0.0,0.42000000000000004,Multi-Market,Idle,-0.0,27.950000000000003,93.22,121.17,SSP,DA_HH
2026-06-17 00:00:00,0.0,0.42000000000000004,SFFR,11.725,0.0,0.42000000000000004,SFFR,11.725,0.0,0.42000000000000004,Multi-Market,Idle,0.0,27.89,105.36,133.25,EPEX,SSP
2026-06-17 00:30:00,0.0,0.42000000000000004,SFFR,11.725,0.0,0.42000000000000004,SFFR,11.725,0.0,0.42000000000000004,Multi-Market,Idle,0.0,31.040000000000006,105.36,136.4,EPEX,SSP
2026-06-17 01:00:00,0.0,0.42000000000000004,SFFR,11.725,0.0,0.42000000000000004,SFFR,11.725,0.0,0.42000000000000004,Multi-Market,Idle,0.0,31.400000000000006,101.6,133.0,EPEX,SSP
2026-06-17 01:30:00,0.0,0.42000000000000004,SFFR,11.725,0.0,0.42000000000000004,SFFR,11.725,0.0,0.42000000000000004,Multi-Market,Idle,0.0,37.400000000000006,101.6,139.0,EPEX,SSP
2026-06-17 02:00:00,0.0,0.42000000000000004,SFFR,11.725,0.0,0.42000000000000004,SFFR,11.725,0.0,0.42000000000000004,Multi-Market,Idle,0.0,41.08,99.17,140.25,EPEX,SSP
2026-06-17 02:30:00,0.0,0.42000000000000004,SFFR,11.725,0.0,0.42000000000000004,SFFR,11.725,0.0,0.42000000000000004,Multi-Market,Idle,0.0,39.83,99.17,139.0,EPEX,SSP
2026-06-17 03:00:00,0.0,0.42000000000000004,SFFR,11.725,0.0,0.42000000000000004,SFFR,11.725,-2.1,2.3787496011486513,Multi-Market,Buy-EPEX,-203.28,42.2,96.8,139.0,EPEX,SSP
2026-06-17 03:30:00,0.0,0.42000000000000004,SFFR,11.725,0.0,0.42000000000000004,SFFR,11.725,-2.1,4.337499202297303,Multi-Market,Buy-SSP,-196.035,8.75,93.35,102.1,SSP,DA_HH
2026-06-17 04:00:00,0.0,0.42000000000000004,SFFR,11.725,0.0,0.42000000000000004,SFFR,11.725,-2.1,6.296248803445954,Multi-Market,Buy-EPEX,-206.031,68.89,98.11,167.0,EPEX,SSP
2026-06-17 04:30:00,0.0,0.42000000000000004,SFFR,11.725,0.0,0.42000000000000004,SFFR,11.725,1.7209135785489293,4.4404220056417305,Multi-Market,Buy-EPEX,292.7375951081655,68.89,98.11,167.0,EPEX,SSP
2026-06-17 05:00:00,0.0,0.42000000000000004,SFFR,11.725,0.0,0.42000000000000004,SFFR,11.725,0.0,4.4404220056417305,Multi-Market,Idle,0.0,63.16,103.84,167.0,EPEX,SSP
2026-06-17 05:30:00,0.0,0.42000000000000004,SFFR,11.725,0.0,0.42000000000000004,SFFR,11.725,0.0,4.4404220056417305,Multi-Market,Idle,0.0,63.16,103.84,167.0,EPEX,SSP
2026-06-17 06:00:00,0.0,0.42000000000000004,SFFR,11.725,0.0,0.42000000000000004,SFFR,11.725,3.75,0.42000000000000004,Multi-Market,Sell-SSP,626.25,65.27,101.73,167.0,DA_HH,SSP
2026-06-17 06:30:00,0.0,0.42000000000000004,SFFR,11.725,0.0,0.42000000000000004,SFFR,11.725,-0.0,0.42000000000000004,Multi-Market,Idle,-0.0,56.900000000000006,110.1,167.0,DA_HH,SSP
2026-06-17 07:00:00,0.0,0.42000000000000004,SFFR,11.725,0.0,0.42000000000000004,SFFR,11.725,0.0,0.42000000000000004,Multi-Market,Idle,0.0,30.269999999999996,80.01,110.28,SSP,EPEX
2026-06-17 07:30:00,0.0,0.42000000000000004,SFFR,11.725,0.0,0.42000000000000004,SFFR,11.725,0.0,0.42000000000000004,Multi-Market,Idle,0.0,16.120000000000005,105.88,122.0,ISEM,SSP
2026-06-17 08:00:00,0.0,0.42000000000000004,SFFR,11.725,0.0,0.42000000000000004,SFFR,11.725,0.0,0.42000000000000004,Multi-Market,Idle,0.0,21.370000000000005,80.03,101.4,SSP,EPEX
2026-06-17 08:30:00,0.0,0.42000000000000004,SFFR,11.725,0.0,0.42000000000000004,SFFR,11.725,0.0,0.42000000000000004,Multi-Market,Idle,0.0,21.400000000000006,80.0,101.4,SSP,EPEX
2026-06-17 09:00:00,0.0,0.42000000000000004,SFFR,11.725,0.0,0.42000000000000004,SFFR,11.725,0.0,0.42000000000000004,Multi-Market,Idle,0.0,29.289999999999992,94.9,124.19,ISEM,SSP
2026-06-17 09:30:00,0.0,0.42000000000000004,SFFR,11.725,0.0,0.42000000000000004,SFFR,11.725,0.0,0.42000000000000004,Multi-Market,Idle,0.0,32.19,94.06,126.25,ISEM,SSP
2026-06-17 10:00:00,0.0,0.42000000000000004,SFFR,11.725,0.0,0.42000000000000004,SFFR,11.725,0.0,0.42000000000000004,Multi-Market,Idle,0.0,30.0,90.0,120.0,DA_HH,SSP
2026-06-17 10:30:00,0.0,0.42000000000000004,SFFR,11.725,0.0,0.42000000000000004,SFFR,11.725,0.0,0.42000000000000004,Multi-Market,Idle,0.0,33.56,86.44,120.0,ISEM,SSP
2026-06-17 11:00:00,0.0,0.42000000000000004,SFFR,11.725,0.0,0.42000000000000004,SFFR,11.725,0.0,0.42000000000000004,Multi-Market,Idle,0.0,32.0,86.0,118.0,EPEX,SSP
2026-06-17 11:30:00,0.0,0.42000000000000004,SFFR,11.725,0.0,0.42000000000000004,SFFR,11.725,0.0,0.42000000000000004,Multi-Market,Idle,0.0,34.629999999999995,85.37,120.0,DA_HH,SSP
2026-06-17 12:00:00,0.0,0.42000000000000004,SFFR,11.725,0.0,0.42000000000000004,SFFR,11.725,0.0,0.42000000000000004,Multi-Market,Idle,0.0,12.719999999999999,79.05,91.77,SSP,ISEM
2026-06-17 12:30:00,0.0,0.42000000000000004,SFFR,11.725,0.0,0.42000000000000004,SFFR,11.725,0.0,0.42000000000000004,Multi-Market,Idle,0.0,40.0,80.0,120.0,EPEX,SSP
2026-06-17 13:00:00,0.0,0.42000000000000004,SFFR,11.725,0.0,0.42000000000000004,SFFR,11.725,0.0,0.42000000000000004,Multi-Market,Idle,0.0,40.0,75.0,115.0,EPEX,SSP
2026-06-17 13:30:00,0.0,0.42000000000000004,SFFR,11.725,0.0,0.42000000000000004,SFFR,11.725,-2.1,2.3787496011486513,Multi-Market,Buy-EPEX,-157.5,39.599999999999994,75.0,114.6,EPEX,SSP
2026-06-17 14:00:00,0.0,0.42000000000000004,SFFR,11.725,0.0,0.42000000000000004,SFFR,11.725,-2.1,4.337499202297303,Multi-Market,Buy-DA_HH,-151.746,34.55,72.26,106.81,DA_HH,SSP
2026-06-17 14:30:00,0.0,0.42000000000000004,SFFR,11.725,0.0,0.42000000000000004,SFFR,11.725,-2.1,6.296248803445954,Multi-Market,Buy-ISEM,-148.95300000000003,3.6699999999999875,70.93,74.6,ISEM,SSP
2026-06-17 15:00:00,0.0,0.42000000000000004,SFFR,11.725,0.0,0.42000000000000004,SFFR,11.725,-1.8051707633737284,7.9799999999999995,Multi-Market,Buy-EPEX,-135.38780725302962,39.599999999999994,75.0,114.6,EPEX,SSP
2026-06-17 15:30:00,0.0,0.42000000000000004,SFFR,11.725,0.0,0.42000000000000004,SFFR,11.725,0.0,7.9799999999999995,Multi-Market,Idle,0.0,39.599999999999994,75.0,114.6,EPEX,SSP
2026-06-17 16:00:00,0.0,0.42000000000000004,SFFR,11.725,0.0,0.42000000000000004,SFFR,11.725,0.0,7.9799999999999995,Multi-Market,Idle,0.0,27.379999999999995,87.22,114.6,EPEX,SSP
2026-06-17 16:30:00,0.0,0.42000000000000004,SFFR,11.725,0.0,0.42000000000000004,SFFR,11.725,0.0,7.9799999999999995,Multi-Market,Idle,0.0,9.849999999999994,87.22,97.07,EPEX,SSP
2026-06-17 17:00:00,0.0,0.42000000000000004,SFFR,11.725,0.0,0.42000000000000004,SFFR,11.725,0.0,7.9799999999999995,Multi-Market,Idle,0.0,16.650000000000006,85.35,102.0,ISEM,EPEX
2026-06-17 17:30:00,0.0,0.42000000000000004,SFFR,11.725,0.0,0.42000000000000004,SFFR,11.725,0.0,7.9799999999999995,Multi-Market,Idle,0.0,21.97,80.03,102.0,SSP,EPEX
2026-06-17 18:00:00,0.0,0.42000000000000004,SFFR,11.725,0.0,0.42000000000000004,SFFR,11.725,0.0,7.9799999999999995,Multi-Market,Idle,0.0,22.0,110.0,132.0,ISEM,SSP
2026-06-17 18:30:00,0.0,0.42000000000000004,SFFR,11.725,0.0,0.42000000000000004,SFFR,11.725,3.75,3.959577994358269,Multi-Market,Sell-SSP,562.5,32.47,117.53,150.0,DA_HH,SSP
2026-06-17 19:00:00,0.0,0.42000000000000004,SFFR,11.725,0.0,0.42000000000000004,SFFR,11.725,0.0,3.959577994358269,Multi-Market,Idle,0.0,7.200000000000017,133.88,141.08,DA_HH,SSP
2026-06-17 19:30:00,0.0,0.42000000000000004,SFFR,11.725,0.0,0.42000000000000004,SFFR,11.725,0.0,3.959577994358269,Multi-Market,Idle,0.0,12.47999999999999,131.96,144.44,ISEM,SSP
2026-06-17 20:00:00,0.0,0.42000000000000004,SFFR,11.725,0.0,0.42000000000000004,SFFR,11.725,3.3014985641351435,0.42000000000000004,Multi-Market,Sell-SSP,488.62178749200126,12.340000000000003,135.66,148.0,ISEM,SSP
2026-06-17 20:30:00,0.0,0.42000000000000004,SFFR,11.725,0.0,0.42000000000000004,SFFR,11.725,-0.0,0.42000000000000004,Multi-Market,Idle,-0.0,8.439999999999998,136.0,144.44,ISEM,SSP
2026-06-17 21:00:00,0.0,0.42000000000000004,SFFR,11.725,0.0,0.42000000000000004,SFFR,11.725,-0.0,0.42000000000000004,Multi-Market,Idle,-0.0,5.310000000000002,134.0,139.31,EPEX,SSP
2026-06-17 21:30:00,0.0,0.42000000000000004,SFFR,11.725,0.0,0.42000000000000004,SFFR,11.725,-0.0,0.42000000000000004,Multi-Market,Idle,-0.0,4.909999999999997,134.0,138.91,EPEX,SSP
2026-06-17 22:00:00,0.0,0.42000000000000004,SFFR,11.725,0.0,0.42000000000000004,SFFR,11.725,0.0,0.42000000000000004,Multi-Market,Idle,0.0,4.689999999999998,120.98,125.67,EPEX,ISEM
2026-06-17 22:30:00,0.0,0.42000000000000004,SFFR,11.725,0.0,0.42000000000000004,SFFR,11.725,-0.0,0.42000000000000004,Multi-Market,Idle,-0.0,7.6899999999999835,120.98,128.67,EPEX,ISEM
2026-06-17 23:00:00,0.0,0.42000000000000004,SFFR,11.725,0.0,0.42000000000000004,SFFR,11.725,-0.0,0.42000000000000004,Multi-Market,Idle,-0.0,14.420000000000002,110.58,125.0,EPEX,SSP
2026-06-17 23:30:00,0.0,0.42000000000000004,SFFR,11.725,0.0,0.42000000000000004,SFFR,11.725,-0.0,0.42000000000000004,Multi-Market,Idle,-0.0,10.179999999999993,107.12,117.3,DA_HH,SSP
2026-06-18 00:00:00,0.0,0.42000000000000004,EPEX,0.0,0.0,0.42000000000000004,SFFR,11.725,0.0,0.42000000000000004,Multi-Market,Idle,0.0,34.61,79.39,114.0,SSP,DA_HH
2026-06-18 00:30:00,0.0,0.42000000000000004,EPEX,0.0,0.0,0.42000000000000004,SFFR,11.725,0.0,0.42000000000000004,Multi-Market,Idle,0.0,11.510000000000005,98.49,110.0,SSP,DA_HH
2026-06-18 01:00:00,0.0,0.42000000000000004,EPEX,0.0,0.0,0.42000000000000004,SFFR,11.725,-2.1,2.3787496011486513,Multi-Market,Buy-SSP,-105.0,58.010000000000005,50.0,108.01,SSP,DA_HH
2026-06-18 01:30:00,0.0,0.42000000000000004,EPEX,0.0,0.0,0.42000000000000004,SFFR,11.725,-2.1,4.337499202297303,Multi-Market,Buy-SSP,-113.715,51.86000000000001,54.15,106.01,SSP,DA_HH
2026-06-18 02:00:00,-2.1,2.3787496011486513,EPEX,-206.01,0.0,0.42000000000000004,SFFR,11.725,-2.1,6.296248803445954,Multi-Market,Buy-SSP,-112.35000000000001,50.61,53.5,104.11,SSP,ISEM
2026-06-18 02:30:00,-2.1,4.337499202297303,EPEX,-206.01,0.0,0.42000000000000004,SFFR,11.725,0.0,6.296248803445954,Multi-Market,Idle,0.0,35.56999999999999,67.0,102.57,SSP,ISEM
2026-06-18 03:00:00,-0.07758785731592857,4.409868337807566,EPEX,-7.62533461700946,0.0,0.42000000000000004,SFFR,11.725,0.0,6.296248803445954,Multi-Market,Idle,0.0,35.67,67.0,102.67,SSP,ISEM
2026-06-18 03:30:00,-2.1,6.368617938956217,EPEX,-206.388,0.0,0.42000000000000004,SFFR,11.725,0.0,6.296248803445954,Multi-Market,Idle,0.0,23.029999999999987,80.04,103.07,SSP,ISEM
2026-06-18 04:00:00,0.0,6.368617938956217,EPEX,0.0,0.0,0.42000000000000004,SFFR,11.725,-1.8051707633737284,7.9799999999999995,Multi-Market,Buy-SSP,-118.31089183151417,38.849999999999994,65.54,104.39,SSP,ISEM
2026-06-18 04:30:00,0.0,6.368617938956217,EPEX,0.0,0.0,0.42000000000000004,SFFR,11.725,0.0,7.9799999999999995,Multi-Market,Idle,0.0,26.950000000000003,100.53,127.48,DA_HH,SSP
2026-06-18 05:00:00,0.0,6.368617938956217,EPEX,0.0,0.0,0.42000000000000004,SFFR,11.725,0.0,7.9799999999999995,Multi-Market,Idle,0.0,24.540000000000006,86.02,110.56,SSP,ISEM
2026-06-18 05:30:00,0.0,6.368617938956217,EPEX,0.0,0.0,0.42000000000000004,SFFR,11.725,0.0,7.9799999999999995,Multi-Market,Idle,0.0,47.39,67.0,114.39,SSP,ISEM
2026-06-18 06:00:00,3.75,2.3481959333144866,EPEX,431.25,0.0,0.42000000000000004,SFFR,11.725,0.0,7.9799999999999995,Multi-Market,Idle,0.0,20.700000000000003,108.3,129.0,DA_HH,SSP
2026-06-18 06:30:00,1.798501435864858,0.42000000000000004,EPEX,206.82766512445866,0.0,0.42000000000000004,SFFR,11.725,3.721501435864858,3.990131662192433,Multi-Market,Sell-SSP,543.3392096362693,31.0,115.0,146.0,EPEX,SSP
2026-06-18 07:00:00,0.0,0.42000000000000004,EPEX,0.0,0.0,0.42000000000000004,SFFR,11.725,0.0,3.990131662192433,Multi-Market,Idle,0.0,21.939999999999998,105.51,127.45,ISEM,SSP
2026-06-18 07:30:00,-0.0,0.42000000000000004,EPEX,-0.0,0.0,0.42000000000000004,SFFR,11.725,0.0,3.990131662192433,Multi-Market,Idle,0.0,22.810000000000002,110.19,133.0,EPEX,SSP
2026-06-18 08:00:00,-0.0,0.42000000000000004,EPEX,-0.0,0.0,0.42000000000000004,SFFR,11.725,0.0,3.990131662192433,Multi-Market,Idle,0.0,33.19,99.81,133.0,EPEX,SSP
2026-06-18 08:30:00,-0.0,0.42000000000000004,EPEX,-0.0,0.0,0.42000000000000004,SFFR,11.725,0.0,3.990131662192433,Multi-Market,Idle,0.0,9.439999999999998,99.81,109.25,EPEX,SSP
2026-06-18 09:00:00,-0.0,0.42000000000000004,EPEX,-0.0,0.0,0.42000000000000004,SFFR,11.725,-2.1,5.948881263341084,Multi-Market,Buy-SSP,-140.70000000000002,36.900000000000006,67.0,103.9,SSP,ISEM
2026-06-18 09:30:00,-0.0,0.42000000000000004,EPEX,-0.0,0.0,0.42000000000000004,SFFR,11.725,0.0,5.948881263341084,Multi-Market,Idle,0.0,27.97,80.5,108.47,SSP,ISEM
2026-06-18 10:00:00,0.0,0.42000000000000004,EPEX,0.0,0.0,0.42000000000000004,SFFR,11.725,-2.1,7.907630864489735,Multi-Market,Buy-SSP,-140.70000000000002,32.67,67.0,99.67,SSP,ISEM
2026-06-18 10:30:00,0.0,0.42000000000000004,EPEX,0.0,0.0,0.42000000000000004,SFFR,11.725,0.0,7.907630864489735,Multi-Market,Idle,0.0,18.019999999999996,87.0,105.02,EPEX,ISEM
2026-06-18 11:00:00,0.0,0.42000000000000004,EPEX,0.0,0.0,0.42000000000000004,SFFR,11.725,0.0,7.907630864489735,Multi-Market,Idle,0.0,15.209999999999994,90.0,105.21,EPEX,ISEM
2026-06-18 11:30:00,0.0,0.42000000000000004,EPEX,0.0,0.0,0.42000000000000004,SFFR,11.725,0.0,7.907630864489735,Multi-Market,Idle,0.0,11.079999999999998,89.4,100.48,DA_HH,ISEM
2026-06-18 12:00:00,0.0,0.42000000000000004,EPEX,0.0,0.0,0.42000000000000004,SFFR,11.725,0.0,7.907630864489735,Multi-Market,Idle,0.0,8.340000000000003,80.07,88.41,DA_HH,ISEM
2026-06-18 12:30:00,0.0,0.42000000000000004,EPEX,0.0,0.0,0.42000000000000004,SFFR,11.725,0.0,7.907630864489735,Multi-Market,Idle,0.0,26.400000000000006,80.0,106.4,DA_HH,SSP
2026-06-18 13:00:00,-2.1,2.3787496011486513,EPEX,-149.1,0.0,0.42000000000000004,SFFR,11.725,0.0,7.907630864489735,Multi-Market,Idle,0.0,34.0,71.0,105.0,EPEX,SSP
2026-06-18 13:30:00,-1.8051707633737288,4.062500797702698,EPEX,-128.16712419953475,0.0,0.42000000000000004,SFFR,11.725,0.0,7.907630864489735,Multi-Market,Idle,0.0,34.0,71.0,105.0,EPEX,SSP
2026-06-18 14:00:00,-2.1,6.021250398851349,EPEX,-141.54000000000002,0.0,0.42000000000000004,SFFR,11.725,-0.07758785731592951,7.9799999999999995,Multi-Market,Buy-EPEX,-5.22942158309365,39.0,67.4,106.4,EPEX,SSP
2026-06-18 14:30:00,-2.1,7.9799999999999995,EPEX,-141.54000000000002,0.0,0.42000000000000004,SFFR,11.725,0.0,7.9799999999999995,Multi-Market,Idle,0.0,39.0,67.4,106.4,EPEX,SSP
2026-06-18 15:00:00,0.0,7.9799999999999995,EPEX,0.0,0.0,0.42000000000000004,SFFR,11.725,0.0,7.9799999999999995,Multi-Market,Idle,0.0,27.060000000000002,72.94,100.0,EPEX,SSP
2026-06-18 15:30:00,0.0,7.9799999999999995,EPEX,0.0,0.0,0.42000000000000004,SFFR,11.725,0.0,7.9799999999999995,Multi-Market,Idle,0.0,27.060000000000002,72.94,100.0,EPEX,SSP
2026-06-18 16:00:00,-0.0,7.9799999999999995,EPEX,-0.0,0.0,0.42000000000000004,SFFR,11.725,0.0,7.9799999999999995,Multi-Market,Idle,0.0,9.730000000000004,95.27,105.0,DA_HH,SSP
2026-06-18 16:30:00,-0.0,7.9799999999999995,EPEX,-0.0,0.0,0.42000000000000004,SFFR,11.725,0.0,7.9799999999999995,Multi-Market,Idle,0.0,16.0,89.0,105.0,DA_HH,SSP
2026-06-18 17:00:00,-0.0,7.9799999999999995,EPEX,-0.0,0.0,0.42000000000000004,SFFR,11.725,0.0,7.9799999999999995,Multi-Market,Idle,0.0,36.0,79.0,115.0,SSP,ISEM
2026-06-18 17:30:00,0.0,7.9799999999999995,EPEX,0.0,0.0,0.42000000000000004,SFFR,11.725,0.0,7.9799999999999995,Multi-Market,Idle,0.0,40.379999999999995,80.04,120.42,SSP,ISEM
2026-06-18 18:00:00,-0.0,7.9799999999999995,EPEX,-0.0,0.0,0.42000000000000004,SFFR,11.725,0.0,7.9799999999999995,Multi-Market,Idle,0.0,42.0,92.0,134.0,SSP,DA_HH
2026-06-18 18:30:00,-0.0,7.9799999999999995,EPEX,-0.0,0.0,0.42000000000000004,SFFR,11.725,-0.27300000000000013,7.9799999999999995,Multi-Market,Buy-EPEX,135.05898000000002,92.36000000000001,123.38,215.74,EPEX,SSP
2026-06-18 19:00:00,-0.0,7.9799999999999995,EPEX,-0.0,0.0,0.42000000000000004,SFFR,11.725,3.3014985641351435,4.4404220056417305,Multi-Market,Sell-SSP,742.8371769304073,79.0,146.0,225.0,EPEX,SSP
2026-06-18 19:30:00,0.0,7.9799999999999995,EPEX,0.0,0.0,0.42000000000000004,SFFR,11.725,3.75,0.42000000000000004,Multi-Market,Sell-SSP,1445.8125,239.55,146.0,385.55,EPEX,SSP
2026-06-18 20:00:00,3.75,3.959577994358269,EPEX,597.0,0.0,0.42000000000000004,SFFR,11.725,0.0,0.42000000000000004,Multi-Market,Idle,0.0,73.65999999999998,85.54,159.2,SSP,EPEX
2026-06-18 20:30:00,3.3014985641351435,0.42000000000000004,EPEX,525.5985714103148,0.0,0.42000000000000004,SFFR,11.725,-0.0,0.42000000000000004,Multi-Market,Idle,-0.0,58.72999999999999,100.47,159.2,SSP,EPEX
2026-06-18 21:00:00,-0.0,0.42000000000000004,EPEX,-0.0,0.0,0.42000000000000004,SFFR,11.725,0.0,0.42000000000000004,Multi-Market,Idle,0.0,55.599999999999994,92.4,148.0,SSP,EPEX
2026-06-18 21:30:00,-0.0,0.42000000000000004,EPEX,-0.0,0.0,0.42000000000000004,SFFR,11.725,-0.0,0.42000000000000004,Multi-Market,Idle,-0.0,8.159999999999997,139.84,148.0,SSP,EPEX
2026-06-18 22:00:00,-0.0,0.42000000000000004,EPEX,-0.0,0.0,0.42000000000000004,SFFR,11.725,0.0,0.42000000000000004,Multi-Market,Idle,0.0,12.659999999999997,127.34,140.0,ISEM,SSP
2026-06-18 22:30:00,-0.0,0.42000000000000004,EPEX,-0.0,0.0,0.42000000000000004,SFFR,11.725,-0.0,0.42000000000000004,Multi-Market,Idle,-0.0,11.0,129.0,140.0,EPEX,SSP
2026-06-18 23:00:00,0.0,0.42000000000000004,EPEX,0.0,0.0,0.42000000000000004,SFFR,11.725,-0.0,0.42000000000000004,Multi-Market,Idle,-0.0,19.909999999999997,110.09,130.0,EPEX,SSP
2026-06-18 23:30:00,-0.0,0.42000000000000004,EPEX,-0.0,0.0,0.42000000000000004,SFFR,11.725,-0.0,0.42000000000000004,Multi-Market,Idle,-0.0,29.549999999999997,80.54,110.09,SSP,EPEX
2026-06-19 00:00:00,0.0,0.42000000000000004,SFFR,11.725,0.0,0.42000000000000004,SFFR,11.725,0.0,0.42000000000000004,Multi-Market,Idle,0.0,24.510000000000005,80.19,104.7,SSP,EPEX
2026-06-19 00:30:00,0.0,0.42000000000000004,SFFR,11.725,0.0,0.42000000000000004,SFFR,11.725,0.0,0.42000000000000004,Multi-Market,Idle,0.0,28.900000000000006,75.8,104.7,SSP,EPEX
2026-06-19 01:00:00,0.0,0.42000000000000004,SFFR,11.725,0.0,0.42000000000000004,SFFR,11.725,0.0,0.42000000000000004,Multi-Market,Idle,0.0,22.810000000000002,80.59,103.4,SSP,EPEX
2026-06-19 01:30:00,0.0,0.42000000000000004,SFFR,11.725,0.0,0.42000000000000004,SFFR,11.725,0.0,0.42000000000000004,Multi-Market,Idle,0.0,42.900000000000006,60.5,103.4,SSP,EPEX
2026-06-19 02:00:00,0.0,0.42000000000000004,SFFR,11.725,0.0,0.42000000000000004,SFFR,11.725,0.0,0.42000000000000004,Multi-Market,Idle,0.0,40.07000000000001,60.72,100.79,SSP,EPEX
2026-06-19 02:30:00,0.0,0.42000000000000004,SFFR,11.725,0.0,0.42000000000000004,SFFR,11.725,-2.1,2.3787496011486513,Multi-Market,Buy-SSP,-99.96000000000001,53.190000000000005,47.6,100.79,SSP,EPEX
2026-06-19 03:00:00,0.0,0.42000000000000004,SFFR,11.725,0.0,0.42000000000000004,SFFR,11.725,-2.1,4.337499202297303,Multi-Market,Buy-SSP,-99.96000000000001,50.9,47.6,98.5,SSP,EPEX
2026-06-19 03:30:00,0.0,0.42000000000000004,SFFR,11.725,0.0,0.42000000000000004,SFFR,11.725,0.0,4.337499202297303,Multi-Market,Idle,0.0,13.329999999999998,91.11,104.44,ISEM,SSP
2026-06-19 04:00:00,0.0,0.42000000000000004,SFFR,11.725,0.0,0.42000000000000004,SFFR,11.725,0.0,4.337499202297303,Multi-Market,Idle,0.0,23.710000000000008,72.99,96.7,SSP,EPEX
2026-06-19 04:30:00,0.0,0.42000000000000004,SFFR,11.725,0.0,0.42000000000000004,SFFR,11.725,0.0,4.337499202297303,Multi-Market,Idle,0.0,34.720000000000006,61.98,96.7,SSP,EPEX
2026-06-19 05:00:00,0.0,0.42000000000000004,SFFR,11.725,0.0,0.42000000000000004,SFFR,11.725,0.0,4.337499202297303,Multi-Market,Idle,0.0,12.86999999999999,84.2,97.07,ISEM,EPEX
2026-06-19 05:30:00,0.0,0.42000000000000004,SFFR,11.725,0.0,0.42000000000000004,SFFR,11.725,0.0,4.337499202297303,Multi-Market,Idle,0.0,28.39,86.0,114.39,ISEM,SSP
2026-06-19 06:00:00,0.0,0.42000000000000004,SFFR,11.725,0.0,0.42000000000000004,SFFR,11.725,0.0,4.337499202297303,Multi-Market,Idle,0.0,12.969999999999999,93.1,106.07,DA_HH,EPEX
2026-06-19 06:30:00,0.0,0.42000000000000004,SFFR,11.725,0.0,0.42000000000000004,SFFR,11.725,0.0,4.337499202297303,Multi-Market,Idle,0.0,8.269999999999996,100.61,108.88,SSP,DA_HH
2026-06-19 07:00:00,0.0,0.42000000000000004,SFFR,11.725,0.0,0.42000000000000004,SFFR,11.725,0.0,4.337499202297303,Multi-Market,Idle,0.0,17.61999999999999,87.68,105.3,SSP,EPEX
2026-06-19 07:30:00,0.0,0.42000000000000004,SFFR,11.725,0.0,0.42000000000000004,SFFR,11.725,0.0,4.337499202297303,Multi-Market,Idle,0.0,46.9,58.4,105.3,SSP,EPEX
2026-06-19 08:00:00,0.0,0.42000000000000004,SFFR,11.725,0.0,0.42000000000000004,SFFR,11.725,0.0,4.337499202297303,Multi-Market,Idle,0.0,8.75,88.25,97.0,DA_HH,EPEX
2026-06-19 08:30:00,0.0,0.42000000000000004,SFFR,11.725,0.0,0.42000000000000004,SFFR,11.725,-2.1,6.296248803445954,Multi-Market,Buy-SSP,-99.96000000000001,49.4,47.6,97.0,SSP,EPEX
2026-06-19 09:00:00,0.0,0.42000000000000004,SFFR,11.725,0.0,0.42000000000000004,SFFR,11.725,0.0,6.296248803445954,Multi-Market,Idle,0.0,21.879999999999995,83.12,105.0,EPEX,SSP
2026-06-19 09:30:00,0.0,0.42000000000000004,SFFR,11.725,0.0,0.42000000000000004,SFFR,11.725,0.0,6.296248803445954,Multi-Market,Idle,0.0,21.810000000000002,81.6,103.41,ISEM,SSP
2026-06-19 10:00:00,0.0,0.42000000000000004,SFFR,11.725,0.0,0.42000000000000004,SFFR,11.725,0.0,6.296248803445954,Multi-Market,Idle,0.0,37.31999999999999,65.14,102.46,ISEM,SSP
2026-06-19 10:30:00,0.0,0.42000000000000004,SFFR,11.725,0.0,0.42000000000000004,SFFR,11.725,0.0,6.296248803445954,Multi-Market,Idle,0.0,42.6,62.4,105.0,ISEM,SSP
2026-06-19 11:00:00,0.0,0.42000000000000004,SFFR,11.725,0.0,0.42000000000000004,SFFR,11.725,0.0,6.296248803445954,Multi-Market,Idle,0.0,32.98,57.02,90.0,EPEX,SSP
2026-06-19 11:30:00,0.0,0.42000000000000004,SFFR,11.725,0.0,0.42000000000000004,SFFR,11.725,-1.8051707633737284,7.9799999999999995,Multi-Market,Buy-EPEX,-102.93083692757,17.54999999999999,57.02,74.57,EPEX,SSP
2026-06-19 12:00:00,0.0,0.42000000000000004,SFFR,11.725,0.0,0.42000000000000004,SFFR,11.725,0.0,7.9799999999999995,Multi-Market,Idle,0.0,32.67,57.33,90.0,EPEX,SSP
2026-06-19 12:30:00,0.0,0.42000000000000004,SFFR,11.725,0.0,0.42000000000000004,SFFR,11.725,0.0,7.9799999999999995,Multi-Market,Idle,0.0,47.67,57.33,105.0,EPEX,SSP
2026-06-19 13:00:00,0.0,0.42000000000000004,SFFR,11.725,0.0,0.42000000000000004,SFFR,11.725,0.0,7.9799999999999995,Multi-Market,Idle,0.0,50.440000000000005,59.51,109.95,EPEX,SSP
2026-06-19 13:30:00,0.0,0.42000000000000004,SFFR,11.725,0.0,0.42000000000000004,SFFR,11.725,-0.01008642145107097,7.9799999999999995,Multi-Market,Buy-EPEX,3.331040684216184,58.24,59.51,117.75,EPEX,SSP
2026-06-19 14:00:00,0.0,0.42000000000000004,SFFR,11.725,0.0,0.42000000000000004,SFFR,11.725,1.65,5.91832759550692,Multi-Market,Buy-DA_HH,325.725,60.900000000000006,59.0,119.9,DA_HH,SSP
2026-06-19 14:30:00,0.0,0.42000000000000004,SFFR,11.725,0.0,0.42000000000000004,SFFR,11.725,1.7309999999999985,4.062500797702699,Multi-Market,Sell-SSP,203.82524999999984,56.09,61.66,117.75,EPEX,SSP
2026-06-19 15:00:00,0.0,0.42000000000000004,SFFR,11.725,0.0,0.42000000000000004,SFFR,11.725,0.0,4.062500797702699,Multi-Market,Idle,0.0,25.560000000000002,68.0,93.56,SSP,ISEM
2026-06-19 15:30:00,0.0,0.42000000000000004,SFFR,11.725,0.0,0.42000000000000004,SFFR,11.725,0.0,4.062500797702699,Multi-Market,Idle,0.0,27.75,73.64,101.39,SSP,ISEM
2026-06-19 16:00:00,0.0,0.42000000000000004,SFFR,11.725,0.0,0.42000000000000004,SFFR,11.725,0.0,4.062500797702699,Multi-Market,Idle,0.0,21.409999999999997,76.0,97.41,SSP,ISEM
2026-06-19 16:30:00,0.0,0.42000000000000004,SFFR,11.725,0.0,0.42000000000000004,SFFR,11.725,0.0,4.062500797702699,Multi-Market,Idle,0.0,31.659999999999997,65.0,96.66,SSP,EPEX
2026-06-19 17:00:00,0.0,0.42000000000000004,SFFR,11.725,0.0,0.42000000000000004,SFFR,11.725,-2.1,6.021250398851349,Multi-Market,Buy-SSP,-23.1,97.3,11.0,108.3,SSP,ISEM
2026-06-19 17:30:00,0.0,0.42000000000000004,SFFR,11.725,0.0,0.42000000000000004,SFFR,11.725,-2.1,7.9799999999999995,Multi-Market,Buy-SSP,-44.1,87.0,21.0,108.0,SSP,ISEM
2026-06-19 18:00:00,0.0,0.42000000000000004,SFFR,11.725,0.0,0.42000000000000004,SFFR,11.725,-0.0,7.9799999999999995,Multi-Market,Idle,-0.0,47.33999999999999,70.73,118.07,SSP,EPEX
2026-06-19 18:30:00,0.0,0.42000000000000004,SFFR,11.725,0.0,0.42000000000000004,SFFR,11.725,0.0,7.9799999999999995,Multi-Market,Idle,0.0,49.81,77.09,126.9,SSP,DA_HH
2026-06-19 19:00:00,0.0,0.42000000000000004,SFFR,11.725,0.0,0.42000000000000004,SFFR,11.725,-0.0,7.9799999999999995,Multi-Market,Idle,-0.0,6.0,134.0,140.0,ISEM,SSP
2026-06-19 19:30:00,0.0,0.42000000000000004,SFFR,11.725,0.0,0.42000000000000004,SFFR,11.725,0.0,7.9799999999999995,Multi-Market,Idle,0.0,26.72999999999999,112.47,139.2,SSP,DA_HH
2026-06-19 20:00:00,0.0,0.42000000000000004,SFFR,11.725,0.0,0.42000000000000004,SFFR,11.725,0.0,7.9799999999999995,Multi-Market,Idle,0.0,3.619999999999976,134.36,137.98,EPEX,SSP
2026-06-19 20:30:00,0.0,0.42000000000000004,SFFR,11.725,0.0,0.42000000000000004,SFFR,11.725,0.0,7.9799999999999995,Multi-Market,Idle,0.0,43.650000000000006,94.35,138.0,SSP,ISEM
2026-06-19 21:00:00,0.0,0.42000000000000004,SFFR,11.725,0.0,0.42000000000000004,SFFR,11.725,0.0,7.9799999999999995,Multi-Market,Idle,0.0,41.989999999999995,94.01,136.0,SSP,DA_HH
2026-06-19 21:30:00,0.0,0.42000000000000004,SFFR,11.725,0.0,0.42000000000000004,SFFR,11.725,3.75,3.959577994358269,Multi-Market,Sell-SSP,581.25,22.099999999999994,132.9,155.0,ISEM,SSP
2026-06-19 22:00:00,0.0,0.42000000000000004,SFFR,11.725,0.0,0.42000000000000004,SFFR,11.725,3.3014985641351435,0.42000000000000004,Multi-Market,Sell-SSP,511.73227744094726,37.31999999999999,117.68,155.0,DA_HH,SSP
2026-06-19 22:30:00,0.0,0.42000000000000004,SFFR,11.725,0.0,0.42000000000000004,SFFR,11.725,-0.0,0.42000000000000004,Multi-Market,Idle,-0.0,10.200000000000003,119.8,130.0,DA_HH,SSP
2026-06-19 23:00:00,0.0,0.42000000000000004,SFFR,11.725,0.0,0.42000000000000004,SFFR,11.725,0.0,0.42000000000000004,Multi-Market,Idle,0.0,26.260000000000005,80.6,106.86,SSP,EPEX
2026-06-19 23:30:00,0.0,0.42000000000000004,SFFR,11.725,0.0,0.42000000000000004,SFFR,11.725,-0.0,0.42000000000000004,Multi-Market,Idle,-0.0,5.269999999999996,106.81,112.08,DA_HH,SSP
2026-06-20 00:00:00,0.0,0.42000000000000004,SFFR,11.725,0.0,0.42000000000000004,SFFR,11.725,0.0,0.42000000000000004,Multi-Market,Idle,0.0,9.810000000000002,98.19,108.0,SSP,DA_HH
2026-06-20 00:30:00,0.0,0.42000000000000004,SFFR,11.725,0.0,0.42000000000000004,SFFR,11.725,0.0,0.42000000000000004,Multi-Market,Idle,0.0,13.179999999999993,92.29,105.47,SSP,DA_HH
2026-06-20 01:00:00,0.0,0.42000000000000004,SFFR,11.725,0.0,0.42000000000000004,SFFR,11.725,0.0,0.42000000000000004,Multi-Market,Idle,0.0,8.210000000000008,94.57,102.78,SSP,ISEM
2026-06-20 01:30:00,0.0,0.42000000000000004,SFFR,11.725,0.0,0.42000000000000004,SFFR,11.725,0.0,0.42000000000000004,Multi-Market,Idle,0.0,7.77000000000001,93.63,101.4,SSP,EPEX
2026-06-20 02:00:00,0.0,0.42000000000000004,SFFR,11.725,0.0,0.42000000000000004,SFFR,11.725,0.0,0.42000000000000004,Multi-Market,Idle,0.0,18.799999999999997,96.2,115.0,DA_HH,SSP
2026-06-20 02:30:00,0.0,0.42000000000000004,SFFR,11.725,0.0,0.42000000000000004,SFFR,11.725,0.0,0.42000000000000004,Multi-Market,Idle,0.0,32.3,90.2,122.5,DA_HH,SSP
2026-06-20 03:00:00,0.0,0.42000000000000004,SFFR,11.725,0.0,0.42000000000000004,SFFR,11.725,0.0,0.42000000000000004,Multi-Market,Idle,0.0,24.560000000000002,97.94,122.5,EPEX,SSP
2026-06-20 03:30:00,0.0,0.42000000000000004,SFFR,11.725,0.0,0.42000000000000004,SFFR,11.725,0.0,0.42000000000000004,Multi-Market,Idle,0.0,22.060000000000002,97.94,120.0,EPEX,SSP
2026-06-20 04:00:00,0.0,0.42000000000000004,SFFR,11.725,0.0,0.42000000000000004,SFFR,11.725,0.0,0.42000000000000004,Multi-Market,Idle,0.0,22.86,97.14,120.0,EPEX,SSP
2026-06-20 04:30:00,0.0,0.42000000000000004,SFFR,11.725,0.0,0.42000000000000004,SFFR,11.725,0.0,0.42000000000000004,Multi-Market,Idle,0.0,25.36,97.14,122.5,EPEX,SSP
2026-06-20 05:00:00,0.0,0.42000000000000004,SFFR,11.725,0.0,0.42000000000000004,SFFR,11.725,0.0,0.42000000000000004,Multi-Market,Idle,0.0,25.64,96.86,122.5,EPEX,SSP
2026-06-20 05:30:00,0.0,0.42000000000000004,SFFR,11.725,0.0,0.42000000000000004,SFFR,11.725,0.0,0.42000000000000004,Multi-Market,Idle,0.0,27.459999999999994,95.04,122.5,ISEM,SSP
2026-06-20 06:00:00,0.0,0.42000000000000004,SFFR,11.725,0.0,0.42000000000000004,SFFR,11.725,0.0,0.42000000000000004,Multi-Market,Idle,0.0,30.700000000000003,91.8,122.5,DA_HH,SSP
2026-06-20 06:30:00,0.0,0.42000000000000004,SFFR,11.725,0.0,0.42000000000000004,SFFR,11.725,0.0,0.42000000000000004,Multi-Market,Idle,0.0,28.129999999999995,94.37,122.5,ISEM,SSP
2026-06-20 07:00:00,0.0,0.42000000000000004,SFFR,11.725,0.0,0.42000000000000004,SFFR,11.725,-0.0,0.42000000000000004,Multi-Market,Idle,-0.0,35.959999999999994,91.04,127.0,EPEX,SSP
2026-06-20 07:30:00,0.0,0.42000000000000004,SFFR,11.725,0.0,0.42000000000000004,SFFR,11.725,0.0,0.42000000000000004,Multi-Market,Idle,0.0,26.959999999999994,91.04,118.0,EPEX,SSP
2026-06-20 08:00:00,0.0,0.42000000000000004,SFFR,11.725,0.0,0.42000000000000004,SFFR,11.725,0.0,0.42000000000000004,Multi-Market,Idle,0.0,9.590000000000003,83.21,92.8,SSP,EPEX
2026-06-20 08:30:00,0.0,0.42000000000000004,SFFR,11.725,0.0,0.42000000000000004,SFFR,11.725,0.0,0.42000000000000004,Multi-Market,Idle,0.0,35.0,86.0,121.0,ISEM,SSP
2026-06-20 09:00:00,0.0,0.42000000000000004,SFFR,11.725,0.0,0.42000000000000004,SFFR,11.725,0.0,0.42000000000000004,Multi-Market,Idle,0.0,35.97,89.03,125.0,DA_HH,SSP
2026-06-20 09:30:00,0.0,0.42000000000000004,SFFR,11.725,0.0,0.42000000000000004,SFFR,11.725,-0.0,0.42000000000000004,Multi-Market,Idle,-0.0,42.22,82.78,125.0,DA_HH,SSP
2026-06-20 10:00:00,0.0,0.42000000000000004,SFFR,11.725,0.0,0.42000000000000004,SFFR,11.725,-0.0,0.42000000000000004,Multi-Market,Idle,-0.0,40.33,84.17,124.5,EPEX,SSP
2026-06-20 10:30:00,0.0,0.42000000000000004,SFFR,11.725,0.0,0.42000000000000004,SFFR,11.725,-2.1,2.3787496011486513,Multi-Market,Buy-ISEM,-156.387,9.700000000000003,74.47,84.17,ISEM,EPEX
2026-06-20 11:00:00,0.0,0.42000000000000004,SFFR,11.725,0.0,0.42000000000000004,SFFR,11.725,-0.20549856413514256,2.306380465638388,Multi-Market,Buy-ISEM,72.69219938578695,46.5,74.95,121.45,ISEM,SSP
2026-06-20 11:30:00,0.0,0.42000000000000004,SFFR,11.725,0.0,0.42000000000000004,SFFR,11.725,-2.1,4.265130066787039,Multi-Market,Buy-ISEM,-156.387,27.86,74.47,102.33,ISEM,SSP
2026-06-20 12:00:00,0.0,0.42000000000000004,SFFR,11.725,0.0,0.42000000000000004,SFFR,11.725,0.0,4.265130066787039,Multi-Market,Idle,0.0,37.14,77.86,115.0,ISEM,SSP
2026-06-20 12:30:00,0.0,0.42000000000000004,SFFR,11.725,0.0,0.42000000000000004,SFFR,11.725,-2.1,6.22387966793569,Multi-Market,Buy-ISEM,-157.5,25.180000000000007,75.0,100.18,ISEM,SSP
2026-06-20 13:00:00,0.0,0.42000000000000004,SFFR,11.725,0.0,0.42000000000000004,SFFR,11.725,0.0,6.22387966793569,Multi-Market,Idle,0.0,38.480000000000004,76.52,115.0,ISEM,SSP
2026-06-20 13:30:00,0.0,0.42000000000000004,SFFR,11.725,0.0,0.42000000000000004,SFFR,11.725,0.0,6.22387966793569,Multi-Market,Idle,0.0,39.06,75.94,115.0,ISEM,SSP
2026-06-20 14:00:00,0.0,0.42000000000000004,SFFR,11.725,0.0,0.42000000000000004,SFFR,11.725,0.0,6.22387966793569,Multi-Market,Idle,0.0,38.66,76.34,115.0,ISEM,SSP
2026-06-20 14:30:00,0.0,0.42000000000000004,SFFR,11.725,0.0,0.42000000000000004,SFFR,11.725,0.0,6.22387966793569,Multi-Market,Idle,0.0,4.170000000000002,77.83,82.0,ISEM,SSP
2026-06-20 15:00:00,0.0,0.42000000000000004,SFFR,11.725,0.0,0.42000000000000004,SFFR,11.725,-1.882758620689657,7.9799999999999995,Multi-Market,Buy-ISEM,-142.11062068965532,8.030000000000001,75.48,83.51,ISEM,EPEX
2026-06-20 15:30:00,0.0,0.42000000000000004,SFFR,11.725,0.0,0.42000000000000004,SFFR,11.725,0.0,7.9799999999999995,Multi-Market,Idle,0.0,17.019999999999996,79.47,96.49,ISEM,SSP
2026-06-20 16:00:00,0.0,0.42000000000000004,SFFR,11.725,0.0,0.42000000000000004,SFFR,11.725,0.0,7.9799999999999995,Multi-Market,Idle,0.0,10.620000000000005,86.71,97.33,ISEM,SSP
2026-06-20 16:30:00,0.0,0.42000000000000004,SFFR,11.725,0.0,0.42000000000000004,SFFR,11.725,0.0,7.9799999999999995,Multi-Market,Idle,0.0,13.689999999999998,79.11,92.8,ISEM,EPEX
2026-06-20 17:00:00,0.0,0.42000000000000004,SFFR,11.725,0.0,0.42000000000000004,SFFR,11.725,0.0,7.9799999999999995,Multi-Market,Idle,0.0,17.239999999999995,82.76,100.0,SSP,DA_HH
2026-06-20 17:30:00,0.0,0.42000000000000004,SFFR,11.725,0.0,0.42000000000000004,SFFR,11.725,0.0,7.9799999999999995,Multi-Market,Idle,0.0,7.6499999999999915,91.37,99.02,SSP,ISEM
2026-06-20 18:00:00,0.0,0.42000000000000004,SFFR,11.725,0.0,0.42000000000000004,SFFR,11.725,0.0,7.9799999999999995,Multi-Market,Idle,0.0,12.36,106.15,118.51,SSP,ISEM
2026-06-20 18:30:00,0.0,0.42000000000000004,SFFR,11.725,0.0,0.42000000000000004,SFFR,11.725,-0.0,7.9799999999999995,Multi-Market,Idle,-0.0,14.150000000000006,113.33,127.48,EPEX,ISEM
2026-06-20 19:00:00,0.0,0.42000000000000004,SFFR,11.725,0.0,0.42000000000000004,SFFR,11.725,-0.0,7.9799999999999995,Multi-Market,Idle,-0.0,14.120000000000005,127.88,142.0,EPEX,DA_HH
2026-06-20 19:30:00,0.0,0.42000000000000004,SFFR,11.725,0.0,0.42000000000000004,SFFR,11.725,0.0,7.9799999999999995,Multi-Market,Idle,0.0,11.319999999999993,127.88,139.2,EPEX,DA_HH
2026-06-20 20:00:00,0.0,0.42000000000000004,SFFR,11.725,0.0,0.42000000000000004,SFFR,11.725,3.3014985641351435,4.4404220056417305,Multi-Market,Sell-SSP,521.5047131907872,27.939999999999998,130.02,157.96,EPEX,SSP
2026-06-20 20:30:00,0.0,0.42000000000000004,SFFR,11.725,0.0,0.42000000000000004,SFFR,11.725,3.75,0.42000000000000004,Multi-Market,Sell-SSP,609.1875,32.42999999999998,130.02,162.45,EPEX,SSP
2026-06-20 21:00:00,0.0,0.42000000000000004,SFFR,11.725,0.0,0.42000000000000004,SFFR,11.725,-0.0,0.42000000000000004,Multi-Market,Idle,-0.0,19.629999999999995,131.37,151.0,EPEX,SSP
2026-06-20 21:30:00,0.0,0.42000000000000004,SFFR,11.725,0.0,0.42000000000000004,SFFR,11.725,-2.1,2.3787496011486513,Multi-Market,Buy-SSP,-174.216,58.42,82.96,141.38,SSP,DA_HH
2026-06-20 22:00:00,0.0,0.42000000000000004,SFFR,11.725,0.0,0.42000000000000004,SFFR,11.725,0.0,2.3787496011486513,Multi-Market,Idle,0.0,17.290000000000006,119.2,136.49,EPEX,SSP
2026-06-20 22:30:00,0.0,0.42000000000000004,SFFR,11.725,0.0,0.42000000000000004,SFFR,11.725,-2.1,4.337499202297303,Multi-Market,Buy-SSP,-136.5,62.900000000000006,65.0,127.9,SSP,ISEM
2026-06-20 23:00:00,0.0,0.42000000000000004,SFFR,11.725,0.0,0.42000000000000004,SFFR,11.725,0.0,4.337499202297303,Multi-Market,Idle,0.0,25.409999999999997,118.59,144.0,EPEX,SSP
2026-06-20 23:30:00,0.0,0.42000000000000004,SFFR,11.725,0.0,0.42000000000000004,SFFR,11.725,3.6540000000000004,0.42000000000000004,Multi-Market,Sell-SSP,529.83,30.92,114.08,145.0,ISEM,SSP
2026-06-21 00:00:00,0.0,0.42000000000000004,SFFR,11.725,0.0,0.42000000000000004,SFFR,11.725,0.0,0.42000000000000004,Multi-Market,Idle,0.0,30.400000000000006,109.6,140.0,ISEM,SSP
2026-06-21 00:30:00,0.0,0.42000000000000004,SFFR,11.725,0.0,0.42000000000000004,SFFR,11.725,-0.0,0.42000000000000004,Multi-Market,Idle,-0.0,29.61,110.39,140.0,ISEM,SSP
2026-06-21 01:00:00,0.0,0.42000000000000004,SFFR,11.725,0.0,0.42000000000000004,SFFR,11.725,0.0,0.42000000000000004,Multi-Market,Idle,0.0,1.3799999999999955,109.53,110.91,EPEX,ISEM
2026-06-21 01:30:00,0.0,0.42000000000000004,SFFR,11.725,0.0,0.42000000000000004,SFFR,11.725,0.0,0.42000000000000004,Multi-Market,Idle,0.0,15.019999999999996,95.08,110.1,SSP,ISEM
2026-06-21 02:00:00,0.0,0.42000000000000004,SFFR,11.725,0.0,0.42000000000000004,SFFR,11.725,0.0,0.42000000000000004,Multi-Market,Idle,0.0,22.409999999999997,106.59,129.0,EPEX,SSP
2026-06-21 02:30:00,0.0,0.42000000000000004,SFFR,11.725,0.0,0.42000000000000004,SFFR,11.725,0.0,0.42000000000000004,Multi-Market,Idle,0.0,25.0,104.0,129.0,DA_HH,SSP
2026-06-21 03:00:00,0.0,0.42000000000000004,SFFR,11.725,0.0,0.42000000000000004,SFFR,11.725,0.0,0.42000000000000004,Multi-Market,Idle,0.0,35.0,100.0,135.0,DA_HH,SSP
2026-06-21 03:30:00,0.0,0.42000000000000004,SFFR,11.725,0.0,0.42000000000000004,SFFR,11.725,0.0,0.42000000000000004,Multi-Market,Idle,0.0,31.10000000000001,102.8,133.9,DA_HH,SSP
2026-06-21 04:00:00,0.0,0.42000000000000004,SFFR,11.725,0.0,0.42000000000000004,SFFR,11.725,-0.0,0.42000000000000004,Multi-Market,Idle,-0.0,35.89,99.11,135.0,EPEX,SSP
2026-06-21 04:30:00,0.0,0.42000000000000004,SFFR,11.725,0.0,0.42000000000000004,SFFR,11.725,-0.0,0.42000000000000004,Multi-Market,Idle,-0.0,24.189999999999998,99.11,123.3,EPEX,SSP
2026-06-21 05:00:00,0.0,0.42000000000000004,SFFR,11.725,0.0,0.42000000000000004,SFFR,11.725,-0.0,0.42000000000000004,Multi-Market,Idle,-0.0,24.700000000000003,97.8,122.5,EPEX,SSP
2026-06-21 05:30:00,0.0,0.42000000000000004,SFFR,11.725,0.0,0.42000000000000004,SFFR,11.725,-0.0,0.42000000000000004,Multi-Market,Idle,-0.0,24.700000000000003,97.8,122.5,EPEX,SSP
2026-06-21 06:00:00,0.0,0.42000000000000004,SFFR,11.725,0.0,0.42000000000000004,SFFR,11.725,0.0,0.42000000000000004,Multi-Market,Idle,0.0,25.69999999999999,93.9,119.6,EPEX,SSP
2026-06-21 06:30:00,0.0,0.42000000000000004,SFFR,11.725,0.0,0.42000000000000004,SFFR,11.725,0.0,0.42000000000000004,Multi-Market,Idle,0.0,25.349999999999994,93.9,119.25,EPEX,SSP
2026-06-21 07:00:00,0.0,0.42000000000000004,SFFR,11.725,0.0,0.42000000000000004,SFFR,11.725,0.0,0.42000000000000004,Multi-Market,Idle,0.0,13.08999999999999,80.9,93.99,SSP,ISEM
2026-06-21 07:30:00,0.0,0.42000000000000004,SFFR,11.725,0.0,0.42000000000000004,SFFR,11.725,0.0,0.42000000000000004,Multi-Market,Idle,0.0,11.919999999999987,82.68,94.6,SSP,DA_HH
2026-06-21 08:00:00,0.0,0.42000000000000004,SFFR,11.725,0.0,0.42000000000000004,SFFR,11.725,0.0,0.42000000000000004,Multi-Market,Idle,0.0,8.509999999999991,87.2,95.71,EPEX,SSP
2026-06-21 08:30:00,0.0,0.42000000000000004,SFFR,11.725,0.0,0.42000000000000004,SFFR,11.725,0.0,0.42000000000000004,Multi-Market,Idle,0.0,8.009999999999991,87.2,95.21,EPEX,SSP
2026-06-21 09:00:00,0.0,0.42000000000000004,SFFR,11.725,0.0,0.42000000000000004,SFFR,11.725,0.0,0.42000000000000004,Multi-Market,Idle,0.0,4.819999999999993,90.0,94.82,EPEX,SSP
2026-06-21 09:30:00,0.0,0.42000000000000004,SFFR,11.725,0.0,0.42000000000000004,SFFR,11.725,0.0,0.42000000000000004,Multi-Market,Idle,0.0,4.310000000000002,90.0,94.31,EPEX,DA_HH
2026-06-21 10:00:00,0.0,0.42000000000000004,SFFR,11.725,0.0,0.42000000000000004,SFFR,11.725,0.0,0.42000000000000004,Multi-Market,Idle,0.0,4.040000000000006,90.0,94.04,EPEX,DA_HH
2026-06-21 10:30:00,0.0,0.42000000000000004,SFFR,11.725,0.0,0.42000000000000004,SFFR,11.725,0.0,0.42000000000000004,Multi-Market,Idle,0.0,3.230000000000004,90.0,93.23,EPEX,ISEM
2026-06-21 11:00:00,0.0,0.42000000000000004,SFFR,11.725,0.0,0.42000000000000004,SFFR,11.725,0.0,0.42000000000000004,Multi-Market,Idle,0.0,7.700000000000003,87.72,95.42,EPEX,DA_HH
2026-06-21 11:30:00,0.0,0.42000000000000004,SFFR,11.725,0.0,0.42000000000000004,SFFR,11.725,0.0,0.42000000000000004,Multi-Market,Idle,0.0,7.040000000000006,87.72,94.76,EPEX,ISEM
2026-06-21 12:00:00,0.0,0.42000000000000004,SFFR,11.725,0.0,0.42000000000000004,SFFR,11.725,0.0,0.42000000000000004,Multi-Market,Idle,0.0,4.290000000000006,89.11,93.4,EPEX,DA_HH
2026-06-21 12:30:00,0.0,0.42000000000000004,SFFR,11.725,0.0,0.42000000000000004,SFFR,11.725,0.0,0.42000000000000004,Multi-Market,Idle,0.0,4.180000000000007,89.11,93.29,EPEX,SSP
2026-06-21 13:00:00,0.0,0.42000000000000004,SFFR,11.725,0.0,0.42000000000000004,SFFR,11.725,0.0,0.42000000000000004,Multi-Market,Idle,0.0,12.0,82.0,94.0,SSP,DA_HH
2026-06-21 13:30:00,0.0,0.42000000000000004,SFFR,11.725,0.0,0.42000000000000004,SFFR,11.725,0.0,0.42000000000000004,Multi-Market,Idle,0.0,13.200000000000003,81.0,94.2,SSP,ISEM
2026-06-21 14:00:00,0.0,0.42000000000000004,SFFR,11.725,0.0,0.42000000000000004,SFFR,11.725,0.0,0.42000000000000004,Multi-Market,Idle,0.0,14.179999999999993,80.9,95.08,SSP,DA_HH
2026-06-21 14:30:00,0.0,0.42000000000000004,SFFR,11.725,0.0,0.42000000000000004,SFFR,11.725,0.0,0.42000000000000004,Multi-Market,Idle,0.0,15.510000000000005,81.0,96.51,SSP,ISEM
2026-06-21 15:00:00,0.0,0.42000000000000004,SFFR,11.725,0.0,0.42000000000000004,SFFR,11.725,0.0,0.42000000000000004,Multi-Market,Idle,0.0,11.299999999999997,80.7,92.0,SSP,ISEM
2026-06-21 15:30:00,0.0,0.42000000000000004,SFFR,11.725,0.0,0.42000000000000004,SFFR,11.725,-2.1,2.3787496011486513,Multi-Market,Buy-SSP,-163.8,13.189999999999998,78.0,91.19,SSP,ISEM
2026-06-21 16:00:00,0.0,0.42000000000000004,SFFR,11.725,0.0,0.42000000000000004,SFFR,11.725,-2.1,4.337499202297303,Multi-Market,Buy-SSP,-159.6,18.0,76.0,94.0,SSP,DA_HH
2026-06-21 16:30:00,0.0,0.42000000000000004,SFFR,11.725,0.0,0.42000000000000004,SFFR,11.725,-2.1,6.296248803445954,Multi-Market,Buy-SSP,-161.70000000000002,19.379999999999995,77.0,96.38,SSP,DA_HH
2026-06-21 17:00:00,0.0,0.42000000000000004,SFFR,11.725,0.0,0.42000000000000004,SFFR,11.725,-1.8051707633737282,7.9799999999999995,Multi-Market,Buy-SSP,-144.41366106989824,22.599999999999994,80.0,102.6,SSP,EPEX
2026-06-21 17:30:00,0.0,0.42000000000000004,SFFR,11.725,0.0,0.42000000000000004,SFFR,11.725,0.0,7.9799999999999995,Multi-Market,Idle,0.0,22.28,80.63,102.91,SSP,ISEM
2026-06-21 18:00:00,0.0,0.42000000000000004,SFFR,11.725,0.0,0.42000000000000004,SFFR,11.725,0.0,7.9799999999999995,Multi-Market,Idle,0.0,30.260000000000005,90.32,120.58,SSP,EPEX
2026-06-21 18:30:00,0.0,0.42000000000000004,SFFR,11.725,0.0,0.42000000000000004,SFFR,11.725,-0.27300000000000035,7.9799999999999995,Multi-Market,Buy-ISEM,64.44899999999998,53.18000000000001,119.82,173.0,ISEM,SSP
2026-06-21 19:00:00,0.0,0.42000000000000004,SFFR,11.725,0.0,0.42000000000000004,SFFR,11.725,0.0,7.9799999999999995,Multi-Market,Idle,0.0,44.78999999999999,128.21,173.0,DA_HH,SSP
2026-06-21 19:30:00,0.0,0.42000000000000004,SFFR,11.725,0.0,0.42000000000000004,SFFR,11.725,0.0,7.9799999999999995,Multi-Market,Idle,0.0,44.0,129.0,173.0,DA_HH,SSP
2026-06-21 20:00:00,0.0,0.42000000000000004,SFFR,11.725,0.0,0.42000000000000004,SFFR,11.725,1.173000000000001,6.429725274624546,Multi-Market,Buy-DA_HH,308.55000000000024,48.620000000000005,127.38,176.0,DA_HH,SSP
2026-06-21 20:30:00,0.0,0.42000000000000004,SFFR,11.725,0.0,0.42000000000000004,SFFR,11.725,3.6724121426840703,2.4816724044930796,Multi-Market,Buy-DA_HH,649.991166406245,47.0,129.0,176.0,DA_HH,SSP
2026-06-21 21:00:00,0.0,0.42000000000000004,SFFR,11.725,0.0,0.42000000000000004,SFFR,11.725,1.65,0.42000000000000004,Multi-Market,Buy-DA_HH,392.943,48.83,127.17,176.0,DA_HH,SSP
2026-06-21 21:30:00,0.0,0.42000000000000004,SFFR,11.725,0.0,0.42000000000000004,SFFR,11.725,-0.0,0.42000000000000004,Multi-Market,Idle,-0.0,45.83,127.17,173.0,DA_HH,SSP
2026-06-21 22:00:00,0.0,0.42000000000000004,SFFR,11.725,0.0,0.42000000000000004,SFFR,11.725,-0.0,0.42000000000000004,Multi-Market,Idle,-0.0,6.489999999999995,119.0,125.49,EPEX,SSP
2026-06-21 22:30:00,0.0,0.42000000000000004,SFFR,11.725,0.0,0.42000000000000004,SFFR,11.725,-0.0,0.42000000000000004,Multi-Market,Idle,-0.0,2.680000000000007,119.0,121.68,EPEX,SSP
2026-06-21 23:00:00,0.0,0.42000000000000004,SFFR,11.725,0.0,0.42000000000000004,SFFR,11.725,-0.0,0.42000000000000004,Multi-Market,Idle,-0.0,5.549999999999997,108.81,114.36,DA_HH,SSP
2026-06-21 23:30:00,0.0,0.42000000000000004,SFFR,11.725,0.0,0.42000000000000004,SFFR,11.725,0.0,0.42000000000000004,Multi-Market,Idle,0.0,11.209999999999994,97.7,108.91,SSP,EPEX
2026-06-22 00:00:00,0.0,0.42000000000000004,SFFR,11.725,0.0,0.42000000000000004,SFFR,11.725,0.0,0.42000000000000004,Multi-Market,Idle,0.0,6.719999999999999,104.47,111.19,DA_HH,SSP
2026-06-22 00:30:00,0.0,0.42000000000000004,SFFR,11.725,0.0,0.42000000000000004,SFFR,11.725,0.0,0.42000000000000004,Multi-Market,Idle,0.0,6.289999999999992,102.34,108.63,DA_HH,SSP
2026-06-22 01:00:00,0.0,0.42000000000000004,SFFR,11.725,0.0,0.42000000000000004,SFFR,11.725,0.0,0.42000000000000004,Multi-Market,Idle,0.0,7.039999999999992,97.9,104.94,DA_HH,SSP
2026-06-22 01:30:00,0.0,0.42000000000000004,SFFR,11.725,0.0,0.42000000000000004,SFFR,11.725,0.0,0.42000000000000004,Multi-Market,Idle,0.0,5.670000000000002,97.83,103.5,DA_HH,ISEM
2026-06-22 02:00:00,0.0,0.42000000000000004,SFFR,11.725,0.0,0.42000000000000004,SFFR,11.725,0.0,0.42000000000000004,Multi-Market,Idle,0.0,21.480000000000004,81.33,102.81,SSP,ISEM
2026-06-22 02:30:00,0.0,0.42000000000000004,SFFR,11.725,0.0,0.42000000000000004,SFFR,11.725,0.0,0.42000000000000004,Multi-Market,Idle,0.0,20.840000000000003,81.33,102.17,SSP,ISEM
2026-06-22 03:00:00,0.0,0.42000000000000004,SFFR,11.725,0.0,0.42000000000000004,SFFR,11.725,0.0,0.42000000000000004,Multi-Market,Idle,0.0,19.070000000000007,81.33,100.4,SSP,ISEM
2026-06-22 03:30:00,0.0,0.42000000000000004,SFFR,11.725,0.0,0.42000000000000004,SFFR,11.725,0.0,0.42000000000000004,Multi-Market,Idle,0.0,18.230000000000004,81.33,99.56,SSP,ISEM
2026-06-22 04:00:00,0.0,0.42000000000000004,SFFR,11.725,0.0,0.42000000000000004,SFFR,11.725,0.0,0.42000000000000004,Multi-Market,Idle,0.0,22.209999999999994,81.34,103.55,SSP,DA_HH
2026-06-22 04:30:00,0.0,0.42000000000000004,SFFR,11.725,0.0,0.42000000000000004,SFFR,11.725,0.0,0.42000000000000004,Multi-Market,Idle,0.0,18.659999999999997,81.34,100.0,SSP,DA_HH
2026-06-22 05:00:00,0.0,0.42000000000000004,SFFR,11.725,0.0,0.42000000000000004,SFFR,11.725,0.0,0.42000000000000004,Multi-Market,Idle,0.0,26.659999999999997,81.34,108.0,SSP,DA_HH
2026-06-22 05:30:00,0.0,0.42000000000000004,SFFR,11.725,0.0,0.42000000000000004,SFFR,11.725,0.0,0.42000000000000004,Multi-Market,Idle,0.0,28.11,81.34,109.45,SSP,ISEM
2026-06-22 06:00:00,0.0,0.42000000000000004,SFFR,11.725,0.0,0.42000000000000004,SFFR,11.725,0.0,0.42000000000000004,Multi-Market,Idle,0.0,34.540000000000006,81.36,115.9,SSP,DA_HH
2026-06-22 06:30:00,0.0,0.42000000000000004,SFFR,11.725,0.0,0.42000000000000004,SFFR,11.725,-0.0,0.42000000000000004,Multi-Market,Idle,-0.0,36.64,81.36,118.0,SSP,ISEM
2026-06-22 07:00:00,0.0,0.42000000000000004,SFFR,11.725,0.0,0.42000000000000004,SFFR,11.725,0.0,0.42000000000000004,Multi-Market,Idle,0.0,30.239999999999995,81.36,111.6,SSP,EPEX
2026-06-22 07:30:00,0.0,0.42000000000000004,SFFR,11.725,0.0,0.42000000000000004,SFFR,11.725,0.0,0.42000000000000004,Multi-Market,Idle,0.0,30.25999999999999,81.34,111.6,SSP,EPEX
2026-06-22 08:00:00,0.0,0.42000000000000004,SFFR,11.725,0.0,0.42000000000000004,SFFR,11.725,0.0,0.42000000000000004,Multi-Market,Idle,0.0,19.379999999999995,81.31,100.69,SSP,EPEX
2026-06-22 08:30:00,0.0,0.42000000000000004,SFFR,11.725,0.0,0.42000000000000004,SFFR,11.725,0.0,0.42000000000000004,Multi-Market,Idle,0.0,19.64999999999999,81.04,100.69,SSP,EPEX
2026-06-22 09:00:00,0.0,0.42000000000000004,SFFR,11.725,0.0,0.42000000000000004,SFFR,11.725,0.0,0.42000000000000004,Multi-Market,Idle,0.0,15.319999999999993,81.01,96.33,SSP,EPEX
2026-06-22 09:30:00,0.0,0.42000000000000004,SFFR,11.725,0.0,0.42000000000000004,SFFR,11.725,0.0,0.42000000000000004,Multi-Market,Idle,0.0,21.53,74.8,96.33,SSP,EPEX
2026-06-22 10:00:00,0.0,0.42000000000000004,SFFR,11.725,0.0,0.42000000000000004,SFFR,11.725,0.0,0.42000000000000004,Multi-Market,Idle,0.0,19.89,73.11,93.0,SSP,DA_HH
2026-06-22 10:30:00,0.0,0.42000000000000004,SFFR,11.725,0.0,0.42000000000000004,SFFR,11.725,0.0,0.42000000000000004,Multi-Market,Idle,0.0,16.5,74.8,91.3,SSP,ISEM
2026-06-22 11:00:00,0.0,0.42000000000000004,SFFR,11.725,0.0,0.42000000000000004,SFFR,11.725,0.0,0.42000000000000004,Multi-Market,Idle,0.0,11.739999999999995,78.0,89.74,SSP,EPEX
2026-06-22 11:30:00,0.0,0.42000000000000004,SFFR,11.725,0.0,0.42000000000000004,SFFR,11.725,0.0,0.42000000000000004,Multi-Market,Idle,0.0,25.439999999999998,64.3,89.74,SSP,EPEX
2026-06-22 12:00:00,0.0,0.42000000000000004,SFFR,11.725,0.0,0.42000000000000004,SFFR,11.725,0.0,0.42000000000000004,Multi-Market,Idle,0.0,31.599999999999994,60.0,91.6,SSP,EPEX
2026-06-22 12:30:00,0.0,0.42000000000000004,SFFR,11.725,0.0,0.42000000000000004,SFFR,11.725,-1.8051707633737293,2.1037511965540467,Multi-Market,Buy-SSP,-108.31024580242375,31.599999999999994,60.0,91.6,SSP,EPEX
2026-06-22 13:00:00,0.0,0.42000000000000004,SFFR,11.725,0.0,0.42000000000000004,SFFR,11.725,-2.1,4.062500797702698,Multi-Market,Buy-SSP,-115.5,37.349999999999994,55.0,92.35,SSP,EPEX
2026-06-22 13:30:00,0.0,0.42000000000000004,SFFR,11.725,0.0,0.42000000000000004,SFFR,11.725,-2.1,6.021250398851349,Multi-Market,Buy-SSP,-84.0,52.349999999999994,40.0,92.35,SSP,EPEX
2026-06-22 14:00:00,0.0,0.42000000000000004,SFFR,11.725,0.0,0.42000000000000004,SFFR,11.725,0.0,6.021250398851349,Multi-Market,Idle,0.0,24.700000000000003,69.3,94.0,SSP,EPEX
2026-06-22 14:30:00,0.0,0.42000000000000004,SFFR,11.725,0.0,0.42000000000000004,SFFR,11.725,-2.1,7.9799999999999995,Multi-Market,Buy-SSP,-21.0,84.0,10.0,94.0,SSP,EPEX
2026-06-22 15:00:00,0.0,0.42000000000000004,SFFR,11.725,0.0,0.42000000000000004,SFFR,11.725,0.0,7.9799999999999995,Multi-Market,Idle,0.0,21.5,87.5,109.0,ISEM,SSP
2026-06-22 15:30:00,0.0,0.42000000000000004,SFFR,11.725,0.0,0.42000000000000004,SFFR,11.725,0.0,7.9799999999999995,Multi-Market,Idle,0.0,11.329999999999998,81.05,92.38,SSP,EPEX
2026-06-22 16:00:00,0.0,0.42000000000000004,SFFR,11.725,0.0,0.42000000000000004,SFFR,11.725,1.5539999999999994,6.021250398851349,Multi-Market,Buy-ISEM,422.68799999999993,74.0,98.0,172.0,ISEM,SSP
2026-06-22 16:30:00,0.0,0.42000000000000004,SFFR,11.725,0.0,0.42000000000000004,SFFR,11.725,-2.1,7.9799999999999995,Multi-Market,Buy-DA_HH,-209.916,72.04,99.96,172.0,DA_HH,SSP
2026-06-22 17:00:00,0.0,0.42000000000000004,SFFR,11.725,0.0,0.42000000000000004,SFFR,11.725,-0.0,7.9799999999999995,Multi-Market,Idle,-0.0,56.7,116.3,173.0,EPEX,SSP
2026-06-22 17:30:00,0.0,0.42000000000000004,SFFR,11.725,0.0,0.42000000000000004,SFFR,11.725,-0.0,7.9799999999999995,Multi-Market,Idle,-0.0,57.7,116.3,174.0,EPEX,SSP
2026-06-22 18:00:00,0.0,0.42000000000000004,SFFR,11.725,0.0,0.42000000000000004,SFFR,11.725,0.0,7.9799999999999995,Multi-Market,Idle,0.0,30.659999999999997,143.34,174.0,EPEX,SSP
2026-06-22 18:30:00,0.0,0.42000000000000004,SFFR,11.725,0.0,0.42000000000000004,SFFR,11.725,3.3014985641351435,4.4404220056417305,Multi-Market,Sell-DA_HH,604.1742372367313,39.66,143.34,183.0,EPEX,DA_HH
2026-06-22 19:00:00,0.0,0.42000000000000004,SFFR,11.725,0.0,0.42000000000000004,SFFR,11.725,3.75,0.42000000000000004,Multi-Market,Sell-DA_HH,710.775,21.789999999999992,167.75,189.54,EPEX,DA_HH
2026-06-22 19:30:00,0.0,0.42000000000000004,SFFR,11.725,0.0,0.42000000000000004,SFFR,11.725,0.0,0.42000000000000004,Multi-Market,Idle,0.0,9.25,167.75,177.0,EPEX,ISEM
2026-06-22 20:00:00,0.0,0.42000000000000004,SFFR,11.725,0.0,0.42000000000000004,SFFR,11.725,-0.0,0.42000000000000004,Multi-Market,Idle,-0.0,17.99000000000001,159.16,177.15,EPEX,DA_HH
2026-06-22 20:30:00,0.0,0.42000000000000004,SFFR,11.725,0.0,0.42000000000000004,SFFR,11.725,-0.01008642145107079,0.42000000000000004,Multi-Market,Buy-SSP,2.95729997552529,60.95,114.7,175.65,SSP,ISEM
2026-06-22 21:00:00,0.0,0.42000000000000004,SFFR,11.725,0.0,0.42000000000000004,SFFR,11.725,-2.1,2.3787496011486513,Multi-Market,Buy-SSP,-235.998,60.620000000000005,112.38,173.0,SSP,DA_HH
2026-06-22 21:30:00,0.0,0.42000000000000004,SFFR,11.725,0.0,0.42000000000000004,SFFR,11.725,1.8270000000000002,0.42000000000000004,Multi-Market,Sell-SSP,317.898,18.55000000000001,155.45,174.0,EPEX,SSP
2026-06-22 22:00:00,0.0,0.42000000000000004,SFFR,11.725,0.0,0.42000000000000004,SFFR,11.725,0.0,0.42000000000000004,Multi-Market,Idle,0.0,39.5,105.0,144.5,SSP,DA_HH
2026-06-22 22:30:00,0.0,0.42000000000000004,SFFR,11.725,0.0,0.42000000000000004,SFFR,11.725,0.0,0.42000000000000004,Multi-Market,Idle,0.0,52.41,90.0,142.41,SSP,ISEM
2026-06-22 23:00:00,0.0,0.42000000000000004,SFFR,11.725,0.0,0.42000000000000004,SFFR,11.725,-0.0,0.42000000000000004,Multi-Market,Idle,-0.0,27.400000000000006,119.6,147.0,EPEX,SSP
2026-06-22 23:30:00,0.0,0.42000000000000004,SFFR,11.725,0.0,0.42000000000000004,SFFR,11.725,-0.0,0.42000000000000004,Multi-Market,Idle,-0.0,35.599999999999994,84.0,119.6,SSP,EPEX
2026-06-23 00:00:00,0.0,0.42000000000000004,EPEX,0.0,0.0,0.42000000000000004,SFFR,11.725,0.0,0.42000000000000004,Multi-Market,Idle,0.0,31.120000000000005,82.05,113.17,SSP,ISEM
2026-06-23 00:30:00,0.0,0.42000000000000004,EPEX,0.0,0.0,0.42000000000000004,SFFR,11.725,0.0,0.42000000000000004,Multi-Market,Idle,0.0,33.349999999999994,81.65,115.0,SSP,DA_HH
2026-06-23 01:00:00,0.0,0.42000000000000004,EPEX,0.0,0.0,0.42000000000000004,SFFR,11.725,0.0,0.42000000000000004,Multi-Market,Idle,0.0,31.049999999999997,81.65,112.7,SSP,DA_HH
2026-06-23 01:30:00,0.0,0.42000000000000004,EPEX,0.0,0.0,0.42000000000000004,SFFR,11.725,0.0,0.42000000000000004,Multi-Market,Idle,0.0,24.299999999999997,84.0,108.3,SSP,DA_HH
2026-06-23 02:00:00,-2.1,2.3787496011486513,EPEX,-220.395,0.0,0.42000000000000004,SFFR,11.725,0.0,0.42000000000000004,Multi-Market,Idle,0.0,20.019999999999996,104.95,124.97,EPEX,SSP
2026-06-23 02:30:00,-0.07758785731592904,2.4511187366589153,EPEX,-8.142845625306753,0.0,0.42000000000000004,SFFR,11.725,0.0,0.42000000000000004,Multi-Market,Idle,0.0,19.64,104.95,124.59,EPEX,SSP
2026-06-23 03:00:00,-2.1,4.409868337807566,EPEX,-217.49699999999999,0.0,0.42000000000000004,SFFR,11.725,0.0,0.42000000000000004,Multi-Market,Idle,0.0,21.430000000000007,103.57,125.0,EPEX,SSP
2026-06-23 03:30:00,-2.1,6.368617938956217,EPEX,-217.49699999999999,0.0,0.42000000000000004,SFFR,11.725,0.0,0.42000000000000004,Multi-Market,Idle,0.0,12.260000000000005,101.88,114.14,SSP,DA_HH
2026-06-23 04:00:00,0.0,6.368617938956217,EPEX,0.0,0.0,0.42000000000000004,SFFR,11.725,0.0,0.42000000000000004,Multi-Market,Idle,0.0,1.5900000000000034,106.41,108.0,ISEM,DA_HH
2026-06-23 04:30:00,0.0,6.368617938956217,EPEX,0.0,0.0,0.42000000000000004,SFFR,11.725,0.0,0.42000000000000004,Multi-Market,Idle,0.0,19.659999999999997,88.7,108.36,SSP,ISEM
2026-06-23 05:00:00,0.0,6.368617938956217,EPEX,0.0,0.0,0.42000000000000004,SFFR,11.725,0.0,0.42000000000000004,Multi-Market,Idle,0.0,20.88000000000001,91.82,112.7,SSP,EPEX
2026-06-23 05:30:00,0.0,6.368617938956217,EPEX,0.0,0.0,0.42000000000000004,SFFR,11.725,0.0,0.42000000000000004,Multi-Market,Idle,0.0,16.72,98.04,114.76,SSP,DA_HH
2026-06-23 06:00:00,3.75,2.3481959333144866,EPEX,461.925,0.0,0.42000000000000004,SFFR,11.725,0.0,0.42000000000000004,Multi-Market,Idle,0.0,28.17,95.01,123.18,SSP,EPEX
2026-06-23 06:30:00,1.798501435864858,0.42000000000000004,EPEX,221.53940686983321,0.0,0.42000000000000004,SFFR,11.725,0.0,0.42000000000000004,Multi-Market,Idle,0.0,27.049999999999997,101.7,128.75,SSP,DA_HH
2026-06-23 07:00:00,0.0,0.42000000000000004,EPEX,0.0,0.0,0.42000000000000004,SFFR,11.725,0.0,0.42000000000000004,Multi-Market,Idle,0.0,36.31,82.05,118.36,SSP,EPEX
2026-06-23 07:30:00,-0.0,0.42000000000000004,EPEX,-0.0,0.0,0.42000000000000004,SFFR,11.725,0.0,0.42000000000000004,Multi-Market,Idle,0.0,39.31,82.05,121.36,SSP,DA_HH
2026-06-23 08:00:00,-0.0,0.42000000000000004,EPEX,-0.0,0.0,0.42000000000000004,SFFR,11.725,0.0,0.42000000000000004,Multi-Market,Idle,0.0,47.35000000000001,99.8,147.15,ISEM,SSP
2026-06-23 08:30:00,-0.0,0.42000000000000004,EPEX,-0.0,0.0,0.42000000000000004,SFFR,11.725,0.0,0.42000000000000004,Multi-Market,Idle,0.0,22.060000000000002,94.0,116.06,ISEM,SSP
2026-06-23 09:00:00,0.0,0.42000000000000004,EPEX,0.0,0.0,0.42000000000000004,SFFR,11.725,0.0,0.42000000000000004,Multi-Market,Idle,0.0,12.509999999999991,81.65,94.16,SSP,EPEX
2026-06-23 09:30:00,0.0,0.42000000000000004,EPEX,0.0,0.0,0.42000000000000004,SFFR,11.725,0.0,0.42000000000000004,Multi-Market,Idle,0.0,13.11999999999999,81.04,94.16,SSP,EPEX
2026-06-23 10:00:00,0.0,0.42000000000000004,EPEX,0.0,0.0,0.42000000000000004,SFFR,11.725,-2.1,2.3787496011486513,Multi-Market,Buy-SSP,-165.228,10.519999999999996,78.68,89.2,SSP,DA_HH
2026-06-23 10:30:00,0.0,0.42000000000000004,EPEX,0.0,0.0,0.42000000000000004,SFFR,11.725,0.0,2.3787496011486513,Multi-Market,Idle,0.0,13.239999999999995,80.76,94.0,SSP,DA_HH
2026-06-23 11:00:00,-2.1,2.3787496011486513,EPEX,-181.85999999999999,0.0,0.42000000000000004,SFFR,11.725,0.0,2.3787496011486513,Multi-Market,Idle,0.0,22.97,83.97,106.94,ISEM,SSP
2026-06-23 11:30:00,-2.1,4.337499202297303,EPEX,-181.85999999999999,0.0,0.42000000000000004,SFFR,11.725,-1.8051707633737288,4.062500797702698,Multi-Market,Buy-SSP,-144.81079863784052,7.980000000000004,80.22,88.2,SSP,DA_HH
2026-06-23 12:00:00,0.0,4.337499202297303,EPEX,0.0,0.0,0.42000000000000004,SFFR,11.725,0.0,4.062500797702698,Multi-Market,Idle,0.0,8.969999999999999,81.03,90.0,SSP,DA_HH
2026-06-23 12:30:00,0.0,4.337499202297303,EPEX,0.0,0.0,0.42000000000000004,SFFR,11.725,0.0,4.062500797702698,Multi-Market,Idle,0.0,8.189999999999998,81.01,89.2,SSP,DA_HH
2026-06-23 13:00:00,-1.8051707633737284,6.021250398851349,EPEX,-157.41089056618912,0.0,0.42000000000000004,SFFR,11.725,0.0,4.062500797702698,Multi-Market,Idle,0.0,7.159999999999997,81.04,88.2,SSP,DA_HH
2026-06-23 13:30:00,0.0,6.021250398851349,EPEX,0.0,0.0,0.42000000000000004,SFFR,11.725,0.0,4.062500797702698,Multi-Market,Idle,0.0,6.090000000000003,82.11,88.2,SSP,DA_HH
2026-06-23 14:00:00,0.0,6.021250398851349,EPEX,0.0,0.0,0.42000000000000004,SFFR,11.725,0.0,4.062500797702698,Multi-Market,Idle,0.0,9.5,86.01,95.51,ISEM,SSP
2026-06-23 14:30:00,-2.1,7.9799999999999995,EPEX,-183.12,0.0,0.42000000000000004,SFFR,11.725,0.0,4.062500797702698,Multi-Market,Idle,0.0,7.140000000000001,81.06,88.2,SSP,DA_HH
2026-06-23 15:00:00,0.0,7.9799999999999995,EPEX,0.0,0.0,0.42000000000000004,SFFR,11.725,0.0,4.062500797702698,Multi-Market,Idle,0.0,12.939999999999998,81.06,94.0,SSP,DA_HH
2026-06-23 15:30:00,0.0,7.9799999999999995,EPEX,0.0,0.0,0.42000000000000004,SFFR,11.725,-2.1,6.021250398851349,Multi-Market,Buy-SSP,-164.955,16.939999999999998,78.55,95.49,SSP,DA_HH
2026-06-23 16:00:00,-0.0,7.9799999999999995,EPEX,-0.0,0.0,0.42000000000000004,SFFR,11.725,0.0,6.021250398851349,Multi-Market,Idle,0.0,54.0,105.0,159.0,EPEX,SSP
2026-06-23 16:30:00,-0.0,7.9799999999999995,EPEX,-0.0,0.0,0.42000000000000004,SFFR,11.725,-2.1,7.9799999999999995,Multi-Market,Buy-SSP,-166.08900000000003,35.91,79.09,115.0,SSP,DA_HH
2026-06-23 17:00:00,-0.0,7.9799999999999995,EPEX,-0.0,0.0,0.42000000000000004,SFFR,11.725,0.0,7.9799999999999995,Multi-Market,Idle,0.0,90.6,133.0,223.6,EPEX,SSP
2026-06-23 17:30:00,0.0,7.9799999999999995,EPEX,0.0,0.0,0.42000000000000004,SFFR,11.725,0.0,7.9799999999999995,Multi-Market,Idle,0.0,91.38,133.0,224.38,EPEX,SSP
2026-06-23 18:00:00,-0.0,7.9799999999999995,EPEX,-0.0,-2.1,2.3787496011486513,EPEX,-389.718,0.0,7.9799999999999995,Multi-Market,Idle,0.0,268.91999999999996,185.58,454.5,EPEX,SSP
2026-06-23 18:30:00,0.0,7.9799999999999995,EPEX,0.0,-2.1,4.337499202297303,EPEX,-389.718,0.0,7.9799999999999995,Multi-Market,Idle,0.0,285.28999999999996,185.58,470.87,EPEX,SSP
2026-06-23 19:00:00,3.3014985641351435,4.4404220056417305,EPEX,758.8824599521041,3.6540000000000004,0.42000000000000004,EPEX,839.9084400000002,-0.20172413793103483,7.9799999999999995,Multi-Market,Buy-EPEX,616.535689655173,491.03999999999996,229.86,720.9,EPEX,SSP
2026-06-23 19:30:00,3.75,0.42000000000000004,EPEX,861.975,-0.0,0.42000000000000004,EPEX,-0.0,3.124136280615107,4.543344808986159,Multi-Market,Buy-EPEX,2743.8264654621885,540.1899999999999,229.86,770.05,EPEX,SSP
2026-06-23 20:00:00,-0.0,0.42000000000000004,EPEX,-0.0,0.0,0.42000000000000004,SFFR,11.725,1.65,2.4816724044930796,Multi-Market,Buy-EPEX,2476.593,559.37,229.67,789.04,EPEX,SSP
2026-06-23 20:30:00,-0.0,0.42000000000000004,EPEX,-0.0,0.0,0.42000000000000004,SFFR,11.725,1.65,0.42000000000000004,Multi-Market,Buy-EPEX,2517.693,570.33,229.67,800.0,EPEX,SSP
2026-06-23 21:00:00,-0.0,0.42000000000000004,EPEX,-0.0,0.0,0.42000000000000004,SFFR,11.725,-0.0,0.42000000000000004,Multi-Market,Idle,-0.0,352.28999999999996,197.71,550.0,EPEX,SSP
2026-06-23 21:30:00,-0.0,0.42000000000000004,EPEX,-0.0,0.0,0.42000000000000004,SFFR,11.725,-0.0,0.42000000000000004,Multi-Market,Idle,-0.0,330.3299999999999,197.71,528.04,EPEX,SSP
2026-06-23 22:00:00,-0.0,0.42000000000000004,EPEX,-0.0,0.0,0.42000000000000004,SFFR,11.725,0.0,0.42000000000000004,Multi-Market,Idle,0.0,171.07999999999998,158.0,329.08,EPEX,SSP
2026-06-23 22:30:00,-0.0,0.42000000000000004,EPEX,-0.0,0.0,0.42000000000000004,SFFR,11.725,0.0,0.42000000000000004,Multi-Market,Idle,0.0,68.68,158.0,226.68,EPEX,SSP
2026-06-23 23:00:00,0.0,0.42000000000000004,EPEX,0.0,0.0,0.42000000000000004,SFFR,11.725,0.0,0.42000000000000004,Multi-Market,Idle,0.0,60.25,129.75,190.0,EPEX,SSP
2026-06-23 23:30:00,-0.0,0.42000000000000004,EPEX,-0.0,0.0,0.42000000000000004,SFFR,11.725,0.0,0.42000000000000004,Multi-Market,Idle,0.0,70.25,129.75,200.0,EPEX,SSP
2026-06-24 00:00:00,0.0,0.42000000000000004,EPEX,0.0,0.0,0.42000000000000004,SFFR,11.725,0.0,0.42000000000000004,Multi-Market,Idle,0.0,29.090000000000003,95.91,125.0,SSP,ISEM
2026-06-24 00:30:00,0.0,0.42000000000000004,EPEX,0.0,0.0,0.42000000000000004,SFFR,11.725,0.0,0.42000000000000004,Multi-Market,Idle,0.0,33.21000000000001,121.6,154.81,DA_HH,SSP
2026-06-24 01:00:00,0.0,0.42000000000000004,EPEX,0.0,0.0,0.42000000000000004,SFFR,11.725,0.0,0.42000000000000004,Multi-Market,Idle,0.0,10.429999999999993,115.45,125.88,EPEX,SSP
2026-06-24 01:30:00,0.0,0.42000000000000004,EPEX,0.0,0.0,0.42000000000000004,SFFR,11.725,0.0,0.42000000000000004,Multi-Market,Idle,0.0,13.86999999999999,115.45,129.32,EPEX,SSP
2026-06-24 02:00:00,-2.1,2.3787496011486513,EPEX,-238.161,0.0,0.42000000000000004,SFFR,11.725,0.0,0.42000000000000004,Multi-Market,Idle,0.0,20.36999999999999,112.8,133.17,DA_HH,SSP
2026-06-24 02:30:00,-2.1,4.337499202297303,EPEX,-238.161,0.0,0.42000000000000004,SFFR,11.725,0.0,0.42000000000000004,Multi-Market,Idle,0.0,26.519999999999996,86.89,113.41,SSP,EPEX
2026-06-24 03:00:00,-0.07758785731592857,4.409868337807566,EPEX,-8.828722283979513,0.0,0.42000000000000004,SFFR,11.725,0.0,0.42000000000000004,Multi-Market,Idle,0.0,42.780000000000015,112.3,155.08,ISEM,SSP
2026-06-24 03:30:00,-2.1,6.368617938956217,EPEX,-238.95900000000003,0.0,0.42000000000000004,SFFR,11.725,0.0,0.42000000000000004,Multi-Market,Idle,0.0,4.650000000000006,112.85,117.5,ISEM,SSP
2026-06-24 04:00:00,0.0,6.368617938956217,EPEX,0.0,0.0,0.42000000000000004,SFFR,11.725,0.0,0.42000000000000004,Multi-Market,Idle,0.0,43.98000000000002,113.6,157.58,DA_HH,SSP
2026-06-24 04:30:00,0.0,6.368617938956217,EPEX,0.0,0.0,0.42000000000000004,SFFR,11.725,0.0,0.42000000000000004,Multi-Market,Idle,0.0,40.0,115.0,155.0,DA_HH,SSP
2026-06-24 05:00:00,0.0,6.368617938956217,EPEX,0.0,0.0,0.42000000000000004,SFFR,11.725,0.0,0.42000000000000004,Multi-Market,Idle,0.0,11.009999999999991,117.81,128.82,EPEX,SSP
2026-06-24 05:30:00,0.0,6.368617938956217,EPEX,0.0,0.0,0.42000000000000004,SFFR,11.725,0.0,0.42000000000000004,Multi-Market,Idle,0.0,21.599999999999994,102.4,124.0,SSP,ISEM
2026-06-24 06:00:00,3.75,2.3481959333144866,EPEX,491.9625,0.0,0.42000000000000004,SFFR,11.725,0.0,0.42000000000000004,Multi-Market,Idle,0.0,43.56999999999999,87.93,131.5,SSP,ISEM
2026-06-24 06:30:00,1.798501435864858,0.42000000000000004,EPEX,235.9454033711107,0.0,0.42000000000000004,SFFR,11.725,0.0,0.42000000000000004,Multi-Market,Idle,0.0,57.769999999999996,81.33,139.1,SSP,DA_HH
2026-06-24 07:00:00,0.0,0.42000000000000004,EPEX,0.0,0.0,0.42000000000000004,SFFR,11.725,0.0,0.42000000000000004,Multi-Market,Idle,0.0,61.97999999999999,70.0,131.98,SSP,ISEM
2026-06-24 07:30:00,-0.0,0.42000000000000004,EPEX,-0.0,0.0,0.42000000000000004,SFFR,11.725,0.0,0.42000000000000004,Multi-Market,Idle,0.0,56.67,81.33,138.0,SSP,ISEM
2026-06-24 08:00:00,-0.0,0.42000000000000004,EPEX,-0.0,0.0,0.42000000000000004,SFFR,11.725,0.0,0.42000000000000004,Multi-Market,Idle,0.0,21.33,89.36,110.69,SSP,ISEM
2026-06-24 08:30:00,-0.0,0.42000000000000004,EPEX,-0.0,0.0,0.42000000000000004,SFFR,11.725,0.0,0.42000000000000004,Multi-Market,Idle,0.0,25.28,81.33,106.61,SSP,EPEX
2026-06-24 09:00:00,0.0,0.42000000000000004,EPEX,0.0,0.0,0.42000000000000004,SFFR,11.725,0.0,0.42000000000000004,Multi-Market,Idle,0.0,17.11,90.89,108.0,SSP,DA_HH
2026-06-24 09:30:00,0.0,0.42000000000000004,EPEX,0.0,0.0,0.42000000000000004,SFFR,11.725,0.0,0.42000000000000004,Multi-Market,Idle,0.0,22.67,81.33,104.0,SSP,DA_HH
2026-06-24 10:00:00,0.0,0.42000000000000004,EPEX,0.0,0.0,0.42000000000000004,SFFR,11.725,0.0,0.42000000000000004,Multi-Market,Idle,0.0,16.0,78.0,94.0,SSP,EPEX
2026-06-24 10:30:00,0.0,0.42000000000000004,EPEX,0.0,0.0,0.42000000000000004,SFFR,11.725,0.0,0.42000000000000004,Multi-Market,Idle,0.0,17.0,77.0,94.0,SSP,EPEX
2026-06-24 11:00:00,-1.8051707633737293,2.1037511965540467,EPEX,-164.27053946700937,0.0,0.42000000000000004,SFFR,11.725,0.0,0.42000000000000004,Multi-Market,Idle,0.0,13.0,78.0,91.0,SSP,EPEX
2026-06-24 11:30:00,-2.1,4.062500797702698,EPEX,-191.1,0.0,0.42000000000000004,SFFR,11.725,0.0,0.42000000000000004,Multi-Market,Idle,0.0,14.0,77.0,91.0,SSP,EPEX
2026-06-24 12:00:00,-2.1,6.021250398851349,EPEX,-186.9,0.0,0.42000000000000004,SFFR,11.725,0.0,0.42000000000000004,Multi-Market,Idle,0.0,22.0,85.0,107.0,ISEM,SSP
2026-06-24 12:30:00,-2.1,7.9799999999999995,EPEX,-186.9,0.0,0.42000000000000004,SFFR,11.725,0.0,0.42000000000000004,Multi-Market,Idle,0.0,9.900000000000006,79.1,89.0,SSP,EPEX
2026-06-24 13:00:00,0.0,7.9799999999999995,EPEX,0.0,0.0,0.42000000000000004,SFFR,11.725,-1.8051707633737284,2.103751196554046,Multi-Market,Buy-SSP,-126.34390172852724,21.010000000000005,69.99,91.0,SSP,EPEX
2026-06-24 13:30:00,0.0,7.9799999999999995,EPEX,0.0,0.0,0.42000000000000004,SFFR,11.725,-2.1,4.062500797702697,Multi-Market,Buy-SSP,-137.44500000000002,25.549999999999997,65.45,91.0,SSP,EPEX
2026-06-24 14:00:00,0.0,7.9799999999999995,EPEX,0.0,0.0,0.42000000000000004,SFFR,11.725,0.0,4.062500797702697,Multi-Market,Idle,0.0,22.0,72.0,94.0,SSP,EPEX
2026-06-24 14:30:00,0.0,7.9799999999999995,EPEX,0.0,0.0,0.42000000000000004,SFFR,11.725,0.0,4.062500797702697,Multi-Market,Idle,0.0,19.870000000000005,74.13,94.0,SSP,EPEX
2026-06-24 15:00:00,0.0,7.9799999999999995,EPEX,0.0,0.0,0.42000000000000004,SFFR,11.725,0.0,4.062500797702697,Multi-Market,Idle,0.0,5.359999999999999,98.5,103.86,DA_HH,ISEM
2026-06-24 15:30:00,0.0,7.9799999999999995,EPEX,0.0,0.0,0.42000000000000004,SFFR,11.725,0.0,4.062500797702697,Multi-Market,Idle,0.0,17.510000000000005,84.8,102.31,SSP,EPEX
2026-06-24 16:00:00,-0.0,7.9799999999999995,EPEX,-0.0,-2.1,2.3787496011486513,EPEX,-246.897,-2.1,6.021250398851349,Multi-Market,Buy-SSP,-114.87,62.86999999999999,54.7,117.57,SSP,EPEX
2026-06-24 16:30:00,-0.0,7.9799999999999995,EPEX,-0.0,-2.1,4.337499202297303,EPEX,-246.897,-2.1,7.9799999999999995,Multi-Market,Buy-SSP,-100.80000000000001,74.97,48.0,122.97,SSP,ISEM
2026-06-24 17:00:00,-0.0,7.9799999999999995,EPEX,-0.0,3.6540000000000004,0.42000000000000004,EPEX,603.6408,0.0,7.9799999999999995,Multi-Market,Idle,0.0,83.69999999999999,81.5,165.2,SSP,EPEX
2026-06-24 17:30:00,0.0,7.9799999999999995,EPEX,0.0,-0.0,0.42000000000000004,EPEX,-0.0,0.0,7.9799999999999995,Multi-Market,Idle,0.0,117.45,81.55,199.0,SSP,DA_HH
2026-06-24 18:00:00,-0.0,7.9799999999999995,EPEX,-0.0,-2.1,2.3787496011486513,EPEX,-613.9770000000001,0.0,7.9799999999999995,Multi-Market,Idle,0.0,220.90000000000003,101.07,321.97,SSP,ISEM
2026-06-24 18:30:00,0.0,7.9799999999999995,EPEX,0.0,-2.1,4.337499202297303,EPEX,-613.9770000000001,0.0,7.9799999999999995,Multi-Market,Idle,0.0,31.629999999999995,292.37,324.0,EPEX,ISEM
2026-06-24 19:00:00,3.3014985641351435,4.4404220056417305,EPEX,1546.0917775844878,3.6540000000000004,0.42000000000000004,EPEX,1711.1682000000003,1.65,5.918327595506919,Multi-Market,Buy-SSP,1484.259,338.84000000000003,129.46,468.3,SSP,EPEX
2026-06-24 19:30:00,3.75,0.42000000000000004,EPEX,1756.125,-0.0,0.42000000000000004,EPEX,-0.0,3.6724121426840703,1.9702747253754531,Multi-Market,Buy-SSP,1745.858574719956,335.98,132.32,468.3,SSP,EPEX
2026-06-24 20:00:00,-0.0,0.42000000000000004,EPEX,-0.0,0.0,0.42000000000000004,SFFR,11.725,-0.7499999999999987,2.4816724044930796,Multi-Market,Buy-SSP,346.8225000000007,326.35,125.0,451.35,SSP,EPEX
2026-06-24 20:30:00,-0.0,0.42000000000000004,EPEX,-0.0,0.0,0.42000000000000004,SFFR,11.725,1.65,0.42000000000000004,Multi-Market,Buy-SSP,1437.2865,329.79,121.56,451.35,SSP,EPEX
2026-06-24 21:00:00,-0.0,0.42000000000000004,EPEX,-0.0,0.0,0.42000000000000004,SFFR,11.725,0.0,0.41999999999999993,Multi-Market,Idle,0.0,308.0,111.0,419.0,SSP,EPEX
2026-06-24 21:30:00,-0.0,0.42000000000000004,EPEX,-0.0,0.0,0.42000000000000004,SFFR,11.725,-0.0,0.42000000000000004,Multi-Market,Idle,-0.0,314.5,104.5,419.0,SSP,EPEX
2026-06-24 22:00:00,-0.0,0.42000000000000004,EPEX,-0.0,0.0,0.42000000000000004,SFFR,11.725,0.0,0.42000000000000004,Multi-Market,Idle,0.0,23.650000000000006,230.0,253.65,ISEM,SSP
2026-06-24 22:30:00,-0.0,0.42000000000000004,EPEX,-0.0,0.0,0.42000000000000004,SFFR,11.725,0.0,0.42000000000000004,Multi-Market,Idle,0.0,148.93,101.07,250.0,SSP,EPEX
2026-06-24 23:00:00,0.0,0.42000000000000004,EPEX,0.0,0.0,0.42000000000000004,SFFR,11.725,0.0,0.42000000000000004,Multi-Market,Idle,0.0,35.860000000000014,134.0,169.86,ISEM,SSP
2026-06-24 23:30:00,-0.0,0.42000000000000004,EPEX,-0.0,0.0,0.42000000000000004,SFFR,11.725,0.0,0.42000000000000004,Multi-Market,Idle,0.0,30.73999999999998,133.15,163.89,ISEM,SSP
2026-06-25 00:00:00,0.0,0.42000000000000004,EPEX,0.0,0.0,0.42000000000000004,SFFR,11.725,-0.0,0.42000000000000004,Multi-Market,Idle,-0.0,53.209999999999994,126.79,180.0,EPEX,SSP
2026-06-25 00:30:00,0.0,0.42000000000000004,EPEX,0.0,0.0,0.42000000000000004,SFFR,11.725,0.0,0.42000000000000004,Multi-Market,Idle,0.0,34.55,93.43,127.98,SSP,ISEM
2026-06-25 01:00:00,-0.0,0.42000000000000004,EPEX,-0.0,0.0,0.42000000000000004,SFFR,11.725,0.0,0.42000000000000004,Multi-Market,Idle,0.0,26.489999999999995,93.51,120.0,SSP,EPEX
2026-06-25 01:30:00,-0.0,0.42000000000000004,EPEX,-0.0,0.0,0.42000000000000004,SFFR,11.725,0.0,0.42000000000000004,Multi-Market,Idle,0.0,28.599999999999994,91.4,120.0,SSP,EPEX
2026-06-25 02:00:00,0.0,0.42000000000000004,EPEX,0.0,0.0,0.42000000000000004,SFFR,11.725,0.0,0.4200000000000006,Multi-Market,Idle,0.0,22.64999999999999,114.33,136.98,ISEM,SSP
2026-06-25 02:30:00,0.0,0.42000000000000004,EPEX,0.0,0.0,0.42000000000000004,SFFR,11.725,0.0,0.4200000000000006,Multi-Market,Idle,0.0,33.39,81.61,115.0,SSP,EPEX
2026-06-25 03:00:00,0.0,0.42000000000000004,EPEX,0.0,0.0,0.42000000000000004,SFFR,11.725,0.0,0.4200000000000006,Multi-Market,Idle,0.0,31.790000000000006,81.61,113.4,SSP,EPEX
2026-06-25 03:30:00,0.0,0.42000000000000004,EPEX,0.0,0.0,0.42000000000000004,SFFR,11.725,0.0,0.4200000000000006,Multi-Market,Idle,0.0,31.790000000000006,81.61,113.4,SSP,EPEX
2026-06-25 04:00:00,0.0,0.42000000000000004,EPEX,0.0,0.0,0.42000000000000004,SFFR,11.725,0.0,0.4200000000000006,Multi-Market,Idle,0.0,32.849999999999994,106.0,138.85,ISEM,SSP
2026-06-25 04:30:00,0.0,0.42000000000000004,EPEX,0.0,0.0,0.42000000000000004,SFFR,11.725,0.0,0.4200000000000006,Multi-Market,Idle,0.0,13.11999999999999,95.09,108.21,SSP,EPEX
2026-06-25 05:00:00,0.0,0.42000000000000004,EPEX,0.0,0.0,0.42000000000000004,SFFR,11.725,0.0,0.4200000000000006,Multi-Market,Idle,0.0,22.109999999999985,107.87,129.98,ISEM,SSP
2026-06-25 05:30:00,0.0,0.42000000000000004,EPEX,0.0,0.0,0.42000000000000004,SFFR,11.725,0.0,0.4200000000000006,Multi-Market,Idle,0.0,25.539999999999992,106.41,131.95,ISEM,SSP
2026-06-25 06:00:00,0.0,0.42000000000000004,EPEX,0.0,0.0,0.42000000000000004,SFFR,11.725,0.0,0.4200000000000006,Multi-Market,Idle,0.0,24.190000000000012,111.61,135.8,ISEM,SSP
2026-06-25 06:30:00,0.0,0.42000000000000004,EPEX,0.0,0.0,0.42000000000000004,SFFR,11.725,0.0,0.4200000000000006,Multi-Market,Idle,0.0,28.47,93.13,121.6,SSP,DA_HH
2026-06-25 07:00:00,0.0,0.42000000000000004,EPEX,0.0,0.0,0.42000000000000004,SFFR,11.725,0.0,0.4200000000000006,Multi-Market,Idle,0.0,27.989999999999995,81.61,109.6,SSP,EPEX
2026-06-25 07:30:00,0.0,0.42000000000000004,EPEX,0.0,0.0,0.42000000000000004,SFFR,11.725,0.0,0.4200000000000006,Multi-Market,Idle,0.0,20.349999999999994,89.25,109.6,SSP,EPEX
2026-06-25 08:00:00,0.0,0.42000000000000004,EPEX,0.0,0.0,0.42000000000000004,SFFR,11.725,0.0,0.4200000000000006,Multi-Market,Idle,0.0,9.799999999999997,87.2,97.0,SSP,DA_HH
2026-06-25 08:30:00,0.0,0.42000000000000004,EPEX,0.0,0.0,0.42000000000000004,SFFR,11.725,0.0,0.4200000000000006,Multi-Market,Idle,0.0,31.489999999999995,93.01,124.5,ISEM,SSP
2026-06-25 09:00:00,0.0,0.42000000000000004,EPEX,0.0,0.0,0.42000000000000004,SFFR,11.725,0.0,0.4200000000000006,Multi-Market,Idle,0.0,10.39,81.61,92.0,SSP,DA_HH
2026-06-25 09:30:00,0.0,0.42000000000000004,EPEX,0.0,0.0,0.42000000000000004,SFFR,11.725,0.0,0.4200000000000006,Multi-Market,Idle,0.0,15.89,81.61,97.5,SSP,DA_HH
2026-06-25 10:00:00,0.0,0.42000000000000004,EPEX,0.0,0.0,0.42000000000000004,SFFR,11.725,0.0,0.4200000000000006,Multi-Market,Idle,0.0,24.370000000000005,85.52,109.89,ISEM,SSP
2026-06-25 10:30:00,0.0,0.42000000000000004,EPEX,0.0,0.0,0.42000000000000004,SFFR,11.725,0.0,0.4200000000000006,Multi-Market,Idle,0.0,26.789999999999992,85.51,112.3,ISEM,SSP
2026-06-25 11:00:00,0.0,0.42000000000000004,EPEX,0.0,0.0,0.42000000000000004,SFFR,11.725,0.0,0.4200000000000006,Multi-Market,Idle,0.0,28.480000000000004,83.52,112.0,EPEX,SSP
2026-06-25 11:30:00,0.0,0.42000000000000004,EPEX,0.0,0.0,0.42000000000000004,SFFR,11.725,0.0,0.4200000000000006,Multi-Market,Idle,0.0,31.88000000000001,83.52,115.4,EPEX,SSP
2026-06-25 12:00:00,-1.8051707633737293,2.1037511965540467,EPEX,-150.35267288139792,0.0,0.42000000000000004,SFFR,11.725,0.0,0.4200000000000006,Multi-Market,Idle,0.0,28.709999999999994,83.29,112.0,EPEX,SSP
2026-06-25 12:30:00,-2.1,4.062500797702698,EPEX,-174.90900000000002,0.0,0.42000000000000004,SFFR,11.725,0.0,0.4200000000000006,Multi-Market,Idle,0.0,51.96000000000001,81.35,133.31,ISEM,SSP
2026-06-25 13:00:00,-2.1,6.021250398851349,EPEX,-174.867,0.0,0.42000000000000004,SFFR,11.725,-2.1,2.3787496011486517,Multi-Market,Buy-SSP,-157.5,8.489999999999995,75.0,83.49,SSP,DA_HH
2026-06-25 13:30:00,-2.1,7.9799999999999995,EPEX,-174.867,0.0,0.42000000000000004,SFFR,11.725,0.0,2.3787496011486517,Multi-Market,Idle,0.0,31.429999999999993,81.01,112.44,ISEM,SSP
2026-06-25 14:00:00,0.0,7.9799999999999995,EPEX,0.0,0.0,0.42000000000000004,SFFR,11.725,0.0,2.3787496011486517,Multi-Market,Idle,0.0,30.939999999999998,81.06,112.0,ISEM,SSP
2026-06-25 14:30:00,0.0,7.9799999999999995,EPEX,0.0,0.0,0.42000000000000004,SFFR,11.725,-2.1,4.337499202297303,Multi-Market,Buy-SSP,-157.5,11.129999999999995,75.0,86.13,SSP,EPEX
2026-06-25 15:00:00,0.0,7.9799999999999995,EPEX,0.0,0.0,0.42000000000000004,SFFR,11.725,-2.1,6.296248803445954,Multi-Market,Buy-SSP,-159.6,12.0,76.0,88.0,SSP,EPEX
2026-06-25 15:30:00,0.0,7.9799999999999995,EPEX,0.0,0.0,0.42000000000000004,SFFR,11.725,-1.8051707633737284,7.9799999999999995,Multi-Market,Buy-SSP,-142.7890073828619,8.900000000000006,79.1,88.0,SSP,EPEX
2026-06-25 16:00:00,0.0,7.9799999999999995,EPEX,0.0,-2.1,2.3787496011486513,EPEX,-204.70800000000003,0.0,7.9799999999999995,Multi-Market,Idle,0.0,17.069999999999993,81.03,98.1,SSP,ISEM
2026-06-25 16:30:00,-0.0,7.9799999999999995,EPEX,-0.0,-2.1,4.337499202297303,EPEX,-204.70800000000003,0.0,7.9799999999999995,Multi-Market,Idle,0.0,5.719999999999999,97.48,103.2,EPEX,SSP
2026-06-25 17:00:00,-0.0,7.9799999999999995,EPEX,-0.0,3.6540000000000004,0.42000000000000004,EPEX,456.75000000000006,0.0,7.9799999999999995,Multi-Market,Idle,0.0,45.8,79.2,125.0,SSP,EPEX
2026-06-25 17:30:00,0.0,7.9799999999999995,EPEX,0.0,-0.0,0.42000000000000004,EPEX,-0.0,0.0,7.9799999999999995,Multi-Market,Idle,0.0,45.8,79.2,125.0,SSP,EPEX
2026-06-25 18:00:00,-0.0,7.9799999999999995,EPEX,-0.0,0.0,0.42000000000000004,SFFR,11.725,-0.21606896551724164,7.9799999999999995,Multi-Market,Buy-SSP,90.95456344827596,76.36999999999999,90.14,166.51,SSP,ISEM
2026-06-25 18:30:00,0.0,7.9799999999999995,EPEX,0.0,0.0,0.42000000000000004,SFFR,11.725,-0.27300000000000035,7.9799999999999995,Multi-Market,Buy-SSP,120.36464999999993,79.40999999999998,90.54,169.95,SSP,DA_HH
2026-06-25 19:00:00,3.3014985641351435,4.4404220056417305,EPEX,582.3843467134393,0.0,0.42000000000000004,SFFR,11.725,3.75,3.959577994358269,Multi-Market,Sell-EPEX,661.5,27.47,148.93,176.4,SSP,EPEX
2026-06-25 19:30:00,3.75,0.42000000000000004,EPEX,661.5,0.0,0.42000000000000004,SFFR,11.725,3.2344811082013147,0.42000000000000004,Multi-Market,Buy-SSP,612.2937217778154,80.95,95.45,176.4,SSP,EPEX
2026-06-25 20:00:00,-0.0,0.42000000000000004,EPEX,-0.0,0.0,0.42000000000000004,SFFR,11.725,0.0,0.42000000000000004,Multi-Market,Idle,0.0,70.96,96.54,167.5,SSP,EPEX
2026-06-25 20:30:00,-0.0,0.42000000000000004,EPEX,-0.0,0.0,0.42000000000000004,SFFR,11.725,-0.27300000000000035,0.42000000000000004,Multi-Market,Buy-SSP,143.48249999999996,90.1,77.4,167.5,SSP,EPEX
2026-06-25 21:00:00,-0.0,0.42000000000000004,EPEX,-0.0,0.0,0.42000000000000004,SFFR,11.725,0.0,0.42000000000000004,Multi-Market,Idle,0.0,14.170000000000016,150.7,164.87,DA_HH,SSP
2026-06-25 21:30:00,-0.0,0.42000000000000004,EPEX,-0.0,0.0,0.42000000000000004,SFFR,11.725,-0.0,0.42000000000000004,Multi-Market,Idle,-0.0,17.610000000000014,148.29,165.9,ISEM,SSP
2026-06-25 22:00:00,-0.0,0.42000000000000004,EPEX,-0.0,0.0,0.42000000000000004,SFFR,11.725,0.0,0.42000000000000004,Multi-Market,Idle,0.0,49.75,77.1,126.85,SSP,EPEX
2026-06-25 22:30:00,-0.0,0.42000000000000004,EPEX,-0.0,0.0,0.42000000000000004,SFFR,11.725,-0.0,0.42000000000000004,Multi-Market,Idle,-0.0,20.150000000000006,109.0,129.15,DA_HH,SSP
2026-06-25 23:00:00,0.0,0.42000000000000004,EPEX,0.0,0.0,0.42000000000000004,SFFR,11.725,-0.0,0.42000000000000004,Multi-Market,Idle,-0.0,21.5,98.73,120.23,DA_HH,SSP
2026-06-25 23:30:00,-0.0,0.42000000000000004,EPEX,-0.0,0.0,0.42000000000000004,SFFR,11.725,-0.0,0.42000000000000004,Multi-Market,Idle,-0.0,24.5,95.4,119.9,ISEM,SSP
2026-06-26 00:00:00,0.0,0.42000000000000004,EPEX,0.0,0.0,0.42000000000000004,SFFR,11.725,0.0,0.42000000000000004,Multi-Market,Idle,0.0,21.25,98.37,119.62,DA_HH,SSP
2026-06-26 00:30:00,0.0,0.42000000000000004,EPEX,0.0,0.0,0.42000000000000004,SFFR,11.725,0.0,0.42000000000000004,Multi-Market,Idle,0.0,32.64,94.33,126.97,ISEM,SSP
2026-06-26 01:00:00,0.0,0.42000000000000004,EPEX,0.0,0.0,0.42000000000000004,SFFR,11.725,0.0,0.42000000000000004,Multi-Market,Idle,0.0,37.7,96.3,134.0,DA_HH,SSP
2026-06-26 01:30:00,0.0,0.42000000000000004,EPEX,0.0,0.0,0.42000000000000004,SFFR,11.725,0.0,0.42000000000000004,Multi-Market,Idle,0.0,35.06,97.44,132.5,ISEM,SSP
2026-06-26 02:00:00,-2.1,2.3787496011486513,EPEX,-206.93400000000003,0.0,0.42000000000000004,SFFR,11.725,0.0,0.42000000000000004,Multi-Market,Idle,0.0,10.39,94.19,104.58,ISEM,SSP
2026-06-26 02:30:00,-2.1,4.337499202297303,EPEX,-206.93400000000003,0.0,0.42000000000000004,SFFR,11.725,0.0,0.42000000000000004,Multi-Market,Idle,0.0,31.680000000000007,97.0,128.68,ISEM,SSP
2026-06-26 03:00:00,-0.07758785731592857,4.409868337807566,EPEX,-7.675766724264814,0.0,0.42000000000000004,SFFR,11.725,0.0,0.42000000000000004,Multi-Market,Idle,0.0,32.14,95.86,128.0,ISEM,SSP
2026-06-26 03:30:00,-2.1,6.368617938956217,EPEX,-207.75300000000001,0.0,0.42000000000000004,SFFR,11.725,0.0,0.42000000000000004,Multi-Market,Idle,0.0,41.670000000000016,98.13,139.8,ISEM,SSP
2026-06-26 04:00:00,0.0,6.368617938956217,EPEX,0.0,0.0,0.42000000000000004,SFFR,11.725,0.0,0.42000000000000004,Multi-Market,Idle,0.0,41.2,101.8,143.0,EPEX,SSP
2026-06-26 04:30:00,0.0,6.368617938956217,EPEX,0.0,0.0,0.42000000000000004,SFFR,11.725,0.0,0.42000000000000004,Multi-Market,Idle,0.0,41.2,101.8,143.0,EPEX,SSP
2026-06-26 05:00:00,0.0,6.368617938956217,EPEX,0.0,0.0,0.42000000000000004,SFFR,11.725,0.0,0.42000000000000004,Multi-Market,Idle,0.0,32.379999999999995,84.01,116.39,SSP,ISEM
2026-06-26 05:30:00,0.0,6.368617938956217,EPEX,0.0,0.0,0.42000000000000004,SFFR,11.725,0.0,0.42000000000000004,Multi-Market,Idle,0.0,37.78999999999999,81.65,119.44,SSP,ISEM
2026-06-26 06:00:00,3.75,2.3481959333144866,EPEX,438.375,0.0,0.42000000000000004,SFFR,11.725,0.0,0.42000000000000004,Multi-Market,Idle,0.0,39.44000000000001,77.46,116.9,SSP,EPEX
2026-06-26 06:30:00,1.798501435864858,0.42000000000000004,EPEX,210.2448178526019,0.0,0.42000000000000004,SFFR,11.725,0.0,0.42000000000000004,Multi-Market,Idle,0.0,28.92,95.0,123.92,SSP,ISEM
2026-06-26 07:00:00,0.0,0.42000000000000004,EPEX,0.0,0.0,0.42000000000000004,SFFR,11.725,0.0,0.42000000000000004,Multi-Market,Idle,0.0,35.0,77.0,112.0,SSP,DA_HH
2026-06-26 07:30:00,-0.0,0.42000000000000004,EPEX,-0.0,0.0,0.42000000000000004,SFFR,11.725,0.0,0.42000000000000004,Multi-Market,Idle,0.0,48.14999999999999,77.2,125.35,SSP,DA_HH
2026-06-26 08:00:00,0.0,0.42000000000000004,EPEX,0.0,0.0,0.42000000000000004,SFFR,11.725,0.0,0.42000000000000004,Multi-Market,Idle,0.0,22.939999999999998,77.0,99.94,SSP,EPEX
2026-06-26 08:30:00,0.0,0.42000000000000004,EPEX,0.0,0.0,0.42000000000000004,SFFR,11.725,-1.8051707633737275,2.103751196554045,Multi-Market,Buy-SSP,-135.38780725302956,24.939999999999998,75.0,99.94,SSP,EPEX
2026-06-26 09:00:00,0.0,0.42000000000000004,EPEX,0.0,0.0,0.42000000000000004,SFFR,11.725,0.0,2.103751196554045,Multi-Market,Idle,0.0,18.489999999999995,77.2,95.69,SSP,ISEM
2026-06-26 09:30:00,0.0,0.42000000000000004,EPEX,0.0,0.0,0.42000000000000004,SFFR,11.725,-2.1,4.062500797702697,Multi-Market,Buy-SSP,-145.698,25.620000000000005,69.38,95.0,SSP,EPEX
2026-06-26 10:00:00,0.0,0.42000000000000004,EPEX,0.0,0.0,0.42000000000000004,SFFR,11.725,-2.1,6.021250398851349,Multi-Market,Buy-SSP,-142.8,26.840000000000003,68.0,94.84,SSP,ISEM
2026-06-26 10:30:00,0.0,0.42000000000000004,EPEX,0.0,0.0,0.42000000000000004,SFFR,11.725,0.0,6.021250398851349,Multi-Market,Idle,0.0,15.420000000000002,77.2,92.62,SSP,ISEM
2026-06-26 11:00:00,0.0,0.42000000000000004,EPEX,0.0,0.0,0.42000000000000004,SFFR,11.725,0.0,6.021250398851349,Multi-Market,Idle,0.0,17.599999999999994,86.4,104.0,EPEX,SSP
2026-06-26 11:30:00,0.0,0.42000000000000004,EPEX,0.0,0.0,0.42000000000000004,SFFR,11.725,0.0,6.021250398851349,Multi-Market,Idle,0.0,25.430000000000007,84.57,110.0,DA_HH,SSP
2026-06-26 12:00:00,0.0,0.42000000000000004,EPEX,0.0,0.0,0.42000000000000004,SFFR,11.725,0.0,6.021250398851349,Multi-Market,Idle,0.0,19.799999999999997,84.2,104.0,DA_HH,SSP
2026-06-26 12:30:00,0.0,0.42000000000000004,EPEX,0.0,0.0,0.42000000000000004,SFFR,11.725,0.0,6.021250398851349,Multi-Market,Idle,0.0,29.799999999999997,84.2,114.0,DA_HH,SSP
2026-06-26 13:00:00,-2.1,2.3787496011486513,EPEX,-176.862,0.0,0.42000000000000004,SFFR,11.725,0.0,6.021250398851349,Multi-Market,Idle,0.0,30.450000000000003,83.55,114.0,DA_HH,SSP
2026-06-26 13:30:00,-1.8051707633737288,4.062500797702698,EPEX,-152.03148169133544,0.0,0.42000000000000004,SFFR,11.725,0.0,6.021250398851349,Multi-Market,Idle,0.0,36.0,78.0,114.0,DA_HH,SSP
2026-06-26 14:00:00,-2.1,6.021250398851349,EPEX,-165.06,0.0,0.42000000000000004,SFFR,11.725,0.0,6.021250398851349,Multi-Market,Idle,0.0,25.30000000000001,78.6,103.9,EPEX,SSP
2026-06-26 14:30:00,-2.1,7.9799999999999995,EPEX,-165.06,0.0,0.42000000000000004,SFFR,11.725,-2.1,7.9799999999999995,Multi-Market,Buy-SSP,-137.529,17.040000000000006,65.49,82.53,SSP,ISEM
2026-06-26 15:00:00,0.0,7.9799999999999995,EPEX,0.0,0.0,0.42000000000000004,SFFR,11.725,1.8169135785489294,6.021250398851349,Multi-Market,Buy-ISEM,305.8565591455327,78.18,86.82,165.0,ISEM,SSP
2026-06-26 15:30:00,0.0,7.9799999999999995,EPEX,0.0,0.0,0.42000000000000004,SFFR,11.725,-2.1,7.9799999999999995,Multi-Market,Buy-ISEM,-174.97199999999998,81.68,83.32,165.0,ISEM,SSP
2026-06-26 16:00:00,-0.0,7.9799999999999995,EPEX,-0.0,0.0,0.42000000000000004,SFFR,11.725,0.0,7.9799999999999995,Multi-Market,Idle,0.0,66.23,98.77,165.0,DA_HH,SSP
2026-06-26 16:30:00,-0.0,7.9799999999999995,EPEX,-0.0,0.0,0.42000000000000004,SFFR,11.725,0.0,7.9799999999999995,Multi-Market,Idle,0.0,69.0,96.0,165.0,ISEM,SSP
2026-06-26 17:00:00,-0.0,7.9799999999999995,EPEX,-0.0,0.0,0.42000000000000004,SFFR,11.725,0.0,7.9799999999999995,Multi-Market,Idle,0.0,9.060000000000002,121.0,130.06,ISEM,EPEX
2026-06-26 17:30:00,0.0,7.9799999999999995,EPEX,0.0,0.0,0.42000000000000004,SFFR,11.725,0.0,7.9799999999999995,Multi-Market,Idle,0.0,11.490000000000009,125.41,136.9,SSP,DA_HH
2026-06-26 18:00:00,-0.0,7.9799999999999995,EPEX,-0.0,0.0,0.42000000000000004,SFFR,11.725,0.0,7.9799999999999995,Multi-Market,Idle,0.0,58.16,155.13,213.29,SSP,DA_HH
2026-06-26 18:30:00,0.0,7.9799999999999995,EPEX,0.0,0.0,0.42000000000000004,SFFR,11.725,0.0,7.9799999999999995,Multi-Market,Idle,0.0,53.81,158.24,212.05,SSP,ISEM
2026-06-26 19:00:00,3.3014985641351435,4.4404220056417305,EPEX,644.7166396043108,0.0,0.42000000000000004,SFFR,11.725,3.75,3.959577994358269,Multi-Market,Sell-DA_HH,813.15,31.49000000000001,185.35,216.84,SSP,DA_HH
2026-06-26 19:30:00,3.75,0.42000000000000004,EPEX,732.3,0.0,0.42000000000000004,SFFR,11.725,3.3014985641351435,0.42000000000000004,Multi-Market,Sell-DA_HH,707.0489324951823,20.159999999999997,194.0,214.16,SSP,DA_HH
2026-06-26 20:00:00,-0.0,0.42000000000000004,EPEX,-0.0,0.0,0.42000000000000004,SFFR,11.725,-0.0,0.42000000000000004,Multi-Market,Idle,-0.0,34.370000000000005,175.06,209.43,SSP,DA_HH
2026-06-26 20:30:00,-0.0,0.42000000000000004,EPEX,-0.0,0.0,0.42000000000000004,SFFR,11.725,-0.0,0.42000000000000004,Multi-Market,Idle,-0.0,33.79000000000002,167.7,201.49,SSP,DA_HH
2026-06-26 21:00:00,-0.0,0.42000000000000004,EPEX,-0.0,0.0,0.42000000000000004,SFFR,11.725,-0.2729999999999999,0.42000000000000004,Multi-Market,Buy-SSP,178.48698000000007,110.83000000000001,87.91,198.74,SSP,DA_HH
2026-06-26 21:30:00,-0.0,0.42000000000000004,EPEX,-0.0,0.0,0.42000000000000004,SFFR,11.725,-0.2729999999999999,0.42000000000000004,Multi-Market,Buy-SSP,154.20300000000003,96.31,79.69,176.0,SSP,DA_HH
2026-06-26 22:00:00,-0.0,0.42000000000000004,EPEX,-0.0,0.0,0.42000000000000004,SFFR,11.725,0.0,0.42000000000000004,Multi-Market,Idle,0.0,67.35,77.65,145.0,SSP,DA_HH
2026-06-26 22:30:00,-0.0,0.42000000000000004,EPEX,-0.0,0.0,0.42000000000000004,SFFR,11.725,-0.0,0.42000000000000004,Multi-Market,Idle,-0.0,66.98,78.67,145.65,SSP,DA_HH
2026-06-26 23:00:00,0.0,0.42000000000000004,EPEX,0.0,0.0,0.42000000000000004,SFFR,11.725,0.0,0.42000000000000004,Multi-Market,Idle,0.0,38.56999999999999,76.0,114.57,SSP,DA_HH
2026-06-26 23:30:00,-0.0,0.42000000000000004,EPEX,-0.0,0.0,0.42000000000000004,SFFR,11.725,-0.0,0.42000000000000004,Multi-Market,Idle,-0.0,15.39,106.74,122.13,EPEX,SSP
2026-06-27 00:00:00,0.0,0.42000000000000004,EPEX,0.0,0.0,0.42000000000000004,SFFR,11.725,0.0,0.42000000000000004,Multi-Market,Idle,0.0,25.08,84.98,110.06,SSP,ISEM
2026-06-27 00:30:00,0.0,0.42000000000000004,EPEX,0.0,0.0,0.42000000000000004,SFFR,11.725,0.0,0.42000000000000004,Multi-Market,Idle,0.0,29.35000000000001,78.35,107.7,SSP,ISEM
2026-06-27 01:00:00,-0.0,0.42000000000000004,EPEX,-0.0,0.0,0.42000000000000004,SFFR,11.725,0.0,0.42000000000000004,Multi-Market,Idle,0.0,1.4899999999999949,102.31,103.8,DA_HH,EPEX
2026-06-27 01:30:00,-0.0,0.42000000000000004,EPEX,-0.0,0.0,0.42000000000000004,SFFR,11.725,0.0,0.42000000000000004,Multi-Market,Idle,0.0,6.0,97.8,103.8,DA_HH,EPEX
2026-06-27 02:00:00,0.0,0.42000000000000004,EPEX,0.0,0.0,0.42000000000000004,SFFR,11.725,0.0,0.42000000000000004,Multi-Market,Idle,0.0,1.480000000000004,99.8,101.28,DA_HH,SSP
2026-06-27 02:30:00,0.0,0.42000000000000004,EPEX,0.0,0.0,0.42000000000000004,SFFR,11.725,0.0,0.42000000000000004,Multi-Market,Idle,0.0,3.0799999999999983,98.0,101.08,DA_HH,ISEM
2026-06-27 03:00:00,0.0,0.42000000000000004,EPEX,0.0,0.0,0.42000000000000004,SFFR,11.725,0.0,0.42000000000000004,Multi-Market,Idle,0.0,24.86,76.47,101.33,SSP,EPEX
2026-06-27 03:30:00,-0.0,0.42000000000000004,EPEX,-0.0,0.0,0.42000000000000004,SFFR,11.725,0.0,0.42000000000000004,Multi-Market,Idle,0.0,30.5,70.83,101.33,SSP,EPEX
2026-06-27 04:00:00,0.0,0.42000000000000004,EPEX,0.0,0.0,0.42000000000000004,SFFR,11.725,0.0,0.42000000000000004,Multi-Market,Idle,0.0,5.3799999999999955,93.48,98.86,DA_HH,EPEX
2026-06-27 04:30:00,-0.0,0.42000000000000004,EPEX,-0.0,0.0,0.42000000000000004,SFFR,11.725,0.0,0.42000000000000004,Multi-Market,Idle,0.0,2.6599999999999966,96.2,98.86,DA_HH,EPEX
2026-06-27 05:00:00,0.0,0.42000000000000004,EPEX,0.0,0.0,0.42000000000000004,SFFR,11.725,0.0,0.42000000000000004,Multi-Market,Idle,0.0,3.8900000000000006,94.3,98.19,SSP,EPEX
2026-06-27 05:30:00,-0.0,0.42000000000000004,EPEX,-0.0,0.0,0.42000000000000004,SFFR,11.725,0.0,0.42000000000000004,Multi-Market,Idle,0.0,33.8,95.2,129.0,DA_HH,SSP
2026-06-27 06:00:00,0.0,0.42000000000000004,EPEX,0.0,0.0,0.42000000000000004,SFFR,11.725,-0.0,0.42000000000000004,Multi-Market,Idle,-0.0,39.66,92.34,132.0,ISEM,SSP
2026-06-27 06:30:00,0.0,0.42000000000000004,EPEX,0.0,0.0,0.42000000000000004,SFFR,11.725,-0.0,0.42000000000000004,Multi-Market,Idle,-0.0,39.0,93.0,132.0,EPEX,SSP
2026-06-27 07:00:00,0.0,0.42000000000000004,EPEX,0.0,0.0,0.42000000000000004,SFFR,11.725,0.0,0.42000000000000004,Multi-Market,Idle,0.0,39.03,79.97,119.0,ISEM,SSP
2026-06-27 07:30:00,-0.0,0.42000000000000004,EPEX,-0.0,0.0,0.42000000000000004,SFFR,11.725,-0.0,0.42000000000000004,Multi-Market,Idle,-0.0,33.0,86.0,119.0,DA_HH,SSP
2026-06-27 08:00:00,-0.0,0.42000000000000004,EPEX,-0.0,0.0,0.42000000000000004,SFFR,11.725,-2.1,2.3787496011486513,Multi-Market,Buy-SSP,-50.778,58.580000000000005,24.18,82.76,SSP,EPEX
2026-06-27 08:30:00,-0.0,0.42000000000000004,EPEX,-0.0,0.0,0.42000000000000004,SFFR,11.725,-2.1,4.337499202297303,Multi-Market,Buy-SSP,-3.465,81.11,1.65,82.76,SSP,EPEX
2026-06-27 09:00:00,-0.0,0.42000000000000004,EPEX,-0.0,0.0,0.42000000000000004,SFFR,11.725,3.6396551724137938,0.42000000000000004,Multi-Market,Buy-ISEM,442.1175862068966,81.55,37.45,119.0,ISEM,SSP
2026-06-27 09:30:00,-0.0,0.42000000000000004,EPEX,-0.0,0.0,0.42000000000000004,SFFR,11.725,0.0,0.42000000000000004,Multi-Market,Idle,0.0,55.49,13.71,69.2,SSP,EPEX
2026-06-27 10:00:00,0.0,0.42000000000000004,EPEX,0.0,0.0,0.42000000000000004,SFFR,11.725,-2.1,2.3787496011486513,Multi-Market,Buy-SSP,-9.513000000000002,44.07,4.53,48.6,SSP,EPEX
2026-06-27 10:30:00,-0.0,0.42000000000000004,EPEX,-0.0,0.0,0.42000000000000004,SFFR,11.725,0.0,2.3787496011486513,Multi-Market,Idle,0.0,23.6,25.0,48.6,ISEM,EPEX
2026-06-27 11:00:00,0.0,0.42000000000000004,EPEX,0.0,0.0,0.42000000000000004,SFFR,11.725,-1.8051707633737284,4.062500797702697,Multi-Market,Buy-SSP,-9.007802109234905,27.809999999999995,4.99,32.8,SSP,EPEX
2026-06-27 11:30:00,0.0,0.42000000000000004,EPEX,0.0,0.0,0.42000000000000004,SFFR,11.725,0.0,4.062500797702697,Multi-Market,Idle,0.0,26.9,5.9,32.8,SSP,EPEX
2026-06-27 12:00:00,-1.8051707633737293,2.1037511965540467,EPEX,-43.50461539730688,0.0,0.42000000000000004,SFFR,11.725,0.0,4.062500797702697,Multi-Market,Idle,0.0,14.32,12.34,26.66,ISEM,SSP
2026-06-27 12:30:00,-2.1,4.062500797702698,EPEX,-50.61000000000001,0.0,0.42000000000000004,SFFR,11.725,0.0,4.062500797702697,Multi-Market,Idle,0.0,12.73,11.39,24.12,DA_HH,SSP
2026-06-27 13:00:00,-2.1,6.021250398851349,EPEX,-46.2,0.0,0.42000000000000004,SFFR,11.725,-2.1,6.021250398851349,Multi-Market,Buy-SSP,2.1630000000000003,23.03,-1.03,22.0,SSP,EPEX
2026-06-27 13:30:00,-2.1,7.9799999999999995,EPEX,-46.2,0.0,0.42000000000000004,SFFR,11.725,-2.1,7.9799999999999995,Multi-Market,Buy-SSP,0.0,22.0,0.0,22.0,SSP,EPEX
2026-06-27 14:00:00,0.0,7.9799999999999995,EPEX,0.0,-2.1,2.3787496011486513,EPEX,-58.023,0.0,7.9799999999999995,Multi-Market,Idle,0.0,16.43,11.2,27.63,ISEM,EPEX
2026-06-27 14:30:00,0.0,7.9799999999999995,EPEX,0.0,-2.1,4.337499202297303,EPEX,-58.023,0.0,7.9799999999999995,Multi-Market,Idle,0.0,37.68,10.82,48.5,ISEM,SSP
2026-06-27 15:00:00,-0.0,7.9799999999999995,EPEX,-0.0,3.6540000000000004,0.42000000000000004,EPEX,194.75820000000002,0.0,7.9799999999999995,Multi-Market,Idle,0.0,18.75,41.0,59.75,ISEM,SSP
2026-06-27 15:30:00,0.0,7.9799999999999995,EPEX,0.0,-0.0,0.42000000000000004,EPEX,-0.0,-0.2687415938648643,7.9799999999999995,Multi-Market,Buy-DA_HH,115.88757700361843,71.1,44.6,115.7,DA_HH,SSP
2026-06-27 16:00:00,-0.0,7.9799999999999995,EPEX,-0.0,0.0,0.42000000000000004,SFFR,11.725,-0.0,7.9799999999999995,Multi-Market,Idle,-0.0,43.0,75.0,118.0,DA_HH,SSP
2026-06-27 16:30:00,-0.0,7.9799999999999995,EPEX,-0.0,0.0,0.42000000000000004,SFFR,11.725,0.0,7.9799999999999995,Multi-Market,Idle,0.0,34.129999999999995,73.95,108.08,ISEM,SSP
2026-06-27 17:00:00,-0.0,7.9799999999999995,EPEX,-0.0,0.0,0.42000000000000004,SFFR,11.725,-0.0,7.9799999999999995,Multi-Market,Idle,-0.0,30.810000000000002,89.7,120.51,ISEM,SSP
2026-06-27 17:30:00,0.0,7.9799999999999995,EPEX,0.0,0.0,0.42000000000000004,SFFR,11.725,0.0,7.9799999999999995,Multi-Market,Idle,0.0,25.689999999999998,92.67,118.36,ISEM,SSP
2026-06-27 18:00:00,3.3014985641351435,4.4404220056417305,EPEX,414.0739499138297,0.0,0.42000000000000004,SFFR,11.725,0.0,7.9799999999999995,Multi-Market,Idle,0.0,44.41,81.01,125.42,SSP,EPEX
2026-06-27 18:30:00,3.75,0.42000000000000004,EPEX,470.325,0.0,0.42000000000000004,SFFR,11.725,3.3014985641351435,4.4404220056417305,Multi-Market,Sell-SSP,455.6068018506498,28.5,109.5,138.0,ISEM,SSP
2026-06-27 19:00:00,0.0,0.42000000000000004,EPEX,0.0,0.0,0.42000000000000004,SFFR,11.725,0.0,4.4404220056417305,Multi-Market,Idle,0.0,11.650000000000006,107.35,119.0,SSP,EPEX
2026-06-27 19:30:00,0.0,0.42000000000000004,EPEX,0.0,0.0,0.42000000000000004,SFFR,11.725,0.0,4.4404220056417305,Multi-Market,Idle,0.0,19.659999999999997,109.34,129.0,ISEM,SSP
2026-06-27 20:00:00,0.0,0.42000000000000004,EPEX,0.0,0.0,0.42000000000000004,SFFR,11.725,3.75,0.42000000000000004,Multi-Market,Sell-SSP,525.0,25.510000000000005,114.49,140.0,ISEM,SSP
2026-06-27 20:30:00,0.0,0.42000000000000004,EPEX,0.0,0.0,0.42000000000000004,SFFR,11.725,-0.0,0.42000000000000004,Multi-Market,Idle,-0.0,21.950000000000003,115.58,137.53,ISEM,SSP
2026-06-27 21:00:00,-0.0,0.42000000000000004,EPEX,-0.0,0.0,0.42000000000000004,SFFR,11.725,0.0,0.42000000000000004,Multi-Market,Idle,0.0,5.540000000000006,118.46,124.0,ISEM,EPEX
2026-06-27 21:30:00,-0.0,0.42000000000000004,EPEX,-0.0,0.0,0.42000000000000004,SFFR,11.725,-0.0,0.42000000000000004,Multi-Market,Idle,-0.0,34.0,90.0,124.0,SSP,EPEX
2026-06-27 22:00:00,-0.0,0.42000000000000004,EPEX,-0.0,0.0,0.42000000000000004,SFFR,11.725,0.0,0.42000000000000004,Multi-Market,Idle,0.0,45.400000000000006,70.6,116.0,SSP,DA_HH
2026-06-27 22:30:00,-0.0,0.42000000000000004,EPEX,-0.0,0.0,0.42000000000000004,SFFR,11.725,-0.0,0.42000000000000004,Multi-Market,Idle,-0.0,68.19,48.5,116.69,SSP,DA_HH
2026-06-27 23:00:00,0.0,0.42000000000000004,EPEX,0.0,0.0,0.42000000000000004,SFFR,11.725,0.0,0.4199999999999997,Multi-Market,Idle,0.0,57.2,48.5,105.7,SSP,EPEX
2026-06-27 23:30:00,-0.0,0.42000000000000004,EPEX,-0.0,0.0,0.42000000000000004,SFFR,11.725,-0.0,0.42000000000000004,Multi-Market,Idle,-0.0,28.0,77.7,105.7,SSP,EPEX
2026-06-28 00:00:00,0.0,0.42000000000000004,EPEX,0.0,0.0,0.42000000000000004,SFFR,11.725,0.0,0.42000000000000004,Multi-Market,Idle,0.0,25.700000000000003,77.7,103.4,SSP,DA_HH
2026-06-28 00:30:00,0.0,0.42000000000000004,EPEX,0.0,0.0,0.42000000000000004,SFFR,11.725,0.0,0.42000000000000004,Multi-Market,Idle,0.0,25.700000000000003,77.7,103.4,SSP,DA_HH
2026-06-28 01:00:00,0.0,0.42000000000000004,EPEX,0.0,0.0,0.42000000000000004,SFFR,11.725,0.0,0.42000000000000004,Multi-Market,Idle,0.0,18.560000000000002,97.07,115.63,EPEX,SSP
2026-06-28 01:30:00,0.0,0.42000000000000004,EPEX,0.0,0.0,0.42000000000000004,SFFR,11.725,0.0,0.42000000000000004,Multi-Market,Idle,0.0,22.930000000000007,97.07,120.0,EPEX,SSP
2026-06-28 02:00:00,0.0,0.42000000000000004,EPEX,0.0,0.0,0.42000000000000004,SFFR,11.725,0.0,0.42000000000000004,Multi-Market,Idle,0.0,23.47,94.23,117.7,EPEX,SSP
2026-06-28 02:30:00,0.0,0.42000000000000004,EPEX,0.0,0.0,0.42000000000000004,SFFR,11.725,0.0,0.42000000000000004,Multi-Market,Idle,0.0,40.760000000000005,62.05,102.81,SSP,DA_HH
2026-06-28 03:00:00,0.0,0.42000000000000004,EPEX,0.0,0.0,0.42000000000000004,SFFR,11.725,0.0,0.42000000000000004,Multi-Market,Idle,0.0,22.200000000000003,97.8,120.0,EPEX,SSP
2026-06-28 03:30:00,-0.0,0.42000000000000004,EPEX,-0.0,0.0,0.42000000000000004,SFFR,11.725,0.0,0.42000000000000004,Multi-Market,Idle,0.0,25.10000000000001,97.8,122.9,EPEX,SSP
2026-06-28 04:00:00,0.0,0.42000000000000004,EPEX,0.0,0.0,0.42000000000000004,SFFR,11.725,0.0,0.42000000000000004,Multi-Market,Idle,0.0,28.14,94.76,122.9,EPEX,SSP
2026-06-28 04:30:00,-0.0,0.42000000000000004,EPEX,-0.0,0.0,0.42000000000000004,SFFR,11.725,-0.0,0.42000000000000004,Multi-Market,Idle,-0.0,28.14,94.76,122.9,EPEX,SSP
2026-06-28 05:00:00,0.0,0.42000000000000004,EPEX,0.0,0.0,0.42000000000000004,SFFR,11.725,-0.0,0.42000000000000004,Multi-Market,Idle,-0.0,29.400000000000006,90.6,120.0,EPEX,SSP
2026-06-28 05:30:00,-0.0,0.42000000000000004,EPEX,-0.0,0.0,0.42000000000000004,SFFR,11.725,0.0,0.42000000000000004,Multi-Market,Idle,0.0,29.290000000000006,90.6,119.89,EPEX,SSP
2026-06-28 06:00:00,-0.0,0.42000000000000004,EPEX,-0.0,0.0,0.42000000000000004,SFFR,11.725,0.0,0.42000000000000004,Multi-Market,Idle,0.0,34.599999999999994,84.4,119.0,EPEX,SSP
2026-06-28 06:30:00,-0.0,0.42000000000000004,EPEX,-0.0,0.0,0.42000000000000004,SFFR,11.725,-0.0,0.42000000000000004,Multi-Market,Idle,-0.0,36.84,83.16,120.0,DA_HH,SSP
2026-06-28 07:00:00,0.0,0.42000000000000004,EPEX,0.0,0.0,0.42000000000000004,SFFR,11.725,-0.0,0.42000000000000004,Multi-Market,Idle,-0.0,56.15,63.85,120.0,ISEM,SSP
2026-06-28 07:30:00,-0.0,0.42000000000000004,EPEX,-0.0,0.0,0.42000000000000004,SFFR,11.725,-0.0,0.42000000000000004,Multi-Market,Idle,-0.0,55.93,62.32,118.25,DA_HH,SSP
2026-06-28 08:00:00,-0.0,0.42000000000000004,EPEX,-0.0,0.0,0.42000000000000004,SFFR,11.725,0.0,0.42000000000000004,Multi-Market,Idle,0.0,8.269999999999996,29.03,37.3,SSP,EPEX
2026-06-28 08:30:00,-0.0,0.42000000000000004,EPEX,-0.0,0.0,0.42000000000000004,SFFR,11.725,0.0,0.42000000000000004,Multi-Market,Idle,0.0,8.959999999999997,28.69,37.65,SSP,DA_HH
2026-06-28 09:00:00,-0.0,0.42000000000000004,EPEX,-0.0,0.0,0.42000000000000004,SFFR,11.725,0.0,0.42000000000000004,Multi-Market,Idle,0.0,23.83,-2.29,21.54,SSP,EPEX
2026-06-28 09:30:00,-0.0,0.42000000000000004,EPEX,-0.0,0.0,0.42000000000000004,SFFR,11.725,0.0,0.42000000000000004,Multi-Market,Idle,0.0,31.54,-10.0,21.54,SSP,EPEX
2026-06-28 10:00:00,0.0,0.42000000000000004,EPEX,0.0,0.0,0.42000000000000004,SFFR,11.725,0.0,0.42000000000000004,Multi-Market,Idle,0.0,30.240000000000002,-15.16,15.08,SSP,EPEX
2026-06-28 10:30:00,-0.0,0.42000000000000004,EPEX,-0.0,0.0,0.42000000000000004,SFFR,11.725,0.0,0.42000000000000004,Multi-Market,Idle,0.0,40.2,-25.12,15.08,SSP,EPEX
2026-06-28 11:00:00,0.0,0.42000000000000004,EPEX,0.0,0.0,0.42000000000000004,SFFR,11.725,0.0,0.42000000000000004,Multi-Market,Idle,0.0,48.58,-36.65,11.93,SSP,EPEX
2026-06-28 11:30:00,0.0,0.42000000000000004,EPEX,0.0,0.0,0.42000000000000004,SFFR,11.725,0.0,0.42000000000000004,Multi-Market,Idle,0.0,56.92,-44.99,11.93,SSP,EPEX
2026-06-28 12:00:00,-2.1,2.3787496011486513,EPEX,-19.11,0.0,0.42000000000000004,SFFR,11.725,0.0,0.42000000000000004,Multi-Market,Idle,0.0,48.75,-39.65,9.1,SSP,EPEX
2026-06-28 12:30:00,-2.1,4.337499202297303,EPEX,-19.11,0.0,0.42000000000000004,SFFR,11.725,0.0,0.42000000000000004,Multi-Market,Idle,0.0,55.92,-46.82,9.1,SSP,EPEX
2026-06-28 13:00:00,-2.1,6.296248803445954,EPEX,-21.0,0.0,0.42000000000000004,SFFR,11.725,-2.1,2.3787496011486513,Multi-Market,Buy-SSP,147.0,80.0,-70.0,10.0,SSP,EPEX
2026-06-28 13:30:00,-1.8051707633737284,7.9799999999999995,EPEX,-18.051707633737283,0.0,0.42000000000000004,SFFR,11.725,-2.1,4.337499202297303,Multi-Market,Buy-SSP,168.399,90.19,-80.19,10.0,SSP,EPEX
2026-06-28 14:00:00,0.0,7.9799999999999995,EPEX,0.0,0.0,0.42000000000000004,SFFR,11.725,-1.843498564135144,6.021250398851349,Multi-Market,Buy-SSP,182.7331659380999,96.75999999999999,-85.66,11.1,SSP,EPEX
2026-06-28 14:30:00,0.0,7.9799999999999995,EPEX,0.0,0.0,0.42000000000000004,SFFR,11.725,-2.1,7.9799999999999995,Multi-Market,Buy-SSP,179.886,96.75999999999999,-85.66,11.1,SSP,EPEX
2026-06-28 15:00:00,0.0,7.9799999999999995,EPEX,0.0,0.0,0.42000000000000004,SFFR,11.725,-0.27299999999999924,7.9799999999999995,Multi-Market,Buy-SSP,197.83050000000003,97.52,-72.02,25.5,SSP,EPEX
2026-06-28 15:30:00,0.0,7.9799999999999995,EPEX,0.0,0.0,0.42000000000000004,SFFR,11.725,0.0,7.9799999999999995,Multi-Market,Idle,0.0,62.15,-36.65,25.5,SSP,EPEX
2026-06-28 16:00:00,0.0,7.9799999999999995,EPEX,0.0,-2.1,2.3787496011486513,EPEX,-126.0,-0.27300000000000035,7.9799999999999995,Multi-Market,Buy-SSP,176.03984999999997,91.96,-29.41,62.55,SSP,ISEM
2026-06-28 16:30:00,0.0,7.9799999999999995,EPEX,0.0,-2.1,4.337499202297303,EPEX,-126.0,-0.24475862068965548,7.9799999999999995,Multi-Market,Buy-SSP,128.74680000000012,76.52,-13.92,62.6,SSP,ISEM
2026-06-28 17:00:00,0.0,7.9799999999999995,EPEX,0.0,3.6540000000000004,0.42000000000000004,EPEX,327.61764,0.0,7.9799999999999995,Multi-Market,Idle,0.0,23.200000000000003,74.52,97.72,SSP,ISEM
2026-06-28 17:30:00,0.0,7.9799999999999995,EPEX,0.0,-0.0,0.42000000000000004,EPEX,-0.0,0.0,7.9799999999999995,Multi-Market,Idle,0.0,28.38000000000001,87.57,115.95,DA_HH,SSP
2026-06-28 18:00:00,-0.0,7.9799999999999995,EPEX,-0.0,0.0,0.42000000000000004,SFFR,11.725,-0.0,7.9799999999999995,Multi-Market,Idle,-0.0,20.0,105.0,125.0,EPEX,SSP
2026-06-28 18:30:00,-0.0,7.9799999999999995,EPEX,-0.0,0.0,0.42000000000000004,SFFR,11.725,-0.0,7.9799999999999995,Multi-Market,Idle,-0.0,29.450000000000017,102.85,132.3,DA_HH,SSP
2026-06-28 19:00:00,0.0,7.9799999999999995,EPEX,0.0,0.0,0.42000000000000004,SFFR,11.725,0.0,7.9799999999999995,Multi-Market,Idle,0.0,41.33,66.8,108.13,SSP,ISEM
2026-06-28 19:30:00,0.0,7.9799999999999995,EPEX,0.0,0.0,0.42000000000000004,SFFR,11.725,0.0,7.9799999999999995,Multi-Market,Idle,0.0,19.819999999999993,93.37,113.19,SSP,ISEM
2026-06-28 20:00:00,-0.0,7.9799999999999995,EPEX,-0.0,0.0,0.42000000000000004,SFFR,11.725,3.3014985641351435,4.4404220056417305,Multi-Market,Sell-SSP,466.336672184089,28.989999999999995,112.26,141.25,EPEX,SSP
2026-06-28 20:30:00,0.0,7.9799999999999995,EPEX,0.0,0.0,0.42000000000000004,SFFR,11.725,3.75,0.42000000000000004,Multi-Market,Sell-SSP,571.875,40.239999999999995,112.26,152.5,EPEX,SSP
2026-06-28 21:00:00,3.75,3.959577994358269,EPEX,443.325,0.0,0.42000000000000004,SFFR,11.725,-0.0,0.42000000000000004,Multi-Market,Idle,-0.0,24.88000000000001,115.48,140.36,DA_HH,SSP
2026-06-28 21:30:00,3.3014985641351435,0.42000000000000004,EPEX,390.30316025205667,0.0,0.42000000000000004,SFFR,11.725,0.0,0.42000000000000004,Multi-Market,Idle,0.0,14.350000000000009,105.02,119.37,SSP,ISEM
2026-06-28 22:00:00,-0.0,0.42000000000000004,EPEX,-0.0,0.0,0.42000000000000004,SFFR,11.725,0.0,0.42000000000000004,Multi-Market,Idle,0.0,12.370000000000005,105.03,117.4,SSP,ISEM
2026-06-28 22:30:00,-0.0,0.42000000000000004,EPEX,-0.0,0.0,0.42000000000000004,SFFR,11.725,-0.0,0.42000000000000004,Multi-Market,Idle,-0.0,20.61,111.96,132.57,DA_HH,SSP
2026-06-28 23:00:00,0.0,0.42000000000000004,EPEX,0.0,0.0,0.42000000000000004,SFFR,11.725,-0.0,0.42000000000000004,Multi-Market,Idle,-0.0,29.150000000000006,80.0,109.15,SSP,ISEM
2026-06-28 23:30:00,-0.0,0.42000000000000004,EPEX,-0.0,0.0,0.42000000000000004,SFFR,11.725,-0.0,0.42000000000000004,Multi-Market,Idle,-0.0,21.879999999999995,85.03,106.91,SSP,EPEX
2026-06-29 00:00:00,0.0,0.42000000000000004,EPEX,0.0,0.0,0.42000000000000004,SFFR,11.725,0.0,0.42000000000000004,Multi-Market,Idle,0.0,19.58,87.0,106.58,SSP,EPEX
2026-06-29 00:30:00,0.0,0.42000000000000004,EPEX,0.0,0.0,0.42000000000000004,SFFR,11.725,0.0,0.42000000000000004,Multi-Market,Idle,0.0,12.730000000000004,93.85,106.58,DA_HH,EPEX
2026-06-29 01:00:00,0.0,0.42000000000000004,EPEX,0.0,0.0,0.42000000000000004,SFFR,11.725,0.0,0.42000000000000004,Multi-Market,Idle,0.0,10.63000000000001,90.8,101.43,DA_HH,SSP
2026-06-29 01:30:00,0.0,0.42000000000000004,EPEX,0.0,0.0,0.42000000000000004,SFFR,11.725,0.0,0.42000000000000004,Multi-Market,Idle,0.0,29.799999999999997,89.2,119.0,DA_HH,SSP
2026-06-29 02:00:00,0.0,0.42000000000000004,EPEX,0.0,0.0,0.42000000000000004,SFFR,11.725,0.0,0.42000000000000004,Multi-Market,Idle,0.0,29.5,91.0,120.5,DA_HH,SSP
2026-06-29 02:30:00,0.0,0.42000000000000004,EPEX,0.0,0.0,0.42000000000000004,SFFR,11.725,0.0,0.42000000000000004,Multi-Market,Idle,0.0,32.480000000000004,89.52,122.0,DA_HH,SSP
2026-06-29 03:00:00,-2.1,2.3787496011486513,EPEX,-199.5,0.0,0.42000000000000004,SFFR,11.725,0.0,0.42000000000000004,Multi-Market,Idle,0.0,9.629999999999995,90.37,100.0,DA_HH,SSP
2026-06-29 03:30:00,-2.1,4.337499202297303,EPEX,-199.5,0.0,0.42000000000000004,SFFR,11.725,0.0,0.42000000000000004,Multi-Market,Idle,0.0,6.200000000000003,89.6,95.8,DA_HH,SSP
2026-06-29 04:00:00,-0.07758785731592857,4.409868337807566,EPEX,-7.371622323586374,0.0,0.42000000000000004,SFFR,11.725,0.0,0.42000000000000004,Multi-Market,Idle,0.0,9.350000000000009,90.05,99.4,DA_HH,SSP
2026-06-29 04:30:00,-2.1,6.368617938956217,EPEX,-199.52100000000002,0.0,0.42000000000000004,SFFR,11.725,-2.1,2.3787496011486513,Multi-Market,Buy-SSP,-146.685,25.16000000000001,69.85,95.01,SSP,EPEX
2026-06-29 05:00:00,0.0,6.368617938956217,EPEX,0.0,0.0,0.42000000000000004,SFFR,11.725,-2.1,4.337499202297303,Multi-Market,Buy-SSP,-147.651,31.789999999999992,70.31,102.1,SSP,EPEX
2026-06-29 05:30:00,0.0,6.368617938956217,EPEX,0.0,0.0,0.42000000000000004,SFFR,11.725,0.0,4.337499202297303,Multi-Market,Idle,0.0,6.099999999999994,96.0,102.1,DA_HH,EPEX
2026-06-29 06:00:00,3.75,2.3481959333144866,EPEX,448.7625,0.0,0.42000000000000004,SFFR,11.725,0.0,4.337499202297303,Multi-Market,Idle,0.0,12.930000000000007,107.57,120.5,DA_HH,SSP
2026-06-29 06:30:00,1.798501435864858,0.42000000000000004,EPEX,215.22666682994753,0.0,0.42000000000000004,SFFR,11.725,3.654,0.42000000000000004,Multi-Market,Sell-SSP,456.75,10.099999999999994,114.9,125.0,DA_HH,SSP
2026-06-29 07:00:00,0.0,0.42000000000000004,EPEX,0.0,0.0,0.42000000000000004,SFFR,11.725,-0.0,0.42000000000000004,Multi-Market,Idle,-0.0,23.959999999999994,101.04,125.0,DA_HH,SSP
2026-06-29 07:30:00,-0.0,0.42000000000000004,EPEX,-0.0,0.0,0.42000000000000004,SFFR,11.725,-0.0,0.42000000000000004,Multi-Market,Idle,-0.0,13.230000000000004,108.77,122.0,DA_HH,SSP
2026-06-29 08:00:00,0.0,0.42000000000000004,EPEX,0.0,0.0,0.42000000000000004,SFFR,11.725,0.0,0.42000000000000004,Multi-Market,Idle,0.0,21.819999999999993,98.18,120.0,DA_HH,SSP
2026-06-29 08:30:00,0.0,0.42000000000000004,EPEX,0.0,0.0,0.42000000000000004,SFFR,11.725,0.0,0.42000000000000004,Multi-Market,Idle,0.0,23.989999999999995,96.01,120.0,DA_HH,SSP
2026-06-29 09:00:00,0.0,0.42000000000000004,EPEX,0.0,0.0,0.42000000000000004,SFFR,11.725,0.0,0.42000000000000004,Multi-Market,Idle,0.0,29.659999999999997,92.34,122.0,EPEX,SSP
2026-06-29 09:30:00,0.0,0.42000000000000004,EPEX,0.0,0.0,0.42000000000000004,SFFR,11.725,-0.0,0.42000000000000004,Multi-Market,Idle,-0.0,29.659999999999997,92.34,122.0,EPEX,SSP
2026-06-29 10:00:00,0.0,0.42000000000000004,EPEX,0.0,0.0,0.42000000000000004,SFFR,11.725,-0.0,0.42000000000000004,Multi-Market,Idle,-0.0,35.400000000000006,84.6,120.0,EPEX,SSP
2026-06-29 10:30:00,0.0,0.42000000000000004,EPEX,0.0,0.0,0.42000000000000004,SFFR,11.725,0.0,0.42000000000000004,Multi-Market,Idle,0.0,24.42,66.01,90.43,SSP,ISEM
2026-06-29 11:00:00,-2.1,2.3787496011486513,EPEX,-175.371,0.0,0.42000000000000004,SFFR,11.725,0.0,0.42000000000000004,Multi-Market,Idle,0.0,17.5,66.01,83.51,SSP,EPEX
2026-06-29 11:30:00,-2.1,4.337499202297303,EPEX,-175.371,0.0,0.42000000000000004,SFFR,11.725,-1.8827586206896578,2.1761203320643103,Multi-Market,Buy-SSP,-124.28089655172433,17.5,66.01,83.51,SSP,EPEX
2026-06-29 12:00:00,0.0,4.337499202297303,EPEX,0.0,0.0,0.42000000000000004,SFFR,11.725,0.0,2.1761203320643103,Multi-Market,Idle,0.0,18.19999999999999,66.01,84.21,SSP,EPEX
2026-06-29 12:30:00,0.0,4.337499202297303,EPEX,0.0,0.0,0.42000000000000004,SFFR,11.725,0.0,2.1761203320643103,Multi-Market,Idle,0.0,17.61999999999999,66.59,84.21,SSP,EPEX
2026-06-29 13:00:00,-2.1,6.296248803445954,EPEX,-175.98,0.0,0.42000000000000004,SFFR,11.725,0.0,2.1761203320643103,Multi-Market,Idle,0.0,4.200000000000003,82.0,86.2,DA_HH,SSP
2026-06-29 13:30:00,-1.8051707633737284,7.9799999999999995,EPEX,-151.27330997071843,0.0,0.42000000000000004,SFFR,11.725,0.0,2.1761203320643103,Multi-Market,Idle,0.0,2.469999999999999,82.97,85.44,DA_HH,SSP
2026-06-29 14:00:00,0.0,7.9799999999999995,EPEX,0.0,0.0,0.42000000000000004,SFFR,11.725,0.0,2.1761203320643103,Multi-Market,Idle,0.0,6.150000000000006,84.61,90.76,EPEX,ISEM
2026-06-29 14:30:00,0.0,7.9799999999999995,EPEX,0.0,0.0,0.42000000000000004,SFFR,11.725,0.0,2.1761203320643103,Multi-Market,Idle,0.0,25.17,66.01,91.18,SSP,ISEM
2026-06-29 15:00:00,0.0,7.9799999999999995,EPEX,0.0,0.0,0.42000000000000004,SFFR,11.725,-2.1,4.134869933212961,Multi-Market,Buy-SSP,-126.525,34.650000000000006,60.25,94.9,SSP,DA_HH
2026-06-29 15:30:00,0.0,7.9799999999999995,EPEX,0.0,0.0,0.42000000000000004,SFFR,11.725,-2.1,6.093619534361613,Multi-Market,Buy-SSP,-86.85600000000001,54.540000000000006,41.36,95.9,SSP,ISEM
2026-06-29 16:00:00,0.0,7.9799999999999995,EPEX,0.0,0.0,0.42000000000000004,SFFR,11.725,-2.0324985641351416,7.9799999999999995,Multi-Market,Buy-SSP,-123.36885067005471,41.91,62.09,104.0,SSP,EPEX
2026-06-29 16:30:00,0.0,7.9799999999999995,EPEX,0.0,0.0,0.42000000000000004,SFFR,11.725,0.0,7.9799999999999995,Multi-Market,Idle,0.0,15.709999999999994,88.29,104.0,SSP,EPEX
2026-06-29 17:00:00,-0.0,7.9799999999999995,EPEX,-0.0,0.0,0.42000000000000004,SFFR,11.725,-0.0,7.9799999999999995,Multi-Market,Idle,-0.0,15.939999999999998,115.6,131.54,DA_HH,SSP
2026-06-29 17:30:00,0.0,7.9799999999999995,EPEX,0.0,0.0,0.42000000000000004,SFFR,11.725,-0.0,7.9799999999999995,Multi-Market,Idle,-0.0,11.539999999999992,120.0,131.54,ISEM,SSP
2026-06-29 18:00:00,-0.0,7.9799999999999995,EPEX,-0.0,0.0,0.42000000000000004,SFFR,11.725,-0.0,7.9799999999999995,Multi-Market,Idle,-0.0,20.100000000000023,161.01,181.11,DA_HH,SSP
2026-06-29 18:30:00,0.0,7.9799999999999995,EPEX,0.0,0.0,0.42000000000000004,SFFR,11.725,0.0,7.9799999999999995,Multi-Market,Idle,0.0,12.069999999999993,151.93,164.0,SSP,EPEX
2026-06-29 19:00:00,3.3014985641351435,4.4404220056417305,EPEX,624.1152885641075,0.0,0.42000000000000004,SFFR,11.725,-0.0,7.9799999999999995,Multi-Market,Idle,-0.0,39.20999999999998,149.83,189.04,SSP,EPEX
2026-06-29 19:30:00,3.75,0.42000000000000004,EPEX,708.9,0.0,0.42000000000000004,SFFR,11.725,-0.0,7.9799999999999995,Multi-Market,Idle,-0.0,37.879999999999995,151.16,189.04,SSP,EPEX
2026-06-29 20:00:00,-0.0,0.42000000000000004,EPEX,-0.0,0.0,0.42000000000000004,SFFR,11.725,0.0,7.9799999999999995,Multi-Market,Idle,0.0,24.939999999999998,158.44,183.38,ISEM,EPEX
2026-06-29 20:30:00,-0.0,0.42000000000000004,EPEX,-0.0,0.0,0.42000000000000004,SFFR,11.725,0.0,7.9799999999999995,Multi-Market,Idle,0.0,25.47999999999999,157.9,183.38,ISEM,EPEX
2026-06-29 21:00:00,-0.0,0.42000000000000004,EPEX,-0.0,0.0,0.42000000000000004,SFFR,11.725,3.75,3.959577994358269,Multi-Market,Sell-SSP,723.9,34.53999999999999,158.5,193.04,DA_HH,SSP
2026-06-29 21:30:00,-0.0,0.42000000000000004,EPEX,-0.0,0.0,0.42000000000000004,SFFR,11.725,3.3014985641351435,0.42000000000000004,Multi-Market,Sell-SSP,627.2847271856773,41.5,148.5,190.0,DA_HH,SSP
2026-06-29 22:00:00,-0.0,0.42000000000000004,EPEX,-0.0,0.0,0.42000000000000004,SFFR,11.725,-0.2729999999999999,0.42000000000000004,Multi-Market,Buy-DA_HH,61.424999999999955,53.16999999999999,130.83,184.0,DA_HH,SSP
2026-06-29 22:30:00,-0.0,0.42000000000000004,EPEX,-0.0,0.0,0.42000000000000004,SFFR,11.725,-0.0,0.42000000000000004,Multi-Market,Idle,-0.0,30.799999999999997,121.49,152.29,DA_HH,SSP
2026-06-29 23:00:00,0.0,0.42000000000000004,EPEX,0.0,0.0,0.42000000000000004,SFFR,11.725,0.0,0.42000000000000004,Multi-Market,Idle,0.0,21.36,96.64,118.0,DA_HH,EPEX
2026-06-29 23:30:00,-0.0,0.42000000000000004,EPEX,-0.0,0.0,0.42000000000000004,SFFR,11.725,-0.0,0.42000000000000004,Multi-Market,Idle,-0.0,38.49000000000001,91.0,129.49,ISEM,SSP
2026-06-30 00:00:00,0.0,0.42000000000000004,EPEX,0.0,0.0,0.42000000000000004,SFFR,11.725,-2.1,2.3787496011486513,Multi-Market,Buy-ISEM,-183.477,61.71000000000001,87.37,149.08,ISEM,SSP
2026-06-30 00:30:00,0.0,0.42000000000000004,EPEX,0.0,0.0,0.42000000000000004,SFFR,11.725,0.0,2.3787496011486513,Multi-Market,Idle,0.0,42.56,92.6,135.16,ISEM,SSP
2026-06-30 01:00:00,0.0,0.42000000000000004,EPEX,0.0,0.0,0.42000000000000004,SFFR,11.725,0.0,2.3787496011486513,Multi-Market,Idle,0.0,64.95,90.8,155.75,ISEM,SSP
2026-06-30 01:30:00,0.0,0.42000000000000004,EPEX,0.0,0.0,0.42000000000000004,SFFR,11.725,0.0,2.3787496011486513,Multi-Market,Idle,0.0,23.659999999999997,91.0,114.66,ISEM,SSP
2026-06-30 02:00:00,0.0,0.42000000000000004,EPEX,0.0,0.0,0.42000000000000004,SFFR,11.725,0.0,2.3787496011486513,Multi-Market,Idle,0.0,13.38000000000001,92.66,106.04,ISEM,EPEX
2026-06-30 02:30:00,0.0,0.42000000000000004,EPEX,0.0,0.0,0.42000000000000004,SFFR,11.725,0.0,2.3787496011486513,Multi-Market,Idle,0.0,16.040000000000006,90.0,106.04,ISEM,EPEX
2026-06-30 03:00:00,-0.07758785731592915,0.4923691355102642,EPEX,-8.022584446467075,0.0,0.42000000000000004,SFFR,11.725,-0.07758785731592666,2.451118736658913,Multi-Market,Buy-ISEM,-6.982907158433399,43.56,90.0,133.56,ISEM,SSP
2026-06-30 03:30:00,-2.1,2.4511187366589153,EPEX,-217.14000000000001,0.0,0.42000000000000004,SFFR,11.725,-2.1,4.409868337807564,Multi-Market,Buy-SSP,-140.95200000000003,36.28,67.12,103.4,SSP,EPEX
2026-06-30 04:00:00,-2.1,4.409868337807566,EPEX,-216.3,0.0,0.42000000000000004,SFFR,11.725,0.0,4.409868337807564,Multi-Market,Idle,0.0,36.8,92.8,129.6,ISEM,SSP
2026-06-30 04:30:00,-2.1,6.368617938956217,EPEX,-216.3,0.0,0.42000000000000004,SFFR,11.725,0.0,4.409868337807564,Multi-Market,Idle,0.0,35.46000000000001,93.15,128.61,ISEM,SSP
2026-06-30 05:00:00,0.0,6.368617938956217,EPEX,0.0,0.0,0.42000000000000004,SFFR,11.725,0.0,4.409868337807564,Multi-Market,Idle,0.0,30.829999999999984,98.15,128.98,ISEM,SSP
2026-06-30 05:30:00,0.0,6.368617938956217,EPEX,0.0,0.0,0.42000000000000004,SFFR,11.725,0.0,4.409868337807564,Multi-Market,Idle,0.0,34.0,96.0,130.0,ISEM,SSP
2026-06-30 06:00:00,0.0,6.368617938956217,EPEX,0.0,0.0,0.42000000000000004,SFFR,11.725,0.0,4.409868337807564,Multi-Market,Idle,0.0,29.539999999999992,98.43,127.97,ISEM,SSP
2026-06-30 06:30:00,0.0,6.368617938956217,EPEX,0.0,0.0,0.42000000000000004,SFFR,11.725,0.0,4.409868337807564,Multi-Market,Idle,0.0,32.58,92.22,124.8,SSP,EPEX
2026-06-30 07:00:00,1.798501435864858,4.4404220056417305,EPEX,226.79103106255857,0.0,0.42000000000000004,SFFR,11.725,0.0,4.409868337807564,Multi-Market,Idle,0.0,35.22,90.88,126.1,SSP,EPEX
2026-06-30 07:30:00,3.75,0.42000000000000004,EPEX,472.875,0.0,0.42000000000000004,SFFR,11.725,3.7215014358648575,0.42000000000000004,Multi-Market,Sell-SSP,651.2627512763501,57.06999999999999,117.93,175.0,ISEM,SSP
2026-06-30 08:00:00,-0.0,0.42000000000000004,EPEX,-0.0,0.0,0.42000000000000004,SFFR,11.725,0.0,0.42000000000000004,Multi-Market,Idle,0.0,11.0,109.0,120.0,EPEX,SSP
2026-06-30 08:30:00,-0.0,0.42000000000000004,EPEX,-0.0,0.0,0.42000000000000004,SFFR,11.725,0.0,0.42000000000000004,Multi-Market,Idle,0.0,19.89999999999999,105.4,125.3,DA_HH,SSP
2026-06-30 09:00:00,0.0,0.42000000000000004,EPEX,0.0,0.0,0.42000000000000004,SFFR,11.725,0.0,0.42000000000000004,Multi-Market,Idle,0.0,19.799999999999997,79.2,99.0,SSP,DA_HH
2026-06-30 09:30:00,0.0,0.42000000000000004,EPEX,0.0,0.0,0.42000000000000004,SFFR,11.725,0.0,0.42000000000000004,Multi-Market,Idle,0.0,20.650000000000006,79.3,99.95,SSP,ISEM
2026-06-30 10:00:00,0.0,0.42000000000000004,EPEX,0.0,0.0,0.42000000000000004,SFFR,11.725,0.0,0.42000000000000004,Multi-Market,Idle,0.0,13.100000000000009,79.3,92.4,SSP,ISEM
2026-06-30 10:30:00,0.0,0.42000000000000004,EPEX,0.0,0.0,0.42000000000000004,SFFR,11.725,0.0,0.42000000000000004,Multi-Market,Idle,0.0,11.739999999999995,79.36,91.1,SSP,EPEX
2026-06-30 11:00:00,-1.8051707633737293,2.1037511965540467,EPEX,-158.85502717688817,0.0,0.42000000000000004,SFFR,11.725,0.0,0.42000000000000004,Multi-Market,Idle,0.0,9.450000000000003,78.55,88.0,SSP,EPEX
2026-06-30 11:30:00,-2.1,4.062500797702698,EPEX,-184.8,0.0,0.42000000000000004,SFFR,11.725,-2.1,2.3787496011486517,Multi-Market,Buy-SSP,-156.66,13.400000000000006,74.6,88.0,SSP,EPEX
2026-06-30 12:00:00,0.0,4.062500797702698,EPEX,0.0,0.0,0.42000000000000004,SFFR,11.725,0.0,2.3787496011486517,Multi-Market,Idle,0.0,8.150000000000006,79.99,88.14,SSP,EPEX
2026-06-30 12:30:00,0.0,4.062500797702698,EPEX,0.0,0.0,0.42000000000000004,SFFR,11.725,-2.1,4.337499202297303,Multi-Market,Buy-SSP,-159.39000000000001,12.239999999999995,75.9,88.14,SSP,EPEX
2026-06-30 13:00:00,-2.1,6.021250398851349,EPEX,-182.70000000000002,0.0,0.42000000000000004,SFFR,11.725,0.0,4.337499202297303,Multi-Market,Idle,0.0,13.010000000000005,76.49,89.5,SSP,ISEM
2026-06-30 13:30:00,-2.1,7.9799999999999995,EPEX,-182.70000000000002,0.0,0.42000000000000004,SFFR,11.725,-1.8051707633737284,6.021250398851349,Multi-Market,Buy-SSP,-137.19297801640334,12.709999999999994,76.0,88.71,SSP,ISEM
2026-06-30 14:00:00,0.0,7.9799999999999995,EPEX,0.0,0.0,0.42000000000000004,SFFR,11.725,0.0,6.021250398851349,Multi-Market,Idle,0.0,17.989999999999995,76.0,93.99,SSP,ISEM
2026-06-30 14:30:00,0.0,7.9799999999999995,EPEX,0.0,0.0,0.42000000000000004,SFFR,11.725,-2.1,7.9799999999999995,Multi-Market,Buy-SSP,-157.353,19.059999999999988,74.93,93.99,SSP,ISEM
2026-06-30 15:00:00,0.0,7.9799999999999995,EPEX,0.0,0.0,0.42000000000000004,SFFR,11.725,0.0,7.9799999999999995,Multi-Market,Idle,0.0,32.67,78.1,110.77,SSP,ISEM
2026-06-30 15:30:00,0.0,7.9799999999999995,EPEX,0.0,0.0,0.42000000000000004,SFFR,11.725,0.0,7.9799999999999995,Multi-Market,Idle,0.0,32.14999999999999,79.4,111.55,SSP,ISEM
2026-06-30 16:00:00,-0.0,7.9799999999999995,EPEX,-0.0,-2.1,2.3787496011486513,EPEX,-232.95300000000003,0.0,7.9799999999999995,Multi-Market,Idle,0.0,44.099999999999994,79.4,123.5,SSP,ISEM
2026-06-30 16:30:00,-0.0,7.9799999999999995,EPEX,-0.0,-2.1,4.337499202297303,EPEX,-232.95300000000003,0.0,7.9799999999999995,Multi-Market,Idle,0.0,53.5,81.0,134.5,SSP,ISEM
2026-06-30 17:00:00,-0.0,7.9799999999999995,EPEX,-0.0,3.6540000000000004,0.42000000000000004,EPEX,526.5414000000001,0.0,7.9799999999999995,Multi-Market,Idle,0.0,55.69999999999999,89.0,144.7,SSP,DA_HH
2026-06-30 17:30:00,0.0,7.9799999999999995,EPEX,0.0,-0.0,0.42000000000000004,EPEX,-0.0,-0.0,7.9799999999999995,Multi-Market,Idle,-0.0,80.66,82.4,163.06,SSP,ISEM
2026-06-30 18:00:00,-0.0,7.9799999999999995,EPEX,-0.0,0.0,0.42000000000000004,SFFR,11.725,-0.0,7.9799999999999995,Multi-Market,Idle,-0.0,51.629999999999995,131.19,182.82,SSP,ISEM
2026-06-30 18:30:00,-0.0,7.9799999999999995,EPEX,-0.0,0.0,0.42000000000000004,SFFR,11.725,-0.0,7.9799999999999995,Multi-Market,Idle,-0.0,20.930000000000007,165.0,185.93,SSP,DA_HH
2026-06-30 19:00:00,-0.0,7.9799999999999995,EPEX,-0.0,0.0,0.42000000000000004,SFFR,11.725,-0.0,7.9799999999999995,Multi-Market,Idle,-0.0,45.66999999999999,165.0,210.67,SSP,EPEX
2026-06-30 19:30:00,0.0,7.9799999999999995,EPEX,0.0,0.0,0.42000000000000004,SFFR,11.725,0.0,7.9799999999999995,Multi-Market,Idle,0.0,45.66999999999999,165.0,210.67,SSP,EPEX
2026-06-30 20:00:00,3.75,3.959577994358269,EPEX,795.0,0.0,0.42000000000000004,SFFR,11.725,3.3014985641351435,4.4404220056417305,Multi-Market,Sell-EPEX,699.9176955966504,47.0,165.0,212.0,SSP,EPEX
2026-06-30 20:30:00,3.3014985641351435,0.42000000000000004,EPEX,699.9176955966504,0.0,0.42000000000000004,SFFR,11.725,3.75,0.42000000000000004,Multi-Market,Sell-EPEX,795.0,47.0,165.0,212.0,SSP,EPEX
2026-06-30 21:00:00,-0.0,0.42000000000000004,EPEX,-0.0,0.0,0.42000000000000004,SFFR,11.725,-2.1,2.3787496011486513,Multi-Market,Buy-SSP,-218.58900000000003,92.15,104.09,196.24,SSP,EPEX
2026-06-30 21:30:00,-0.0,0.42000000000000004,EPEX,-0.0,0.0,0.42000000000000004,SFFR,11.725,1.8270000000000002,0.42000000000000004,Multi-Market,Sell-EPEX,358.53048000000007,76.41000000000001,119.83,196.24,SSP,EPEX
2026-06-30 22:00:00,-0.0,0.42000000000000004,EPEX,-0.0,0.0,0.42000000000000004,SFFR,11.725,0.0,0.42000000000000004,Multi-Market,Idle,0.0,55.91000000000001,107.7,163.61,SSP,EPEX
2026-06-30 22:30:00,-0.0,0.42000000000000004,EPEX,-0.0,0.0,0.42000000000000004,SFFR,11.725,-0.0,0.42000000000000004,Multi-Market,Idle,-0.0,27.909999999999997,137.09,165.0,ISEM,SSP
2026-06-30 23:00:00,0.0,0.42000000000000004,EPEX,0.0,0.0,0.42000000000000004,SFFR,11.725,0.0,0.42000000000000004,Multi-Market,Idle,0.0,19.64,100.38,120.02,SSP,EPEX
2026-06-30 23:30:00,-0.0,0.42000000000000004,EPEX,-0.0,0.0,0.42000000000000004,SFFR,11.725,-0.0,0.42000000000000004,Multi-Market,Idle,-0.0,17.400000000000006,115.1,132.5,DA_HH,SSP
