Timestamp,Optimised_Net_MWh_Daily,Optimised_SoC_Daily,Strategy_Selected_Daily,Optimised_Revenue_Daily,Optimised_Net_MWh_EFA,Optimised_SoC_EFA,Strategy_Selected_EFA,Optimised_Revenue_EFA,Optimised_Net_MWh_Multi,Optimised_SoC_Multi,Strategy_Selected_Multi,Market_Used_Multi,Optimised_Revenue_Multi,Market_Spread,Best_Buy_Price,Best_Sell_Price,Best_Buy_Market,Best_Sell_Market
2026-04-02 00:00:00,0.0,4.2,SFFR,17.136875,0.0,4.2,EPEX,0.0,0.0,4.2,Multi-Market,Idle,0.0,16.80000000000001,100.1,116.9,EPEX,SSP
2026-04-02 00:30:00,0.0,4.2,SFFR,17.136875,3.525749282067572,0.42000000000000004,EPEX,352.92750313496396,0.0,4.2,Multi-Market,Idle,0.0,8.210000000000008,100.1,108.31,EPEX,SSP
2026-04-02 01:00:00,0.0,4.2,SFFR,17.136875,0.0,0.42000000000000004,EPEX,0.0,0.0,4.2,Multi-Market,Idle,0.0,7.760000000000005,98.24,106.0,EPEX,DA_HH
2026-04-02 01:30:00,0.0,4.2,SFFR,17.136875,-0.0,0.42000000000000004,EPEX,-0.0,0.0,4.2,Multi-Market,Idle,0.0,25.760000000000005,98.24,124.0,EPEX,SSP
2026-04-02 02:00:00,0.0,4.2,SFFR,17.136875,0.0,0.42000000000000004,SFFR,5.739999999999999,0.0,4.2,Multi-Market,Idle,0.0,19.03,95.97,115.0,EPEX,SSP
2026-04-02 02:30:00,0.0,4.2,SFFR,17.136875,0.0,0.42000000000000004,SFFR,5.739999999999999,0.0,4.2,Multi-Market,Idle,0.0,13.299999999999997,87.11,100.41,SSP,ISEM
2026-04-02 03:00:00,0.0,4.2,SFFR,17.136875,0.0,0.42000000000000004,SFFR,7.700000000000001,-2.0301732390027927,6.093619534361612,Multi-Market,Buy-SSP,-175.81300249764183,14.5,86.6,101.1,SSP,ISEM
2026-04-02 03:30:00,0.0,4.2,SFFR,17.136875,0.0,0.42000000000000004,SFFR,7.700000000000001,0.0,6.093619534361612,Multi-Market,Idle,0.0,13.38000000000001,86.6,99.98,SSP,ISEM
2026-04-02 04:00:00,0.0,4.2,SFFR,17.136875,0.0,0.42000000000000004,SFFR,7.700000000000001,0.0,6.093619534361612,Multi-Market,Idle,0.0,14.89,87.11,102.0,SSP,ISEM
2026-04-02 04:30:00,0.0,4.2,SFFR,17.136875,0.0,0.42000000000000004,SFFR,7.700000000000001,0.0,6.093619534361612,Multi-Market,Idle,0.0,14.010000000000005,87.14,101.15,SSP,ISEM
2026-04-02 05:00:00,0.0,4.2,SFFR,17.136875,0.0,0.42000000000000004,SFFR,7.700000000000001,0.0,6.093619534361612,Multi-Market,Idle,0.0,22.849999999999994,87.15,110.0,SSP,EPEX
2026-04-02 05:30:00,0.0,4.2,SFFR,17.136875,0.0,0.42000000000000004,SFFR,7.700000000000001,0.0,6.093619534361612,Multi-Market,Idle,0.0,22.849999999999994,87.15,110.0,SSP,EPEX
2026-04-02 06:00:00,0.0,4.2,SFFR,17.136875,0.0,0.42000000000000004,SFFR,7.700000000000001,0.0,6.093619534361612,Multi-Market,Idle,0.0,20.760000000000005,116.14,136.9,DA_HH,SSP
2026-04-02 06:30:00,0.0,4.2,SFFR,17.136875,0.0,0.42000000000000004,SFFR,7.700000000000001,3.75,2.0731975287198816,Multi-Market,Sell-SSP,529.125,16.099999999999994,125.0,141.1,ISEM,SSP
2026-04-02 07:00:00,0.0,4.2,SFFR,17.136875,0.0,0.42000000000000004,SFFR,21.42,0.0,2.0731975287198816,Multi-Market,Idle,0.0,38.08,97.51,135.59,SSP,EPEX
2026-04-02 07:30:00,0.0,4.2,SFFR,17.136875,0.0,0.42000000000000004,SFFR,21.42,1.5420000000000018,0.42000000000000004,Multi-Market,Sell-SSP,211.09980000000024,10.89,126.01,136.9,ISEM,SSP
2026-04-02 08:00:00,0.0,4.2,SFFR,17.136875,0.0,0.42000000000000004,SFFR,21.42,0.0,0.42000000000000004,Multi-Market,Idle,0.0,36.75,87.25,124.0,SSP,EPEX
2026-04-02 08:30:00,0.0,4.2,SFFR,17.136875,0.0,0.42000000000000004,SFFR,21.42,0.0,0.42000000000000004,Multi-Market,Idle,0.0,36.5,87.5,124.0,SSP,EPEX
2026-04-02 09:00:00,0.0,4.2,SFFR,17.136875,0.0,0.42000000000000004,SFFR,21.42,-0.0,0.42000000000000004,Multi-Market,Idle,-0.0,21.60000000000001,115.3,136.9,ISEM,SSP
2026-04-02 09:30:00,0.0,4.2,SFFR,17.136875,0.0,0.42000000000000004,SFFR,21.42,0.0,0.42000000000000004,Multi-Market,Idle,0.0,26.179999999999993,90.53,116.71,SSP,DA_HH
2026-04-02 10:00:00,0.0,4.2,SFFR,17.136875,0.0,0.42000000000000004,SFFR,21.42,0.0,0.42000000000000004,Multi-Market,Idle,0.0,29.489999999999995,87.51,117.0,SSP,DA_HH
2026-04-02 10:30:00,0.0,4.2,SFFR,17.136875,0.0,0.42000000000000004,SFFR,21.42,0.0,0.42000000000000004,Multi-Market,Idle,0.0,19.150000000000006,102.0,121.15,ISEM,SSP
2026-04-02 11:00:00,0.0,4.2,SFFR,17.136875,0.0,0.42000000000000004,SFFR,14.0,0.0,0.42000000000000004,Multi-Market,Idle,0.0,20.5,87.5,108.0,SSP,DA_HH
2026-04-02 11:30:00,0.0,4.2,SFFR,17.136875,0.0,0.42000000000000004,SFFR,14.0,0.0,0.42000000000000004,Multi-Market,Idle,0.0,14.599999999999994,87.4,102.0,SSP,DA_HH
2026-04-02 12:00:00,0.0,4.2,SFFR,17.136875,0.0,0.42000000000000004,SFFR,14.0,0.0,0.42000000000000004,Multi-Market,Idle,0.0,12.599999999999994,87.4,100.0,SSP,DA_HH
2026-04-02 12:30:00,0.0,4.2,SFFR,17.136875,0.0,0.42000000000000004,SFFR,14.0,0.0,0.42000000000000004,Multi-Market,Idle,0.0,9.14,87.42,96.56,SSP,ISEM
2026-04-02 13:00:00,0.0,4.2,SFFR,17.136875,0.0,0.42000000000000004,SFFR,14.0,0.0,0.42000000000000004,Multi-Market,Idle,0.0,7.599999999999994,87.4,95.0,SSP,ISEM
2026-04-02 13:30:00,0.0,4.2,SFFR,17.136875,0.0,0.42000000000000004,SFFR,14.0,0.0,0.42000000000000004,Multi-Market,Idle,0.0,5.650000000000006,87.35,93.0,SSP,EPEX
2026-04-02 14:00:00,0.0,4.2,SFFR,17.136875,0.0,0.42000000000000004,SFFR,14.0,0.0,0.42000000000000004,Multi-Market,Idle,0.0,4.530000000000001,85.23,89.76,ISEM,EPEX
2026-04-02 14:30:00,0.0,4.2,SFFR,17.136875,0.0,0.42000000000000004,SFFR,14.0,0.0,0.42000000000000004,Multi-Market,Idle,0.0,4.530000000000001,85.23,89.76,ISEM,EPEX
2026-04-02 15:00:00,0.0,4.2,SFFR,17.136875,0.0,0.42000000000000004,SFFR,28.525000000000002,0.0,0.42000000000000004,Multi-Market,Idle,0.0,9.420000000000002,85.58,95.0,EPEX,ISEM
2026-04-02 15:30:00,0.0,4.2,SFFR,17.136875,0.0,0.42000000000000004,SFFR,28.525000000000002,-2.1,2.3787496011486513,Multi-Market,Buy-SSP,-42.0,75.0,20.0,95.0,SSP,ISEM
2026-04-02 16:00:00,0.0,4.2,SFFR,17.136875,0.0,0.42000000000000004,SFFR,28.525000000000002,-2.1,4.337499202297303,Multi-Market,Buy-SSP,-21.0,86.41,10.0,96.41,SSP,EPEX
2026-04-02 16:30:00,0.0,4.2,SFFR,17.136875,0.0,0.42000000000000004,SFFR,28.525000000000002,-2.1,6.296248803445954,Multi-Market,Buy-SSP,-165.606,24.14,78.86,103.0,SSP,DA_HH
2026-04-02 17:00:00,0.0,4.2,SFFR,17.136875,0.0,0.42000000000000004,SFFR,28.525000000000002,0.0,6.296248803445954,Multi-Market,Idle,0.0,25.650000000000006,87.35,113.0,SSP,EPEX
2026-04-02 17:30:00,0.0,4.2,SFFR,17.136875,0.0,0.42000000000000004,SFFR,28.525000000000002,0.0,6.296248803445954,Multi-Market,Idle,0.0,29.010000000000005,87.5,116.51,SSP,DA_HH
2026-04-02 18:00:00,0.0,4.2,SFFR,17.136875,0.0,0.42000000000000004,SFFR,28.525000000000002,3.75,2.275826797804223,Multi-Market,Sell-EPEX,496.12500000000006,47.30000000000001,85.0,132.3,SSP,EPEX
2026-04-02 18:30:00,0.0,4.2,SFFR,17.136875,0.0,0.42000000000000004,SFFR,28.525000000000002,1.4579999999999997,0.42000000000000004,Multi-Market,Buy-SSP,323.9334,62.400000000000006,69.9,132.3,SSP,EPEX
2026-04-02 19:00:00,0.0,4.2,SFFR,17.136875,0.0,0.42000000000000004,SFFR,25.515,0.0,0.42000000000000004,Multi-Market,Idle,0.0,40.09000000000002,90.71,130.8,SSP,EPEX
2026-04-02 19:30:00,0.0,4.2,SFFR,17.136875,0.0,0.42000000000000004,SFFR,25.515,-0.0,0.42000000000000004,Multi-Market,Idle,-0.0,32.640000000000015,98.16,130.8,SSP,EPEX
2026-04-02 20:00:00,0.0,4.2,SFFR,17.136875,0.0,0.42000000000000004,SFFR,25.515,0.0,0.42000000000000004,Multi-Market,Idle,0.0,5.439999999999998,118.61,124.05,ISEM,EPEX
2026-04-02 20:30:00,0.0,4.2,SFFR,17.136875,0.0,0.42000000000000004,SFFR,25.515,-0.0,0.42000000000000004,Multi-Market,Idle,-0.0,12.75,111.3,124.05,ISEM,EPEX
2026-04-02 21:00:00,0.0,4.2,SFFR,17.136875,0.0,0.42000000000000004,SFFR,25.515,0.0,0.42000000000000004,Multi-Market,Idle,0.0,6.969999999999999,107.03,114.0,SSP,DA_HH
2026-04-02 21:30:00,0.0,4.2,SFFR,17.136875,0.0,0.42000000000000004,SFFR,25.515,0.0,0.42000000000000004,Multi-Market,Idle,0.0,26.950000000000003,93.28,120.23,ISEM,SSP
2026-04-02 22:00:00,0.0,4.2,SFFR,17.136875,0.0,0.42000000000000004,SFFR,25.515,-0.0,0.42000000000000004,Multi-Market,Idle,-0.0,26.0,98.0,124.0,DA_HH,SSP
2026-04-02 22:30:00,0.0,4.2,SFFR,17.136875,0.0,0.42000000000000004,SFFR,25.515,0.0,0.42000000000000004,Multi-Market,Idle,0.0,8.659999999999997,92.8,101.46,ISEM,SSP
2026-04-02 23:00:00,0.0,4.2,SFFR,17.136875,0.0,0.42000000000000004,SFFR,5.425,0.0,0.42000000000000004,Multi-Market,Idle,0.0,20.689999999999998,80.0,100.69,SSP,ISEM
2026-04-02 23:30:00,0.0,4.2,SFFR,17.136875,0.0,0.42000000000000004,SFFR,5.425,-0.0,0.42000000000000004,Multi-Market,Idle,-0.0,11.319999999999993,95.68,107.0,DA_HH,SSP
2026-04-03 00:00:00,0.0,4.2,EPEX,0.0,0.0,0.42000000000000004,SFFR,5.425,0.0,0.42000000000000004,Multi-Market,Idle,0.0,17.840000000000003,84.86,102.7,SSP,ISEM
2026-04-03 00:30:00,0.0,4.2,EPEX,0.0,0.0,0.42000000000000004,SFFR,5.425,0.0,0.42000000000000004,Multi-Market,Idle,0.0,26.010000000000005,76.5,102.51,SSP,ISEM
2026-04-03 01:00:00,0.0,4.2,EPEX,0.0,0.0,0.42000000000000004,SFFR,5.425,0.0,0.42000000000000004,Multi-Market,Idle,0.0,26.200000000000003,74.0,100.2,SSP,ISEM
2026-04-03 01:30:00,0.0,4.2,EPEX,0.0,0.0,0.42000000000000004,SFFR,5.425,0.0,0.42000000000000004,Multi-Market,Idle,0.0,26.299999999999997,78.7,105.0,EPEX,SSP
2026-04-03 02:00:00,0.0,4.2,EPEX,0.0,0.0,0.42000000000000004,SFFR,5.425,0.0,0.42000000000000004,Multi-Market,Idle,0.0,27.340000000000003,73.11,100.45,EPEX,ISEM
2026-04-03 02:30:00,0.0,4.2,EPEX,0.0,0.0,0.42000000000000004,SFFR,5.425,0.0,0.42000000000000004,Multi-Market,Idle,0.0,38.8,73.11,111.91,EPEX,SSP
2026-04-03 03:00:00,-2.1,6.158749601148651,EPEX,-145.635,0.0,0.42000000000000004,SFFR,4.55,0.0,0.42000000000000004,Multi-Market,Idle,0.0,39.370000000000005,69.35,108.72,EPEX,SSP
2026-04-03 03:30:00,-0.2250024756290643,6.368617938956217,EPEX,-15.603921684875608,0.0,0.42000000000000004,SFFR,4.55,0.0,0.42000000000000004,Multi-Market,Idle,0.0,38.53,69.35,107.88,EPEX,SSP
2026-04-03 04:00:00,0.0,6.368617938956217,EPEX,0.0,0.0,0.42000000000000004,SFFR,4.55,0.0,0.42000000000000004,Multi-Market,Idle,0.0,15.260000000000005,76.5,91.76,DA_HH,ISEM
2026-04-03 04:30:00,0.0,6.368617938956217,EPEX,0.0,0.0,0.42000000000000004,SFFR,4.55,0.0,0.42000000000000004,Multi-Market,Idle,0.0,18.819999999999993,70.0,88.82,SSP,ISEM
2026-04-03 05:00:00,0.0,6.368617938956217,EPEX,0.0,0.0,0.42000000000000004,SFFR,4.55,0.0,0.42000000000000004,Multi-Market,Idle,0.0,41.010000000000005,60.0,101.01,SSP,ISEM
2026-04-03 05:30:00,0.0,6.368617938956217,EPEX,0.0,0.0,0.42000000000000004,SFFR,4.55,0.0,0.42000000000000004,Multi-Market,Idle,0.0,29.200000000000003,80.8,110.0,EPEX,ISEM
2026-04-03 06:00:00,0.0,6.368617938956217,EPEX,0.0,0.0,0.42000000000000004,SFFR,4.55,0.0,0.4199999999999998,Multi-Market,Idle,0.0,22.900000000000006,94.0,116.9,EPEX,ISEM
2026-04-03 06:30:00,0.0,6.368617938956217,EPEX,0.0,0.0,0.42000000000000004,SFFR,4.55,-0.0,0.4199999999999998,Multi-Market,Idle,-0.0,28.879999999999995,94.0,122.88,EPEX,ISEM
2026-04-03 07:00:00,1.7985014358648581,4.4404220056417305,EPEX,179.634323414182,0.0,0.42000000000000004,SFFR,12.32,0.0,0.42000000000000004,Multi-Market,Idle,0.0,19.47,99.88,119.35,EPEX,SSP
2026-04-03 07:30:00,3.75,0.42000000000000004,EPEX,374.54999999999995,0.0,0.42000000000000004,SFFR,12.32,0.0,0.42000000000000004,Multi-Market,Idle,0.0,22.790000000000006,99.88,122.67,EPEX,ISEM
2026-04-03 08:00:00,-0.0,0.42000000000000004,EPEX,-0.0,0.0,0.42000000000000004,SFFR,12.32,0.0,0.42000000000000004,Multi-Market,Idle,0.0,57.04,59.76,116.8,SSP,ISEM
2026-04-03 08:30:00,-0.0,0.42000000000000004,EPEX,-0.0,0.0,0.42000000000000004,SFFR,12.32,0.0,0.42000000000000004,Multi-Market,Idle,0.0,34.89999999999999,86.7,121.6,EPEX,ISEM
2026-04-03 09:00:00,0.0,0.41999999999999993,EPEX,0.0,0.0,0.42000000000000004,SFFR,12.32,0.0,0.42000000000000004,Multi-Market,Idle,0.0,29.549999999999997,72.45,102.0,EPEX,ISEM
2026-04-03 09:30:00,-0.0,0.42000000000000004,EPEX,-0.0,0.0,0.42000000000000004,SFFR,12.32,0.0,0.42000000000000004,Multi-Market,Idle,0.0,40.06999999999999,72.45,112.52,EPEX,SSP
2026-04-03 10:00:00,-0.0,0.42000000000000004,EPEX,-0.0,0.0,0.42000000000000004,SFFR,12.32,-0.0,0.42000000000000004,Multi-Market,Idle,-0.0,69.88999999999999,49.1,118.99,EPEX,SSP
2026-04-03 10:30:00,-0.0,0.42000000000000004,EPEX,-0.0,0.0,0.42000000000000004,SFFR,12.32,0.0,0.42000000000000004,Multi-Market,Idle,0.0,69.88999999999999,49.1,118.99,EPEX,SSP
2026-04-03 11:00:00,0.0,0.42000000000000004,EPEX,0.0,0.0,0.42000000000000004,SFFR,6.37,-0.0,0.42000000000000004,Multi-Market,Idle,-0.0,90.21,28.78,118.99,EPEX,SSP
2026-04-03 11:30:00,0.0,0.42000000000000004,EPEX,0.0,0.0,0.42000000000000004,SFFR,6.37,-0.0,0.42000000000000004,Multi-Market,Idle,-0.0,90.19,28.78,118.97,EPEX,SSP
2026-04-03 12:00:00,0.0,0.42000000000000004,EPEX,0.0,0.0,0.42000000000000004,SFFR,6.37,0.0,0.42000000000000004,Multi-Market,Idle,0.0,21.88,19.12,41.0,EPEX,SSP
2026-04-03 12:30:00,0.0,0.42000000000000004,EPEX,0.0,0.0,0.42000000000000004,SFFR,6.37,0.0,0.42000000000000004,Multi-Market,Idle,0.0,59.489999999999995,19.12,78.61,EPEX,SSP
2026-04-03 13:00:00,-1.8051707633737284,2.103751196554046,EPEX,-30.705954684987123,0.0,0.42000000000000004,SFFR,6.37,0.0,0.42000000000000004,Multi-Market,Idle,0.0,11.989999999999998,17.01,29.0,EPEX,ISEM
2026-04-03 13:30:00,-2.1,4.062500797702697,EPEX,-35.721000000000004,0.0,0.42000000000000004,SFFR,6.37,0.0,0.42000000000000004,Multi-Market,Idle,0.0,14.8,11.48,26.28,SSP,ISEM
2026-04-03 14:00:00,-2.1,6.021250398851349,EPEX,-35.532000000000004,0.0,0.42000000000000004,SFFR,6.37,0.0,0.42000000000000004,Multi-Market,Idle,0.0,42.239999999999995,-13.25,28.99,SSP,ISEM
2026-04-03 14:30:00,-2.1,7.9799999999999995,EPEX,-35.532000000000004,0.0,0.42000000000000004,SFFR,6.37,0.0,0.42000000000000004,Multi-Market,Idle,0.0,55.5,-27.5,28.0,SSP,ISEM
2026-04-03 15:00:00,0.0,7.9799999999999995,EPEX,0.0,0.0,0.42000000000000004,SFFR,25.2,-2.1,2.3787496011486513,Multi-Market,Buy-SSP,170.268,116.02,-81.08,34.94,SSP,ISEM
2026-04-03 15:30:00,0.0,7.9799999999999995,EPEX,0.0,0.0,0.42000000000000004,SFFR,25.2,-2.1,4.337499202297303,Multi-Market,Buy-SSP,170.268,121.08,-81.08,40.0,SSP,ISEM
2026-04-03 16:00:00,-0.0,7.9799999999999995,EPEX,-0.0,0.0,0.42000000000000004,SFFR,25.2,-2.1,6.296248803445954,Multi-Market,Buy-SSP,107.73,108.71,-51.3,57.41,SSP,EPEX
2026-04-03 16:30:00,0.0,7.9799999999999995,EPEX,0.0,0.0,0.42000000000000004,SFFR,25.2,-1.843498564135144,7.9799999999999995,Multi-Market,Buy-SSP,101.44209763881022,108.0,-40.0,68.0,SSP,DA_HH
2026-04-03 17:00:00,-0.0,7.9799999999999995,EPEX,-0.0,0.0,0.42000000000000004,SFFR,25.2,0.0,7.9799999999999995,Multi-Market,Idle,0.0,80.47,5.32,85.79,SSP,EPEX
2026-04-03 17:30:00,-0.0,7.9799999999999995,EPEX,-0.0,0.0,0.42000000000000004,SFFR,25.2,0.0,7.9799999999999995,Multi-Market,Idle,0.0,63.1,34.26,97.36,SSP,DA_HH
2026-04-03 18:00:00,-0.0,7.9799999999999995,EPEX,-0.0,0.0,0.42000000000000004,SFFR,25.2,0.0,7.9799999999999995,Multi-Market,Idle,0.0,68.88999999999999,32.99,101.88,SSP,EPEX
2026-04-03 18:30:00,0.0,7.9799999999999995,EPEX,0.0,0.0,0.42000000000000004,SFFR,25.2,0.0,7.9799999999999995,Multi-Market,Idle,0.0,65.94999999999999,35.93,101.88,SSP,EPEX
2026-04-03 19:00:00,-0.0,7.9799999999999995,EPEX,-0.0,0.0,0.42000000000000004,SFFR,16.8,-0.27300000000000035,7.9799999999999995,Multi-Market,Buy-SSP,217.26452999999998,117.94,-6.55,111.39,SSP,EPEX
2026-04-03 19:30:00,0.0,7.9799999999999995,EPEX,0.0,0.0,0.42000000000000004,SFFR,16.8,1.3784985641351437,6.50209441013481,Multi-Market,Sell-EPEX,153.55095505901366,98.21000000000001,13.18,111.39,SSP,EPEX
2026-04-03 20:00:00,3.3014985641351435,4.4404220056417305,EPEX,389.54381558230557,0.0,0.42000000000000004,SFFR,16.8,3.75,2.4816724044930796,Multi-Market,Sell-EPEX,442.4625,100.08,17.91,117.99,SSP,EPEX
2026-04-03 20:30:00,3.75,0.42000000000000004,EPEX,442.4625,0.0,0.42000000000000004,SFFR,16.8,1.65,0.42000000000000004,Multi-Market,Buy-SSP,458.73749999999995,125.74,-7.75,117.99,SSP,EPEX
2026-04-03 21:00:00,0.0,0.42000000000000004,EPEX,0.0,0.0,0.42000000000000004,SFFR,16.8,0.0,0.41999999999999993,Multi-Market,Idle,0.0,100.32,9.68,110.0,SSP,EPEX
2026-04-03 21:30:00,-0.0,0.42000000000000004,EPEX,-0.0,0.0,0.42000000000000004,SFFR,16.8,-0.2447586206896557,0.42000000000000004,Multi-Market,Buy-SSP,165.9840000000002,102.46,7.54,110.0,SSP,EPEX
2026-04-03 22:00:00,0.0,0.42000000000000004,EPEX,0.0,0.0,0.42000000000000004,SFFR,16.8,0.0,0.42000000000000004,Multi-Market,Idle,0.0,38.14,54.36,92.5,SSP,EPEX
2026-04-03 22:30:00,-0.0,0.42000000000000004,EPEX,-0.0,0.0,0.42000000000000004,SFFR,16.8,0.0,0.42000000000000004,Multi-Market,Idle,0.0,85.1,7.4,92.5,SSP,EPEX
2026-04-03 23:00:00,0.0,0.42000000000000004,EPEX,0.0,0.0,0.42000000000000004,SFFR,5.425,0.0,0.42000000000000004,Multi-Market,Idle,0.0,30.03,7.01,37.04,SSP,EPEX
2026-04-03 23:30:00,-0.0,0.42000000000000004,EPEX,-0.0,0.0,0.42000000000000004,SFFR,5.425,0.0,0.42000000000000004,Multi-Market,Idle,0.0,24.04,13.0,37.04,ISEM,EPEX
2026-04-04 00:00:00,-2.1,2.3787496011486513,EPEX,-87.15,0.0,0.42000000000000004,SFFR,5.425,-1.8051707633737284,2.103751196554046,Multi-Market,Buy-SSP,15.86745101005507,50.29,-8.79,41.5,SSP,EPEX
2026-04-04 00:30:00,-2.1,4.337499202297303,EPEX,-87.15,0.0,0.42000000000000004,SFFR,5.425,0.0,2.103751196554046,Multi-Market,Idle,0.0,36.730000000000004,4.77,41.5,SSP,EPEX
2026-04-04 01:00:00,-0.07758785731592857,4.409868337807566,EPEX,-3.406106936169264,0.0,0.42000000000000004,SFFR,5.425,0.0,2.103751196554046,Multi-Market,Idle,0.0,39.93,3.97,43.9,SSP,EPEX
2026-04-04 01:30:00,-2.1,6.368617938956217,EPEX,-92.19,0.0,0.42000000000000004,SFFR,5.425,0.0,2.103751196554046,Multi-Market,Idle,0.0,34.7,9.2,43.9,SSP,EPEX
2026-04-04 02:00:00,0.0,6.368617938956217,EPEX,0.0,0.0,0.42000000000000004,SFFR,5.425,0.0,2.103751196554046,Multi-Market,Idle,0.0,28.169999999999998,19.81,47.98,ISEM,EPEX
2026-04-04 02:30:00,0.0,6.368617938956217,EPEX,0.0,0.0,0.42000000000000004,SFFR,5.425,-2.1,4.062500797702697,Multi-Market,Buy-SSP,32.067,63.25,-15.27,47.98,SSP,EPEX
2026-04-04 03:00:00,0.0,6.368617938956217,EPEX,0.0,0.0,0.42000000000000004,SFFR,4.8999999999999995,0.0,4.062500797702697,Multi-Market,Idle,0.0,38.1,13.9,52.0,ISEM,EPEX
2026-04-04 03:30:00,0.0,6.368617938956217,EPEX,0.0,0.0,0.42000000000000004,SFFR,4.8999999999999995,-2.1,6.021250398851349,Multi-Market,Buy-SSP,21.798000000000002,62.38,-10.38,52.0,SSP,EPEX
2026-04-04 04:00:00,0.0,6.368617938956217,EPEX,0.0,0.0,0.42000000000000004,SFFR,4.8999999999999995,-2.1,7.9799999999999995,Multi-Market,Buy-SSP,21.0,75.0,-10.0,65.0,SSP,EPEX
2026-04-04 04:30:00,0.0,6.368617938956217,EPEX,0.0,0.0,0.42000000000000004,SFFR,4.8999999999999995,0.0,7.9799999999999995,Multi-Market,Idle,0.0,14.909999999999997,50.09,65.0,SSP,EPEX
2026-04-04 05:00:00,0.0,6.368617938956217,EPEX,0.0,0.0,0.42000000000000004,SFFR,4.8999999999999995,0.0,7.9799999999999995,Multi-Market,Idle,0.0,43.83,68.17,112.0,ISEM,SSP
2026-04-04 05:30:00,0.0,6.368617938956217,EPEX,0.0,0.0,0.42000000000000004,SFFR,4.8999999999999995,0.0,7.9799999999999995,Multi-Market,Idle,0.0,53.25,76.65,129.9,ISEM,SSP
2026-04-04 06:00:00,0.0,6.368617938956217,EPEX,0.0,0.0,0.42000000000000004,SFFR,4.8999999999999995,0.0,7.9799999999999995,Multi-Market,Idle,0.0,35.43000000000001,93.57,129.0,ISEM,SSP
2026-04-04 06:30:00,0.0,6.368617938956217,EPEX,0.0,0.0,0.42000000000000004,SFFR,4.8999999999999995,0.0,7.9799999999999995,Multi-Market,Idle,0.0,31.220000000000013,98.58,129.8,EPEX,SSP
2026-04-04 07:00:00,0.0,6.368617938956217,EPEX,0.0,0.0,0.42000000000000004,SFFR,13.79,0.0,7.9799999999999995,Multi-Market,Idle,0.0,27.75,102.0,129.75,EPEX,SSP
2026-04-04 07:30:00,0.0,6.368617938956217,EPEX,0.0,0.0,0.42000000000000004,SFFR,13.79,0.0,7.9799999999999995,Multi-Market,Idle,0.0,27.69999999999999,102.0,129.7,EPEX,SSP
2026-04-04 08:00:00,0.0,6.368617938956217,EPEX,0.0,0.0,0.42000000000000004,SFFR,13.79,0.0,7.9799999999999995,Multi-Market,Idle,0.0,25.44999999999999,109.0,134.45,EPEX,SSP
2026-04-04 08:30:00,0.0,6.368617938956217,EPEX,0.0,0.0,0.42000000000000004,SFFR,13.79,0.0,7.9799999999999995,Multi-Market,Idle,0.0,25.5,109.0,134.5,EPEX,SSP
2026-04-04 09:00:00,3.75,2.3481959333144866,EPEX,411.75,0.0,0.42000000000000004,SFFR,13.79,0.0,7.9799999999999995,Multi-Market,Idle,0.0,24.700000000000003,109.8,134.5,EPEX,SSP
2026-04-04 09:30:00,1.798501435864858,0.42000000000000004,EPEX,197.47545765796139,0.0,0.42000000000000004,SFFR,13.79,0.0,7.9799999999999995,Multi-Market,Idle,0.0,32.66000000000001,109.8,142.46,EPEX,SSP
2026-04-04 10:00:00,0.0,0.42000000000000004,EPEX,0.0,0.0,0.42000000000000004,SFFR,13.79,0.0,7.9799999999999995,Multi-Market,Idle,0.0,44.540000000000006,100.46,145.0,EPEX,SSP
2026-04-04 10:30:00,-0.0,0.42000000000000004,EPEX,-0.0,0.0,0.42000000000000004,SFFR,13.79,0.0,7.9799999999999995,Multi-Market,Idle,0.0,44.540000000000006,100.46,145.0,EPEX,SSP
2026-04-04 11:00:00,-0.0,0.42000000000000004,EPEX,-0.0,0.0,0.42000000000000004,SFFR,6.37,0.0,7.9799999999999995,Multi-Market,Idle,0.0,65.0,80.0,145.0,ISEM,SSP
2026-04-04 11:30:00,-0.0,0.42000000000000004,EPEX,-0.0,0.0,0.42000000000000004,SFFR,6.37,3.75,3.959577994358269,Multi-Market,Sell-SSP,615.0,110.2,53.8,164.0,ISEM,SSP
2026-04-04 12:00:00,0.0,0.42000000000000004,EPEX,0.0,0.0,0.42000000000000004,SFFR,6.37,0.0,3.959577994358269,Multi-Market,Idle,0.0,121.48999999999998,10.4,131.89,ISEM,SSP
2026-04-04 12:30:00,0.0,0.42000000000000004,EPEX,0.0,0.0,0.42000000000000004,SFFR,6.37,0.0,3.959577994358269,Multi-Market,Idle,0.0,130.13,-2.13,128.0,ISEM,SSP
2026-04-04 13:00:00,0.0,0.42000000000000004,EPEX,0.0,0.0,0.42000000000000004,SFFR,6.37,0.0,3.959577994358269,Multi-Market,Idle,0.0,121.44,-1.84,119.6,ISEM,SSP
2026-04-04 13:30:00,0.0,0.42000000000000004,EPEX,0.0,0.0,0.42000000000000004,SFFR,6.37,-2.1,5.91832759550692,Multi-Market,Buy-ISEM,8.652000000000001,123.72,-4.12,119.6,ISEM,SSP
2026-04-04 14:00:00,-2.1,2.3787496011486513,EPEX,-1.26,0.0,0.42000000000000004,SFFR,6.37,-0.11034482758620734,6.021250398851349,Multi-Market,Buy-ISEM,0.41268965517241546,123.33999999999999,-3.74,119.6,ISEM,SSP
2026-04-04 14:30:00,-2.1,4.337499202297303,EPEX,-1.26,0.0,0.42000000000000004,SFFR,6.37,-2.1,7.9799999999999995,Multi-Market,Buy-ISEM,9.366,124.05999999999999,-4.46,119.6,ISEM,SSP
2026-04-04 15:00:00,-1.8051707633737284,6.021250398851349,EPEX,-6.4625113328779475,0.0,0.42000000000000004,SFFR,25.235,0.0,7.9799999999999995,Multi-Market,Idle,0.0,124.88,-3.0,121.88,ISEM,SSP
2026-04-04 15:30:00,-2.1,7.9799999999999995,EPEX,-7.518000000000001,0.0,0.42000000000000004,SFFR,25.235,0.0,7.9799999999999995,Multi-Market,Idle,0.0,6.2,-2.62,3.58,ISEM,EPEX
2026-04-04 16:00:00,0.0,7.9799999999999995,EPEX,0.0,-2.1,2.3787496011486513,EPEX,-16.8,1.65,5.91832759550692,Multi-Market,Buy-ISEM,584.0805,156.78,-2.33,154.45,ISEM,SSP
2026-04-04 16:30:00,0.0,7.9799999999999995,EPEX,0.0,-2.1,4.337499202297303,EPEX,-16.8,3.75,1.8979055898651893,Multi-Market,Sell-SSP,579.1875,156.26,-1.81,154.45,ISEM,SSP
2026-04-04 17:00:00,0.0,7.9799999999999995,EPEX,0.0,3.6540000000000004,0.42000000000000004,EPEX,171.73800000000003,-1.7724137931034505,3.551103118585071,Multi-Market,Buy-DA_HH,3.3675862068965556,145.4,-1.9,143.5,DA_HH,SSP
2026-04-04 17:30:00,0.0,7.9799999999999995,EPEX,0.0,-0.0,0.42000000000000004,EPEX,-0.0,0.0,3.551103118585071,Multi-Market,Idle,0.0,122.98,19.02,142.0,ISEM,SSP
2026-04-04 18:00:00,0.0,7.9799999999999995,EPEX,0.0,0.0,0.42000000000000004,SFFR,25.235,1.3500000000000014,2.1037511965540463,Multi-Market,Sell-SSP,205.20000000000022,120.98,31.02,152.0,ISEM,SSP
2026-04-04 18:30:00,0.0,7.9799999999999995,EPEX,0.0,0.0,0.42000000000000004,SFFR,25.235,0.0,2.1037511965540463,Multi-Market,Idle,0.0,98.24000000000001,45.26,143.5,ISEM,SSP
2026-04-04 19:00:00,3.3014985641351435,4.4404220056417305,EPEX,224.1387375191349,0.0,0.42000000000000004,SFFR,17.255,0.0,2.1037511965540463,Multi-Market,Idle,0.0,97.97999999999999,44.02,142.0,ISEM,SSP
2026-04-04 19:30:00,3.75,0.42000000000000004,EPEX,254.5875,0.0,0.42000000000000004,SFFR,17.255,0.0,2.1037511965540463,Multi-Market,Idle,0.0,96.21000000000001,45.79,142.0,ISEM,SSP
2026-04-04 20:00:00,-0.0,0.42000000000000004,EPEX,-0.0,0.0,0.42000000000000004,SFFR,17.255,0.0,2.1037511965540463,Multi-Market,Idle,0.0,91.94,36.0,127.94,ISEM,SSP
2026-04-04 20:30:00,-0.0,0.42000000000000004,EPEX,-0.0,0.0,0.42000000000000004,SFFR,17.255,0.0,2.1037511965540463,Multi-Market,Idle,0.0,82.6,37.4,120.0,DA_HH,SSP
2026-04-04 21:00:00,0.0,0.42000000000000004,EPEX,0.0,0.0,0.42000000000000004,SFFR,17.255,0.0,2.1037511965540463,Multi-Market,Idle,0.0,27.0,32.0,59.0,SSP,EPEX
2026-04-04 21:30:00,0.0,0.42000000000000004,EPEX,0.0,0.0,0.42000000000000004,SFFR,17.255,0.0,2.1037511965540463,Multi-Market,Idle,0.0,23.0,36.0,59.0,DA_HH,EPEX
2026-04-04 22:00:00,0.0,0.42000000000000004,EPEX,0.0,0.0,0.42000000000000004,SFFR,17.255,-2.1,4.062500797702698,Multi-Market,Buy-SSP,32.067,53.269999999999996,-15.27,38.0,SSP,DA_HH
2026-04-04 22:30:00,0.0,0.42000000000000004,EPEX,0.0,0.0,0.42000000000000004,SFFR,17.255,0.0,4.062500797702698,Multi-Market,Idle,0.0,8.899999999999999,21.1,30.0,SSP,EPEX
2026-04-04 23:00:00,0.0,0.42000000000000004,EPEX,0.0,0.0,0.42000000000000004,SFFR,5.425,-2.1,6.021250398851349,Multi-Market,Buy-DA_HH,10.5,6.7,-5.0,1.7,DA_HH,EPEX
2026-04-04 23:30:00,0.0,0.42000000000000004,EPEX,0.0,0.0,0.42000000000000004,SFFR,5.425,-2.1,7.9799999999999995,Multi-Market,Buy-DA_HH,14.700000000000001,52.0,-7.0,45.0,DA_HH,SSP
2026-04-05 00:00:00,0.0,0.42000000000000004,EPEX,-0.0,0.0,0.42000000000000004,SFFR,5.425,3.3014985641351435,4.4404220056417305,Multi-Market,Sell-SSP,280.6273779514872,87.0,-2.0,85.0,DA_HH,SSP
2026-04-05 00:30:00,0.0,0.42000000000000004,EPEX,-0.0,0.0,0.42000000000000004,SFFR,5.425,3.75,0.41999999999999993,Multi-Market,Sell-SSP,337.5,92.52,-2.52,90.0,DA_HH,SSP
2026-04-05 01:00:00,0.0,0.42000000000000004,EPEX,-0.0,0.0,0.42000000000000004,SFFR,5.425,0.0,0.41999999999999993,Multi-Market,Idle,0.0,86.00999999999999,-1.1,84.91,EPEX,SSP
2026-04-05 01:30:00,0.0,0.42000000000000004,EPEX,-0.0,0.0,0.42000000000000004,SFFR,5.425,0.0,0.41999999999999993,Multi-Market,Idle,0.0,81.1,-1.1,80.0,EPEX,SSP
2026-04-05 02:00:00,0.0,0.42000000000000004,EPEX,-0.0,0.0,0.42000000000000004,SFFR,5.425,0.0,0.41999999999999993,Multi-Market,Idle,0.0,69.74,-1.1,68.64,EPEX,SSP
2026-04-05 02:30:00,0.0,0.42000000000000004,EPEX,-0.0,0.0,0.42000000000000004,SFFR,5.425,0.0,0.41999999999999993,Multi-Market,Idle,0.0,38.410000000000004,-1.1,37.31,EPEX,SSP
2026-04-05 03:00:00,0.0,0.42000000000000004,EPEX,-0.0,0.0,0.42000000000000004,SFFR,3.8150000000000004,0.0,0.41999999999999993,Multi-Market,Idle,0.0,57.04,-2.0,55.04,DA_HH,SSP
2026-04-05 03:30:00,0.0,0.42000000000000004,EPEX,-0.0,0.0,0.42000000000000004,SFFR,3.8150000000000004,0.0,0.41999999999999993,Multi-Market,Idle,0.0,23.04,-2.02,21.02,DA_HH,SSP
2026-04-05 04:00:00,0.0,0.42000000000000004,EPEX,-0.0,-1.843498564135144,2.1037511965540463,EPEX,5.106491022654349,0.0,0.41999999999999993,Multi-Market,Idle,0.0,22.98,-2.77,20.21,EPEX,SSP
2026-04-05 04:30:00,0.0,0.42000000000000004,EPEX,-0.0,-2.1,4.062500797702698,EPEX,5.817,0.0,0.41999999999999993,Multi-Market,Idle,0.0,20.03,-2.77,17.26,EPEX,SSP
2026-04-05 05:00:00,-2.1,2.3787496011486513,EPEX,8.82,-2.1,6.021250398851349,EPEX,8.82,0.0,0.41999999999999993,Multi-Market,Idle,0.0,14.14,-4.2,9.94,EPEX,SSP
2026-04-05 05:30:00,-2.1,4.337499202297303,EPEX,8.82,-2.1,7.9799999999999995,EPEX,8.82,0.0,0.42000000000000004,Multi-Market,Idle,0.0,16.29,-14.62,1.67,SSP,ISEM
2026-04-05 06:00:00,0.0,4.337499202297303,EPEX,-0.0,0.0,7.9799999999999995,SFFR,3.8150000000000004,0.0,0.42000000000000004,Multi-Market,Idle,0.0,14.940000000000001,-3.23,11.71,EPEX,SSP
2026-04-05 06:30:00,0.0,4.337499202297303,EPEX,-0.0,0.0,7.9799999999999995,SFFR,3.8150000000000004,0.0,0.42000000000000004,Multi-Market,Idle,0.0,5.14,-3.23,1.91,EPEX,ISEM
2026-04-05 07:00:00,3.6540000000000004,0.42000000000000004,EPEX,-2.5578000000000003,0.0,7.9799999999999995,SFFR,13.965,0.0,0.42000000000000004,Multi-Market,Idle,0.0,6.0,-1.0,5.0,DA_HH,ISEM
2026-04-05 07:30:00,-0.0,0.42000000000000004,EPEX,0.0,0.0,7.9799999999999995,SFFR,13.965,0.0,0.42000000000000004,Multi-Market,Idle,0.0,11.81,-3.95,7.86,SSP,ISEM
2026-04-05 08:00:00,-0.0,0.42000000000000004,EPEX,0.0,0.0,7.9799999999999995,SFFR,13.965,0.0,0.42000000000000004,Multi-Market,Idle,0.0,13.04,-6.0,7.04,EPEX,SSP
2026-04-05 08:30:00,-0.0,0.42000000000000004,EPEX,0.0,0.0,7.9799999999999995,SFFR,13.965,0.0,0.42000000000000004,Multi-Market,Idle,0.0,24.86,-6.0,18.86,EPEX,SSP
2026-04-05 09:00:00,-0.0,0.42000000000000004,EPEX,0.0,0.0,7.9799999999999995,SFFR,13.965,0.0,0.42000000000000004,Multi-Market,Idle,0.0,10.55,-14.81,-4.26,EPEX,ISEM
2026-04-05 09:30:00,-0.0,0.42000000000000004,EPEX,0.0,0.0,7.9799999999999995,SFFR,13.965,0.0,0.42000000000000004,Multi-Market,Idle,0.0,11.19,-15.27,-4.08,SSP,DA_HH
2026-04-05 10:00:00,0.0,0.41999999999999993,EPEX,-0.0,0.0,7.9799999999999995,SFFR,13.965,0.0,0.42000000000000004,Multi-Market,Idle,0.0,13.11,-20.32,-7.21,EPEX,ISEM
2026-04-05 10:30:00,-0.0,0.42000000000000004,EPEX,0.0,0.0,7.9799999999999995,SFFR,13.965,0.0,0.42000000000000004,Multi-Market,Idle,0.0,22.03,-36.13,-14.1,SSP,ISEM
2026-04-05 11:00:00,-0.0,0.42000000000000004,EPEX,0.0,0.0,7.9799999999999995,SFFR,7.455,0.0,0.42000000000000004,Multi-Market,Idle,0.0,22.95,-40.0,-17.05,SSP,ISEM
2026-04-05 11:30:00,-0.0,0.42000000000000004,EPEX,0.0,0.0,7.9799999999999995,SFFR,7.455,0.0,0.42000000000000004,Multi-Market,Idle,0.0,29.22,-50.0,-20.78,SSP,EPEX
2026-04-05 12:00:00,-0.24475862068965548,0.42000000000000004,EPEX,6.70638620689656,1.65,5.91832759550692,EPEX,-45.209999999999994,0.0,0.42000000000000004,Multi-Market,Idle,0.0,25.85,-49.0,-23.15,SSP,ISEM
2026-04-05 12:30:00,-0.0,0.42000000000000004,EPEX,0.0,1.4579999999999989,4.062500797702698,EPEX,-39.94919999999997,0.0,0.42000000000000004,Multi-Market,Idle,0.0,26.770000000000003,-54.17,-27.4,SSP,EPEX
2026-04-05 13:00:00,-2.1,2.378749601148651,EPEX,81.9,-2.1,6.021250398851349,EPEX,81.9,0.0,0.42000000000000004,Multi-Market,Idle,0.0,36.1,-62.0,-25.9,SSP,DA_HH
2026-04-05 13:30:00,-2.1,4.337499202297303,EPEX,81.9,-2.1,7.9799999999999995,EPEX,81.9,-2.1,2.3787496011486513,Multi-Market,Buy-SSP,168.399,47.55,-80.19,-32.64,SSP,DA_HH
2026-04-05 14:00:00,-1.843498564135144,6.021250398851349,EPEX,63.416350606248955,0.0,7.9799999999999995,SFFR,7.455,-2.1,4.337499202297303,Multi-Market,Buy-SSP,169.05,46.1,-80.5,-34.4,SSP,EPEX
2026-04-05 14:30:00,-2.1,7.9799999999999995,EPEX,72.24,0.0,7.9799999999999995,SFFR,7.455,-2.1,6.296248803445954,Multi-Market,Buy-SSP,176.19000000000003,58.52000000000001,-83.9,-25.38,SSP,ISEM
2026-04-05 15:00:00,-0.0,7.9799999999999995,EPEX,0.0,0.0,7.9799999999999995,SFFR,21.0,-1.8051707633737284,7.9799999999999995,Multi-Market,Buy-SSP,144.41366106989827,56.9,-80.0,-23.1,SSP,EPEX
2026-04-05 15:30:00,-0.0,7.9799999999999995,EPEX,0.0,0.0,7.9799999999999995,SFFR,21.0,0.0,7.9799999999999995,Multi-Market,Idle,0.0,66.0,-76.0,-10.0,SSP,ISEM
2026-04-05 16:00:00,-0.0,7.9799999999999995,EPEX,0.0,0.0,7.9799999999999995,SFFR,21.0,0.0,7.9799999999999995,Multi-Market,Idle,0.0,40.79,-48.79,-8.0,SSP,ISEM
2026-04-05 16:30:00,0.0,7.9799999999999995,EPEX,-0.0,0.0,7.9799999999999995,SFFR,21.0,0.0,7.9799999999999995,Multi-Market,Idle,0.0,47.519999999999996,-40.0,7.52,SSP,ISEM
2026-04-05 17:00:00,0.0,7.9799999999999995,EPEX,0.0,0.0,7.9799999999999995,SFFR,21.0,0.0,7.9799999999999995,Multi-Market,Idle,0.0,53.9,-40.0,13.9,SSP,ISEM
2026-04-05 17:30:00,0.0,7.9799999999999995,EPEX,0.0,0.0,7.9799999999999995,SFFR,21.0,-0.0,7.9799999999999995,Multi-Market,Idle,0.0,92.53999999999999,-32.54,60.0,SSP,ISEM
2026-04-05 18:00:00,-0.0,7.9799999999999995,EPEX,-0.0,0.0,7.9799999999999995,EPEX,0.0,0.0,7.9799999999999995,Multi-Market,Idle,0.0,94.67,-40.0,54.67,SSP,ISEM
2026-04-05 18:30:00,0.0,7.9799999999999995,EPEX,0.0,0.0,7.9799999999999995,EPEX,0.0,-0.0,7.9799999999999995,Multi-Market,Idle,0.0,115.13000000000001,-26.48,88.65,SSP,ISEM
2026-04-05 19:00:00,-0.0,7.9799999999999995,EPEX,-0.0,3.75,3.959577994358269,EPEX,294.5625,0.0,7.9799999999999995,Multi-Market,Idle,0.0,28.930000000000007,67.07,96.0,SSP,ISEM
2026-04-05 19:30:00,0.0,7.9799999999999995,EPEX,0.0,3.3014985641351435,0.42000000000000004,EPEX,259.3327122128155,0.0,7.9799999999999995,Multi-Market,Idle,0.0,33.57000000000001,78.55,112.12,EPEX,SSP
2026-04-05 20:00:00,3.3014985641351435,4.4404220056417305,EPEX,297.1348707721629,0.0,0.42000000000000004,SFFR,16.345,0.0,7.9799999999999995,Multi-Market,Idle,0.0,29.189999999999998,90.0,119.19,EPEX,SSP
2026-04-05 20:30:00,3.75,0.42000000000000004,EPEX,337.5,0.0,0.42000000000000004,SFFR,16.345,3.75,3.959577994358269,Multi-Market,Sell-SSP,480.45000000000005,38.120000000000005,90.0,128.12,EPEX,SSP
2026-04-05 21:00:00,0.0,0.42000000000000004,EPEX,0.0,0.0,0.42000000000000004,SFFR,16.345,0.0,3.959577994358269,Multi-Market,Idle,0.0,22.74000000000001,86.3,109.04,EPEX,SSP
2026-04-05 21:30:00,-0.0,0.42000000000000004,EPEX,-0.0,0.0,0.42000000000000004,SFFR,16.345,0.0,3.959577994358269,Multi-Market,Idle,0.0,35.7,86.3,122.0,EPEX,SSP
2026-04-05 22:00:00,0.0,0.41999999999999993,EPEX,0.0,0.0,0.42000000000000004,SFFR,16.345,0.0,3.959577994358269,Multi-Market,Idle,0.0,45.14,74.46,119.6,EPEX,SSP
2026-04-05 22:30:00,0.0,0.42000000000000004,EPEX,0.0,0.0,0.42000000000000004,SFFR,16.345,0.0,3.959577994358269,Multi-Market,Idle,0.0,38.02000000000001,74.46,112.48,EPEX,SSP
2026-04-05 23:00:00,0.0,0.42000000000000004,EPEX,0.0,0.0,0.42000000000000004,SFFR,5.425,1.7985014358648572,2.031382061043783,Multi-Market,Sell-DA_HH,228.6434875414993,52.099999999999994,75.03,127.13,EPEX,DA_HH
2026-04-05 23:30:00,-0.0,0.42000000000000004,EPEX,-0.0,0.0,0.42000000000000004,SFFR,5.425,0.0,2.031382061043783,Multi-Market,Idle,0.0,35.099999999999994,75.03,110.13,EPEX,SSP
2026-04-06 00:00:00,-2.1,2.3787496011486513,EPEX,-164.99699999999999,0.0,0.42000000000000004,SFFR,5.425,0.0,2.031382061043783,Multi-Market,Idle,0.0,27.74000000000001,78.57,106.31,EPEX,SSP
2026-04-06 00:30:00,-2.1,4.337499202297303,EPEX,-164.99699999999999,0.0,0.42000000000000004,SFFR,5.425,0.0,2.031382061043783,Multi-Market,Idle,0.0,38.33000000000001,78.57,116.9,EPEX,SSP
2026-04-06 01:00:00,-0.07758785731592857,4.409868337807566,EPEX,-6.284616442590214,0.0,0.42000000000000004,SFFR,5.425,0.0,2.031382061043783,Multi-Market,Idle,0.0,46.900000000000006,81.0,127.9,EPEX,SSP
2026-04-06 01:30:00,-2.1,6.368617938956217,EPEX,-170.1,0.0,0.42000000000000004,SFFR,5.425,0.0,2.031382061043783,Multi-Market,Idle,0.0,46.900000000000006,81.0,127.9,EPEX,SSP
2026-04-06 02:00:00,0.0,6.368617938956217,EPEX,0.0,0.0,0.42000000000000004,SFFR,5.425,0.0,2.031382061043783,Multi-Market,Idle,0.0,40.900000000000006,87.0,127.9,EPEX,SSP
2026-04-06 02:30:00,0.0,6.368617938956217,EPEX,0.0,0.0,0.42000000000000004,SFFR,5.425,0.0,2.031382061043783,Multi-Market,Idle,0.0,29.900000000000006,87.0,116.9,EPEX,SSP
2026-04-06 03:00:00,0.0,6.368617938956217,EPEX,0.0,0.0,0.42000000000000004,SFFR,4.8999999999999995,0.0,2.031382061043783,Multi-Market,Idle,0.0,28.540000000000006,83.19,111.73,EPEX,SSP
2026-04-06 03:30:00,0.0,6.368617938956217,EPEX,0.0,0.0,0.42000000000000004,SFFR,4.8999999999999995,0.0,2.031382061043783,Multi-Market,Idle,0.0,23.840000000000003,83.19,107.03,EPEX,ISEM
2026-04-06 04:00:00,0.0,6.368617938956217,EPEX,0.0,0.0,0.42000000000000004,SFFR,4.8999999999999995,0.0,2.031382061043783,Multi-Market,Idle,0.0,29.900000000000006,87.0,116.9,EPEX,SSP
2026-04-06 04:30:00,0.0,6.368617938956217,EPEX,0.0,0.0,0.42000000000000004,SFFR,4.8999999999999995,0.0,2.031382061043783,Multi-Market,Idle,0.0,40.900000000000006,87.0,127.9,EPEX,SSP
2026-04-06 05:00:00,0.0,6.368617938956217,EPEX,0.0,0.0,0.42000000000000004,SFFR,4.8999999999999995,0.0,2.031382061043783,Multi-Market,Idle,0.0,21.33,86.79,108.12,SSP,DA_HH
2026-04-06 05:30:00,0.0,6.368617938956217,EPEX,0.0,0.0,0.42000000000000004,SFFR,4.8999999999999995,0.0,2.031382061043783,Multi-Market,Idle,0.0,23.41000000000001,93.49,116.9,EPEX,SSP
2026-04-06 06:00:00,0.0,6.368617938956217,EPEX,0.0,0.0,0.42000000000000004,SFFR,4.8999999999999995,0.0,2.031382061043783,Multi-Market,Idle,0.0,29.480000000000018,107.35,136.83,EPEX,SSP
2026-04-06 06:30:00,0.0,6.368617938956217,EPEX,0.0,0.0,0.42000000000000004,SFFR,4.8999999999999995,0.0,2.031382061043783,Multi-Market,Idle,0.0,20.650000000000006,107.35,128.0,EPEX,ISEM
2026-04-06 07:00:00,0.0,6.368617938956217,EPEX,0.0,0.0,0.42000000000000004,SFFR,14.735,1.5029971282702865,0.42000000000000004,Multi-Market,Sell-SSP,228.45556349708355,42.739999999999995,109.26,152.0,EPEX,SSP
2026-04-06 07:30:00,0.0,6.368617938956217,EPEX,0.0,0.0,0.42000000000000004,SFFR,14.735,0.0,0.42000000000000004,Multi-Market,Idle,0.0,16.14,109.26,125.4,EPEX,DA_HH
2026-04-06 08:00:00,3.75,2.3481959333144866,EPEX,416.25,0.0,0.42000000000000004,SFFR,14.735,0.0,0.42000000000000004,Multi-Market,Idle,0.0,19.939999999999998,111.0,130.94,EPEX,SSP
2026-04-06 08:30:00,1.798501435864858,0.42000000000000004,EPEX,199.63365938099923,0.0,0.42000000000000004,SFFR,14.735,0.0,0.42000000000000004,Multi-Market,Idle,0.0,15.0,111.0,126.0,EPEX,DA_HH
2026-04-06 09:00:00,-0.0,0.42000000000000004,EPEX,-0.0,0.0,0.42000000000000004,SFFR,14.735,0.0,0.42000000000000004,Multi-Market,Idle,0.0,20.44999999999999,108.78,129.23,EPEX,SSP
2026-04-06 09:30:00,-0.0,0.42000000000000004,EPEX,-0.0,0.0,0.42000000000000004,SFFR,14.735,0.0,0.42000000000000004,Multi-Market,Idle,0.0,12.219999999999999,108.78,121.0,EPEX,DA_HH
2026-04-06 10:00:00,0.0,0.42000000000000004,EPEX,0.0,0.0,0.42000000000000004,SFFR,14.735,0.0,0.42000000000000004,Multi-Market,Idle,0.0,37.78,87.22,125.0,EPEX,SSP
2026-04-06 10:30:00,-0.0,0.42000000000000004,EPEX,-0.0,0.0,0.42000000000000004,SFFR,14.735,0.0,0.42000000000000004,Multi-Market,Idle,0.0,42.870000000000005,51.83,94.7,SSP,ISEM
2026-04-06 11:00:00,0.0,0.42000000000000004,EPEX,0.0,0.0,0.42000000000000004,SFFR,6.37,0.0,0.42000000000000004,Multi-Market,Idle,0.0,58.790000000000006,29.38,88.17,SSP,DA_HH
2026-04-06 11:30:00,0.0,0.42000000000000004,EPEX,0.0,0.0,0.42000000000000004,SFFR,6.37,0.0,0.42000000000000004,Multi-Market,Idle,0.0,83.49,1.48,84.97,SSP,ISEM
2026-04-06 12:00:00,0.0,0.42000000000000004,EPEX,0.0,0.0,0.42000000000000004,SFFR,6.37,0.0,0.42000000000000004,Multi-Market,Idle,0.0,111.26,-30.0,81.26,SSP,ISEM
2026-04-06 12:30:00,0.0,0.42000000000000004,EPEX,0.0,0.0,0.42000000000000004,SFFR,6.37,-0.020172842902141302,0.42000000000000004,Multi-Market,Buy-SSP,18.808848370527286,130.96,-55.96,75.0,SSP,ISEM
2026-04-06 13:00:00,0.0,0.42000000000000004,EPEX,0.0,0.0,0.42000000000000004,SFFR,6.37,-0.2729999999999997,0.42000000000000004,Multi-Market,Buy-SSP,302.02578000000005,153.32999999999998,-80.19,73.14,SSP,ISEM
2026-04-06 13:30:00,0.0,0.42000000000000004,EPEX,0.0,0.0,0.42000000000000004,SFFR,6.37,-1.843498564135144,2.1037511965540467,Multi-Market,Buy-SSP,193.2653005855235,150.47,-83.9,66.57,SSP,ISEM
2026-04-06 14:00:00,-2.1,2.3787496011486513,EPEX,-110.775,0.0,0.42000000000000004,SFFR,6.37,-2.1,4.062500797702698,Multi-Market,Buy-SSP,189.0,154.86,-90.0,64.86,SSP,DA_HH
2026-04-06 14:30:00,-2.1,4.337499202297303,EPEX,-110.775,0.0,0.42000000000000004,SFFR,6.37,-2.1,6.021250398851349,Multi-Market,Buy-SSP,205.632,162.01999999999998,-97.92,64.1,SSP,DA_HH
2026-04-06 15:00:00,-1.8051707633737284,6.021250398851349,EPEX,-95.87261924277871,0.0,0.42000000000000004,SFFR,20.474999999999998,-2.1,7.9799999999999995,Multi-Market,Buy-SSP,155.274,139.04,-73.94,65.1,SSP,DA_HH
2026-04-06 15:30:00,-2.1,7.9799999999999995,EPEX,-111.531,0.0,0.42000000000000004,SFFR,20.474999999999998,-0.27300000000000035,7.9799999999999995,Multi-Market,Buy-SSP,266.868,136.18,-66.18,70.0,SSP,DA_HH
2026-04-06 16:00:00,0.0,7.9799999999999995,EPEX,0.0,0.0,0.42000000000000004,SFFR,20.474999999999998,0.0,7.9799999999999995,Multi-Market,Idle,0.0,108.16,-38.16,70.0,SSP,ISEM
2026-04-06 16:30:00,0.0,7.9799999999999995,EPEX,0.0,0.0,0.42000000000000004,SFFR,20.474999999999998,0.0,7.9799999999999995,Multi-Market,Idle,0.0,107.88,-22.08,85.8,SSP,DA_HH
2026-04-06 17:00:00,-0.0,7.9799999999999995,EPEX,-0.0,0.0,0.42000000000000004,SFFR,20.474999999999998,0.0,7.9799999999999995,Multi-Market,Idle,0.0,97.7,0.0,97.7,SSP,EPEX
2026-04-06 17:30:00,0.0,7.9799999999999995,EPEX,0.0,0.0,0.42000000000000004,SFFR,20.474999999999998,0.0,7.9799999999999995,Multi-Market,Idle,0.0,88.02,31.98,120.0,SSP,DA_HH
2026-04-06 18:00:00,-0.0,7.9799999999999995,EPEX,-0.0,0.0,0.42000000000000004,SFFR,20.474999999999998,-0.0,7.9799999999999995,Multi-Market,Idle,-0.0,42.010000000000005,79.0,121.01,SSP,DA_HH
2026-04-06 18:30:00,-0.0,7.9799999999999995,EPEX,-0.0,0.0,0.42000000000000004,SFFR,20.474999999999998,-0.0,7.9799999999999995,Multi-Market,Idle,-0.0,23.5,120.0,143.5,EPEX,SSP
2026-04-06 19:00:00,3.3014985641351435,4.4404220056417305,EPEX,416.41801389436563,0.0,0.42000000000000004,SFFR,17.150000000000002,0.0,7.9799999999999995,Multi-Market,Idle,0.0,17.960000000000008,124.0,141.96,ISEM,SSP
2026-04-06 19:30:00,3.75,0.42000000000000004,EPEX,472.98749999999995,0.0,0.42000000000000004,SFFR,17.150000000000002,3.75,3.959577994358269,Multi-Market,Sell-SSP,550.875,22.74000000000001,124.16,146.9,ISEM,SSP
2026-04-06 20:00:00,0.0,0.42000000000000004,EPEX,0.0,0.0,0.42000000000000004,SFFR,17.150000000000002,3.3014985641351435,0.42000000000000004,Multi-Market,Sell-SSP,484.99013907145263,26.900000000000006,120.0,146.9,EPEX,SSP
2026-04-06 20:30:00,-0.0,0.42000000000000004,EPEX,-0.0,0.0,0.42000000000000004,SFFR,17.150000000000002,-0.0,0.42000000000000004,Multi-Market,Idle,-0.0,23.5,120.0,143.5,EPEX,SSP
2026-04-06 21:00:00,-0.0,0.42000000000000004,EPEX,-0.0,0.0,0.42000000000000004,SFFR,17.150000000000002,0.0,0.42000000000000004,Multi-Market,Idle,0.0,35.540000000000006,89.41,124.95,SSP,ISEM
2026-04-06 21:30:00,-0.0,0.42000000000000004,EPEX,-0.0,0.0,0.42000000000000004,SFFR,17.150000000000002,0.0,0.42000000000000004,Multi-Market,Idle,0.0,23.450000000000003,104.0,127.45,DA_HH,SSP
2026-04-06 22:00:00,-0.0,0.42000000000000004,EPEX,-0.0,0.0,0.42000000000000004,SFFR,17.150000000000002,0.0,0.42000000000000004,Multi-Market,Idle,0.0,34.290000000000006,71.27,105.56,SSP,DA_HH
2026-04-06 22:30:00,-0.0,0.42000000000000004,EPEX,-0.0,0.0,0.42000000000000004,SFFR,17.150000000000002,0.0,0.42000000000000004,Multi-Market,Idle,0.0,35.24000000000001,88.02,123.26,DA_HH,SSP
2026-04-06 23:00:00,0.0,0.42000000000000004,EPEX,0.0,0.0,0.42000000000000004,SFFR,5.88,0.0,0.42000000000000004,Multi-Market,Idle,0.0,37.43,62.21,99.64,SSP,DA_HH
2026-04-06 23:30:00,-0.0,0.42000000000000004,EPEX,-0.0,0.0,0.42000000000000004,SFFR,5.88,0.0,0.42000000000000004,Multi-Market,Idle,0.0,15.539999999999992,82.06,97.6,SSP,EPEX
2026-04-07 00:00:00,0.0,0.42000000000000004,EPEX,0.0,0.0,0.42000000000000004,SFFR,5.88,0.0,0.42000000000000004,Multi-Market,Idle,0.0,34.0,62.0,96.0,SSP,EPEX
2026-04-07 00:30:00,0.0,0.42000000000000004,EPEX,0.0,0.0,0.42000000000000004,SFFR,5.88,-2.1,2.3787496011486513,Multi-Market,Buy-SSP,-29.757,81.83,14.17,96.0,SSP,EPEX
2026-04-07 01:00:00,-0.07758785731592915,0.4923691355102642,EPEX,-7.37084644501327,0.0,0.42000000000000004,SFFR,5.88,-0.07758785731592874,2.451118736658915,Multi-Market,Buy-SSP,-1.5517571463185749,75.0,20.0,95.0,SSP,EPEX
2026-04-07 01:30:00,-2.1,2.4511187366589153,EPEX,-199.5,0.0,0.42000000000000004,SFFR,5.88,-2.1,4.409868337807566,Multi-Market,Buy-SSP,-42.0,75.0,20.0,95.0,SSP,EPEX
2026-04-07 02:00:00,0.0,2.4511187366589153,EPEX,0.0,0.0,0.42000000000000004,SFFR,5.88,0.0,4.409868337807566,Multi-Market,Idle,0.0,51.400000000000006,44.0,95.4,SSP,EPEX
2026-04-07 02:30:00,0.0,2.4511187366589153,EPEX,0.0,0.0,0.42000000000000004,SFFR,5.88,0.0,4.409868337807566,Multi-Market,Idle,0.0,34.10000000000001,61.3,95.4,SSP,EPEX
2026-04-07 03:00:00,-2.1,4.409868337807566,EPEX,-195.3,0.0,0.42000000000000004,SFFR,7.455,0.0,4.409868337807566,Multi-Market,Idle,0.0,26.950000000000003,66.05,93.0,SSP,EPEX
2026-04-07 03:30:00,-2.1,6.368617938956217,EPEX,-195.3,0.0,0.42000000000000004,SFFR,7.455,0.0,4.409868337807566,Multi-Market,Idle,0.0,29.28,63.72,93.0,SSP,EPEX
2026-04-07 04:00:00,0.0,6.368617938956217,EPEX,0.0,0.0,0.42000000000000004,SFFR,7.455,0.0,4.409868337807566,Multi-Market,Idle,0.0,29.92,66.48,96.4,SSP,ISEM
2026-04-07 04:30:00,0.0,6.368617938956217,EPEX,0.0,0.0,0.42000000000000004,SFFR,7.455,-2.1,6.368617938956217,Multi-Market,Buy-SSP,-42.0,78.05,20.0,98.05,SSP,ISEM
2026-04-07 05:00:00,0.0,6.368617938956217,EPEX,0.0,0.0,0.42000000000000004,SFFR,7.455,0.0,6.368617938956217,Multi-Market,Idle,0.0,68.24,40.0,108.24,SSP,EPEX
2026-04-07 05:30:00,0.0,6.368617938956217,EPEX,0.0,0.0,0.42000000000000004,SFFR,7.455,0.0,6.368617938956217,Multi-Market,Idle,0.0,62.51,45.73,108.24,SSP,EPEX
2026-04-07 06:00:00,0.0,6.368617938956217,EPEX,0.0,0.0,0.42000000000000004,SFFR,7.455,0.0,6.368617938956217,Multi-Market,Idle,0.0,9.010000000000005,123.49,132.5,SSP,EPEX
2026-04-07 06:30:00,0.0,6.368617938956217,EPEX,0.0,0.0,0.42000000000000004,SFFR,7.455,3.75,2.3481959333144866,Multi-Market,Sell-DA_HH,506.25,60.05,74.95,135.0,SSP,DA_HH
2026-04-07 07:00:00,1.798501435864858,4.4404220056417305,EPEX,241.95239816689934,0.0,0.42000000000000004,SFFR,24.885,0.0,2.3481959333144866,Multi-Market,Idle,0.0,14.930000000000007,119.6,134.53,SSP,EPEX
2026-04-07 07:30:00,3.75,0.42000000000000004,EPEX,504.4875,0.0,0.42000000000000004,SFFR,24.885,1.798501435864858,0.42000000000000004,Multi-Market,Sell-EPEX,241.95239816689934,9.540000000000006,124.99,134.53,ISEM,EPEX
2026-04-07 08:00:00,-0.0,0.42000000000000004,EPEX,-0.0,0.0,0.42000000000000004,SFFR,24.885,-0.0,0.42000000000000004,Multi-Market,Idle,-0.0,11.280000000000015,117.3,128.58,EPEX,DA_HH
2026-04-07 08:30:00,-0.0,0.42000000000000004,EPEX,-0.0,0.0,0.42000000000000004,SFFR,24.885,-0.0,0.42000000000000004,Multi-Market,Idle,-0.0,10.600000000000009,117.3,127.9,EPEX,SSP
2026-04-07 09:00:00,-0.0,0.42000000000000004,EPEX,-0.0,0.0,0.42000000000000004,SFFR,24.885,0.0,0.42000000000000004,Multi-Market,Idle,0.0,98.33000000000001,7.07,105.4,SSP,DA_HH
2026-04-07 09:30:00,-0.0,0.42000000000000004,EPEX,-0.0,0.0,0.42000000000000004,SFFR,24.885,0.0,0.42000000000000004,Multi-Market,Idle,0.0,106.62,-14.62,92.0,SSP,EPEX
2026-04-07 10:00:00,0.0,0.42000000000000004,EPEX,0.0,0.0,0.42000000000000004,SFFR,24.885,-0.0,0.42000000000000004,Multi-Market,Idle,0.0,102.0,-20.0,82.0,SSP,DA_HH
2026-04-07 10:30:00,-0.0,0.42000000000000004,EPEX,-0.0,0.0,0.42000000000000004,SFFR,24.885,0.0,0.42000000000000004,Multi-Market,Idle,0.0,88.95,-24.95,64.0,SSP,DA_HH
2026-04-07 11:00:00,0.0,0.42000000000000004,EPEX,0.0,0.0,0.42000000000000004,SFFR,9.66,0.0,0.42000000000000004,Multi-Market,Idle,0.0,68.51,-28.76,39.75,SSP,ISEM
2026-04-07 11:30:00,0.0,0.42000000000000004,EPEX,0.0,0.0,0.42000000000000004,SFFR,9.66,0.0,0.42000000000000004,Multi-Market,Idle,0.0,44.760000000000005,-28.76,16.0,SSP,ISEM
2026-04-07 12:00:00,0.0,0.42000000000000004,EPEX,-0.0,0.0,0.42000000000000004,SFFR,9.66,0.0,0.42000000000000004,Multi-Market,Idle,0.0,55.55,-30.84,24.71,SSP,ISEM
2026-04-07 12:30:00,0.0,0.42000000000000004,EPEX,-0.0,0.0,0.42000000000000004,SFFR,9.66,-2.1,2.3787496011486513,Multi-Market,Buy-SSP,104.97900000000001,54.160000000000004,-49.99,4.17,SSP,ISEM
2026-04-07 13:00:00,-2.1,2.3787496011486513,EPEX,16.485,0.0,0.42000000000000004,SFFR,9.66,-2.1,4.337499202297303,Multi-Market,Buy-SSP,105.0,50.0,-50.0,0.0,SSP,ISEM
2026-04-07 13:30:00,-2.1,4.337499202297303,EPEX,16.485,0.0,0.42000000000000004,SFFR,9.66,0.0,4.337499202297303,Multi-Market,Idle,0.0,39.0,-40.0,-1.0,SSP,ISEM
2026-04-07 14:00:00,-2.1,6.296248803445954,EPEX,8.799000000000001,0.0,0.42000000000000004,SFFR,9.66,-1.8051707633737284,6.021250398851349,Multi-Market,Buy-SSP,90.24048646105268,49.99,-49.99,0.0,SSP,DA_HH
2026-04-07 14:30:00,-1.8051707633737284,7.9799999999999995,EPEX,7.563665498535923,0.0,0.42000000000000004,SFFR,9.66,-2.1,7.9799999999999995,Multi-Market,Buy-SSP,110.04,52.41,-52.4,0.01,SSP,DA_HH
2026-04-07 15:00:00,0.0,7.9799999999999995,EPEX,0.0,0.0,0.42000000000000004,SFFR,29.854999999999997,0.0,7.9799999999999995,Multi-Market,Idle,0.0,36.59,-34.59,2.0,SSP,EPEX
2026-04-07 15:30:00,0.0,7.9799999999999995,EPEX,0.0,0.0,0.42000000000000004,SFFR,29.854999999999997,0.0,7.9799999999999995,Multi-Market,Idle,0.0,46.81,-31.81,15.0,SSP,ISEM
2026-04-07 16:00:00,-0.0,7.9799999999999995,EPEX,-0.0,-2.1,2.3787496011486513,EPEX,-119.7,0.0,7.9799999999999995,Multi-Market,Idle,0.0,71.95,-14.95,57.0,SSP,EPEX
2026-04-07 16:30:00,-0.0,7.9799999999999995,EPEX,-0.0,-2.1,4.337499202297303,EPEX,-119.7,0.0,7.9799999999999995,Multi-Market,Idle,0.0,87.72,-14.62,73.1,SSP,DA_HH
2026-04-07 17:00:00,-0.0,7.9799999999999995,EPEX,-0.0,3.6540000000000004,0.42000000000000004,EPEX,389.07792000000006,-0.0,7.9799999999999995,Multi-Market,Idle,-0.0,29.049999999999997,77.43,106.48,SSP,EPEX
2026-04-07 17:30:00,0.0,7.9799999999999995,EPEX,0.0,-0.0,0.42000000000000004,EPEX,-0.0,0.0,7.9799999999999995,Multi-Market,Idle,0.0,27.0,93.0,120.0,SSP,DA_HH
2026-04-07 18:00:00,3.3014985641351435,4.4404220056417305,EPEX,455.6068018506498,0.0,0.42000000000000004,SFFR,29.854999999999997,3.3014985641351435,4.4404220056417305,Multi-Market,Sell-EPEX,455.6068018506498,42.510000000000005,95.49,138.0,SSP,EPEX
2026-04-07 18:30:00,3.75,0.42000000000000004,EPEX,517.5,0.0,0.42000000000000004,SFFR,29.854999999999997,0.0,4.4404220056417305,Multi-Market,Idle,0.0,15.0,123.0,138.0,SSP,EPEX
2026-04-07 19:00:00,0.0,0.42000000000000004,EPEX,0.0,0.0,0.42000000000000004,SFFR,20.93,0.0,4.4404220056417305,Multi-Market,Idle,0.0,7.969999999999999,129.0,136.97,DA_HH,EPEX
2026-04-07 19:30:00,-0.0,0.42000000000000004,EPEX,-0.0,0.0,0.42000000000000004,SFFR,20.93,3.75,0.42000000000000004,Multi-Market,Sell-SSP,541.6875,11.449999999999989,133.0,144.45,DA_HH,SSP
2026-04-07 20:00:00,-0.0,0.42000000000000004,EPEX,-0.0,0.0,0.42000000000000004,SFFR,20.93,0.0,0.42000000000000004,Multi-Market,Idle,0.0,8.64,118.36,127.0,SSP,EPEX
2026-04-07 20:30:00,-0.0,0.42000000000000004,EPEX,-0.0,0.0,0.42000000000000004,SFFR,20.93,-0.0,0.42000000000000004,Multi-Market,Idle,-0.0,65.83,61.17,127.0,SSP,EPEX
2026-04-07 21:00:00,-0.0,0.42000000000000004,EPEX,-0.0,0.0,0.42000000000000004,SFFR,20.93,-0.0,0.42000000000000004,Multi-Market,Idle,-0.0,58.36999999999999,61.84,120.21,SSP,DA_HH
2026-04-07 21:30:00,-0.0,0.42000000000000004,EPEX,-0.0,0.0,0.42000000000000004,SFFR,20.93,0.0,0.42000000000000004,Multi-Market,Idle,0.0,60.9,58.57,119.47,SSP,EPEX
2026-04-07 22:00:00,-0.0,0.42000000000000004,EPEX,-0.0,0.0,0.42000000000000004,SFFR,20.93,0.0,0.42000000000000004,Multi-Market,Idle,0.0,9.670000000000002,101.33,111.0,EPEX,DA_HH
2026-04-07 22:30:00,-0.0,0.42000000000000004,EPEX,-0.0,0.0,0.42000000000000004,SFFR,20.93,0.0,0.42000000000000004,Multi-Market,Idle,0.0,15.319999999999993,95.5,110.82,DA_HH,SSP
2026-04-07 23:00:00,0.0,0.42000000000000004,EPEX,0.0,0.0,0.42000000000000004,SFFR,5.88,0.0,0.42000000000000004,Multi-Market,Idle,0.0,28.86,91.14,120.0,ISEM,SSP
2026-04-07 23:30:00,-0.0,0.42000000000000004,EPEX,-0.0,0.0,0.42000000000000004,SFFR,5.88,-0.0,0.42000000000000004,Multi-Market,Idle,-0.0,35.5,84.5,120.0,ISEM,SSP
2026-04-08 00:00:00,0.0,0.42000000000000004,SFFR,12.373958333333334,0.0,0.42000000000000004,SFFR,5.88,0.0,0.42000000000000004,Multi-Market,Idle,0.0,27.86999999999999,83.98,111.85,ISEM,SSP
2026-04-08 00:30:00,0.0,0.42000000000000004,SFFR,12.373958333333334,0.0,0.42000000000000004,SFFR,5.88,-2.1,2.3787496011486513,Multi-Market,Buy-SSP,-147.0,26.900000000000006,70.0,96.9,SSP,EPEX
2026-04-08 01:00:00,0.0,0.42000000000000004,SFFR,12.373958333333334,0.0,0.42000000000000004,SFFR,5.88,0.0,2.3787496011486513,Multi-Market,Idle,0.0,14.739999999999995,80.26,95.0,SSP,EPEX
2026-04-08 01:30:00,0.0,0.42000000000000004,SFFR,12.373958333333334,0.0,0.42000000000000004,SFFR,5.88,0.0,2.3787496011486513,Multi-Market,Idle,0.0,21.870000000000005,73.13,95.0,SSP,EPEX
2026-04-08 02:00:00,0.0,0.42000000000000004,SFFR,12.373958333333334,0.0,0.42000000000000004,SFFR,5.88,0.0,2.3787496011486513,Multi-Market,Idle,0.0,21.909999999999997,75.39,97.3,SSP,EPEX
2026-04-08 02:30:00,0.0,0.42000000000000004,SFFR,12.373958333333334,0.0,0.42000000000000004,SFFR,5.88,0.0,2.3787496011486513,Multi-Market,Idle,0.0,17.299999999999997,80.0,97.3,ISEM,EPEX
2026-04-08 03:00:00,0.0,0.42000000000000004,SFFR,12.373958333333334,0.0,0.42000000000000004,SFFR,5.7749999999999995,-2.1,4.337499202297303,Multi-Market,Buy-SSP,-149.52,29.299999999999997,71.2,100.5,SSP,EPEX
2026-04-08 03:30:00,0.0,0.42000000000000004,SFFR,12.373958333333334,0.0,0.42000000000000004,SFFR,5.7749999999999995,-2.1,6.296248803445954,Multi-Market,Buy-SSP,-10.5,95.5,5.0,100.5,SSP,EPEX
2026-04-08 04:00:00,0.0,0.42000000000000004,SFFR,12.373958333333334,0.0,0.42000000000000004,SFFR,5.7749999999999995,0.0,6.296248803445954,Multi-Market,Idle,0.0,33.8,86.2,120.0,DA_HH,SSP
2026-04-08 04:30:00,0.0,0.42000000000000004,SFFR,12.373958333333334,0.0,0.42000000000000004,SFFR,5.7749999999999995,-1.77241379310345,7.949446332165834,Multi-Market,Buy-SSP,-129.6166206896553,34.78,73.13,107.91,SSP,EPEX
2026-04-08 05:00:00,0.0,0.42000000000000004,SFFR,12.373958333333334,0.0,0.42000000000000004,SFFR,5.7749999999999995,0.0,7.949446332165834,Multi-Market,Idle,0.0,27.120000000000005,107.88,135.0,ISEM,SSP
2026-04-08 05:30:00,0.0,0.42000000000000004,SFFR,12.373958333333334,0.0,0.42000000000000004,SFFR,5.7749999999999995,0.0,7.949446332165834,Multi-Market,Idle,0.0,13.939999999999998,116.06,130.0,EPEX,SSP
2026-04-08 06:00:00,0.0,0.42000000000000004,SFFR,12.373958333333334,0.0,0.42000000000000004,SFFR,5.7749999999999995,0.0,7.949446332165834,Multi-Market,Idle,0.0,2.9000000000000057,130.0,132.9,ISEM,EPEX
2026-04-08 06:30:00,0.0,0.42000000000000004,SFFR,12.373958333333334,0.0,0.42000000000000004,SFFR,5.7749999999999995,0.0,7.949446332165834,Multi-Market,Idle,0.0,17.0,132.9,149.9,EPEX,SSP
2026-04-08 07:00:00,0.0,0.42000000000000004,SFFR,12.373958333333334,0.0,0.42000000000000004,SFFR,12.25,0.0,7.949446332165834,Multi-Market,Idle,0.0,16.5,127.0,143.5,DA_HH,SSP
2026-04-08 07:30:00,0.0,0.42000000000000004,SFFR,12.373958333333334,0.0,0.42000000000000004,SFFR,12.25,0.0,7.949446332165834,Multi-Market,Idle,0.0,10.5,133.0,143.5,ISEM,SSP
2026-04-08 08:00:00,0.0,0.42000000000000004,SFFR,12.373958333333334,0.0,0.42000000000000004,SFFR,12.25,3.75,3.929024326524104,Multi-Market,Sell-SSP,562.125,19.890000000000015,130.01,149.9,DA_HH,SSP
2026-04-08 08:30:00,0.0,0.42000000000000004,SFFR,12.373958333333334,0.0,0.42000000000000004,SFFR,12.25,0.0,3.929024326524104,Multi-Market,Idle,0.0,17.5,126.0,143.5,DA_HH,SSP
2026-04-08 09:00:00,0.0,0.42000000000000004,SFFR,12.373958333333334,0.0,0.42000000000000004,SFFR,12.25,0.0,3.929024326524104,Multi-Market,Idle,0.0,14.719999999999999,128.78,143.5,EPEX,SSP
2026-04-08 09:30:00,0.0,0.42000000000000004,SFFR,12.373958333333334,0.0,0.42000000000000004,SFFR,12.25,0.0,3.929024326524104,Multi-Market,Idle,0.0,45.0,85.0,130.0,SSP,ISEM
2026-04-08 10:00:00,0.0,0.42000000000000004,SFFR,12.373958333333334,0.0,0.42000000000000004,SFFR,12.25,0.0,3.929024326524104,Multi-Market,Idle,0.0,32.7,110.8,143.5,EPEX,SSP
2026-04-08 10:30:00,0.0,0.42000000000000004,SFFR,12.373958333333334,0.0,0.42000000000000004,SFFR,12.25,3.273000000000001,0.42000000000000004,Multi-Market,Sell-SSP,490.6227000000002,39.900000000000006,110.0,149.9,ISEM,SSP
2026-04-08 11:00:00,0.0,0.42000000000000004,SFFR,12.373958333333334,0.0,0.42000000000000004,SFFR,8.96,0.0,0.42000000000000004,Multi-Market,Idle,0.0,24.099999999999994,80.0,104.1,SSP,ISEM
2026-04-08 11:30:00,0.0,0.42000000000000004,SFFR,12.373958333333334,0.0,0.42000000000000004,SFFR,8.96,0.0,0.42000000000000004,Multi-Market,Idle,0.0,20.769999999999996,78.0,98.77,SSP,EPEX
2026-04-08 12:00:00,0.0,0.42000000000000004,SFFR,12.373958333333334,0.0,0.42000000000000004,SFFR,8.96,0.0,0.42000000000000004,Multi-Market,Idle,0.0,19.47,78.0,97.47,SSP,ISEM
2026-04-08 12:30:00,0.0,0.42000000000000004,SFFR,12.373958333333334,0.0,0.42000000000000004,SFFR,8.96,-2.1,2.3787496011486513,Multi-Market,Buy-SSP,-149.94000000000003,19.599999999999994,71.4,91.0,SSP,EPEX
2026-04-08 13:00:00,0.0,0.42000000000000004,SFFR,12.373958333333334,0.0,0.42000000000000004,SFFR,8.96,0.0,2.3787496011486513,Multi-Market,Idle,0.0,22.310000000000002,73.05,95.36,SSP,ISEM
2026-04-08 13:30:00,0.0,0.42000000000000004,SFFR,12.373958333333334,0.0,0.42000000000000004,SFFR,8.96,-2.1,4.337499202297303,Multi-Market,Buy-SSP,-124.74000000000001,30.6,59.4,90.0,SSP,EPEX
2026-04-08 14:00:00,0.0,0.42000000000000004,SFFR,12.373958333333334,0.0,0.42000000000000004,SFFR,8.96,0.0,4.337499202297303,Multi-Market,Idle,0.0,9.700000000000003,80.0,89.7,SSP,EPEX
2026-04-08 14:30:00,0.0,0.42000000000000004,SFFR,12.373958333333334,0.0,0.42000000000000004,SFFR,8.96,0.0,4.337499202297303,Multi-Market,Idle,0.0,33.5,86.1,119.6,ISEM,SSP
2026-04-08 15:00:00,0.0,0.42000000000000004,SFFR,12.373958333333334,0.0,0.42000000000000004,SFFR,21.0,-0.11034482758620649,4.4404220056417305,Multi-Market,Buy-SSP,-8.060689655172384,15.350000000000009,73.05,88.4,SSP,DA_HH
2026-04-08 15:30:00,0.0,0.42000000000000004,SFFR,12.373958333333334,0.0,0.42000000000000004,SFFR,21.0,0.0,4.4404220056417305,Multi-Market,Idle,0.0,19.400000000000006,75.0,94.4,SSP,DA_HH
2026-04-08 16:00:00,0.0,0.42000000000000004,SFFR,12.373958333333334,0.0,0.42000000000000004,SFFR,21.0,0.0,4.4404220056417305,Multi-Market,Idle,0.0,19.5,78.0,97.5,SSP,DA_HH
2026-04-08 16:30:00,0.0,0.42000000000000004,SFFR,12.373958333333334,0.0,0.42000000000000004,SFFR,21.0,0.0,4.4404220056417305,Multi-Market,Idle,0.0,52.17,95.73,147.9,EPEX,SSP
2026-04-08 17:00:00,0.0,0.42000000000000004,SFFR,12.373958333333334,0.0,0.42000000000000004,SFFR,21.0,0.0,4.4404220056417305,Multi-Market,Idle,0.0,40.900000000000006,107.0,147.9,DA_HH,SSP
2026-04-08 17:30:00,0.0,0.42000000000000004,SFFR,12.373958333333334,0.0,0.42000000000000004,SFFR,21.0,0.0,4.4404220056417305,Multi-Market,Idle,0.0,43.870000000000005,86.13,130.0,SSP,ISEM
2026-04-08 18:00:00,0.0,0.42000000000000004,SFFR,12.373958333333334,0.0,0.42000000000000004,SFFR,21.0,0.0,4.4404220056417305,Multi-Market,Idle,0.0,49.55,97.24,146.79,SSP,ISEM
2026-04-08 18:30:00,0.0,0.42000000000000004,SFFR,12.373958333333334,0.0,0.42000000000000004,SFFR,21.0,3.75,0.42000000000000004,Multi-Market,Sell-ISEM,586.0875,62.44,93.85,156.29,SSP,ISEM
2026-04-08 19:00:00,0.0,0.42000000000000004,SFFR,12.373958333333334,0.0,0.42000000000000004,SFFR,20.37,-0.0,0.42000000000000004,Multi-Market,Idle,-0.0,2.4000000000000057,145.5,147.9,EPEX,SSP
2026-04-08 19:30:00,0.0,0.42000000000000004,SFFR,12.373958333333334,0.0,0.42000000000000004,SFFR,20.37,-0.0,0.42000000000000004,Multi-Market,Idle,-0.0,55.290000000000006,92.58,147.87,SSP,DA_HH
2026-04-08 20:00:00,0.0,0.42000000000000004,SFFR,12.373958333333334,0.0,0.42000000000000004,SFFR,20.37,-0.0,0.42000000000000004,Multi-Market,Idle,-0.0,56.46000000000001,80.0,136.46,SSP,ISEM
2026-04-08 20:30:00,0.0,0.42000000000000004,SFFR,12.373958333333334,0.0,0.42000000000000004,SFFR,20.37,-0.0,0.42000000000000004,Multi-Market,Idle,-0.0,72.07,60.94,133.01,SSP,ISEM
2026-04-08 21:00:00,0.0,0.42000000000000004,SFFR,12.373958333333334,0.0,0.42000000000000004,SFFR,20.37,-0.2729999999999999,0.42000000000000004,Multi-Market,Buy-SSP,188.42124000000004,106.12,20.0,126.12,SSP,ISEM
2026-04-08 21:30:00,0.0,0.42000000000000004,SFFR,12.373958333333334,0.0,0.42000000000000004,SFFR,20.37,-0.0,0.42000000000000004,Multi-Market,Idle,-0.0,36.55,80.2,116.75,SSP,EPEX
2026-04-08 22:00:00,0.0,0.42000000000000004,SFFR,12.373958333333334,0.0,0.42000000000000004,SFFR,20.37,0.0,0.42000000000000004,Multi-Market,Idle,0.0,27.789999999999992,80.2,107.99,SSP,EPEX
2026-04-08 22:30:00,0.0,0.42000000000000004,SFFR,12.373958333333334,0.0,0.42000000000000004,SFFR,20.37,-0.0,0.42000000000000004,Multi-Market,Idle,-0.0,8.170000000000002,99.82,107.99,ISEM,EPEX
2026-04-08 23:00:00,0.0,0.42000000000000004,SFFR,12.373958333333334,0.0,0.42000000000000004,SFFR,5.915,-0.0,0.42000000000000004,Multi-Market,Idle,-0.0,21.89999999999999,80.2,102.1,SSP,ISEM
2026-04-08 23:30:00,0.0,0.42000000000000004,SFFR,12.373958333333334,0.0,0.42000000000000004,SFFR,5.915,-0.0,0.42000000000000004,Multi-Market,Idle,-0.0,17.75,80.2,97.95,SSP,EPEX
2026-04-09 00:00:00,0.0,0.42000000000000004,SFFR,12.528541666666664,0.0,0.42000000000000004,SFFR,5.915,0.0,0.42000000000000004,Multi-Market,Idle,0.0,18.0,75.0,93.0,SSP,EPEX
2026-04-09 00:30:00,0.0,0.42000000000000004,SFFR,12.528541666666664,0.0,0.42000000000000004,SFFR,5.915,0.0,0.42000000000000004,Multi-Market,Idle,0.0,22.370000000000005,70.63,93.0,SSP,EPEX
2026-04-09 01:00:00,0.0,0.42000000000000004,SFFR,12.528541666666664,0.0,0.42000000000000004,SFFR,5.915,0.0,0.42000000000000004,Multi-Market,Idle,0.0,21.069999999999993,70.5,91.57,SSP,EPEX
2026-04-09 01:30:00,0.0,0.42000000000000004,SFFR,12.528541666666664,0.0,0.42000000000000004,SFFR,5.915,0.0,0.42000000000000004,Multi-Market,Idle,0.0,20.72999999999999,70.84,91.57,SSP,EPEX
2026-04-09 02:00:00,0.0,0.42000000000000004,SFFR,12.528541666666664,0.0,0.42000000000000004,SFFR,5.915,-0.07758785731592951,0.4923691355102645,Multi-Market,Buy-SSP,-5.455978126456163,21.89,70.32,92.21,SSP,EPEX
2026-04-09 02:30:00,0.0,0.42000000000000004,SFFR,12.528541666666664,0.0,0.42000000000000004,SFFR,5.915,0.0,0.4923691355102645,Multi-Market,Idle,0.0,17.209999999999994,75.0,92.21,SSP,EPEX
2026-04-09 03:00:00,0.0,0.42000000000000004,SFFR,12.528541666666664,0.0,0.42000000000000004,SFFR,5.81,0.0,0.4923691355102645,Multi-Market,Idle,0.0,11.989999999999995,80.01,92.0,SSP,EPEX
2026-04-09 03:30:00,0.0,0.42000000000000004,SFFR,12.528541666666664,0.0,0.42000000000000004,SFFR,5.81,0.0,0.4923691355102645,Multi-Market,Idle,0.0,11.799999999999997,80.2,92.0,SSP,EPEX
2026-04-09 04:00:00,0.0,0.42000000000000004,SFFR,12.528541666666664,0.0,0.42000000000000004,SFFR,5.81,0.0,0.4923691355102645,Multi-Market,Idle,0.0,11.849999999999994,80.25,92.1,SSP,ISEM
2026-04-09 04:30:00,0.0,0.42000000000000004,SFFR,12.528541666666664,0.0,0.42000000000000004,SFFR,5.81,0.0,0.4923691355102645,Multi-Market,Idle,0.0,12.469999999999999,80.25,92.72,SSP,ISEM
2026-04-09 05:00:00,0.0,0.42000000000000004,SFFR,12.528541666666664,0.0,0.42000000000000004,SFFR,5.81,0.0,0.4923691355102645,Multi-Market,Idle,0.0,13.969999999999999,90.3,104.27,SSP,EPEX
2026-04-09 05:30:00,0.0,0.42000000000000004,SFFR,12.528541666666664,0.0,0.42000000000000004,SFFR,5.81,0.0,0.4923691355102645,Multi-Market,Idle,0.0,17.75,86.52,104.27,SSP,EPEX
2026-04-09 06:00:00,0.0,0.42000000000000004,SFFR,12.528541666666664,0.0,0.42000000000000004,SFFR,5.81,0.0,0.4923691355102645,Multi-Market,Idle,0.0,26.659999999999997,88.64,115.3,SSP,EPEX
2026-04-09 06:30:00,0.0,0.42000000000000004,SFFR,12.528541666666664,0.0,0.42000000000000004,SFFR,5.81,0.0,0.4923691355102645,Multi-Market,Idle,0.0,25.64999999999999,89.65,115.3,SSP,EPEX
2026-04-09 07:00:00,0.0,0.42000000000000004,SFFR,12.528541666666664,0.0,0.42000000000000004,SFFR,14.735,0.0,0.4923691355102645,Multi-Market,Idle,0.0,37.42,80.0,117.42,SSP,EPEX
2026-04-09 07:30:00,0.0,0.42000000000000004,SFFR,12.528541666666664,0.0,0.42000000000000004,SFFR,14.735,0.0,0.4923691355102645,Multi-Market,Idle,0.0,42.42,75.0,117.42,SSP,EPEX
2026-04-09 08:00:00,0.0,0.42000000000000004,SFFR,12.528541666666664,0.0,0.42000000000000004,SFFR,14.735,0.0,0.4923691355102645,Multi-Market,Idle,0.0,34.209999999999994,80.2,114.41,SSP,ISEM
2026-04-09 08:30:00,0.0,0.42000000000000004,SFFR,12.528541666666664,0.0,0.42000000000000004,SFFR,14.735,0.0,0.4923691355102645,Multi-Market,Idle,0.0,13.929999999999993,108.89,122.82,DA_HH,SSP
2026-04-09 09:00:00,0.0,0.42000000000000004,SFFR,12.528541666666664,0.0,0.42000000000000004,SFFR,14.735,0.06750143586485867,0.42000000000000004,Multi-Market,Sell-SSP,9.65270532867479,40.2,102.8,143.0,ISEM,SSP
2026-04-09 09:30:00,0.0,0.42000000000000004,SFFR,12.528541666666664,0.0,0.42000000000000004,SFFR,14.735,-0.0,0.42000000000000004,Multi-Market,Idle,-0.0,47.3,90.2,137.5,ISEM,SSP
2026-04-09 10:00:00,0.0,0.42000000000000004,SFFR,12.528541666666664,0.0,0.42000000000000004,SFFR,14.735,0.0,0.42000000000000004,Multi-Market,Idle,0.0,38.5,94.0,132.5,DA_HH,SSP
2026-04-09 10:30:00,0.0,0.42000000000000004,SFFR,12.528541666666664,0.0,0.42000000000000004,SFFR,14.735,0.0,0.42000000000000004,Multi-Market,Idle,0.0,28.92,93.48,122.4,DA_HH,SSP
2026-04-09 11:00:00,0.0,0.42000000000000004,SFFR,12.528541666666664,0.0,0.42000000000000004,SFFR,8.96,0.0,0.42000000000000004,Multi-Market,Idle,0.0,28.599999999999994,91.36,119.96,DA_HH,SSP
2026-04-09 11:30:00,0.0,0.42000000000000004,SFFR,12.528541666666664,0.0,0.42000000000000004,SFFR,8.96,0.0,0.42000000000000004,Multi-Market,Idle,0.0,49.36,83.14,132.5,DA_HH,SSP
2026-04-09 12:00:00,0.0,0.42000000000000004,SFFR,12.528541666666664,0.0,0.42000000000000004,SFFR,8.96,0.0,0.42000000000000004,Multi-Market,Idle,0.0,38.35000000000001,78.1,116.45,ISEM,SSP
2026-04-09 12:30:00,0.0,0.42000000000000004,SFFR,12.528541666666664,0.0,0.42000000000000004,SFFR,8.96,0.0,0.42000000000000004,Multi-Market,Idle,0.0,53.599999999999994,64.15,117.75,ISEM,SSP
2026-04-09 13:00:00,0.0,0.42000000000000004,SFFR,12.528541666666664,0.0,0.42000000000000004,SFFR,8.96,0.0,0.42000000000000004,Multi-Market,Idle,0.0,51.580000000000005,62.37,113.95,ISEM,SSP
2026-04-09 13:30:00,0.0,0.42000000000000004,SFFR,12.528541666666664,0.0,0.42000000000000004,SFFR,8.96,-2.1,2.3787496011486513,Multi-Market,Buy-ISEM,-92.4,69.5,44.0,113.5,ISEM,SSP
2026-04-09 14:00:00,0.0,0.42000000000000004,SFFR,12.528541666666664,0.0,0.42000000000000004,SFFR,8.96,-1.8051707633737284,4.062500797702697,Multi-Market,Buy-ISEM,-82.11721802587091,67.50999999999999,45.49,113.0,ISEM,SSP
2026-04-09 14:30:00,0.0,0.42000000000000004,SFFR,12.528541666666664,0.0,0.42000000000000004,SFFR,8.96,-2.1,6.021250398851349,Multi-Market,Buy-ISEM,-84.29400000000001,72.81,40.14,112.95,ISEM,SSP
2026-04-09 15:00:00,0.0,0.42000000000000004,SFFR,12.528541666666664,0.0,0.42000000000000004,SFFR,21.314999999999998,-2.1,7.9799999999999995,Multi-Market,Buy-ISEM,-78.79200000000002,76.38,37.52,113.9,ISEM,SSP
2026-04-09 15:30:00,0.0,0.42000000000000004,SFFR,12.528541666666664,0.0,0.42000000000000004,SFFR,21.314999999999998,-0.27300000000000035,7.9799999999999995,Multi-Market,Buy-ISEM,134.54699999999997,79.67,40.33,120.0,ISEM,SSP
2026-04-09 16:00:00,0.0,0.42000000000000004,SFFR,12.528541666666664,0.0,0.42000000000000004,SFFR,21.314999999999998,-0.27300000000000035,7.9799999999999995,Multi-Market,Buy-ISEM,117.94649999999996,72.47999999999999,53.02,125.5,ISEM,SSP
2026-04-09 16:30:00,0.0,0.42000000000000004,SFFR,12.528541666666664,0.0,0.42000000000000004,SFFR,21.314999999999998,1.65,5.91832759550692,Multi-Market,Buy-EPEX,407.2215,80.88999999999999,62.96,143.85,EPEX,SSP
2026-04-09 17:00:00,0.0,0.42000000000000004,SFFR,12.528541666666664,0.0,0.42000000000000004,SFFR,21.314999999999998,0.0,5.91832759550692,Multi-Market,Idle,0.0,64.3,70.7,135.0,ISEM,SSP
2026-04-09 17:30:00,0.0,0.42000000000000004,SFFR,12.528541666666664,0.0,0.42000000000000004,SFFR,21.314999999999998,0.0,5.91832759550692,Multi-Market,Idle,0.0,50.2,84.8,135.0,ISEM,SSP
2026-04-09 18:00:00,0.0,0.42000000000000004,SFFR,12.528541666666664,0.0,0.42000000000000004,SFFR,21.314999999999998,3.75,1.8979055898651893,Multi-Market,Sell-SSP,513.75,47.0,90.0,137.0,ISEM,SSP
2026-04-09 18:30:00,0.0,0.42000000000000004,SFFR,12.528541666666664,0.0,0.42000000000000004,SFFR,21.314999999999998,0.0,1.8979055898651893,Multi-Market,Idle,0.0,31.559999999999988,97.2,128.76,ISEM,SSP
2026-04-09 19:00:00,0.0,0.42000000000000004,SFFR,12.528541666666664,0.0,0.42000000000000004,SFFR,18.375,0.0,1.8979055898651893,Multi-Market,Idle,0.0,38.579999999999984,92.09,130.67,ISEM,SSP
2026-04-09 19:30:00,0.0,0.42000000000000004,SFFR,12.528541666666664,0.0,0.42000000000000004,SFFR,18.375,1.3784985641351437,0.42000000000000004,Multi-Market,Sell-SSP,188.8543032865147,38.2,98.8,137.0,DA_HH,SSP
2026-04-09 20:00:00,0.0,0.42000000000000004,SFFR,12.528541666666664,0.0,0.42000000000000004,SFFR,18.375,0.0,0.4199999999999999,Multi-Market,Idle,0.0,3.510000000000005,95.19,98.7,SSP,EPEX
2026-04-09 20:30:00,0.0,0.42000000000000004,SFFR,12.528541666666664,0.0,0.42000000000000004,SFFR,18.375,-0.0,0.42000000000000004,Multi-Market,Idle,-0.0,21.33,93.47,114.8,ISEM,SSP
2026-04-09 21:00:00,0.0,0.42000000000000004,SFFR,12.528541666666664,0.0,0.42000000000000004,SFFR,18.375,-0.0,0.42000000000000004,Multi-Market,Idle,-0.0,15.240000000000009,89.21,104.45,EPEX,DA_HH
2026-04-09 21:30:00,0.0,0.42000000000000004,SFFR,12.528541666666664,0.0,0.42000000000000004,SFFR,18.375,0.0,0.42000000000000004,Multi-Market,Idle,0.0,39.10999999999999,50.1,89.21,SSP,EPEX
2026-04-09 22:00:00,0.0,0.42000000000000004,SFFR,12.528541666666664,0.0,0.42000000000000004,SFFR,18.375,0.0,0.42000000000000004,Multi-Market,Idle,0.0,30.729999999999997,49.27,80.0,SSP,DA_HH
2026-04-09 22:30:00,0.0,0.42000000000000004,SFFR,12.528541666666664,0.0,0.42000000000000004,SFFR,18.375,0.0,0.42000000000000004,Multi-Market,Idle,0.0,37.1,62.32,99.42,ISEM,SSP
2026-04-09 23:00:00,0.0,0.42000000000000004,SFFR,12.528541666666664,0.0,0.42000000000000004,SFFR,6.16,-0.0,0.42000000000000004,Multi-Market,Idle,-0.0,37.46999999999999,55.99,93.46,EPEX,SSP
2026-04-09 23:30:00,0.0,0.42000000000000004,SFFR,12.528541666666664,0.0,0.42000000000000004,SFFR,6.16,-0.0,0.42000000000000004,Multi-Market,Idle,-0.0,31.050000000000004,55.99,87.04,EPEX,SSP
2026-04-10 00:00:00,0.0,0.42000000000000004,SFFR,16.164166666666667,0.0,0.42000000000000004,SFFR,6.16,0.0,0.42000000000000004,Multi-Market,Idle,0.0,10.409999999999997,52.59,63.0,EPEX,DA_HH
2026-04-10 00:30:00,0.0,0.42000000000000004,SFFR,16.164166666666667,0.0,0.42000000000000004,SFFR,6.16,0.0,0.42000000000000004,Multi-Market,Idle,0.0,13.020000000000003,49.98,63.0,SSP,DA_HH
2026-04-10 01:00:00,0.0,0.42000000000000004,SFFR,16.164166666666667,0.0,0.42000000000000004,SFFR,6.16,0.0,0.42000000000000004,Multi-Market,Idle,0.0,26.959999999999994,33.84,60.8,SSP,DA_HH
2026-04-10 01:30:00,0.0,0.42000000000000004,SFFR,16.164166666666667,0.0,0.42000000000000004,SFFR,6.16,0.0,0.42000000000000004,Multi-Market,Idle,0.0,24.560000000000002,37.8,62.36,SSP,DA_HH
2026-04-10 02:00:00,0.0,0.42000000000000004,SFFR,16.164166666666667,0.0,0.42000000000000004,SFFR,6.16,0.0,0.42000000000000004,Multi-Market,Idle,0.0,46.980000000000004,13.02,60.0,SSP,DA_HH
2026-04-10 02:30:00,0.0,0.42000000000000004,SFFR,16.164166666666667,0.0,0.42000000000000004,SFFR,6.16,0.0,0.42000000000000004,Multi-Market,Idle,0.0,48.91,11.09,60.0,SSP,DA_HH
2026-04-10 03:00:00,0.0,0.42000000000000004,SFFR,16.164166666666667,0.0,0.42000000000000004,SFFR,7.42,-2.1,2.3787496011486513,Multi-Market,Buy-SSP,-10.689,55.91,5.09,61.0,SSP,DA_HH
2026-04-10 03:30:00,0.0,0.42000000000000004,SFFR,16.164166666666667,0.0,0.42000000000000004,SFFR,7.42,-2.1,4.337499202297303,Multi-Market,Buy-SSP,-3.528,61.32,1.68,63.0,SSP,DA_HH
2026-04-10 04:00:00,0.0,0.42000000000000004,SFFR,16.164166666666667,0.0,0.42000000000000004,SFFR,7.42,-1.8051707633737284,6.021250398851349,Multi-Market,Buy-SSP,-12.058540699336506,62.32,6.68,69.0,SSP,EPEX
2026-04-10 04:30:00,0.0,0.42000000000000004,SFFR,16.164166666666667,0.0,0.42000000000000004,SFFR,7.42,-2.1,7.9799999999999995,Multi-Market,Buy-SSP,-10.941,63.79,5.21,69.0,SSP,EPEX
2026-04-10 05:00:00,0.0,0.42000000000000004,SFFR,16.164166666666667,0.0,0.42000000000000004,SFFR,7.42,0.0,7.9799999999999995,Multi-Market,Idle,0.0,26.049999999999997,81.95,108.0,ISEM,SSP
2026-04-10 05:30:00,0.0,0.42000000000000004,SFFR,16.164166666666667,0.0,0.42000000000000004,SFFR,7.42,0.0,7.9799999999999995,Multi-Market,Idle,0.0,27.400000000000006,60.11,87.51,SSP,DA_HH
2026-04-10 06:00:00,0.0,0.42000000000000004,SFFR,16.164166666666667,0.0,0.42000000000000004,SFFR,7.42,0.0,7.9799999999999995,Multi-Market,Idle,0.0,22.0,96.0,118.0,ISEM,SSP
2026-04-10 06:30:00,0.0,0.42000000000000004,SFFR,16.164166666666667,0.0,0.42000000000000004,SFFR,7.42,1.7309999999999992,6.124173202195777,Multi-Market,Sell-SSP,218.0886899999999,20.989999999999995,105.0,125.99,EPEX,SSP
2026-04-10 07:00:00,0.0,0.42000000000000004,SFFR,16.164166666666667,0.0,0.42000000000000004,SFFR,24.5,0.0,6.124173202195777,Multi-Market,Idle,0.0,32.8,83.16,115.96,SSP,EPEX
2026-04-10 07:30:00,0.0,0.42000000000000004,SFFR,16.164166666666667,0.0,0.42000000000000004,SFFR,24.5,0.0,6.124173202195777,Multi-Market,Idle,0.0,39.709999999999994,84.29,124.0,SSP,ISEM
2026-04-10 08:00:00,0.0,0.42000000000000004,SFFR,16.164166666666667,0.0,0.42000000000000004,SFFR,24.5,0.0,6.124173202195777,Multi-Market,Idle,0.0,40.709999999999994,84.29,125.0,SSP,ISEM
2026-04-10 08:30:00,0.0,0.42000000000000004,SFFR,16.164166666666667,0.0,0.42000000000000004,SFFR,24.5,0.0,6.124173202195777,Multi-Market,Idle,0.0,40.709999999999994,84.29,125.0,SSP,ISEM
2026-04-10 09:00:00,0.0,0.42000000000000004,SFFR,16.164166666666667,0.0,0.42000000000000004,SFFR,24.5,3.75,2.1037511965540467,Multi-Market,Sell-ISEM,472.5,45.7,80.3,126.0,SSP,ISEM
2026-04-10 09:30:00,0.0,0.42000000000000004,SFFR,16.164166666666667,0.0,0.42000000000000004,SFFR,24.5,0.0,2.1037511965540467,Multi-Market,Idle,0.0,40.239999999999995,84.29,124.53,SSP,ISEM
2026-04-10 10:00:00,0.0,0.42000000000000004,SFFR,16.164166666666667,0.0,0.42000000000000004,SFFR,24.5,0.0,2.1037511965540467,Multi-Market,Idle,0.0,36.69,80.5,117.19,SSP,ISEM
2026-04-10 10:30:00,0.0,0.42000000000000004,SFFR,16.164166666666667,0.0,0.42000000000000004,SFFR,24.5,0.0,2.1037511965540467,Multi-Market,Idle,0.0,32.41,80.5,112.91,SSP,ISEM
2026-04-10 11:00:00,0.0,0.42000000000000004,SFFR,16.164166666666667,0.0,0.42000000000000004,SFFR,9.905000000000001,0.0,2.1037511965540467,Multi-Market,Idle,0.0,30.400000000000006,80.3,110.7,SSP,DA_HH
2026-04-10 11:30:00,0.0,0.42000000000000004,SFFR,16.164166666666667,0.0,0.42000000000000004,SFFR,9.905000000000001,0.0,2.1037511965540467,Multi-Market,Idle,0.0,23.900000000000006,80.3,104.2,SSP,EPEX
2026-04-10 12:00:00,0.0,0.42000000000000004,SFFR,16.164166666666667,0.0,0.42000000000000004,SFFR,9.905000000000001,0.0,2.1037511965540467,Multi-Market,Idle,0.0,22.83,80.25,103.08,SSP,DA_HH
2026-04-10 12:30:00,0.0,0.42000000000000004,SFFR,16.164166666666667,0.0,0.42000000000000004,SFFR,9.905000000000001,0.0,2.1037511965540467,Multi-Market,Idle,0.0,19.599999999999994,80.2,99.8,SSP,EPEX
2026-04-10 13:00:00,0.0,0.42000000000000004,SFFR,16.164166666666667,0.0,0.42000000000000004,SFFR,9.905000000000001,0.0,2.1037511965540467,Multi-Market,Idle,0.0,18.700000000000003,76.0,94.7,SSP,DA_HH
2026-04-10 13:30:00,0.0,0.42000000000000004,SFFR,16.164166666666667,0.0,0.42000000000000004,SFFR,9.905000000000001,0.0,2.1037511965540467,Multi-Market,Idle,0.0,30.590000000000003,61.72,92.31,SSP,EPEX
2026-04-10 14:00:00,0.0,0.42000000000000004,SFFR,16.164166666666667,0.0,0.42000000000000004,SFFR,9.905000000000001,-2.1,4.062500797702698,Multi-Market,Buy-SSP,-104.748,39.87,49.88,89.75,SSP,ISEM
2026-04-10 14:30:00,0.0,0.42000000000000004,SFFR,16.164166666666667,0.0,0.42000000000000004,SFFR,9.905000000000001,-2.1,6.021250398851349,Multi-Market,Buy-SSP,-73.41600000000001,54.63999999999999,34.96,89.6,SSP,EPEX
2026-04-10 15:00:00,0.0,0.42000000000000004,SFFR,16.164166666666667,0.0,0.42000000000000004,SFFR,25.2,-2.1,7.9799999999999995,Multi-Market,Buy-SSP,-54.915,65.85,26.15,92.0,SSP,ISEM
2026-04-10 15:30:00,0.0,0.42000000000000004,SFFR,16.164166666666667,0.0,0.42000000000000004,SFFR,25.2,3.3014985641351435,4.4404220056417305,Multi-Market,Sell-SSP,456.4321764916836,48.25,90.0,138.25,DA_HH,SSP
2026-04-10 16:00:00,0.0,0.42000000000000004,SFFR,16.164166666666667,0.0,0.42000000000000004,SFFR,25.2,0.0,4.4404220056417305,Multi-Market,Idle,0.0,16.590000000000003,84.83,101.42,SSP,EPEX
2026-04-10 16:30:00,0.0,0.42000000000000004,SFFR,16.164166666666667,0.0,0.42000000000000004,SFFR,25.2,3.75,0.41999999999999993,Multi-Market,Sell-SSP,535.875,41.480000000000004,101.42,142.9,EPEX,SSP
2026-04-10 17:00:00,0.0,0.42000000000000004,SFFR,16.164166666666667,0.0,0.42000000000000004,SFFR,25.2,0.0,0.42000000000000004,Multi-Market,Idle,0.0,24.879999999999995,111.5,136.38,ISEM,SSP
2026-04-10 17:30:00,0.0,0.42000000000000004,SFFR,16.164166666666667,0.0,0.42000000000000004,SFFR,25.2,0.0,0.42000000000000004,Multi-Market,Idle,0.0,27.39,108.99,136.38,ISEM,SSP
2026-04-10 18:00:00,0.0,0.42000000000000004,SFFR,16.164166666666667,0.0,0.42000000000000004,SFFR,25.2,-0.0,0.42000000000000004,Multi-Market,Idle,-0.0,24.75999999999999,111.62,136.38,ISEM,SSP
2026-04-10 18:30:00,0.0,0.42000000000000004,SFFR,16.164166666666667,0.0,0.42000000000000004,SFFR,25.2,-0.0,0.42000000000000004,Multi-Market,Idle,-0.0,30.64999999999999,105.73,136.38,ISEM,SSP
2026-04-10 19:00:00,0.0,0.42000000000000004,SFFR,16.164166666666667,0.0,0.42000000000000004,SFFR,23.939999999999998,0.0,0.42000000000000004,Multi-Market,Idle,0.0,30.019999999999996,102.98,133.0,ISEM,SSP
2026-04-10 19:30:00,0.0,0.42000000000000004,SFFR,16.164166666666667,0.0,0.42000000000000004,SFFR,23.939999999999998,-0.0,0.42000000000000004,Multi-Market,Idle,-0.0,39.150000000000006,97.0,136.15,ISEM,SSP
2026-04-10 20:00:00,0.0,0.42000000000000004,SFFR,16.164166666666667,0.0,0.42000000000000004,SFFR,23.939999999999998,-0.0,0.42000000000000004,Multi-Market,Idle,-0.0,30.42,97.58,128.0,ISEM,SSP
2026-04-10 20:30:00,0.0,0.42000000000000004,SFFR,16.164166666666667,0.0,0.42000000000000004,SFFR,23.939999999999998,-0.0,0.42000000000000004,Multi-Market,Idle,-0.0,26.659999999999997,98.34,125.0,ISEM,SSP
2026-04-10 21:00:00,0.0,0.42000000000000004,SFFR,16.164166666666667,0.0,0.42000000000000004,SFFR,23.939999999999998,0.0,0.42000000000000004,Multi-Market,Idle,0.0,19.200000000000003,96.8,116.0,EPEX,SSP
2026-04-10 21:30:00,0.0,0.42000000000000004,SFFR,16.164166666666667,0.0,0.42000000000000004,SFFR,23.939999999999998,0.0,0.42000000000000004,Multi-Market,Idle,0.0,21.05000000000001,95.6,116.65,ISEM,SSP
2026-04-10 22:00:00,0.0,0.42000000000000004,SFFR,16.164166666666667,0.0,0.42000000000000004,SFFR,23.939999999999998,-0.0,0.42000000000000004,Multi-Market,Idle,-0.0,44.150000000000006,75.0,119.15,EPEX,SSP
2026-04-10 22:30:00,0.0,0.42000000000000004,SFFR,16.164166666666667,0.0,0.42000000000000004,SFFR,23.939999999999998,-0.01008642145107061,0.42000000000000004,Multi-Market,Buy-SSP,4.519492688652911,68.0,7.0,75.0,SSP,EPEX
2026-04-10 23:00:00,0.0,0.42000000000000004,SFFR,16.164166666666667,0.0,0.42000000000000004,SFFR,5.6000000000000005,0.0,0.42000000000000004,Multi-Market,Idle,0.0,60.0,0.0,60.0,SSP,ISEM
2026-04-10 23:30:00,0.0,0.42000000000000004,SFFR,16.164166666666667,0.0,0.42000000000000004,SFFR,5.6000000000000005,-2.1,2.3787496011486513,Multi-Market,Buy-SSP,26.649,51.15,-12.69,38.46,SSP,EPEX
2026-04-11 00:00:00,0.0,0.42000000000000004,SFFR,12.468749999999998,0.0,0.42000000000000004,SFFR,5.6000000000000005,0.0,2.3787496011486513,Multi-Market,Idle,0.0,40.019999999999996,-14.95,25.07,SSP,EPEX
2026-04-11 00:30:00,0.0,0.42000000000000004,SFFR,12.468749999999998,0.0,0.42000000000000004,SFFR,5.6000000000000005,0.0,2.3787496011486513,Multi-Market,Idle,0.0,25.07,0.0,25.07,ISEM,EPEX
2026-04-11 01:00:00,0.0,0.42000000000000004,SFFR,12.468749999999998,0.0,0.42000000000000004,SFFR,5.6000000000000005,0.0,2.3787496011486517,Multi-Market,Idle,0.0,34.07,-14.57,19.5,SSP,EPEX
2026-04-11 01:30:00,0.0,0.42000000000000004,SFFR,12.468749999999998,0.0,0.42000000000000004,SFFR,5.6000000000000005,0.0,2.3787496011486517,Multi-Market,Idle,0.0,24.59,-5.09,19.5,SSP,EPEX
2026-04-11 02:00:00,0.0,0.42000000000000004,SFFR,12.468749999999998,0.0,0.42000000000000004,SFFR,5.6000000000000005,0.0,2.3787496011486517,Multi-Market,Idle,0.0,27.95,-14.95,13.0,SSP,EPEX
2026-04-11 02:30:00,0.0,0.42000000000000004,SFFR,12.468749999999998,0.0,0.42000000000000004,SFFR,5.6000000000000005,0.0,2.3787496011486517,Multi-Market,Idle,0.0,11.5,1.5,13.0,ISEM,EPEX
2026-04-11 03:00:00,0.0,0.42000000000000004,SFFR,12.468749999999998,0.0,0.42000000000000004,SFFR,4.8999999999999995,0.0,2.3787496011486517,Multi-Market,Idle,0.0,25.77,-12.07,13.7,SSP,EPEX
2026-04-11 03:30:00,0.0,0.42000000000000004,SFFR,12.468749999999998,0.0,0.42000000000000004,SFFR,4.8999999999999995,-1.6620689655172431,3.9290243265241047,Multi-Market,Buy-SSP,25.89503448275865,29.28,-15.58,13.7,SSP,EPEX
2026-04-11 04:00:00,0.0,0.42000000000000004,SFFR,12.468749999999998,0.0,0.42000000000000004,SFFR,4.8999999999999995,0.0,3.9290243265241047,Multi-Market,Idle,0.0,15.0,0.0,15.0,ISEM,EPEX
2026-04-11 04:30:00,0.0,0.42000000000000004,SFFR,12.468749999999998,0.0,0.42000000000000004,SFFR,4.8999999999999995,0.0,3.9290243265241047,Multi-Market,Idle,0.0,23.82,-8.82,15.0,SSP,EPEX
2026-04-11 05:00:00,0.0,0.42000000000000004,SFFR,12.468749999999998,0.0,0.42000000000000004,SFFR,4.8999999999999995,0.0,3.9290243265241047,Multi-Market,Idle,0.0,23.0,-8.0,15.0,DA_HH,EPEX
2026-04-11 05:30:00,0.0,0.42000000000000004,SFFR,12.468749999999998,0.0,0.42000000000000004,SFFR,4.8999999999999995,0.0,3.9290243265241047,Multi-Market,Idle,0.0,25.98,-10.98,15.0,DA_HH,EPEX
2026-04-11 06:00:00,0.0,0.42000000000000004,SFFR,12.468749999999998,0.0,0.42000000000000004,SFFR,4.8999999999999995,-2.1,5.887773927672756,Multi-Market,Buy-DA_HH,32.781,35.879999999999995,-15.61,20.27,DA_HH,EPEX
2026-04-11 06:30:00,0.0,0.42000000000000004,SFFR,12.468749999999998,0.0,0.42000000000000004,SFFR,4.8999999999999995,0.0,5.887773927672756,Multi-Market,Idle,0.0,26.27,-6.0,20.27,DA_HH,EPEX
2026-04-11 07:00:00,0.0,0.42000000000000004,SFFR,12.468749999999998,0.0,0.42000000000000004,SFFR,16.974999999999998,1.3500000000000014,4.4404220056417305,Multi-Market,Sell-EPEX,46.23750000000005,44.25,-10.0,34.25,DA_HH,EPEX
2026-04-11 07:30:00,0.0,0.42000000000000004,SFFR,12.468749999999998,0.0,0.42000000000000004,SFFR,16.974999999999998,3.75,0.42000000000000004,Multi-Market,Sell-EPEX,128.4375,37.57,-3.32,34.25,ISEM,EPEX
2026-04-11 08:00:00,0.0,0.42000000000000004,SFFR,12.468749999999998,0.0,0.42000000000000004,SFFR,16.974999999999998,0.0,0.42000000000000004,Multi-Market,Idle,0.0,32.32,-9.36,22.96,SSP,EPEX
2026-04-11 08:30:00,0.0,0.42000000000000004,SFFR,12.468749999999998,0.0,0.42000000000000004,SFFR,16.974999999999998,-0.0,0.42000000000000004,Multi-Market,Idle,0.0,27.87,-1.45,26.42,ISEM,SSP
2026-04-11 09:00:00,0.0,0.42000000000000004,SFFR,12.468749999999998,0.0,0.42000000000000004,SFFR,16.974999999999998,0.0,0.42000000000000004,Multi-Market,Idle,0.0,20.57,-11.0,9.57,DA_HH,EPEX
2026-04-11 09:30:00,0.0,0.42000000000000004,SFFR,12.468749999999998,0.0,0.42000000000000004,SFFR,16.974999999999998,0.0,0.42000000000000004,Multi-Market,Idle,0.0,33.56,-23.99,9.57,SSP,EPEX
2026-04-11 10:00:00,0.0,0.42000000000000004,SFFR,12.468749999999998,0.0,0.42000000000000004,SFFR,16.974999999999998,0.0,0.42000000000000004,Multi-Market,Idle,0.0,21.73,-16.95,4.78,SSP,EPEX
2026-04-11 10:30:00,0.0,0.42000000000000004,SFFR,12.468749999999998,0.0,0.42000000000000004,SFFR,16.974999999999998,0.0,0.42000000000000004,Multi-Market,Idle,0.0,26.290000000000003,-21.51,4.78,SSP,EPEX
2026-04-11 11:00:00,0.0,0.42000000000000004,SFFR,12.468749999999998,0.0,0.42000000000000004,SFFR,7.3500000000000005,-1.8051707633737284,2.103751196554046,Multi-Market,Buy-SSP,44.533562732429886,22.470000000000002,-24.67,-2.2,SSP,EPEX
2026-04-11 11:30:00,0.0,0.42000000000000004,SFFR,12.468749999999998,0.0,0.42000000000000004,SFFR,7.3500000000000005,-2.1,4.062500797702697,Multi-Market,Buy-SSP,57.414,25.14,-27.34,-2.2,SSP,EPEX
2026-04-11 12:00:00,0.0,0.42000000000000004,SFFR,12.468749999999998,-1.843498564135144,2.1037511965540463,EPEX,16.75740194798846,0.0,4.062500797702697,Multi-Market,Idle,0.0,10.98,-20.07,-9.09,SSP,EPEX
2026-04-11 12:30:00,0.0,0.42000000000000004,SFFR,12.468749999999998,-2.1,4.062500797702698,EPEX,19.089000000000002,-2.1,6.021250398851349,Multi-Market,Buy-SSP,84.0,30.91,-40.0,-9.09,SSP,EPEX
2026-04-11 13:00:00,0.0,0.42000000000000004,SFFR,12.468749999999998,-2.1,6.021250398851349,EPEX,27.069000000000003,0.0,6.021250398851349,Multi-Market,Idle,0.0,7.129999999999999,-20.02,-12.89,ISEM,EPEX
2026-04-11 13:30:00,0.0,0.42000000000000004,SFFR,12.468749999999998,-2.1,7.9799999999999995,EPEX,27.069000000000003,-2.1,7.9799999999999995,Multi-Market,Buy-DA_HH,58.800000000000004,15.11,-28.0,-12.89,DA_HH,EPEX
2026-04-11 14:00:00,0.0,0.42000000000000004,SFFR,12.468749999999998,0.0,7.9799999999999995,SFFR,7.3500000000000005,0.0,7.9799999999999995,Multi-Market,Idle,0.0,39.56,-21.35,18.21,DA_HH,SSP
2026-04-11 14:30:00,0.0,0.42000000000000004,SFFR,12.468749999999998,0.0,7.9799999999999995,SFFR,7.3500000000000005,1.65,5.91832759550692,Multi-Market,Buy-DA_HH,166.5,59.8,-35.0,24.8,DA_HH,SSP
2026-04-11 15:00:00,0.0,0.42000000000000004,SFFR,12.468749999999998,0.0,7.9799999999999995,SFFR,22.400000000000002,-0.11034482758620734,6.021250398851349,Multi-Market,Buy-DA_HH,2.6394482758620796,22.75,-23.92,-1.17,DA_HH,EPEX
2026-04-11 15:30:00,0.0,0.42000000000000004,SFFR,12.468749999999998,0.0,7.9799999999999995,SFFR,22.400000000000002,0.0,6.021250398851349,Multi-Market,Idle,0.0,19.83,-21.0,-1.17,DA_HH,EPEX
2026-04-11 16:00:00,0.0,0.42000000000000004,SFFR,12.468749999999998,0.0,7.9799999999999995,EPEX,0.0,-2.1,7.9799999999999995,Multi-Market,Buy-DA_HH,54.6,29.55,-26.0,3.55,DA_HH,EPEX
2026-04-11 16:30:00,0.0,0.42000000000000004,SFFR,12.468749999999998,0.0,7.9799999999999995,EPEX,0.0,0.0,7.9799999999999995,Multi-Market,Idle,0.0,13.55,-10.0,3.55,SSP,EPEX
2026-04-11 17:00:00,0.0,0.42000000000000004,SFFR,12.468749999999998,3.75,3.959577994358269,EPEX,115.65,0.0,7.9799999999999995,Multi-Market,Idle,0.0,41.35,-10.51,30.84,SSP,EPEX
2026-04-11 17:30:00,0.0,0.42000000000000004,SFFR,12.468749999999998,3.3014985641351435,0.42000000000000004,EPEX,101.81821571792783,0.0,7.9799999999999995,Multi-Market,Idle,0.0,40.84,-10.0,30.84,SSP,EPEX
2026-04-11 18:00:00,0.0,0.42000000000000004,SFFR,12.468749999999998,0.0,0.42000000000000004,SFFR,22.400000000000002,-0.0,7.9799999999999995,Multi-Market,Idle,-0.0,42.84,7.16,50.0,ISEM,EPEX
2026-04-11 18:30:00,0.0,0.42000000000000004,SFFR,12.468749999999998,0.0,0.42000000000000004,SFFR,22.400000000000002,0.0,7.9799999999999995,Multi-Market,Idle,0.0,33.84,16.16,50.0,ISEM,EPEX
2026-04-11 19:00:00,0.0,0.42000000000000004,SFFR,12.468749999999998,0.0,0.42000000000000004,SFFR,17.57,0.0,7.9799999999999995,Multi-Market,Idle,0.0,32.94,15.0,47.94,ISEM,EPEX
2026-04-11 19:30:00,0.0,0.42000000000000004,SFFR,12.468749999999998,0.0,0.42000000000000004,SFFR,17.57,0.0,7.9799999999999995,Multi-Market,Idle,0.0,32.79,15.15,47.94,SSP,EPEX
2026-04-11 20:00:00,0.0,0.42000000000000004,SFFR,12.468749999999998,0.0,0.42000000000000004,SFFR,17.57,3.75,3.959577994358269,Multi-Market,Sell-SSP,233.325,39.489999999999995,22.73,62.22,ISEM,SSP
2026-04-11 20:30:00,0.0,0.42000000000000004,SFFR,12.468749999999998,0.0,0.42000000000000004,SFFR,17.57,0.0,3.959577994358269,Multi-Market,Idle,0.0,40.51,1.39,41.9,SSP,EPEX
2026-04-11 21:00:00,0.0,0.42000000000000004,SFFR,12.468749999999998,0.0,0.42000000000000004,SFFR,17.57,-2.1,5.91832759550692,Multi-Market,Buy-SSP,3.8640000000000003,32.940000000000005,-1.84,31.1,SSP,EPEX
2026-04-11 21:30:00,0.0,0.42000000000000004,SFFR,12.468749999999998,0.0,0.42000000000000004,SFFR,17.57,0.0,5.91832759550692,Multi-Market,Idle,0.0,15.179999999999996,19.8,34.98,ISEM,SSP
2026-04-11 22:00:00,0.0,0.42000000000000004,SFFR,12.468749999999998,0.0,0.42000000000000004,SFFR,17.57,0.0,5.91832759550692,Multi-Market,Idle,0.0,6.899999999999999,19.68,26.58,SSP,DA_HH
2026-04-11 22:30:00,0.0,0.42000000000000004,SFFR,12.468749999999998,0.0,0.42000000000000004,SFFR,17.57,0.0,5.91832759550692,Multi-Market,Idle,0.0,14.67,8.33,23.0,ISEM,EPEX
2026-04-11 23:00:00,0.0,0.42000000000000004,SFFR,12.468749999999998,0.0,0.42000000000000004,SFFR,5.67,0.0,5.91832759550692,Multi-Market,Idle,0.0,5.0,5.0,10.0,EPEX,DA_HH
2026-04-11 23:30:00,0.0,0.42000000000000004,SFFR,12.468749999999998,0.0,0.42000000000000004,SFFR,5.67,-2.1,7.877077196655571,Multi-Market,Buy-DA_HH,4.011,16.14,-1.91,14.23,DA_HH,SSP
2026-04-12 00:00:00,0.0,0.42000000000000004,EPEX,0.0,0.0,0.42000000000000004,SFFR,5.67,0.0,7.877077196655571,Multi-Market,Idle,0.0,14.95,0.0,14.95,DA_HH,SSP
2026-04-12 00:30:00,0.0,0.42000000000000004,EPEX,0.0,0.0,0.42000000000000004,SFFR,5.67,0.0,7.877077196655571,Multi-Market,Idle,0.0,10.63,0.0,10.63,DA_HH,SSP
2026-04-12 01:00:00,0.0,0.42000000000000004,EPEX,0.0,0.0,0.42000000000000004,SFFR,5.67,-0.11034482758620734,7.9799999999999995,Multi-Market,Buy-DA_HH,0.37958620689655326,16.79,-3.44,13.35,DA_HH,SSP
2026-04-12 01:30:00,0.0,0.42000000000000004,EPEX,0.0,0.0,0.42000000000000004,SFFR,5.67,0.0,7.9799999999999995,Multi-Market,Idle,0.0,9.0,-1.0,8.0,DA_HH,ISEM
2026-04-12 02:00:00,0.0,0.42000000000000004,EPEX,0.0,0.0,0.42000000000000004,SFFR,5.67,0.0,7.9799999999999995,Multi-Market,Idle,0.0,21.93,-1.53,20.4,DA_HH,SSP
2026-04-12 02:30:00,0.0,0.42000000000000004,EPEX,0.0,0.0,0.42000000000000004,SFFR,5.67,0.0,7.9799999999999995,Multi-Market,Idle,0.0,16.01,-1.78,14.23,DA_HH,SSP
2026-04-12 03:00:00,0.0,0.42000000000000004,EPEX,-0.0,0.0,0.42000000000000004,SFFR,4.8999999999999995,0.0,7.9799999999999995,Multi-Market,Idle,0.0,25.64,-0.27,25.37,EPEX,ISEM
2026-04-12 03:30:00,0.0,0.42000000000000004,EPEX,-0.0,0.0,0.42000000000000004,SFFR,4.8999999999999995,0.0,7.9799999999999995,Multi-Market,Idle,0.0,18.29,-0.27,18.02,EPEX,ISEM
2026-04-12 04:00:00,-2.1,2.3787496011486513,EPEX,4.053,0.0,0.42000000000000004,SFFR,4.8999999999999995,0.0,7.9799999999999995,Multi-Market,Idle,0.0,25.0,-1.93,23.07,EPEX,ISEM
2026-04-12 04:30:00,-2.1,4.337499202297303,EPEX,4.053,0.0,0.42000000000000004,SFFR,4.8999999999999995,0.0,7.9799999999999995,Multi-Market,Idle,0.0,23.64,-1.93,21.71,EPEX,SSP
2026-04-12 05:00:00,0.0,4.337499202297303,EPEX,0.0,0.0,0.42000000000000004,SFFR,4.8999999999999995,0.0,7.9799999999999995,Multi-Market,Idle,0.0,18.29,0.62,18.91,EPEX,ISEM
2026-04-12 05:30:00,0.0,4.337499202297303,EPEX,0.0,0.0,0.42000000000000004,SFFR,4.8999999999999995,0.0,7.9799999999999995,Multi-Market,Idle,0.0,22.47,0.62,23.09,EPEX,ISEM
2026-04-12 06:00:00,-0.07758785731592857,4.409868337807566,EPEX,0.1086230002423,0.0,0.42000000000000004,SFFR,4.8999999999999995,0.0,7.9799999999999995,Multi-Market,Idle,0.0,30.419999999999998,-1.4,29.02,EPEX,SSP
2026-04-12 06:30:00,-2.1,6.368617938956217,EPEX,2.94,0.0,0.42000000000000004,SFFR,4.8999999999999995,0.0,7.9799999999999995,Multi-Market,Idle,0.0,30.06,-1.4,28.66,EPEX,ISEM
2026-04-12 07:00:00,3.75,2.3481959333144866,EPEX,6.3,0.0,0.42000000000000004,SFFR,15.400000000000002,0.0,7.9799999999999995,Multi-Market,Idle,0.0,64.52,1.68,66.2,EPEX,SSP
2026-04-12 07:30:00,1.798501435864858,0.42000000000000004,EPEX,3.0214824122529613,0.0,0.42000000000000004,SFFR,15.400000000000002,3.75,3.959577994358269,Multi-Market,Sell-SSP,300.0,78.32,1.68,80.0,EPEX,SSP
2026-04-12 08:00:00,0.0,0.42000000000000004,EPEX,0.0,0.0,0.42000000000000004,SFFR,15.400000000000002,0.0,3.959577994358269,Multi-Market,Idle,0.0,49.81,0.8,50.61,EPEX,SSP
2026-04-12 08:30:00,0.0,0.42000000000000004,EPEX,0.0,0.0,0.42000000000000004,SFFR,15.400000000000002,0.0,3.959577994358269,Multi-Market,Idle,0.0,49.63,0.8,50.43,EPEX,SSP
2026-04-12 09:00:00,0.0,0.42000000000000004,EPEX,0.0,0.0,0.42000000000000004,SFFR,15.400000000000002,-2.1,5.91832759550692,Multi-Market,Buy-SSP,14.364,30.69,-6.84,23.85,SSP,ISEM
2026-04-12 09:30:00,0.0,0.42000000000000004,EPEX,0.0,0.0,0.42000000000000004,SFFR,15.400000000000002,0.0,5.91832759550692,Multi-Market,Idle,0.0,24.82,0.0,24.82,EPEX,SSP
2026-04-12 10:00:00,0.0,0.42000000000000004,EPEX,-0.0,0.0,0.42000000000000004,SFFR,15.400000000000002,0.0,5.91832759550692,Multi-Market,Idle,0.0,25.93,-0.8,25.13,EPEX,SSP
2026-04-12 10:30:00,0.0,0.42000000000000004,EPEX,-0.0,0.0,0.42000000000000004,SFFR,15.400000000000002,0.0,5.91832759550692,Multi-Market,Idle,0.0,55.8,-0.8,55.0,EPEX,SSP
2026-04-12 11:00:00,0.0,0.42000000000000004,EPEX,-0.0,0.0,0.42000000000000004,SFFR,7.3500000000000005,0.0,5.91832759550692,Multi-Market,Idle,0.0,50.87,-1.0,49.87,EPEX,SSP
2026-04-12 11:30:00,0.0,0.42000000000000004,EPEX,-0.0,0.0,0.42000000000000004,SFFR,7.3500000000000005,0.0,5.91832759550692,Multi-Market,Idle,0.0,45.2,-1.0,44.2,EPEX,SSP
2026-04-12 12:00:00,-2.1,2.3787496011486513,EPEX,4.83,0.0,0.42000000000000004,SFFR,7.3500000000000005,0.0,5.91832759550692,Multi-Market,Idle,0.0,48.72,-2.3,46.42,EPEX,SSP
2026-04-12 12:30:00,-2.1,4.337499202297303,EPEX,4.83,0.0,0.42000000000000004,SFFR,7.3500000000000005,-0.11034482758620734,6.021250398851349,Multi-Market,Buy-EPEX,0.2537931034482769,51.9,-2.3,49.6,EPEX,SSP
2026-04-12 13:00:00,-1.8051707633737284,6.021250398851349,EPEX,3.808910310718567,0.0,0.42000000000000004,SFFR,7.3500000000000005,0.0,6.021250398851349,Multi-Market,Idle,0.0,67.41,-2.11,65.3,EPEX,SSP
2026-04-12 13:30:00,-2.1,7.9799999999999995,EPEX,4.431,0.0,0.42000000000000004,SFFR,7.3500000000000005,-2.1,7.9799999999999995,Multi-Market,Buy-SSP,19.047,12.51,-9.07,3.44,SSP,ISEM
2026-04-12 14:00:00,0.0,7.9799999999999995,EPEX,-0.0,0.0,0.42000000000000004,SFFR,7.3500000000000005,0.0,7.9799999999999995,Multi-Market,Idle,0.0,11.44,-0.4,11.04,EPEX,ISEM
2026-04-12 14:30:00,0.0,7.9799999999999995,EPEX,-0.0,0.0,0.42000000000000004,SFFR,7.3500000000000005,0.0,7.9799999999999995,Multi-Market,Idle,0.0,15.4,-0.4,15.0,EPEX,ISEM
2026-04-12 15:00:00,0.0,7.9799999999999995,EPEX,0.0,0.0,0.42000000000000004,SFFR,19.215,0.0,7.9799999999999995,Multi-Market,Idle,0.0,24.07,0.0,24.07,DA_HH,SSP
2026-04-12 15:30:00,0.0,7.9799999999999995,EPEX,0.0,0.0,0.42000000000000004,SFFR,19.215,0.0,7.9799999999999995,Multi-Market,Idle,0.0,12.779999999999998,5.3,18.08,EPEX,ISEM
2026-04-12 16:00:00,-0.0,7.9799999999999995,EPEX,-0.0,-2.1,2.3787496011486513,EPEX,-80.15700000000001,0.0,7.9799999999999995,Multi-Market,Idle,0.0,26.17,12.0,38.17,DA_HH,EPEX
2026-04-12 16:30:00,-0.0,7.9799999999999995,EPEX,-0.0,-2.1,4.337499202297303,EPEX,-80.15700000000001,-0.2687415938648643,7.9799999999999995,Multi-Market,Buy-EPEX,131.51800155140486,78.83,38.17,117.0,EPEX,SSP
2026-04-12 17:00:00,-0.0,7.9799999999999995,EPEX,-0.0,3.6540000000000004,0.42000000000000004,EPEX,326.70414,-0.0,7.9799999999999995,Multi-Market,Idle,-0.0,37.44,84.06,121.5,ISEM,SSP
2026-04-12 17:30:00,0.0,7.9799999999999995,EPEX,0.0,-0.0,0.42000000000000004,EPEX,-0.0,-0.0,7.9799999999999995,Multi-Market,Idle,-0.0,53.400000000000006,86.1,139.5,DA_HH,SSP
2026-04-12 18:00:00,-0.0,7.9799999999999995,EPEX,-0.0,0.0,0.42000000000000004,SFFR,19.215,3.3014985641351435,4.4404220056417305,Multi-Market,Sell-SSP,470.2984704610512,42.44999999999999,100.0,142.45,ISEM,SSP
2026-04-12 18:30:00,-0.0,7.9799999999999995,EPEX,-0.0,0.0,0.42000000000000004,SFFR,19.215,0.0,4.4404220056417305,Multi-Market,Idle,0.0,34.5,105.0,139.5,DA_HH,SSP
2026-04-12 19:00:00,-0.0,7.9799999999999995,EPEX,-0.0,0.0,0.42000000000000004,SFFR,22.189999999999998,0.0,4.4404220056417305,Multi-Market,Idle,0.0,27.14999999999999,115.3,142.45,DA_HH,SSP
2026-04-12 19:30:00,0.0,7.9799999999999995,EPEX,0.0,0.0,0.42000000000000004,SFFR,22.189999999999998,3.75,0.42000000000000004,Multi-Market,Sell-SSP,539.9625000000001,25.99000000000001,118.0,143.99,EPEX,SSP
2026-04-12 20:00:00,3.75,3.959577994358269,EPEX,447.375,0.0,0.42000000000000004,SFFR,22.189999999999998,0.0,0.42000000000000004,Multi-Market,Idle,0.0,24.549999999999983,117.9,142.45,DA_HH,SSP
2026-04-12 20:30:00,3.3014985641351435,0.42000000000000004,EPEX,393.86877870132264,0.0,0.42000000000000004,SFFR,22.189999999999998,-0.0,0.42000000000000004,Multi-Market,Idle,-0.0,23.14999999999999,119.3,142.45,EPEX,SSP
2026-04-12 21:00:00,-0.0,0.42000000000000004,EPEX,-0.0,0.0,0.42000000000000004,SFFR,22.189999999999998,0.0,0.42000000000000004,Multi-Market,Idle,0.0,24.67,96.83,121.5,SSP,ISEM
2026-04-12 21:30:00,-0.0,0.42000000000000004,EPEX,-0.0,0.0,0.42000000000000004,SFFR,22.189999999999998,0.0,0.42000000000000004,Multi-Market,Idle,0.0,5.890000000000001,113.7,119.59,DA_HH,SSP
2026-04-12 22:00:00,-0.0,0.42000000000000004,EPEX,-0.0,0.0,0.42000000000000004,SFFR,22.189999999999998,0.0,0.42000000000000004,Multi-Market,Idle,0.0,42.489999999999995,73.25,115.74,SSP,ISEM
2026-04-12 22:30:00,-0.0,0.42000000000000004,EPEX,-0.0,0.0,0.42000000000000004,SFFR,22.189999999999998,0.0,0.42000000000000004,Multi-Market,Idle,0.0,35.03,87.15,122.18,DA_HH,SSP
2026-04-12 23:00:00,0.0,0.42000000000000004,EPEX,0.0,0.0,0.42000000000000004,SFFR,7.0,-0.0,0.42000000000000004,Multi-Market,Idle,-0.0,36.28,93.0,129.28,EPEX,ISEM
2026-04-12 23:30:00,-0.0,0.42000000000000004,EPEX,-0.0,0.0,0.42000000000000004,SFFR,7.0,-0.0,0.42000000000000004,Multi-Market,Idle,-0.0,21.310000000000002,93.0,114.31,EPEX,ISEM
2026-04-13 00:00:00,0.0,0.42000000000000004,SFFR,14.594999999999999,0.0,0.42000000000000004,SFFR,7.0,-2.1,2.3787496011486513,Multi-Market,Buy-EPEX,-199.5,19.0,95.0,114.0,EPEX,DA_HH
2026-04-13 00:30:00,0.0,0.42000000000000004,SFFR,14.594999999999999,0.0,0.42000000000000004,SFFR,7.0,-2.1,4.337499202297303,Multi-Market,Buy-EPEX,-199.5,16.900000000000006,95.0,111.9,EPEX,SSP
2026-04-13 01:00:00,0.0,0.42000000000000004,SFFR,14.594999999999999,0.0,0.42000000000000004,SFFR,7.0,-1.8051707633737284,6.021250398851349,Multi-Market,Buy-EPEX,-171.4912225205042,16.900000000000006,95.0,111.9,EPEX,SSP
2026-04-13 01:30:00,0.0,0.42000000000000004,SFFR,14.594999999999999,0.0,0.42000000000000004,SFFR,7.0,-2.1,7.9799999999999995,Multi-Market,Buy-EPEX,-199.5,22.900000000000006,95.0,117.9,EPEX,SSP
2026-04-13 02:00:00,0.0,0.42000000000000004,SFFR,14.594999999999999,0.0,0.42000000000000004,SFFR,7.0,0.0,7.9799999999999995,Multi-Market,Idle,0.0,30.239999999999995,96.76,127.0,EPEX,SSP
2026-04-13 02:30:00,0.0,0.42000000000000004,SFFR,14.594999999999999,0.0,0.42000000000000004,SFFR,7.0,0.0,7.9799999999999995,Multi-Market,Idle,0.0,30.239999999999995,96.76,127.0,EPEX,SSP
2026-04-13 03:00:00,0.0,0.42000000000000004,SFFR,14.594999999999999,0.0,0.42000000000000004,SFFR,9.555,0.0,7.9799999999999995,Multi-Market,Idle,0.0,30.459999999999994,96.54,127.0,EPEX,SSP
2026-04-13 03:30:00,0.0,0.42000000000000004,SFFR,14.594999999999999,0.0,0.42000000000000004,SFFR,9.555,0.0,7.9799999999999995,Multi-Market,Idle,0.0,30.459999999999994,96.54,127.0,EPEX,SSP
2026-04-13 04:00:00,0.0,0.42000000000000004,SFFR,14.594999999999999,0.0,0.42000000000000004,SFFR,9.555,0.0,7.9799999999999995,Multi-Market,Idle,0.0,25.069999999999993,101.93,127.0,EPEX,SSP
2026-04-13 04:30:00,0.0,0.42000000000000004,SFFR,14.594999999999999,0.0,0.42000000000000004,SFFR,9.555,0.0,7.9799999999999995,Multi-Market,Idle,0.0,25.47,101.93,127.4,EPEX,SSP
2026-04-13 05:00:00,0.0,0.42000000000000004,SFFR,14.594999999999999,0.0,0.42000000000000004,SFFR,9.555,0.0,7.9799999999999995,Multi-Market,Idle,0.0,36.639999999999986,110.0,146.64,ISEM,SSP
2026-04-13 05:30:00,0.0,0.42000000000000004,SFFR,14.594999999999999,0.0,0.42000000000000004,SFFR,9.555,0.0,7.9799999999999995,Multi-Market,Idle,0.0,37.0,110.0,147.0,ISEM,SSP
2026-04-13 06:00:00,0.0,0.42000000000000004,SFFR,14.594999999999999,0.0,0.42000000000000004,SFFR,9.555,-0.0,7.9799999999999995,Multi-Market,Idle,-0.0,37.730000000000004,122.27,160.0,ISEM,SSP
2026-04-13 06:30:00,0.0,0.42000000000000004,SFFR,14.594999999999999,0.0,0.42000000000000004,SFFR,9.555,-0.0,7.9799999999999995,Multi-Market,Idle,-0.0,47.24000000000001,128.09,175.33,EPEX,SSP
2026-04-13 07:00:00,0.0,0.42000000000000004,SFFR,14.594999999999999,0.0,0.42000000000000004,SFFR,24.255,-0.0,7.9799999999999995,Multi-Market,Idle,-0.0,44.639999999999986,132.58,177.22,EPEX,SSP
2026-04-13 07:30:00,0.0,0.42000000000000004,SFFR,14.594999999999999,0.0,0.42000000000000004,SFFR,24.255,3.75,3.959577994358269,Multi-Market,Sell-SSP,746.625,66.51999999999998,132.58,199.1,EPEX,SSP
2026-04-13 08:00:00,0.0,0.42000000000000004,SFFR,14.594999999999999,0.0,0.42000000000000004,SFFR,24.255,3.2344811082013147,0.42000000000000004,Multi-Market,Buy-EPEX,744.3711083995128,92.96,122.36,215.32,EPEX,SSP
2026-04-13 08:30:00,0.0,0.42000000000000004,SFFR,14.594999999999999,0.0,0.42000000000000004,SFFR,24.255,0.0,0.42000000000000004,Multi-Market,Idle,0.0,57.540000000000006,122.36,179.9,EPEX,SSP
2026-04-13 09:00:00,0.0,0.42000000000000004,SFFR,14.594999999999999,0.0,0.42000000000000004,SFFR,24.255,-2.1,2.3787496011486517,Multi-Market,Buy-SSP,-168.0,59.22,80.0,139.22,SSP,ISEM
2026-04-13 09:30:00,0.0,0.42000000000000004,SFFR,14.594999999999999,0.0,0.42000000000000004,SFFR,24.255,-2.1,4.337499202297303,Multi-Market,Buy-SSP,-85.84800000000001,76.21000000000001,40.88,117.09,SSP,DA_HH
2026-04-13 10:00:00,0.0,0.42000000000000004,SFFR,14.594999999999999,0.0,0.42000000000000004,SFFR,24.255,0.0,4.337499202297303,Multi-Market,Idle,0.0,18.090000000000003,91.91,110.0,SSP,ISEM
2026-04-13 10:30:00,0.0,0.42000000000000004,SFFR,14.594999999999999,0.0,0.42000000000000004,SFFR,24.255,0.0,4.337499202297303,Multi-Market,Idle,0.0,17.89999999999999,87.12,105.02,SSP,DA_HH
2026-04-13 11:00:00,0.0,0.42000000000000004,SFFR,14.594999999999999,0.0,0.42000000000000004,SFFR,10.15,0.0,4.337499202297303,Multi-Market,Idle,0.0,4.950000000000003,97.06,102.01,EPEX,ISEM
2026-04-13 11:30:00,0.0,0.42000000000000004,SFFR,14.594999999999999,0.0,0.42000000000000004,SFFR,10.15,0.0,4.337499202297303,Multi-Market,Idle,0.0,4.3500000000000085,94.05,98.4,SSP,ISEM
2026-04-13 12:00:00,0.0,0.42000000000000004,SFFR,14.594999999999999,0.0,0.42000000000000004,SFFR,10.15,0.0,4.337499202297303,Multi-Market,Idle,0.0,9.299999999999997,89.78,99.08,SSP,ISEM
2026-04-13 12:30:00,0.0,0.42000000000000004,SFFR,14.594999999999999,0.0,0.42000000000000004,SFFR,10.15,0.0,4.337499202297303,Multi-Market,Idle,0.0,10.180000000000007,88.82,99.0,SSP,DA_HH
2026-04-13 13:00:00,0.0,0.42000000000000004,SFFR,14.594999999999999,0.0,0.42000000000000004,SFFR,10.15,0.0,4.337499202297303,Multi-Market,Idle,0.0,7.519999999999996,91.48,99.0,EPEX,DA_HH
2026-04-13 13:30:00,0.0,0.42000000000000004,SFFR,14.594999999999999,0.0,0.42000000000000004,SFFR,10.15,-1.6620689655172431,5.887773927672756,Multi-Market,Buy-SSP,-142.5224137931036,11.25,85.75,97.0,SSP,ISEM
2026-04-13 14:00:00,0.0,0.42000000000000004,SFFR,14.594999999999999,0.0,0.42000000000000004,SFFR,10.15,0.0,5.887773927672756,Multi-Market,Idle,0.0,30.450000000000003,91.0,121.45,EPEX,SSP
2026-04-13 14:30:00,0.0,0.42000000000000004,SFFR,14.594999999999999,0.0,0.42000000000000004,SFFR,10.15,0.0,5.887773927672756,Multi-Market,Idle,0.0,31.900000000000006,91.0,122.9,EPEX,SSP
2026-04-13 15:00:00,0.0,0.42000000000000004,SFFR,14.594999999999999,0.0,0.42000000000000004,SFFR,26.985,0.0,5.887773927672756,Multi-Market,Idle,0.0,13.450000000000003,85.75,99.2,SSP,DA_HH
2026-04-13 15:30:00,0.0,0.42000000000000004,SFFR,14.594999999999999,0.0,0.42000000000000004,SFFR,26.985,0.0,5.887773927672756,Multi-Market,Idle,0.0,14.329999999999998,85.75,100.08,SSP,ISEM
2026-04-13 16:00:00,0.0,0.42000000000000004,SFFR,14.594999999999999,0.0,0.42000000000000004,SFFR,26.985,0.0,5.887773927672756,Multi-Market,Idle,0.0,16.22,85.78,102.0,SSP,EPEX
2026-04-13 16:30:00,0.0,0.42000000000000004,SFFR,14.594999999999999,0.0,0.42000000000000004,SFFR,26.985,0.0,5.887773927672756,Multi-Market,Idle,0.0,28.83,85.78,114.61,SSP,ISEM
2026-04-13 17:00:00,0.0,0.42000000000000004,SFFR,14.594999999999999,0.0,0.42000000000000004,SFFR,26.985,0.0,5.887773927672756,Multi-Market,Idle,0.0,32.78999999999999,85.78,118.57,SSP,EPEX
2026-04-13 17:30:00,0.0,0.42000000000000004,SFFR,14.594999999999999,0.0,0.42000000000000004,SFFR,26.985,0.0,5.887773927672756,Multi-Market,Idle,0.0,14.430000000000007,118.57,133.0,EPEX,ISEM
2026-04-13 18:00:00,0.0,0.42000000000000004,SFFR,14.594999999999999,0.0,0.42000000000000004,SFFR,26.985,0.0,5.887773927672756,Multi-Market,Idle,0.0,13.659999999999997,121.62,135.28,SSP,EPEX
2026-04-13 18:30:00,0.0,0.42000000000000004,SFFR,14.594999999999999,0.0,0.42000000000000004,SFFR,26.985,0.0,5.887773927672756,Multi-Market,Idle,0.0,33.77999999999999,103.42,137.2,SSP,DA_HH
2026-04-13 19:00:00,0.0,0.42000000000000004,SFFR,14.594999999999999,0.0,0.42000000000000004,SFFR,8.75,1.3500000000000019,4.4404220056417305,Multi-Market,Sell-EPEX,190.41750000000027,23.940000000000012,117.11,141.05,SSP,EPEX
2026-04-13 19:30:00,0.0,0.42000000000000004,SFFR,14.594999999999999,0.0,0.42000000000000004,SFFR,8.75,3.75,0.42000000000000004,Multi-Market,Sell-EPEX,528.9375,6.469999999999999,134.58,141.05,ISEM,EPEX
2026-04-13 20:00:00,0.0,0.42000000000000004,SFFR,14.594999999999999,0.0,0.42000000000000004,SFFR,8.75,0.0,0.42000000000000004,Multi-Market,Idle,0.0,6.319999999999993,131.65,137.97,SSP,EPEX
2026-04-13 20:30:00,0.0,0.42000000000000004,SFFR,14.594999999999999,0.0,0.42000000000000004,SFFR,8.75,-0.0,0.42000000000000004,Multi-Market,Idle,-0.0,39.92999999999999,98.04,137.97,SSP,EPEX
2026-04-13 21:00:00,0.0,0.42000000000000004,SFFR,14.594999999999999,0.0,0.42000000000000004,SFFR,8.75,-0.0,0.42000000000000004,Multi-Market,Idle,-0.0,45.769999999999996,85.8,131.57,SSP,DA_HH
2026-04-13 21:30:00,0.0,0.42000000000000004,SFFR,14.594999999999999,0.0,0.42000000000000004,SFFR,8.75,-0.0,0.42000000000000004,Multi-Market,Idle,-0.0,44.8,85.8,130.6,SSP,EPEX
2026-04-13 22:00:00,0.0,0.42000000000000004,SFFR,14.594999999999999,0.0,0.42000000000000004,SFFR,8.75,0.0,0.42000000000000004,Multi-Market,Idle,0.0,9.599999999999994,112.0,121.6,EPEX,SSP
2026-04-13 22:30:00,0.0,0.42000000000000004,SFFR,14.594999999999999,0.0,0.42000000000000004,SFFR,8.75,-0.0,0.42000000000000004,Multi-Market,Idle,-0.0,34.2,95.79,129.99,DA_HH,SSP
2026-04-13 23:00:00,0.0,0.42000000000000004,SFFR,14.594999999999999,0.0,0.42000000000000004,SFFR,10.5,-0.0,0.42000000000000004,Multi-Market,Idle,-0.0,14.760000000000005,103.24,118.0,ISEM,SSP
2026-04-13 23:30:00,0.0,0.42000000000000004,SFFR,14.594999999999999,0.0,0.42000000000000004,SFFR,10.5,-0.0,0.42000000000000004,Multi-Market,Idle,-0.0,15.64,89.35,104.99,SSP,EPEX
2026-04-14 00:00:00,0.0,0.42000000000000004,SFFR,15.919166666666667,0.0,0.42000000000000004,SFFR,10.5,0.0,0.42000000000000004,Multi-Market,Idle,0.0,4.0,97.0,101.0,ISEM,EPEX
2026-04-14 00:30:00,0.0,0.42000000000000004,SFFR,15.919166666666667,0.0,0.42000000000000004,SFFR,10.5,0.0,0.42000000000000004,Multi-Market,Idle,0.0,4.0,97.0,101.0,ISEM,EPEX
2026-04-14 01:00:00,0.0,0.42000000000000004,SFFR,15.919166666666667,0.0,0.42000000000000004,SFFR,10.5,-0.07758785731592915,0.4923691355102642,Multi-Market,Buy-SSP,-6.87816355105712,12.25,88.65,100.9,SSP,EPEX
2026-04-14 01:30:00,0.0,0.42000000000000004,SFFR,15.919166666666667,0.0,0.42000000000000004,SFFR,10.5,0.0,0.4923691355102642,Multi-Market,Idle,0.0,10.240000000000009,90.66,100.9,SSP,EPEX
2026-04-14 02:00:00,0.0,0.42000000000000004,SFFR,15.919166666666667,0.0,0.42000000000000004,SFFR,10.5,-2.1,2.4511187366589153,Multi-Market,Buy-SSP,-172.57800000000003,17.72,82.18,99.9,SSP,EPEX
2026-04-14 02:30:00,0.0,0.42000000000000004,SFFR,15.919166666666667,0.0,0.42000000000000004,SFFR,10.5,-2.1,4.409868337807566,Multi-Market,Buy-SSP,-172.45200000000003,17.78,82.12,99.9,SSP,EPEX
2026-04-14 03:00:00,0.0,0.42000000000000004,SFFR,15.919166666666667,0.0,0.42000000000000004,SFFR,8.75,0.0,4.409868337807566,Multi-Market,Idle,0.0,26.450000000000003,97.86,124.31,EPEX,SSP
2026-04-14 03:30:00,0.0,0.42000000000000004,SFFR,15.919166666666667,0.0,0.42000000000000004,SFFR,8.75,0.0,4.409868337807566,Multi-Market,Idle,0.0,17.0,97.0,114.0,DA_HH,SSP
2026-04-14 04:00:00,0.0,0.42000000000000004,SFFR,15.919166666666667,0.0,0.42000000000000004,SFFR,8.75,-2.1,6.368617938956217,Multi-Market,Buy-SSP,-170.625,23.069999999999993,81.25,104.32,SSP,ISEM
2026-04-14 04:30:00,0.0,0.42000000000000004,SFFR,15.919166666666667,0.0,0.42000000000000004,SFFR,8.75,0.0,6.368617938956217,Multi-Market,Idle,0.0,13.879999999999995,90.62,104.5,SSP,ISEM
2026-04-14 05:00:00,0.0,0.42000000000000004,SFFR,15.919166666666667,0.0,0.42000000000000004,SFFR,8.75,0.0,6.368617938956217,Multi-Market,Idle,0.0,34.040000000000006,108.52,142.56,DA_HH,SSP
2026-04-14 05:30:00,0.0,0.42000000000000004,SFFR,15.919166666666667,0.0,0.42000000000000004,SFFR,8.75,0.0,6.368617938956217,Multi-Market,Idle,0.0,28.640000000000015,110.35,138.99,EPEX,SSP
2026-04-14 06:00:00,0.0,0.42000000000000004,SFFR,15.919166666666667,0.0,0.42000000000000004,SFFR,8.75,0.0,6.368617938956217,Multi-Market,Idle,0.0,16.58,127.92,144.5,DA_HH,SSP
2026-04-14 06:30:00,0.0,0.42000000000000004,SFFR,15.919166666666667,0.0,0.42000000000000004,SFFR,8.75,3.75,2.3481959333144866,Multi-Market,Sell-SSP,590.625,26.80000000000001,130.7,157.5,EPEX,SSP
2026-04-14 07:00:00,0.0,0.42000000000000004,SFFR,15.919166666666667,0.0,0.42000000000000004,SFFR,12.25,0.0,2.3481959333144866,Multi-Market,Idle,0.0,16.730000000000018,130.17,146.9,EPEX,SSP
2026-04-14 07:30:00,0.0,0.42000000000000004,SFFR,15.919166666666667,0.0,0.42000000000000004,SFFR,12.25,1.798501435864858,0.42000000000000004,Multi-Market,Sell-DA_HH,267.97671394386384,18.830000000000013,130.17,149.0,EPEX,DA_HH
2026-04-14 08:00:00,0.0,0.42000000000000004,SFFR,15.919166666666667,0.0,0.42000000000000004,SFFR,12.25,-0.0,0.42000000000000004,Multi-Market,Idle,-0.0,21.33,123.17,144.5,EPEX,SSP
2026-04-14 08:30:00,0.0,0.42000000000000004,SFFR,15.919166666666667,0.0,0.42000000000000004,SFFR,12.25,-0.0,0.42000000000000004,Multi-Market,Idle,-0.0,21.33,123.17,144.5,EPEX,SSP
2026-04-14 09:00:00,0.0,0.42000000000000004,SFFR,15.919166666666667,0.0,0.42000000000000004,SFFR,12.25,0.0,0.42000000000000004,Multi-Market,Idle,0.0,26.789999999999992,83.23,110.02,SSP,DA_HH
2026-04-14 09:30:00,0.0,0.42000000000000004,SFFR,15.919166666666667,0.0,0.42000000000000004,SFFR,12.25,0.0,0.42000000000000004,Multi-Market,Idle,0.0,25.239999999999995,82.26,107.5,SSP,EPEX
2026-04-14 10:00:00,0.0,0.42000000000000004,SFFR,15.919166666666667,0.0,0.42000000000000004,SFFR,12.25,0.0,0.42000000000000004,Multi-Market,Idle,0.0,18.739999999999995,82.26,101.0,SSP,DA_HH
2026-04-14 10:30:00,0.0,0.42000000000000004,SFFR,15.919166666666667,0.0,0.42000000000000004,SFFR,12.25,0.0,0.42000000000000004,Multi-Market,Idle,0.0,17.86,81.14,99.0,SSP,DA_HH
2026-04-14 11:00:00,0.0,0.42000000000000004,SFFR,15.919166666666667,0.0,0.42000000000000004,SFFR,11.305,0.0,0.42000000000000004,Multi-Market,Idle,0.0,22.299999999999997,80.0,102.3,SSP,ISEM
2026-04-14 11:30:00,0.0,0.42000000000000004,SFFR,15.919166666666667,0.0,0.42000000000000004,SFFR,11.305,0.0,0.42000000000000004,Multi-Market,Idle,0.0,18.799999999999997,80.0,98.8,SSP,EPEX
2026-04-14 12:00:00,0.0,0.42000000000000004,SFFR,15.919166666666667,0.0,0.42000000000000004,SFFR,11.305,-1.8051707633737293,2.1037511965540467,Multi-Market,Buy-SSP,-111.45124293069405,34.43,61.74,96.17,SSP,EPEX
2026-04-14 12:30:00,0.0,0.42000000000000004,SFFR,15.919166666666667,0.0,0.42000000000000004,SFFR,11.305,0.0,2.1037511965540467,Multi-Market,Idle,0.0,32.72,63.45,96.17,SSP,EPEX
2026-04-14 13:00:00,0.0,0.42000000000000004,SFFR,15.919166666666667,0.0,0.42000000000000004,SFFR,11.305,-2.1,4.062500797702698,Multi-Market,Buy-SSP,-105.021,43.77,50.01,93.78,SSP,EPEX
2026-04-14 13:30:00,0.0,0.42000000000000004,SFFR,15.919166666666667,0.0,0.42000000000000004,SFFR,11.305,-2.1,6.021250398851349,Multi-Market,Buy-SSP,-85.995,52.83,40.95,93.78,SSP,EPEX
2026-04-14 14:00:00,0.0,0.42000000000000004,SFFR,15.919166666666667,0.0,0.42000000000000004,SFFR,11.305,-2.1,7.9799999999999995,Multi-Market,Buy-SSP,-116.21400000000001,38.08,55.34,93.42,SSP,DA_HH
2026-04-14 14:30:00,0.0,0.42000000000000004,SFFR,15.919166666666667,0.0,0.42000000000000004,SFFR,11.305,0.0,7.9799999999999995,Multi-Market,Idle,0.0,22.409999999999997,71.01,93.42,SSP,DA_HH
2026-04-14 15:00:00,0.0,0.42000000000000004,SFFR,15.919166666666667,0.0,0.42000000000000004,SFFR,28.0,0.0,7.9799999999999995,Multi-Market,Idle,0.0,12.349999999999994,92.65,105.0,EPEX,SSP
2026-04-14 15:30:00,0.0,0.42000000000000004,SFFR,15.919166666666667,0.0,0.42000000000000004,SFFR,28.0,0.0,7.9799999999999995,Multi-Market,Idle,0.0,6.359999999999999,89.55,95.91,SSP,ISEM
2026-04-14 16:00:00,0.0,0.42000000000000004,SFFR,15.919166666666667,0.0,0.42000000000000004,SFFR,28.0,0.0,7.9799999999999995,Multi-Market,Idle,0.0,4.980000000000004,97.28,102.26,SSP,EPEX
2026-04-14 16:30:00,0.0,0.42000000000000004,SFFR,15.919166666666667,0.0,0.42000000000000004,SFFR,28.0,-0.0,7.9799999999999995,Multi-Market,Idle,-0.0,18.72999999999999,102.26,120.99,EPEX,SSP
2026-04-14 17:00:00,0.0,0.42000000000000004,SFFR,15.919166666666667,0.0,0.42000000000000004,SFFR,28.0,0.0,7.9799999999999995,Multi-Market,Idle,0.0,7.540000000000006,112.46,120.0,EPEX,ISEM
2026-04-14 17:30:00,0.0,0.42000000000000004,SFFR,15.919166666666667,0.0,0.42000000000000004,SFFR,28.0,-0.0,7.9799999999999995,Multi-Market,Idle,-0.0,15.040000000000006,112.46,127.5,EPEX,DA_HH
2026-04-14 18:00:00,0.0,0.42000000000000004,SFFR,15.919166666666667,0.0,0.42000000000000004,SFFR,28.0,0.0,7.9799999999999995,Multi-Market,Idle,0.0,4.400000000000006,119.6,124.0,DA_HH,SSP
2026-04-14 18:30:00,0.0,0.42000000000000004,SFFR,15.919166666666667,0.0,0.42000000000000004,SFFR,28.0,0.0,7.9799999999999995,Multi-Market,Idle,0.0,8.010000000000005,117.0,125.01,DA_HH,SSP
2026-04-14 19:00:00,0.0,0.42000000000000004,SFFR,15.919166666666667,0.0,0.42000000000000004,SFFR,25.724999999999998,0.0,7.9799999999999995,Multi-Market,Idle,0.0,3.010000000000005,122.8,125.81,EPEX,ISEM
2026-04-14 19:30:00,0.0,0.42000000000000004,SFFR,15.919166666666667,0.0,0.42000000000000004,SFFR,25.724999999999998,-0.0,7.9799999999999995,Multi-Market,Idle,-0.0,12.200000000000003,122.8,135.0,EPEX,SSP
2026-04-14 20:00:00,0.0,0.42000000000000004,SFFR,15.919166666666667,0.0,0.42000000000000004,SFFR,25.724999999999998,3.3014985641351435,4.4404220056417305,Multi-Market,Sell-SSP,445.70230615824437,18.439999999999998,116.56,135.0,EPEX,SSP
2026-04-14 20:30:00,0.0,0.42000000000000004,SFFR,15.919166666666667,0.0,0.42000000000000004,SFFR,25.724999999999998,0.0,4.4404220056417305,Multi-Market,Idle,0.0,20.0,115.0,135.0,DA_HH,SSP
2026-04-14 21:00:00,0.0,0.42000000000000004,SFFR,15.919166666666667,0.0,0.42000000000000004,SFFR,25.724999999999998,3.75,0.42000000000000004,Multi-Market,Sell-SSP,524.925,32.639999999999986,107.34,139.98,EPEX,SSP
2026-04-14 21:30:00,0.0,0.42000000000000004,SFFR,15.919166666666667,0.0,0.42000000000000004,SFFR,25.724999999999998,-0.0,0.42000000000000004,Multi-Market,Idle,-0.0,21.0,99.0,120.0,DA_HH,SSP
2026-04-14 22:00:00,0.0,0.42000000000000004,SFFR,15.919166666666667,0.0,0.42000000000000004,SFFR,25.724999999999998,0.0,0.42000000000000004,Multi-Market,Idle,0.0,8.689999999999998,95.31,104.0,EPEX,ISEM
2026-04-14 22:30:00,0.0,0.42000000000000004,SFFR,15.919166666666667,0.0,0.42000000000000004,SFFR,25.724999999999998,-0.0,0.42000000000000004,Multi-Market,Idle,-0.0,24.189999999999998,95.31,119.5,EPEX,SSP
2026-04-14 23:00:00,0.0,0.42000000000000004,SFFR,15.919166666666667,0.0,0.42000000000000004,SFFR,6.44,-0.0,0.42000000000000004,Multi-Market,Idle,-0.0,21.11,80.3,101.41,EPEX,SSP
2026-04-14 23:30:00,0.0,0.42000000000000004,SFFR,15.919166666666667,0.0,0.42000000000000004,SFFR,6.44,-0.0,0.42000000000000004,Multi-Market,Idle,-0.0,7.070000000000007,73.94,81.01,SSP,DA_HH
2026-04-15 00:00:00,0.0,0.42000000000000004,EPEX,0.0,0.0,0.42000000000000004,SFFR,6.44,0.0,0.42000000000000004,Multi-Market,Idle,0.0,10.099999999999994,70.59,80.69,SSP,DA_HH
2026-04-15 00:30:00,0.0,0.42000000000000004,EPEX,0.0,0.0,0.42000000000000004,SFFR,6.44,0.0,0.42000000000000004,Multi-Market,Idle,0.0,25.129999999999995,53.47,78.6,SSP,ISEM
2026-04-15 01:00:00,0.0,0.42000000000000004,EPEX,0.0,0.0,0.42000000000000004,SFFR,6.44,0.0,0.42000000000000004,Multi-Market,Idle,0.0,14.599999999999994,58.0,72.6,SSP,ISEM
2026-04-15 01:30:00,0.0,0.42000000000000004,EPEX,0.0,0.0,0.42000000000000004,SFFR,6.44,0.0,0.42000000000000004,Multi-Market,Idle,0.0,18.379999999999995,66.62,85.0,EPEX,SSP
2026-04-15 02:00:00,0.0,0.42000000000000004,EPEX,0.0,0.0,0.42000000000000004,SFFR,6.44,0.0,0.42000000000000004,Multi-Market,Idle,0.0,28.21,59.29,87.5,EPEX,SSP
2026-04-15 02:30:00,0.0,0.42000000000000004,EPEX,0.0,0.0,0.42000000000000004,SFFR,6.44,0.0,0.42000000000000004,Multi-Market,Idle,0.0,37.71,59.29,97.0,EPEX,SSP
2026-04-15 03:00:00,-2.1,2.3787496011486513,EPEX,-123.69,0.0,0.42000000000000004,SFFR,6.755,0.0,0.42000000000000004,Multi-Market,Idle,0.0,39.1,58.9,98.0,EPEX,SSP
2026-04-15 03:30:00,-2.1,4.337499202297303,EPEX,-123.69,0.0,0.42000000000000004,SFFR,6.755,0.0,0.42000000000000004,Multi-Market,Idle,0.0,36.63,58.9,95.53,EPEX,SSP
2026-04-15 04:00:00,-0.07758785731592857,4.409868337807566,EPEX,-4.569924795908193,0.0,0.42000000000000004,SFFR,6.755,0.0,0.42000000000000004,Multi-Market,Idle,0.0,52.309999999999995,58.9,111.21,EPEX,SSP
2026-04-15 04:30:00,-2.1,6.368617938956217,EPEX,-123.69,0.0,0.42000000000000004,SFFR,6.755,0.0,0.42000000000000004,Multi-Market,Idle,0.0,48.1,58.9,107.0,EPEX,SSP
2026-04-15 05:00:00,0.0,6.368617938956217,EPEX,0.0,0.0,0.42000000000000004,SFFR,6.755,0.0,0.42000000000000004,Multi-Market,Idle,0.0,6.300000000000011,66.6,72.9,DA_HH,ISEM
2026-04-15 05:30:00,0.0,6.368617938956217,EPEX,0.0,0.0,0.42000000000000004,SFFR,6.755,0.0,0.42000000000000004,Multi-Market,Idle,0.0,41.620000000000005,70.05,111.67,DA_HH,SSP
2026-04-15 06:00:00,0.0,6.368617938956217,EPEX,0.0,0.0,0.42000000000000004,SFFR,6.755,0.0,0.42000000000000004,Multi-Market,Idle,0.0,30.450000000000003,84.0,114.45,DA_HH,SSP
2026-04-15 06:30:00,0.0,6.368617938956217,EPEX,0.0,0.0,0.42000000000000004,SFFR,6.755,0.0,0.42000000000000004,Multi-Market,Idle,0.0,17.450000000000003,99.55,117.0,EPEX,SSP
2026-04-15 07:00:00,1.798501435864858,4.4404220056417305,EPEX,194.7417354754468,0.0,0.42000000000000004,SFFR,21.0,-0.0,0.42000000000000004,Multi-Market,Idle,-0.0,20.620000000000005,108.28,128.9,EPEX,SSP
2026-04-15 07:30:00,3.75,0.42000000000000004,EPEX,406.05,0.0,0.42000000000000004,SFFR,21.0,-0.0,0.42000000000000004,Multi-Market,Idle,-0.0,20.52000000000001,108.28,128.8,EPEX,SSP
2026-04-15 08:00:00,-0.0,0.42000000000000004,EPEX,-0.0,0.0,0.42000000000000004,SFFR,21.0,-0.0,0.42000000000000004,Multi-Market,Idle,-0.0,26.36999999999999,95.48,121.85,ISEM,SSP
2026-04-15 08:30:00,-0.0,0.42000000000000004,EPEX,-0.0,0.0,0.42000000000000004,SFFR,21.0,-0.0,0.42000000000000004,Multi-Market,Idle,-0.0,26.0,94.0,120.0,ISEM,SSP
2026-04-15 09:00:00,0.0,0.42000000000000004,EPEX,0.0,0.0,0.42000000000000004,SFFR,21.0,0.0,0.42000000000000004,Multi-Market,Idle,0.0,12.0,79.65,91.65,ISEM,DA_HH
2026-04-15 09:30:00,0.0,0.42000000000000004,EPEX,0.0,0.0,0.42000000000000004,SFFR,21.0,0.0,0.42000000000000004,Multi-Market,Idle,0.0,11.0,70.0,81.0,ISEM,EPEX
2026-04-15 10:00:00,0.0,0.42000000000000004,EPEX,0.0,0.0,0.42000000000000004,SFFR,21.0,0.0,0.42000000000000004,Multi-Market,Idle,0.0,10.659999999999997,59.0,69.66,ISEM,SSP
2026-04-15 10:30:00,0.0,0.42000000000000004,EPEX,0.0,0.0,0.42000000000000004,SFFR,21.0,0.0,0.42000000000000004,Multi-Market,Idle,0.0,6.399999999999999,57.0,63.4,DA_HH,SSP
2026-04-15 11:00:00,0.0,0.42000000000000004,EPEX,0.0,0.0,0.42000000000000004,SFFR,8.75,-2.1,2.3787496011486513,Multi-Market,Buy-SSP,-48.153,25.08,22.93,48.01,SSP,DA_HH
2026-04-15 11:30:00,0.0,0.42000000000000004,EPEX,0.0,0.0,0.42000000000000004,SFFR,8.75,-2.1,4.337499202297303,Multi-Market,Buy-SSP,-16.422,40.18,7.82,48.0,SSP,ISEM
2026-04-15 12:00:00,-1.8051707633737293,2.1037511965540467,EPEX,-64.98614748145425,0.0,0.42000000000000004,SFFR,8.75,-2.1,6.296248803445954,Multi-Market,Buy-SSP,-73.41600000000001,13.04,34.96,48.0,SSP,ISEM
2026-04-15 12:30:00,-2.1,4.062500797702698,EPEX,-75.60000000000001,0.0,0.42000000000000004,SFFR,8.75,0.0,6.296248803445954,Multi-Market,Idle,0.0,28.700000000000003,36.0,64.7,EPEX,SSP
2026-04-15 13:00:00,-2.1,6.021250398851349,EPEX,-75.60000000000001,0.0,0.42000000000000004,SFFR,8.75,-1.8051707633737284,7.9799999999999995,Multi-Market,Buy-EPEX,-64.98614748145422,36.0,36.0,72.0,EPEX,SSP
2026-04-15 13:30:00,-2.1,7.9799999999999995,EPEX,-75.60000000000001,0.0,0.42000000000000004,SFFR,8.75,-0.27300000000000035,7.9799999999999995,Multi-Market,Buy-EPEX,129.02399999999994,76.0,36.0,112.0,EPEX,SSP
2026-04-15 14:00:00,0.0,7.9799999999999995,EPEX,0.0,0.0,0.42000000000000004,SFFR,8.75,1.8269999999999997,6.021250398851349,Multi-Market,Sell-SSP,207.36449999999996,70.5,43.0,113.5,DA_HH,SSP
2026-04-15 14:30:00,0.0,7.9799999999999995,EPEX,0.0,0.0,0.42000000000000004,SFFR,8.75,-2.1,7.9799999999999995,Multi-Market,Buy-DA_HH,-82.824,73.56,39.44,113.0,DA_HH,SSP
2026-04-15 15:00:00,0.0,7.9799999999999995,EPEX,0.0,0.0,0.42000000000000004,SFFR,21.0,-0.20549856413514211,7.907630864489736,Multi-Market,Buy-DA_HH,161.60981982292705,88.19,26.6,114.79,DA_HH,SSP
2026-04-15 15:30:00,0.0,7.9799999999999995,EPEX,0.0,0.0,0.42000000000000004,SFFR,21.0,-0.07758785731592857,7.9799999999999995,Multi-Market,Buy-DA_HH,-3.1826539070993904,43.79999999999999,41.02,84.82,DA_HH,SSP
2026-04-15 16:00:00,0.0,7.9799999999999995,EPEX,0.0,0.0,0.42000000000000004,SFFR,21.0,0.0,7.9799999999999995,Multi-Market,Idle,0.0,40.410000000000004,49.02,89.43,DA_HH,SSP
2026-04-15 16:30:00,0.0,7.9799999999999995,EPEX,0.0,0.0,0.42000000000000004,SFFR,21.0,0.0,7.9799999999999995,Multi-Market,Idle,0.0,9.530000000000001,76.47,86.0,EPEX,DA_HH
2026-04-15 17:00:00,-0.0,7.9799999999999995,EPEX,-0.0,0.0,0.42000000000000004,SFFR,21.0,0.0,7.9799999999999995,Multi-Market,Idle,0.0,5.75,98.18,103.93,ISEM,SSP
2026-04-15 17:30:00,0.0,7.9799999999999995,EPEX,0.0,0.0,0.42000000000000004,SFFR,21.0,0.0,7.9799999999999995,Multi-Market,Idle,0.0,58.599999999999994,45.0,103.6,SSP,DA_HH
2026-04-15 18:00:00,-0.0,7.9799999999999995,EPEX,-0.0,0.0,0.42000000000000004,SFFR,21.0,0.0,7.9799999999999995,Multi-Market,Idle,0.0,42.519999999999996,66.0,108.52,SSP,EPEX
2026-04-15 18:30:00,-0.0,7.9799999999999995,EPEX,-0.0,0.0,0.42000000000000004,SFFR,21.0,0.0,7.9799999999999995,Multi-Market,Idle,0.0,5.519999999999996,103.0,108.52,ISEM,EPEX
2026-04-15 19:00:00,-0.0,7.9799999999999995,EPEX,-0.0,0.0,0.42000000000000004,SFFR,22.925,-0.0,7.9799999999999995,Multi-Market,Idle,-0.0,12.63000000000001,103.6,116.23,SSP,EPEX
2026-04-15 19:30:00,0.0,7.9799999999999995,EPEX,0.0,0.0,0.42000000000000004,SFFR,22.925,0.0,7.9799999999999995,Multi-Market,Idle,0.0,18.00999999999999,110.0,128.01,ISEM,SSP
2026-04-15 20:00:00,3.75,3.959577994358269,EPEX,438.75,0.0,0.42000000000000004,SFFR,22.925,3.75,3.959577994358269,Multi-Market,Sell-SSP,504.0,25.400000000000006,109.0,134.4,DA_HH,SSP
2026-04-15 20:30:00,3.3014985641351435,0.42000000000000004,EPEX,386.2753320038118,0.0,0.42000000000000004,SFFR,22.925,3.3014985641351435,0.42000000000000004,Multi-Market,Sell-SSP,443.7214070197633,24.400000000000006,110.0,134.4,ISEM,SSP
2026-04-15 21:00:00,-0.0,0.42000000000000004,EPEX,-0.0,0.0,0.42000000000000004,SFFR,22.925,-0.0,0.42000000000000004,Multi-Market,Idle,-0.0,22.0,107.0,129.0,EPEX,SSP
2026-04-15 21:30:00,-0.0,0.42000000000000004,EPEX,-0.0,0.0,0.42000000000000004,SFFR,22.925,-0.0,0.42000000000000004,Multi-Market,Idle,-0.0,22.849999999999994,100.0,122.85,ISEM,SSP
2026-04-15 22:00:00,-0.0,0.42000000000000004,EPEX,-0.0,0.0,0.42000000000000004,SFFR,22.925,-0.0,0.42000000000000004,Multi-Market,Idle,-0.0,27.900000000000006,91.0,118.9,EPEX,SSP
2026-04-15 22:30:00,-0.0,0.42000000000000004,EPEX,-0.0,0.0,0.42000000000000004,SFFR,22.925,-0.0,0.42000000000000004,Multi-Market,Idle,-0.0,35.31999999999999,81.48,116.8,ISEM,SSP
2026-04-15 23:00:00,0.0,0.42000000000000004,EPEX,0.0,0.0,0.42000000000000004,SFFR,6.4750000000000005,-0.0,0.42000000000000004,Multi-Market,Idle,-0.0,11.599999999999994,79.0,90.6,EPEX,ISEM
2026-04-15 23:30:00,-0.0,0.42000000000000004,EPEX,-0.0,0.0,0.42000000000000004,SFFR,6.4750000000000005,-0.0,0.42000000000000004,Multi-Market,Idle,-0.0,16.52000000000001,65.49,82.01,SSP,ISEM
2026-04-16 00:00:00,0.0,0.42000000000000004,EPEX,0.0,0.0,0.42000000000000004,SFFR,6.4750000000000005,0.0,0.42000000000000004,Multi-Market,Idle,0.0,36.7,70.2,106.9,EPEX,SSP
2026-04-16 00:30:00,0.0,0.42000000000000004,EPEX,0.0,0.0,0.42000000000000004,SFFR,6.4750000000000005,0.0,0.42000000000000004,Multi-Market,Idle,0.0,37.58,70.17,107.75,DA_HH,SSP
2026-04-16 01:00:00,0.0,0.42000000000000004,EPEX,0.0,0.0,0.42000000000000004,SFFR,6.4750000000000005,0.0,0.42000000000000004,Multi-Market,Idle,0.0,39.7,66.99,106.69,EPEX,SSP
2026-04-16 01:30:00,0.0,0.42000000000000004,EPEX,0.0,0.0,0.42000000000000004,SFFR,6.4750000000000005,0.0,0.42000000000000004,Multi-Market,Idle,0.0,38.46000000000001,66.99,105.45,EPEX,SSP
2026-04-16 02:00:00,0.0,0.42000000000000004,EPEX,0.0,0.0,0.42000000000000004,SFFR,6.4750000000000005,0.0,0.42000000000000004,Multi-Market,Idle,0.0,28.759999999999998,63.38,92.14,EPEX,SSP
2026-04-16 02:30:00,0.0,0.42000000000000004,EPEX,0.0,0.0,0.42000000000000004,SFFR,6.4750000000000005,0.0,0.42000000000000004,Multi-Market,Idle,0.0,16.619999999999997,63.38,80.0,EPEX,ISEM
2026-04-16 03:00:00,-2.1,2.3787496011486513,EPEX,-125.727,0.0,0.42000000000000004,SFFR,5.88,-0.07758785731592666,0.49236913551026185,Multi-Market,Buy-EPEX,-4.645185017504529,27.18,59.87,87.05,EPEX,SSP
2026-04-16 03:30:00,-2.1,4.337499202297303,EPEX,-125.727,0.0,0.42000000000000004,SFFR,5.88,0.0,0.49236913551026185,Multi-Market,Idle,0.0,26.830000000000005,59.87,86.7,EPEX,SSP
2026-04-16 04:00:00,-0.07758785731592857,4.409868337807566,EPEX,-4.732859296271643,-2.1,2.3787496011486513,EPEX,-128.1,0.0,0.49236913551026185,Multi-Market,Idle,0.0,41.75,61.0,102.75,EPEX,SSP
2026-04-16 04:30:00,-2.1,6.368617938956217,EPEX,-128.1,-2.1,4.337499202297303,EPEX,-128.1,0.0,0.49236913551026185,Multi-Market,Idle,0.0,41.400000000000006,61.0,102.4,EPEX,SSP
2026-04-16 05:00:00,0.0,6.368617938956217,EPEX,0.0,3.6540000000000004,0.42000000000000004,EPEX,285.3774,-2.1,2.451118736658913,Multi-Market,Buy-SSP,-105.0,34.129999999999995,50.0,84.13,SSP,ISEM
2026-04-16 05:30:00,0.0,6.368617938956217,EPEX,0.0,-0.0,0.42000000000000004,EPEX,-0.0,-2.1,4.4098683378075645,Multi-Market,Buy-SSP,-115.5,45.0,55.0,100.0,SSP,ISEM
2026-04-16 06:00:00,0.0,6.368617938956217,EPEX,0.0,0.0,0.42000000000000004,SFFR,5.88,0.0,4.4098683378075645,Multi-Market,Idle,0.0,7.0,100.0,107.0,DA_HH,SSP
2026-04-16 06:30:00,0.0,6.368617938956217,EPEX,0.0,0.0,0.42000000000000004,SFFR,5.88,0.0,4.4098683378075645,Multi-Market,Idle,0.0,15.200000000000003,104.2,119.4,EPEX,SSP
2026-04-16 07:00:00,1.798501435864858,4.4404220056417305,EPEX,205.74856426293977,0.0,0.42000000000000004,SFFR,12.25,0.0,4.4098683378075645,Multi-Market,Idle,0.0,11.400000000000006,108.0,119.4,DA_HH,SSP
2026-04-16 07:30:00,3.75,0.42000000000000004,EPEX,429.0,0.0,0.42000000000000004,SFFR,12.25,3.7215014358648566,0.42000000000000004,Multi-Market,Sell-SSP,459.41935225751655,15.450000000000003,108.0,123.45,ISEM,SSP
2026-04-16 08:00:00,0.0,0.42000000000000004,EPEX,0.0,0.0,0.42000000000000004,SFFR,12.25,-0.0,0.42000000000000004,Multi-Market,Idle,-0.0,21.480000000000004,100.52,122.0,EPEX,SSP
2026-04-16 08:30:00,0.0,0.42000000000000004,EPEX,0.0,0.0,0.42000000000000004,SFFR,12.25,-0.0,0.42000000000000004,Multi-Market,Idle,-0.0,14.0,98.0,112.0,ISEM,SSP
2026-04-16 09:00:00,0.0,0.42000000000000004,EPEX,0.0,0.0,0.42000000000000004,SFFR,12.25,0.0,0.4200000000000006,Multi-Market,Idle,0.0,18.290000000000006,69.21,87.5,SSP,ISEM
2026-04-16 09:30:00,0.0,0.42000000000000004,EPEX,0.0,0.0,0.42000000000000004,SFFR,12.25,-2.1,2.3787496011486517,Multi-Market,Buy-SSP,-84.0,39.400000000000006,40.0,79.4,SSP,ISEM
2026-04-16 10:00:00,0.0,0.42000000000000004,EPEX,0.0,0.0,0.42000000000000004,SFFR,12.25,0.0,2.3787496011486517,Multi-Market,Idle,0.0,41.83,61.09,102.92,EPEX,SSP
2026-04-16 10:30:00,0.0,0.42000000000000004,EPEX,0.0,0.0,0.42000000000000004,SFFR,12.25,0.0,2.3787496011486517,Multi-Market,Idle,0.0,40.41,61.09,101.5,EPEX,SSP
2026-04-16 11:00:00,0.0,0.42000000000000004,EPEX,0.0,0.0,0.42000000000000004,SFFR,9.135,0.0,2.3787496011486517,Multi-Market,Idle,0.0,42.040000000000006,51.83,93.87,EPEX,SSP
2026-04-16 11:30:00,0.0,0.42000000000000004,EPEX,0.0,0.0,0.42000000000000004,SFFR,9.135,1.8270000000000004,0.42000000000000004,Multi-Market,Sell-SSP,203.61915000000005,59.620000000000005,51.83,111.45,EPEX,SSP
2026-04-16 12:00:00,-2.1,2.3787496011486513,EPEX,-102.41700000000002,0.0,0.42000000000000004,SFFR,9.135,0.0,0.4200000000000006,Multi-Market,Idle,0.0,21.279999999999994,48.77,70.05,EPEX,ISEM
2026-04-16 12:30:00,-2.1,4.337499202297303,EPEX,-102.41700000000002,0.0,0.42000000000000004,SFFR,9.135,0.0,0.4200000000000006,Multi-Market,Idle,0.0,21.229999999999997,48.77,70.0,EPEX,ISEM
2026-04-16 13:00:00,-2.1,6.296248803445954,EPEX,-104.496,0.0,0.42000000000000004,SFFR,9.135,-2.1,2.3787496011486517,Multi-Market,Buy-SSP,-19.677,60.330000000000005,9.37,69.7,SSP,ISEM
2026-04-16 13:30:00,-1.8051707633737284,7.9799999999999995,EPEX,-89.82529718547673,0.0,0.42000000000000004,SFFR,9.135,0.0,2.3787496011486517,Multi-Market,Idle,0.0,26.340000000000003,43.66,70.0,SSP,ISEM
2026-04-16 14:00:00,0.0,7.9799999999999995,EPEX,0.0,0.0,0.42000000000000004,SFFR,9.135,-2.1,4.337499202297303,Multi-Market,Buy-SSP,-24.150000000000002,65.7,11.5,77.2,SSP,ISEM
2026-04-16 14:30:00,0.0,7.9799999999999995,EPEX,0.0,0.0,0.42000000000000004,SFFR,9.135,-2.1,6.296248803445954,Multi-Market,Buy-SSP,-24.150000000000002,70.5,11.5,82.0,SSP,ISEM
2026-04-16 15:00:00,0.0,7.9799999999999995,EPEX,0.0,0.0,0.42000000000000004,SFFR,28.0,0.0,6.296248803445954,Multi-Market,Idle,0.0,31.83,50.17,82.0,SSP,ISEM
2026-04-16 15:30:00,0.0,7.9799999999999995,EPEX,0.0,0.0,0.42000000000000004,SFFR,28.0,0.0,6.296248803445954,Multi-Market,Idle,0.0,35.45,49.17,84.62,SSP,ISEM
2026-04-16 16:00:00,0.0,7.9799999999999995,EPEX,0.0,0.0,0.42000000000000004,SFFR,28.0,-1.8051707633737284,7.9799999999999995,Multi-Market,Buy-SSP,-72.20683053494913,56.95,40.0,96.95,SSP,ISEM
2026-04-16 16:30:00,0.0,7.9799999999999995,EPEX,0.0,0.0,0.42000000000000004,SFFR,28.0,-0.0,7.9799999999999995,Multi-Market,Idle,-0.0,53.93000000000001,49.58,103.51,SSP,ISEM
2026-04-16 17:00:00,-0.0,7.9799999999999995,EPEX,-0.0,0.0,0.42000000000000004,SFFR,28.0,-0.0,7.9799999999999995,Multi-Market,Idle,-0.0,30.900000000000006,75.1,106.0,SSP,ISEM
2026-04-16 17:30:00,0.0,7.9799999999999995,EPEX,0.0,0.0,0.42000000000000004,SFFR,28.0,-0.0,7.9799999999999995,Multi-Market,Idle,-0.0,36.72,74.28,111.0,SSP,ISEM
2026-04-16 18:00:00,-0.0,7.9799999999999995,EPEX,-0.0,0.0,0.42000000000000004,SFFR,28.0,-0.0,7.9799999999999995,Multi-Market,Idle,-0.0,38.19,88.11,126.3,SSP,ISEM
2026-04-16 18:30:00,0.0,7.9799999999999995,EPEX,0.0,0.0,0.42000000000000004,SFFR,28.0,-0.0,7.9799999999999995,Multi-Market,Idle,-0.0,20.52000000000001,116.94,137.46,EPEX,SSP
2026-04-16 19:00:00,3.3014985641351435,4.4404220056417305,EPEX,420.84202197030675,0.0,0.42000000000000004,SFFR,20.93,0.0,7.9799999999999995,Multi-Market,Idle,0.0,48.31999999999999,79.15,127.47,SSP,EPEX
2026-04-16 19:30:00,3.75,0.42000000000000004,EPEX,478.0125,0.0,0.42000000000000004,SFFR,20.93,0.0,7.9799999999999995,Multi-Market,Idle,0.0,12.079999999999998,115.39,127.47,SSP,EPEX
2026-04-16 20:00:00,-0.0,0.42000000000000004,EPEX,-0.0,0.0,0.42000000000000004,SFFR,20.93,0.0,7.9799999999999995,Multi-Market,Idle,0.0,1.2600000000000051,123.8,125.06,DA_HH,EPEX
2026-04-16 20:30:00,-0.0,0.42000000000000004,EPEX,-0.0,0.0,0.42000000000000004,SFFR,20.93,3.75,3.959577994358269,Multi-Market,Sell-SSP,525.0,17.620000000000005,122.38,140.0,DA_HH,SSP
2026-04-16 21:00:00,-0.0,0.42000000000000004,EPEX,-0.0,0.0,0.42000000000000004,SFFR,20.93,3.3014985641351435,0.42000000000000004,Multi-Market,Sell-SSP,453.92303758294094,20.390000000000015,117.1,137.49,EPEX,SSP
2026-04-16 21:30:00,-0.0,0.42000000000000004,EPEX,-0.0,0.0,0.42000000000000004,SFFR,20.93,-0.0,0.42000000000000004,Multi-Market,Idle,-0.0,20.200000000000003,104.8,125.0,ISEM,SSP
2026-04-16 22:00:00,-0.0,0.42000000000000004,EPEX,-0.0,0.0,0.42000000000000004,SFFR,20.93,0.0,0.42000000000000004,Multi-Market,Idle,0.0,35.14,69.34,104.48,SSP,EPEX
2026-04-16 22:30:00,-0.0,0.42000000000000004,EPEX,-0.0,0.0,0.42000000000000004,SFFR,20.93,-0.0,0.42000000000000004,Multi-Market,Idle,-0.0,34.36,87.0,121.36,ISEM,SSP
2026-04-16 23:00:00,0.0,0.42000000000000004,EPEX,0.0,0.0,0.42000000000000004,SFFR,7.5249999999999995,-0.0,0.42000000000000004,Multi-Market,Idle,-0.0,17.799999999999997,98.0,115.8,EPEX,SSP
2026-04-16 23:30:00,-0.0,0.42000000000000004,EPEX,-0.0,0.0,0.42000000000000004,SFFR,7.5249999999999995,-0.0,0.42000000000000004,Multi-Market,Idle,-0.0,13.900000000000006,98.0,111.9,EPEX,SSP
2026-04-17 00:00:00,0.0,0.42000000000000004,SFFR,17.301666666666666,0.0,0.42000000000000004,SFFR,7.5249999999999995,0.0,0.42000000000000004,Multi-Market,Idle,0.0,17.450000000000003,92.0,109.45,EPEX,SSP
2026-04-17 00:30:00,0.0,0.42000000000000004,SFFR,17.301666666666666,0.0,0.42000000000000004,SFFR,7.5249999999999995,0.0,0.42000000000000004,Multi-Market,Idle,0.0,19.700000000000003,79.99,99.69,SSP,DA_HH
2026-04-17 01:00:00,0.0,0.42000000000000004,SFFR,17.301666666666666,0.0,0.42000000000000004,SFFR,7.5249999999999995,-2.1,2.3787496011486513,Multi-Market,Buy-SSP,-159.663,20.230000000000004,76.03,96.26,SSP,DA_HH
2026-04-17 01:30:00,0.0,0.42000000000000004,SFFR,17.301666666666666,0.0,0.42000000000000004,SFFR,7.5249999999999995,-2.1,4.337499202297303,Multi-Market,Buy-SSP,-153.72,20.53,73.2,93.73,SSP,DA_HH
2026-04-17 02:00:00,0.0,0.42000000000000004,SFFR,17.301666666666666,0.0,0.42000000000000004,SFFR,7.5249999999999995,0.0,4.337499202297303,Multi-Market,Idle,0.0,7.940000000000012,85.46,93.4,EPEX,DA_HH
2026-04-17 02:30:00,0.0,0.42000000000000004,SFFR,17.301666666666666,0.0,0.42000000000000004,SFFR,7.5249999999999995,0.0,4.337499202297303,Multi-Market,Idle,0.0,6.0,80.0,86.0,ISEM,DA_HH
2026-04-17 03:00:00,0.0,0.42000000000000004,SFFR,17.301666666666666,0.0,0.42000000000000004,SFFR,6.755,0.0,4.337499202297303,Multi-Market,Idle,0.0,20.319999999999993,79.68,100.0,EPEX,SSP
2026-04-17 03:30:00,0.0,0.42000000000000004,SFFR,17.301666666666666,0.0,0.42000000000000004,SFFR,6.755,0.0,4.337499202297303,Multi-Market,Idle,0.0,21.349999999999994,79.15,100.5,ISEM,SSP
2026-04-17 04:00:00,0.0,0.42000000000000004,SFFR,17.301666666666666,0.0,0.42000000000000004,SFFR,6.755,-2.1,6.296248803445954,Multi-Market,Buy-EPEX,-163.611,25.870000000000005,77.91,103.78,EPEX,SSP
2026-04-17 04:30:00,0.0,0.42000000000000004,SFFR,17.301666666666666,0.0,0.42000000000000004,SFFR,6.755,-0.07758785731592857,6.368617938956217,Multi-Market,Buy-EPEX,-6.044869963483995,25.870000000000005,77.91,103.78,EPEX,SSP
2026-04-17 05:00:00,0.0,0.42000000000000004,SFFR,17.301666666666666,0.0,0.42000000000000004,SFFR,6.755,0.0,6.368617938956217,Multi-Market,Idle,0.0,13.75,80.93,94.68,ISEM,SSP
2026-04-17 05:30:00,0.0,0.42000000000000004,SFFR,17.301666666666666,0.0,0.42000000000000004,SFFR,6.755,0.0,6.368617938956217,Multi-Market,Idle,0.0,37.0,82.6,119.6,EPEX,SSP
2026-04-17 06:00:00,0.0,0.42000000000000004,SFFR,17.301666666666666,0.0,0.42000000000000004,SFFR,6.755,0.0,6.368617938956217,Multi-Market,Idle,0.0,25.0,95.0,120.0,ISEM,SSP
2026-04-17 06:30:00,0.0,0.42000000000000004,SFFR,17.301666666666666,0.0,0.42000000000000004,SFFR,6.755,0.0,6.368617938956217,Multi-Market,Idle,0.0,25.230000000000004,98.22,123.45,EPEX,SSP
2026-04-17 07:00:00,0.0,0.42000000000000004,SFFR,17.301666666666666,0.0,0.42000000000000004,SFFR,20.3,0.0,6.368617938956217,Multi-Market,Idle,0.0,21.44999999999999,91.79,113.24,SSP,EPEX
2026-04-17 07:30:00,0.0,0.42000000000000004,SFFR,17.301666666666666,0.0,0.42000000000000004,SFFR,20.3,3.75,2.3481959333144866,Multi-Market,Sell-SSP,502.5,35.43000000000001,98.57,134.0,ISEM,SSP
2026-04-17 08:00:00,0.0,0.42000000000000004,SFFR,17.301666666666666,0.0,0.42000000000000004,SFFR,20.3,1.798501435864858,0.42000000000000004,Multi-Market,Sell-SSP,240.99919240589097,45.2,88.8,134.0,ISEM,SSP
2026-04-17 08:30:00,0.0,0.42000000000000004,SFFR,17.301666666666666,0.0,0.42000000000000004,SFFR,20.3,-0.0,0.42000000000000004,Multi-Market,Idle,-0.0,20.760000000000005,77.24,98.0,ISEM,EPEX
2026-04-17 09:00:00,0.0,0.42000000000000004,SFFR,17.301666666666666,0.0,0.42000000000000004,SFFR,20.3,0.0,0.42000000000000004,Multi-Market,Idle,0.0,30.130000000000003,52.87,83.0,SSP,DA_HH
2026-04-17 09:30:00,0.0,0.42000000000000004,SFFR,17.301666666666666,0.0,0.42000000000000004,SFFR,20.3,0.0,0.42000000000000004,Multi-Market,Idle,0.0,24.959999999999994,54.31,79.27,SSP,EPEX
2026-04-17 10:00:00,0.0,0.42000000000000004,SFFR,17.301666666666666,0.0,0.42000000000000004,SFFR,20.3,0.0,0.42000000000000004,Multi-Market,Idle,0.0,11.619999999999997,51.35,62.97,SSP,DA_HH
2026-04-17 10:30:00,0.0,0.42000000000000004,SFFR,17.301666666666666,0.0,0.42000000000000004,SFFR,20.3,0.0,0.42000000000000004,Multi-Market,Idle,0.0,18.450000000000003,44.05,62.5,SSP,EPEX
2026-04-17 11:00:00,0.0,0.42000000000000004,SFFR,17.301666666666666,0.0,0.42000000000000004,SFFR,12.18,0.0,0.4200000000000006,Multi-Market,Idle,0.0,22.330000000000002,30.16,52.49,SSP,DA_HH
2026-04-17 11:30:00,0.0,0.42000000000000004,SFFR,17.301666666666666,0.0,0.42000000000000004,SFFR,12.18,-2.1,2.3787496011486517,Multi-Market,Buy-SSP,-51.471000000000004,25.49,24.51,50.0,SSP,EPEX
2026-04-17 12:00:00,0.0,0.42000000000000004,SFFR,17.301666666666666,0.0,0.42000000000000004,SFFR,12.18,-2.1,4.337499202297303,Multi-Market,Buy-SSP,-48.846000000000004,23.74,23.26,47.0,SSP,EPEX
2026-04-17 12:30:00,0.0,0.42000000000000004,SFFR,17.301666666666666,0.0,0.42000000000000004,SFFR,12.18,-2.1,6.296248803445954,Multi-Market,Buy-SSP,4.179,48.99,-1.99,47.0,SSP,EPEX
2026-04-17 13:00:00,0.0,0.42000000000000004,SFFR,17.301666666666666,0.0,0.42000000000000004,SFFR,12.18,-1.8051707633737284,7.9799999999999995,Multi-Market,Buy-SSP,-48.70350719582319,21.999999999999996,26.98,48.98,SSP,EPEX
2026-04-17 13:30:00,0.0,0.42000000000000004,SFFR,17.301666666666666,0.0,0.42000000000000004,SFFR,12.18,0.0,7.9799999999999995,Multi-Market,Idle,0.0,7.479999999999997,41.5,48.98,ISEM,EPEX
2026-04-17 14:00:00,0.0,0.42000000000000004,SFFR,17.301666666666666,0.0,0.42000000000000004,SFFR,12.18,0.0,7.9799999999999995,Multi-Market,Idle,0.0,39.510000000000005,46.0,85.51,ISEM,SSP
2026-04-17 14:30:00,0.0,0.42000000000000004,SFFR,17.301666666666666,0.0,0.42000000000000004,SFFR,12.18,0.0,7.9799999999999995,Multi-Market,Idle,0.0,37.330000000000005,49.26,86.59,ISEM,SSP
2026-04-17 15:00:00,0.0,0.42000000000000004,SFFR,17.301666666666666,0.0,0.42000000000000004,SFFR,25.2,0.0,7.9799999999999995,Multi-Market,Idle,0.0,12.810000000000002,55.0,67.81,ISEM,SSP
2026-04-17 15:30:00,0.0,0.42000000000000004,SFFR,17.301666666666666,0.0,0.42000000000000004,SFFR,25.2,0.0,7.9799999999999995,Multi-Market,Idle,0.0,17.0,54.2,71.2,DA_HH,SSP
2026-04-17 16:00:00,0.0,0.42000000000000004,SFFR,17.301666666666666,0.0,0.42000000000000004,SFFR,25.2,0.0,7.9799999999999995,Multi-Market,Idle,0.0,15.059999999999988,64.15,79.21,SSP,EPEX
2026-04-17 16:30:00,0.0,0.42000000000000004,SFFR,17.301666666666666,0.0,0.42000000000000004,SFFR,25.2,0.0,7.9799999999999995,Multi-Market,Idle,0.0,5.790000000000006,79.21,85.0,EPEX,SSP
2026-04-17 17:00:00,0.0,0.42000000000000004,SFFR,17.301666666666666,0.0,0.42000000000000004,SFFR,25.2,-0.0,7.9799999999999995,Multi-Market,Idle,-0.0,17.799999999999997,82.2,100.0,ISEM,EPEX
2026-04-17 17:30:00,0.0,0.42000000000000004,SFFR,17.301666666666666,0.0,0.42000000000000004,SFFR,25.2,-0.0,7.9799999999999995,Multi-Market,Idle,-0.0,22.370000000000005,77.63,100.0,SSP,EPEX
2026-04-17 18:00:00,0.0,0.42000000000000004,SFFR,17.301666666666666,0.0,0.42000000000000004,SFFR,25.2,-0.0,7.9799999999999995,Multi-Market,Idle,-0.0,10.150000000000006,97.44,107.59,ISEM,EPEX
2026-04-17 18:30:00,0.0,0.42000000000000004,SFFR,17.301666666666666,0.0,0.42000000000000004,SFFR,25.2,-0.0,7.9799999999999995,Multi-Market,Idle,-0.0,10.900000000000006,106.1,117.0,ISEM,SSP
2026-04-17 19:00:00,0.0,0.42000000000000004,SFFR,17.301666666666666,0.0,0.42000000000000004,SFFR,32.375,-0.0,7.9799999999999995,Multi-Market,Idle,-0.0,20.709999999999994,109.29,130.0,ISEM,SSP
2026-04-17 19:30:00,0.0,0.42000000000000004,SFFR,17.301666666666666,0.0,0.42000000000000004,SFFR,32.375,3.3014985641351435,4.4404220056417305,Multi-Market,Sell-SSP,435.79781046583895,21.819999999999993,110.18,132.0,EPEX,SSP
2026-04-17 20:00:00,0.0,0.42000000000000004,SFFR,17.301666666666666,0.0,0.42000000000000004,SFFR,32.375,3.75,0.42000000000000004,Multi-Market,Sell-SSP,500.25,19.400000000000006,114.0,133.4,EPEX,SSP
2026-04-17 20:30:00,0.0,0.42000000000000004,SFFR,17.301666666666666,0.0,0.42000000000000004,SFFR,32.375,-0.0,0.42000000000000004,Multi-Market,Idle,-0.0,18.239999999999995,111.01,129.25,DA_HH,SSP
2026-04-17 21:00:00,0.0,0.42000000000000004,SFFR,17.301666666666666,0.0,0.42000000000000004,SFFR,32.375,-0.0,0.42000000000000004,Multi-Market,Idle,-0.0,20.340000000000003,104.16,124.5,EPEX,SSP
2026-04-17 21:30:00,0.0,0.42000000000000004,SFFR,17.301666666666666,0.0,0.42000000000000004,SFFR,32.375,0.0,0.42000000000000004,Multi-Market,Idle,0.0,29.129999999999995,75.03,104.16,SSP,EPEX
2026-04-17 22:00:00,0.0,0.42000000000000004,SFFR,17.301666666666666,0.0,0.42000000000000004,SFFR,32.375,0.0,0.42000000000000004,Multi-Market,Idle,0.0,26.189999999999998,71.81,98.0,SSP,DA_HH
2026-04-17 22:30:00,0.0,0.42000000000000004,SFFR,17.301666666666666,0.0,0.42000000000000004,SFFR,32.375,-0.0,0.42000000000000004,Multi-Market,Idle,-0.0,42.489999999999995,81.0,123.49,ISEM,SSP
2026-04-17 23:00:00,0.0,0.42000000000000004,SFFR,17.301666666666666,0.0,0.42000000000000004,SFFR,5.425,-0.0,0.42000000000000004,Multi-Market,Idle,-0.0,33.150000000000006,87.3,120.45,EPEX,SSP
2026-04-17 23:30:00,0.0,0.42000000000000004,SFFR,17.301666666666666,0.0,0.42000000000000004,SFFR,5.425,-0.0,0.42000000000000004,Multi-Market,Idle,-0.0,22.700000000000003,87.3,110.0,EPEX,SSP
2026-04-18 00:00:00,0.0,0.42000000000000004,SFFR,15.973124999999998,0.0,0.42000000000000004,SFFR,5.425,0.0,0.42000000000000004,Multi-Market,Idle,0.0,10.769999999999996,86.7,97.47,EPEX,SSP
2026-04-18 00:30:00,0.0,0.42000000000000004,SFFR,15.973124999999998,0.0,0.42000000000000004,SFFR,5.425,0.0,0.42000000000000004,Multi-Market,Idle,0.0,8.409999999999997,86.7,95.11,EPEX,SSP
2026-04-18 01:00:00,0.0,0.42000000000000004,SFFR,15.973124999999998,0.0,0.42000000000000004,SFFR,5.425,0.0,0.42000000000000004,Multi-Market,Idle,0.0,3.8799999999999955,85.01,88.89,ISEM,SSP
2026-04-18 01:30:00,0.0,0.42000000000000004,SFFR,15.973124999999998,0.0,0.42000000000000004,SFFR,5.425,0.0,0.42000000000000004,Multi-Market,Idle,0.0,4.299999999999997,86.0,90.3,ISEM,DA_HH
2026-04-18 02:00:00,0.0,0.42000000000000004,SFFR,15.973124999999998,0.0,0.42000000000000004,SFFR,5.425,0.0,0.42000000000000004,Multi-Market,Idle,0.0,4.799999999999997,84.4,89.2,ISEM,DA_HH
2026-04-18 02:30:00,0.0,0.42000000000000004,SFFR,15.973124999999998,0.0,0.42000000000000004,SFFR,5.425,0.0,0.42000000000000004,Multi-Market,Idle,0.0,40.68,48.29,88.97,SSP,EPEX
2026-04-18 03:00:00,0.0,0.42000000000000004,SFFR,15.973124999999998,0.0,0.42000000000000004,SFFR,6.02,0.0,0.42000000000000004,Multi-Market,Idle,0.0,29.650000000000006,57.78,87.43,SSP,EPEX
2026-04-18 03:30:00,0.0,0.42000000000000004,SFFR,15.973124999999998,0.0,0.42000000000000004,SFFR,6.02,0.0,0.42000000000000004,Multi-Market,Idle,0.0,17.620000000000005,69.81,87.43,SSP,EPEX
2026-04-18 04:00:00,0.0,0.42000000000000004,SFFR,15.973124999999998,0.0,0.42000000000000004,SFFR,6.02,0.0,0.42000000000000004,Multi-Market,Idle,0.0,20.64,66.36,87.0,SSP,EPEX
2026-04-18 04:30:00,0.0,0.42000000000000004,SFFR,15.973124999999998,0.0,0.42000000000000004,SFFR,6.02,0.0,0.42000000000000004,Multi-Market,Idle,0.0,19.78,67.22,87.0,SSP,EPEX
2026-04-18 05:00:00,0.0,0.42000000000000004,SFFR,15.973124999999998,0.0,0.42000000000000004,SFFR,6.02,0.0,0.42000000000000004,Multi-Market,Idle,0.0,21.74000000000001,66.55,88.29,SSP,EPEX
2026-04-18 05:30:00,0.0,0.42000000000000004,SFFR,15.973124999999998,0.0,0.42000000000000004,SFFR,6.02,0.0,0.42000000000000004,Multi-Market,Idle,0.0,19.510000000000005,68.78,88.29,SSP,EPEX
2026-04-18 06:00:00,0.0,0.42000000000000004,SFFR,15.973124999999998,0.0,0.42000000000000004,SFFR,6.02,0.0,0.42000000000000004,Multi-Market,Idle,0.0,42.339999999999996,48.77,91.11,SSP,EPEX
2026-04-18 06:30:00,0.0,0.42000000000000004,SFFR,15.973124999999998,0.0,0.42000000000000004,SFFR,6.02,0.0,0.42000000000000004,Multi-Market,Idle,0.0,41.95,49.16,91.11,SSP,EPEX
2026-04-18 07:00:00,0.0,0.42000000000000004,SFFR,15.973124999999998,0.0,0.42000000000000004,SFFR,20.3,0.0,0.42000000000000004,Multi-Market,Idle,0.0,46.379999999999995,42.58,88.96,SSP,EPEX
2026-04-18 07:30:00,0.0,0.42000000000000004,SFFR,15.973124999999998,0.0,0.42000000000000004,SFFR,20.3,0.0,0.42000000000000004,Multi-Market,Idle,0.0,36.959999999999994,52.0,88.96,SSP,EPEX
2026-04-18 08:00:00,0.0,0.42000000000000004,SFFR,15.973124999999998,0.0,0.42000000000000004,SFFR,20.3,0.0,0.42000000000000004,Multi-Market,Idle,0.0,42.56,37.34,79.9,SSP,EPEX
2026-04-18 08:30:00,0.0,0.42000000000000004,SFFR,15.973124999999998,0.0,0.42000000000000004,SFFR,20.3,-2.1,2.3787496011486513,Multi-Market,Buy-SSP,-21.0,69.9,10.0,79.9,SSP,EPEX
2026-04-18 09:00:00,0.0,0.42000000000000004,SFFR,15.973124999999998,0.0,0.42000000000000004,SFFR,20.3,-2.1,4.337499202297303,Multi-Market,Buy-SSP,-21.0,56.099999999999994,10.0,66.1,SSP,EPEX
2026-04-18 09:30:00,0.0,0.42000000000000004,SFFR,15.973124999999998,0.0,0.42000000000000004,SFFR,20.3,0.0,4.337499202297303,Multi-Market,Idle,0.0,46.53999999999999,19.56,66.1,SSP,EPEX
2026-04-18 10:00:00,0.0,0.42000000000000004,SFFR,15.973124999999998,0.0,0.42000000000000004,SFFR,20.3,-2.1,6.296248803445954,Multi-Market,Buy-SSP,-26.502,34.580000000000005,12.62,47.2,SSP,DA_HH
2026-04-18 10:30:00,0.0,0.42000000000000004,SFFR,15.973124999999998,0.0,0.42000000000000004,SFFR,20.3,0.0,6.296248803445954,Multi-Market,Idle,0.0,35.99,24.0,59.99,ISEM,SSP
2026-04-18 11:00:00,0.0,0.42000000000000004,SFFR,15.973124999999998,0.0,0.42000000000000004,SFFR,8.96,3.75,2.275826797804223,Multi-Market,Sell-SSP,431.25,96.03999999999999,18.96,115.0,ISEM,SSP
2026-04-18 11:30:00,0.0,0.42000000000000004,SFFR,15.973124999999998,0.0,0.42000000000000004,SFFR,8.96,-0.08425718482479994,2.1037511965540467,Multi-Market,Buy-ISEM,169.92887511197014,95.31,17.64,112.95,ISEM,SSP
2026-04-18 12:00:00,0.0,0.42000000000000004,SFFR,15.973124999999998,0.0,0.42000000000000004,SFFR,8.96,0.0,2.1037511965540467,Multi-Market,Idle,0.0,91.89,20.86,112.75,ISEM,SSP
2026-04-18 12:30:00,0.0,0.42000000000000004,SFFR,15.973124999999998,0.0,0.42000000000000004,SFFR,8.96,0.0,2.1037511965540467,Multi-Market,Idle,0.0,21.18,21.79,42.97,ISEM,SSP
2026-04-18 13:00:00,0.0,0.42000000000000004,SFFR,15.973124999999998,0.0,0.42000000000000004,SFFR,8.96,0.0,2.1037511965540467,Multi-Market,Idle,0.0,63.879999999999995,22.01,85.89,ISEM,SSP
2026-04-18 13:30:00,0.0,0.42000000000000004,SFFR,15.973124999999998,0.0,0.42000000000000004,SFFR,8.96,0.0,2.1037511965540467,Multi-Market,Idle,0.0,69.96000000000001,20.27,90.23,ISEM,SSP
2026-04-18 14:00:00,0.0,0.42000000000000004,SFFR,15.973124999999998,0.0,0.42000000000000004,SFFR,8.96,0.0,2.1037511965540467,Multi-Market,Idle,0.0,77.75,20.0,97.75,ISEM,SSP
2026-04-18 14:30:00,0.0,0.42000000000000004,SFFR,15.973124999999998,0.0,0.42000000000000004,SFFR,8.96,0.0,2.1037511965540467,Multi-Market,Idle,0.0,82.77000000000001,21.13,103.9,ISEM,SSP
2026-04-18 15:00:00,0.0,0.42000000000000004,SFFR,15.973124999999998,0.0,0.42000000000000004,SFFR,24.255,-2.1,4.062500797702698,Multi-Market,Buy-SSP,0.0,53.3,0.0,53.3,SSP,EPEX
2026-04-18 15:30:00,0.0,0.42000000000000004,SFFR,15.973124999999998,0.0,0.42000000000000004,SFFR,24.255,-2.1,6.021250398851349,Multi-Market,Buy-SSP,-4.2,51.3,2.0,53.3,SSP,EPEX
2026-04-18 16:00:00,0.0,0.42000000000000004,SFFR,15.973124999999998,0.0,0.42000000000000004,SFFR,24.255,-2.1,7.9799999999999995,Multi-Market,Buy-SSP,-4.2,73.62,2.0,75.62,SSP,EPEX
2026-04-18 16:30:00,0.0,0.42000000000000004,SFFR,15.973124999999998,0.0,0.42000000000000004,SFFR,24.255,0.0,7.9799999999999995,Multi-Market,Idle,0.0,11.219999999999999,72.78,84.0,SSP,DA_HH
2026-04-18 17:00:00,0.0,0.42000000000000004,SFFR,15.973124999999998,0.0,0.42000000000000004,SFFR,24.255,0.0,7.9799999999999995,Multi-Market,Idle,0.0,16.120000000000005,83.88,100.0,ISEM,EPEX
2026-04-18 17:30:00,0.0,0.42000000000000004,SFFR,15.973124999999998,0.0,0.42000000000000004,SFFR,24.255,0.0,7.9799999999999995,Multi-Market,Idle,0.0,10.100000000000009,93.55,103.65,SSP,DA_HH
2026-04-18 18:00:00,0.0,0.42000000000000004,SFFR,15.973124999999998,0.0,0.42000000000000004,SFFR,24.255,0.0,7.9799999999999995,Multi-Market,Idle,0.0,11.11,99.51,110.62,SSP,EPEX
2026-04-18 18:30:00,0.0,0.42000000000000004,SFFR,15.973124999999998,0.0,0.42000000000000004,SFFR,24.255,3.3014985641351435,4.4404220056417305,Multi-Market,Sell-DA_HH,399.51434124599376,17.570000000000007,103.44,121.01,SSP,DA_HH
2026-04-18 19:00:00,0.0,0.42000000000000004,SFFR,15.973124999999998,0.0,0.42000000000000004,SFFR,30.485000000000003,0.0,4.4404220056417305,Multi-Market,Idle,0.0,6.240000000000009,113.46,119.7,SSP,DA_HH
2026-04-18 19:30:00,0.0,0.42000000000000004,SFFR,15.973124999999998,0.0,0.42000000000000004,SFFR,30.485000000000003,3.75,0.42000000000000004,Multi-Market,Sell-DA_HH,479.1,47.89,79.87,127.76,SSP,DA_HH
2026-04-18 20:00:00,0.0,0.42000000000000004,SFFR,15.973124999999998,0.0,0.42000000000000004,SFFR,30.485000000000003,0.0,0.42000000000000004,Multi-Market,Idle,0.0,39.00999999999999,75.79,114.8,SSP,EPEX
2026-04-18 20:30:00,0.0,0.42000000000000004,SFFR,15.973124999999998,0.0,0.42000000000000004,SFFR,30.485000000000003,-0.0,0.42000000000000004,Multi-Market,Idle,-0.0,37.95,77.13,115.08,SSP,DA_HH
2026-04-18 21:00:00,0.0,0.42000000000000004,SFFR,15.973124999999998,0.0,0.42000000000000004,SFFR,30.485000000000003,-0.0,0.42000000000000004,Multi-Market,Idle,-0.0,12.0,100.0,112.0,SSP,DA_HH
2026-04-18 21:30:00,0.0,0.42000000000000004,SFFR,15.973124999999998,0.0,0.42000000000000004,SFFR,30.485000000000003,-0.0,0.42000000000000004,Multi-Market,Idle,-0.0,35.43000000000001,74.33,109.76,SSP,EPEX
2026-04-18 22:00:00,0.0,0.42000000000000004,SFFR,15.973124999999998,0.0,0.42000000000000004,SFFR,30.485000000000003,0.0,0.42000000000000004,Multi-Market,Idle,0.0,33.0,73.0,106.0,SSP,DA_HH
2026-04-18 22:30:00,0.0,0.42000000000000004,SFFR,15.973124999999998,0.0,0.42000000000000004,SFFR,30.485000000000003,0.0,0.42000000000000004,Multi-Market,Idle,0.0,28.28,71.56,99.84,SSP,EPEX
2026-04-18 23:00:00,0.0,0.42000000000000004,SFFR,15.973124999999998,0.0,0.42000000000000004,SFFR,7.0,-0.0,0.42000000000000004,Multi-Market,Idle,-0.0,12.819999999999993,94.18,107.0,SSP,DA_HH
2026-04-18 23:30:00,0.0,0.42000000000000004,SFFR,15.973124999999998,0.0,0.42000000000000004,SFFR,7.0,-0.0,0.42000000000000004,Multi-Market,Idle,-0.0,31.49000000000001,70.05,101.54,SSP,DA_HH
2026-04-19 00:00:00,0.0,0.42000000000000004,SFFR,17.829583333333332,0.0,0.42000000000000004,SFFR,7.0,0.0,0.42000000000000004,Multi-Market,Idle,0.0,7.5800000000000125,95.1,102.68,EPEX,SSP
2026-04-19 00:30:00,0.0,0.42000000000000004,SFFR,17.829583333333332,0.0,0.42000000000000004,SFFR,7.0,0.0,0.42000000000000004,Multi-Market,Idle,0.0,39.27,61.24,100.51,SSP,DA_HH
2026-04-19 01:00:00,0.0,0.42000000000000004,SFFR,17.829583333333332,0.0,0.42000000000000004,SFFR,7.0,0.0,0.42000000000000004,Multi-Market,Idle,0.0,9.579999999999998,93.14,102.72,EPEX,SSP
2026-04-19 01:30:00,0.0,0.42000000000000004,SFFR,17.829583333333332,0.0,0.42000000000000004,SFFR,7.0,0.0,0.42000000000000004,Multi-Market,Idle,0.0,15.760000000000005,93.14,108.9,EPEX,SSP
2026-04-19 02:00:00,0.0,0.42000000000000004,SFFR,17.829583333333332,0.0,0.42000000000000004,SFFR,7.0,0.0,0.42000000000000004,Multi-Market,Idle,0.0,17.870000000000005,91.03,108.9,EPEX,SSP
2026-04-19 02:30:00,0.0,0.42000000000000004,SFFR,17.829583333333332,0.0,0.42000000000000004,SFFR,7.0,0.0,0.42000000000000004,Multi-Market,Idle,0.0,14.959999999999994,90.0,104.96,DA_HH,SSP
2026-04-19 03:00:00,0.0,0.42000000000000004,SFFR,17.829583333333332,0.0,0.42000000000000004,SFFR,6.405,0.0,0.42000000000000004,Multi-Market,Idle,0.0,5.349999999999994,89.0,94.35,EPEX,SSP
2026-04-19 03:30:00,0.0,0.42000000000000004,SFFR,17.829583333333332,0.0,0.42000000000000004,SFFR,6.405,0.0,0.42000000000000004,Multi-Market,Idle,0.0,14.549999999999997,77.45,92.0,SSP,ISEM
2026-04-19 04:00:00,0.0,0.42000000000000004,SFFR,17.829583333333332,0.0,0.42000000000000004,SFFR,6.405,0.0,0.42000000000000004,Multi-Market,Idle,0.0,9.069999999999993,89.0,98.07,EPEX,SSP
2026-04-19 04:30:00,0.0,0.42000000000000004,SFFR,17.829583333333332,0.0,0.42000000000000004,SFFR,6.405,0.0,0.42000000000000004,Multi-Market,Idle,0.0,14.61,89.0,103.61,EPEX,SSP
2026-04-19 05:00:00,0.0,0.42000000000000004,SFFR,17.829583333333332,0.0,0.42000000000000004,SFFR,6.405,0.0,0.42000000000000004,Multi-Market,Idle,0.0,26.159999999999997,88.34,114.5,DA_HH,SSP
2026-04-19 05:30:00,0.0,0.42000000000000004,SFFR,17.829583333333332,0.0,0.42000000000000004,SFFR,6.405,0.0,0.42000000000000004,Multi-Market,Idle,0.0,25.019999999999996,88.93,113.95,DA_HH,SSP
2026-04-19 06:00:00,0.0,0.42000000000000004,SFFR,17.829583333333332,0.0,0.42000000000000004,SFFR,6.405,0.0,0.42000000000000004,Multi-Market,Idle,0.0,26.549999999999997,67.67,94.22,SSP,ISEM
2026-04-19 06:30:00,0.0,0.42000000000000004,SFFR,17.829583333333332,0.0,0.42000000000000004,SFFR,6.405,0.0,0.42000000000000004,Multi-Market,Idle,0.0,12.049999999999997,91.23,103.28,EPEX,SSP
2026-04-19 07:00:00,0.0,0.42000000000000004,SFFR,17.829583333333332,0.0,0.42000000000000004,SFFR,20.3,0.0,0.42000000000000004,Multi-Market,Idle,0.0,28.289999999999992,88.2,116.49,DA_HH,SSP
2026-04-19 07:30:00,0.0,0.42000000000000004,SFFR,17.829583333333332,0.0,0.42000000000000004,SFFR,20.3,0.0,0.42000000000000004,Multi-Market,Idle,0.0,28.289999999999992,88.2,116.49,DA_HH,SSP
2026-04-19 08:00:00,0.0,0.42000000000000004,SFFR,17.829583333333332,0.0,0.42000000000000004,SFFR,20.3,-0.0,0.42000000000000004,Multi-Market,Idle,-0.0,42.81,80.69,123.5,DA_HH,SSP
2026-04-19 08:30:00,0.0,0.42000000000000004,SFFR,17.829583333333332,0.0,0.42000000000000004,SFFR,20.3,0.0,0.42000000000000004,Multi-Market,Idle,0.0,42.43000000000001,74.07,116.5,ISEM,SSP
2026-04-19 09:00:00,0.0,0.42000000000000004,SFFR,17.829583333333332,0.0,0.42000000000000004,SFFR,20.3,0.0,0.42000000000000004,Multi-Market,Idle,0.0,9.349999999999994,55.75,65.1,SSP,EPEX
2026-04-19 09:30:00,0.0,0.42000000000000004,SFFR,17.829583333333332,0.0,0.42000000000000004,SFFR,20.3,-2.1,2.3787496011486513,Multi-Market,Buy-SSP,-97.566,18.639999999999993,46.46,65.1,SSP,EPEX
2026-04-19 10:00:00,0.0,0.42000000000000004,SFFR,17.829583333333332,0.0,0.42000000000000004,SFFR,20.3,1.798501435864858,0.4505536678341646,Multi-Market,Sell-SSP,209.52541727825596,64.43,52.07,116.5,ISEM,SSP
2026-04-19 10:30:00,0.0,0.42000000000000004,SFFR,17.829583333333332,0.0,0.42000000000000004,SFFR,20.3,-2.1,2.409303268982816,Multi-Market,Buy-SSP,-80.787,22.33,38.47,60.8,SSP,DA_HH
2026-04-19 11:00:00,0.0,0.42000000000000004,SFFR,17.829583333333332,0.0,0.42000000000000004,SFFR,14.0,-2.1,4.368052870131467,Multi-Market,Buy-SSP,-88.746,17.190000000000005,42.26,59.45,SSP,EPEX
2026-04-19 11:30:00,0.0,0.42000000000000004,SFFR,17.829583333333332,0.0,0.42000000000000004,SFFR,14.0,-2.1,6.326802471280118,Multi-Market,Buy-ISEM,-94.521,71.49000000000001,45.01,116.5,ISEM,SSP
2026-04-19 12:00:00,0.0,0.42000000000000004,SFFR,17.829583333333332,0.0,0.42000000000000004,SFFR,14.0,-1.7724137931034505,7.9799999999999995,Multi-Market,Buy-ISEM,-88.97517241379322,66.3,50.2,116.5,ISEM,SSP
2026-04-19 12:30:00,0.0,0.42000000000000004,SFFR,17.829583333333332,0.0,0.42000000000000004,SFFR,14.0,1.65,5.91832759550692,Multi-Market,Buy-ISEM,391.44,81.9,51.1,133.0,ISEM,SSP
2026-04-19 13:00:00,0.0,0.42000000000000004,SFFR,17.829583333333332,0.0,0.42000000000000004,SFFR,14.0,-2.1,7.877077196655571,Multi-Market,Buy-ISEM,-112.749,56.31,53.69,110.0,ISEM,SSP
2026-04-19 13:30:00,0.0,0.42000000000000004,SFFR,17.829583333333332,0.0,0.42000000000000004,SFFR,14.0,-0.11034482758620734,7.9799999999999995,Multi-Market,Buy-ISEM,-6.068965517241404,51.739999999999995,55.0,106.74,ISEM,SSP
2026-04-19 14:00:00,0.0,0.42000000000000004,SFFR,17.829583333333332,0.0,0.42000000000000004,SFFR,14.0,0.0,7.9799999999999995,Multi-Market,Idle,0.0,53.99,57.01,111.0,DA_HH,SSP
2026-04-19 14:30:00,0.0,0.42000000000000004,SFFR,17.829583333333332,0.0,0.42000000000000004,SFFR,14.0,0.0,7.9799999999999995,Multi-Market,Idle,0.0,55.95,60.0,115.95,ISEM,SSP
2026-04-19 15:00:00,0.0,0.42000000000000004,SFFR,17.829583333333332,0.0,0.42000000000000004,SFFR,28.0,0.0,7.9799999999999995,Multi-Market,Idle,0.0,43.980000000000004,71.97,115.95,ISEM,SSP
2026-04-19 15:30:00,0.0,0.42000000000000004,SFFR,17.829583333333332,0.0,0.42000000000000004,SFFR,28.0,0.0,7.9799999999999995,Multi-Market,Idle,0.0,3.239999999999995,75.76,79.0,SSP,EPEX
2026-04-19 16:00:00,0.0,0.42000000000000004,SFFR,17.829583333333332,0.0,0.42000000000000004,SFFR,28.0,0.0,7.9799999999999995,Multi-Market,Idle,0.0,19.0,73.0,92.0,SSP,EPEX
2026-04-19 16:30:00,0.0,0.42000000000000004,SFFR,17.829583333333332,0.0,0.42000000000000004,SFFR,28.0,0.0,7.9799999999999995,Multi-Market,Idle,0.0,26.099999999999994,73.0,99.1,SSP,DA_HH
2026-04-19 17:00:00,0.0,0.42000000000000004,SFFR,17.829583333333332,0.0,0.42000000000000004,SFFR,28.0,0.0,7.9799999999999995,Multi-Market,Idle,0.0,23.060000000000002,77.69,100.75,SSP,DA_HH
2026-04-19 17:30:00,0.0,0.42000000000000004,SFFR,17.829583333333332,0.0,0.42000000000000004,SFFR,28.0,0.0,7.9799999999999995,Multi-Market,Idle,0.0,23.989999999999995,79.01,103.0,SSP,DA_HH
2026-04-19 18:00:00,0.0,0.42000000000000004,SFFR,17.829583333333332,0.0,0.42000000000000004,SFFR,28.0,0.0,7.9799999999999995,Multi-Market,Idle,0.0,32.18000000000001,81.0,113.18,SSP,EPEX
2026-04-19 18:30:00,0.0,0.42000000000000004,SFFR,17.829583333333332,0.0,0.42000000000000004,SFFR,28.0,-0.0,7.9799999999999995,Multi-Market,Idle,-0.0,25.599999999999994,112.0,137.6,DA_HH,SSP
2026-04-19 19:00:00,0.0,0.42000000000000004,SFFR,17.829583333333332,0.0,0.42000000000000004,SFFR,30.835,0.0,7.9799999999999995,Multi-Market,Idle,0.0,24.299999999999997,113.3,137.6,DA_HH,SSP
2026-04-19 19:30:00,0.0,0.42000000000000004,SFFR,17.829583333333332,0.0,0.42000000000000004,SFFR,30.835,0.0,7.9799999999999995,Multi-Market,Idle,0.0,25.39,94.61,120.0,SSP,ISEM
2026-04-19 20:00:00,0.0,0.42000000000000004,SFFR,17.829583333333332,0.0,0.42000000000000004,SFFR,30.835,-0.0,7.9799999999999995,Multi-Market,Idle,-0.0,22.599999999999994,115.0,137.6,EPEX,SSP
2026-04-19 20:30:00,0.0,0.42000000000000004,SFFR,17.829583333333332,0.0,0.42000000000000004,SFFR,30.835,0.0,7.9799999999999995,Multi-Market,Idle,0.0,22.430000000000007,97.57,120.0,SSP,ISEM
2026-04-19 21:00:00,0.0,0.42000000000000004,SFFR,17.829583333333332,0.0,0.42000000000000004,SFFR,30.835,-0.0,7.9799999999999995,Multi-Market,Idle,-0.0,29.0,111.0,140.0,EPEX,SSP
2026-04-19 21:30:00,0.0,0.42000000000000004,SFFR,17.829583333333332,0.0,0.42000000000000004,SFFR,30.835,3.3014985641351435,4.4404220056417305,Multi-Market,Sell-SSP,462.2097989789201,29.0,111.0,140.0,EPEX,SSP
2026-04-19 22:00:00,0.0,0.42000000000000004,SFFR,17.829583333333332,0.0,0.42000000000000004,SFFR,30.835,3.75,0.42000000000000004,Multi-Market,Sell-SSP,525.0,42.56,97.44,140.0,EPEX,SSP
2026-04-19 22:30:00,0.0,0.42000000000000004,SFFR,17.829583333333332,0.0,0.42000000000000004,SFFR,30.835,0.0,0.42000000000000004,Multi-Market,Idle,0.0,23.709999999999994,80.0,103.71,SSP,ISEM
2026-04-19 23:00:00,0.0,0.42000000000000004,SFFR,17.829583333333332,0.0,0.42000000000000004,SFFR,8.75,-0.0,0.42000000000000004,Multi-Market,Idle,-0.0,33.75,83.25,117.0,SSP,ISEM
2026-04-19 23:30:00,0.0,0.42000000000000004,SFFR,17.829583333333332,0.0,0.42000000000000004,SFFR,8.75,-0.0,0.42000000000000004,Multi-Market,Idle,-0.0,26.61999999999999,79.01,105.63,SSP,ISEM
2026-04-20 00:00:00,0.0,0.42000000000000004,SFFR,23.324583333333333,0.0,0.42000000000000004,SFFR,8.75,0.0,0.42000000000000004,SFFR,SFFR,23.324583333333333,22.289999999999992,79.01,101.3,SSP,ISEM
2026-04-20 00:30:00,0.0,0.42000000000000004,SFFR,23.324583333333333,0.0,0.42000000000000004,SFFR,8.75,0.0,0.42000000000000004,SFFR,SFFR,23.324583333333333,22.310000000000002,79.1,101.41,SSP,ISEM
2026-04-20 01:00:00,0.0,0.42000000000000004,SFFR,23.324583333333333,0.0,0.42000000000000004,SFFR,8.75,0.0,0.42000000000000004,SFFR,SFFR,23.324583333333333,21.289999999999992,79.01,100.3,SSP,DA_HH
2026-04-20 01:30:00,0.0,0.42000000000000004,SFFR,23.324583333333333,0.0,0.42000000000000004,SFFR,8.75,0.0,0.42000000000000004,SFFR,SFFR,23.324583333333333,23.629999999999995,79.87,103.5,SSP,ISEM
2026-04-20 02:00:00,0.0,0.42000000000000004,SFFR,23.324583333333333,0.0,0.42000000000000004,SFFR,8.75,0.0,0.42000000000000004,SFFR,SFFR,23.324583333333333,20.17,79.01,99.18,SSP,ISEM
2026-04-20 02:30:00,0.0,0.42000000000000004,SFFR,23.324583333333333,0.0,0.42000000000000004,SFFR,8.75,0.0,0.42000000000000004,SFFR,SFFR,23.324583333333333,16.289999999999992,79.01,95.3,SSP,DA_HH
2026-04-20 03:00:00,0.0,0.42000000000000004,SFFR,23.324583333333333,0.0,0.42000000000000004,SFFR,13.51,0.0,0.42000000000000004,SFFR,SFFR,23.324583333333333,17.78,79.02,96.8,SSP,DA_HH
2026-04-20 03:30:00,0.0,0.42000000000000004,SFFR,23.324583333333333,0.0,0.42000000000000004,SFFR,13.51,0.0,0.42000000000000004,SFFR,SFFR,23.324583333333333,14.280000000000001,79.01,93.29,SSP,ISEM
2026-04-20 04:00:00,0.0,0.42000000000000004,SFFR,23.324583333333333,0.0,0.42000000000000004,SFFR,13.51,0.0,0.42000000000000004,SFFR,SFFR,23.324583333333333,19.289999999999992,79.01,98.3,SSP,DA_HH
2026-04-20 04:30:00,0.0,0.42000000000000004,SFFR,23.324583333333333,0.0,0.42000000000000004,SFFR,13.51,0.0,0.42000000000000004,SFFR,SFFR,23.324583333333333,17.959999999999994,79.01,96.97,SSP,ISEM
2026-04-20 05:00:00,0.0,0.42000000000000004,SFFR,23.324583333333333,0.0,0.42000000000000004,SFFR,13.51,0.0,0.42000000000000004,SFFR,SFFR,23.324583333333333,35.91,79.01,114.92,SSP,ISEM
2026-04-20 05:30:00,0.0,0.42000000000000004,SFFR,23.324583333333333,0.0,0.42000000000000004,SFFR,13.51,0.0,0.42000000000000004,SFFR,SFFR,23.324583333333333,32.06999999999999,79.01,111.08,SSP,ISEM
2026-04-20 06:00:00,0.0,0.42000000000000004,SFFR,23.324583333333333,0.0,0.42000000000000004,SFFR,13.51,0.0,0.42000000000000004,SFFR,SFFR,23.324583333333333,34.33999999999999,114.2,148.54,EPEX,SSP
2026-04-20 06:30:00,0.0,0.42000000000000004,SFFR,23.324583333333333,0.0,0.42000000000000004,SFFR,13.51,0.0,0.42000000000000004,SFFR,SFFR,23.324583333333333,30.239999999999995,114.2,144.44,EPEX,SSP
2026-04-20 07:00:00,0.0,0.42000000000000004,SFFR,23.324583333333333,0.0,0.42000000000000004,SFFR,35.419999999999995,0.0,0.42000000000000004,SFFR,SFFR,23.324583333333333,26.939999999999998,118.06,145.0,EPEX,SSP
2026-04-20 07:30:00,0.0,0.42000000000000004,SFFR,23.324583333333333,0.0,0.42000000000000004,SFFR,35.419999999999995,0.0,0.42000000000000004,SFFR,SFFR,23.324583333333333,25.939999999999998,118.06,144.0,EPEX,SSP
2026-04-20 08:00:00,0.0,0.42000000000000004,SFFR,23.324583333333333,0.0,0.42000000000000004,SFFR,35.419999999999995,0.0,0.42000000000000004,SFFR,SFFR,23.324583333333333,31.33,111.67,143.0,EPEX,SSP
2026-04-20 08:30:00,0.0,0.42000000000000004,SFFR,23.324583333333333,0.0,0.42000000000000004,SFFR,35.419999999999995,0.0,0.42000000000000004,SFFR,SFFR,23.324583333333333,22.779999999999987,111.67,134.45,EPEX,SSP
2026-04-20 09:00:00,0.0,0.42000000000000004,SFFR,23.324583333333333,0.0,0.42000000000000004,SFFR,35.419999999999995,0.0,0.42000000000000004,SFFR,SFFR,23.324583333333333,38.94999999999999,95.5,134.45,EPEX,SSP
2026-04-20 09:30:00,0.0,0.42000000000000004,SFFR,23.324583333333333,0.0,0.42000000000000004,SFFR,35.419999999999995,0.0,0.42000000000000004,SFFR,SFFR,23.324583333333333,16.799999999999997,79.2,96.0,SSP,DA_HH
2026-04-20 10:00:00,0.0,0.42000000000000004,SFFR,23.324583333333333,0.0,0.42000000000000004,SFFR,35.419999999999995,0.0,0.42000000000000004,SFFR,SFFR,23.324583333333333,17.959999999999994,76.4,94.36,SSP,DA_HH
2026-04-20 10:30:00,0.0,0.42000000000000004,SFFR,23.324583333333333,0.0,0.42000000000000004,SFFR,35.419999999999995,0.0,0.42000000000000004,SFFR,SFFR,23.324583333333333,16.220000000000013,76.32,92.54,SSP,EPEX
2026-04-20 11:00:00,0.0,0.42000000000000004,SFFR,23.324583333333333,0.0,0.42000000000000004,SFFR,14.98,0.0,0.42000000000000004,SFFR,SFFR,23.324583333333333,13.980000000000004,76.32,90.3,SSP,DA_HH
2026-04-20 11:30:00,0.0,0.42000000000000004,SFFR,23.324583333333333,0.0,0.42000000000000004,SFFR,14.98,0.0,0.42000000000000004,SFFR,SFFR,23.324583333333333,13.699999999999989,76.4,90.1,SSP,DA_HH
2026-04-20 12:00:00,0.0,0.42000000000000004,SFFR,23.324583333333333,0.0,0.42000000000000004,SFFR,14.98,0.0,0.42000000000000004,SFFR,SFFR,23.324583333333333,19.680000000000007,86.27,105.95,EPEX,SSP
2026-04-20 12:30:00,0.0,0.42000000000000004,SFFR,23.324583333333333,0.0,0.42000000000000004,SFFR,14.98,0.0,0.42000000000000004,SFFR,SFFR,23.324583333333333,15.019999999999996,76.4,91.42,SSP,DA_HH
2026-04-20 13:00:00,0.0,0.42000000000000004,SFFR,23.324583333333333,0.0,0.42000000000000004,SFFR,14.98,0.0,0.42000000000000004,SFFR,SFFR,23.324583333333333,12.459999999999994,76.4,88.86,SSP,DA_HH
2026-04-20 13:30:00,0.0,0.42000000000000004,SFFR,23.324583333333333,0.0,0.42000000000000004,SFFR,14.98,0.0,0.42000000000000004,SFFR,SFFR,23.324583333333333,12.450000000000003,76.41,88.86,SSP,DA_HH
2026-04-20 14:00:00,0.0,0.42000000000000004,SFFR,23.324583333333333,0.0,0.42000000000000004,SFFR,14.98,0.0,0.42000000000000004,SFFR,SFFR,23.324583333333333,21.950000000000003,84.0,105.95,EPEX,SSP
2026-04-20 14:30:00,0.0,0.42000000000000004,SFFR,23.324583333333333,0.0,0.42000000000000004,SFFR,14.98,0.0,0.42000000000000004,SFFR,SFFR,23.324583333333333,30.5,81.0,111.5,ISEM,SSP
2026-04-20 15:00:00,0.0,0.42000000000000004,SFFR,23.324583333333333,0.0,0.42000000000000004,SFFR,28.84,0.0,0.42000000000000004,SFFR,SFFR,23.324583333333333,24.22,81.73,105.95,EPEX,SSP
2026-04-20 15:30:00,0.0,0.42000000000000004,SFFR,23.324583333333333,0.0,0.42000000000000004,SFFR,28.84,0.0,0.42000000000000004,SFFR,SFFR,23.324583333333333,24.22,81.73,105.95,EPEX,SSP
2026-04-20 16:00:00,0.0,0.42000000000000004,SFFR,23.324583333333333,0.0,0.42000000000000004,SFFR,28.84,0.0,0.42000000000000004,SFFR,SFFR,23.324583333333333,15.439999999999998,78.56,94.0,SSP,DA_HH
2026-04-20 16:30:00,0.0,0.42000000000000004,SFFR,23.324583333333333,0.0,0.42000000000000004,SFFR,28.84,0.0,0.42000000000000004,SFFR,SFFR,23.324583333333333,22.929999999999993,78.81,101.74,SSP,DA_HH
2026-04-20 17:00:00,0.0,0.42000000000000004,SFFR,23.324583333333333,0.0,0.42000000000000004,SFFR,28.84,0.0,0.42000000000000004,SFFR,SFFR,23.324583333333333,21.769999999999996,85.23,107.0,SSP,ISEM
2026-04-20 17:30:00,0.0,0.42000000000000004,SFFR,23.324583333333333,0.0,0.42000000000000004,SFFR,28.84,0.0,0.42000000000000004,SFFR,SFFR,23.324583333333333,23.83,93.19,117.02,SSP,DA_HH
2026-04-20 18:00:00,0.0,0.42000000000000004,SFFR,23.324583333333333,0.0,0.42000000000000004,SFFR,28.84,0.0,0.42000000000000004,SFFR,SFFR,23.324583333333333,24.620000000000005,115.18,139.8,EPEX,SSP
2026-04-20 18:30:00,0.0,0.42000000000000004,SFFR,23.324583333333333,0.0,0.42000000000000004,SFFR,28.84,0.0,0.42000000000000004,SFFR,SFFR,23.324583333333333,37.0,85.0,122.0,SSP,DA_HH
2026-04-20 19:00:00,0.0,0.42000000000000004,SFFR,23.324583333333333,0.0,0.42000000000000004,SFFR,37.135,0.0,0.42000000000000004,SFFR,SFFR,23.324583333333333,20.400000000000006,119.4,139.8,ISEM,SSP
2026-04-20 19:30:00,0.0,0.42000000000000004,SFFR,23.324583333333333,0.0,0.42000000000000004,SFFR,37.135,0.0,0.42000000000000004,SFFR,SFFR,23.324583333333333,23.790000000000006,116.01,139.8,ISEM,SSP
2026-04-20 20:00:00,0.0,0.42000000000000004,SFFR,23.324583333333333,0.0,0.42000000000000004,SFFR,37.135,0.0,0.42000000000000004,SFFR,SFFR,23.324583333333333,24.900000000000006,115.0,139.9,ISEM,SSP
2026-04-20 20:30:00,0.0,0.42000000000000004,SFFR,23.324583333333333,0.0,0.42000000000000004,SFFR,37.135,0.0,0.42000000000000004,SFFR,SFFR,23.324583333333333,28.80000000000001,111.0,139.8,ISEM,SSP
2026-04-20 21:00:00,0.0,0.42000000000000004,SFFR,23.324583333333333,0.0,0.42000000000000004,SFFR,37.135,0.0,0.42000000000000004,SFFR,SFFR,23.324583333333333,27.790000000000006,106.21,134.0,EPEX,SSP
2026-04-20 21:30:00,0.0,0.42000000000000004,SFFR,23.324583333333333,0.0,0.42000000000000004,SFFR,37.135,0.0,0.42000000000000004,SFFR,SFFR,23.324583333333333,43.650000000000006,96.15,139.8,DA_HH,SSP
2026-04-20 22:00:00,0.0,0.42000000000000004,SFFR,23.324583333333333,0.0,0.42000000000000004,SFFR,37.135,0.0,0.42000000000000004,SFFR,SFFR,23.324583333333333,24.260000000000005,92.64,116.9,EPEX,SSP
2026-04-20 22:30:00,0.0,0.42000000000000004,SFFR,23.324583333333333,0.0,0.42000000000000004,SFFR,37.135,0.0,0.42000000000000004,SFFR,SFFR,23.324583333333333,35.89,81.01,116.9,DA_HH,SSP
2026-04-20 23:00:00,0.0,0.42000000000000004,SFFR,23.324583333333333,0.0,0.42000000000000004,SFFR,14.0,0.0,0.42000000000000004,SFFR,SFFR,23.324583333333333,19.790000000000006,74.21,94.0,SSP,ISEM
2026-04-20 23:30:00,0.0,0.42000000000000004,SFFR,23.324583333333333,0.0,0.42000000000000004,SFFR,14.0,0.0,0.42000000000000004,SFFR,SFFR,23.324583333333333,17.650000000000006,74.25,91.9,SSP,EPEX
2026-04-21 00:00:00,0.0,0.42000000000000004,SFFR,27.890625,0.0,0.42000000000000004,SFFR,14.0,0.0,0.42000000000000004,Multi-Market,Idle,0.0,5.640000000000001,85.14,90.78,DA_HH,SSP
2026-04-21 00:30:00,0.0,0.42000000000000004,SFFR,27.890625,0.0,0.42000000000000004,SFFR,14.0,-1.882758620689657,2.1761203320643094,Multi-Market,Buy-SSP,-139.70068965517254,13.799999999999997,74.2,88.0,SSP,ISEM
2026-04-21 01:00:00,0.0,0.42000000000000004,SFFR,27.890625,0.0,0.42000000000000004,SFFR,14.0,0.0,2.1761203320643094,Multi-Market,Idle,0.0,12.25,74.25,86.5,SSP,ISEM
2026-04-21 01:30:00,0.0,0.42000000000000004,SFFR,27.890625,0.0,0.42000000000000004,SFFR,14.0,0.0,2.1761203320643094,Multi-Market,Idle,0.0,13.75,74.25,88.0,SSP,ISEM
2026-04-21 02:00:00,0.0,0.42000000000000004,SFFR,27.890625,0.0,0.42000000000000004,SFFR,14.0,0.0,2.1761203320643094,Multi-Market,Idle,0.0,28.0,82.0,110.0,EPEX,SSP
2026-04-21 02:30:00,0.0,0.42000000000000004,SFFR,27.890625,0.0,0.42000000000000004,SFFR,14.0,0.0,2.1761203320643094,Multi-Market,Idle,0.0,12.150000000000006,74.21,86.36,SSP,ISEM
2026-04-21 03:00:00,0.0,0.42000000000000004,SFFR,27.890625,0.0,0.42000000000000004,SFFR,14.280000000000001,0.0,2.1761203320643094,Multi-Market,Idle,0.0,13.240000000000009,74.21,87.45,SSP,ISEM
2026-04-21 03:30:00,0.0,0.42000000000000004,SFFR,27.890625,0.0,0.42000000000000004,SFFR,14.280000000000001,0.0,2.1761203320643094,Multi-Market,Idle,0.0,3.8200000000000074,81.61,85.43,SSP,ISEM
2026-04-21 04:00:00,0.0,0.42000000000000004,SFFR,27.890625,0.0,0.42000000000000004,SFFR,14.280000000000001,0.0,2.1761203320643094,Multi-Market,Idle,0.0,4.200000000000003,83.1,87.3,DA_HH,ISEM
2026-04-21 04:30:00,0.0,0.42000000000000004,SFFR,27.890625,0.0,0.42000000000000004,SFFR,14.280000000000001,0.0,2.1761203320643094,Multi-Market,Idle,0.0,40.56,80.94,121.5,DA_HH,SSP
2026-04-21 05:00:00,0.0,0.42000000000000004,SFFR,27.890625,0.0,0.42000000000000004,SFFR,14.280000000000001,0.0,2.1761203320643094,Multi-Market,Idle,0.0,31.0,90.5,121.5,DA_HH,SSP
2026-04-21 05:30:00,0.0,0.42000000000000004,SFFR,27.890625,0.0,0.42000000000000004,SFFR,14.280000000000001,0.0,2.1761203320643094,Multi-Market,Idle,0.0,34.599999999999994,94.4,129.0,DA_HH,SSP
2026-04-21 06:00:00,0.0,0.42000000000000004,SFFR,27.890625,0.0,0.42000000000000004,SFFR,14.280000000000001,0.0,2.1761203320643094,Multi-Market,Idle,0.0,31.0,102.0,133.0,DA_HH,SSP
2026-04-21 06:30:00,0.0,0.42000000000000004,SFFR,27.890625,0.0,0.42000000000000004,SFFR,14.280000000000001,0.0,2.1761203320643094,Multi-Market,Idle,0.0,24.5,111.5,136.0,EPEX,SSP
2026-04-21 07:00:00,0.0,0.42000000000000004,SFFR,27.890625,0.0,0.42000000000000004,SFFR,36.435,1.6380000000000012,0.42000000000000004,Multi-Market,Sell-SSP,222.76800000000017,30.0,106.0,136.0,DA_HH,SSP
2026-04-21 07:30:00,0.0,0.42000000000000004,SFFR,27.890625,0.0,0.42000000000000004,SFFR,36.435,0.0,0.42000000000000004,Multi-Market,Idle,0.0,26.0,110.0,136.0,DA_HH,SSP
2026-04-21 08:00:00,0.0,0.42000000000000004,SFFR,27.890625,0.0,0.42000000000000004,SFFR,36.435,-0.0,0.42000000000000004,Multi-Market,Idle,-0.0,42.22,93.78,136.0,EPEX,SSP
2026-04-21 08:30:00,0.0,0.42000000000000004,SFFR,27.890625,0.0,0.42000000000000004,SFFR,36.435,-0.0,0.42000000000000004,Multi-Market,Idle,-0.0,48.5,84.5,133.0,DA_HH,SSP
2026-04-21 09:00:00,0.0,0.42000000000000004,SFFR,27.890625,0.0,0.42000000000000004,SFFR,36.435,-0.0,0.42000000000000004,Multi-Market,Idle,-0.0,52.47,78.53,131.0,EPEX,SSP
2026-04-21 09:30:00,0.0,0.42000000000000004,SFFR,27.890625,0.0,0.42000000000000004,SFFR,36.435,-0.0,0.42000000000000004,Multi-Market,Idle,-0.0,53.040000000000006,75.86,128.9,DA_HH,SSP
2026-04-21 10:00:00,0.0,0.42000000000000004,SFFR,27.890625,0.0,0.42000000000000004,SFFR,36.435,-0.0,0.42000000000000004,Multi-Market,Idle,-0.0,19.169999999999995,57.4,76.57,EPEX,ISEM
2026-04-21 10:30:00,0.0,0.42000000000000004,SFFR,27.890625,0.0,0.42000000000000004,SFFR,36.435,0.0,0.42000000000000004,Multi-Market,Idle,0.0,3.1299999999999955,57.31,60.44,SSP,ISEM
2026-04-21 11:00:00,0.0,0.42000000000000004,SFFR,27.890625,0.0,0.42000000000000004,SFFR,16.8,-0.0,0.42000000000000004,Multi-Market,Idle,-0.0,22.740000000000002,45.54,68.28,EPEX,ISEM
2026-04-21 11:30:00,0.0,0.42000000000000004,SFFR,27.890625,0.0,0.42000000000000004,SFFR,16.8,0.0,0.42000000000000004,Multi-Market,Idle,0.0,10.21,39.9,50.11,SSP,ISEM
2026-04-21 12:00:00,0.0,0.42000000000000004,SFFR,27.890625,0.0,0.42000000000000004,SFFR,16.8,0.0,0.42000000000000004,Multi-Market,Idle,0.0,15.089999999999996,33.31,48.4,SSP,ISEM
2026-04-21 12:30:00,0.0,0.42000000000000004,SFFR,27.890625,0.0,0.42000000000000004,SFFR,16.8,0.0,0.42000000000000004,Multi-Market,Idle,0.0,17.509999999999998,25.0,42.51,SSP,ISEM
2026-04-21 13:00:00,0.0,0.42000000000000004,SFFR,27.890625,0.0,0.42000000000000004,SFFR,16.8,0.0,0.42000000000000004,Multi-Market,Idle,0.0,23.189999999999998,15.11,38.3,SSP,ISEM
2026-04-21 13:30:00,0.0,0.42000000000000004,SFFR,27.890625,0.0,0.42000000000000004,SFFR,16.8,-2.1,2.3787496011486513,Multi-Market,Buy-SSP,60.900000000000006,62.21,-29.0,33.21,SSP,EPEX
2026-04-21 14:00:00,0.0,0.42000000000000004,SFFR,27.890625,0.0,0.42000000000000004,SFFR,16.8,-2.1,4.337499202297303,Multi-Market,Buy-SSP,154.014,103.84,-73.34,30.5,SSP,EPEX
2026-04-21 14:30:00,0.0,0.42000000000000004,SFFR,27.890625,0.0,0.42000000000000004,SFFR,16.8,-2.1,6.296248803445954,Multi-Market,Buy-SSP,176.379,114.49,-83.99,30.5,SSP,EPEX
2026-04-21 15:00:00,0.0,0.42000000000000004,SFFR,27.890625,0.0,0.42000000000000004,SFFR,49.0,-0.01649856413514339,6.021250398851349,Multi-Market,Buy-SSP,224.33705169113486,107.11,-71.11,36.0,SSP,EPEX
2026-04-21 15:30:00,0.0,0.42000000000000004,SFFR,27.890625,0.0,0.42000000000000004,SFFR,49.0,-2.1,7.9799999999999995,Multi-Market,Buy-SSP,84.0,76.0,-40.0,36.0,SSP,EPEX
2026-04-21 16:00:00,0.0,0.42000000000000004,SFFR,27.890625,0.0,0.42000000000000004,SFFR,49.0,-0.0,7.9799999999999995,Multi-Market,Idle,-0.0,24.6,38.0,62.6,SSP,ISEM
2026-04-21 16:30:00,0.0,0.42000000000000004,SFFR,27.890625,0.0,0.42000000000000004,SFFR,49.0,-0.0,7.9799999999999995,Multi-Market,Idle,-0.0,26.89,40.0,66.89,SSP,ISEM
2026-04-21 17:00:00,0.0,0.42000000000000004,SFFR,27.890625,0.0,0.42000000000000004,SFFR,49.0,-0.0,7.9799999999999995,Multi-Market,Idle,-0.0,38.43000000000001,50.0,88.43,SSP,EPEX
2026-04-21 17:30:00,0.0,0.42000000000000004,SFFR,27.890625,0.0,0.42000000000000004,SFFR,49.0,-0.0,7.9799999999999995,Multi-Market,Idle,-0.0,49.400000000000006,84.6,134.0,DA_HH,SSP
2026-04-21 18:00:00,0.0,0.42000000000000004,SFFR,27.890625,0.0,0.42000000000000004,SFFR,49.0,0.0,7.9799999999999995,Multi-Market,Idle,0.0,9.799999999999997,96.0,105.8,DA_HH,EPEX
2026-04-21 18:30:00,0.0,0.42000000000000004,SFFR,27.890625,0.0,0.42000000000000004,SFFR,49.0,1.3784985641351437,6.50209441013481,Multi-Market,Sell-SSP,206.49908490744454,44.80000000000001,105.0,149.8,ISEM,SSP
2026-04-21 19:00:00,0.0,0.42000000000000004,SFFR,27.890625,0.0,0.42000000000000004,SFFR,38.324999999999996,3.75,2.4816724044930796,Multi-Market,Sell-SSP,561.75,40.10000000000001,109.7,149.8,DA_HH,SSP
2026-04-21 19:30:00,0.0,0.42000000000000004,SFFR,27.890625,0.0,0.42000000000000004,SFFR,38.324999999999996,-2.1,4.4404220056417305,Multi-Market,Buy-SSP,-153.3,42.0,73.0,115.0,SSP,ISEM
2026-04-21 20:00:00,0.0,0.42000000000000004,SFFR,27.890625,0.0,0.42000000000000004,SFFR,38.324999999999996,0.0,4.4404220056417305,Multi-Market,Idle,0.0,6.060000000000002,107.47,113.53,DA_HH,SSP
2026-04-21 20:30:00,0.0,0.42000000000000004,SFFR,27.890625,0.0,0.42000000000000004,SFFR,38.324999999999996,3.75,0.42000000000000004,Multi-Market,Sell-SSP,579.375,47.59,106.91,154.5,ISEM,SSP
2026-04-21 21:00:00,0.0,0.42000000000000004,SFFR,27.890625,0.0,0.42000000000000004,SFFR,38.324999999999996,0.0,0.42000000000000004,Multi-Market,Idle,0.0,46.500000000000014,103.3,149.8,EPEX,SSP
2026-04-21 21:30:00,0.0,0.42000000000000004,SFFR,27.890625,0.0,0.42000000000000004,SFFR,38.324999999999996,-0.0,0.42000000000000004,Multi-Market,Idle,-0.0,56.22000000000001,93.58,149.8,ISEM,SSP
2026-04-21 22:00:00,0.0,0.42000000000000004,SFFR,27.890625,0.0,0.42000000000000004,SFFR,38.324999999999996,-0.0,0.42000000000000004,Multi-Market,Idle,-0.0,24.83,73.0,97.83,SSP,DA_HH
2026-04-21 22:30:00,0.0,0.42000000000000004,SFFR,27.890625,0.0,0.42000000000000004,SFFR,38.324999999999996,0.0,0.42000000000000004,Multi-Market,Idle,0.0,18.700000000000003,73.0,91.7,SSP,EPEX
2026-04-21 23:00:00,0.0,0.42000000000000004,SFFR,27.890625,0.0,0.42000000000000004,SFFR,8.015,-0.0,0.42000000000000004,Multi-Market,Idle,-0.0,23.120000000000005,69.35,92.47,SSP,DA_HH
2026-04-21 23:30:00,0.0,0.42000000000000004,SFFR,27.890625,0.0,0.42000000000000004,SFFR,8.015,-0.0,0.42000000000000004,Multi-Market,Idle,-0.0,17.61,70.09,87.7,SSP,EPEX
2026-04-22 00:00:00,0.0,0.42000000000000004,SFFR,17.785833333333333,0.0,0.42000000000000004,SFFR,8.015,0.0,0.42000000000000004,Multi-Market,Idle,0.0,8.86,75.02,83.88,SSP,DA_HH
2026-04-22 00:30:00,0.0,0.42000000000000004,SFFR,17.785833333333333,0.0,0.42000000000000004,SFFR,8.015,0.0,0.42000000000000004,Multi-Market,Idle,0.0,12.480000000000004,73.07,85.55,SSP,DA_HH
2026-04-22 01:00:00,0.0,0.42000000000000004,SFFR,17.785833333333333,0.0,0.42000000000000004,SFFR,8.015,0.0,0.42000000000000004,Multi-Market,Idle,0.0,15.819999999999993,70.93,86.75,SSP,DA_HH
2026-04-22 01:30:00,0.0,0.42000000000000004,SFFR,17.785833333333333,0.0,0.42000000000000004,SFFR,8.015,0.0,0.42000000000000004,Multi-Market,Idle,0.0,11.810000000000002,76.99,88.8,SSP,DA_HH
2026-04-22 02:00:00,0.0,0.42000000000000004,SFFR,17.785833333333333,0.0,0.42000000000000004,SFFR,8.015,0.0,0.42000000000000004,Multi-Market,Idle,0.0,15.379999999999995,73.62,89.0,SSP,DA_HH
2026-04-22 02:30:00,0.0,0.42000000000000004,SFFR,17.785833333333333,0.0,0.42000000000000004,SFFR,8.015,0.0,0.42000000000000004,Multi-Market,Idle,0.0,13.169999999999987,74.9,88.07,SSP,DA_HH
2026-04-22 03:00:00,0.0,0.42000000000000004,SFFR,17.785833333333333,0.0,0.42000000000000004,SFFR,7.0,0.0,0.42000000000000004,Multi-Market,Idle,0.0,13.620000000000005,73.38,87.0,SSP,DA_HH
2026-04-22 03:30:00,0.0,0.42000000000000004,SFFR,17.785833333333333,0.0,0.42000000000000004,SFFR,7.0,0.0,0.42000000000000004,Multi-Market,Idle,0.0,15.040000000000006,70.46,85.5,SSP,DA_HH
2026-04-22 04:00:00,0.0,0.42000000000000004,SFFR,17.785833333333333,0.0,0.42000000000000004,SFFR,7.0,0.0,0.42000000000000004,Multi-Market,Idle,0.0,22.50999999999999,66.2,88.71,SSP,DA_HH
2026-04-22 04:30:00,0.0,0.42000000000000004,SFFR,17.785833333333333,0.0,0.42000000000000004,SFFR,7.0,0.0,0.42000000000000004,Multi-Market,Idle,0.0,16.200000000000003,71.85,88.05,SSP,DA_HH
2026-04-22 05:00:00,0.0,0.42000000000000004,SFFR,17.785833333333333,0.0,0.42000000000000004,SFFR,7.0,0.0,0.42000000000000004,Multi-Market,Idle,0.0,4.530000000000001,93.97,98.5,EPEX,DA_HH
2026-04-22 05:30:00,0.0,0.42000000000000004,SFFR,17.785833333333333,0.0,0.42000000000000004,SFFR,7.0,0.0,0.42000000000000004,Multi-Market,Idle,0.0,36.67999999999999,69.92,106.6,SSP,DA_HH
2026-04-22 06:00:00,0.0,0.42000000000000004,SFFR,17.785833333333333,0.0,0.42000000000000004,SFFR,7.0,0.0,0.42000000000000004,Multi-Market,Idle,0.0,28.980000000000004,100.39,129.37,ISEM,SSP
2026-04-22 06:30:00,0.0,0.42000000000000004,SFFR,17.785833333333333,0.0,0.42000000000000004,SFFR,7.0,-0.0,0.42000000000000004,Multi-Market,Idle,-0.0,24.090000000000003,110.0,134.09,ISEM,SSP
2026-04-22 07:00:00,0.0,0.42000000000000004,SFFR,17.785833333333333,0.0,0.42000000000000004,SFFR,20.3,0.0,0.42000000000000004,Multi-Market,Idle,0.0,10.900000000000006,100.1,111.0,SSP,EPEX
2026-04-22 07:30:00,0.0,0.42000000000000004,SFFR,17.785833333333333,0.0,0.42000000000000004,SFFR,20.3,-0.0,0.42000000000000004,Multi-Market,Idle,-0.0,11.120000000000005,101.66,112.78,SSP,DA_HH
2026-04-22 08:00:00,0.0,0.42000000000000004,SFFR,17.785833333333333,0.0,0.42000000000000004,SFFR,20.3,-0.0,0.42000000000000004,Multi-Market,Idle,-0.0,56.44,51.03,107.47,SSP,DA_HH
2026-04-22 08:30:00,0.0,0.42000000000000004,SFFR,17.785833333333333,0.0,0.42000000000000004,SFFR,20.3,-0.0,0.42000000000000004,Multi-Market,Idle,-0.0,49.17,51.03,100.2,SSP,EPEX
2026-04-22 09:00:00,0.0,0.42000000000000004,SFFR,17.785833333333333,0.0,0.42000000000000004,SFFR,20.3,0.0,0.42000000000000004,Multi-Market,Idle,0.0,36.89,50.11,87.0,SSP,EPEX
2026-04-22 09:30:00,0.0,0.42000000000000004,SFFR,17.785833333333333,0.0,0.42000000000000004,SFFR,20.3,-0.0,0.42000000000000004,Multi-Market,Idle,-0.0,56.39,30.61,87.0,SSP,EPEX
2026-04-22 10:00:00,0.0,0.42000000000000004,SFFR,17.785833333333333,0.0,0.42000000000000004,SFFR,20.3,-0.2729999999999999,0.42000000000000004,Multi-Market,Buy-SSP,119.03913,64.25,-6.06,58.19,SSP,EPEX
2026-04-22 10:30:00,0.0,0.42000000000000004,SFFR,17.785833333333333,0.0,0.42000000000000004,SFFR,20.3,-0.010086421451070818,0.42000000000000004,Multi-Market,Buy-SSP,4.398090968310645,64.25,-6.06,58.19,SSP,EPEX
2026-04-22 11:00:00,0.0,0.42000000000000004,SFFR,17.785833333333333,0.0,0.42000000000000004,SFFR,14.0,0.0,0.42000000000000004,Multi-Market,Idle,0.0,45.18,-9.18,36.0,SSP,EPEX
2026-04-22 11:30:00,0.0,0.42000000000000004,SFFR,17.785833333333333,0.0,0.42000000000000004,SFFR,14.0,0.0,0.42000000000000004,Multi-Market,Idle,0.0,46.0,-10.0,36.0,SSP,EPEX
2026-04-22 12:00:00,0.0,0.42000000000000004,SFFR,17.785833333333333,0.0,0.42000000000000004,SFFR,14.0,0.0,0.42000000000000004,Multi-Market,Idle,0.0,49.22,-20.22,29.0,SSP,EPEX
2026-04-22 12:30:00,0.0,0.42000000000000004,SFFR,17.785833333333333,0.0,0.42000000000000004,SFFR,14.0,0.0,0.42000000000000004,Multi-Market,Idle,0.0,50.54,-21.54,29.0,SSP,EPEX
2026-04-22 13:00:00,0.0,0.42000000000000004,SFFR,17.785833333333333,0.0,0.42000000000000004,SFFR,14.0,0.0,0.42000000000000004,Multi-Market,Idle,0.0,47.81,-21.92,25.89,SSP,EPEX
2026-04-22 13:30:00,0.0,0.42000000000000004,SFFR,17.785833333333333,0.0,0.42000000000000004,SFFR,14.0,0.0,0.42000000000000004,Multi-Market,Idle,0.0,53.39,-27.5,25.89,SSP,EPEX
2026-04-22 14:00:00,0.0,0.42000000000000004,SFFR,17.785833333333333,0.0,0.42000000000000004,SFFR,14.0,-2.1,2.3787496011486513,Multi-Market,Buy-SSP,64.764,50.879999999999995,-30.84,20.04,SSP,EPEX
2026-04-22 14:30:00,0.0,0.42000000000000004,SFFR,17.785833333333333,0.0,0.42000000000000004,SFFR,14.0,-2.1,4.337499202297303,Multi-Market,Buy-SSP,173.08200000000002,102.46000000000001,-82.42,20.04,SSP,EPEX
2026-04-22 15:00:00,0.0,0.42000000000000004,SFFR,17.785833333333333,0.0,0.42000000000000004,SFFR,25.305,-2.1,6.296248803445954,Multi-Market,Buy-SSP,84.0,63.25,-40.0,23.25,SSP,EPEX
2026-04-22 15:30:00,0.0,0.42000000000000004,SFFR,17.785833333333333,0.0,0.42000000000000004,SFFR,25.305,-1.8051707633737284,7.9799999999999995,Multi-Market,Buy-SSP,49.64219599277753,50.75,-27.5,23.25,SSP,EPEX
2026-04-22 16:00:00,0.0,0.42000000000000004,SFFR,17.785833333333333,-2.1,2.3787496011486513,EPEX,-108.255,-0.27300000000000035,7.9799999999999995,Multi-Market,Buy-ISEM,152.01899999999995,87.34,27.66,115.0,ISEM,SSP
2026-04-22 16:30:00,0.0,0.42000000000000004,SFFR,17.785833333333333,-2.1,4.337499202297303,EPEX,-108.255,-0.27300000000000035,7.9799999999999995,Multi-Market,Buy-EPEX,159.01682999999997,94.74,51.55,146.29,EPEX,SSP
2026-04-22 17:00:00,0.0,0.42000000000000004,SFFR,17.785833333333333,3.6540000000000004,0.42000000000000004,EPEX,321.552,3.3014985641351435,4.4404220056417305,Multi-Market,Sell-SSP,491.92328605613636,75.22,73.78,149.0,DA_HH,SSP
2026-04-22 17:30:00,0.0,0.42000000000000004,SFFR,17.785833333333333,-0.0,0.42000000000000004,EPEX,-0.0,3.75,0.42000000000000004,Multi-Market,Sell-SSP,558.75,61.010000000000005,87.99,149.0,ISEM,SSP
2026-04-22 18:00:00,0.0,0.42000000000000004,SFFR,17.785833333333333,0.0,0.42000000000000004,SFFR,25.305,0.0,0.42000000000000004,Multi-Market,Idle,0.0,38.58,101.42,140.0,DA_HH,SSP
2026-04-22 18:30:00,0.0,0.42000000000000004,SFFR,17.785833333333333,0.0,0.42000000000000004,SFFR,25.305,0.0,0.42000000000000004,Multi-Market,Idle,0.0,41.019999999999996,107.98,149.0,ISEM,SSP
2026-04-22 19:00:00,0.0,0.42000000000000004,SFFR,17.785833333333333,0.0,0.42000000000000004,SFFR,32.095,0.0,0.42000000000000004,Multi-Market,Idle,0.0,20.019999999999996,114.98,135.0,ISEM,SSP
2026-04-22 19:30:00,0.0,0.42000000000000004,SFFR,17.785833333333333,0.0,0.42000000000000004,SFFR,32.095,0.0,0.42000000000000004,Multi-Market,Idle,0.0,25.0,115.0,140.0,EPEX,SSP
2026-04-22 20:00:00,0.0,0.42000000000000004,SFFR,17.785833333333333,0.0,0.42000000000000004,SFFR,32.095,0.0,0.42000000000000004,Multi-Market,Idle,0.0,23.900000000000006,88.1,112.0,SSP,ISEM
2026-04-22 20:30:00,0.0,0.42000000000000004,SFFR,17.785833333333333,0.0,0.42000000000000004,SFFR,32.095,0.0,0.42000000000000004,Multi-Market,Idle,0.0,28.849999999999994,111.15,140.0,EPEX,SSP
2026-04-22 21:00:00,0.0,0.42000000000000004,SFFR,17.785833333333333,0.0,0.42000000000000004,SFFR,32.095,0.0,0.42000000000000004,Multi-Market,Idle,0.0,25.489999999999995,88.51,114.0,SSP,DA_HH
2026-04-22 21:30:00,0.0,0.42000000000000004,SFFR,17.785833333333333,0.0,0.42000000000000004,SFFR,32.095,0.0,0.42000000000000004,Multi-Market,Idle,0.0,34.099999999999994,73.0,107.1,SSP,DA_HH
2026-04-22 22:00:00,0.0,0.42000000000000004,SFFR,17.785833333333333,0.0,0.42000000000000004,SFFR,32.095,0.0,0.42000000000000004,Multi-Market,Idle,0.0,47.28,92.72,140.0,EPEX,SSP
2026-04-22 22:30:00,0.0,0.42000000000000004,SFFR,17.785833333333333,0.0,0.42000000000000004,SFFR,32.095,-0.0,0.42000000000000004,Multi-Market,Idle,-0.0,47.28,92.72,140.0,EPEX,SSP
2026-04-22 23:00:00,0.0,0.42000000000000004,SFFR,17.785833333333333,0.0,0.42000000000000004,SFFR,8.015,-0.0,0.42000000000000004,Multi-Market,Idle,-0.0,11.879999999999995,78.92,90.8,SSP,DA_HH
2026-04-22 23:30:00,0.0,0.42000000000000004,SFFR,17.785833333333333,0.0,0.42000000000000004,SFFR,8.015,-0.0,0.42000000000000004,Multi-Market,Idle,-0.0,7.459999999999994,83.2,90.66,ISEM,EPEX
2026-04-23 00:00:00,0.0,0.42000000000000004,SFFR,17.965208333333333,0.0,0.42000000000000004,SFFR,8.015,0.0,0.42000000000000004,Multi-Market,Idle,0.0,7.219999999999999,80.72,87.94,ISEM,EPEX
2026-04-23 00:30:00,0.0,0.42000000000000004,SFFR,17.965208333333333,0.0,0.42000000000000004,SFFR,8.015,0.0,0.42000000000000004,Multi-Market,Idle,0.0,6.929999999999993,81.01,87.94,DA_HH,EPEX
2026-04-23 01:00:00,0.0,0.42000000000000004,SFFR,17.965208333333333,0.0,0.42000000000000004,SFFR,8.015,-1.8051707633737293,2.1037511965540467,Multi-Market,Buy-SSP,-126.93960808044064,16.680000000000007,70.32,87.0,SSP,EPEX
2026-04-23 01:30:00,0.0,0.42000000000000004,SFFR,17.965208333333333,0.0,0.42000000000000004,SFFR,8.015,0.0,2.1037511965540467,Multi-Market,Idle,0.0,1.9399999999999977,87.0,88.94,EPEX,SSP
2026-04-23 02:00:00,0.0,0.42000000000000004,SFFR,17.965208333333333,0.0,0.42000000000000004,SFFR,8.015,0.0,2.1037511965540467,Multi-Market,Idle,0.0,3.539999999999992,86.45,89.99,SSP,ISEM
2026-04-23 02:30:00,0.0,0.42000000000000004,SFFR,17.965208333333333,0.0,0.42000000000000004,SFFR,8.015,0.0,2.1037511965540467,Multi-Market,Idle,0.0,3.180000000000007,86.22,89.4,SSP,ISEM
2026-04-23 03:00:00,0.0,0.42000000000000004,SFFR,17.965208333333333,0.0,0.42000000000000004,SFFR,8.505,0.0,2.1037511965540467,Multi-Market,Idle,0.0,13.569999999999993,75.68,89.25,SSP,DA_HH
2026-04-23 03:30:00,0.0,0.42000000000000004,SFFR,17.965208333333333,0.0,0.42000000000000004,SFFR,8.505,-2.1,4.062500797702698,Multi-Market,Buy-SSP,-138.6,22.310000000000002,66.0,88.31,SSP,ISEM
2026-04-23 04:00:00,0.0,0.42000000000000004,SFFR,17.965208333333333,0.0,0.42000000000000004,SFFR,8.505,-2.1,6.021250398851349,Multi-Market,Buy-SSP,-136.5,29.049999999999997,65.0,94.05,SSP,EPEX
2026-04-23 04:30:00,0.0,0.42000000000000004,SFFR,17.965208333333333,0.0,0.42000000000000004,SFFR,8.505,0.0,6.021250398851349,Multi-Market,Idle,0.0,12.239999999999995,81.81,94.05,SSP,EPEX
2026-04-23 05:00:00,0.0,0.42000000000000004,SFFR,17.965208333333333,0.0,0.42000000000000004,SFFR,8.505,-2.1,7.9799999999999995,Multi-Market,Buy-SSP,-143.745,34.81,68.45,103.26,SSP,EPEX
2026-04-23 05:30:00,0.0,0.42000000000000004,SFFR,17.965208333333333,0.0,0.42000000000000004,SFFR,8.505,0.0,7.9799999999999995,Multi-Market,Idle,0.0,2.0900000000000034,103.0,105.09,ISEM,SSP
2026-04-23 06:00:00,0.0,0.42000000000000004,SFFR,17.965208333333333,0.0,0.42000000000000004,SFFR,8.505,0.0,7.9799999999999995,Multi-Market,Idle,0.0,19.64999999999999,114.2,133.85,ISEM,SSP
2026-04-23 06:30:00,0.0,0.42000000000000004,SFFR,17.965208333333333,0.0,0.42000000000000004,SFFR,8.505,0.0,7.9799999999999995,Multi-Market,Idle,0.0,41.459999999999994,115.54,157.0,EPEX,SSP
2026-04-23 07:00:00,0.0,0.42000000000000004,SFFR,17.965208333333333,0.0,0.42000000000000004,SFFR,28.0,0.0,7.9799999999999995,Multi-Market,Idle,0.0,37.400000000000006,119.6,157.0,EPEX,SSP
2026-04-23 07:30:00,0.0,0.42000000000000004,SFFR,17.965208333333333,0.0,0.42000000000000004,SFFR,28.0,0.0,7.9799999999999995,Multi-Market,Idle,0.0,15.650000000000006,114.35,130.0,SSP,DA_HH
2026-04-23 08:00:00,0.0,0.42000000000000004,SFFR,17.965208333333333,0.0,0.42000000000000004,SFFR,28.0,3.75,3.959577994358269,Multi-Market,Sell-SSP,634.875,51.97000000000001,117.33,169.3,EPEX,SSP
2026-04-23 08:30:00,0.0,0.42000000000000004,SFFR,17.965208333333333,0.0,0.42000000000000004,SFFR,28.0,0.0,3.959577994358269,Multi-Market,Idle,0.0,42.07000000000001,117.33,159.4,EPEX,SSP
2026-04-23 09:00:00,0.0,0.42000000000000004,SFFR,17.965208333333333,0.0,0.42000000000000004,SFFR,28.0,3.3014985641351435,0.42000000000000004,Multi-Market,Sell-SSP,531.34317891191,57.3,103.64,160.94,EPEX,SSP
2026-04-23 09:30:00,0.0,0.42000000000000004,SFFR,17.965208333333333,0.0,0.42000000000000004,SFFR,28.0,0.0,0.42000000000000004,Multi-Market,Idle,0.0,46.31999999999999,66.0,112.32,SSP,DA_HH
2026-04-23 10:00:00,0.0,0.42000000000000004,SFFR,17.965208333333333,0.0,0.42000000000000004,SFFR,28.0,0.0,0.42000000000000004,Multi-Market,Idle,0.0,33.099999999999994,76.9,110.0,SSP,DA_HH
2026-04-23 10:30:00,0.0,0.42000000000000004,SFFR,17.965208333333333,0.0,0.42000000000000004,SFFR,28.0,0.0,0.42000000000000004,Multi-Market,Idle,0.0,18.25999999999999,76.9,95.16,SSP,DA_HH
2026-04-23 11:00:00,0.0,0.42000000000000004,SFFR,17.965208333333333,0.0,0.42000000000000004,SFFR,13.16,0.0,0.42000000000000004,Multi-Market,Idle,0.0,41.16999999999999,72.43,113.6,EPEX,SSP
2026-04-23 11:30:00,0.0,0.42000000000000004,SFFR,17.965208333333333,0.0,0.42000000000000004,SFFR,13.16,0.0,0.42000000000000004,Multi-Market,Idle,0.0,47.42,66.58,114.0,DA_HH,SSP
2026-04-23 12:00:00,0.0,0.42000000000000004,SFFR,17.965208333333333,0.0,0.42000000000000004,SFFR,13.16,0.0,0.42000000000000004,Multi-Market,Idle,0.0,52.49,61.51,114.0,EPEX,SSP
2026-04-23 12:30:00,0.0,0.42000000000000004,SFFR,17.965208333333333,0.0,0.42000000000000004,SFFR,13.16,0.0,0.42000000000000004,Multi-Market,Idle,0.0,52.86,61.14,114.0,DA_HH,SSP
2026-04-23 13:00:00,0.0,0.42000000000000004,SFFR,17.965208333333333,0.0,0.42000000000000004,SFFR,13.16,0.0,0.42000000000000004,Multi-Market,Idle,0.0,54.3,59.7,114.0,DA_HH,SSP
2026-04-23 13:30:00,0.0,0.42000000000000004,SFFR,17.965208333333333,0.0,0.42000000000000004,SFFR,13.16,-2.1,2.3787496011486513,Multi-Market,Buy-DA_HH,-115.584,58.96,55.04,114.0,DA_HH,SSP
2026-04-23 14:00:00,0.0,0.42000000000000004,SFFR,17.965208333333333,0.0,0.42000000000000004,SFFR,13.16,-2.1,4.337499202297303,Multi-Market,Buy-DA_HH,-113.4,55.599999999999994,54.0,109.6,DA_HH,SSP
2026-04-23 14:30:00,0.0,0.42000000000000004,SFFR,17.965208333333333,0.0,0.42000000000000004,SFFR,13.16,-2.1,6.296248803445954,Multi-Market,Buy-DA_HH,-110.46000000000001,56.99999999999999,52.6,109.6,DA_HH,SSP
2026-04-23 15:00:00,0.0,0.42000000000000004,SFFR,17.965208333333333,0.0,0.42000000000000004,SFFR,22.75,-0.07758785731592857,6.368617938956217,Multi-Market,Buy-DA_HH,-4.628891567468298,54.34,59.66,114.0,DA_HH,SSP
2026-04-23 15:30:00,0.0,0.42000000000000004,SFFR,17.965208333333333,0.0,0.42000000000000004,SFFR,22.75,0.0,6.368617938956217,Multi-Market,Idle,0.0,49.06,64.69,113.75,EPEX,SSP
2026-04-23 16:00:00,0.0,0.42000000000000004,SFFR,17.965208333333333,0.0,0.42000000000000004,SFFR,22.75,0.0,6.368617938956217,Multi-Market,Idle,0.0,8.64,72.0,80.64,SSP,EPEX
2026-04-23 16:30:00,0.0,0.42000000000000004,SFFR,17.965208333333333,0.0,0.42000000000000004,SFFR,22.75,0.0,6.368617938956217,Multi-Market,Idle,0.0,28.959999999999994,80.64,109.6,EPEX,SSP
2026-04-23 17:00:00,0.0,0.42000000000000004,SFFR,17.965208333333333,0.0,0.42000000000000004,SFFR,22.75,0.0,6.368617938956217,Multi-Market,Idle,0.0,15.599999999999994,94.0,109.6,DA_HH,SSP
2026-04-23 17:30:00,0.0,0.42000000000000004,SFFR,17.965208333333333,0.0,0.42000000000000004,SFFR,22.75,0.0,6.368617938956217,Multi-Market,Idle,0.0,45.0,94.0,139.0,DA_HH,SSP
2026-04-23 18:00:00,0.0,0.42000000000000004,SFFR,17.965208333333333,0.0,0.42000000000000004,SFFR,22.75,0.0,6.368617938956217,Multi-Market,Idle,0.0,13.61999999999999,97.87,111.49,SSP,EPEX
2026-04-23 18:30:00,0.0,0.42000000000000004,SFFR,17.965208333333333,0.0,0.42000000000000004,SFFR,22.75,0.0,6.368617938956217,Multi-Market,Idle,0.0,27.510000000000005,111.49,139.0,EPEX,SSP
2026-04-23 19:00:00,0.0,0.42000000000000004,SFFR,17.965208333333333,0.0,0.42000000000000004,SFFR,27.439999999999998,0.0,6.368617938956217,Multi-Market,Idle,0.0,22.299999999999997,116.7,139.0,DA_HH,SSP
2026-04-23 19:30:00,0.0,0.42000000000000004,SFFR,17.965208333333333,0.0,0.42000000000000004,SFFR,27.439999999999998,0.0,6.368617938956217,Multi-Market,Idle,0.0,19.799999999999997,120.2,140.0,ISEM,SSP
2026-04-23 20:00:00,0.0,0.42000000000000004,SFFR,17.965208333333333,0.0,0.42000000000000004,SFFR,27.439999999999998,0.0,6.368617938956217,Multi-Market,Idle,0.0,9.349999999999994,123.4,132.75,EPEX,SSP
2026-04-23 20:30:00,0.0,0.42000000000000004,SFFR,17.965208333333333,0.0,0.42000000000000004,SFFR,27.439999999999998,3.75,2.3481959333144866,Multi-Market,Sell-SSP,543.75,21.599999999999994,123.4,145.0,EPEX,SSP
2026-04-23 21:00:00,0.0,0.42000000000000004,SFFR,17.965208333333333,0.0,0.42000000000000004,SFFR,27.439999999999998,1.798501435864858,0.42000000000000004,Multi-Market,Sell-SSP,255.38720389280982,24.060000000000002,117.94,142.0,EPEX,SSP
2026-04-23 21:30:00,0.0,0.42000000000000004,SFFR,17.965208333333333,0.0,0.42000000000000004,SFFR,27.439999999999998,-0.0,0.42000000000000004,Multi-Market,Idle,-0.0,23.400000000000006,116.6,140.0,DA_HH,SSP
2026-04-23 22:00:00,0.0,0.42000000000000004,SFFR,17.965208333333333,0.0,0.42000000000000004,SFFR,27.439999999999998,-0.0,0.42000000000000004,Multi-Market,Idle,-0.0,19.819999999999993,104.93,124.75,EPEX,SSP
2026-04-23 22:30:00,0.0,0.42000000000000004,SFFR,17.965208333333333,0.0,0.42000000000000004,SFFR,27.439999999999998,-0.0,0.42000000000000004,Multi-Market,Idle,-0.0,17.840000000000003,87.09,104.93,SSP,EPEX
2026-04-23 23:00:00,0.0,0.42000000000000004,SFFR,17.965208333333333,0.0,0.42000000000000004,SFFR,7.700000000000001,0.0,0.42000000000000004,Multi-Market,Idle,0.0,17.200000000000003,82.0,99.2,SSP,EPEX
2026-04-23 23:30:00,0.0,0.42000000000000004,SFFR,17.965208333333333,0.0,0.42000000000000004,SFFR,7.700000000000001,-0.0,0.42000000000000004,Multi-Market,Idle,-0.0,16.85000000000001,82.35,99.2,SSP,EPEX
2026-04-24 00:00:00,0.0,0.42000000000000004,SFFR,18.485833333333332,0.0,0.42000000000000004,SFFR,7.700000000000001,0.0,0.42000000000000004,SFFR,SFFR,18.485833333333332,7.700000000000003,86.2,93.9,DA_HH,EPEX
2026-04-24 00:30:00,0.0,0.42000000000000004,SFFR,18.485833333333332,0.0,0.42000000000000004,SFFR,7.700000000000001,0.0,0.42000000000000004,SFFR,SFFR,18.485833333333332,8.700000000000003,88.0,96.7,ISEM,SSP
2026-04-24 01:00:00,0.0,0.42000000000000004,SFFR,18.485833333333332,0.0,0.42000000000000004,SFFR,7.700000000000001,0.0,0.42000000000000004,SFFR,SFFR,18.485833333333332,12.989999999999995,80.01,93.0,SSP,EPEX
2026-04-24 01:30:00,0.0,0.42000000000000004,SFFR,18.485833333333332,0.0,0.42000000000000004,SFFR,7.700000000000001,0.0,0.42000000000000004,SFFR,SFFR,18.485833333333332,4.409999999999997,88.59,93.0,SSP,EPEX
2026-04-24 02:00:00,0.0,0.42000000000000004,SFFR,18.485833333333332,0.0,0.42000000000000004,SFFR,7.700000000000001,0.0,0.42000000000000004,SFFR,SFFR,18.485833333333332,5.329999999999998,89.94,95.27,ISEM,EPEX
2026-04-24 02:30:00,0.0,0.42000000000000004,SFFR,18.485833333333332,0.0,0.42000000000000004,SFFR,7.700000000000001,0.0,0.42000000000000004,SFFR,SFFR,18.485833333333332,6.429999999999993,88.84,95.27,DA_HH,EPEX
2026-04-24 03:00:00,0.0,0.42000000000000004,SFFR,18.485833333333332,0.0,0.42000000000000004,SFFR,7.0,0.0,0.42000000000000004,SFFR,SFFR,18.485833333333332,8.290000000000006,84.91,93.2,SSP,EPEX
2026-04-24 03:30:00,0.0,0.42000000000000004,SFFR,18.485833333333332,0.0,0.42000000000000004,SFFR,7.0,0.0,0.42000000000000004,SFFR,SFFR,18.485833333333332,12.549999999999997,80.65,93.2,SSP,EPEX
2026-04-24 04:00:00,0.0,0.42000000000000004,SFFR,18.485833333333332,0.0,0.42000000000000004,SFFR,7.0,0.0,0.42000000000000004,SFFR,SFFR,18.485833333333332,13.689999999999998,80.75,94.44,SSP,EPEX
2026-04-24 04:30:00,0.0,0.42000000000000004,SFFR,18.485833333333332,0.0,0.42000000000000004,SFFR,7.0,0.0,0.42000000000000004,SFFR,SFFR,18.485833333333332,13.689999999999998,80.75,94.44,SSP,EPEX
2026-04-24 05:00:00,0.0,0.42000000000000004,SFFR,18.485833333333332,0.0,0.42000000000000004,SFFR,7.0,0.0,0.42000000000000004,SFFR,SFFR,18.485833333333332,29.849999999999994,80.75,110.6,SSP,DA_HH
2026-04-24 05:30:00,0.0,0.42000000000000004,SFFR,18.485833333333332,0.0,0.42000000000000004,SFFR,7.0,0.0,0.42000000000000004,SFFR,SFFR,18.485833333333332,14.450000000000003,96.91,111.36,SSP,DA_HH
2026-04-24 06:00:00,0.0,0.42000000000000004,SFFR,18.485833333333332,0.0,0.42000000000000004,SFFR,7.0,0.0,0.42000000000000004,SFFR,SFFR,18.485833333333332,13.539999999999992,109.93,123.47,ISEM,SSP
2026-04-24 06:30:00,0.0,0.42000000000000004,SFFR,18.485833333333332,0.0,0.42000000000000004,SFFR,7.0,0.0,0.42000000000000004,SFFR,SFFR,18.485833333333332,8.109999999999985,120.9,129.01,EPEX,DA_HH
2026-04-24 07:00:00,0.0,0.42000000000000004,SFFR,18.485833333333332,0.0,0.42000000000000004,SFFR,21.105,0.0,0.42000000000000004,SFFR,SFFR,18.485833333333332,49.230000000000004,80.77,130.0,SSP,EPEX
2026-04-24 07:30:00,0.0,0.42000000000000004,SFFR,18.485833333333332,0.0,0.42000000000000004,SFFR,21.105,0.0,0.42000000000000004,SFFR,SFFR,18.485833333333332,12.870000000000005,124.0,136.87,ISEM,SSP
2026-04-24 08:00:00,0.0,0.42000000000000004,SFFR,18.485833333333332,0.0,0.42000000000000004,SFFR,21.105,0.0,0.42000000000000004,SFFR,SFFR,18.485833333333332,47.53,87.47,135.0,SSP,EPEX
2026-04-24 08:30:00,0.0,0.42000000000000004,SFFR,18.485833333333332,0.0,0.42000000000000004,SFFR,21.105,0.0,0.42000000000000004,SFFR,SFFR,18.485833333333332,47.519999999999996,87.48,135.0,SSP,EPEX
2026-04-24 09:00:00,0.0,0.42000000000000004,SFFR,18.485833333333332,0.0,0.42000000000000004,SFFR,21.105,0.0,0.42000000000000004,SFFR,SFFR,18.485833333333332,38.129999999999995,80.78,118.91,SSP,DA_HH
2026-04-24 09:30:00,0.0,0.42000000000000004,SFFR,18.485833333333332,0.0,0.42000000000000004,SFFR,21.105,0.0,0.42000000000000004,SFFR,SFFR,18.485833333333332,19.400000000000006,91.6,111.0,DA_HH,EPEX
2026-04-24 10:00:00,0.0,0.42000000000000004,SFFR,18.485833333333332,0.0,0.42000000000000004,SFFR,21.105,0.0,0.42000000000000004,SFFR,SFFR,18.485833333333332,20.209999999999994,80.79,101.0,SSP,EPEX
2026-04-24 10:30:00,0.0,0.42000000000000004,SFFR,18.485833333333332,0.0,0.42000000000000004,SFFR,21.105,0.0,0.42000000000000004,SFFR,SFFR,18.485833333333332,20.209999999999994,80.79,101.0,SSP,EPEX
2026-04-24 11:00:00,0.0,0.42000000000000004,SFFR,18.485833333333332,0.0,0.42000000000000004,SFFR,14.455,0.0,0.42000000000000004,SFFR,SFFR,18.485833333333332,33.75,86.25,120.0,EPEX,SSP
2026-04-24 11:30:00,0.0,0.42000000000000004,SFFR,18.485833333333332,0.0,0.42000000000000004,SFFR,14.455,0.0,0.42000000000000004,SFFR,SFFR,18.485833333333332,51.99000000000001,82.84,134.83,DA_HH,SSP
2026-04-24 12:00:00,0.0,0.42000000000000004,SFFR,18.485833333333332,0.0,0.42000000000000004,SFFR,14.455,0.0,0.42000000000000004,SFFR,SFFR,18.485833333333332,45.0,75.0,120.0,EPEX,SSP
2026-04-24 12:30:00,0.0,0.42000000000000004,SFFR,18.485833333333332,0.0,0.42000000000000004,SFFR,14.455,0.0,0.42000000000000004,SFFR,SFFR,18.485833333333332,14.959999999999994,75.0,89.96,EPEX,ISEM
2026-04-24 13:00:00,0.0,0.42000000000000004,SFFR,18.485833333333332,0.0,0.42000000000000004,SFFR,14.455,0.0,0.42000000000000004,SFFR,SFFR,18.485833333333332,15.829999999999998,72.17,88.0,EPEX,ISEM
2026-04-24 13:30:00,0.0,0.42000000000000004,SFFR,18.485833333333332,0.0,0.42000000000000004,SFFR,14.455,0.0,0.42000000000000004,SFFR,SFFR,18.485833333333332,11.079999999999998,72.17,83.25,EPEX,ISEM
2026-04-24 14:00:00,0.0,0.42000000000000004,SFFR,18.485833333333332,0.0,0.42000000000000004,SFFR,14.455,0.0,0.42000000000000004,SFFR,SFFR,18.485833333333332,54.599999999999994,65.4,120.0,EPEX,SSP
2026-04-24 14:30:00,0.0,0.42000000000000004,SFFR,18.485833333333332,0.0,0.42000000000000004,SFFR,14.455,0.0,0.42000000000000004,SFFR,SFFR,18.485833333333332,34.08,65.4,99.48,EPEX,SSP
2026-04-24 15:00:00,0.0,0.42000000000000004,SFFR,18.485833333333332,0.0,0.42000000000000004,SFFR,29.54,0.0,0.42000000000000004,SFFR,SFFR,18.485833333333332,44.5,74.4,118.9,EPEX,SSP
2026-04-24 15:30:00,0.0,0.42000000000000004,SFFR,18.485833333333332,0.0,0.42000000000000004,SFFR,29.54,0.0,0.42000000000000004,SFFR,SFFR,18.485833333333332,6.699999999999989,74.4,81.1,EPEX,ISEM
2026-04-24 16:00:00,0.0,0.42000000000000004,SFFR,18.485833333333332,0.0,0.42000000000000004,SFFR,29.54,0.0,0.42000000000000004,SFFR,SFFR,18.485833333333332,67.54,82.46,150.0,EPEX,SSP
2026-04-24 16:30:00,0.0,0.42000000000000004,SFFR,18.485833333333332,0.0,0.42000000000000004,SFFR,29.54,0.0,0.42000000000000004,SFFR,SFFR,18.485833333333332,10.170000000000002,82.46,92.63,EPEX,SSP
2026-04-24 17:00:00,0.0,0.42000000000000004,SFFR,18.485833333333332,0.0,0.42000000000000004,SFFR,29.54,0.0,0.42000000000000004,SFFR,SFFR,18.485833333333332,7.680000000000007,93.32,101.0,SSP,EPEX
2026-04-24 17:30:00,0.0,0.42000000000000004,SFFR,18.485833333333332,0.0,0.42000000000000004,SFFR,29.54,0.0,0.42000000000000004,SFFR,SFFR,18.485833333333332,6.739999999999995,94.28,101.02,SSP,DA_HH
2026-04-24 18:00:00,0.0,0.42000000000000004,SFFR,18.485833333333332,0.0,0.42000000000000004,SFFR,29.54,0.0,0.42000000000000004,SFFR,SFFR,18.485833333333332,31.650000000000006,104.35,136.0,ISEM,SSP
2026-04-24 18:30:00,0.0,0.42000000000000004,SFFR,18.485833333333332,0.0,0.42000000000000004,SFFR,29.54,0.0,0.42000000000000004,SFFR,SFFR,18.485833333333332,16.400000000000006,119.6,136.0,EPEX,SSP
2026-04-24 19:00:00,0.0,0.42000000000000004,SFFR,18.485833333333332,0.0,0.42000000000000004,SFFR,31.639999999999997,0.0,0.42000000000000004,SFFR,SFFR,18.485833333333332,5.0,131.0,136.0,EPEX,SSP
2026-04-24 19:30:00,0.0,0.42000000000000004,SFFR,18.485833333333332,0.0,0.42000000000000004,SFFR,31.639999999999997,0.0,0.42000000000000004,SFFR,SFFR,18.485833333333332,11.0,129.0,140.0,SSP,DA_HH
2026-04-24 20:00:00,0.0,0.42000000000000004,SFFR,18.485833333333332,0.0,0.42000000000000004,SFFR,31.639999999999997,0.0,0.42000000000000004,SFFR,SFFR,18.485833333333332,6.0,129.0,135.0,SSP,DA_HH
2026-04-24 20:30:00,0.0,0.42000000000000004,SFFR,18.485833333333332,0.0,0.42000000000000004,SFFR,31.639999999999997,0.0,0.42000000000000004,SFFR,SFFR,18.485833333333332,4.090000000000003,129.0,133.09,ISEM,DA_HH
2026-04-24 21:00:00,0.0,0.42000000000000004,SFFR,18.485833333333332,0.0,0.42000000000000004,SFFR,31.639999999999997,0.0,0.42000000000000004,SFFR,SFFR,18.485833333333332,5.0,124.0,129.0,EPEX,SSP
2026-04-24 21:30:00,0.0,0.42000000000000004,SFFR,18.485833333333332,0.0,0.42000000000000004,SFFR,31.639999999999997,0.0,0.42000000000000004,SFFR,SFFR,18.485833333333332,14.0,115.0,129.0,ISEM,SSP
2026-04-24 22:00:00,0.0,0.42000000000000004,SFFR,18.485833333333332,0.0,0.42000000000000004,SFFR,31.639999999999997,0.0,0.42000000000000004,SFFR,SFFR,18.485833333333332,21.5,96.2,117.7,SSP,DA_HH
2026-04-24 22:30:00,0.0,0.42000000000000004,SFFR,18.485833333333332,0.0,0.42000000000000004,SFFR,31.639999999999997,0.0,0.42000000000000004,SFFR,SFFR,18.485833333333332,8.780000000000001,103.32,112.1,SSP,EPEX
2026-04-24 23:00:00,0.0,0.42000000000000004,SFFR,18.485833333333332,0.0,0.42000000000000004,SFFR,5.6000000000000005,0.0,0.42000000000000004,SFFR,SFFR,18.485833333333332,5.179999999999993,107.79,112.97,SSP,EPEX
2026-04-24 23:30:00,0.0,0.42000000000000004,SFFR,18.485833333333332,0.0,0.42000000000000004,SFFR,5.6000000000000005,0.0,0.42000000000000004,SFFR,SFFR,18.485833333333332,9.069999999999993,103.9,112.97,SSP,EPEX
2026-04-25 00:00:00,0.0,0.42000000000000004,SFFR,16.505416666666665,0.0,0.42000000000000004,SFFR,5.6000000000000005,0.0,0.42000000000000004,Multi-Market,Idle,0.0,12.950000000000003,95.67,108.62,SSP,EPEX
2026-04-25 00:30:00,0.0,0.42000000000000004,SFFR,16.505416666666665,0.0,0.42000000000000004,SFFR,5.6000000000000005,0.0,0.42000000000000004,Multi-Market,Idle,0.0,3.9099999999999966,105.36,109.27,SSP,ISEM
2026-04-25 01:00:00,0.0,0.42000000000000004,SFFR,16.505416666666665,0.0,0.42000000000000004,SFFR,5.6000000000000005,0.0,0.42000000000000004,Multi-Market,Idle,0.0,9.269999999999996,103.8,113.07,ISEM,SSP
2026-04-25 01:30:00,0.0,0.42000000000000004,SFFR,16.505416666666665,0.0,0.42000000000000004,SFFR,5.6000000000000005,0.0,0.42000000000000004,Multi-Market,Idle,0.0,12.850000000000009,103.02,115.87,DA_HH,SSP
2026-04-25 02:00:00,0.0,0.42000000000000004,SFFR,16.505416666666665,0.0,0.42000000000000004,SFFR,5.6000000000000005,0.0,0.42000000000000004,Multi-Market,Idle,0.0,18.22,88.88,107.1,SSP,ISEM
2026-04-25 02:30:00,0.0,0.42000000000000004,SFFR,16.505416666666665,0.0,0.42000000000000004,SFFR,5.6000000000000005,0.0,0.42000000000000004,Multi-Market,Idle,0.0,6.599999999999994,98.04,104.64,DA_HH,SSP
2026-04-25 03:00:00,0.0,0.42000000000000004,SFFR,16.505416666666665,0.0,0.42000000000000004,SFFR,6.685,0.0,0.42000000000000004,Multi-Market,Idle,0.0,11.049999999999997,86.0,97.05,SSP,DA_HH
2026-04-25 03:30:00,0.0,0.42000000000000004,SFFR,16.505416666666665,0.0,0.42000000000000004,SFFR,6.685,-2.1,2.3787496011486513,Multi-Market,Buy-SSP,-171.99,13.679999999999993,81.9,95.58,SSP,EPEX
2026-04-25 04:00:00,0.0,0.42000000000000004,SFFR,16.505416666666665,0.0,0.42000000000000004,SFFR,6.685,0.0,2.3787496011486513,Multi-Market,Idle,0.0,15.320000000000007,91.3,106.62,ISEM,SSP
2026-04-25 04:30:00,0.0,0.42000000000000004,SFFR,16.505416666666665,0.0,0.42000000000000004,SFFR,6.685,0.0,2.3787496011486513,Multi-Market,Idle,0.0,4.560000000000002,87.44,92.0,SSP,EPEX
2026-04-25 05:00:00,0.0,0.42000000000000004,SFFR,16.505416666666665,0.0,0.42000000000000004,SFFR,6.685,0.0,2.3787496011486513,Multi-Market,Idle,0.0,7.340000000000003,88.46,95.8,SSP,DA_HH
2026-04-25 05:30:00,0.0,0.42000000000000004,SFFR,16.505416666666665,0.0,0.42000000000000004,SFFR,6.685,0.0,2.3787496011486513,Multi-Market,Idle,0.0,2.0799999999999983,91.74,93.82,ISEM,EPEX
2026-04-25 06:00:00,0.0,0.42000000000000004,SFFR,16.505416666666665,0.0,0.42000000000000004,SFFR,6.685,0.0,2.3787496011486513,Multi-Market,Idle,0.0,5.609999999999999,94.4,100.01,SSP,EPEX
2026-04-25 06:30:00,0.0,0.42000000000000004,SFFR,16.505416666666665,0.0,0.42000000000000004,SFFR,6.685,0.0,2.3787496011486513,Multi-Market,Idle,0.0,7.269999999999996,97.53,104.8,SSP,DA_HH
2026-04-25 07:00:00,0.0,0.42000000000000004,SFFR,16.505416666666665,0.0,0.42000000000000004,SFFR,20.405,0.0,2.3787496011486513,Multi-Market,Idle,0.0,36.34,82.66,119.0,SSP,EPEX
2026-04-25 07:30:00,0.0,0.42000000000000004,SFFR,16.505416666666665,0.0,0.42000000000000004,SFFR,20.405,0.0,2.3787496011486513,Multi-Market,Idle,0.0,36.34,82.66,119.0,SSP,EPEX
2026-04-25 08:00:00,0.0,0.42000000000000004,SFFR,16.505416666666665,0.0,0.42000000000000004,SFFR,20.405,0.0,2.3787496011486513,Multi-Market,Idle,0.0,35.150000000000006,82.25,117.4,SSP,EPEX
2026-04-25 08:30:00,0.0,0.42000000000000004,SFFR,16.505416666666665,0.0,0.42000000000000004,SFFR,20.405,-1.8827586206896585,4.134869933212962,Multi-Market,Buy-SSP,-154.85689655172442,35.150000000000006,82.25,117.4,SSP,EPEX
2026-04-25 09:00:00,0.0,0.42000000000000004,SFFR,16.505416666666665,0.0,0.42000000000000004,SFFR,20.405,0.0,4.134869933212962,Multi-Market,Idle,0.0,16.22,100.0,116.22,ISEM,SSP
2026-04-25 09:30:00,0.0,0.42000000000000004,SFFR,16.505416666666665,0.0,0.42000000000000004,SFFR,20.405,0.0,4.134869933212962,Multi-Market,Idle,0.0,11.61999999999999,97.98,109.6,ISEM,EPEX
2026-04-25 10:00:00,0.0,0.42000000000000004,SFFR,16.505416666666665,0.0,0.42000000000000004,SFFR,20.405,3.4650000000000025,0.42000000000000004,Multi-Market,Sell-SSP,533.6100000000004,66.25,87.75,154.0,ISEM,SSP
2026-04-25 10:30:00,0.0,0.42000000000000004,SFFR,16.505416666666665,0.0,0.42000000000000004,SFFR,20.405,-0.0,0.42000000000000004,Multi-Market,Idle,-0.0,63.03,90.97,154.0,ISEM,SSP
2026-04-25 11:00:00,0.0,0.42000000000000004,SFFR,16.505416666666665,0.0,0.42000000000000004,SFFR,10.604999999999999,0.0,0.42000000000000004,Multi-Market,Idle,0.0,46.0,79.0,125.0,DA_HH,SSP
2026-04-25 11:30:00,0.0,0.42000000000000004,SFFR,16.505416666666665,0.0,0.42000000000000004,SFFR,10.604999999999999,0.0,0.42000000000000004,Multi-Market,Idle,0.0,57.0,73.0,130.0,DA_HH,SSP
2026-04-25 12:00:00,0.0,0.42000000000000004,SFFR,16.505416666666665,0.0,0.42000000000000004,SFFR,10.604999999999999,0.0,0.42000000000000004,Multi-Market,Idle,0.0,41.36,74.7,116.06,DA_HH,SSP
2026-04-25 12:30:00,0.0,0.42000000000000004,SFFR,16.505416666666665,0.0,0.42000000000000004,SFFR,10.604999999999999,0.0,0.42000000000000004,Multi-Market,Idle,0.0,39.900000000000006,70.0,109.9,DA_HH,SSP
2026-04-25 13:00:00,0.0,0.42000000000000004,SFFR,16.505416666666665,0.0,0.42000000000000004,SFFR,10.604999999999999,0.0,0.42000000000000004,Multi-Market,Idle,0.0,46.970000000000006,62.93,109.9,ISEM,SSP
2026-04-25 13:30:00,0.0,0.42000000000000004,SFFR,16.505416666666665,0.0,0.42000000000000004,SFFR,10.604999999999999,-0.27300000000000035,0.42000000000000004,Multi-Market,Buy-ISEM,112.49699999999996,70.47,59.53,130.0,ISEM,SSP
2026-04-25 14:00:00,0.0,0.42000000000000004,SFFR,16.505416666666665,0.0,0.42000000000000004,SFFR,10.604999999999999,-1.8434985641351442,2.1037511965540467,Multi-Market,Buy-ISEM,-85.09481333756875,73.6,56.4,130.0,ISEM,SSP
2026-04-25 14:30:00,0.0,0.42000000000000004,SFFR,16.505416666666665,0.0,0.42000000000000004,SFFR,10.604999999999999,-2.1,4.062500797702698,Multi-Market,Buy-ISEM,-124.068,14.040000000000006,59.08,73.12,ISEM,SSP
2026-04-25 15:00:00,0.0,0.42000000000000004,SFFR,16.505416666666665,0.0,0.42000000000000004,SFFR,25.2,0.0,4.062500797702698,Multi-Market,Idle,0.0,21.230000000000004,62.3,83.53,ISEM,SSP
2026-04-25 15:30:00,0.0,0.42000000000000004,SFFR,16.505416666666665,0.0,0.42000000000000004,SFFR,25.2,-2.1,6.021250398851349,Multi-Market,Buy-SSP,-84.0,30.560000000000002,40.0,70.56,SSP,ISEM
2026-04-25 16:00:00,0.0,0.42000000000000004,SFFR,16.505416666666665,0.0,0.42000000000000004,SFFR,25.2,-2.1,7.9799999999999995,Multi-Market,Buy-SSP,-126.0,21.980000000000004,60.0,81.98,SSP,EPEX
2026-04-25 16:30:00,0.0,0.42000000000000004,SFFR,16.505416666666665,0.0,0.42000000000000004,SFFR,25.2,0.0,7.9799999999999995,Multi-Market,Idle,0.0,16.33,70.0,86.33,SSP,ISEM
2026-04-25 17:00:00,0.0,0.42000000000000004,SFFR,16.505416666666665,0.0,0.42000000000000004,SFFR,25.2,0.0,7.9799999999999995,Multi-Market,Idle,0.0,17.950000000000003,82.25,100.2,SSP,EPEX
2026-04-25 17:30:00,0.0,0.42000000000000004,SFFR,16.505416666666665,0.0,0.42000000000000004,SFFR,25.2,-0.0,7.9799999999999995,Multi-Market,Idle,-0.0,30.30000000000001,100.0,130.3,ISEM,SSP
2026-04-25 18:00:00,0.0,0.42000000000000004,SFFR,16.505416666666665,0.0,0.42000000000000004,SFFR,25.2,0.0,7.9799999999999995,Multi-Market,Idle,0.0,29.14,100.02,129.16,DA_HH,SSP
2026-04-25 18:30:00,0.0,0.42000000000000004,SFFR,16.505416666666665,0.0,0.42000000000000004,SFFR,25.2,0.0,7.9799999999999995,Multi-Market,Idle,0.0,18.58999999999999,110.7,129.29,EPEX,SSP
2026-04-25 19:00:00,0.0,0.42000000000000004,SFFR,16.505416666666665,0.0,0.42000000000000004,SFFR,30.449999999999996,3.75,3.959577994358269,Multi-Market,Sell-SSP,517.5,19.400000000000006,118.6,138.0,DA_HH,SSP
2026-04-25 19:30:00,0.0,0.42000000000000004,SFFR,16.505416666666665,0.0,0.42000000000000004,SFFR,30.449999999999996,3.3014985641351435,0.42000000000000004,Multi-Market,Sell-SSP,455.6068018506498,17.0,121.0,138.0,EPEX,SSP
2026-04-25 20:00:00,0.0,0.42000000000000004,SFFR,16.505416666666665,0.0,0.42000000000000004,SFFR,30.449999999999996,0.0,0.42000000000000004,Multi-Market,Idle,0.0,27.0,103.0,130.0,SSP,ISEM
2026-04-25 20:30:00,0.0,0.42000000000000004,SFFR,16.505416666666665,0.0,0.42000000000000004,SFFR,30.449999999999996,0.0,0.42000000000000004,Multi-Market,Idle,0.0,26.83999999999999,103.01,129.85,SSP,ISEM
2026-04-25 21:00:00,0.0,0.42000000000000004,SFFR,16.505416666666665,0.0,0.42000000000000004,SFFR,30.449999999999996,-0.0,0.42000000000000004,Multi-Market,Idle,-0.0,10.249999999999986,120.67,130.92,DA_HH,SSP
2026-04-25 21:30:00,0.0,0.42000000000000004,SFFR,16.505416666666665,0.0,0.42000000000000004,SFFR,30.449999999999996,0.0,0.42000000000000004,Multi-Market,Idle,0.0,28.53,97.57,126.1,SSP,EPEX
2026-04-25 22:00:00,0.0,0.42000000000000004,SFFR,16.505416666666665,0.0,0.42000000000000004,SFFR,30.449999999999996,-0.0,0.42000000000000004,Multi-Market,Idle,-0.0,12.909999999999997,114.0,126.91,EPEX,SSP
2026-04-25 22:30:00,0.0,0.42000000000000004,SFFR,16.505416666666665,0.0,0.42000000000000004,SFFR,30.449999999999996,-0.0,0.42000000000000004,Multi-Market,Idle,-0.0,22.450000000000003,91.55,114.0,SSP,EPEX
2026-04-25 23:00:00,0.0,0.42000000000000004,SFFR,16.505416666666665,0.0,0.42000000000000004,SFFR,5.95,-0.0,0.42000000000000004,Multi-Market,Idle,-0.0,32.040000000000006,79.46,111.5,SSP,DA_HH
2026-04-25 23:30:00,0.0,0.42000000000000004,SFFR,16.505416666666665,0.0,0.42000000000000004,SFFR,5.95,-0.0,0.42000000000000004,Multi-Market,Idle,-0.0,31.480000000000004,77.58,109.06,SSP,EPEX
2026-04-26 00:00:00,0.0,0.42000000000000004,SFFR,17.52916666666667,0.0,0.42000000000000004,SFFR,5.95,0.0,0.42000000000000004,SFFR,SFFR,17.52916666666667,4.829999999999998,102.17,107.0,ISEM,EPEX
2026-04-26 00:30:00,0.0,0.42000000000000004,SFFR,17.52916666666667,0.0,0.42000000000000004,SFFR,5.95,0.0,0.42000000000000004,SFFR,SFFR,17.52916666666667,13.909999999999997,99.53,113.44,ISEM,SSP
2026-04-26 01:00:00,0.0,0.42000000000000004,SFFR,17.52916666666667,0.0,0.42000000000000004,SFFR,5.95,0.0,0.42000000000000004,SFFR,SFFR,17.52916666666667,10.340000000000003,99.2,109.54,ISEM,SSP
2026-04-26 01:30:00,0.0,0.42000000000000004,SFFR,17.52916666666667,0.0,0.42000000000000004,SFFR,5.95,0.0,0.42000000000000004,SFFR,SFFR,17.52916666666667,23.939999999999998,79.45,103.39,SSP,EPEX
2026-04-26 02:00:00,0.0,0.42000000000000004,SFFR,17.52916666666667,0.0,0.42000000000000004,SFFR,5.95,0.0,0.42000000000000004,SFFR,SFFR,17.52916666666667,22.08,80.63,102.71,SSP,EPEX
2026-04-26 02:30:00,0.0,0.42000000000000004,SFFR,17.52916666666667,0.0,0.42000000000000004,SFFR,5.95,0.0,0.42000000000000004,SFFR,SFFR,17.52916666666667,21.559999999999988,81.15,102.71,SSP,EPEX
2026-04-26 03:00:00,0.0,0.42000000000000004,SFFR,17.52916666666667,0.0,0.42000000000000004,SFFR,6.93,0.0,0.42000000000000004,SFFR,SFFR,17.52916666666667,13.159999999999997,89.14,102.3,SSP,DA_HH
2026-04-26 03:30:00,0.0,0.42000000000000004,SFFR,17.52916666666667,0.0,0.42000000000000004,SFFR,6.93,0.0,0.42000000000000004,SFFR,SFFR,17.52916666666667,18.849999999999994,81.15,100.0,SSP,EPEX
2026-04-26 04:00:00,0.0,0.42000000000000004,SFFR,17.52916666666667,0.0,0.42000000000000004,SFFR,6.93,0.0,0.42000000000000004,SFFR,SFFR,17.52916666666667,3.5999999999999943,92.4,96.0,SSP,EPEX
2026-04-26 04:30:00,0.0,0.42000000000000004,SFFR,17.52916666666667,0.0,0.42000000000000004,SFFR,6.93,0.0,0.42000000000000004,SFFR,SFFR,17.52916666666667,3.0999999999999943,92.9,96.0,SSP,EPEX
2026-04-26 05:00:00,0.0,0.42000000000000004,SFFR,17.52916666666667,0.0,0.42000000000000004,SFFR,6.93,0.0,0.42000000000000004,SFFR,SFFR,17.52916666666667,3.719999999999999,94.99,98.71,EPEX,ISEM
2026-04-26 05:30:00,0.0,0.42000000000000004,SFFR,17.52916666666667,0.0,0.42000000000000004,SFFR,6.93,0.0,0.42000000000000004,SFFR,SFFR,17.52916666666667,3.5600000000000023,94.99,98.55,EPEX,ISEM
2026-04-26 06:00:00,0.0,0.42000000000000004,SFFR,17.52916666666667,0.0,0.42000000000000004,SFFR,6.93,0.0,0.42000000000000004,SFFR,SFFR,17.52916666666667,26.659999999999997,93.34,120.0,EPEX,SSP
2026-04-26 06:30:00,0.0,0.42000000000000004,SFFR,17.52916666666667,0.0,0.42000000000000004,SFFR,6.93,0.0,0.42000000000000004,SFFR,SFFR,17.52916666666667,7.8799999999999955,93.34,101.22,EPEX,ISEM
2026-04-26 07:00:00,0.0,0.42000000000000004,SFFR,17.52916666666667,0.0,0.42000000000000004,SFFR,20.3,0.0,0.42000000000000004,SFFR,SFFR,17.52916666666667,21.17,81.83,103.0,SSP,EPEX
2026-04-26 07:30:00,0.0,0.42000000000000004,SFFR,17.52916666666667,0.0,0.42000000000000004,SFFR,20.3,0.0,0.42000000000000004,SFFR,SFFR,17.52916666666667,31.42,77.34,108.76,SSP,ISEM
2026-04-26 08:00:00,0.0,0.42000000000000004,SFFR,17.52916666666667,0.0,0.42000000000000004,SFFR,20.3,0.0,0.42000000000000004,SFFR,SFFR,17.52916666666667,18.620000000000005,93.38,112.0,SSP,ISEM
2026-04-26 08:30:00,0.0,0.42000000000000004,SFFR,17.52916666666667,0.0,0.42000000000000004,SFFR,20.3,0.0,0.42000000000000004,SFFR,SFFR,17.52916666666667,22.120000000000005,91.63,113.75,SSP,ISEM
2026-04-26 09:00:00,0.0,0.42000000000000004,SFFR,17.52916666666667,0.0,0.42000000000000004,SFFR,20.3,0.0,0.42000000000000004,SFFR,SFFR,17.52916666666667,17.03,94.52,111.55,SSP,ISEM
2026-04-26 09:30:00,0.0,0.42000000000000004,SFFR,17.52916666666667,0.0,0.42000000000000004,SFFR,20.3,0.0,0.42000000000000004,SFFR,SFFR,17.52916666666667,27.64999999999999,77.65,105.3,SSP,ISEM
2026-04-26 10:00:00,0.0,0.42000000000000004,SFFR,17.52916666666667,0.0,0.42000000000000004,SFFR,20.3,0.0,0.42000000000000004,SFFR,SFFR,17.52916666666667,26.58,73.9,100.48,SSP,DA_HH
2026-04-26 10:30:00,0.0,0.42000000000000004,SFFR,17.52916666666667,0.0,0.42000000000000004,SFFR,20.3,0.0,0.42000000000000004,SFFR,SFFR,17.52916666666667,21.069999999999993,73.67,94.74,SSP,EPEX
2026-04-26 11:00:00,0.0,0.42000000000000004,SFFR,17.52916666666667,0.0,0.42000000000000004,SFFR,11.9,0.0,0.42000000000000004,SFFR,SFFR,17.52916666666667,17.459999999999994,68.54,86.0,SSP,ISEM
2026-04-26 11:30:00,0.0,0.42000000000000004,SFFR,17.52916666666667,0.0,0.42000000000000004,SFFR,11.9,0.0,0.42000000000000004,SFFR,SFFR,17.52916666666667,1.769999999999996,83.23,85.0,DA_HH,ISEM
2026-04-26 12:00:00,0.0,0.42000000000000004,SFFR,17.52916666666667,0.0,0.42000000000000004,SFFR,11.9,0.0,0.42000000000000004,SFFR,SFFR,17.52916666666667,24.0,77.5,101.5,EPEX,SSP
2026-04-26 12:30:00,0.0,0.42000000000000004,SFFR,17.52916666666667,0.0,0.42000000000000004,SFFR,11.9,0.0,0.42000000000000004,SFFR,SFFR,17.52916666666667,32.5,77.5,110.0,EPEX,SSP
2026-04-26 13:00:00,0.0,0.42000000000000004,SFFR,17.52916666666667,0.0,0.42000000000000004,SFFR,11.9,0.0,0.42000000000000004,SFFR,SFFR,17.52916666666667,38.91,75.09,114.0,EPEX,SSP
2026-04-26 13:30:00,0.0,0.42000000000000004,SFFR,17.52916666666667,0.0,0.42000000000000004,SFFR,11.9,0.0,0.42000000000000004,SFFR,SFFR,17.52916666666667,32.129999999999995,75.09,107.22,EPEX,SSP
2026-04-26 14:00:00,0.0,0.42000000000000004,SFFR,17.52916666666667,0.0,0.42000000000000004,SFFR,11.9,0.0,0.42000000000000004,SFFR,SFFR,17.52916666666667,88.28,66.72,155.0,EPEX,SSP
2026-04-26 14:30:00,0.0,0.42000000000000004,SFFR,17.52916666666667,0.0,0.42000000000000004,SFFR,11.9,0.0,0.42000000000000004,SFFR,SFFR,17.52916666666667,50.53,66.72,117.25,EPEX,SSP
2026-04-26 15:00:00,0.0,0.42000000000000004,SFFR,17.52916666666667,0.0,0.42000000000000004,SFFR,28.175000000000004,0.0,0.42000000000000004,SFFR,SFFR,17.52916666666667,40.0,80.0,120.0,DA_HH,SSP
2026-04-26 15:30:00,0.0,0.42000000000000004,SFFR,17.52916666666667,0.0,0.42000000000000004,SFFR,28.175000000000004,0.0,0.42000000000000004,SFFR,SFFR,17.52916666666667,33.0,82.0,115.0,DA_HH,SSP
2026-04-26 16:00:00,0.0,0.42000000000000004,SFFR,17.52916666666667,0.0,0.42000000000000004,SFFR,28.175000000000004,0.0,0.42000000000000004,SFFR,SFFR,17.52916666666667,38.150000000000006,90.18,128.33,ISEM,SSP
2026-04-26 16:30:00,0.0,0.42000000000000004,SFFR,17.52916666666667,0.0,0.42000000000000004,SFFR,28.175000000000004,0.0,0.42000000000000004,SFFR,SFFR,17.52916666666667,33.93000000000001,94.4,128.33,ISEM,SSP
2026-04-26 17:00:00,0.0,0.42000000000000004,SFFR,17.52916666666667,0.0,0.42000000000000004,SFFR,28.175000000000004,0.0,0.42000000000000004,SFFR,SFFR,17.52916666666667,40.75,96.0,136.75,DA_HH,SSP
2026-04-26 17:30:00,0.0,0.42000000000000004,SFFR,17.52916666666667,0.0,0.42000000000000004,SFFR,28.175000000000004,0.0,0.42000000000000004,SFFR,SFFR,17.52916666666667,41.78,94.97,136.75,DA_HH,SSP
2026-04-26 18:00:00,0.0,0.42000000000000004,SFFR,17.52916666666667,0.0,0.42000000000000004,SFFR,28.175000000000004,0.0,0.42000000000000004,SFFR,SFFR,17.52916666666667,46.599999999999994,122.4,169.0,ISEM,SSP
2026-04-26 18:30:00,0.0,0.42000000000000004,SFFR,17.52916666666667,0.0,0.42000000000000004,SFFR,28.175000000000004,0.0,0.42000000000000004,SFFR,SFFR,17.52916666666667,12.790000000000006,123.96,136.75,DA_HH,SSP
2026-04-26 19:00:00,0.0,0.42000000000000004,SFFR,17.52916666666667,0.0,0.42000000000000004,SFFR,31.43,0.0,0.42000000000000004,SFFR,SFFR,17.52916666666667,11.549999999999997,125.2,136.75,EPEX,SSP
2026-04-26 19:30:00,0.0,0.42000000000000004,SFFR,17.52916666666667,0.0,0.42000000000000004,SFFR,31.43,0.0,0.42000000000000004,SFFR,SFFR,17.52916666666667,11.549999999999997,125.2,136.75,EPEX,SSP
2026-04-26 20:00:00,0.0,0.42000000000000004,SFFR,17.52916666666667,0.0,0.42000000000000004,SFFR,31.43,0.0,0.42000000000000004,SFFR,SFFR,17.52916666666667,33.33,96.67,130.0,SSP,DA_HH
2026-04-26 20:30:00,0.0,0.42000000000000004,SFFR,17.52916666666667,0.0,0.42000000000000004,SFFR,31.43,0.0,0.42000000000000004,SFFR,SFFR,17.52916666666667,34.230000000000004,95.77,130.0,SSP,DA_HH
2026-04-26 21:00:00,0.0,0.42000000000000004,SFFR,17.52916666666667,0.0,0.42000000000000004,SFFR,31.43,0.0,0.42000000000000004,SFFR,SFFR,17.52916666666667,32.78,94.82,127.6,SSP,DA_HH
2026-04-26 21:30:00,0.0,0.42000000000000004,SFFR,17.52916666666667,0.0,0.42000000000000004,SFFR,31.43,0.0,0.42000000000000004,SFFR,SFFR,17.52916666666667,32.42999999999999,88.92,121.35,SSP,EPEX
2026-04-26 22:00:00,0.0,0.42000000000000004,SFFR,17.52916666666667,0.0,0.42000000000000004,SFFR,31.43,0.0,0.42000000000000004,SFFR,SFFR,17.52916666666667,26.230000000000004,88.77,115.0,SSP,DA_HH
2026-04-26 22:30:00,0.0,0.42000000000000004,SFFR,17.52916666666667,0.0,0.42000000000000004,SFFR,31.43,0.0,0.42000000000000004,SFFR,SFFR,17.52916666666667,27.010000000000005,82.05,109.06,SSP,EPEX
2026-04-26 23:00:00,0.0,0.42000000000000004,SFFR,17.52916666666667,0.0,0.42000000000000004,SFFR,7.909999999999999,0.0,0.42000000000000004,SFFR,SFFR,17.52916666666667,22.66000000000001,82.1,104.76,SSP,ISEM
2026-04-26 23:30:00,0.0,0.42000000000000004,SFFR,17.52916666666667,0.0,0.42000000000000004,SFFR,7.909999999999999,0.0,0.42000000000000004,SFFR,SFFR,17.52916666666667,18.570000000000007,97.6,116.17,ISEM,SSP
2026-04-27 00:00:00,0.0,0.42000000000000004,SFFR,18.127083333333335,0.0,0.42000000000000004,SFFR,7.909999999999999,0.0,0.42000000000000004,Multi-Market,Idle,0.0,34.75,95.25,130.0,ISEM,SSP
2026-04-27 00:30:00,0.0,0.42000000000000004,SFFR,18.127083333333335,0.0,0.42000000000000004,SFFR,7.909999999999999,0.0,0.42000000000000004,Multi-Market,Idle,0.0,20.14,93.92,114.06,ISEM,SSP
2026-04-27 01:00:00,0.0,0.42000000000000004,SFFR,18.127083333333335,0.0,0.42000000000000004,SFFR,7.909999999999999,0.0,0.42000000000000004,Multi-Market,Idle,0.0,15.5,82.1,97.6,SSP,DA_HH
2026-04-27 01:30:00,0.0,0.42000000000000004,SFFR,18.127083333333335,0.0,0.42000000000000004,SFFR,7.909999999999999,0.0,0.42000000000000004,Multi-Market,Idle,0.0,16.049999999999997,82.2,98.25,SSP,DA_HH
2026-04-27 02:00:00,0.0,0.42000000000000004,SFFR,18.127083333333335,0.0,0.42000000000000004,SFFR,7.909999999999999,0.0,0.42000000000000004,Multi-Market,Idle,0.0,13.700000000000003,82.2,95.9,SSP,DA_HH
2026-04-27 02:30:00,0.0,0.42000000000000004,SFFR,18.127083333333335,0.0,0.42000000000000004,SFFR,7.909999999999999,-1.882758620689657,2.1761203320643094,Multi-Market,Buy-SSP,-154.57448275862083,12.320000000000007,82.1,94.42,SSP,ISEM
2026-04-27 03:00:00,0.0,0.42000000000000004,SFFR,18.127083333333335,0.0,0.42000000000000004,SFFR,7.0,0.0,2.1761203320643094,Multi-Market,Idle,0.0,20.290000000000006,93.66,113.95,EPEX,SSP
2026-04-27 03:30:00,0.0,0.42000000000000004,SFFR,18.127083333333335,0.0,0.42000000000000004,SFFR,7.0,0.0,2.1761203320643094,Multi-Market,Idle,0.0,13.150000000000006,82.19,95.34,SSP,ISEM
2026-04-27 04:00:00,0.0,0.42000000000000004,SFFR,18.127083333333335,0.0,0.42000000000000004,SFFR,7.0,0.0,2.1761203320643094,Multi-Market,Idle,0.0,23.439999999999998,95.0,118.44,EPEX,SSP
2026-04-27 04:30:00,0.0,0.42000000000000004,SFFR,18.127083333333335,0.0,0.42000000000000004,SFFR,7.0,0.0,2.1761203320643094,Multi-Market,Idle,0.0,19.36,82.19,101.55,SSP,DA_HH
2026-04-27 05:00:00,0.0,0.42000000000000004,SFFR,18.127083333333335,0.0,0.42000000000000004,SFFR,7.0,1.6380000000000015,0.42000000000000004,Multi-Market,Sell-SSP,227.68200000000022,33.0,106.0,139.0,EPEX,SSP
2026-04-27 05:30:00,0.0,0.42000000000000004,SFFR,18.127083333333335,0.0,0.42000000000000004,SFFR,7.0,0.0,0.42000000000000004,Multi-Market,Idle,0.0,24.0,106.0,130.0,EPEX,SSP
2026-04-27 06:00:00,0.0,0.42000000000000004,SFFR,18.127083333333335,0.0,0.42000000000000004,SFFR,7.0,0.0,0.42000000000000004,Multi-Market,Idle,0.0,31.599999999999994,93.25,124.85,SSP,EPEX
2026-04-27 06:30:00,0.0,0.42000000000000004,SFFR,18.127083333333335,0.0,0.42000000000000004,SFFR,7.0,-0.0,0.42000000000000004,Multi-Market,Idle,-0.0,14.150000000000006,124.85,139.0,EPEX,SSP
2026-04-27 07:00:00,0.0,0.42000000000000004,SFFR,18.127083333333335,0.0,0.42000000000000004,SFFR,20.439999999999998,0.0,0.42000000000000004,Multi-Market,Idle,0.0,37.08,89.52,126.6,SSP,DA_HH
2026-04-27 07:30:00,0.0,0.42000000000000004,SFFR,18.127083333333335,0.0,0.42000000000000004,SFFR,20.439999999999998,-0.0,0.42000000000000004,Multi-Market,Idle,-0.0,47.02999999999999,82.92,129.95,SSP,DA_HH
2026-04-27 08:00:00,0.0,0.42000000000000004,SFFR,18.127083333333335,0.0,0.42000000000000004,SFFR,20.439999999999998,-0.0,0.42000000000000004,Multi-Market,Idle,-0.0,46.44,82.25,128.69,SSP,DA_HH
2026-04-27 08:30:00,0.0,0.42000000000000004,SFFR,18.127083333333335,0.0,0.42000000000000004,SFFR,20.439999999999998,0.0,0.42000000000000004,Multi-Market,Idle,0.0,35.900000000000006,82.1,118.0,SSP,EPEX
2026-04-27 09:00:00,0.0,0.42000000000000004,SFFR,18.127083333333335,0.0,0.42000000000000004,SFFR,20.439999999999998,0.0,0.42000000000000004,Multi-Market,Idle,0.0,26.790000000000006,82.21,109.0,SSP,DA_HH
2026-04-27 09:30:00,0.0,0.42000000000000004,SFFR,18.127083333333335,0.0,0.42000000000000004,SFFR,20.439999999999998,0.0,0.42000000000000004,Multi-Market,Idle,0.0,19.790000000000006,82.21,102.0,SSP,EPEX
2026-04-27 10:00:00,0.0,0.42000000000000004,SFFR,18.127083333333335,0.0,0.42000000000000004,SFFR,20.439999999999998,0.0,0.42000000000000004,Multi-Market,Idle,0.0,11.790000000000006,82.21,94.0,SSP,EPEX
2026-04-27 10:30:00,0.0,0.42000000000000004,SFFR,18.127083333333335,0.0,0.42000000000000004,SFFR,20.439999999999998,-0.27300000000000124,0.42000000000000004,Multi-Market,Buy-SSP,140.2379999999999,79.0,15.0,94.0,SSP,EPEX
2026-04-27 11:00:00,0.0,0.42000000000000004,SFFR,18.127083333333335,0.0,0.42000000000000004,SFFR,14.0,-1.843498564135144,2.1037511965540467,Multi-Market,Buy-SSP,-8.425130829597546,74.96,15.0,89.96,SSP,DA_HH
2026-04-27 11:30:00,0.0,0.42000000000000004,SFFR,18.127083333333335,0.0,0.42000000000000004,SFFR,14.0,0.0,2.1037511965540467,Multi-Market,Idle,0.0,7.3500000000000085,80.21,87.56,SSP,DA_HH
2026-04-27 12:00:00,0.0,0.42000000000000004,SFFR,18.127083333333335,0.0,0.42000000000000004,SFFR,14.0,0.0,2.1037511965540467,Multi-Market,Idle,0.0,7.690000000000012,80.21,87.9,SSP,ISEM
2026-04-27 12:30:00,0.0,0.42000000000000004,SFFR,18.127083333333335,0.0,0.42000000000000004,SFFR,14.0,0.0,2.1037511965540467,Multi-Market,Idle,0.0,6.070000000000007,80.21,86.28,SSP,ISEM
2026-04-27 13:00:00,0.0,0.42000000000000004,SFFR,18.127083333333335,0.0,0.42000000000000004,SFFR,14.0,-2.1,4.062500797702698,Multi-Market,Buy-SSP,6.321,89.92,-3.01,86.91,SSP,ISEM
2026-04-27 13:30:00,0.0,0.42000000000000004,SFFR,18.127083333333335,0.0,0.42000000000000004,SFFR,14.0,-2.1,6.021250398851349,Multi-Market,Buy-SSP,-31.5,72.3,15.0,87.3,SSP,ISEM
2026-04-27 14:00:00,0.0,0.42000000000000004,SFFR,18.127083333333335,0.0,0.42000000000000004,SFFR,14.0,-2.1,7.9799999999999995,Multi-Market,Buy-SSP,-31.5,72.0,15.0,87.0,SSP,ISEM
2026-04-27 14:30:00,0.0,0.42000000000000004,SFFR,18.127083333333335,0.0,0.42000000000000004,SFFR,14.0,1.8269999999999997,6.021250398851349,Multi-Market,Sell-SSP,182.69999999999996,19.349999999999994,80.65,100.0,EPEX,SSP
2026-04-27 15:00:00,0.0,0.42000000000000004,SFFR,18.127083333333335,0.0,0.42000000000000004,SFFR,28.419999999999998,-2.1,7.9799999999999995,Multi-Market,Buy-SSP,-95.10900000000001,41.809999999999995,45.29,87.1,SSP,DA_HH
2026-04-27 15:30:00,0.0,0.42000000000000004,SFFR,18.127083333333335,0.0,0.42000000000000004,SFFR,28.419999999999998,-0.0,7.9799999999999995,Multi-Market,Idle,-0.0,19.0,85.0,104.0,EPEX,SSP
2026-04-27 16:00:00,0.0,0.42000000000000004,SFFR,18.127083333333335,0.0,0.42000000000000004,SFFR,28.419999999999998,0.0,7.9799999999999995,Multi-Market,Idle,0.0,14.290000000000006,80.05,94.34,SSP,EPEX
2026-04-27 16:30:00,0.0,0.42000000000000004,SFFR,18.127083333333335,0.0,0.42000000000000004,SFFR,28.419999999999998,-0.0,7.9799999999999995,Multi-Market,Idle,-0.0,27.489999999999995,85.51,113.0,DA_HH,SSP
2026-04-27 17:00:00,0.0,0.42000000000000004,SFFR,18.127083333333335,0.0,0.42000000000000004,SFFR,28.419999999999998,-0.0,7.9799999999999995,Multi-Market,Idle,-0.0,6.839999999999989,108.4,115.24,EPEX,SSP
2026-04-27 17:30:00,0.0,0.42000000000000004,SFFR,18.127083333333335,0.0,0.42000000000000004,SFFR,28.419999999999998,-0.0,7.9799999999999995,Multi-Market,Idle,-0.0,31.599999999999994,108.4,140.0,EPEX,SSP
2026-04-27 18:00:00,0.0,0.42000000000000004,SFFR,18.127083333333335,0.0,0.42000000000000004,SFFR,28.419999999999998,-0.0,7.9799999999999995,Multi-Market,Idle,-0.0,14.680000000000007,132.6,147.28,EPEX,SSP
2026-04-27 18:30:00,0.0,0.42000000000000004,SFFR,18.127083333333335,0.0,0.42000000000000004,SFFR,28.419999999999998,0.0,7.9799999999999995,Multi-Market,Idle,0.0,14.840000000000003,132.6,147.44,EPEX,SSP
2026-04-27 19:00:00,0.0,0.42000000000000004,SFFR,18.127083333333335,0.0,0.42000000000000004,SFFR,32.445,3.3014985641351435,4.4404220056417305,Multi-Market,Sell-EPEX,487.0700831668577,7.090000000000003,140.44,147.53,DA_HH,EPEX
2026-04-27 19:30:00,0.0,0.42000000000000004,SFFR,18.127083333333335,0.0,0.42000000000000004,SFFR,32.445,3.75,0.42000000000000004,Multi-Market,Sell-EPEX,553.2375,7.530000000000001,140.0,147.53,SSP,EPEX
2026-04-27 20:00:00,0.0,0.42000000000000004,SFFR,18.127083333333335,0.0,0.42000000000000004,SFFR,32.445,0.0,0.42000000000000004,Multi-Market,Idle,0.0,42.39999999999999,87.8,130.2,SSP,EPEX
2026-04-27 20:30:00,0.0,0.42000000000000004,SFFR,18.127083333333335,0.0,0.42000000000000004,SFFR,32.445,-0.0,0.42000000000000004,Multi-Market,Idle,-0.0,49.19999999999999,81.0,130.2,SSP,EPEX
2026-04-27 21:00:00,0.0,0.42000000000000004,SFFR,18.127083333333335,0.0,0.42000000000000004,SFFR,32.445,0.0,0.42000000000000004,Multi-Market,Idle,0.0,41.31,80.5,121.81,SSP,DA_HH
2026-04-27 21:30:00,0.0,0.42000000000000004,SFFR,18.127083333333335,0.0,0.42000000000000004,SFFR,32.445,0.0,0.42000000000000004,Multi-Market,Idle,0.0,33.099999999999994,83.0,116.1,SSP,EPEX
2026-04-27 22:00:00,0.0,0.42000000000000004,SFFR,18.127083333333335,0.0,0.42000000000000004,SFFR,32.445,0.0,0.42000000000000004,Multi-Market,Idle,0.0,17.930000000000007,106.07,124.0,EPEX,SSP
2026-04-27 22:30:00,0.0,0.42000000000000004,SFFR,18.127083333333335,0.0,0.42000000000000004,SFFR,32.445,-0.0,0.42000000000000004,Multi-Market,Idle,-0.0,25.989999999999995,98.01,124.0,DA_HH,SSP
2026-04-27 23:00:00,0.0,0.42000000000000004,SFFR,18.127083333333335,0.0,0.42000000000000004,SFFR,2.1,-0.0,0.42000000000000004,Multi-Market,Idle,-0.0,23.129999999999995,98.87,122.0,ISEM,SSP
2026-04-27 23:30:00,0.0,0.42000000000000004,SFFR,18.127083333333335,0.0,0.42000000000000004,SFFR,2.1,-0.0,0.42000000000000004,Multi-Market,Idle,-0.0,24.33,82.83,107.16,SSP,EPEX
2026-04-28 00:00:00,0.0,0.42000000000000004,SFFR,6.626666666666668,0.0,0.42000000000000004,SFFR,2.1,0.0,0.42000000000000004,Multi-Market,Idle,0.0,18.709999999999994,79.89,98.6,SSP,EPEX
2026-04-28 00:30:00,0.0,0.42000000000000004,SFFR,6.626666666666668,0.0,0.42000000000000004,SFFR,2.1,0.0,0.42000000000000004,Multi-Market,Idle,0.0,22.560000000000002,77.5,100.06,SSP,DA_HH
2026-04-28 01:00:00,0.0,0.42000000000000004,SFFR,6.626666666666668,0.0,0.42000000000000004,SFFR,2.1,0.0,0.42000000000000004,Multi-Market,Idle,0.0,17.02000000000001,78.24,95.26,SSP,EPEX
2026-04-28 01:30:00,0.0,0.42000000000000004,SFFR,6.626666666666668,0.0,0.42000000000000004,SFFR,2.1,0.0,0.42000000000000004,Multi-Market,Idle,0.0,14.850000000000009,80.41,95.26,SSP,EPEX
2026-04-28 02:00:00,0.0,0.42000000000000004,SFFR,6.626666666666668,0.0,0.42000000000000004,SFFR,2.1,0.0,0.42000000000000004,Multi-Market,Idle,0.0,22.83,73.17,96.0,SSP,ISEM
2026-04-28 02:30:00,0.0,0.42000000000000004,SFFR,6.626666666666668,0.0,0.42000000000000004,SFFR,2.1,0.0,0.42000000000000004,Multi-Market,Idle,0.0,13.090000000000003,80.41,93.5,SSP,EPEX
2026-04-28 03:00:00,0.0,0.42000000000000004,SFFR,6.626666666666668,0.0,0.42000000000000004,SFFR,2.8000000000000003,0.0,0.42000000000000004,Multi-Market,Idle,0.0,25.489999999999995,66.51,92.0,SSP,ISEM
2026-04-28 03:30:00,0.0,0.42000000000000004,SFFR,6.626666666666668,0.0,0.42000000000000004,SFFR,2.8000000000000003,0.0,0.42000000000000004,Multi-Market,Idle,0.0,26.02000000000001,65.21,91.23,SSP,DA_HH
2026-04-28 04:00:00,0.0,0.42000000000000004,SFFR,6.626666666666668,0.0,0.42000000000000004,SFFR,2.8000000000000003,-2.1,2.3787496011486513,Multi-Market,Buy-SSP,-136.941,28.760000000000005,65.21,93.97,SSP,DA_HH
2026-04-28 04:30:00,0.0,0.42000000000000004,SFFR,6.626666666666668,0.0,0.42000000000000004,SFFR,2.8000000000000003,-1.8051707633737284,4.062500797702697,Multi-Market,Buy-SSP,-117.71518547960082,26.480000000000004,65.21,91.69,SSP,DA_HH
2026-04-28 05:00:00,0.0,0.42000000000000004,SFFR,6.626666666666668,0.0,0.42000000000000004,SFFR,2.8000000000000003,-2.1,6.021250398851349,Multi-Market,Buy-SSP,-136.941,30.970000000000013,65.21,96.18,SSP,EPEX
2026-04-28 05:30:00,0.0,0.42000000000000004,SFFR,6.626666666666668,0.0,0.42000000000000004,SFFR,2.8000000000000003,-2.1,7.9799999999999995,Multi-Market,Buy-SSP,-136.941,30.970000000000013,65.21,96.18,SSP,EPEX
2026-04-28 06:00:00,0.0,0.42000000000000004,SFFR,6.626666666666668,0.0,0.42000000000000004,SFFR,2.8000000000000003,0.0,7.9799999999999995,Multi-Market,Idle,0.0,38.47,69.43,107.9,SSP,EPEX
2026-04-28 06:30:00,0.0,0.42000000000000004,SFFR,6.626666666666668,0.0,0.42000000000000004,SFFR,2.8000000000000003,0.0,7.9799999999999995,Multi-Market,Idle,0.0,41.67,71.56,113.23,SSP,ISEM
2026-04-28 07:00:00,0.0,0.42000000000000004,SFFR,6.626666666666668,0.0,0.42000000000000004,SFFR,12.25,0.0,7.9799999999999995,Multi-Market,Idle,0.0,38.099999999999994,73.4,111.5,SSP,ISEM
2026-04-28 07:30:00,0.0,0.42000000000000004,SFFR,6.626666666666668,0.0,0.42000000000000004,SFFR,12.25,0.0,7.9799999999999995,Multi-Market,Idle,0.0,6.030000000000001,110.5,116.53,EPEX,DA_HH
2026-04-28 08:00:00,0.0,0.42000000000000004,SFFR,6.626666666666668,0.0,0.42000000000000004,SFFR,12.25,-0.0,7.9799999999999995,Multi-Market,Idle,-0.0,17.0,115.0,132.0,EPEX,SSP
2026-04-28 08:30:00,0.0,0.42000000000000004,SFFR,6.626666666666668,0.0,0.42000000000000004,SFFR,12.25,0.0,7.9799999999999995,Multi-Market,Idle,0.0,19.060000000000002,112.94,132.0,DA_HH,SSP
2026-04-28 09:00:00,0.0,0.42000000000000004,SFFR,6.626666666666668,0.0,0.42000000000000004,SFFR,12.25,0.0,7.9799999999999995,Multi-Market,Idle,0.0,22.980000000000004,109.02,132.0,EPEX,SSP
2026-04-28 09:30:00,0.0,0.42000000000000004,SFFR,6.626666666666668,0.0,0.42000000000000004,SFFR,12.25,3.3014985641351435,4.4404220056417305,Multi-Market,Sell-SSP,445.70230615824437,25.980000000000004,109.02,135.0,EPEX,SSP
2026-04-28 10:00:00,0.0,0.42000000000000004,SFFR,6.626666666666668,0.0,0.42000000000000004,SFFR,12.25,3.75,0.42000000000000004,Multi-Market,Sell-SSP,506.25,32.0,103.0,135.0,EPEX,SSP
2026-04-28 10:30:00,0.0,0.42000000000000004,SFFR,6.626666666666668,0.0,0.42000000000000004,SFFR,12.25,0.0,0.42000000000000004,Multi-Market,Idle,0.0,32.0,103.0,135.0,EPEX,SSP
2026-04-28 11:00:00,0.0,0.42000000000000004,SFFR,6.626666666666668,0.0,0.42000000000000004,SFFR,5.25,0.0,0.42000000000000004,Multi-Market,Idle,0.0,34.0,101.0,135.0,EPEX,SSP
2026-04-28 11:30:00,0.0,0.42000000000000004,SFFR,6.626666666666668,0.0,0.42000000000000004,SFFR,5.25,0.0,0.42000000000000004,Multi-Market,Idle,0.0,34.0,101.0,135.0,EPEX,SSP
2026-04-28 12:00:00,0.0,0.42000000000000004,SFFR,6.626666666666668,0.0,0.42000000000000004,SFFR,5.25,0.0,0.42000000000000004,Multi-Market,Idle,0.0,38.18000000000001,96.82,135.0,EPEX,SSP
2026-04-28 12:30:00,0.0,0.42000000000000004,SFFR,6.626666666666668,0.0,0.42000000000000004,SFFR,5.25,-0.0,0.42000000000000004,Multi-Market,Idle,-0.0,38.18000000000001,96.82,135.0,EPEX,SSP
2026-04-28 13:00:00,0.0,0.42000000000000004,SFFR,6.626666666666668,0.0,0.42000000000000004,SFFR,5.25,-0.0,0.42000000000000004,Multi-Market,Idle,-0.0,51.31,83.69,135.0,EPEX,SSP
2026-04-28 13:30:00,0.0,0.42000000000000004,SFFR,6.626666666666668,0.0,0.42000000000000004,SFFR,5.25,0.0,0.42000000000000004,Multi-Market,Idle,0.0,37.05,82.95,120.0,ISEM,SSP
2026-04-28 14:00:00,0.0,0.42000000000000004,SFFR,6.626666666666668,0.0,0.42000000000000004,SFFR,5.25,-2.1,2.3787496011486513,Multi-Market,Buy-EPEX,-159.6,44.0,76.0,120.0,EPEX,SSP
2026-04-28 14:30:00,0.0,0.42000000000000004,SFFR,6.626666666666668,0.0,0.42000000000000004,SFFR,5.25,-0.07758785731592857,2.4511187366589153,Multi-Market,Buy-EPEX,-5.896677156010571,44.0,76.0,120.0,EPEX,SSP
2026-04-28 15:00:00,0.0,0.42000000000000004,SFFR,6.626666666666668,0.0,0.42000000000000004,SFFR,2.1,-2.1,4.409868337807566,Multi-Market,Buy-EPEX,-158.34000000000003,38.599999999999994,75.4,114.0,EPEX,SSP
2026-04-28 15:30:00,0.0,0.42000000000000004,SFFR,6.626666666666668,0.0,0.42000000000000004,SFFR,2.1,-2.1,6.368617938956217,Multi-Market,Buy-EPEX,-158.34000000000003,40.0,75.4,115.4,EPEX,SSP
2026-04-28 16:00:00,0.0,0.42000000000000004,SFFR,6.626666666666668,0.0,0.42000000000000004,SFFR,2.1,0.0,6.368617938956217,Multi-Market,Idle,0.0,4.400000000000006,80.3,84.7,DA_HH,EPEX
2026-04-28 16:30:00,0.0,0.42000000000000004,SFFR,6.626666666666668,0.0,0.42000000000000004,SFFR,2.1,0.0,6.368617938956217,Multi-Market,Idle,0.0,17.42,77.0,94.42,SSP,DA_HH
2026-04-28 17:00:00,0.0,0.42000000000000004,SFFR,6.626666666666668,0.0,0.42000000000000004,SFFR,2.1,0.0,6.368617938956217,Multi-Market,Idle,0.0,16.0,81.0,97.0,SSP,ISEM
2026-04-28 17:30:00,0.0,0.42000000000000004,SFFR,6.626666666666668,0.0,0.42000000000000004,SFFR,2.1,0.0,6.368617938956217,Multi-Market,Idle,0.0,27.0,85.0,112.0,SSP,DA_HH
2026-04-28 18:00:00,0.0,0.42000000000000004,SFFR,6.626666666666668,0.0,0.42000000000000004,SFFR,2.1,0.0,6.368617938956217,Multi-Market,Idle,0.0,16.010000000000005,107.0,123.01,EPEX,DA_HH
2026-04-28 18:30:00,0.0,0.42000000000000004,SFFR,6.626666666666668,0.0,0.42000000000000004,SFFR,2.1,1.798501435864858,4.4404220056417305,Multi-Market,Sell-DA_HH,236.9345791608364,24.74000000000001,107.0,131.74,EPEX,DA_HH
2026-04-28 19:00:00,0.0,0.42000000000000004,SFFR,6.626666666666668,0.0,0.42000000000000004,SFFR,14.0,0.0,4.4404220056417305,Multi-Market,Idle,0.0,24.099999999999994,100.0,124.1,SSP,DA_HH
2026-04-28 19:30:00,0.0,0.42000000000000004,SFFR,6.626666666666668,0.0,0.42000000000000004,SFFR,14.0,0.0,4.4404220056417305,Multi-Market,Idle,0.0,9.599999999999994,115.0,124.6,EPEX,DA_HH
2026-04-28 20:00:00,0.0,0.42000000000000004,SFFR,6.626666666666668,0.0,0.42000000000000004,SFFR,14.0,0.0,4.4404220056417305,Multi-Market,Idle,0.0,3.3599999999999994,117.75,121.11,EPEX,SSP
2026-04-28 20:30:00,0.0,0.42000000000000004,SFFR,6.626666666666668,0.0,0.42000000000000004,SFFR,14.0,0.0,4.4404220056417305,Multi-Market,Idle,0.0,7.489999999999995,110.26,117.75,SSP,EPEX
2026-04-28 21:00:00,0.0,0.42000000000000004,SFFR,6.626666666666668,0.0,0.42000000000000004,SFFR,14.0,3.75,0.42000000000000004,Multi-Market,Sell-DA_HH,502.5,34.19,99.81,134.0,SSP,DA_HH
2026-04-28 21:30:00,0.0,0.42000000000000004,SFFR,6.626666666666668,0.0,0.42000000000000004,SFFR,14.0,-0.0,0.42000000000000004,Multi-Market,Idle,-0.0,7.060000000000002,111.0,118.06,ISEM,SSP
2026-04-28 22:00:00,0.0,0.42000000000000004,SFFR,6.626666666666668,0.0,0.42000000000000004,SFFR,14.0,-0.0,0.42000000000000004,Multi-Market,Idle,-0.0,21.0,94.0,115.0,EPEX,DA_HH
2026-04-28 22:30:00,0.0,0.42000000000000004,SFFR,6.626666666666668,0.0,0.42000000000000004,SFFR,14.0,0.0,0.41999999999999993,Multi-Market,Idle,0.0,5.939999999999998,88.06,94.0,ISEM,EPEX
2026-04-28 23:00:00,0.0,0.42000000000000004,SFFR,6.626666666666668,0.0,0.42000000000000004,SFFR,7.140000000000001,0.0,0.42000000000000004,Multi-Market,Idle,0.0,8.849999999999994,84.23,93.08,SSP,ISEM
2026-04-28 23:30:00,0.0,0.42000000000000004,SFFR,6.626666666666668,0.0,0.42000000000000004,SFFR,7.140000000000001,-0.0,0.42000000000000004,Multi-Market,Idle,-0.0,18.83,78.0,96.83,DA_HH,SSP
2026-04-29 00:00:00,0.0,0.42000000000000004,SFFR,17.3775,0.0,0.42000000000000004,SFFR,7.140000000000001,0.0,0.42000000000000004,Multi-Market,Idle,0.0,15.719999999999999,82.14,97.86,DA_HH,SSP
2026-04-29 00:30:00,0.0,0.42000000000000004,SFFR,17.3775,0.0,0.42000000000000004,SFFR,7.140000000000001,0.0,0.42000000000000004,Multi-Market,Idle,0.0,24.299999999999997,82.0,106.3,DA_HH,SSP
2026-04-29 01:00:00,0.0,0.42000000000000004,SFFR,17.3775,0.0,0.42000000000000004,SFFR,7.140000000000001,-0.0,0.42000000000000004,Multi-Market,Idle,-0.0,54.3,81.7,136.0,EPEX,SSP
2026-04-29 01:30:00,0.0,0.42000000000000004,SFFR,17.3775,0.0,0.42000000000000004,SFFR,7.140000000000001,0.0,0.42000000000000004,Multi-Market,Idle,0.0,28.75,81.7,110.45,EPEX,SSP
2026-04-29 02:00:00,0.0,0.42000000000000004,SFFR,17.3775,0.0,0.42000000000000004,SFFR,7.140000000000001,0.0,0.42000000000000004,Multi-Market,Idle,0.0,28.200000000000003,80.97,109.17,EPEX,SSP
2026-04-29 02:30:00,0.0,0.42000000000000004,SFFR,17.3775,0.0,0.42000000000000004,SFFR,7.140000000000001,0.0,0.42000000000000004,Multi-Market,Idle,0.0,30.320000000000007,77.83,108.15,ISEM,SSP
2026-04-29 03:00:00,0.0,0.42000000000000004,SFFR,17.3775,0.0,0.42000000000000004,SFFR,7.0,0.0,0.42000000000000004,Multi-Market,Idle,0.0,19.700000000000003,80.0,99.7,ISEM,SSP
2026-04-29 03:30:00,0.0,0.42000000000000004,SFFR,17.3775,0.0,0.42000000000000004,SFFR,7.0,0.0,0.42000000000000004,Multi-Market,Idle,0.0,17.340000000000003,79.19,96.53,ISEM,SSP
2026-04-29 04:00:00,0.0,0.42000000000000004,SFFR,17.3775,0.0,0.42000000000000004,SFFR,7.0,0.0,0.42000000000000004,Multi-Market,Idle,0.0,13.219999999999999,81.8,95.02,ISEM,SSP
2026-04-29 04:30:00,0.0,0.42000000000000004,SFFR,17.3775,0.0,0.42000000000000004,SFFR,7.0,0.0,0.42000000000000004,Multi-Market,Idle,0.0,16.200000000000003,79.36,95.56,ISEM,SSP
2026-04-29 05:00:00,0.0,0.42000000000000004,SFFR,17.3775,0.0,0.42000000000000004,SFFR,7.0,0.0,0.42000000000000004,Multi-Market,Idle,0.0,29.340000000000003,95.66,125.0,EPEX,SSP
2026-04-29 05:30:00,0.0,0.42000000000000004,SFFR,17.3775,0.0,0.42000000000000004,SFFR,7.0,0.0,0.42000000000000004,Multi-Market,Idle,0.0,29.340000000000003,95.66,125.0,EPEX,SSP
2026-04-29 06:00:00,0.0,0.42000000000000004,SFFR,17.3775,0.0,0.42000000000000004,SFFR,7.0,0.0,0.42000000000000004,Multi-Market,Idle,0.0,30.989999999999995,95.01,126.0,DA_HH,SSP
2026-04-29 06:30:00,0.0,0.42000000000000004,SFFR,17.3775,0.0,0.42000000000000004,SFFR,7.0,0.0,0.42000000000000004,Multi-Market,Idle,0.0,23.659999999999997,102.34,126.0,EPEX,SSP
2026-04-29 07:00:00,0.0,0.42000000000000004,SFFR,17.3775,0.0,0.42000000000000004,SFFR,21.525000000000002,0.0,0.42000000000000004,Multi-Market,Idle,0.0,26.810000000000002,99.19,126.0,ISEM,SSP
2026-04-29 07:30:00,0.0,0.42000000000000004,SFFR,17.3775,0.0,0.42000000000000004,SFFR,21.525000000000002,-0.0,0.42000000000000004,Multi-Market,Idle,-0.0,34.61,100.39,135.0,ISEM,SSP
2026-04-29 08:00:00,0.0,0.42000000000000004,SFFR,17.3775,0.0,0.42000000000000004,SFFR,21.525000000000002,0.0,0.42000000000000004,Multi-Market,Idle,0.0,31.67,93.33,125.0,EPEX,SSP
2026-04-29 08:30:00,0.0,0.42000000000000004,SFFR,17.3775,0.0,0.42000000000000004,SFFR,21.525000000000002,0.0,0.42000000000000004,Multi-Market,Idle,0.0,28.010000000000005,65.32,93.33,SSP,EPEX
2026-04-29 09:00:00,0.0,0.42000000000000004,SFFR,17.3775,0.0,0.42000000000000004,SFFR,21.525000000000002,0.0,0.42000000000000004,Multi-Market,Idle,0.0,53.0,32.0,85.0,SSP,ISEM
2026-04-29 09:30:00,0.0,0.42000000000000004,SFFR,17.3775,0.0,0.42000000000000004,SFFR,21.525000000000002,0.0,0.42000000000000004,Multi-Market,Idle,0.0,62.0,57.0,119.0,DA_HH,SSP
2026-04-29 10:00:00,0.0,0.42000000000000004,SFFR,17.3775,0.0,0.42000000000000004,SFFR,21.525000000000002,0.0,0.42000000000000004,Multi-Market,Idle,0.0,88.03,31.97,120.0,EPEX,SSP
2026-04-29 10:30:00,0.0,0.42000000000000004,SFFR,17.3775,0.0,0.42000000000000004,SFFR,21.525000000000002,-0.0,0.42000000000000004,Multi-Market,Idle,-0.0,116.0,10.0,126.0,DA_HH,SSP
2026-04-29 11:00:00,0.0,0.42000000000000004,SFFR,17.3775,0.0,0.42000000000000004,SFFR,12.67,0.0,0.42000000000000004,Multi-Market,Idle,0.0,112.51,7.49,120.0,EPEX,SSP
2026-04-29 11:30:00,0.0,0.42000000000000004,SFFR,17.3775,0.0,0.42000000000000004,SFFR,12.67,-0.2729999999999999,0.42000000000000004,Multi-Market,Buy-ISEM,221.76000000000002,121.2,-1.2,120.0,ISEM,SSP
2026-04-29 12:00:00,0.0,0.42000000000000004,SFFR,17.3775,0.0,0.42000000000000004,SFFR,12.67,0.0,0.42000000000000004,Multi-Market,Idle,0.0,2.1200000000000006,3.32,5.44,EPEX,SSP
2026-04-29 12:30:00,0.0,0.42000000000000004,SFFR,17.3775,0.0,0.42000000000000004,SFFR,12.67,-1.882758620689659,2.176120332064311,Multi-Market,Buy-ISEM,0.01882758620689659,15.12,-0.01,15.11,ISEM,SSP
2026-04-29 13:00:00,0.0,0.42000000000000004,SFFR,17.3775,0.0,0.42000000000000004,SFFR,12.67,0.06750143586485846,2.1037511965540467,Multi-Market,Sell-SSP,8.100172303783015,119.38,0.62,120.0,EPEX,SSP
2026-04-29 13:30:00,0.0,0.42000000000000004,SFFR,17.3775,0.0,0.42000000000000004,SFFR,12.67,-2.1,4.062500797702698,Multi-Market,Buy-ISEM,1.848,120.88,-0.88,120.0,ISEM,SSP
2026-04-29 14:00:00,0.0,0.42000000000000004,SFFR,17.3775,0.0,0.42000000000000004,SFFR,12.67,-2.1,6.021250398851349,Multi-Market,Buy-EPEX,9.03,124.3,-4.3,120.0,EPEX,SSP
2026-04-29 14:30:00,0.0,0.42000000000000004,SFFR,17.3775,0.0,0.42000000000000004,SFFR,12.67,-2.1,7.9799999999999995,Multi-Market,Buy-EPEX,9.03,15.98,-4.3,11.68,EPEX,SSP
2026-04-29 15:00:00,0.0,0.42000000000000004,SFFR,17.3775,0.0,0.42000000000000004,SFFR,25.2,1.5539999999999994,6.021250398851349,Multi-Market,Buy-ISEM,455.28,128.0,-8.0,120.0,ISEM,SSP
2026-04-29 15:30:00,0.0,0.42000000000000004,SFFR,17.3775,0.0,0.42000000000000004,SFFR,25.2,-2.1,7.9799999999999995,Multi-Market,Buy-EPEX,4.41,17.95,-2.1,15.85,EPEX,SSP
2026-04-29 16:00:00,0.0,0.42000000000000004,SFFR,17.3775,-2.1,2.3787496011486513,EPEX,-35.7,0.0,7.9799999999999995,Multi-Market,Idle,0.0,115.58,4.42,120.0,ISEM,SSP
2026-04-29 16:30:00,0.0,0.42000000000000004,SFFR,17.3775,-2.1,4.337499202297303,EPEX,-35.7,0.0,7.9799999999999995,Multi-Market,Idle,0.0,34.64,17.0,51.64,EPEX,ISEM
2026-04-29 17:00:00,0.0,0.42000000000000004,SFFR,17.3775,3.6540000000000004,0.42000000000000004,EPEX,274.05,0.0,7.9799999999999995,Multi-Market,Idle,0.0,20.14,54.86,75.0,ISEM,EPEX
2026-04-29 17:30:00,0.0,0.42000000000000004,SFFR,17.3775,-0.0,0.42000000000000004,EPEX,-0.0,0.0,7.9799999999999995,Multi-Market,Idle,0.0,45.0,75.0,120.0,EPEX,SSP
2026-04-29 18:00:00,0.0,0.42000000000000004,SFFR,17.3775,0.0,0.42000000000000004,SFFR,25.2,3.3014985641351435,4.4404220056417305,Multi-Market,Sell-SSP,421.9315164964713,26.349999999999994,101.45,127.8,ISEM,SSP
2026-04-29 18:30:00,0.0,0.42000000000000004,SFFR,17.3775,0.0,0.42000000000000004,SFFR,25.2,0.0,4.4404220056417305,Multi-Market,Idle,0.0,11.980000000000004,97.39,109.37,SSP,DA_HH
2026-04-29 19:00:00,0.0,0.42000000000000004,SFFR,17.3775,0.0,0.42000000000000004,SFFR,30.764999999999997,3.75,0.42000000000000004,Multi-Market,Sell-SSP,484.87500000000006,23.830000000000013,105.47,129.3,EPEX,SSP
2026-04-29 19:30:00,0.0,0.42000000000000004,SFFR,17.3775,0.0,0.42000000000000004,SFFR,30.764999999999997,-0.0,0.42000000000000004,Multi-Market,Idle,-0.0,22.33,105.47,127.8,EPEX,SSP
2026-04-29 20:00:00,0.0,0.42000000000000004,SFFR,17.3775,0.0,0.42000000000000004,SFFR,30.764999999999997,0.0,0.42000000000000004,Multi-Market,Idle,0.0,22.89999999999999,104.9,127.8,EPEX,SSP
2026-04-29 20:30:00,0.0,0.42000000000000004,SFFR,17.3775,0.0,0.42000000000000004,SFFR,30.764999999999997,0.0,0.42000000000000004,Multi-Market,Idle,0.0,15.099999999999994,104.9,120.0,EPEX,SSP
2026-04-29 21:00:00,0.0,0.42000000000000004,SFFR,17.3775,0.0,0.42000000000000004,SFFR,30.764999999999997,0.0,0.42000000000000004,Multi-Market,Idle,0.0,24.980000000000004,102.82,127.8,EPEX,SSP
2026-04-29 21:30:00,0.0,0.42000000000000004,SFFR,17.3775,0.0,0.42000000000000004,SFFR,30.764999999999997,-0.0,0.42000000000000004,Multi-Market,Idle,-0.0,40.53999999999999,87.26,127.8,ISEM,SSP
2026-04-29 22:00:00,0.0,0.42000000000000004,SFFR,17.3775,0.0,0.42000000000000004,SFFR,30.764999999999997,0.0,0.42000000000000004,Multi-Market,Idle,0.0,16.36,78.65,95.01,SSP,DA_HH
2026-04-29 22:30:00,0.0,0.42000000000000004,SFFR,17.3775,0.0,0.42000000000000004,SFFR,30.764999999999997,-0.0,0.42000000000000004,Multi-Market,Idle,-0.0,52.78,75.02,127.8,ISEM,SSP
2026-04-29 23:00:00,0.0,0.42000000000000004,SFFR,17.3775,0.0,0.42000000000000004,SFFR,7.0,0.0,0.42000000000000004,Multi-Market,Idle,0.0,24.180000000000007,69.82,94.0,SSP,ISEM
2026-04-29 23:30:00,0.0,0.42000000000000004,SFFR,17.3775,0.0,0.42000000000000004,SFFR,7.0,0.0,0.42000000000000004,Multi-Market,Idle,0.0,30.200000000000003,76.0,106.2,EPEX,SSP
2026-04-30 00:00:00,0.0,0.42000000000000004,EPEX,0.0,0.0,0.42000000000000004,SFFR,7.0,0.0,0.42000000000000004,Multi-Market,Idle,0.0,28.299999999999997,66.7,95.0,EPEX,ISEM
2026-04-30 00:30:00,0.0,0.42000000000000004,EPEX,0.0,0.0,0.42000000000000004,SFFR,7.0,0.0,0.42000000000000004,Multi-Market,Idle,0.0,34.36,66.7,101.06,EPEX,SSP
2026-04-30 01:00:00,-0.07758785731592915,0.4923691355102642,EPEX,-4.718117603381652,0.0,0.42000000000000004,SFFR,7.0,0.0,0.42000000000000004,Multi-Market,Idle,0.0,33.230000000000004,60.81,94.04,EPEX,ISEM
2026-04-30 01:30:00,-2.1,2.4511187366589153,EPEX,-127.70100000000001,0.0,0.42000000000000004,SFFR,7.0,0.0,0.42000000000000004,Multi-Market,Idle,0.0,31.700000000000003,60.81,92.51,EPEX,SSP
2026-04-30 02:00:00,-2.1,4.409868337807566,EPEX,-125.16000000000001,0.0,0.42000000000000004,SFFR,7.0,0.0,0.42000000000000004,Multi-Market,Idle,0.0,35.25000000000001,54.48,89.73,SSP,ISEM
2026-04-30 02:30:00,-2.1,6.368617938956217,EPEX,-125.16000000000001,0.0,0.42000000000000004,SFFR,7.0,-2.1,2.3787496011486513,Multi-Market,Buy-SSP,-91.833,42.00000000000001,43.73,85.73,SSP,ISEM
2026-04-30 03:00:00,0.0,6.368617938956217,EPEX,0.0,0.0,0.42000000000000004,SFFR,6.685,0.0,2.3787496011486513,Multi-Market,Idle,0.0,34.5,50.5,85.0,SSP,ISEM
2026-04-30 03:30:00,0.0,6.368617938956217,EPEX,0.0,0.0,0.42000000000000004,SFFR,6.685,-0.07758785731592857,2.451118736658915,Multi-Market,Buy-SSP,-3.3936928789987157,41.51,43.74,85.25,SSP,ISEM
2026-04-30 04:00:00,0.0,6.368617938956217,EPEX,0.0,0.0,0.42000000000000004,SFFR,6.685,-2.1,4.409868337807566,Multi-Market,Buy-SSP,-63.693,58.69,30.33,89.02,SSP,ISEM
2026-04-30 04:30:00,0.0,6.368617938956217,EPEX,0.0,0.0,0.42000000000000004,SFFR,6.685,-2.1,6.368617938956217,Multi-Market,Buy-SSP,-63.693,54.120000000000005,30.33,84.45,SSP,ISEM
2026-04-30 05:00:00,0.0,6.368617938956217,EPEX,0.0,0.0,0.42000000000000004,SFFR,6.685,0.0,6.368617938956217,Multi-Market,Idle,0.0,14.810000000000002,69.0,83.81,EPEX,ISEM
2026-04-30 05:30:00,0.0,6.368617938956217,EPEX,0.0,0.0,0.42000000000000004,SFFR,6.685,0.0,6.368617938956217,Multi-Market,Idle,0.0,25.439999999999998,65.83,91.27,SSP,ISEM
2026-04-30 06:00:00,3.75,2.3481959333144866,EPEX,329.0625,0.0,0.42000000000000004,SFFR,6.685,1.798501435864858,4.4404220056417305,Multi-Market,Sell-SSP,247.92342293397064,50.099999999999994,87.75,137.85,EPEX,SSP
2026-04-30 06:30:00,1.798501435864858,0.42000000000000004,EPEX,157.81850099714129,0.0,0.42000000000000004,SFFR,6.685,3.75,0.42000000000000004,Multi-Market,Sell-SSP,562.5,62.25,87.75,150.0,EPEX,SSP
2026-04-30 07:00:00,0.0,0.42000000000000004,EPEX,0.0,0.0,0.42000000000000004,SFFR,25.445,0.0,0.42000000000000004,Multi-Market,Idle,0.0,56.64999999999999,81.2,137.85,EPEX,SSP
2026-04-30 07:30:00,-0.0,0.42000000000000004,EPEX,-0.0,0.0,0.42000000000000004,SFFR,25.445,0.0,0.42000000000000004,Multi-Market,Idle,0.0,55.7,81.2,136.9,EPEX,SSP
2026-04-30 08:00:00,-0.0,0.42000000000000004,EPEX,-0.0,0.0,0.42000000000000004,SFFR,25.445,-0.0,0.42000000000000004,Multi-Market,Idle,-0.0,68.44999999999999,69.4,137.85,EPEX,SSP
2026-04-30 08:30:00,-0.0,0.42000000000000004,EPEX,-0.0,0.0,0.42000000000000004,SFFR,25.445,0.0,0.42000000000000004,Multi-Market,Idle,0.0,69.03,0.37,69.4,SSP,EPEX
2026-04-30 09:00:00,0.0,0.42000000000000004,EPEX,0.0,0.0,0.42000000000000004,SFFR,25.445,0.0,0.42000000000000004,Multi-Market,Idle,0.0,41.4,-9.4,32.0,SSP,DA_HH
2026-04-30 09:30:00,0.0,0.42000000000000004,EPEX,0.0,0.0,0.42000000000000004,SFFR,25.445,0.0,0.42000000000000004,Multi-Market,Idle,0.0,30.3,-14.02,16.28,SSP,EPEX
2026-04-30 10:00:00,0.0,0.42000000000000004,EPEX,0.0,0.0,0.42000000000000004,SFFR,25.445,0.0,0.42000000000000004,Multi-Market,Idle,0.0,21.52,-19.56,1.96,SSP,ISEM
2026-04-30 10:30:00,0.0,0.42000000000000004,EPEX,0.0,0.0,0.42000000000000004,SFFR,25.445,0.0,0.42000000000000004,Multi-Market,Idle,0.0,22.64,-21.64,1.0,SSP,EPEX
2026-04-30 11:00:00,0.0,0.42000000000000004,EPEX,-0.0,0.0,0.42000000000000004,SFFR,7.3500000000000005,0.0,0.42000000000000004,Multi-Market,Idle,0.0,21.7,-25.0,-3.3,SSP,EPEX
2026-04-30 11:30:00,0.0,0.42000000000000004,EPEX,-0.0,0.0,0.42000000000000004,SFFR,7.3500000000000005,0.0,0.42000000000000004,Multi-Market,Idle,0.0,18.7,-22.0,-3.3,SSP,EPEX
2026-04-30 12:00:00,0.0,0.42000000000000004,EPEX,-0.0,-1.843498564135144,2.1037511965540463,EPEX,9.21749282067572,0.0,0.42000000000000004,Multi-Market,Idle,0.0,23.14,-28.14,-5.0,SSP,EPEX
2026-04-30 12:30:00,0.0,0.42000000000000004,EPEX,-0.0,-2.1,4.062500797702698,EPEX,10.5,0.0,0.42000000000000004,Multi-Market,Idle,-0.0,23.35,-28.35,-5.0,SSP,EPEX
2026-04-30 13:00:00,0.0,0.42000000000000004,EPEX,-0.0,-2.1,6.021250398851349,EPEX,13.23,0.0,0.42000000000000004,Multi-Market,Idle,0.0,18.23,-24.53,-6.3,SSP,EPEX
2026-04-30 13:30:00,0.0,0.42000000000000004,EPEX,-0.0,-2.1,7.9799999999999995,EPEX,13.23,0.0,0.42000000000000004,Multi-Market,Idle,0.0,19.14,-25.44,-6.3,SSP,EPEX
2026-04-30 14:00:00,-2.1,2.3787496011486513,EPEX,17.535,0.0,7.9799999999999995,SFFR,7.3500000000000005,0.0,0.42000000000000004,Multi-Market,Idle,0.0,11.65,-20.0,-8.35,ISEM,EPEX
2026-04-30 14:30:00,-2.1,4.337499202297303,EPEX,17.535,0.0,7.9799999999999995,SFFR,7.3500000000000005,-2.1,2.3787496011486517,Multi-Market,Buy-SSP,69.92999999999999,24.949999999999996,-33.3,-8.35,SSP,EPEX
2026-04-30 15:00:00,-1.8051707633737284,6.021250398851349,EPEX,14.567728060425988,0.0,7.9799999999999995,SFFR,8.75,-2.1,4.337499202297303,Multi-Market,Buy-SSP,69.762,25.15,-33.22,-8.07,SSP,EPEX
2026-04-30 15:30:00,-2.1,7.9799999999999995,EPEX,16.947000000000003,0.0,7.9799999999999995,SFFR,8.75,-2.1,6.296248803445954,Multi-Market,Buy-SSP,69.762,33.3,-33.22,0.08,SSP,ISEM
2026-04-30 16:00:00,0.0,7.9799999999999995,EPEX,0.0,0.0,7.9799999999999995,EPEX,0.0,-1.8051707633737284,7.9799999999999995,Multi-Market,Buy-SSP,54.58836388442155,38.44,-30.24,8.2,SSP,EPEX
2026-04-30 16:30:00,0.0,7.9799999999999995,EPEX,0.0,0.0,7.9799999999999995,EPEX,0.0,0.0,7.9799999999999995,Multi-Market,Idle,0.0,59.620000000000005,-14.02,45.6,SSP,DA_HH
2026-04-30 17:00:00,-0.0,7.9799999999999995,EPEX,-0.0,3.75,3.959577994358269,EPEX,255.75,0.0,7.9799999999999995,Multi-Market,Idle,0.0,47.900000000000006,65.0,112.9,DA_HH,SSP
2026-04-30 17:30:00,0.0,7.9799999999999995,EPEX,0.0,3.3014985641351435,0.42000000000000004,EPEX,225.1622020740168,0.0,7.9799999999999995,Multi-Market,Idle,0.0,44.7,68.2,112.9,EPEX,SSP
2026-04-30 18:00:00,-0.0,7.9799999999999995,EPEX,-0.0,0.0,0.42000000000000004,SFFR,8.75,-0.0,7.9799999999999995,Multi-Market,Idle,-0.0,33.150000000000006,104.75,137.9,EPEX,SSP
2026-04-30 18:30:00,0.0,7.9799999999999995,EPEX,0.0,0.0,0.42000000000000004,SFFR,8.75,0.0,7.9799999999999995,Multi-Market,Idle,0.0,33.760000000000005,95.23,128.99,SSP,DA_HH
2026-04-30 19:00:00,3.3014985641351435,4.4404220056417305,EPEX,377.0311360242334,0.0,0.42000000000000004,SFFR,32.445,3.3014985641351435,4.4404220056417305,Multi-Market,Sell-SSP,460.79015459634195,25.36999999999999,114.2,139.57,EPEX,SSP
2026-04-30 19:30:00,3.75,0.42000000000000004,EPEX,428.25,0.0,0.42000000000000004,SFFR,32.445,3.75,0.42000000000000004,Multi-Market,Sell-SSP,529.6875,27.049999999999997,114.2,141.25,EPEX,SSP
2026-04-30 20:00:00,-0.0,0.42000000000000004,EPEX,-0.0,0.0,0.42000000000000004,SFFR,32.445,-0.0,0.42000000000000004,Multi-Market,Idle,-0.0,28.090000000000003,110.0,138.09,EPEX,SSP
2026-04-30 20:30:00,-0.0,0.42000000000000004,EPEX,-0.0,0.0,0.42000000000000004,SFFR,32.445,-0.0,0.42000000000000004,Multi-Market,Idle,-0.0,28.080000000000013,110.0,138.08,EPEX,SSP
2026-04-30 21:00:00,-0.0,0.42000000000000004,EPEX,-0.0,0.0,0.42000000000000004,SFFR,32.445,0.0,0.42000000000000004,Multi-Market,Idle,0.0,6.339999999999989,100.51,106.85,SSP,ISEM
2026-04-30 21:30:00,-0.0,0.42000000000000004,EPEX,-0.0,0.0,0.42000000000000004,SFFR,32.445,0.0,0.42000000000000004,Multi-Market,Idle,0.0,9.939999999999998,93.95,103.89,DA_HH,EPEX
2026-04-30 22:00:00,-0.0,0.42000000000000004,EPEX,-0.0,0.0,0.42000000000000004,SFFR,32.445,0.0,0.42000000000000004,Multi-Market,Idle,0.0,28.129999999999995,69.73,97.86,SSP,DA_HH
2026-04-30 22:30:00,-0.0,0.42000000000000004,EPEX,-0.0,0.0,0.42000000000000004,SFFR,32.445,0.0,0.42000000000000004,Multi-Market,Idle,0.0,6.900000000000006,83.0,89.9,DA_HH,EPEX
2026-04-30 23:00:00,0.0,0.42000000000000004,EPEX,0.0,0.0,0.42000000000000004,SFFR,7.3149999999999995,0.0,0.42000000000000004,Multi-Market,Idle,0.0,20.72,85.0,105.72,EPEX,SSP
2026-04-30 23:30:00,-0.0,0.42000000000000004,EPEX,-0.0,0.0,0.42000000000000004,SFFR,7.3149999999999995,-0.0,0.42000000000000004,Multi-Market,Idle,-0.0,31.900000000000006,85.0,116.9,EPEX,SSP
