Timestamp,Optimised_Net_MWh_Daily,Optimised_SoC_Daily,Strategy_Selected_Daily,Optimised_Revenue_Daily,Optimised_Net_MWh_EFA,Optimised_SoC_EFA,Strategy_Selected_EFA,Optimised_Revenue_EFA,Optimised_Net_MWh_Multi,Optimised_SoC_Multi,Strategy_Selected_Multi,Market_Used_Multi,Optimised_Revenue_Multi,Market_Spread,Best_Buy_Price,Best_Sell_Price,Best_Buy_Market,Best_Sell_Market
2026-05-02 00:00:00,0.0,4.2,SFFR,16.277916666666666,0.0,4.2,EPEX,0.0,0.0,4.2,Multi-Market,Idle,0.0,9.540000000000006,89.5,99.04,SSP,ISEM
2026-05-02 00:30:00,0.0,4.2,SFFR,16.277916666666666,3.525749282067572,0.42000000000000004,EPEX,343.4784950590229,0.0,4.2,Multi-Market,Idle,0.0,7.530000000000001,90.06,97.59,SSP,ISEM
2026-05-02 01:00:00,0.0,4.2,SFFR,16.277916666666666,0.0,0.42000000000000004,EPEX,0.0,0.0,4.2,Multi-Market,Idle,0.0,5.680000000000007,95.8,101.48,EPEX,SSP
2026-05-02 01:30:00,0.0,4.2,SFFR,16.277916666666666,-0.0,0.42000000000000004,EPEX,-0.0,0.0,4.2,Multi-Market,Idle,0.0,5.950000000000003,93.45,99.4,SSP,DA_HH
2026-05-02 02:00:00,0.0,4.2,SFFR,16.277916666666666,0.0,0.42000000000000004,SFFR,6.09,0.0,4.2,Multi-Market,Idle,0.0,5.159999999999997,94.68,99.84,EPEX,SSP
2026-05-02 02:30:00,0.0,4.2,SFFR,16.277916666666666,0.0,0.42000000000000004,SFFR,6.09,0.0,4.2,Multi-Market,Idle,0.0,4.519999999999996,90.94,95.46,SSP,DA_HH
2026-05-02 03:00:00,0.0,4.2,SFFR,16.277916666666666,0.0,0.42000000000000004,SFFR,5.635000000000001,0.0,4.2,Multi-Market,Idle,0.0,3.8900000000000006,92.34,96.23,ISEM,SSP
2026-05-02 03:30:00,0.0,4.2,SFFR,16.277916666666666,0.0,0.42000000000000004,SFFR,5.635000000000001,0.0,4.2,Multi-Market,Idle,0.0,6.8999999999999915,90.4,97.3,ISEM,SSP
2026-05-02 04:00:00,0.0,4.2,SFFR,16.277916666666666,0.0,0.42000000000000004,SFFR,5.635000000000001,0.0,4.2,Multi-Market,Idle,0.0,4.510000000000005,94.19,98.7,ISEM,DA_HH
2026-05-02 04:30:00,0.0,4.2,SFFR,16.277916666666666,0.0,0.42000000000000004,SFFR,5.635000000000001,0.0,4.2,Multi-Market,Idle,0.0,13.230000000000004,87.78,101.01,SSP,DA_HH
2026-05-02 05:00:00,0.0,4.2,SFFR,16.277916666666666,0.0,0.42000000000000004,SFFR,5.635000000000001,0.0,4.2,Multi-Market,Idle,0.0,3.700000000000003,96.3,100.0,SSP,DA_HH
2026-05-02 05:30:00,0.0,4.2,SFFR,16.277916666666666,0.0,0.42000000000000004,SFFR,5.635000000000001,0.0,4.2,Multi-Market,Idle,0.0,13.63000000000001,84.3,97.93,SSP,ISEM
2026-05-02 06:00:00,0.0,4.2,SFFR,16.277916666666666,0.0,0.42000000000000004,SFFR,5.635000000000001,0.0,4.2,Multi-Market,Idle,0.0,20.039999999999992,80.01,100.05,SSP,EPEX
2026-05-02 06:30:00,0.0,4.2,SFFR,16.277916666666666,0.0,0.42000000000000004,SFFR,5.635000000000001,0.0,4.2,Multi-Market,Idle,0.0,20.039999999999992,80.01,100.05,SSP,EPEX
2026-05-02 07:00:00,0.0,4.2,SFFR,16.277916666666666,0.0,0.42000000000000004,SFFR,30.345,0.0,4.2,Multi-Market,Idle,0.0,28.0,80.0,108.0,SSP,ISEM
2026-05-02 07:30:00,0.0,4.2,SFFR,16.277916666666666,0.0,0.42000000000000004,SFFR,30.345,0.0,4.2,Multi-Market,Idle,0.0,29.989999999999995,80.01,110.0,SSP,ISEM
2026-05-02 08:00:00,0.0,4.2,SFFR,16.277916666666666,0.0,0.42000000000000004,SFFR,30.345,3.525749282067572,0.42000000000000004,Multi-Market,Sell-ISEM,419.5641645660411,35.0,84.0,119.0,SSP,ISEM
2026-05-02 08:30:00,0.0,4.2,SFFR,16.277916666666666,0.0,0.42000000000000004,SFFR,30.345,-0.0,0.42000000000000004,Multi-Market,Idle,-0.0,39.0,80.0,119.0,SSP,ISEM
2026-05-02 09:00:00,0.0,4.2,SFFR,16.277916666666666,0.0,0.42000000000000004,SFFR,30.345,-0.0,0.42000000000000004,Multi-Market,Idle,-0.0,37.099999999999994,80.0,117.1,SSP,ISEM
2026-05-02 09:30:00,0.0,4.2,SFFR,16.277916666666666,0.0,0.42000000000000004,SFFR,30.345,-0.0,0.42000000000000004,Multi-Market,Idle,-0.0,30.099999999999994,80.0,110.1,SSP,ISEM
2026-05-02 10:00:00,0.0,4.2,SFFR,16.277916666666666,0.0,0.42000000000000004,SFFR,30.345,-0.0,0.42000000000000004,Multi-Market,Idle,-0.0,35.14,73.5,108.64,SSP,ISEM
2026-05-02 10:30:00,0.0,4.2,SFFR,16.277916666666666,0.0,0.42000000000000004,SFFR,30.345,-0.0,0.42000000000000004,Multi-Market,Idle,-0.0,35.269999999999996,67.73,103.0,SSP,EPEX
2026-05-02 11:00:00,0.0,4.2,SFFR,16.277916666666666,0.0,0.42000000000000004,SFFR,11.795,-2.1,2.3787496011486513,Multi-Market,Buy-SSP,50.400000000000006,122.03,-24.0,98.03,SSP,EPEX
2026-05-02 11:30:00,0.0,4.2,SFFR,16.277916666666666,0.0,0.42000000000000004,SFFR,11.795,-2.1,4.337499202297303,Multi-Market,Buy-SSP,50.400000000000006,122.03,-24.0,98.03,SSP,EPEX
2026-05-02 12:00:00,0.0,4.2,SFFR,16.277916666666666,0.0,0.42000000000000004,SFFR,11.795,0.0,4.337499202297303,Multi-Market,Idle,0.0,95.99,0.01,96.0,SSP,ISEM
2026-05-02 12:30:00,0.0,4.2,SFFR,16.277916666666666,0.0,0.42000000000000004,SFFR,11.795,-2.0301732390027936,6.231118736658916,Multi-Market,Buy-SSP,-0.020301732390027936,95.25999999999999,0.01,95.27,SSP,DA_HH
2026-05-02 13:00:00,0.0,4.2,SFFR,16.277916666666666,0.0,0.42000000000000004,SFFR,11.795,0.0,6.231118736658916,Multi-Market,Idle,0.0,43.790000000000006,55.0,98.79,SSP,DA_HH
2026-05-02 13:30:00,0.0,4.2,SFFR,16.277916666666666,0.0,0.42000000000000004,SFFR,11.795,0.0,6.231118736658916,Multi-Market,Idle,0.0,41.64,55.0,96.64,SSP,DA_HH
2026-05-02 14:00:00,0.0,4.2,SFFR,16.277916666666666,0.0,0.42000000000000004,SFFR,11.795,-0.07724784620271441,6.021250398851349,Multi-Market,Buy-SSP,205.8951692565637,101.78999999999999,0.01,101.8,SSP,DA_HH
2026-05-02 14:30:00,0.0,4.2,SFFR,16.277916666666666,0.0,0.42000000000000004,SFFR,11.795,-2.1,7.9799999999999995,Multi-Market,Buy-SSP,-0.021,94.39,0.01,94.4,SSP,DA_HH
2026-05-02 15:00:00,0.0,4.2,SFFR,16.277916666666666,0.0,0.42000000000000004,SFFR,14.700000000000001,-0.0,7.9799999999999995,Multi-Market,Idle,-0.0,17.0,96.0,113.0,ISEM,SSP
2026-05-02 15:30:00,0.0,4.2,SFFR,16.277916666666666,0.0,0.42000000000000004,SFFR,14.700000000000001,-0.0,7.9799999999999995,Multi-Market,Idle,-0.0,31.950000000000003,98.05,130.0,EPEX,SSP
2026-05-02 16:00:00,0.0,4.2,SFFR,16.277916666666666,0.0,0.42000000000000004,SFFR,14.700000000000001,-0.0,7.9799999999999995,Multi-Market,Idle,-0.0,27.459999999999994,102.54,130.0,DA_HH,SSP
2026-05-02 16:30:00,0.0,4.2,SFFR,16.277916666666666,0.0,0.42000000000000004,SFFR,14.700000000000001,-0.0,7.9799999999999995,Multi-Market,Idle,-0.0,35.50999999999999,102.0,137.51,DA_HH,SSP
2026-05-02 17:00:00,0.0,4.2,SFFR,16.277916666666666,0.0,0.42000000000000004,SFFR,14.700000000000001,-0.0,7.9799999999999995,Multi-Market,Idle,-0.0,35.23999999999998,111.65,146.89,ISEM,SSP
2026-05-02 17:30:00,0.0,4.2,SFFR,16.277916666666666,0.0,0.42000000000000004,SFFR,14.700000000000001,0.0,7.9799999999999995,Multi-Market,Idle,0.0,24.0,115.9,139.9,EPEX,SSP
2026-05-02 18:00:00,0.0,4.2,SFFR,16.277916666666666,0.0,0.42000000000000004,SFFR,14.700000000000001,0.0,7.9799999999999995,Multi-Market,Idle,0.0,14.700000000000003,125.2,139.9,ISEM,SSP
2026-05-02 18:30:00,0.0,4.2,SFFR,16.277916666666666,0.0,0.42000000000000004,SFFR,14.700000000000001,-0.0,7.9799999999999995,Multi-Market,Idle,-0.0,36.879999999999995,128.02,164.9,DA_HH,SSP
2026-05-02 19:00:00,0.0,4.2,SFFR,16.277916666666666,0.0,0.42000000000000004,SFFR,28.875,0.0,7.9799999999999995,Multi-Market,Idle,0.0,25.54000000000002,133.26,158.8,DA_HH,SSP
2026-05-02 19:30:00,0.0,4.2,SFFR,16.277916666666666,0.0,0.42000000000000004,SFFR,28.875,0.0,7.9799999999999995,Multi-Market,Idle,0.0,8.580000000000013,131.32,139.9,DA_HH,SSP
2026-05-02 20:00:00,0.0,4.2,SFFR,16.277916666666666,0.0,0.42000000000000004,SFFR,28.875,3.3014985641351435,4.4404220056417305,Multi-Market,Sell-SSP,557.9532573388393,39.900000000000006,129.1,169.0,EPEX,SSP
2026-05-02 20:30:00,0.0,4.2,SFFR,16.277916666666666,0.0,0.42000000000000004,SFFR,28.875,3.75,0.42000000000000004,Multi-Market,Sell-SSP,633.75,42.36,126.64,169.0,ISEM,SSP
2026-05-02 21:00:00,0.0,4.2,SFFR,16.277916666666666,0.0,0.42000000000000004,SFFR,28.875,0.0,0.42000000000000004,Multi-Market,Idle,0.0,22.24000000000001,117.66,139.9,ISEM,SSP
2026-05-02 21:30:00,0.0,4.2,SFFR,16.277916666666666,0.0,0.42000000000000004,SFFR,28.875,-0.0,0.42000000000000004,Multi-Market,Idle,-0.0,29.900000000000006,110.0,139.9,ISEM,SSP
2026-05-02 22:00:00,0.0,4.2,SFFR,16.277916666666666,0.0,0.42000000000000004,SFFR,28.875,0.0,0.42000000000000004,Multi-Market,Idle,0.0,21.319999999999993,86.14,107.46,SSP,EPEX
2026-05-02 22:30:00,0.0,4.2,SFFR,16.277916666666666,0.0,0.42000000000000004,SFFR,28.875,-0.0,0.42000000000000004,Multi-Market,Idle,-0.0,48.77000000000001,91.13,139.9,ISEM,SSP
2026-05-02 23:00:00,0.0,4.2,SFFR,16.277916666666666,0.0,0.42000000000000004,SFFR,7.0,0.0,0.41999999999999993,Multi-Market,Idle,0.0,8.060000000000002,98.64,106.7,ISEM,EPEX
2026-05-02 23:30:00,0.0,4.2,SFFR,16.277916666666666,0.0,0.42000000000000004,SFFR,7.0,-0.0,0.42000000000000004,Multi-Market,Idle,-0.0,4.240000000000009,106.52,110.76,ISEM,SSP
2026-05-03 00:00:00,0.0,4.2,SFFR,14.106458333333334,0.0,0.42000000000000004,SFFR,7.0,0.0,0.42000000000000004,Multi-Market,Idle,0.0,8.099999999999994,101.17,109.27,ISEM,SSP
2026-05-03 00:30:00,0.0,4.2,SFFR,14.106458333333334,0.0,0.42000000000000004,SFFR,7.0,0.0,0.42000000000000004,Multi-Market,Idle,0.0,4.820000000000007,102.1,106.92,ISEM,SSP
2026-05-03 01:00:00,0.0,4.2,SFFR,14.106458333333334,0.0,0.42000000000000004,SFFR,7.0,0.0,0.42000000000000004,Multi-Market,Idle,0.0,22.17,81.83,104.0,SSP,DA_HH
2026-05-03 01:30:00,0.0,4.2,SFFR,14.106458333333334,0.0,0.42000000000000004,SFFR,7.0,0.0,0.42000000000000004,Multi-Market,Idle,0.0,23.25,80.25,103.5,SSP,EPEX
2026-05-03 02:00:00,0.0,4.2,SFFR,14.106458333333334,0.0,0.42000000000000004,SFFR,7.0,0.0,0.42000000000000004,Multi-Market,Idle,0.0,18.090000000000003,81.86,99.95,SSP,DA_HH
2026-05-03 02:30:00,0.0,4.2,SFFR,14.106458333333334,0.0,0.42000000000000004,SFFR,7.0,0.0,0.42000000000000004,Multi-Market,Idle,0.0,9.0,91.0,100.0,DA_HH,ISEM
2026-05-03 03:00:00,0.0,4.2,SFFR,14.106458333333334,0.0,0.42000000000000004,SFFR,7.700000000000001,0.0,0.42000000000000004,Multi-Market,Idle,0.0,8.5,94.8,103.3,EPEX,SSP
2026-05-03 03:30:00,0.0,4.2,SFFR,14.106458333333334,0.0,0.42000000000000004,SFFR,7.700000000000001,0.0,0.42000000000000004,Multi-Market,Idle,0.0,10.89,89.86,100.75,DA_HH,SSP
2026-05-03 04:00:00,0.0,4.2,SFFR,14.106458333333334,0.0,0.42000000000000004,SFFR,7.700000000000001,0.0,0.42000000000000004,Multi-Market,Idle,0.0,10.89,92.4,103.29,EPEX,SSP
2026-05-03 04:30:00,0.0,4.2,SFFR,14.106458333333334,0.0,0.42000000000000004,SFFR,7.700000000000001,0.0,0.42000000000000004,Multi-Market,Idle,0.0,13.88000000000001,87.82,101.7,DA_HH,SSP
2026-05-03 05:00:00,0.0,4.2,SFFR,14.106458333333334,0.0,0.42000000000000004,SFFR,7.700000000000001,0.0,0.42000000000000004,Multi-Market,Idle,0.0,16.980000000000004,85.89,102.87,DA_HH,SSP
2026-05-03 05:30:00,0.0,4.2,SFFR,14.106458333333334,0.0,0.42000000000000004,SFFR,7.700000000000001,0.0,0.42000000000000004,Multi-Market,Idle,0.0,19.58,83.0,102.58,DA_HH,SSP
2026-05-03 06:00:00,0.0,4.2,SFFR,14.106458333333334,0.0,0.42000000000000004,SFFR,7.700000000000001,0.0,0.42000000000000004,Multi-Market,Idle,0.0,19.290000000000006,84.85,104.14,DA_HH,SSP
2026-05-03 06:30:00,0.0,4.2,SFFR,14.106458333333334,0.0,0.42000000000000004,SFFR,7.700000000000001,0.0,0.42000000000000004,Multi-Market,Idle,0.0,17.680000000000007,86.21,103.89,EPEX,SSP
2026-05-03 07:00:00,0.0,4.2,SFFR,14.106458333333334,0.0,0.42000000000000004,SFFR,8.75,0.0,0.42000000000000004,Multi-Market,Idle,0.0,10.450000000000003,83.0,93.45,EPEX,SSP
2026-05-03 07:30:00,0.0,4.2,SFFR,14.106458333333334,0.0,0.42000000000000004,SFFR,8.75,0.0,0.42000000000000004,Multi-Market,Idle,0.0,22.370000000000005,83.0,105.37,EPEX,SSP
2026-05-03 08:00:00,0.0,4.2,SFFR,14.106458333333334,0.0,0.42000000000000004,SFFR,8.75,0.0,0.42000000000000004,Multi-Market,Idle,0.0,20.730000000000004,83.3,104.03,DA_HH,SSP
2026-05-03 08:30:00,0.0,4.2,SFFR,14.106458333333334,0.0,0.42000000000000004,SFFR,8.75,0.0,0.42000000000000004,Multi-Market,Idle,0.0,19.200000000000003,87.25,106.45,DA_HH,SSP
2026-05-03 09:00:00,0.0,4.2,SFFR,14.106458333333334,0.0,0.42000000000000004,SFFR,8.75,0.0,0.42000000000000004,Multi-Market,Idle,0.0,14.39,95.54,109.93,SSP,EPEX
2026-05-03 09:30:00,0.0,4.2,SFFR,14.106458333333334,0.0,0.42000000000000004,SFFR,8.75,0.0,0.42000000000000004,Multi-Market,Idle,0.0,23.930000000000007,86.0,109.93,SSP,EPEX
2026-05-03 10:00:00,0.0,4.2,SFFR,14.106458333333334,0.0,0.42000000000000004,SFFR,8.75,-2.1,2.3787496011486513,Multi-Market,Buy-SSP,-154.287,38.53,73.47,112.0,SSP,EPEX
2026-05-03 10:30:00,0.0,4.2,SFFR,14.106458333333334,0.0,0.42000000000000004,SFFR,8.75,-2.1,4.337499202297303,Multi-Market,Buy-SSP,-158.004,36.760000000000005,75.24,112.0,SSP,EPEX
2026-05-03 11:00:00,0.0,4.2,SFFR,14.106458333333334,0.0,0.42000000000000004,SFFR,13.405000000000001,-1.8051707633737284,6.021250398851349,Multi-Market,Buy-SSP,-140.87552637368577,33.099999999999994,78.04,111.14,SSP,EPEX
2026-05-03 11:30:00,0.0,4.2,SFFR,14.106458333333334,0.0,0.42000000000000004,SFFR,13.405000000000001,-2.1,7.9799999999999995,Multi-Market,Buy-SSP,-163.674,35.06,77.94,113.0,SSP,ISEM
2026-05-03 12:00:00,0.0,4.2,SFFR,14.106458333333334,0.0,0.42000000000000004,SFFR,13.405000000000001,1.798501435864858,6.051804066685513,Multi-Market,Sell-SSP,239.2006909700261,30.189999999999998,102.81,133.0,DA_HH,SSP
2026-05-03 12:30:00,0.0,4.2,SFFR,14.106458333333334,0.0,0.42000000000000004,SFFR,13.405000000000001,0.0,6.051804066685513,Multi-Market,Idle,0.0,26.89,106.11,133.0,ISEM,SSP
2026-05-03 13:00:00,0.0,4.2,SFFR,14.106458333333334,0.0,0.42000000000000004,SFFR,13.405000000000001,0.0,6.051804066685513,Multi-Market,Idle,0.0,29.099999999999994,103.9,133.0,EPEX,SSP
2026-05-03 13:30:00,0.0,4.2,SFFR,14.106458333333334,0.0,0.42000000000000004,SFFR,13.405000000000001,0.0,6.051804066685513,Multi-Market,Idle,0.0,15.019999999999996,88.98,104.0,SSP,DA_HH
2026-05-03 14:00:00,0.0,4.2,SFFR,14.106458333333334,0.0,0.42000000000000004,SFFR,13.405000000000001,-2.067243029729722,7.9799999999999995,Multi-Market,Buy-SSP,-167.05390923245886,18.730000000000004,80.81,99.54,SSP,ISEM
2026-05-03 14:30:00,0.0,4.2,SFFR,14.106458333333334,0.0,0.42000000000000004,SFFR,13.405000000000001,0.0,7.9799999999999995,Multi-Market,Idle,0.0,18.049999999999997,80.9,98.95,SSP,ISEM
2026-05-03 15:00:00,0.0,4.2,SFFR,14.106458333333334,0.0,0.42000000000000004,SFFR,16.45,0.0,7.9799999999999995,Multi-Market,Idle,0.0,18.19999999999999,80.9,99.1,SSP,EPEX
2026-05-03 15:30:00,0.0,4.2,SFFR,14.106458333333334,0.0,0.42000000000000004,SFFR,16.45,0.0,7.9799999999999995,Multi-Market,Idle,0.0,21.14999999999999,80.95,102.1,SSP,ISEM
2026-05-03 16:00:00,0.0,4.2,SFFR,14.106458333333334,0.0,0.42000000000000004,SFFR,16.45,0.0,7.9799999999999995,Multi-Market,Idle,0.0,22.209999999999994,82.73,104.94,SSP,EPEX
2026-05-03 16:30:00,0.0,4.2,SFFR,14.106458333333334,0.0,0.42000000000000004,SFFR,16.45,0.0,7.9799999999999995,Multi-Market,Idle,0.0,41.61999999999999,80.95,122.57,SSP,ISEM
2026-05-03 17:00:00,0.0,4.2,SFFR,14.106458333333334,0.0,0.42000000000000004,SFFR,16.45,-0.0,7.9799999999999995,Multi-Market,Idle,-0.0,24.0,110.0,134.0,EPEX,SSP
2026-05-03 17:30:00,0.0,4.2,SFFR,14.106458333333334,0.0,0.42000000000000004,SFFR,16.45,3.75,3.959577994358269,Multi-Market,Sell-SSP,562.5,40.0,110.0,150.0,EPEX,SSP
2026-05-03 18:00:00,0.0,4.2,SFFR,14.106458333333334,0.0,0.42000000000000004,SFFR,16.45,3.3014985641351435,0.42000000000000004,Multi-Market,Sell-SSP,495.2247846202715,27.129999999999995,122.87,150.0,EPEX,SSP
2026-05-03 18:30:00,0.0,4.2,SFFR,14.106458333333334,0.0,0.42000000000000004,SFFR,16.45,0.0,0.42000000000000004,Multi-Market,Idle,0.0,26.22,97.0,123.22,SSP,ISEM
2026-05-03 19:00:00,0.0,4.2,SFFR,14.106458333333334,0.0,0.42000000000000004,SFFR,31.57,-0.11034482758620699,0.5229228033444284,Multi-Market,Buy-SSP,-10.358068965517251,37.129999999999995,93.87,131.0,SSP,ISEM
2026-05-03 19:30:00,0.0,4.2,SFFR,14.106458333333334,0.0,0.42000000000000004,SFFR,31.57,-2.1,2.4816724044930796,Multi-Market,Buy-SSP,-192.066,39.540000000000006,91.46,131.0,SSP,ISEM
2026-05-03 20:00:00,0.0,4.2,SFFR,14.106458333333334,0.0,0.42000000000000004,SFFR,31.57,-2.1,4.4404220056417305,Multi-Market,Buy-SSP,-191.1,36.129999999999995,91.0,127.13,SSP,ISEM
2026-05-03 20:30:00,0.0,4.2,SFFR,14.106458333333334,0.0,0.42000000000000004,SFFR,31.57,3.75,0.42000000000000004,Multi-Market,Sell-SSP,562.5,29.08,120.92,150.0,EPEX,SSP
2026-05-03 21:00:00,0.0,4.2,SFFR,14.106458333333334,0.0,0.42000000000000004,SFFR,31.57,-0.0,0.42000000000000004,Multi-Market,Idle,-0.0,35.8,90.0,125.8,SSP,ISEM
2026-05-03 21:30:00,0.0,4.2,SFFR,14.106458333333334,0.0,0.42000000000000004,SFFR,31.57,0.0,0.42000000000000004,Multi-Market,Idle,0.0,26.47999999999999,87.73,114.21,SSP,EPEX
2026-05-03 22:00:00,0.0,4.2,SFFR,14.106458333333334,0.0,0.42000000000000004,SFFR,31.57,-0.0,0.42000000000000004,Multi-Market,Idle,-0.0,31.58,85.0,116.58,SSP,ISEM
2026-05-03 22:30:00,0.0,4.2,SFFR,14.106458333333334,0.0,0.42000000000000004,SFFR,31.57,-0.0,0.42000000000000004,Multi-Market,Idle,-0.0,21.840000000000003,83.38,105.22,SSP,ISEM
2026-05-03 23:00:00,0.0,4.2,SFFR,14.106458333333334,0.0,0.42000000000000004,SFFR,6.055,-0.0,0.42000000000000004,Multi-Market,Idle,-0.0,7.25,97.35,104.6,SSP,DA_HH
2026-05-03 23:30:00,0.0,4.2,SFFR,14.106458333333334,0.0,0.42000000000000004,SFFR,6.055,-0.0,0.42000000000000004,Multi-Market,Idle,-0.0,12.720000000000013,89.32,102.04,SSP,DA_HH
2026-05-04 00:00:00,0.0,4.2,SFFR,16.419375000000002,0.0,0.42000000000000004,SFFR,6.055,0.0,0.42000000000000004,Multi-Market,Idle,0.0,20.36,95.27,115.63,EPEX,SSP
2026-05-04 00:30:00,0.0,4.2,SFFR,16.419375000000002,0.0,0.42000000000000004,SFFR,6.055,-2.1,2.3787496011486513,Multi-Market,Buy-SSP,-180.516,13.650000000000006,85.96,99.61,SSP,DA_HH
2026-05-04 01:00:00,0.0,4.2,SFFR,16.419375000000002,0.0,0.42000000000000004,SFFR,6.055,0.0,2.3787496011486513,Multi-Market,Idle,0.0,13.11,86.51,99.62,SSP,ISEM
2026-05-04 01:30:00,0.0,4.2,SFFR,16.419375000000002,0.0,0.42000000000000004,SFFR,6.055,-1.8051707633737284,4.062500797702697,Multi-Market,Buy-SSP,-156.07506420129255,12.040000000000006,86.46,98.5,SSP,DA_HH
2026-05-04 02:00:00,0.0,4.2,SFFR,16.419375000000002,0.0,0.42000000000000004,SFFR,6.055,0.0,4.062500797702697,Multi-Market,Idle,0.0,13.310000000000002,86.69,100.0,SSP,DA_HH
2026-05-04 02:30:00,0.0,4.2,SFFR,16.419375000000002,0.0,0.42000000000000004,SFFR,6.055,0.0,4.062500797702697,Multi-Market,Idle,0.0,12.299999999999997,86.7,99.0,SSP,ISEM
2026-05-04 03:00:00,0.0,4.2,SFFR,16.419375000000002,0.0,0.42000000000000004,SFFR,6.6499999999999995,-2.1,6.021250398851349,Multi-Market,Buy-SSP,-175.56,16.400000000000006,83.6,100.0,SSP,DA_HH
2026-05-04 03:30:00,0.0,4.2,SFFR,16.419375000000002,0.0,0.42000000000000004,SFFR,6.6499999999999995,-2.1,7.9799999999999995,Multi-Market,Buy-SSP,-175.56,15.400000000000006,83.6,99.0,SSP,ISEM
2026-05-04 04:00:00,0.0,4.2,SFFR,16.419375000000002,0.0,0.42000000000000004,SFFR,6.6499999999999995,0.0,7.9799999999999995,Multi-Market,Idle,0.0,13.680000000000007,92.32,106.0,EPEX,DA_HH
2026-05-04 04:30:00,0.0,4.2,SFFR,16.419375000000002,0.0,0.42000000000000004,SFFR,6.6499999999999995,0.0,7.9799999999999995,Multi-Market,Idle,0.0,13.939999999999998,88.26,102.2,SSP,ISEM
2026-05-04 05:00:00,0.0,4.2,SFFR,16.419375000000002,0.0,0.42000000000000004,SFFR,6.6499999999999995,0.0,7.9799999999999995,Multi-Market,Idle,0.0,9.590000000000003,102.7,112.29,EPEX,DA_HH
2026-05-04 05:30:00,0.0,4.2,SFFR,16.419375000000002,0.0,0.42000000000000004,SFFR,6.6499999999999995,0.0,7.9799999999999995,Multi-Market,Idle,0.0,24.980000000000004,87.22,112.2,SSP,ISEM
2026-05-04 06:00:00,0.0,4.2,SFFR,16.419375000000002,0.0,0.42000000000000004,SFFR,6.6499999999999995,0.0,7.9799999999999995,Multi-Market,Idle,0.0,32.75,89.95,122.7,SSP,DA_HH
2026-05-04 06:30:00,0.0,4.2,SFFR,16.419375000000002,0.0,0.42000000000000004,SFFR,6.6499999999999995,0.0,7.9799999999999995,Multi-Market,Idle,0.0,34.45,90.57,125.02,SSP,DA_HH
2026-05-04 07:00:00,0.0,4.2,SFFR,16.419375000000002,0.0,0.42000000000000004,SFFR,21.49,0.0,7.9799999999999995,Multi-Market,Idle,0.0,11.400000000000006,109.0,120.4,EPEX,ISEM
2026-05-04 07:30:00,0.0,4.2,SFFR,16.419375000000002,0.0,0.42000000000000004,SFFR,21.49,3.75,3.959577994358269,Multi-Market,Sell-SSP,573.75,44.0,109.0,153.0,EPEX,SSP
2026-05-04 08:00:00,0.0,4.2,SFFR,16.419375000000002,0.0,0.42000000000000004,SFFR,21.49,0.0,3.959577994358269,Multi-Market,Idle,0.0,12.289999999999992,98.59,110.88,EPEX,SSP
2026-05-04 08:30:00,0.0,4.2,SFFR,16.419375000000002,0.0,0.42000000000000004,SFFR,21.49,0.0,3.959577994358269,Multi-Market,Idle,0.0,31.189999999999998,98.59,129.78,EPEX,SSP
2026-05-04 09:00:00,0.0,4.2,SFFR,16.419375000000002,0.0,0.42000000000000004,SFFR,21.49,-2.1,5.91832759550692,Multi-Market,Buy-SSP,-178.87800000000001,22.379999999999995,85.18,107.56,SSP,ISEM
2026-05-04 09:30:00,0.0,4.2,SFFR,16.419375000000002,0.0,0.42000000000000004,SFFR,21.49,0.0,5.91832759550692,Multi-Market,Idle,0.0,6.909999999999997,100.0,106.91,DA_HH,SSP
2026-05-04 10:00:00,0.0,4.2,SFFR,16.419375000000002,0.0,0.42000000000000004,SFFR,21.49,0.0,5.91832759550692,Multi-Market,Idle,0.0,8.560000000000002,92.94,101.5,SSP,ISEM
2026-05-04 10:30:00,0.0,4.2,SFFR,16.419375000000002,0.0,0.42000000000000004,SFFR,21.49,0.0,5.91832759550692,Multi-Market,Idle,0.0,6.599999999999994,93.4,100.0,SSP,EPEX
2026-05-04 11:00:00,0.0,4.2,SFFR,16.419375000000002,0.0,0.42000000000000004,SFFR,11.375,0.0,5.91832759550692,Multi-Market,Idle,0.0,5.9199999999999875,92.65,98.57,SSP,ISEM
2026-05-04 11:30:00,0.0,4.2,SFFR,16.419375000000002,0.0,0.42000000000000004,SFFR,11.375,0.0,5.91832759550692,Multi-Market,Idle,0.0,2.9200000000000017,93.0,95.92,DA_HH,ISEM
2026-05-04 12:00:00,0.0,4.2,SFFR,16.419375000000002,0.0,0.42000000000000004,SFFR,11.375,0.0,5.91832759550692,Multi-Market,Idle,0.0,8.299999999999997,91.7,100.0,EPEX,SSP
2026-05-04 12:30:00,0.0,4.2,SFFR,16.419375000000002,0.0,0.42000000000000004,SFFR,11.375,-2.1,7.877077196655571,Multi-Market,Buy-SSP,-156.05100000000002,20.799999999999997,74.31,95.11,SSP,ISEM
2026-05-04 13:00:00,0.0,4.2,SFFR,16.419375000000002,0.0,0.42000000000000004,SFFR,11.375,0.0,7.877077196655571,Multi-Market,Idle,0.0,24.39,89.8,114.19,EPEX,SSP
2026-05-04 13:30:00,0.0,4.2,SFFR,16.419375000000002,0.0,0.42000000000000004,SFFR,11.375,0.0,7.877077196655571,Multi-Market,Idle,0.0,27.620000000000005,89.8,117.42,EPEX,SSP
2026-05-04 14:00:00,0.0,4.2,SFFR,16.419375000000002,0.0,0.42000000000000004,SFFR,11.375,-0.11034482758620734,7.9799999999999995,Multi-Market,Buy-EPEX,-9.6331034482759,31.700000000000003,87.3,119.0,EPEX,SSP
2026-05-04 14:30:00,0.0,4.2,SFFR,16.419375000000002,0.0,0.42000000000000004,SFFR,11.375,0.0,7.9799999999999995,Multi-Market,Idle,0.0,36.3,87.3,123.6,EPEX,SSP
2026-05-04 15:00:00,0.0,4.2,SFFR,16.419375000000002,0.0,0.42000000000000004,SFFR,23.59,0.0,7.9799999999999995,Multi-Market,Idle,0.0,32.599999999999994,91.0,123.6,EPEX,SSP
2026-05-04 15:30:00,0.0,4.2,SFFR,16.419375000000002,0.0,0.42000000000000004,SFFR,23.59,0.0,7.9799999999999995,Multi-Market,Idle,0.0,32.599999999999994,91.0,123.6,EPEX,SSP
2026-05-04 16:00:00,0.0,4.2,SFFR,16.419375000000002,0.0,0.42000000000000004,SFFR,23.59,0.0,7.9799999999999995,Multi-Market,Idle,0.0,26.409999999999997,95.59,122.0,DA_HH,SSP
2026-05-04 16:30:00,0.0,4.2,SFFR,16.419375000000002,0.0,0.42000000000000004,SFFR,23.59,0.0,7.9799999999999995,Multi-Market,Idle,0.0,30.409999999999997,97.12,127.53,EPEX,SSP
2026-05-04 17:00:00,0.0,4.2,SFFR,16.419375000000002,0.0,0.42000000000000004,SFFR,23.59,0.0,7.9799999999999995,Multi-Market,Idle,0.0,8.399999999999991,115.2,123.6,EPEX,SSP
2026-05-04 17:30:00,0.0,4.2,SFFR,16.419375000000002,0.0,0.42000000000000004,SFFR,23.59,-0.0,7.9799999999999995,Multi-Market,Idle,-0.0,37.7,115.2,152.9,EPEX,SSP
2026-05-04 18:00:00,0.0,4.2,SFFR,16.419375000000002,0.0,0.42000000000000004,SFFR,23.59,0.0,7.9799999999999995,Multi-Market,Idle,0.0,13.090000000000003,132.91,146.0,EPEX,DA_HH
2026-05-04 18:30:00,0.0,4.2,SFFR,16.419375000000002,0.0,0.42000000000000004,SFFR,23.59,0.0,7.9799999999999995,Multi-Market,Idle,0.0,12.090000000000003,132.91,145.0,EPEX,SSP
2026-05-04 19:00:00,0.0,4.2,SFFR,16.419375000000002,0.0,0.42000000000000004,SFFR,29.050000000000004,0.0,7.9799999999999995,Multi-Market,Idle,0.0,13.900000000000006,139.0,152.9,DA_HH,SSP
2026-05-04 19:30:00,0.0,4.2,SFFR,16.419375000000002,0.0,0.42000000000000004,SFFR,29.050000000000004,1.350000000000001,6.532648077968975,Multi-Market,Sell-SSP,215.86500000000015,22.52000000000001,137.38,159.9,DA_HH,SSP
2026-05-04 20:00:00,0.0,4.2,SFFR,16.419375000000002,0.0,0.42000000000000004,SFFR,29.050000000000004,3.75,2.5122260723272447,Multi-Market,Sell-SSP,633.75,32.0,137.0,169.0,EPEX,SSP
2026-05-04 20:30:00,0.0,4.2,SFFR,16.419375000000002,0.0,0.42000000000000004,SFFR,29.050000000000004,0.0,2.5122260723272447,Multi-Market,Idle,0.0,22.900000000000006,137.0,159.9,EPEX,SSP
2026-05-04 21:00:00,0.0,4.2,SFFR,16.419375000000002,0.0,0.42000000000000004,SFFR,29.050000000000004,0.0,2.5122260723272447,Multi-Market,Idle,0.0,25.08999999999999,109.92,135.01,SSP,ISEM
2026-05-04 21:30:00,0.0,4.2,SFFR,16.419375000000002,0.0,0.42000000000000004,SFFR,29.050000000000004,0.0,2.5122260723272447,Multi-Market,Idle,0.0,17.340000000000003,110.06,127.4,SSP,EPEX
2026-05-04 22:00:00,0.0,4.2,SFFR,16.419375000000002,0.0,0.42000000000000004,SFFR,29.050000000000004,-2.0672430297297213,4.4404220056417305,Multi-Market,Buy-SSP,-200.06778041724243,25.97,96.78,122.75,SSP,ISEM
2026-05-04 22:30:00,0.0,4.2,SFFR,16.419375000000002,0.0,0.42000000000000004,SFFR,29.050000000000004,3.75,0.42000000000000004,Multi-Market,Sell-SSP,633.75,69.99,99.01,169.0,DA_HH,SSP
2026-05-04 23:00:00,0.0,4.2,SFFR,16.419375000000002,0.0,0.42000000000000004,SFFR,7.28,0.0,0.42000000000000004,Multi-Market,Idle,0.0,8.239999999999995,107.76,116.0,EPEX,ISEM
2026-05-04 23:30:00,0.0,4.2,SFFR,16.419375000000002,0.0,0.42000000000000004,SFFR,7.28,-0.0,0.42000000000000004,Multi-Market,Idle,-0.0,9.039999999999992,107.76,116.8,EPEX,SSP
2026-05-05 00:00:00,0.0,4.2,SFFR,17.567083333333333,0.0,0.42000000000000004,SFFR,7.28,0.0,0.42000000000000004,Multi-Market,Idle,0.0,15.669999999999987,97.29,112.96,SSP,ISEM
2026-05-05 00:30:00,0.0,4.2,SFFR,17.567083333333333,0.0,0.42000000000000004,SFFR,7.28,0.0,0.42000000000000004,Multi-Market,Idle,0.0,9.900000000000006,99.61,109.51,SSP,ISEM
2026-05-05 01:00:00,0.0,4.2,SFFR,17.567083333333333,0.0,0.42000000000000004,SFFR,7.28,0.0,0.42000000000000004,Multi-Market,Idle,0.0,9.0,99.5,108.5,EPEX,ISEM
2026-05-05 01:30:00,0.0,4.2,SFFR,17.567083333333333,0.0,0.42000000000000004,SFFR,7.28,0.0,0.42000000000000004,Multi-Market,Idle,0.0,6.280000000000001,99.5,105.78,EPEX,ISEM
2026-05-05 02:00:00,0.0,4.2,SFFR,17.567083333333333,0.0,0.42000000000000004,SFFR,7.28,0.0,0.42000000000000004,Multi-Market,Idle,0.0,7.340000000000003,98.91,106.25,EPEX,ISEM
2026-05-05 02:30:00,0.0,4.2,SFFR,17.567083333333333,0.0,0.42000000000000004,SFFR,7.28,0.0,0.42000000000000004,Multi-Market,Idle,0.0,6.469999999999999,98.91,105.38,EPEX,ISEM
2026-05-05 03:00:00,0.0,4.2,SFFR,17.567083333333333,0.0,0.42000000000000004,SFFR,7.0,-2.1,2.3787496011486513,Multi-Market,Buy-EPEX,-203.49,10.129999999999995,96.9,107.03,EPEX,ISEM
2026-05-05 03:30:00,0.0,4.2,SFFR,17.567083333333333,0.0,0.42000000000000004,SFFR,7.0,-0.07758785731592857,2.451118736658915,Multi-Market,Buy-EPEX,-7.518263373913479,8.47999999999999,96.9,105.38,EPEX,ISEM
2026-05-05 04:00:00,0.0,4.2,SFFR,17.567083333333333,0.0,0.42000000000000004,SFFR,7.0,-2.1,4.409868337807566,Multi-Market,Buy-SSP,-185.22000000000003,18.36,88.2,106.56,SSP,DA_HH
2026-05-05 04:30:00,0.0,4.2,SFFR,17.567083333333333,0.0,0.42000000000000004,SFFR,7.0,3.721501435864858,0.42000000000000004,Multi-Market,Sell-SSP,539.6177082004044,44.7,100.3,145.0,EPEX,SSP
2026-05-05 05:00:00,0.0,4.2,SFFR,17.567083333333333,0.0,0.42000000000000004,SFFR,7.0,0.0,0.41999999999999993,Multi-Market,Idle,0.0,23.269999999999996,91.73,115.0,SSP,ISEM
2026-05-05 05:30:00,0.0,4.2,SFFR,17.567083333333333,0.0,0.42000000000000004,SFFR,7.0,0.0,0.41999999999999993,Multi-Market,Idle,0.0,25.25,101.33,126.58,EPEX,SSP
2026-05-05 06:00:00,0.0,4.2,SFFR,17.567083333333333,0.0,0.42000000000000004,SFFR,7.0,0.0,0.41999999999999993,Multi-Market,Idle,0.0,6.030000000000001,116.5,122.53,ISEM,SSP
2026-05-05 06:30:00,0.0,4.2,SFFR,17.567083333333333,0.0,0.42000000000000004,SFFR,7.0,0.0,0.41999999999999993,Multi-Market,Idle,0.0,42.67999999999999,91.76,134.44,SSP,DA_HH
2026-05-05 07:00:00,0.0,4.2,SFFR,17.567083333333333,0.0,0.42000000000000004,SFFR,21.63,0.0,0.41999999999999993,Multi-Market,Idle,0.0,8.900000000000006,125.0,133.9,DA_HH,SSP
2026-05-05 07:30:00,0.0,4.2,SFFR,17.567083333333333,0.0,0.42000000000000004,SFFR,21.63,0.0,0.41999999999999993,Multi-Market,Idle,0.0,35.150000000000006,92.85,128.0,SSP,ISEM
2026-05-05 08:00:00,0.0,4.2,SFFR,17.567083333333333,0.0,0.42000000000000004,SFFR,21.63,0.0,0.41999999999999993,Multi-Market,Idle,0.0,31.230000000000004,89.3,120.53,SSP,DA_HH
2026-05-05 08:30:00,0.0,4.2,SFFR,17.567083333333333,0.0,0.42000000000000004,SFFR,21.63,0.0,0.41999999999999993,Multi-Market,Idle,0.0,24.03,91.52,115.55,SSP,EPEX
2026-05-05 09:00:00,0.0,4.2,SFFR,17.567083333333333,0.0,0.42000000000000004,SFFR,21.63,0.0,0.42000000000000004,Multi-Market,Idle,0.0,22.61,89.3,111.91,SSP,DA_HH
2026-05-05 09:30:00,0.0,4.2,SFFR,17.567083333333333,0.0,0.42000000000000004,SFFR,21.63,-2.1,2.3787496011486517,Multi-Market,Buy-SSP,-136.647,38.66000000000001,65.07,103.73,SSP,DA_HH
2026-05-05 10:00:00,0.0,4.2,SFFR,17.567083333333333,0.0,0.42000000000000004,SFFR,21.63,-2.1,4.337499202297303,Multi-Market,Buy-SSP,-168.756,22.42,80.36,102.78,SSP,ISEM
2026-05-05 10:30:00,0.0,4.2,SFFR,17.567083333333333,0.0,0.42000000000000004,SFFR,21.63,0.0,4.337499202297303,Multi-Market,Idle,0.0,13.560000000000002,86.28,99.84,SSP,ISEM
2026-05-05 11:00:00,0.0,4.2,SFFR,17.567083333333333,0.0,0.42000000000000004,SFFR,11.969999999999999,0.0,4.337499202297303,Multi-Market,Idle,0.0,9.409999999999997,89.15,98.56,SSP,ISEM
2026-05-05 11:30:00,0.0,4.2,SFFR,17.567083333333333,0.0,0.42000000000000004,SFFR,11.969999999999999,0.0,4.337499202297303,Multi-Market,Idle,0.0,11.049999999999997,87.52,98.57,SSP,ISEM
2026-05-05 12:00:00,0.0,4.2,SFFR,17.567083333333333,0.0,0.42000000000000004,SFFR,11.969999999999999,-1.8051707633737284,6.021250398851349,Multi-Market,Buy-SSP,-155.33494418830932,12.519999999999996,86.05,98.57,SSP,ISEM
2026-05-05 12:30:00,0.0,4.2,SFFR,17.567083333333333,0.0,0.42000000000000004,SFFR,11.969999999999999,0.0,6.021250398851349,Multi-Market,Idle,0.0,10.14,88.41,98.55,SSP,ISEM
2026-05-05 13:00:00,0.0,4.2,SFFR,17.567083333333333,0.0,0.42000000000000004,SFFR,11.969999999999999,-2.1,7.9799999999999995,Multi-Market,Buy-SSP,-110.92200000000001,45.76,52.82,98.58,SSP,ISEM
2026-05-05 13:30:00,0.0,4.2,SFFR,17.567083333333333,0.0,0.42000000000000004,SFFR,11.969999999999999,0.0,7.9799999999999995,Multi-Market,Idle,0.0,11.88000000000001,86.71,98.59,SSP,ISEM
2026-05-05 14:00:00,0.0,4.2,SFFR,17.567083333333333,0.0,0.42000000000000004,SFFR,11.969999999999999,0.0,7.9799999999999995,Multi-Market,Idle,0.0,37.269999999999996,90.44,127.71,EPEX,SSP
2026-05-05 14:30:00,0.0,4.2,SFFR,17.567083333333333,0.0,0.42000000000000004,SFFR,11.969999999999999,0.0,7.9799999999999995,Multi-Market,Idle,0.0,32.08,90.44,122.52,EPEX,SSP
2026-05-05 15:00:00,0.0,4.2,SFFR,17.567083333333333,0.0,0.42000000000000004,SFFR,25.62,0.0,7.9799999999999995,Multi-Market,Idle,0.0,15.349999999999994,89.45,104.8,SSP,ISEM
2026-05-05 15:30:00,0.0,4.2,SFFR,17.567083333333333,0.0,0.42000000000000004,SFFR,25.62,0.0,7.9799999999999995,Multi-Market,Idle,0.0,23.010000000000005,91.0,114.01,EPEX,ISEM
2026-05-05 16:00:00,0.0,4.2,SFFR,17.567083333333333,0.0,0.42000000000000004,SFFR,25.62,-0.0,7.9799999999999995,Multi-Market,Idle,-0.0,39.47999999999999,104.0,143.48,EPEX,SSP
2026-05-05 16:30:00,0.0,4.2,SFFR,17.567083333333333,0.0,0.42000000000000004,SFFR,25.62,-0.0,7.9799999999999995,Multi-Market,Idle,-0.0,43.28999999999999,104.0,147.29,EPEX,SSP
2026-05-05 17:00:00,0.0,4.2,SFFR,17.567083333333333,0.0,0.42000000000000004,SFFR,25.62,0.0,7.9799999999999995,Multi-Market,Idle,0.0,32.97,114.0,146.97,DA_HH,SSP
2026-05-05 17:30:00,0.0,4.2,SFFR,17.567083333333333,0.0,0.42000000000000004,SFFR,25.62,0.0,7.9799999999999995,Multi-Market,Idle,0.0,27.569999999999993,116.0,143.57,EPEX,SSP
2026-05-05 18:00:00,0.0,4.2,SFFR,17.567083333333333,0.0,0.42000000000000004,SFFR,25.62,0.0,7.9799999999999995,Multi-Market,Idle,0.0,34.0,126.0,160.0,DA_HH,SSP
2026-05-05 18:30:00,0.0,4.2,SFFR,17.567083333333333,0.0,0.42000000000000004,SFFR,25.62,0.0,7.9799999999999995,Multi-Market,Idle,0.0,35.599999999999994,124.4,160.0,DA_HH,SSP
2026-05-05 19:00:00,0.0,4.2,SFFR,17.567083333333333,0.0,0.42000000000000004,SFFR,31.78,3.3014985641351435,4.4404220056417305,Multi-Market,Sell-SSP,544.7472630822987,39.599999999999994,125.4,165.0,DA_HH,SSP
2026-05-05 19:30:00,0.0,4.2,SFFR,17.567083333333333,0.0,0.42000000000000004,SFFR,31.78,3.75,0.42000000000000004,Multi-Market,Sell-SSP,645.4125,43.110000000000014,129.0,172.11,DA_HH,SSP
2026-05-05 20:00:00,0.0,4.2,SFFR,17.567083333333333,0.0,0.42000000000000004,SFFR,31.78,-2.1,2.3787496011486513,Multi-Market,Buy-SSP,-187.992,38.81000000000002,89.52,128.33,SSP,ISEM
2026-05-05 20:30:00,0.0,4.2,SFFR,17.567083333333333,0.0,0.42000000000000004,SFFR,31.78,1.8270000000000002,0.42000000000000004,Multi-Market,Sell-SSP,274.83561000000003,26.430000000000007,124.0,150.43,DA_HH,SSP
2026-05-05 21:00:00,0.0,4.2,SFFR,17.567083333333333,0.0,0.42000000000000004,SFFR,31.78,-0.0,0.42000000000000004,Multi-Market,Idle,-0.0,24.159999999999997,113.0,137.16,EPEX,SSP
2026-05-05 21:30:00,0.0,4.2,SFFR,17.567083333333333,0.0,0.42000000000000004,SFFR,31.78,-0.0,0.42000000000000004,Multi-Market,Idle,-0.0,19.0,110.0,129.0,DA_HH,SSP
2026-05-05 22:00:00,0.0,4.2,SFFR,17.567083333333333,0.0,0.42000000000000004,SFFR,31.78,0.0,0.42000000000000004,Multi-Market,Idle,0.0,27.010000000000005,101.99,129.0,EPEX,SSP
2026-05-05 22:30:00,0.0,4.2,SFFR,17.567083333333333,0.0,0.42000000000000004,SFFR,31.78,-0.0,0.42000000000000004,Multi-Market,Idle,-0.0,34.0,95.0,129.0,DA_HH,SSP
2026-05-05 23:00:00,0.0,4.2,SFFR,17.567083333333333,0.0,0.42000000000000004,SFFR,7.7700000000000005,-0.0,0.42000000000000004,Multi-Market,Idle,-0.0,23.89,99.59,123.48,ISEM,SSP
2026-05-05 23:30:00,0.0,4.2,SFFR,17.567083333333333,0.0,0.42000000000000004,SFFR,7.7700000000000005,-0.0,0.42000000000000004,Multi-Market,Idle,-0.0,13.579999999999998,97.76,111.34,ISEM,SSP
2026-05-06 00:00:00,0.0,4.2,SFFR,19.127499999999998,0.0,0.42000000000000004,SFFR,7.7700000000000005,0.0,0.42000000000000004,SFFR,SFFR,19.127499999999998,1.75,95.69,97.44,DA_HH,ISEM
2026-05-06 00:30:00,0.0,4.2,SFFR,19.127499999999998,0.0,0.42000000000000004,SFFR,7.7700000000000005,0.0,0.42000000000000004,SFFR,SFFR,19.127499999999998,1.1600000000000108,96.49,97.65,DA_HH,ISEM
2026-05-06 01:00:00,0.0,4.2,SFFR,19.127499999999998,0.0,0.42000000000000004,SFFR,7.7700000000000005,0.0,0.42000000000000004,SFFR,SFFR,19.127499999999998,7.200000000000003,96.74,103.94,ISEM,SSP
2026-05-06 01:30:00,0.0,4.2,SFFR,19.127499999999998,0.0,0.42000000000000004,SFFR,7.7700000000000005,0.0,0.42000000000000004,SFFR,SFFR,19.127499999999998,6.140000000000001,96.49,102.63,DA_HH,SSP
2026-05-06 02:00:00,0.0,4.2,SFFR,19.127499999999998,0.0,0.42000000000000004,SFFR,7.7700000000000005,0.0,0.42000000000000004,SFFR,SFFR,19.127499999999998,10.409999999999997,96.0,106.41,EPEX,SSP
2026-05-06 02:30:00,0.0,4.2,SFFR,19.127499999999998,0.0,0.42000000000000004,SFFR,7.7700000000000005,0.0,0.42000000000000004,SFFR,SFFR,19.127499999999998,8.14,96.0,104.14,EPEX,SSP
2026-05-06 03:00:00,0.0,4.2,SFFR,19.127499999999998,0.0,0.42000000000000004,SFFR,4.8999999999999995,0.0,0.42000000000000004,SFFR,SFFR,19.127499999999998,7.140000000000001,95.24,102.38,ISEM,SSP
2026-05-06 03:30:00,0.0,4.2,SFFR,19.127499999999998,0.0,0.42000000000000004,SFFR,4.8999999999999995,0.0,0.42000000000000004,SFFR,SFFR,19.127499999999998,42.42,95.24,137.66,ISEM,SSP
2026-05-06 04:00:00,0.0,4.2,SFFR,19.127499999999998,0.0,0.42000000000000004,SFFR,4.8999999999999995,0.0,0.42000000000000004,SFFR,SFFR,19.127499999999998,22.799999999999997,97.2,120.0,EPEX,SSP
2026-05-06 04:30:00,0.0,4.2,SFFR,19.127499999999998,0.0,0.42000000000000004,SFFR,4.8999999999999995,0.0,0.42000000000000004,SFFR,SFFR,19.127499999999998,6.219999999999999,93.12,99.34,SSP,ISEM
2026-05-06 05:00:00,0.0,4.2,SFFR,19.127499999999998,0.0,0.42000000000000004,SFFR,4.8999999999999995,0.0,0.42000000000000004,SFFR,SFFR,19.127499999999998,11.960000000000008,98.57,110.53,SSP,ISEM
2026-05-06 05:30:00,0.0,4.2,SFFR,19.127499999999998,0.0,0.42000000000000004,SFFR,4.8999999999999995,0.0,0.42000000000000004,SFFR,SFFR,19.127499999999998,40.0,100.0,140.0,DA_HH,SSP
2026-05-06 06:00:00,0.0,4.2,SFFR,19.127499999999998,0.0,0.42000000000000004,SFFR,4.8999999999999995,0.0,0.42000000000000004,SFFR,SFFR,19.127499999999998,10.5,106.2,116.7,SSP,EPEX
2026-05-06 06:30:00,0.0,4.2,SFFR,19.127499999999998,0.0,0.42000000000000004,SFFR,4.8999999999999995,0.0,0.42000000000000004,SFFR,SFFR,19.127499999999998,26.299999999999997,116.7,143.0,EPEX,SSP
2026-05-06 07:00:00,0.0,4.2,SFFR,19.127499999999998,0.0,0.42000000000000004,SFFR,29.75,0.0,0.42000000000000004,SFFR,SFFR,19.127499999999998,10.799999999999997,119.2,130.0,EPEX,SSP
2026-05-06 07:30:00,0.0,4.2,SFFR,19.127499999999998,0.0,0.42000000000000004,SFFR,29.75,0.0,0.42000000000000004,SFFR,SFFR,19.127499999999998,20.290000000000006,119.2,139.49,EPEX,SSP
2026-05-06 08:00:00,0.0,4.2,SFFR,19.127499999999998,0.0,0.42000000000000004,SFFR,29.75,0.0,0.42000000000000004,SFFR,SFFR,19.127499999999998,23.849999999999994,96.0,119.85,SSP,ISEM
2026-05-06 08:30:00,0.0,4.2,SFFR,19.127499999999998,0.0,0.42000000000000004,SFFR,29.75,0.0,0.42000000000000004,SFFR,SFFR,19.127499999999998,28.090000000000003,86.45,114.54,SSP,ISEM
2026-05-06 09:00:00,0.0,4.2,SFFR,19.127499999999998,0.0,0.42000000000000004,SFFR,29.75,0.0,0.42000000000000004,SFFR,SFFR,19.127499999999998,24.570000000000007,86.35,110.92,SSP,ISEM
2026-05-06 09:30:00,0.0,4.2,SFFR,19.127499999999998,0.0,0.42000000000000004,SFFR,29.75,0.0,0.42000000000000004,SFFR,SFFR,19.127499999999998,22.700000000000003,84.6,107.3,SSP,EPEX
2026-05-06 10:00:00,0.0,4.2,SFFR,19.127499999999998,0.0,0.42000000000000004,SFFR,29.75,0.0,0.42000000000000004,SFFR,SFFR,19.127499999999998,18.290000000000006,84.6,102.89,SSP,EPEX
2026-05-06 10:30:00,0.0,4.2,SFFR,19.127499999999998,0.0,0.42000000000000004,SFFR,29.75,0.0,0.42000000000000004,SFFR,SFFR,19.127499999999998,19.739999999999995,83.15,102.89,SSP,EPEX
2026-05-06 11:00:00,0.0,4.2,SFFR,19.127499999999998,0.0,0.42000000000000004,SFFR,13.58,0.0,0.42000000000000004,SFFR,SFFR,19.127499999999998,19.629999999999995,83.01,102.64,SSP,EPEX
2026-05-06 11:30:00,0.0,4.2,SFFR,19.127499999999998,0.0,0.42000000000000004,SFFR,13.58,0.0,0.42000000000000004,SFFR,SFFR,19.127499999999998,22.64,80.0,102.64,SSP,EPEX
2026-05-06 12:00:00,0.0,4.2,SFFR,19.127499999999998,0.0,0.42000000000000004,SFFR,13.58,0.0,0.42000000000000004,SFFR,SFFR,19.127499999999998,21.0,80.0,101.0,SSP,EPEX
2026-05-06 12:30:00,0.0,4.2,SFFR,19.127499999999998,0.0,0.42000000000000004,SFFR,13.58,0.0,0.42000000000000004,SFFR,SFFR,19.127499999999998,27.599999999999994,75.5,103.1,SSP,ISEM
2026-05-06 13:00:00,0.0,4.2,SFFR,19.127499999999998,0.0,0.42000000000000004,SFFR,13.58,0.0,0.42000000000000004,SFFR,SFFR,19.127499999999998,28.010000000000005,75.0,103.01,SSP,ISEM
2026-05-06 13:30:00,0.0,4.2,SFFR,19.127499999999998,0.0,0.42000000000000004,SFFR,13.58,0.0,0.42000000000000004,SFFR,SFFR,19.127499999999998,30.439999999999998,72.3,102.74,SSP,ISEM
2026-05-06 14:00:00,0.0,4.2,SFFR,19.127499999999998,0.0,0.42000000000000004,SFFR,13.58,0.0,0.42000000000000004,SFFR,SFFR,19.127499999999998,26.86,75.0,101.86,SSP,ISEM
2026-05-06 14:30:00,0.0,4.2,SFFR,19.127499999999998,0.0,0.42000000000000004,SFFR,13.58,0.0,0.42000000000000004,SFFR,SFFR,19.127499999999998,26.269999999999996,75.0,101.27,SSP,EPEX
2026-05-06 15:00:00,0.0,4.2,SFFR,19.127499999999998,0.0,0.42000000000000004,SFFR,26.32,0.0,0.42000000000000004,SFFR,SFFR,19.127499999999998,27.400000000000006,75.0,102.4,SSP,EPEX
2026-05-06 15:30:00,0.0,4.2,SFFR,19.127499999999998,0.0,0.42000000000000004,SFFR,26.32,0.0,0.42000000000000004,SFFR,SFFR,19.127499999999998,26.189999999999998,76.41,102.6,SSP,ISEM
2026-05-06 16:00:00,0.0,4.2,SFFR,19.127499999999998,0.0,0.42000000000000004,SFFR,26.32,0.0,0.42000000000000004,SFFR,SFFR,19.127499999999998,31.61999999999999,78.01,109.63,SSP,EPEX
2026-05-06 16:30:00,0.0,4.2,SFFR,19.127499999999998,0.0,0.42000000000000004,SFFR,26.32,0.0,0.42000000000000004,SFFR,SFFR,19.127499999999998,37.980000000000004,78.03,116.01,SSP,DA_HH
2026-05-06 17:00:00,0.0,4.2,SFFR,19.127499999999998,0.0,0.42000000000000004,SFFR,26.32,0.0,0.42000000000000004,SFFR,SFFR,19.127499999999998,45.459999999999994,78.04,123.5,SSP,ISEM
2026-05-06 17:30:00,0.0,4.2,SFFR,19.127499999999998,0.0,0.42000000000000004,SFFR,26.32,0.0,0.42000000000000004,SFFR,SFFR,19.127499999999998,31.290000000000006,99.71,131.0,SSP,ISEM
2026-05-06 18:00:00,0.0,4.2,SFFR,19.127499999999998,0.0,0.42000000000000004,SFFR,26.32,0.0,0.42000000000000004,SFFR,SFFR,19.127499999999998,4.950000000000017,133.04,137.99,DA_HH,ISEM
2026-05-06 18:30:00,0.0,4.2,SFFR,19.127499999999998,0.0,0.42000000000000004,SFFR,26.32,0.0,0.42000000000000004,SFFR,SFFR,19.127499999999998,33.49000000000001,106.44,139.93,SSP,ISEM
2026-05-06 19:00:00,0.0,4.2,SFFR,19.127499999999998,0.0,0.42000000000000004,SFFR,32.445,0.0,0.42000000000000004,SFFR,SFFR,19.127499999999998,34.879999999999995,107.12,142.0,SSP,ISEM
2026-05-06 19:30:00,0.0,4.2,SFFR,19.127499999999998,0.0,0.42000000000000004,SFFR,32.445,0.0,0.42000000000000004,SFFR,SFFR,19.127499999999998,4.02000000000001,136.42,140.44,SSP,ISEM
2026-05-06 20:00:00,0.0,4.2,SFFR,19.127499999999998,0.0,0.42000000000000004,SFFR,32.445,0.0,0.42000000000000004,SFFR,SFFR,19.127499999999998,8.879999999999995,132.02,140.9,EPEX,ISEM
2026-05-06 20:30:00,0.0,4.2,SFFR,19.127499999999998,0.0,0.42000000000000004,SFFR,32.445,0.0,0.42000000000000004,SFFR,SFFR,19.127499999999998,7.8799999999999955,132.02,139.9,EPEX,ISEM
2026-05-06 21:00:00,0.0,4.2,SFFR,19.127499999999998,0.0,0.42000000000000004,SFFR,32.445,0.0,0.42000000000000004,SFFR,SFFR,19.127499999999998,17.049999999999997,117.55,134.6,SSP,ISEM
2026-05-06 21:30:00,0.0,4.2,SFFR,19.127499999999998,0.0,0.42000000000000004,SFFR,32.445,0.0,0.42000000000000004,SFFR,SFFR,19.127499999999998,5.200000000000003,121.6,126.8,EPEX,ISEM
2026-05-06 22:00:00,0.0,4.2,SFFR,19.127499999999998,0.0,0.42000000000000004,SFFR,32.445,0.0,0.42000000000000004,SFFR,SFFR,19.127499999999998,16.980000000000004,109.5,126.48,EPEX,ISEM
2026-05-06 22:30:00,0.0,4.2,SFFR,19.127499999999998,0.0,0.42000000000000004,SFFR,32.445,0.0,0.42000000000000004,SFFR,SFFR,19.127499999999998,18.60000000000001,91.74,110.34,SSP,DA_HH
2026-05-06 23:00:00,0.0,4.2,SFFR,19.127499999999998,0.0,0.42000000000000004,SFFR,7.7700000000000005,0.0,0.42000000000000004,SFFR,SFFR,19.127499999999998,31.61,83.52,115.13,SSP,DA_HH
2026-05-06 23:30:00,0.0,4.2,SFFR,19.127499999999998,0.0,0.42000000000000004,SFFR,7.7700000000000005,0.0,0.42000000000000004,SFFR,SFFR,19.127499999999998,4.800000000000011,102.46,107.26,SSP,ISEM
2026-05-07 00:00:00,0.0,4.2,SFFR,17.813541666666666,0.0,0.42000000000000004,SFFR,7.7700000000000005,0.0,0.42000000000000004,SFFR,SFFR,17.813541666666666,11.39,93.61,105.0,SSP,DA_HH
2026-05-07 00:30:00,0.0,4.2,SFFR,17.813541666666666,0.0,0.42000000000000004,SFFR,7.7700000000000005,0.0,0.42000000000000004,SFFR,SFFR,17.813541666666666,17.409999999999997,100.59,118.0,EPEX,SSP
2026-05-07 01:00:00,0.0,4.2,SFFR,17.813541666666666,0.0,0.42000000000000004,SFFR,7.7700000000000005,0.0,0.42000000000000004,SFFR,SFFR,17.813541666666666,19.299999999999997,98.7,118.0,EPEX,SSP
2026-05-07 01:30:00,0.0,4.2,SFFR,17.813541666666666,0.0,0.42000000000000004,SFFR,7.7700000000000005,0.0,0.42000000000000004,SFFR,SFFR,17.813541666666666,19.299999999999997,98.7,118.0,EPEX,SSP
2026-05-07 02:00:00,0.0,4.2,SFFR,17.813541666666666,0.0,0.42000000000000004,SFFR,7.7700000000000005,0.0,0.42000000000000004,SFFR,SFFR,17.813541666666666,22.700000000000003,95.3,118.0,EPEX,SSP
2026-05-07 02:30:00,0.0,4.2,SFFR,17.813541666666666,0.0,0.42000000000000004,SFFR,7.7700000000000005,0.0,0.42000000000000004,SFFR,SFFR,17.813541666666666,29.700000000000003,95.3,125.0,EPEX,SSP
2026-05-07 03:00:00,0.0,4.2,SFFR,17.813541666666666,0.0,0.42000000000000004,SFFR,7.0,0.0,0.42000000000000004,SFFR,SFFR,17.813541666666666,23.230000000000004,97.77,121.0,EPEX,SSP
2026-05-07 03:30:00,0.0,4.2,SFFR,17.813541666666666,0.0,0.42000000000000004,SFFR,7.0,0.0,0.42000000000000004,SFFR,SFFR,17.813541666666666,35.2,97.77,132.97,EPEX,SSP
2026-05-07 04:00:00,0.0,4.2,SFFR,17.813541666666666,0.0,0.42000000000000004,SFFR,7.0,0.0,0.42000000000000004,SFFR,SFFR,17.813541666666666,32.010000000000005,100.99,133.0,EPEX,SSP
2026-05-07 04:30:00,0.0,4.2,SFFR,17.813541666666666,0.0,0.42000000000000004,SFFR,7.0,0.0,0.42000000000000004,SFFR,SFFR,17.813541666666666,16.440000000000012,100.99,117.43,EPEX,SSP
2026-05-07 05:00:00,0.0,4.2,SFFR,17.813541666666666,0.0,0.42000000000000004,SFFR,7.0,0.0,0.42000000000000004,SFFR,SFFR,17.813541666666666,26.200000000000003,110.8,137.0,EPEX,SSP
2026-05-07 05:30:00,0.0,4.2,SFFR,17.813541666666666,0.0,0.42000000000000004,SFFR,7.0,0.0,0.42000000000000004,SFFR,SFFR,17.813541666666666,26.200000000000003,110.8,137.0,EPEX,SSP
2026-05-07 06:00:00,0.0,4.2,SFFR,17.813541666666666,0.0,0.42000000000000004,SFFR,7.0,0.0,0.42000000000000004,SFFR,SFFR,17.813541666666666,14.310000000000002,122.69,137.0,ISEM,SSP
2026-05-07 06:30:00,0.0,4.2,SFFR,17.813541666666666,0.0,0.42000000000000004,SFFR,7.0,0.0,0.42000000000000004,SFFR,SFFR,17.813541666666666,29.930000000000007,127.07,157.0,ISEM,SSP
2026-05-07 07:00:00,0.0,4.2,SFFR,17.813541666666666,0.0,0.42000000000000004,SFFR,20.58,0.0,0.42000000000000004,SFFR,SFFR,17.813541666666666,8.61,126.39,135.0,ISEM,SSP
2026-05-07 07:30:00,0.0,4.2,SFFR,17.813541666666666,0.0,0.42000000000000004,SFFR,20.58,0.0,0.42000000000000004,SFFR,SFFR,17.813541666666666,9.870000000000005,125.34,135.21,ISEM,DA_HH
2026-05-07 08:00:00,0.0,4.2,SFFR,17.813541666666666,0.0,0.42000000000000004,SFFR,20.58,0.0,0.42000000000000004,SFFR,SFFR,17.813541666666666,17.260000000000005,117.74,135.0,ISEM,SSP
2026-05-07 08:30:00,0.0,4.2,SFFR,17.813541666666666,0.0,0.42000000000000004,SFFR,20.58,0.0,0.42000000000000004,SFFR,SFFR,17.813541666666666,25.0,110.0,135.0,ISEM,SSP
2026-05-07 09:00:00,0.0,4.2,SFFR,17.813541666666666,0.0,0.42000000000000004,SFFR,20.58,0.0,0.42000000000000004,SFFR,SFFR,17.813541666666666,28.579999999999984,104.81,133.39,ISEM,SSP
2026-05-07 09:30:00,0.0,4.2,SFFR,17.813541666666666,0.0,0.42000000000000004,SFFR,20.58,0.0,0.42000000000000004,SFFR,SFFR,17.813541666666666,33.03,90.92,123.95,DA_HH,SSP
2026-05-07 10:00:00,0.0,4.2,SFFR,17.813541666666666,0.0,0.42000000000000004,SFFR,20.58,0.0,0.42000000000000004,SFFR,SFFR,17.813541666666666,4.609999999999999,97.85,102.46,EPEX,ISEM
2026-05-07 10:30:00,0.0,4.2,SFFR,17.813541666666666,0.0,0.42000000000000004,SFFR,20.58,0.0,0.42000000000000004,SFFR,SFFR,17.813541666666666,9.049999999999997,88.8,97.85,DA_HH,EPEX
2026-05-07 11:00:00,0.0,4.2,SFFR,17.813541666666666,0.0,0.42000000000000004,SFFR,12.985,0.0,0.42000000000000004,SFFR,SFFR,17.813541666666666,3.490000000000009,87.91,91.4,DA_HH,ISEM
2026-05-07 11:30:00,0.0,4.2,SFFR,17.813541666666666,0.0,0.42000000000000004,SFFR,12.985,0.0,0.42000000000000004,SFFR,SFFR,17.813541666666666,2.010000000000005,89.1,91.11,ISEM,DA_HH
2026-05-07 12:00:00,0.0,4.2,SFFR,17.813541666666666,0.0,0.42000000000000004,SFFR,12.985,0.0,0.42000000000000004,SFFR,SFFR,17.813541666666666,2.780000000000001,89.72,92.5,SSP,DA_HH
2026-05-07 12:30:00,0.0,4.2,SFFR,17.813541666666666,0.0,0.42000000000000004,SFFR,12.985,0.0,0.42000000000000004,SFFR,SFFR,17.813541666666666,5.8700000000000045,86.63,92.5,SSP,DA_HH
2026-05-07 13:00:00,0.0,4.2,SFFR,17.813541666666666,0.0,0.42000000000000004,SFFR,12.985,0.0,0.42000000000000004,SFFR,SFFR,17.813541666666666,8.200000000000003,84.3,92.5,SSP,DA_HH
2026-05-07 13:30:00,0.0,4.2,SFFR,17.813541666666666,0.0,0.42000000000000004,SFFR,12.985,0.0,0.42000000000000004,SFFR,SFFR,17.813541666666666,2.559999999999988,89.51,92.07,ISEM,SSP
2026-05-07 14:00:00,0.0,4.2,SFFR,17.813541666666666,0.0,0.42000000000000004,SFFR,12.985,0.0,0.42000000000000004,SFFR,SFFR,17.813541666666666,19.39,90.61,110.0,ISEM,SSP
2026-05-07 14:30:00,0.0,4.2,SFFR,17.813541666666666,0.0,0.42000000000000004,SFFR,12.985,0.0,0.42000000000000004,SFFR,SFFR,17.813541666666666,20.900000000000006,89.1,110.0,DA_HH,SSP
2026-05-07 15:00:00,0.0,4.2,SFFR,17.813541666666666,0.0,0.42000000000000004,SFFR,26.040000000000003,0.0,0.42000000000000004,SFFR,SFFR,17.813541666666666,20.700000000000003,94.3,115.0,EPEX,SSP
2026-05-07 15:30:00,0.0,4.2,SFFR,17.813541666666666,0.0,0.42000000000000004,SFFR,26.040000000000003,0.0,0.42000000000000004,SFFR,SFFR,17.813541666666666,20.700000000000003,94.3,115.0,EPEX,SSP
2026-05-07 16:00:00,0.0,4.2,SFFR,17.813541666666666,0.0,0.42000000000000004,SFFR,26.040000000000003,0.0,0.42000000000000004,SFFR,SFFR,17.813541666666666,20.950000000000003,104.0,124.95,ISEM,SSP
2026-05-07 16:30:00,0.0,4.2,SFFR,17.813541666666666,0.0,0.42000000000000004,SFFR,26.040000000000003,0.0,0.42000000000000004,SFFR,SFFR,17.813541666666666,13.510000000000005,104.11,117.62,SSP,DA_HH
2026-05-07 17:00:00,0.0,4.2,SFFR,17.813541666666666,0.0,0.42000000000000004,SFFR,26.040000000000003,0.0,0.42000000000000004,SFFR,SFFR,17.813541666666666,8.579999999999998,111.02,119.6,DA_HH,EPEX
2026-05-07 17:30:00,0.0,4.2,SFFR,17.813541666666666,0.0,0.42000000000000004,SFFR,26.040000000000003,0.0,0.42000000000000004,SFFR,SFFR,17.813541666666666,35.120000000000005,118.87,153.99,DA_HH,SSP
2026-05-07 18:00:00,0.0,4.2,SFFR,17.813541666666666,0.0,0.42000000000000004,SFFR,26.040000000000003,0.0,0.42000000000000004,SFFR,SFFR,17.813541666666666,36.0,99.0,135.0,SSP,EPEX
2026-05-07 18:30:00,0.0,4.2,SFFR,17.813541666666666,0.0,0.42000000000000004,SFFR,26.040000000000003,0.0,0.42000000000000004,SFFR,SFFR,17.813541666666666,5.0,130.0,135.0,SSP,EPEX
2026-05-07 19:00:00,0.0,4.2,SFFR,17.813541666666666,0.0,0.42000000000000004,SFFR,32.445,0.0,0.42000000000000004,SFFR,SFFR,17.813541666666666,37.400000000000006,99.0,136.4,SSP,EPEX
2026-05-07 19:30:00,0.0,4.2,SFFR,17.813541666666666,0.0,0.42000000000000004,SFFR,32.445,0.0,0.42000000000000004,SFFR,SFFR,17.813541666666666,6.400000000000006,130.0,136.4,SSP,EPEX
2026-05-07 20:00:00,0.0,4.2,SFFR,17.813541666666666,0.0,0.42000000000000004,SFFR,32.445,0.0,0.42000000000000004,SFFR,SFFR,17.813541666666666,14.0,120.0,134.0,SSP,ISEM
2026-05-07 20:30:00,0.0,4.2,SFFR,17.813541666666666,0.0,0.42000000000000004,SFFR,32.445,0.0,0.42000000000000004,SFFR,SFFR,17.813541666666666,13.039999999999992,120.0,133.04,SSP,DA_HH
2026-05-07 21:00:00,0.0,4.2,SFFR,17.813541666666666,0.0,0.42000000000000004,SFFR,32.445,0.0,0.42000000000000004,SFFR,SFFR,17.813541666666666,8.959999999999994,122.92,131.88,EPEX,ISEM
2026-05-07 21:30:00,0.0,4.2,SFFR,17.813541666666666,0.0,0.42000000000000004,SFFR,32.445,0.0,0.42000000000000004,SFFR,SFFR,17.813541666666666,6.900000000000006,120.0,126.9,SSP,DA_HH
2026-05-07 22:00:00,0.0,4.2,SFFR,17.813541666666666,0.0,0.42000000000000004,SFFR,32.445,0.0,0.42000000000000004,SFFR,SFFR,17.813541666666666,23.03,110.0,133.03,EPEX,SSP
2026-05-07 22:30:00,0.0,4.2,SFFR,17.813541666666666,0.0,0.42000000000000004,SFFR,32.445,0.0,0.42000000000000004,SFFR,SFFR,17.813541666666666,13.730000000000004,110.0,123.73,EPEX,SSP
2026-05-07 23:00:00,0.0,4.2,SFFR,17.813541666666666,0.0,0.42000000000000004,SFFR,8.015,0.0,0.42000000000000004,SFFR,SFFR,17.813541666666666,17.5,103.73,121.23,EPEX,DA_HH
2026-05-07 23:30:00,0.0,4.2,SFFR,17.813541666666666,0.0,0.42000000000000004,SFFR,8.015,0.0,0.42000000000000004,SFFR,SFFR,17.813541666666666,16.269999999999996,103.73,120.0,EPEX,SSP
2026-05-08 00:00:00,0.0,4.2,SFFR,17.925833333333333,0.0,0.42000000000000004,SFFR,8.015,0.0,0.42000000000000004,SFFR,SFFR,17.925833333333333,22.099999999999994,97.9,120.0,EPEX,SSP
2026-05-08 00:30:00,0.0,4.2,SFFR,17.925833333333333,0.0,0.42000000000000004,SFFR,8.015,0.0,0.42000000000000004,SFFR,SFFR,17.925833333333333,22.099999999999994,97.9,120.0,EPEX,SSP
2026-05-08 01:00:00,0.0,4.2,SFFR,17.925833333333333,0.0,0.42000000000000004,SFFR,8.015,0.0,0.42000000000000004,SFFR,SFFR,17.925833333333333,24.200000000000003,95.8,120.0,EPEX,SSP
2026-05-08 01:30:00,0.0,4.2,SFFR,17.925833333333333,0.0,0.42000000000000004,SFFR,8.015,0.0,0.42000000000000004,SFFR,SFFR,17.925833333333333,39.2,95.8,135.0,EPEX,SSP
2026-05-08 02:00:00,0.0,4.2,SFFR,17.925833333333333,0.0,0.42000000000000004,SFFR,8.015,0.0,0.42000000000000004,SFFR,SFFR,17.925833333333333,44.67,95.33,140.0,EPEX,SSP
2026-05-08 02:30:00,0.0,4.2,SFFR,17.925833333333333,0.0,0.42000000000000004,SFFR,8.015,0.0,0.42000000000000004,SFFR,SFFR,17.925833333333333,44.67,95.33,140.0,EPEX,SSP
2026-05-08 03:00:00,0.0,4.2,SFFR,17.925833333333333,0.0,0.42000000000000004,SFFR,7.0,0.0,0.42000000000000004,SFFR,SFFR,17.925833333333333,24.299999999999997,95.7,120.0,EPEX,SSP
2026-05-08 03:30:00,0.0,4.2,SFFR,17.925833333333333,0.0,0.42000000000000004,SFFR,7.0,0.0,0.42000000000000004,SFFR,SFFR,17.925833333333333,24.299999999999997,95.7,120.0,EPEX,SSP
2026-05-08 04:00:00,0.0,4.2,SFFR,17.925833333333333,0.0,0.42000000000000004,SFFR,7.0,0.0,0.42000000000000004,SFFR,SFFR,17.925833333333333,9.239999999999995,98.9,108.14,EPEX,ISEM
2026-05-08 04:30:00,0.0,4.2,SFFR,17.925833333333333,0.0,0.42000000000000004,SFFR,7.0,0.0,0.42000000000000004,SFFR,SFFR,17.925833333333333,12.069999999999993,98.9,110.97,EPEX,ISEM
2026-05-08 05:00:00,0.0,4.2,SFFR,17.925833333333333,0.0,0.42000000000000004,SFFR,7.0,0.0,0.42000000000000004,SFFR,SFFR,17.925833333333333,8.849999999999994,111.15,120.0,DA_HH,SSP
2026-05-08 05:30:00,0.0,4.2,SFFR,17.925833333333333,0.0,0.42000000000000004,SFFR,7.0,0.0,0.42000000000000004,SFFR,SFFR,17.925833333333333,8.5,111.5,120.0,EPEX,SSP
2026-05-08 06:00:00,0.0,4.2,SFFR,17.925833333333333,0.0,0.42000000000000004,SFFR,7.0,0.0,0.42000000000000004,SFFR,SFFR,17.925833333333333,17.930000000000007,118.0,135.93,DA_HH,SSP
2026-05-08 06:30:00,0.0,4.2,SFFR,17.925833333333333,0.0,0.42000000000000004,SFFR,7.0,0.0,0.42000000000000004,SFFR,SFFR,17.925833333333333,9.480000000000004,119.05,128.53,EPEX,DA_HH
2026-05-08 07:00:00,0.0,4.2,SFFR,17.925833333333333,0.0,0.42000000000000004,SFFR,20.615,0.0,0.42000000000000004,SFFR,SFFR,17.925833333333333,20.67,118.33,139.0,DA_HH,SSP
2026-05-08 07:30:00,0.0,4.2,SFFR,17.925833333333333,0.0,0.42000000000000004,SFFR,20.615,0.0,0.42000000000000004,SFFR,SFFR,17.925833333333333,18.0,121.0,139.0,EPEX,SSP
2026-05-08 08:00:00,0.0,4.2,SFFR,17.925833333333333,0.0,0.42000000000000004,SFFR,20.615,0.0,0.42000000000000004,SFFR,SFFR,17.925833333333333,4.469999999999999,117.89,122.36,EPEX,ISEM
2026-05-08 08:30:00,0.0,4.2,SFFR,17.925833333333333,0.0,0.42000000000000004,SFFR,20.615,0.0,0.42000000000000004,SFFR,SFFR,17.925833333333333,5.8700000000000045,114.13,120.0,DA_HH,SSP
2026-05-08 09:00:00,0.0,4.2,SFFR,17.925833333333333,0.0,0.42000000000000004,SFFR,20.615,0.0,0.42000000000000004,SFFR,SFFR,17.925833333333333,37.84,68.99,106.83,SSP,EPEX
2026-05-08 09:30:00,0.0,4.2,SFFR,17.925833333333333,0.0,0.42000000000000004,SFFR,20.615,0.0,0.42000000000000004,SFFR,SFFR,17.925833333333333,21.53,93.47,115.0,DA_HH,SSP
2026-05-08 10:00:00,0.0,4.2,SFFR,17.925833333333333,0.0,0.42000000000000004,SFFR,20.615,0.0,0.42000000000000004,SFFR,SFFR,17.925833333333333,17.189999999999998,81.98,99.17,SSP,EPEX
2026-05-08 10:30:00,0.0,4.2,SFFR,17.925833333333333,0.0,0.42000000000000004,SFFR,20.615,0.0,0.42000000000000004,SFFR,SFFR,17.925833333333333,9.980000000000004,89.19,99.17,SSP,EPEX
2026-05-08 11:00:00,0.0,4.2,SFFR,17.925833333333333,0.0,0.42000000000000004,SFFR,14.0,0.0,0.42000000000000004,SFFR,SFFR,17.925833333333333,10.259999999999991,86.7,96.96,DA_HH,EPEX
2026-05-08 11:30:00,0.0,4.2,SFFR,17.925833333333333,0.0,0.42000000000000004,SFFR,14.0,0.0,0.42000000000000004,SFFR,SFFR,17.925833333333333,50.959999999999994,46.0,96.96,SSP,EPEX
2026-05-08 12:00:00,0.0,4.2,SFFR,17.925833333333333,0.0,0.42000000000000004,SFFR,14.0,0.0,0.42000000000000004,SFFR,SFFR,17.925833333333333,12.5,82.5,95.0,SSP,EPEX
2026-05-08 12:30:00,0.0,4.2,SFFR,17.925833333333333,0.0,0.42000000000000004,SFFR,14.0,0.0,0.42000000000000004,SFFR,SFFR,17.925833333333333,12.599999999999994,82.4,95.0,SSP,EPEX
2026-05-08 13:00:00,0.0,4.2,SFFR,17.925833333333333,0.0,0.42000000000000004,SFFR,14.0,0.0,0.42000000000000004,SFFR,SFFR,17.925833333333333,14.840000000000003,78.66,93.5,SSP,EPEX
2026-05-08 13:30:00,0.0,4.2,SFFR,17.925833333333333,0.0,0.42000000000000004,SFFR,14.0,0.0,0.42000000000000004,SFFR,SFFR,17.925833333333333,10.900000000000006,82.6,93.5,SSP,EPEX
2026-05-08 14:00:00,0.0,4.2,SFFR,17.925833333333333,0.0,0.42000000000000004,SFFR,14.0,0.0,0.42000000000000004,SFFR,SFFR,17.925833333333333,11.040000000000006,82.5,93.54,SSP,EPEX
2026-05-08 14:30:00,0.0,4.2,SFFR,17.925833333333333,0.0,0.42000000000000004,SFFR,14.0,0.0,0.42000000000000004,SFFR,SFFR,17.925833333333333,11.040000000000006,82.5,93.54,SSP,EPEX
2026-05-08 15:00:00,0.0,4.2,SFFR,17.925833333333333,0.0,0.42000000000000004,SFFR,25.795,0.0,0.42000000000000004,SFFR,SFFR,17.925833333333333,12.400000000000006,82.6,95.0,SSP,EPEX
2026-05-08 15:30:00,0.0,4.2,SFFR,17.925833333333333,0.0,0.42000000000000004,SFFR,25.795,0.0,0.42000000000000004,SFFR,SFFR,17.925833333333333,12.400000000000006,82.6,95.0,SSP,EPEX
2026-05-08 16:00:00,0.0,4.2,SFFR,17.925833333333333,0.0,0.42000000000000004,SFFR,25.795,0.0,0.42000000000000004,SFFR,SFFR,17.925833333333333,16.790000000000006,82.91,99.7,SSP,EPEX
2026-05-08 16:30:00,0.0,4.2,SFFR,17.925833333333333,0.0,0.42000000000000004,SFFR,25.795,0.0,0.42000000000000004,SFFR,SFFR,17.925833333333333,19.650000000000006,82.85,102.5,SSP,DA_HH
2026-05-08 17:00:00,0.0,4.2,SFFR,17.925833333333333,0.0,0.42000000000000004,SFFR,25.795,0.0,0.42000000000000004,SFFR,SFFR,17.925833333333333,29.61,82.6,112.21,SSP,EPEX
2026-05-08 17:30:00,0.0,4.2,SFFR,17.925833333333333,0.0,0.42000000000000004,SFFR,25.795,0.0,0.42000000000000004,SFFR,SFFR,17.925833333333333,28.810000000000002,89.0,117.81,SSP,ISEM
2026-05-08 18:00:00,0.0,4.2,SFFR,17.925833333333333,0.0,0.42000000000000004,SFFR,25.795,0.0,0.42000000000000004,SFFR,SFFR,17.925833333333333,44.66000000000001,86.64,131.3,SSP,EPEX
2026-05-08 18:30:00,0.0,4.2,SFFR,17.925833333333333,0.0,0.42000000000000004,SFFR,25.795,0.0,0.42000000000000004,SFFR,SFFR,17.925833333333333,42.30000000000001,89.0,131.3,SSP,EPEX
2026-05-08 19:00:00,0.0,4.2,SFFR,17.925833333333333,0.0,0.42000000000000004,SFFR,32.445,0.0,0.42000000000000004,SFFR,SFFR,17.925833333333333,7.3799999999999955,125.62,133.0,SSP,EPEX
2026-05-08 19:30:00,0.0,4.2,SFFR,17.925833333333333,0.0,0.42000000000000004,SFFR,32.445,0.0,0.42000000000000004,SFFR,SFFR,17.925833333333333,8.39,124.61,133.0,SSP,EPEX
2026-05-08 20:00:00,0.0,4.2,SFFR,17.925833333333333,0.0,0.42000000000000004,SFFR,32.445,0.0,0.42000000000000004,SFFR,SFFR,17.925833333333333,29.140000000000015,99.41,128.55,SSP,DA_HH
2026-05-08 20:30:00,0.0,4.2,SFFR,17.925833333333333,0.0,0.42000000000000004,SFFR,32.445,0.0,0.42000000000000004,SFFR,SFFR,17.925833333333333,8.269999999999996,122.76,131.03,ISEM,SSP
2026-05-08 21:00:00,0.0,4.2,SFFR,17.925833333333333,0.0,0.42000000000000004,SFFR,32.445,0.0,0.42000000000000004,SFFR,SFFR,17.925833333333333,25.0,120.0,145.0,EPEX,SSP
2026-05-08 21:30:00,0.0,4.2,SFFR,17.925833333333333,0.0,0.42000000000000004,SFFR,32.445,0.0,0.42000000000000004,SFFR,SFFR,17.925833333333333,21.0,114.0,135.0,DA_HH,SSP
2026-05-08 22:00:00,0.0,4.2,SFFR,17.925833333333333,0.0,0.42000000000000004,SFFR,32.445,0.0,0.42000000000000004,SFFR,SFFR,17.925833333333333,22.0,107.0,129.0,EPEX,SSP
2026-05-08 22:30:00,0.0,4.2,SFFR,17.925833333333333,0.0,0.42000000000000004,SFFR,32.445,0.0,0.42000000000000004,SFFR,SFFR,17.925833333333333,22.0,107.0,129.0,EPEX,SSP
2026-05-08 23:00:00,0.0,4.2,SFFR,17.925833333333333,0.0,0.42000000000000004,SFFR,6.755,0.0,0.42000000000000004,SFFR,SFFR,17.925833333333333,2.930000000000007,105.07,108.0,ISEM,DA_HH
2026-05-08 23:30:00,0.0,4.2,SFFR,17.925833333333333,0.0,0.42000000000000004,SFFR,6.755,0.0,0.42000000000000004,SFFR,SFFR,17.925833333333333,24.120000000000005,83.58,107.7,SSP,EPEX
2026-05-09 00:00:00,0.0,4.2,SFFR,16.457291666666666,0.0,0.42000000000000004,SFFR,6.755,0.0,0.42000000000000004,Multi-Market,Idle,0.0,7.269999999999996,99.37,106.64,ISEM,EPEX
2026-05-09 00:30:00,0.0,4.2,SFFR,16.457291666666666,0.0,0.42000000000000004,SFFR,6.755,0.0,0.42000000000000004,Multi-Market,Idle,0.0,10.219999999999999,96.42,106.64,SSP,EPEX
2026-05-09 01:00:00,0.0,4.2,SFFR,16.457291666666666,0.0,0.42000000000000004,SFFR,6.755,0.0,0.42000000000000004,Multi-Market,Idle,0.0,15.330000000000013,87.57,102.9,SSP,EPEX
2026-05-09 01:30:00,0.0,4.2,SFFR,16.457291666666666,0.0,0.42000000000000004,SFFR,6.755,0.0,0.42000000000000004,Multi-Market,Idle,0.0,9.900000000000006,93.0,102.9,ISEM,EPEX
2026-05-09 02:00:00,0.0,4.2,SFFR,16.457291666666666,0.0,0.42000000000000004,SFFR,6.755,0.0,0.42000000000000004,Multi-Market,Idle,0.0,6.680000000000007,96.96,103.64,ISEM,EPEX
2026-05-09 02:30:00,0.0,4.2,SFFR,16.457291666666666,0.0,0.42000000000000004,SFFR,6.755,0.0,0.42000000000000004,Multi-Market,Idle,0.0,19.14,92.0,111.14,ISEM,SSP
2026-05-09 03:00:00,0.0,4.2,SFFR,16.457291666666666,0.0,0.42000000000000004,SFFR,7.0,0.0,0.42000000000000004,Multi-Market,Idle,0.0,4.759999999999991,98.4,103.16,ISEM,SSP
2026-05-09 03:30:00,0.0,4.2,SFFR,16.457291666666666,0.0,0.42000000000000004,SFFR,7.0,0.0,0.42000000000000004,Multi-Market,Idle,0.0,4.680000000000007,97.22,101.9,ISEM,EPEX
2026-05-09 04:00:00,0.0,4.2,SFFR,16.457291666666666,0.0,0.42000000000000004,SFFR,7.0,0.0,0.42000000000000004,Multi-Market,Idle,0.0,7.539999999999992,100.43,107.97,ISEM,SSP
2026-05-09 04:30:00,0.0,4.2,SFFR,16.457291666666666,0.0,0.42000000000000004,SFFR,7.0,0.0,0.42000000000000004,Multi-Market,Idle,0.0,4.310000000000002,99.41,103.72,ISEM,SSP
2026-05-09 05:00:00,0.0,4.2,SFFR,16.457291666666666,0.0,0.42000000000000004,SFFR,7.0,0.0,0.42000000000000004,Multi-Market,Idle,0.0,7.320000000000007,96.32,103.64,ISEM,EPEX
2026-05-09 05:30:00,0.0,4.2,SFFR,16.457291666666666,0.0,0.42000000000000004,SFFR,7.0,0.0,0.42000000000000004,Multi-Market,Idle,0.0,13.200000000000003,90.44,103.64,SSP,EPEX
2026-05-09 06:00:00,0.0,4.2,SFFR,16.457291666666666,0.0,0.42000000000000004,SFFR,7.0,0.0,0.42000000000000004,Multi-Market,Idle,0.0,13.719999999999999,86.29,100.01,SSP,EPEX
2026-05-09 06:30:00,0.0,4.2,SFFR,16.457291666666666,0.0,0.42000000000000004,SFFR,7.0,0.0,0.42000000000000004,Multi-Market,Idle,0.0,21.290000000000006,80.21,101.5,SSP,DA_HH
2026-05-09 07:00:00,0.0,4.2,SFFR,16.457291666666666,0.0,0.42000000000000004,SFFR,20.3,-2.1,2.3787496011486513,Multi-Market,Buy-SSP,-133.476,40.69,63.56,104.25,SSP,EPEX
2026-05-09 07:30:00,0.0,4.2,SFFR,16.457291666666666,0.0,0.42000000000000004,SFFR,20.3,0.0,2.3787496011486513,Multi-Market,Idle,0.0,23.25,96.7,119.95,ISEM,SSP
2026-05-09 08:00:00,0.0,4.2,SFFR,16.457291666666666,0.0,0.42000000000000004,SFFR,20.3,0.0,2.3787496011486513,Multi-Market,Idle,0.0,25.400000000000006,94.55,119.95,DA_HH,SSP
2026-05-09 08:30:00,0.0,4.2,SFFR,16.457291666666666,0.0,0.42000000000000004,SFFR,20.3,1.8270000000000002,0.42000000000000004,Multi-Market,Sell-SSP,228.19230000000005,28.070000000000007,96.83,124.9,DA_HH,SSP
2026-05-09 09:00:00,0.0,4.2,SFFR,16.457291666666666,0.0,0.42000000000000004,SFFR,20.3,-0.0,0.42000000000000004,Multi-Market,Idle,-0.0,32.39,92.06,124.45,ISEM,SSP
2026-05-09 09:30:00,0.0,4.2,SFFR,16.457291666666666,0.0,0.42000000000000004,SFFR,20.3,0.0,0.42000000000000004,Multi-Market,Idle,0.0,37.129999999999995,64.7,101.83,SSP,EPEX
2026-05-09 10:00:00,0.0,4.2,SFFR,16.457291666666666,0.0,0.42000000000000004,SFFR,20.3,0.0,0.42000000000000004,Multi-Market,Idle,0.0,14.710000000000008,77.3,92.01,SSP,EPEX
2026-05-09 10:30:00,0.0,4.2,SFFR,16.457291666666666,0.0,0.42000000000000004,SFFR,20.3,0.0,0.42000000000000004,Multi-Market,Idle,0.0,14.64,77.37,92.01,SSP,EPEX
2026-05-09 11:00:00,0.0,4.2,SFFR,16.457291666666666,0.0,0.42000000000000004,SFFR,9.905000000000001,0.0,0.42000000000000004,Multi-Market,Idle,0.0,20.099999999999994,65.12,85.22,SSP,EPEX
2026-05-09 11:30:00,0.0,4.2,SFFR,16.457291666666666,0.0,0.42000000000000004,SFFR,9.905000000000001,0.0,0.42000000000000004,Multi-Market,Idle,0.0,20.22,65.0,85.22,SSP,EPEX
2026-05-09 12:00:00,0.0,4.2,SFFR,16.457291666666666,0.0,0.42000000000000004,SFFR,9.905000000000001,0.0,0.42000000000000004,Multi-Market,Idle,0.0,24.67,58.33,83.0,SSP,EPEX
2026-05-09 12:30:00,0.0,4.2,SFFR,16.457291666666666,0.0,0.42000000000000004,SFFR,9.905000000000001,0.0,0.42000000000000004,Multi-Market,Idle,0.0,29.43,53.57,83.0,SSP,EPEX
2026-05-09 13:00:00,0.0,4.2,SFFR,16.457291666666666,0.0,0.42000000000000004,SFFR,9.905000000000001,0.0,0.42000000000000004,Multi-Market,Idle,0.0,13.180000000000007,67.82,81.0,SSP,EPEX
2026-05-09 13:30:00,0.0,4.2,SFFR,16.457291666666666,0.0,0.42000000000000004,SFFR,9.905000000000001,-1.8051707633737293,2.1037511965540467,Multi-Market,Buy-SSP,-84.62640538696043,34.12,46.88,81.0,SSP,EPEX
2026-05-09 14:00:00,0.0,4.2,SFFR,16.457291666666666,0.0,0.42000000000000004,SFFR,9.905000000000001,-2.1,4.062500797702698,Multi-Market,Buy-SSP,-50.673,57.07000000000001,24.13,81.2,SSP,EPEX
2026-05-09 14:30:00,0.0,4.2,SFFR,16.457291666666666,0.0,0.42000000000000004,SFFR,9.905000000000001,-2.1,6.021250398851349,Multi-Market,Buy-SSP,29.19,95.10000000000001,-13.9,81.2,SSP,EPEX
2026-05-09 15:00:00,0.0,4.2,SFFR,16.457291666666666,0.0,0.42000000000000004,SFFR,25.2,-2.1,7.9799999999999995,Multi-Market,Buy-SSP,-44.1,60.0,21.0,81.0,SSP,EPEX
2026-05-09 15:30:00,0.0,4.2,SFFR,16.457291666666666,0.0,0.42000000000000004,SFFR,25.2,0.0,7.9799999999999995,Multi-Market,Idle,0.0,30.97,50.03,81.0,SSP,EPEX
2026-05-09 16:00:00,0.0,4.2,SFFR,16.457291666666666,0.0,0.42000000000000004,SFFR,25.2,0.0,7.9799999999999995,Multi-Market,Idle,0.0,15.819999999999993,78.68,94.5,SSP,EPEX
2026-05-09 16:30:00,0.0,4.2,SFFR,16.457291666666666,0.0,0.42000000000000004,SFFR,25.2,0.0,7.9799999999999995,Multi-Market,Idle,0.0,7.560000000000002,86.94,94.5,SSP,EPEX
2026-05-09 17:00:00,0.0,4.2,SFFR,16.457291666666666,0.0,0.42000000000000004,SFFR,25.2,0.0,7.9799999999999995,Multi-Market,Idle,0.0,29.0,101.0,130.0,ISEM,SSP
2026-05-09 17:30:00,0.0,4.2,SFFR,16.457291666666666,0.0,0.42000000000000004,SFFR,25.2,0.0,7.9799999999999995,Multi-Market,Idle,0.0,12.239999999999995,96.76,109.0,SSP,EPEX
2026-05-09 18:00:00,0.0,4.2,SFFR,16.457291666666666,0.0,0.42000000000000004,SFFR,25.2,0.0,7.9799999999999995,Multi-Market,Idle,0.0,19.5,110.5,130.0,ISEM,SSP
2026-05-09 18:30:00,0.0,4.2,SFFR,16.457291666666666,0.0,0.42000000000000004,SFFR,25.2,-0.0,7.9799999999999995,Multi-Market,Idle,-0.0,15.63000000000001,115.3,130.93,EPEX,SSP
2026-05-09 19:00:00,0.0,4.2,SFFR,16.457291666666666,0.0,0.42000000000000004,SFFR,29.47,-0.0,7.9799999999999995,Multi-Market,Idle,-0.0,25.239999999999995,114.76,140.0,ISEM,SSP
2026-05-09 19:30:00,0.0,4.2,SFFR,16.457291666666666,0.0,0.42000000000000004,SFFR,29.47,-0.0,7.9799999999999995,Multi-Market,Idle,-0.0,41.68000000000001,116.22,157.9,DA_HH,SSP
2026-05-09 20:00:00,0.0,4.2,SFFR,16.457291666666666,0.0,0.42000000000000004,SFFR,29.47,-0.0,7.9799999999999995,Multi-Market,Idle,-0.0,42.5,115.4,157.9,EPEX,SSP
2026-05-09 20:30:00,0.0,4.2,SFFR,16.457291666666666,0.0,0.42000000000000004,SFFR,29.47,3.75,3.959577994358269,Multi-Market,Sell-SSP,652.5,58.599999999999994,115.4,174.0,EPEX,SSP
2026-05-09 21:00:00,0.0,4.2,SFFR,16.457291666666666,0.0,0.42000000000000004,SFFR,29.47,1.65,1.8979055898651893,Multi-Market,Buy-EPEX,420.198,63.379999999999995,110.62,174.0,EPEX,SSP
2026-05-09 21:30:00,0.0,4.2,SFFR,16.457291666666666,0.0,0.42000000000000004,SFFR,29.47,1.368412142684073,0.42000000000000004,Multi-Market,Buy-EPEX,236.31179122371225,58.74000000000001,110.62,169.36,EPEX,SSP
2026-05-09 22:00:00,0.0,4.2,SFFR,16.457291666666666,0.0,0.42000000000000004,SFFR,29.47,0.0,0.42000000000000004,Multi-Market,Idle,0.0,32.3,103.48,135.78,EPEX,SSP
2026-05-09 22:30:00,0.0,4.2,SFFR,16.457291666666666,0.0,0.42000000000000004,SFFR,29.47,-2.1,2.3787496011486513,Multi-Market,Buy-SSP,-179.382,22.33,85.42,107.75,SSP,DA_HH
2026-05-09 23:00:00,0.0,4.2,SFFR,16.457291666666666,0.0,0.42000000000000004,SFFR,7.21,1.8270000000000002,0.42000000000000004,Multi-Market,Sell-SSP,263.088,40.14,103.86,144.0,ISEM,SSP
2026-05-09 23:30:00,0.0,4.2,SFFR,16.457291666666666,0.0,0.42000000000000004,SFFR,7.21,-0.0,0.42000000000000004,Multi-Market,Idle,-0.0,21.42,86.58,108.0,SSP,DA_HH
2026-05-10 00:00:00,0.0,4.2,SFFR,17.9025,0.0,0.42000000000000004,SFFR,7.21,0.0,0.41999999999999993,Multi-Market,Idle,0.0,24.64,83.5,108.14,SSP,DA_HH
2026-05-10 00:30:00,0.0,4.2,SFFR,17.9025,0.0,0.42000000000000004,SFFR,7.21,0.0,0.41999999999999993,Multi-Market,Idle,0.0,20.069999999999993,84.18,104.25,SSP,DA_HH
2026-05-10 01:00:00,0.0,4.2,SFFR,17.9025,0.0,0.42000000000000004,SFFR,7.21,0.0,0.41999999999999993,Multi-Market,Idle,0.0,14.480000000000004,99.19,113.67,EPEX,SSP
2026-05-10 01:30:00,0.0,4.2,SFFR,17.9025,0.0,0.42000000000000004,SFFR,7.21,0.0,0.41999999999999993,Multi-Market,Idle,0.0,4.840000000000003,98.16,103.0,SSP,DA_HH
2026-05-10 02:00:00,0.0,4.2,SFFR,17.9025,0.0,0.42000000000000004,SFFR,7.21,0.0,0.41999999999999993,Multi-Market,Idle,0.0,17.939999999999998,82.4,100.34,SSP,DA_HH
2026-05-10 02:30:00,0.0,4.2,SFFR,17.9025,0.0,0.42000000000000004,SFFR,7.21,-0.0,0.42000000000000004,Multi-Market,Idle,-0.0,20.17,96.8,116.97,DA_HH,SSP
2026-05-10 03:00:00,0.0,4.2,SFFR,17.9025,0.0,0.42000000000000004,SFFR,7.0,0.0,0.41999999999999993,Multi-Market,Idle,0.0,17.599999999999994,82.4,100.0,SSP,ISEM
2026-05-10 03:30:00,0.0,4.2,SFFR,17.9025,0.0,0.42000000000000004,SFFR,7.0,0.0,0.41999999999999993,Multi-Market,Idle,0.0,13.799999999999997,86.2,100.0,SSP,ISEM
2026-05-10 04:00:00,0.0,4.2,SFFR,17.9025,0.0,0.42000000000000004,SFFR,7.0,0.0,0.41999999999999993,Multi-Market,Idle,0.0,14.819999999999993,86.81,101.63,SSP,DA_HH
2026-05-10 04:30:00,0.0,4.2,SFFR,17.9025,0.0,0.42000000000000004,SFFR,7.0,0.0,0.41999999999999993,Multi-Market,Idle,0.0,34.02999999999999,66.79,100.82,SSP,ISEM
2026-05-10 05:00:00,0.0,4.2,SFFR,17.9025,0.0,0.42000000000000004,SFFR,7.0,0.0,0.41999999999999993,Multi-Market,Idle,0.0,40.74,60.77,101.51,SSP,ISEM
2026-05-10 05:30:00,0.0,4.2,SFFR,17.9025,0.0,0.42000000000000004,SFFR,7.0,0.0,0.41999999999999993,Multi-Market,Idle,0.0,44.8,54.39,99.19,SSP,DA_HH
2026-05-10 06:00:00,0.0,4.2,SFFR,17.9025,0.0,0.42000000000000004,SFFR,7.0,0.0,0.41999999999999993,Multi-Market,Idle,0.0,44.129999999999995,50.0,94.13,SSP,DA_HH
2026-05-10 06:30:00,0.0,4.2,SFFR,17.9025,0.0,0.42000000000000004,SFFR,7.0,0.0,0.41999999999999993,Multi-Market,Idle,0.0,59.449999999999996,41.82,101.27,SSP,DA_HH
2026-05-10 07:00:00,0.0,4.2,SFFR,17.9025,0.0,0.42000000000000004,SFFR,21.49,-2.1,2.378749601148651,Multi-Market,Buy-SSP,-50.400000000000006,55.3,24.0,79.3,SSP,ISEM
2026-05-10 07:30:00,0.0,4.2,SFFR,17.9025,0.0,0.42000000000000004,SFFR,21.49,0.0,2.378749601148651,Multi-Market,Idle,0.0,47.94,30.76,78.7,SSP,ISEM
2026-05-10 08:00:00,0.0,4.2,SFFR,17.9025,0.0,0.42000000000000004,SFFR,21.49,-2.1,4.337499202297302,Multi-Market,Buy-SSP,-41.811,56.33,19.91,76.24,SSP,ISEM
2026-05-10 08:30:00,0.0,4.2,SFFR,17.9025,0.0,0.42000000000000004,SFFR,21.49,0.0,4.337499202297302,Multi-Market,Idle,0.0,36.13,42.07,78.2,SSP,ISEM
2026-05-10 09:00:00,0.0,4.2,SFFR,17.9025,0.0,0.42000000000000004,SFFR,21.49,3.6539999999999995,0.42000000000000004,Multi-Market,Sell-SSP,409.24799999999993,37.0,75.0,112.0,DA_HH,SSP
2026-05-10 09:30:00,0.0,4.2,SFFR,17.9025,0.0,0.42000000000000004,SFFR,21.49,0.0,0.42000000000000004,Multi-Market,Idle,0.0,70.58,6.0,76.58,SSP,EPEX
2026-05-10 10:00:00,0.0,4.2,SFFR,17.9025,0.0,0.42000000000000004,SFFR,21.49,0.0,0.42000000000000004,Multi-Market,Idle,0.0,68.07,6.0,74.07,SSP,EPEX
2026-05-10 10:30:00,0.0,4.2,SFFR,17.9025,0.0,0.42000000000000004,SFFR,21.49,0.0,0.42000000000000004,Multi-Market,Idle,0.0,74.07,0.0,74.07,SSP,EPEX
2026-05-10 11:00:00,0.0,4.2,SFFR,17.9025,0.0,0.42000000000000004,SFFR,14.0,0.0,0.42000000000000004,Multi-Market,Idle,0.0,66.98,3.02,70.0,SSP,DA_HH
2026-05-10 11:30:00,0.0,4.2,SFFR,17.9025,0.0,0.42000000000000004,SFFR,14.0,0.0,0.42000000000000004,Multi-Market,Idle,0.0,47.620000000000005,21.66,69.28,SSP,ISEM
2026-05-10 12:00:00,0.0,4.2,SFFR,17.9025,0.0,0.42000000000000004,SFFR,14.0,0.0,0.42000000000000004,Multi-Market,Idle,0.0,70.62,3.03,73.65,SSP,ISEM
2026-05-10 12:30:00,0.0,4.2,SFFR,17.9025,0.0,0.42000000000000004,SFFR,14.0,0.0,0.42000000000000004,Multi-Market,Idle,0.0,44.589999999999996,25.96,70.55,SSP,DA_HH
2026-05-10 13:00:00,0.0,4.2,SFFR,17.9025,0.0,0.42000000000000004,SFFR,14.0,0.0,0.42000000000000004,Multi-Market,Idle,0.0,47.57,20.9,68.47,SSP,ISEM
2026-05-10 13:30:00,0.0,4.2,SFFR,17.9025,0.0,0.42000000000000004,SFFR,14.0,0.0,0.42000000000000004,Multi-Market,Idle,0.0,61.64,3.09,64.73,SSP,ISEM
2026-05-10 14:00:00,0.0,4.2,SFFR,17.9025,0.0,0.42000000000000004,SFFR,14.0,0.0,0.42000000000000004,Multi-Market,Idle,0.0,66.8,-1.0,65.8,SSP,DA_HH
2026-05-10 14:30:00,0.0,4.2,SFFR,17.9025,0.0,0.42000000000000004,SFFR,14.0,-1.8827586206896578,2.1761203320643103,Multi-Market,Buy-SSP,1.8827586206896578,65.0,-1.0,64.0,SSP,DA_HH
2026-05-10 15:00:00,0.0,4.2,SFFR,17.9025,0.0,0.42000000000000004,SFFR,25.2,-2.1,4.134869933212961,Multi-Market,Buy-SSP,2.1,71.22,-1.0,70.22,SSP,DA_HH
2026-05-10 15:30:00,0.0,4.2,SFFR,17.9025,0.0,0.42000000000000004,SFFR,25.2,-2.1,6.093619534361613,Multi-Market,Buy-SSP,14.700000000000001,76.28,-7.0,69.28,SSP,DA_HH
2026-05-10 16:00:00,0.0,4.2,SFFR,17.9025,0.0,0.42000000000000004,SFFR,25.2,-2.0324985641351416,7.9799999999999995,Multi-Market,Buy-SSP,36.90078988354734,95.01,-15.0,80.01,SSP,EPEX
2026-05-10 16:30:00,0.0,4.2,SFFR,17.9025,0.0,0.42000000000000004,SFFR,25.2,-0.27300000000000035,7.9799999999999995,Multi-Market,Buy-SSP,176.26349999999996,94.4,-13.9,80.5,SSP,DA_HH
2026-05-10 17:00:00,0.0,4.2,SFFR,17.9025,0.0,0.42000000000000004,SFFR,25.2,-0.0,7.9799999999999995,Multi-Market,Idle,-0.0,14.769999999999996,96.68,111.45,ISEM,SSP
2026-05-10 17:30:00,0.0,4.2,SFFR,17.9025,0.0,0.42000000000000004,SFFR,25.2,-0.0,7.9799999999999995,Multi-Market,Idle,-0.0,14.459999999999994,100.54,115.0,EPEX,SSP
2026-05-10 18:00:00,0.0,4.2,SFFR,17.9025,0.0,0.42000000000000004,SFFR,25.2,-0.0,7.9799999999999995,Multi-Market,Idle,-0.0,12.069999999999993,106.93,119.0,ISEM,SSP
2026-05-10 18:30:00,0.0,4.2,SFFR,17.9025,0.0,0.42000000000000004,SFFR,25.2,-0.0,7.9799999999999995,Multi-Market,Idle,-0.0,11.039999999999992,109.95,120.99,DA_HH,SSP
2026-05-10 19:00:00,0.0,4.2,SFFR,17.9025,0.0,0.42000000000000004,SFFR,32.305,0.0,7.9799999999999995,Multi-Market,Idle,0.0,6.079999999999998,111.9,117.98,EPEX,SSP
2026-05-10 19:30:00,0.0,4.2,SFFR,17.9025,0.0,0.42000000000000004,SFFR,32.305,3.3014985641351435,4.4404220056417305,Multi-Market,Sell-SSP,409.3858219527578,12.099999999999994,111.9,124.0,EPEX,SSP
2026-05-10 20:00:00,0.0,4.2,SFFR,17.9025,0.0,0.42000000000000004,SFFR,32.305,0.0,4.4404220056417305,Multi-Market,Idle,0.0,5.099999999999994,113.9,119.0,DA_HH,SSP
2026-05-10 20:30:00,0.0,4.2,SFFR,17.9025,0.0,0.42000000000000004,SFFR,32.305,0.0,4.4404220056417305,Multi-Market,Idle,0.0,4.400000000000006,113.6,118.0,SSP,ISEM
2026-05-10 21:00:00,0.0,4.2,SFFR,17.9025,0.0,0.42000000000000004,SFFR,32.305,3.75,0.42000000000000004,Multi-Market,Sell-SSP,479.775,15.039999999999992,112.9,127.94,EPEX,SSP
2026-05-10 21:30:00,0.0,4.2,SFFR,17.9025,0.0,0.42000000000000004,SFFR,32.305,0.0,0.42000000000000004,Multi-Market,Idle,0.0,70.13,44.87,115.0,SSP,ISEM
2026-05-10 22:00:00,0.0,4.2,SFFR,17.9025,0.0,0.42000000000000004,SFFR,32.305,-0.0,0.42000000000000004,Multi-Market,Idle,-0.0,16.940000000000012,104.1,121.04,EPEX,SSP
2026-05-10 22:30:00,0.0,4.2,SFFR,17.9025,0.0,0.42000000000000004,SFFR,32.305,0.0,0.41999999999999993,Multi-Market,Idle,0.0,28.059999999999988,80.04,108.1,SSP,ISEM
2026-05-10 23:00:00,0.0,4.2,SFFR,17.9025,0.0,0.42000000000000004,SFFR,8.049999999999999,-0.0,0.42000000000000004,Multi-Market,Idle,-0.0,12.25,97.7,109.95,ISEM,SSP
2026-05-10 23:30:00,0.0,4.2,SFFR,17.9025,0.0,0.42000000000000004,SFFR,8.049999999999999,-0.0,0.42000000000000004,Multi-Market,Idle,-0.0,17.38000000000001,81.82,99.2,SSP,EPEX
2026-05-11 00:00:00,0.0,4.2,SFFR,20.232916666666664,0.0,0.42000000000000004,SFFR,8.049999999999999,0.0,0.42000000000000004,SFFR,SFFR,20.232916666666664,7.3799999999999955,89.65,97.03,ISEM,SSP
2026-05-11 00:30:00,0.0,4.2,SFFR,20.232916666666664,0.0,0.42000000000000004,SFFR,8.049999999999999,0.0,0.42000000000000004,SFFR,SFFR,20.232916666666664,19.200000000000003,77.2,96.4,SSP,EPEX
2026-05-11 01:00:00,0.0,4.2,SFFR,20.232916666666664,0.0,0.42000000000000004,SFFR,8.049999999999999,0.0,0.42000000000000004,SFFR,SFFR,20.232916666666664,7.3700000000000045,87.63,95.0,DA_HH,EPEX
2026-05-11 01:30:00,0.0,4.2,SFFR,20.232916666666664,0.0,0.42000000000000004,SFFR,8.049999999999999,0.0,0.42000000000000004,SFFR,SFFR,20.232916666666664,27.91000000000001,86.99,114.9,DA_HH,SSP
2026-05-11 02:00:00,0.0,4.2,SFFR,20.232916666666664,0.0,0.42000000000000004,SFFR,8.049999999999999,0.0,0.42000000000000004,SFFR,SFFR,20.232916666666664,10.719999999999999,81.78,92.5,SSP,EPEX
2026-05-11 02:30:00,0.0,4.2,SFFR,20.232916666666664,0.0,0.42000000000000004,SFFR,8.049999999999999,0.0,0.42000000000000004,SFFR,SFFR,20.232916666666664,15.299999999999997,77.2,92.5,SSP,EPEX
2026-05-11 03:00:00,0.0,4.2,SFFR,20.232916666666664,0.0,0.42000000000000004,SFFR,4.8999999999999995,0.0,0.42000000000000004,SFFR,SFFR,20.232916666666664,13.799999999999997,77.2,91.0,SSP,EPEX
2026-05-11 03:30:00,0.0,4.2,SFFR,20.232916666666664,0.0,0.42000000000000004,SFFR,4.8999999999999995,0.0,0.42000000000000004,SFFR,SFFR,20.232916666666664,9.219999999999999,81.78,91.0,SSP,EPEX
2026-05-11 04:00:00,0.0,4.2,SFFR,20.232916666666664,0.0,0.42000000000000004,SFFR,4.8999999999999995,0.0,0.42000000000000004,SFFR,SFFR,20.232916666666664,24.269999999999996,90.68,114.95,ISEM,SSP
2026-05-11 04:30:00,0.0,4.2,SFFR,20.232916666666664,0.0,0.42000000000000004,SFFR,4.8999999999999995,0.0,0.42000000000000004,SFFR,SFFR,20.232916666666664,14.799999999999997,77.2,92.0,SSP,DA_HH
2026-05-11 05:00:00,0.0,4.2,SFFR,20.232916666666664,0.0,0.42000000000000004,SFFR,4.8999999999999995,0.0,0.42000000000000004,SFFR,SFFR,20.232916666666664,22.760000000000005,77.14,99.9,SSP,EPEX
2026-05-11 05:30:00,0.0,4.2,SFFR,20.232916666666664,0.0,0.42000000000000004,SFFR,4.8999999999999995,0.0,0.42000000000000004,SFFR,SFFR,20.232916666666664,22.77000000000001,77.13,99.9,SSP,EPEX
2026-05-11 06:00:00,0.0,4.2,SFFR,20.232916666666664,0.0,0.42000000000000004,SFFR,4.8999999999999995,0.0,0.42000000000000004,SFFR,SFFR,20.232916666666664,26.5,82.0,108.5,SSP,EPEX
2026-05-11 06:30:00,0.0,4.2,SFFR,20.232916666666664,0.0,0.42000000000000004,SFFR,4.8999999999999995,0.0,0.42000000000000004,SFFR,SFFR,20.232916666666664,21.099999999999994,108.5,129.6,EPEX,SSP
2026-05-11 07:00:00,0.0,4.2,SFFR,20.232916666666664,0.0,0.42000000000000004,SFFR,30.87,0.0,0.42000000000000004,SFFR,SFFR,20.232916666666664,15.010000000000005,114.99,130.0,EPEX,SSP
2026-05-11 07:30:00,0.0,4.2,SFFR,20.232916666666664,0.0,0.42000000000000004,SFFR,30.87,0.0,0.42000000000000004,SFFR,SFFR,20.232916666666664,26.010000000000005,114.99,141.0,EPEX,SSP
2026-05-11 08:00:00,0.0,4.2,SFFR,20.232916666666664,0.0,0.42000000000000004,SFFR,30.87,0.0,0.42000000000000004,SFFR,SFFR,20.232916666666664,18.790000000000006,108.71,127.5,EPEX,SSP
2026-05-11 08:30:00,0.0,4.2,SFFR,20.232916666666664,0.0,0.42000000000000004,SFFR,30.87,0.0,0.42000000000000004,SFFR,SFFR,20.232916666666664,16.290000000000006,108.71,125.0,EPEX,SSP
2026-05-11 09:00:00,0.0,4.2,SFFR,20.232916666666664,0.0,0.42000000000000004,SFFR,30.87,0.0,0.42000000000000004,SFFR,SFFR,20.232916666666664,31.959999999999994,87.43,119.39,SSP,ISEM
2026-05-11 09:30:00,0.0,4.2,SFFR,20.232916666666664,0.0,0.42000000000000004,SFFR,30.87,0.0,0.42000000000000004,SFFR,SFFR,20.232916666666664,14.0,102.0,116.0,EPEX,ISEM
2026-05-11 10:00:00,0.0,4.2,SFFR,20.232916666666664,0.0,0.42000000000000004,SFFR,30.87,0.0,0.42000000000000004,SFFR,SFFR,20.232916666666664,14.460000000000008,98.44,112.9,EPEX,SSP
2026-05-11 10:30:00,0.0,4.2,SFFR,20.232916666666664,0.0,0.42000000000000004,SFFR,30.87,0.0,0.42000000000000004,SFFR,SFFR,20.232916666666664,46.56,98.44,145.0,EPEX,SSP
2026-05-11 11:00:00,0.0,4.2,SFFR,20.232916666666664,0.0,0.42000000000000004,SFFR,14.525000000000002,0.0,0.42000000000000004,SFFR,SFFR,20.232916666666664,42.2,96.8,139.0,EPEX,SSP
2026-05-11 11:30:00,0.0,4.2,SFFR,20.232916666666664,0.0,0.42000000000000004,SFFR,14.525000000000002,0.0,0.42000000000000004,SFFR,SFFR,20.232916666666664,44.2,96.8,141.0,EPEX,SSP
2026-05-11 12:00:00,0.0,4.2,SFFR,20.232916666666664,0.0,0.42000000000000004,SFFR,14.525000000000002,0.0,0.42000000000000004,SFFR,SFFR,20.232916666666664,55.22,94.0,149.22,DA_HH,SSP
2026-05-11 12:30:00,0.0,4.2,SFFR,20.232916666666664,0.0,0.42000000000000004,SFFR,14.525000000000002,0.0,0.42000000000000004,SFFR,SFFR,20.232916666666664,55.16,93.34,148.5,DA_HH,SSP
2026-05-11 13:00:00,0.0,4.2,SFFR,20.232916666666664,0.0,0.42000000000000004,SFFR,14.525000000000002,0.0,0.42000000000000004,SFFR,SFFR,20.232916666666664,43.55,90.96,134.51,EPEX,SSP
2026-05-11 13:30:00,0.0,4.2,SFFR,20.232916666666664,0.0,0.42000000000000004,SFFR,14.525000000000002,0.0,0.42000000000000004,SFFR,SFFR,20.232916666666664,35.91000000000001,90.77,126.68,ISEM,SSP
2026-05-11 14:00:00,0.0,4.2,SFFR,20.232916666666664,0.0,0.42000000000000004,SFFR,14.525000000000002,0.0,0.42000000000000004,SFFR,SFFR,20.232916666666664,45.120000000000005,87.88,133.0,EPEX,SSP
2026-05-11 14:30:00,0.0,4.2,SFFR,20.232916666666664,0.0,0.42000000000000004,SFFR,14.525000000000002,0.0,0.42000000000000004,SFFR,SFFR,20.232916666666664,47.53999999999999,87.31,134.85,ISEM,SSP
2026-05-11 15:00:00,0.0,4.2,SFFR,20.232916666666664,0.0,0.42000000000000004,SFFR,28.0,0.0,0.42000000000000004,SFFR,SFFR,20.232916666666664,32.150000000000006,87.8,119.95,EPEX,SSP
2026-05-11 15:30:00,0.0,4.2,SFFR,20.232916666666664,0.0,0.42000000000000004,SFFR,28.0,0.0,0.42000000000000004,SFFR,SFFR,20.232916666666664,32.150000000000006,87.8,119.95,EPEX,SSP
2026-05-11 16:00:00,0.0,4.2,SFFR,20.232916666666664,0.0,0.42000000000000004,SFFR,28.0,0.0,0.42000000000000004,SFFR,SFFR,20.232916666666664,5.060000000000002,90.14,95.2,SSP,EPEX
2026-05-11 16:30:00,0.0,4.2,SFFR,20.232916666666664,0.0,0.42000000000000004,SFFR,28.0,0.0,0.42000000000000004,SFFR,SFFR,20.232916666666664,17.659999999999997,82.5,100.16,SSP,DA_HH
2026-05-11 17:00:00,0.0,4.2,SFFR,20.232916666666664,0.0,0.42000000000000004,SFFR,28.0,0.0,0.42000000000000004,SFFR,SFFR,20.232916666666664,25.78,82.05,107.83,SSP,EPEX
2026-05-11 17:30:00,0.0,4.2,SFFR,20.232916666666664,0.0,0.42000000000000004,SFFR,28.0,0.0,0.42000000000000004,SFFR,SFFR,20.232916666666664,29.709999999999994,82.75,112.46,SSP,DA_HH
2026-05-11 18:00:00,0.0,4.2,SFFR,20.232916666666664,0.0,0.42000000000000004,SFFR,28.0,0.0,0.42000000000000004,SFFR,SFFR,20.232916666666664,33.31999999999999,82.75,116.07,SSP,EPEX
2026-05-11 18:30:00,0.0,4.2,SFFR,20.232916666666664,0.0,0.42000000000000004,SFFR,28.0,0.0,0.42000000000000004,SFFR,SFFR,20.232916666666664,35.790000000000006,82.75,118.54,SSP,DA_HH
2026-05-11 19:00:00,0.0,4.2,SFFR,20.232916666666664,0.0,0.42000000000000004,SFFR,35.315,0.0,0.42000000000000004,SFFR,SFFR,20.232916666666664,2.3900000000000006,117.98,120.37,ISEM,EPEX
2026-05-11 19:30:00,0.0,4.2,SFFR,20.232916666666664,0.0,0.42000000000000004,SFFR,35.315,0.0,0.42000000000000004,SFFR,SFFR,20.232916666666664,1.0,120.0,121.0,SSP,DA_HH
2026-05-11 20:00:00,0.0,4.2,SFFR,20.232916666666664,0.0,0.42000000000000004,SFFR,35.315,0.0,0.42000000000000004,SFFR,SFFR,20.232916666666664,9.64,115.36,125.0,DA_HH,SSP
2026-05-11 20:30:00,0.0,4.2,SFFR,20.232916666666664,0.0,0.42000000000000004,SFFR,35.315,0.0,0.42000000000000004,SFFR,SFFR,20.232916666666664,9.0,116.0,125.0,DA_HH,SSP
2026-05-11 21:00:00,0.0,4.2,SFFR,20.232916666666664,0.0,0.42000000000000004,SFFR,35.315,0.0,0.42000000000000004,SFFR,SFFR,20.232916666666664,17.989999999999995,117.01,135.0,DA_HH,SSP
2026-05-11 21:30:00,0.0,4.2,SFFR,20.232916666666664,0.0,0.42000000000000004,SFFR,35.315,0.0,0.42000000000000004,SFFR,SFFR,20.232916666666664,8.150000000000006,111.85,120.0,SSP,EPEX
2026-05-11 22:00:00,0.0,4.2,SFFR,20.232916666666664,0.0,0.42000000000000004,SFFR,35.315,0.0,0.42000000000000004,SFFR,SFFR,20.232916666666664,5.1000000000000085,105.6,110.7,SSP,ISEM
2026-05-11 22:30:00,0.0,4.2,SFFR,20.232916666666664,0.0,0.42000000000000004,SFFR,35.315,0.0,0.42000000000000004,SFFR,SFFR,20.232916666666664,16.569999999999993,92.5,109.07,DA_HH,SSP
2026-05-11 23:00:00,0.0,4.2,SFFR,20.232916666666664,0.0,0.42000000000000004,SFFR,7.0,0.0,0.42000000000000004,SFFR,SFFR,20.232916666666664,19.019999999999996,89.19,108.21,SSP,ISEM
2026-05-11 23:30:00,0.0,4.2,SFFR,20.232916666666664,0.0,0.42000000000000004,SFFR,7.0,0.0,0.42000000000000004,SFFR,SFFR,20.232916666666664,15.939999999999998,89.92,105.86,SSP,ISEM
2026-05-12 00:00:00,0.0,4.2,EPEX,0.0,0.0,0.42000000000000004,SFFR,7.0,0.0,0.42000000000000004,Multi-Market,Idle,0.0,17.83,88.03,105.86,SSP,ISEM
2026-05-12 00:30:00,0.0,4.2,EPEX,0.0,0.0,0.42000000000000004,SFFR,7.0,0.0,0.42000000000000004,Multi-Market,Idle,0.0,19.36,82.5,101.86,SSP,ISEM
2026-05-12 01:00:00,0.0,4.2,EPEX,0.0,0.0,0.42000000000000004,SFFR,7.0,0.0,0.42000000000000004,Multi-Market,Idle,0.0,17.340000000000003,82.5,99.84,SSP,ISEM
2026-05-12 01:30:00,0.0,4.2,EPEX,0.0,0.0,0.42000000000000004,SFFR,7.0,0.0,0.42000000000000004,Multi-Market,Idle,0.0,24.299999999999997,95.3,119.6,EPEX,SSP
2026-05-12 02:00:00,0.0,4.2,EPEX,0.0,0.0,0.42000000000000004,SFFR,7.0,0.0,0.4200000000000004,Multi-Market,Idle,0.0,26.86999999999999,92.73,119.6,EPEX,SSP
2026-05-12 02:30:00,0.0,4.2,EPEX,0.0,0.0,0.42000000000000004,SFFR,7.0,-0.07758785731592975,0.49236913551026507,Multi-Market,Buy-SSP,-6.36220429990624,15.75,82.0,97.75,SSP,DA_HH
2026-05-12 03:00:00,-2.1,6.158749601148651,EPEX,-182.70000000000002,0.0,0.42000000000000004,SFFR,7.0,-2.1,2.451118736658916,Multi-Market,Buy-SSP,-146.32800000000003,23.289999999999992,69.68,92.97,SSP,DA_HH
2026-05-12 03:30:00,-0.2250024756290643,6.368617938956217,EPEX,-19.575215379728593,0.0,0.42000000000000004,SFFR,7.0,0.0,2.451118736658916,Multi-Market,Idle,0.0,8.090000000000003,82.0,90.09,SSP,DA_HH
2026-05-12 04:00:00,0.0,6.368617938956217,EPEX,0.0,0.0,0.42000000000000004,SFFR,7.0,-2.1,4.409868337807567,Multi-Market,Buy-SSP,-130.368,31.47,62.08,93.55,SSP,DA_HH
2026-05-12 04:30:00,0.0,6.368617938956217,EPEX,0.0,0.0,0.42000000000000004,SFFR,7.0,0.0,4.409868337807567,Multi-Market,Idle,0.0,19.11,85.89,105.0,ISEM,SSP
2026-05-12 05:00:00,0.0,6.368617938956217,EPEX,0.0,0.0,0.42000000000000004,SFFR,7.0,0.0,4.409868337807567,Multi-Market,Idle,0.0,12.5,94.01,106.51,DA_HH,SSP
2026-05-12 05:30:00,0.0,6.368617938956217,EPEX,0.0,0.0,0.42000000000000004,SFFR,7.0,0.0,4.409868337807567,Multi-Market,Idle,0.0,14.010000000000005,95.99,110.0,DA_HH,SSP
2026-05-12 06:00:00,0.0,6.368617938956217,EPEX,0.0,0.0,0.42000000000000004,SFFR,7.0,0.0,4.409868337807567,Multi-Market,Idle,0.0,13.420000000000002,103.06,116.48,DA_HH,SSP
2026-05-12 06:30:00,0.0,6.368617938956217,EPEX,0.0,0.0,0.42000000000000004,SFFR,7.0,3.721501435864859,0.42000000000000004,Multi-Market,Sell-SSP,530.3139546107424,36.0,106.5,142.5,ISEM,SSP
2026-05-12 07:00:00,1.798501435864858,4.4404220056417305,EPEX,210.2448178526019,0.0,0.42000000000000004,SFFR,20.3,-0.0,0.42000000000000004,Multi-Market,Idle,-0.0,28.5,106.5,135.0,ISEM,SSP
2026-05-12 07:30:00,3.75,0.42000000000000004,EPEX,438.375,0.0,0.42000000000000004,SFFR,20.3,-0.0,0.42000000000000004,Multi-Market,Idle,-0.0,18.560000000000002,101.5,120.06,ISEM,SSP
2026-05-12 08:00:00,-0.0,0.42000000000000004,EPEX,-0.0,0.0,0.42000000000000004,SFFR,20.3,-0.0,0.42000000000000004,Multi-Market,Idle,-0.0,27.840000000000003,92.2,120.04,ISEM,SSP
2026-05-12 08:30:00,-0.0,0.42000000000000004,EPEX,-0.0,0.0,0.42000000000000004,SFFR,20.3,0.0,0.42000000000000004,Multi-Market,Idle,0.0,50.75,56.56,107.31,SSP,EPEX
2026-05-12 09:00:00,0.0,0.42000000000000004,EPEX,0.0,0.0,0.42000000000000004,SFFR,20.3,-1.8051707633737284,2.103751196554046,Multi-Market,Buy-SSP,-92.7677255297759,35.61,51.39,87.0,SSP,EPEX
2026-05-12 09:30:00,0.0,0.42000000000000004,EPEX,0.0,0.0,0.42000000000000004,SFFR,20.3,0.0,2.103751196554046,Multi-Market,Idle,0.0,23.060000000000002,63.94,87.0,SSP,EPEX
2026-05-12 10:00:00,0.0,0.42000000000000004,EPEX,0.0,0.0,0.42000000000000004,SFFR,20.3,0.0,2.103751196554046,Multi-Market,Idle,0.0,15.579999999999998,67.0,82.58,SSP,DA_HH
2026-05-12 10:30:00,0.0,0.42000000000000004,EPEX,0.0,0.0,0.42000000000000004,SFFR,20.3,-2.1,4.062500797702698,Multi-Market,Buy-SSP,-52.5,55.0,25.0,80.0,SSP,ISEM
2026-05-12 11:00:00,0.0,0.42000000000000004,EPEX,0.0,0.0,0.42000000000000004,SFFR,11.094999999999999,-2.1,6.021250398851349,Multi-Market,Buy-SSP,-85.84800000000001,38.82999999999999,40.88,79.71,SSP,ISEM
2026-05-12 11:30:00,0.0,0.42000000000000004,EPEX,0.0,0.0,0.42000000000000004,SFFR,11.094999999999999,0.0,6.021250398851349,Multi-Market,Idle,0.0,21.680000000000007,68.0,89.68,EPEX,SSP
2026-05-12 12:00:00,0.0,0.42000000000000004,EPEX,0.0,0.0,0.42000000000000004,SFFR,11.094999999999999,-2.1,7.9799999999999995,Multi-Market,Buy-SSP,-84.42000000000002,37.8,40.2,78.0,SSP,DA_HH
2026-05-12 12:30:00,0.0,0.42000000000000004,EPEX,0.0,0.0,0.42000000000000004,SFFR,11.094999999999999,0.0,7.9799999999999995,Multi-Market,Idle,0.0,8.710000000000008,65.3,74.01,EPEX,DA_HH
2026-05-12 13:00:00,-1.8051707633737284,2.103751196554046,EPEX,-112.04694928260732,0.0,0.42000000000000004,SFFR,11.094999999999999,0.0,7.9799999999999995,Multi-Market,Idle,0.0,33.050000000000004,62.07,95.12,EPEX,SSP
2026-05-12 13:30:00,-2.1,4.062500797702697,EPEX,-130.347,0.0,0.42000000000000004,SFFR,11.094999999999999,0.0,7.9799999999999995,Multi-Market,Idle,0.0,37.93,62.07,100.0,EPEX,SSP
2026-05-12 14:00:00,-2.1,6.021250398851349,EPEX,-127.40700000000001,0.0,0.42000000000000004,SFFR,11.094999999999999,-0.0,7.9799999999999995,Multi-Market,Idle,-0.0,49.099999999999994,60.67,109.77,EPEX,SSP
2026-05-12 14:30:00,-2.1,7.9799999999999995,EPEX,-127.40700000000001,0.0,0.42000000000000004,SFFR,11.094999999999999,0.0,7.9799999999999995,Multi-Market,Idle,0.0,51.33,60.67,112.0,EPEX,SSP
2026-05-12 15:00:00,0.0,7.9799999999999995,EPEX,0.0,0.0,0.42000000000000004,SFFR,25.2,0.0,7.9799999999999995,Multi-Market,Idle,0.0,46.099999999999994,65.9,112.0,EPEX,SSP
2026-05-12 15:30:00,0.0,7.9799999999999995,EPEX,0.0,0.0,0.42000000000000004,SFFR,25.2,0.0,7.9799999999999995,Multi-Market,Idle,0.0,46.099999999999994,65.9,112.0,EPEX,SSP
2026-05-12 16:00:00,0.0,7.9799999999999995,EPEX,0.0,0.0,0.42000000000000004,SFFR,25.2,0.0,7.9799999999999995,Multi-Market,Idle,0.0,41.72,70.28,112.0,DA_HH,SSP
2026-05-12 16:30:00,0.0,7.9799999999999995,EPEX,0.0,0.0,0.42000000000000004,SFFR,25.2,0.0,7.9799999999999995,Multi-Market,Idle,0.0,39.16,75.84,115.0,EPEX,SSP
2026-05-12 17:00:00,-0.0,7.9799999999999995,EPEX,-0.0,0.0,0.42000000000000004,SFFR,25.2,-0.0,7.9799999999999995,Multi-Market,Idle,-0.0,44.14,82.0,126.14,ISEM,SSP
2026-05-12 17:30:00,-0.0,7.9799999999999995,EPEX,-0.0,0.0,0.42000000000000004,SFFR,25.2,-0.0,7.9799999999999995,Multi-Market,Idle,-0.0,30.599999999999994,99.0,129.6,ISEM,SSP
2026-05-12 18:00:00,-0.0,7.9799999999999995,EPEX,-0.0,0.0,0.42000000000000004,SFFR,25.2,0.0,7.9799999999999995,Multi-Market,Idle,0.0,15.039999999999992,102.56,117.6,ISEM,EPEX
2026-05-12 18:30:00,0.0,7.9799999999999995,EPEX,0.0,0.0,0.42000000000000004,SFFR,25.2,0.0,7.9799999999999995,Multi-Market,Idle,0.0,31.819999999999993,85.78,117.6,SSP,EPEX
2026-05-12 19:00:00,3.3014985641351435,4.4404220056417305,EPEX,417.63956836309563,0.0,0.42000000000000004,SFFR,28.91,-0.0,7.9799999999999995,Multi-Market,Idle,-0.0,29.92,118.36,148.28,ISEM,SSP
2026-05-12 19:30:00,3.75,0.42000000000000004,EPEX,474.375,0.0,0.42000000000000004,SFFR,28.91,-0.0,7.9799999999999995,Multi-Market,Idle,-0.0,36.42,121.58,158.0,DA_HH,SSP
2026-05-12 20:00:00,0.0,0.42000000000000004,EPEX,0.0,0.0,0.42000000000000004,SFFR,28.91,-0.0,7.9799999999999995,Multi-Market,Idle,-0.0,46.47000000000001,119.52,165.99,DA_HH,SSP
2026-05-12 20:30:00,-0.0,0.42000000000000004,EPEX,-0.0,0.0,0.42000000000000004,SFFR,28.91,-0.0,7.9799999999999995,Multi-Market,Idle,-0.0,45.400000000000006,121.6,167.0,DA_HH,SSP
2026-05-12 21:00:00,0.0,0.42000000000000004,EPEX,0.0,0.0,0.42000000000000004,SFFR,28.91,3.75,3.959577994358269,Multi-Market,Sell-SSP,656.25,58.06,116.94,175.0,DA_HH,SSP
2026-05-12 21:30:00,-0.0,0.42000000000000004,EPEX,-0.0,0.0,0.42000000000000004,SFFR,28.91,3.3014985641351435,0.42000000000000004,Multi-Market,Sell-SSP,551.350260210569,55.8,111.2,167.0,DA_HH,SSP
2026-05-12 22:00:00,0.0,0.42000000000000004,EPEX,0.0,0.0,0.42000000000000004,SFFR,28.91,-0.2729999999999999,0.42000000000000004,Multi-Market,Buy-DA_HH,88.83000000000004,64.01,102.99,167.0,DA_HH,SSP
2026-05-12 22:30:00,-0.0,0.42000000000000004,EPEX,-0.0,0.0,0.42000000000000004,SFFR,28.91,0.0,0.42000000000000004,Multi-Market,Idle,0.0,17.900000000000006,85.1,103.0,SSP,EPEX
2026-05-12 23:00:00,0.0,0.42000000000000004,EPEX,0.0,0.0,0.42000000000000004,SFFR,6.16,0.0,0.42000000000000004,Multi-Market,Idle,0.0,16.0,85.0,101.0,SSP,EPEX
2026-05-12 23:30:00,-0.0,0.42000000000000004,EPEX,-0.0,0.0,0.42000000000000004,SFFR,6.16,-0.0,0.42000000000000004,Multi-Market,Idle,-0.0,45.25,89.4,134.65,DA_HH,SSP
2026-05-13 00:00:00,0.0,0.42000000000000004,SFFR,15.913333333333332,0.0,0.42000000000000004,SFFR,6.16,-0.07758785731592857,0.4923691355102636,Multi-Market,Buy-DA_HH,-6.5460875217448935,30.239999999999995,84.37,114.61,DA_HH,SSP
2026-05-13 00:30:00,0.0,0.42000000000000004,SFFR,15.913333333333332,0.0,0.42000000000000004,SFFR,6.16,-2.1,2.451118736658915,Multi-Market,Buy-ISEM,-177.17700000000002,51.81999999999999,84.37,136.19,ISEM,SSP
2026-05-13 01:00:00,0.0,0.42000000000000004,SFFR,15.913333333333332,0.0,0.42000000000000004,SFFR,6.16,0.0,2.451118736658915,Multi-Market,Idle,0.0,37.64999999999999,85.15,122.8,DA_HH,SSP
2026-05-13 01:30:00,0.0,0.42000000000000004,SFFR,15.913333333333332,0.0,0.42000000000000004,SFFR,6.16,0.0,2.451118736658915,Multi-Market,Idle,0.0,50.05,85.77,135.82,DA_HH,SSP
2026-05-13 02:00:00,0.0,0.42000000000000004,SFFR,15.913333333333332,0.0,0.42000000000000004,SFFR,6.16,0.0,2.451118736658915,Multi-Market,Idle,0.0,3.259999999999991,91.34,94.6,ISEM,EPEX
2026-05-13 02:30:00,0.0,0.42000000000000004,SFFR,15.913333333333332,0.0,0.42000000000000004,SFFR,6.16,0.0,2.451118736658915,Multi-Market,Idle,0.0,9.399999999999991,85.2,94.6,SSP,EPEX
2026-05-13 03:00:00,0.0,0.42000000000000004,SFFR,15.913333333333332,0.0,0.42000000000000004,SFFR,7.0,0.0,2.451118736658915,Multi-Market,Idle,0.0,22.810000000000002,86.0,108.81,DA_HH,SSP
2026-05-13 03:30:00,0.0,0.42000000000000004,SFFR,15.913333333333332,0.0,0.42000000000000004,SFFR,7.0,-2.1,4.409868337807566,Multi-Market,Buy-DA_HH,-173.649,11.909999999999997,82.69,94.6,DA_HH,EPEX
2026-05-13 04:00:00,0.0,0.42000000000000004,SFFR,15.913333333333332,0.0,0.42000000000000004,SFFR,7.0,1.798501435864858,2.4816724044930796,Multi-Market,Sell-SSP,261.10643845886005,56.09,89.09,145.18,ISEM,SSP
2026-05-13 04:30:00,0.0,0.42000000000000004,SFFR,15.913333333333332,0.0,0.42000000000000004,SFFR,7.0,-2.1,4.4404220056417305,Multi-Market,Buy-DA_HH,-175.14000000000001,46.359999999999985,83.4,129.76,DA_HH,SSP
2026-05-13 05:00:00,0.0,0.42000000000000004,SFFR,15.913333333333332,0.0,0.42000000000000004,SFFR,7.0,0.0,4.4404220056417305,Multi-Market,Idle,0.0,37.18000000000001,101.82,139.0,ISEM,SSP
2026-05-13 05:30:00,0.0,0.42000000000000004,SFFR,15.913333333333332,0.0,0.42000000000000004,SFFR,7.0,0.0,4.4404220056417305,Multi-Market,Idle,0.0,14.780000000000001,89.32,104.1,SSP,ISEM
2026-05-13 06:00:00,0.0,0.42000000000000004,SFFR,15.913333333333332,0.0,0.42000000000000004,SFFR,7.0,0.0,4.4404220056417305,Multi-Market,Idle,0.0,27.0,112.0,139.0,DA_HH,SSP
2026-05-13 06:30:00,0.0,0.42000000000000004,SFFR,15.913333333333332,0.0,0.42000000000000004,SFFR,7.0,3.75,0.42000000000000004,Multi-Market,Sell-SSP,562.5,36.8,113.2,150.0,EPEX,SSP
2026-05-13 07:00:00,0.0,0.42000000000000004,SFFR,15.913333333333332,0.0,0.42000000000000004,SFFR,20.3,0.0,0.4200000000000006,Multi-Market,Idle,0.0,33.33,106.77,140.1,DA_HH,SSP
2026-05-13 07:30:00,0.0,0.42000000000000004,SFFR,15.913333333333332,0.0,0.42000000000000004,SFFR,20.3,0.0,0.4200000000000006,Multi-Market,Idle,0.0,26.629999999999995,112.37,139.0,DA_HH,SSP
2026-05-13 08:00:00,0.0,0.42000000000000004,SFFR,15.913333333333332,0.0,0.42000000000000004,SFFR,20.3,0.0,0.4200000000000006,Multi-Market,Idle,0.0,32.22,103.78,136.0,DA_HH,SSP
2026-05-13 08:30:00,0.0,0.42000000000000004,SFFR,15.913333333333332,0.0,0.42000000000000004,SFFR,20.3,0.0,0.4200000000000006,Multi-Market,Idle,0.0,17.430000000000007,90.25,107.68,SSP,ISEM
2026-05-13 09:00:00,0.0,0.42000000000000004,SFFR,15.913333333333332,0.0,0.42000000000000004,SFFR,20.3,0.0,0.4200000000000006,Multi-Market,Idle,0.0,24.269999999999996,95.23,119.5,EPEX,SSP
2026-05-13 09:30:00,0.0,0.42000000000000004,SFFR,15.913333333333332,0.0,0.42000000000000004,SFFR,20.3,0.0,0.4200000000000006,Multi-Market,Idle,0.0,24.269999999999996,95.23,119.5,EPEX,SSP
2026-05-13 10:00:00,0.0,0.42000000000000004,SFFR,15.913333333333332,0.0,0.42000000000000004,SFFR,20.3,0.0,0.4200000000000006,Multi-Market,Idle,0.0,7.400000000000006,90.03,97.43,SSP,EPEX
2026-05-13 10:30:00,0.0,0.42000000000000004,SFFR,15.913333333333332,0.0,0.42000000000000004,SFFR,20.3,0.0,0.4200000000000006,Multi-Market,Idle,0.0,8.13000000000001,89.3,97.43,SSP,EPEX
2026-05-13 11:00:00,0.0,0.42000000000000004,SFFR,15.913333333333332,0.0,0.42000000000000004,SFFR,10.674999999999999,0.0,0.4200000000000006,Multi-Market,Idle,0.0,40.099999999999994,89.9,130.0,ISEM,SSP
2026-05-13 11:30:00,0.0,0.42000000000000004,SFFR,15.913333333333332,0.0,0.42000000000000004,SFFR,10.674999999999999,0.0,0.4200000000000006,Multi-Market,Idle,0.0,43.03,89.18,132.21,ISEM,SSP
2026-05-13 12:00:00,0.0,0.42000000000000004,SFFR,15.913333333333332,0.0,0.42000000000000004,SFFR,10.674999999999999,0.0,0.4200000000000006,Multi-Market,Idle,0.0,46.06,89.94,136.0,ISEM,SSP
2026-05-13 12:30:00,0.0,0.42000000000000004,SFFR,15.913333333333332,0.0,0.42000000000000004,SFFR,10.674999999999999,-2.1,2.3787496011486517,Multi-Market,Buy-SSP,-173.62800000000001,11.409999999999997,82.68,94.09,SSP,EPEX
2026-05-13 13:00:00,0.0,0.42000000000000004,SFFR,15.913333333333332,0.0,0.42000000000000004,SFFR,10.674999999999999,-2.1,4.337499202297303,Multi-Market,Buy-SSP,-113.4,38.879999999999995,54.0,92.88,SSP,EPEX
2026-05-13 13:30:00,0.0,0.42000000000000004,SFFR,15.913333333333332,0.0,0.42000000000000004,SFFR,10.674999999999999,-1.8051707633737284,6.021250398851349,Multi-Market,Buy-SSP,-149.91943189818815,9.829999999999998,83.05,92.88,SSP,EPEX
2026-05-13 14:00:00,0.0,0.42000000000000004,SFFR,15.913333333333332,0.0,0.42000000000000004,SFFR,10.674999999999999,0.0,6.021250398851349,Multi-Market,Idle,0.0,45.0,85.0,130.0,ISEM,SSP
2026-05-13 14:30:00,0.0,0.42000000000000004,SFFR,15.913333333333332,0.0,0.42000000000000004,SFFR,10.674999999999999,-2.1,7.9799999999999995,Multi-Market,Buy-SSP,-169.42800000000003,11.389999999999986,80.68,92.07,SSP,EPEX
2026-05-13 15:00:00,0.0,0.42000000000000004,SFFR,15.913333333333332,0.0,0.42000000000000004,SFFR,25.2,0.0,7.9799999999999995,Multi-Market,Idle,0.0,50.47,85.0,135.47,ISEM,SSP
2026-05-13 15:30:00,0.0,0.42000000000000004,SFFR,15.913333333333332,0.0,0.42000000000000004,SFFR,25.2,0.0,7.9799999999999995,Multi-Market,Idle,0.0,52.03,83.97,136.0,ISEM,SSP
2026-05-13 16:00:00,0.0,0.42000000000000004,SFFR,15.913333333333332,0.0,0.42000000000000004,SFFR,25.2,0.0,7.9799999999999995,Multi-Market,Idle,0.0,34.230000000000004,95.77,130.0,ISEM,SSP
2026-05-13 16:30:00,0.0,0.42000000000000004,SFFR,15.913333333333332,0.0,0.42000000000000004,SFFR,25.2,0.0,7.9799999999999995,Multi-Market,Idle,0.0,39.09,98.91,138.0,ISEM,SSP
2026-05-13 17:00:00,0.0,0.42000000000000004,SFFR,15.913333333333332,0.0,0.42000000000000004,SFFR,25.2,-0.0,7.9799999999999995,Multi-Market,Idle,-0.0,44.849999999999994,107.81,152.66,DA_HH,SSP
2026-05-13 17:30:00,0.0,0.42000000000000004,SFFR,15.913333333333332,0.0,0.42000000000000004,SFFR,25.2,-0.0,7.9799999999999995,Multi-Market,Idle,-0.0,46.41000000000001,108.46,154.87,DA_HH,SSP
2026-05-13 18:00:00,0.0,0.42000000000000004,SFFR,15.913333333333332,0.0,0.42000000000000004,SFFR,25.2,0.0,7.9799999999999995,Multi-Market,Idle,0.0,30.080000000000013,121.32,151.4,DA_HH,SSP
2026-05-13 18:30:00,0.0,0.42000000000000004,SFFR,15.913333333333332,0.0,0.42000000000000004,SFFR,25.2,-0.0,7.9799999999999995,Multi-Market,Idle,-0.0,43.28,124.22,167.5,DA_HH,SSP
2026-05-13 19:00:00,0.0,0.42000000000000004,SFFR,15.913333333333332,0.0,0.42000000000000004,SFFR,26.18,3.3014985641351435,4.4404220056417305,Multi-Market,Sell-SSP,557.2269276547295,41.790000000000006,126.99,168.78,DA_HH,SSP
2026-05-13 19:30:00,0.0,0.42000000000000004,SFFR,15.913333333333332,0.0,0.42000000000000004,SFFR,26.18,3.75,0.42000000000000004,Multi-Market,Sell-SSP,632.925,41.010000000000005,127.77,168.78,DA_HH,SSP
2026-05-13 20:00:00,0.0,0.42000000000000004,SFFR,15.913333333333332,0.0,0.42000000000000004,SFFR,26.18,-0.0,0.42000000000000004,Multi-Market,Idle,-0.0,24.150000000000006,129.84,153.99,EPEX,SSP
2026-05-13 20:30:00,0.0,0.42000000000000004,SFFR,15.913333333333332,0.0,0.42000000000000004,SFFR,26.18,-0.0,0.42000000000000004,Multi-Market,Idle,-0.0,5.159999999999997,129.84,135.0,EPEX,SSP
2026-05-13 21:00:00,0.0,0.42000000000000004,SFFR,15.913333333333332,0.0,0.42000000000000004,SFFR,26.18,-0.0,0.42000000000000004,Multi-Market,Idle,-0.0,19.940000000000012,108.36,128.3,SSP,ISEM
2026-05-13 21:30:00,0.0,0.42000000000000004,SFFR,15.913333333333332,0.0,0.42000000000000004,SFFR,26.18,-0.0,0.42000000000000004,Multi-Market,Idle,-0.0,16.989999999999995,108.36,125.35,SSP,ISEM
2026-05-13 22:00:00,0.0,0.42000000000000004,SFFR,15.913333333333332,0.0,0.42000000000000004,SFFR,26.18,-0.0,0.42000000000000004,Multi-Market,Idle,-0.0,17.64,100.52,118.16,SSP,ISEM
2026-05-13 22:30:00,0.0,0.42000000000000004,SFFR,15.913333333333332,0.0,0.42000000000000004,SFFR,26.18,0.0,0.42000000000000004,Multi-Market,Idle,0.0,13.170000000000002,96.83,110.0,SSP,ISEM
2026-05-13 23:00:00,0.0,0.42000000000000004,SFFR,15.913333333333332,0.0,0.42000000000000004,SFFR,6.02,-0.0,0.42000000000000004,Multi-Market,Idle,-0.0,15.790000000000006,96.21,112.0,SSP,DA_HH
2026-05-13 23:30:00,0.0,0.42000000000000004,SFFR,15.913333333333332,0.0,0.42000000000000004,SFFR,6.02,-0.0,0.42000000000000004,Multi-Market,Idle,-0.0,19.92,90.0,109.92,SSP,ISEM
2026-05-14 00:00:00,0.0,0.42000000000000004,SFFR,15.015,0.0,0.42000000000000004,SFFR,6.02,0.0,0.42000000000000004,Multi-Market,Idle,0.0,21.439999999999998,86.14,107.58,SSP,ISEM
2026-05-14 00:30:00,0.0,0.42000000000000004,SFFR,15.015,0.0,0.42000000000000004,SFFR,6.02,0.0,0.42000000000000004,Multi-Market,Idle,0.0,25.700000000000003,80.0,105.7,SSP,ISEM
2026-05-14 01:00:00,0.0,0.42000000000000004,SFFR,15.015,0.0,0.42000000000000004,SFFR,6.02,0.0,0.42000000000000004,Multi-Market,Idle,0.0,22.819999999999993,80.0,102.82,SSP,EPEX
2026-05-14 01:30:00,0.0,0.42000000000000004,SFFR,15.015,0.0,0.42000000000000004,SFFR,6.02,0.0,0.42000000000000004,Multi-Market,Idle,0.0,20.22,82.6,102.82,SSP,EPEX
2026-05-14 02:00:00,0.0,0.42000000000000004,SFFR,15.015,0.0,0.42000000000000004,SFFR,6.02,0.0,0.42000000000000004,Multi-Market,Idle,0.0,13.690000000000012,98.6,112.29,EPEX,SSP
2026-05-14 02:30:00,0.0,0.42000000000000004,SFFR,15.015,0.0,0.42000000000000004,SFFR,6.02,0.0,0.42000000000000004,Multi-Market,Idle,0.0,15.22999999999999,86.12,101.35,SSP,ISEM
2026-05-14 03:00:00,0.0,0.42000000000000004,SFFR,15.015,0.0,0.42000000000000004,SFFR,7.0,0.0,0.42000000000000004,Multi-Market,Idle,0.0,18.870000000000005,82.6,101.47,SSP,ISEM
2026-05-14 03:30:00,0.0,0.42000000000000004,SFFR,15.015,0.0,0.42000000000000004,SFFR,7.0,0.0,0.42000000000000004,Multi-Market,Idle,0.0,19.760000000000005,80.16,99.92,SSP,ISEM
2026-05-14 04:00:00,0.0,0.42000000000000004,SFFR,15.015,0.0,0.42000000000000004,SFFR,7.0,0.0,0.42000000000000004,Multi-Market,Idle,0.0,16.97999999999999,85.62,102.6,SSP,ISEM
2026-05-14 04:30:00,0.0,0.42000000000000004,SFFR,15.015,0.0,0.42000000000000004,SFFR,7.0,0.0,0.42000000000000004,Multi-Market,Idle,0.0,13.5,86.12,99.62,SSP,ISEM
2026-05-14 05:00:00,0.0,0.42000000000000004,SFFR,15.015,0.0,0.42000000000000004,SFFR,7.0,-0.11034482758620649,0.522922803344428,Multi-Market,Buy-SSP,-8.50206896551721,24.150000000000006,77.05,101.2,SSP,ISEM
2026-05-14 05:30:00,0.0,0.42000000000000004,SFFR,15.015,0.0,0.42000000000000004,SFFR,7.0,-2.1,2.481672404493079,Multi-Market,Buy-SSP,-157.71,24.30000000000001,75.1,99.4,SSP,ISEM
2026-05-14 06:00:00,0.0,0.42000000000000004,SFFR,15.015,0.0,0.42000000000000004,SFFR,7.0,-2.1,4.4404220056417305,Multi-Market,Buy-SSP,-156.66,34.620000000000005,74.6,109.22,SSP,EPEX
2026-05-14 06:30:00,0.0,0.42000000000000004,SFFR,15.015,0.0,0.42000000000000004,SFFR,7.0,0.0,4.4404220056417305,Multi-Market,Idle,0.0,31.010000000000005,80.0,111.01,SSP,DA_HH
2026-05-14 07:00:00,0.0,0.42000000000000004,SFFR,15.015,0.0,0.42000000000000004,SFFR,21.735,0.0,4.4404220056417305,Multi-Market,Idle,0.0,3.799999999999997,120.0,123.8,SSP,ISEM
2026-05-14 07:30:00,0.0,0.42000000000000004,SFFR,15.015,0.0,0.42000000000000004,SFFR,21.735,3.75,0.42000000000000004,Multi-Market,Sell-ISEM,480.0,6.670000000000002,121.33,128.0,EPEX,ISEM
2026-05-14 08:00:00,0.0,0.42000000000000004,SFFR,15.015,0.0,0.42000000000000004,SFFR,21.735,-0.0,0.42000000000000004,Multi-Market,Idle,-0.0,48.370000000000005,77.58,125.95,SSP,ISEM
2026-05-14 08:30:00,0.0,0.42000000000000004,SFFR,15.015,0.0,0.42000000000000004,SFFR,21.735,-0.0,0.42000000000000004,Multi-Market,Idle,-0.0,44.370000000000005,78.8,123.17,SSP,ISEM
2026-05-14 09:00:00,0.0,0.42000000000000004,SFFR,15.015,0.0,0.42000000000000004,SFFR,21.735,-0.0,0.42000000000000004,Multi-Market,Idle,-0.0,41.86,80.01,121.87,SSP,DA_HH
2026-05-14 09:30:00,0.0,0.42000000000000004,SFFR,15.015,0.0,0.42000000000000004,SFFR,21.735,0.0,0.41999999999999993,Multi-Market,Idle,0.0,30.730000000000004,84.1,114.83,SSP,ISEM
2026-05-14 10:00:00,0.0,0.42000000000000004,SFFR,15.015,0.0,0.42000000000000004,SFFR,21.735,0.0,0.41999999999999993,Multi-Market,Idle,0.0,21.930000000000007,88.0,109.93,SSP,DA_HH
2026-05-14 10:30:00,0.0,0.42000000000000004,SFFR,15.015,0.0,0.42000000000000004,SFFR,21.735,0.0,0.41999999999999993,Multi-Market,Idle,0.0,22.310000000000002,83.77,106.08,SSP,DA_HH
2026-05-14 11:00:00,0.0,0.42000000000000004,SFFR,15.015,0.0,0.42000000000000004,SFFR,10.36,0.0,0.41999999999999993,Multi-Market,Idle,0.0,9.540000000000006,84.3,93.84,SSP,EPEX
2026-05-14 11:30:00,0.0,0.42000000000000004,SFFR,15.015,0.0,0.42000000000000004,SFFR,10.36,0.0,0.41999999999999993,Multi-Market,Idle,0.0,11.539999999999992,82.48,94.02,SSP,DA_HH
2026-05-14 12:00:00,0.0,0.42000000000000004,SFFR,15.015,0.0,0.42000000000000004,SFFR,10.36,0.0,0.41999999999999993,Multi-Market,Idle,0.0,16.909999999999997,75.0,91.91,SSP,ISEM
2026-05-14 12:30:00,0.0,0.42000000000000004,SFFR,15.015,0.0,0.42000000000000004,SFFR,10.36,0.0,0.41999999999999993,Multi-Market,Idle,0.0,3.8700000000000045,86.13,90.0,SSP,DA_HH
2026-05-14 13:00:00,0.0,0.42000000000000004,SFFR,15.015,0.0,0.42000000000000004,SFFR,10.36,-2.1,2.378749601148651,Multi-Market,Buy-SSP,-4.3469999999999995,87.93,2.07,90.0,SSP,DA_HH
2026-05-14 13:30:00,0.0,0.42000000000000004,SFFR,15.015,0.0,0.42000000000000004,SFFR,10.36,-2.1,4.337499202297302,Multi-Market,Buy-SSP,-119.763,32.959999999999994,57.03,89.99,SSP,ISEM
2026-05-14 14:00:00,0.0,0.42000000000000004,SFFR,15.015,0.0,0.42000000000000004,SFFR,10.36,-1.7724137931034516,5.990696731017184,Multi-Market,Buy-SSP,-124.06896551724161,20.0,70.0,90.0,SSP,ISEM
2026-05-14 14:30:00,0.0,0.42000000000000004,SFFR,15.015,0.0,0.42000000000000004,SFFR,10.36,-2.1,7.949446332165835,Multi-Market,Buy-SSP,-125.05499999999999,29.689999999999998,59.55,89.24,SSP,ISEM
2026-05-14 15:00:00,0.0,0.42000000000000004,SFFR,15.015,0.0,0.42000000000000004,SFFR,22.575,0.0,7.949446332165835,Multi-Market,Idle,0.0,22.85000000000001,86.6,109.45,DA_HH,SSP
2026-05-14 15:30:00,0.0,0.42000000000000004,SFFR,15.015,0.0,0.42000000000000004,SFFR,22.575,0.0,7.949446332165835,Multi-Market,Idle,0.0,20.0,88.0,108.0,EPEX,SSP
2026-05-14 16:00:00,0.0,0.42000000000000004,SFFR,15.015,0.0,0.42000000000000004,SFFR,22.575,0.0,7.949446332165835,Multi-Market,Idle,0.0,20.060000000000002,73.64,93.7,SSP,EPEX
2026-05-14 16:30:00,0.0,0.42000000000000004,SFFR,15.015,0.0,0.42000000000000004,SFFR,22.575,0.0,7.949446332165835,Multi-Market,Idle,0.0,11.759999999999991,82.15,93.91,SSP,DA_HH
2026-05-14 17:00:00,0.0,0.42000000000000004,SFFR,15.015,0.0,0.42000000000000004,SFFR,22.575,0.0,7.949446332165835,Multi-Market,Idle,0.0,11.510000000000005,98.05,109.56,ISEM,SSP
2026-05-14 17:30:00,0.0,0.42000000000000004,SFFR,15.015,0.0,0.42000000000000004,SFFR,22.575,0.0,7.949446332165835,Multi-Market,Idle,0.0,19.0,97.85,116.85,ISEM,SSP
2026-05-14 18:00:00,0.0,0.42000000000000004,SFFR,15.015,0.0,0.42000000000000004,SFFR,22.575,-0.3014985641351422,7.9799999999999995,Multi-Market,Buy-SSP,202.16416943205323,113.21,4.79,118.0,SSP,EPEX
2026-05-14 18:30:00,0.0,0.42000000000000004,SFFR,15.015,0.0,0.42000000000000004,SFFR,22.575,0.0,7.9799999999999995,Multi-Market,Idle,0.0,33.0,85.0,118.0,SSP,EPEX
2026-05-14 19:00:00,0.0,0.42000000000000004,SFFR,15.015,0.0,0.42000000000000004,SFFR,22.435000000000002,3.3014985641351435,4.4404220056417305,Multi-Market,Sell-SSP,445.70230615824437,8.010000000000005,126.99,135.0,ISEM,SSP
2026-05-14 19:30:00,0.0,0.42000000000000004,SFFR,15.015,0.0,0.42000000000000004,SFFR,22.435000000000002,3.75,0.42000000000000004,Multi-Market,Sell-SSP,506.25,7.640000000000001,127.36,135.0,EPEX,SSP
2026-05-14 20:00:00,0.0,0.42000000000000004,SFFR,15.015,0.0,0.42000000000000004,SFFR,22.435000000000002,-0.0,0.42000000000000004,Multi-Market,Idle,-0.0,7.0,128.0,135.0,EPEX,SSP
2026-05-14 20:30:00,0.0,0.42000000000000004,SFFR,15.015,0.0,0.42000000000000004,SFFR,22.435000000000002,0.0,0.42000000000000004,Multi-Market,Idle,0.0,31.340000000000003,101.66,133.0,SSP,ISEM
2026-05-14 21:00:00,0.0,0.42000000000000004,SFFR,15.015,0.0,0.42000000000000004,SFFR,22.435000000000002,-0.0,0.42000000000000004,Multi-Market,Idle,-0.0,13.0,120.0,133.0,SSP,ISEM
2026-05-14 21:30:00,0.0,0.42000000000000004,SFFR,15.015,0.0,0.42000000000000004,SFFR,22.435000000000002,-0.0,0.42000000000000004,Multi-Market,Idle,-0.0,11.430000000000007,120.0,131.43,SSP,ISEM
2026-05-14 22:00:00,0.0,0.42000000000000004,SFFR,15.015,0.0,0.42000000000000004,SFFR,22.435000000000002,0.0,0.42000000000000004,Multi-Market,Idle,0.0,13.209999999999994,110.03,123.24,EPEX,ISEM
2026-05-14 22:30:00,0.0,0.42000000000000004,SFFR,15.015,0.0,0.42000000000000004,SFFR,22.435000000000002,0.0,0.42000000000000004,Multi-Market,Idle,0.0,26.0,94.0,120.0,DA_HH,SSP
2026-05-14 23:00:00,0.0,0.42000000000000004,SFFR,15.015,0.0,0.42000000000000004,SFFR,5.88,-0.0,0.42000000000000004,Multi-Market,Idle,-0.0,18.689999999999998,107.0,125.69,ISEM,SSP
2026-05-14 23:30:00,0.0,0.42000000000000004,SFFR,15.015,0.0,0.42000000000000004,SFFR,5.88,-0.0,0.42000000000000004,Multi-Market,Idle,-0.0,14.0,106.0,120.0,ISEM,SSP
2026-05-15 00:00:00,0.0,0.42000000000000004,SFFR,14.984375,0.0,0.42000000000000004,SFFR,5.88,0.0,0.42000000000000004,Multi-Market,Idle,0.0,15.879999999999995,104.12,120.0,DA_HH,SSP
2026-05-15 00:30:00,0.0,0.42000000000000004,SFFR,14.984375,0.0,0.42000000000000004,SFFR,5.88,-2.1,2.3787496011486513,Multi-Market,Buy-SSP,-147.042,39.980000000000004,70.02,110.0,SSP,ISEM
2026-05-15 01:00:00,0.0,0.42000000000000004,SFFR,14.984375,0.0,0.42000000000000004,SFFR,5.88,0.0,2.3787496011486513,Multi-Market,Idle,0.0,15.840000000000003,104.16,120.0,EPEX,SSP
2026-05-15 01:30:00,0.0,0.42000000000000004,SFFR,14.984375,0.0,0.42000000000000004,SFFR,5.88,0.0,2.3787496011486513,Multi-Market,Idle,0.0,17.439999999999998,102.56,120.0,DA_HH,SSP
2026-05-15 02:00:00,0.0,0.42000000000000004,SFFR,14.984375,0.0,0.42000000000000004,SFFR,5.88,0.0,2.3787496011486513,Multi-Market,Idle,0.0,24.809999999999988,95.04,119.85,EPEX,SSP
2026-05-15 02:30:00,0.0,0.42000000000000004,SFFR,14.984375,0.0,0.42000000000000004,SFFR,5.88,0.0,2.3787496011486513,Multi-Market,Idle,0.0,24.86999999999999,94.98,119.85,DA_HH,SSP
2026-05-15 03:00:00,0.0,0.42000000000000004,SFFR,14.984375,0.0,0.42000000000000004,SFFR,6.3,0.0,2.3787496011486513,Multi-Market,Idle,0.0,29.659999999999997,90.19,119.85,EPEX,SSP
2026-05-15 03:30:00,0.0,0.42000000000000004,SFFR,14.984375,0.0,0.42000000000000004,SFFR,6.3,0.0,2.3787496011486513,Multi-Market,Idle,0.0,29.659999999999997,90.19,119.85,EPEX,SSP
2026-05-15 04:00:00,0.0,0.42000000000000004,SFFR,14.984375,0.0,0.42000000000000004,SFFR,6.3,0.0,2.3787496011486513,Multi-Market,Idle,0.0,29.849999999999994,90.0,119.85,EPEX,SSP
2026-05-15 04:30:00,0.0,0.42000000000000004,SFFR,14.984375,0.0,0.42000000000000004,SFFR,6.3,0.0,2.3787496011486513,Multi-Market,Idle,0.0,39.0,90.0,129.0,EPEX,SSP
2026-05-15 05:00:00,0.0,0.42000000000000004,SFFR,14.984375,0.0,0.42000000000000004,SFFR,6.3,0.0,2.3787496011486513,Multi-Market,Idle,0.0,25.849999999999994,94.0,119.85,EPEX,SSP
2026-05-15 05:30:00,0.0,0.42000000000000004,SFFR,14.984375,0.0,0.42000000000000004,SFFR,6.3,0.0,2.3787496011486513,Multi-Market,Idle,0.0,25.849999999999994,94.0,119.85,EPEX,SSP
2026-05-15 06:00:00,0.0,0.42000000000000004,SFFR,14.984375,0.0,0.42000000000000004,SFFR,6.3,0.0,2.3787496011486513,Multi-Market,Idle,0.0,23.400000000000006,100.44,123.84,DA_HH,SSP
2026-05-15 06:30:00,0.0,0.42000000000000004,SFFR,14.984375,0.0,0.42000000000000004,SFFR,6.3,1.8270000000000002,0.42000000000000004,Multi-Market,Sell-SSP,245.64015,31.809999999999988,102.64,134.45,EPEX,SSP
2026-05-15 07:00:00,0.0,0.42000000000000004,SFFR,14.984375,0.0,0.42000000000000004,SFFR,20.895,-0.0,0.42000000000000004,Multi-Market,Idle,-0.0,25.14999999999999,109.3,134.45,EPEX,SSP
2026-05-15 07:30:00,0.0,0.42000000000000004,SFFR,14.984375,0.0,0.42000000000000004,SFFR,20.895,-0.0,0.42000000000000004,Multi-Market,Idle,-0.0,24.700000000000003,109.3,134.0,EPEX,SSP
2026-05-15 08:00:00,0.0,0.42000000000000004,SFFR,14.984375,0.0,0.42000000000000004,SFFR,20.895,-0.0,0.42000000000000004,Multi-Market,Idle,-0.0,36.459999999999994,93.54,130.0,ISEM,SSP
2026-05-15 08:30:00,0.0,0.42000000000000004,SFFR,14.984375,0.0,0.42000000000000004,SFFR,20.895,-0.0,0.42000000000000004,Multi-Market,Idle,-0.0,43.84,85.16,129.0,ISEM,SSP
2026-05-15 09:00:00,0.0,0.42000000000000004,SFFR,14.984375,0.0,0.42000000000000004,SFFR,20.895,-0.0,0.42000000000000004,Multi-Market,Idle,-0.0,44.0,82.0,126.0,DA_HH,SSP
2026-05-15 09:30:00,0.0,0.42000000000000004,SFFR,14.984375,0.0,0.42000000000000004,SFFR,20.895,0.0,0.4200000000000008,Multi-Market,Idle,0.0,32.879999999999995,82.0,114.88,DA_HH,SSP
2026-05-15 10:00:00,0.0,0.42000000000000004,SFFR,14.984375,0.0,0.42000000000000004,SFFR,20.895,0.0,0.4200000000000008,Multi-Market,Idle,0.0,21.840000000000003,79.75,101.59,EPEX,SSP
2026-05-15 10:30:00,0.0,0.42000000000000004,SFFR,14.984375,0.0,0.42000000000000004,SFFR,20.895,0.0,0.4200000000000008,Multi-Market,Idle,0.0,35.52000000000001,77.66,113.18,ISEM,SSP
2026-05-15 11:00:00,0.0,0.42000000000000004,SFFR,14.984375,0.0,0.42000000000000004,SFFR,10.219999999999999,-1.8827586206896578,2.176120332064311,Multi-Market,Buy-DA_HH,-142.33655172413813,41.400000000000006,75.6,117.0,DA_HH,SSP
2026-05-15 11:30:00,0.0,0.42000000000000004,SFFR,14.984375,0.0,0.42000000000000004,SFFR,10.219999999999999,0.0,2.176120332064311,Multi-Market,Idle,0.0,35.5,76.97,112.47,ISEM,SSP
2026-05-15 12:00:00,0.0,0.42000000000000004,SFFR,14.984375,0.0,0.42000000000000004,SFFR,10.219999999999999,0.0,2.176120332064311,Multi-Market,Idle,0.0,41.0,76.0,117.0,ISEM,SSP
2026-05-15 12:30:00,0.0,0.42000000000000004,SFFR,14.984375,0.0,0.42000000000000004,SFFR,10.219999999999999,0.0,2.176120332064311,Multi-Market,Idle,0.0,33.59,76.28,109.87,ISEM,SSP
2026-05-15 13:00:00,0.0,0.42000000000000004,SFFR,14.984375,0.0,0.42000000000000004,SFFR,10.219999999999999,-0.20549856413514167,2.1037511965540467,Multi-Market,Buy-ISEM,83.26817517551274,51.59,70.41,122.0,ISEM,SSP
2026-05-15 13:30:00,0.0,0.42000000000000004,SFFR,14.984375,0.0,0.42000000000000004,SFFR,10.219999999999999,-2.1,4.062500797702698,Multi-Market,Buy-ISEM,-147.0,52.0,70.0,122.0,ISEM,SSP
2026-05-15 14:00:00,0.0,0.42000000000000004,SFFR,14.984375,0.0,0.42000000000000004,SFFR,10.219999999999999,0.0,4.062500797702698,Multi-Market,Idle,0.0,39.94,77.06,117.0,ISEM,SSP
2026-05-15 14:30:00,0.0,0.42000000000000004,SFFR,14.984375,0.0,0.42000000000000004,SFFR,10.219999999999999,0.0,4.062500797702698,Multi-Market,Idle,0.0,9.480000000000004,76.52,86.0,ISEM,EPEX
2026-05-15 15:00:00,0.0,0.42000000000000004,SFFR,14.984375,0.0,0.42000000000000004,SFFR,21.0,0.0,4.062500797702698,Multi-Market,Idle,0.0,6.790000000000006,83.6,90.39,SSP,EPEX
2026-05-15 15:30:00,0.0,0.42000000000000004,SFFR,14.984375,0.0,0.42000000000000004,SFFR,21.0,0.0,4.062500797702698,Multi-Market,Idle,0.0,5.810000000000002,84.96,90.77,SSP,ISEM
2026-05-15 16:00:00,0.0,0.42000000000000004,SFFR,14.984375,0.0,0.42000000000000004,SFFR,21.0,0.0,4.062500797702698,Multi-Market,Idle,0.0,4.989999999999995,91.58,96.57,SSP,EPEX
2026-05-15 16:30:00,0.0,0.42000000000000004,SFFR,14.984375,0.0,0.42000000000000004,SFFR,21.0,-2.1,6.021250398851349,Multi-Market,Buy-SSP,-147.0,28.549999999999997,70.0,98.55,SSP,ISEM
2026-05-15 17:00:00,0.0,0.42000000000000004,SFFR,14.984375,0.0,0.42000000000000004,SFFR,21.0,0.0,6.021250398851349,Multi-Market,Idle,0.0,33.17,81.0,114.17,SSP,DA_HH
2026-05-15 17:30:00,0.0,0.42000000000000004,SFFR,14.984375,0.0,0.42000000000000004,SFFR,21.0,0.0,6.021250398851349,Multi-Market,Idle,0.0,27.310000000000002,81.0,108.31,SSP,EPEX
2026-05-15 18:00:00,0.0,0.42000000000000004,SFFR,14.984375,0.0,0.42000000000000004,SFFR,21.0,0.0,6.021250398851349,Multi-Market,Idle,0.0,35.0,81.0,116.0,SSP,EPEX
2026-05-15 18:30:00,0.0,0.42000000000000004,SFFR,14.984375,0.0,0.42000000000000004,SFFR,21.0,-2.1,7.9799999999999995,Multi-Market,Buy-SSP,-118.83900000000001,62.41,56.59,119.0,SSP,DA_HH
2026-05-15 19:00:00,0.0,0.42000000000000004,SFFR,14.984375,0.0,0.42000000000000004,SFFR,25.724999999999998,0.0,7.9799999999999995,Multi-Market,Idle,0.0,12.259999999999991,115.09,127.35,SSP,DA_HH
2026-05-15 19:30:00,0.0,0.42000000000000004,SFFR,14.984375,0.0,0.42000000000000004,SFFR,25.724999999999998,3.75,3.959577994358269,Multi-Market,Sell-SSP,522.9375,13.529999999999987,125.92,139.45,ISEM,SSP
2026-05-15 20:00:00,0.0,0.42000000000000004,SFFR,14.984375,0.0,0.42000000000000004,SFFR,25.724999999999998,3.3014985641351435,0.42000000000000004,Multi-Market,Sell-SSP,460.3939747686457,13.009999999999991,126.44,139.45,ISEM,SSP
2026-05-15 20:30:00,0.0,0.42000000000000004,SFFR,14.984375,0.0,0.42000000000000004,SFFR,25.724999999999998,0.0,0.42000000000000004,Multi-Market,Idle,0.0,1.8500000000000085,127.71,129.56,DA_HH,ISEM
2026-05-15 21:00:00,0.0,0.42000000000000004,SFFR,14.984375,0.0,0.42000000000000004,SFFR,25.724999999999998,-2.1,2.378749601148651,Multi-Market,Buy-SSP,-42.0,111.16999999999999,20.0,131.17,SSP,EPEX
2026-05-15 21:30:00,0.0,0.42000000000000004,SFFR,14.984375,0.0,0.42000000000000004,SFFR,25.724999999999998,1.8269999999999997,0.42000000000000004,Multi-Market,Sell-EPEX,239.64758999999995,46.39999999999999,84.77,131.17,SSP,EPEX
2026-05-15 22:00:00,0.0,0.42000000000000004,SFFR,14.984375,0.0,0.42000000000000004,SFFR,25.724999999999998,0.0,0.41999999999999965,Multi-Market,Idle,0.0,29.809999999999988,89.43,119.24,SSP,DA_HH
2026-05-15 22:30:00,0.0,0.42000000000000004,SFFR,14.984375,0.0,0.42000000000000004,SFFR,25.724999999999998,0.0,0.41999999999999965,Multi-Market,Idle,0.0,28.900000000000006,90.0,118.9,SSP,EPEX
2026-05-15 23:00:00,0.0,0.42000000000000004,SFFR,14.984375,0.0,0.42000000000000004,SFFR,5.425,0.0,0.42000000000000004,Multi-Market,Idle,0.0,15.689999999999998,98.39,114.08,SSP,ISEM
2026-05-15 23:30:00,0.0,0.42000000000000004,SFFR,14.984375,0.0,0.42000000000000004,SFFR,5.425,-0.0,0.42000000000000004,Multi-Market,Idle,-0.0,11.799999999999997,113.2,125.0,EPEX,SSP
2026-05-16 00:00:00,0.0,0.42000000000000004,SFFR,15.827291666666667,0.0,0.42000000000000004,SFFR,5.425,0.0,0.42000000000000004,SFFR,SFFR,15.827291666666667,19.900000000000006,105.1,125.0,DA_HH,SSP
2026-05-16 00:30:00,0.0,0.42000000000000004,SFFR,15.827291666666667,0.0,0.42000000000000004,SFFR,5.425,0.0,0.42000000000000004,SFFR,SFFR,15.827291666666667,22.650000000000006,102.35,125.0,DA_HH,SSP
2026-05-16 01:00:00,0.0,0.42000000000000004,SFFR,15.827291666666667,0.0,0.42000000000000004,SFFR,5.425,0.0,0.42000000000000004,SFFR,SFFR,15.827291666666667,26.680000000000007,98.32,125.0,DA_HH,SSP
2026-05-16 01:30:00,0.0,0.42000000000000004,SFFR,15.827291666666667,0.0,0.42000000000000004,SFFR,5.425,0.0,0.42000000000000004,SFFR,SFFR,15.827291666666667,14.079999999999998,105.92,120.0,DA_HH,SSP
2026-05-16 02:00:00,0.0,0.42000000000000004,SFFR,15.827291666666667,0.0,0.42000000000000004,SFFR,5.425,0.0,0.42000000000000004,SFFR,SFFR,15.827291666666667,16.599999999999994,103.4,120.0,DA_HH,SSP
2026-05-16 02:30:00,0.0,0.42000000000000004,SFFR,15.827291666666667,0.0,0.42000000000000004,SFFR,5.425,0.0,0.42000000000000004,SFFR,SFFR,15.827291666666667,12.209999999999994,93.79,106.0,SSP,ISEM
2026-05-16 03:00:00,0.0,0.42000000000000004,SFFR,15.827291666666667,0.0,0.42000000000000004,SFFR,6.965,0.0,0.42000000000000004,SFFR,SFFR,15.827291666666667,11.25,93.71,104.96,SSP,EPEX
2026-05-16 03:30:00,0.0,0.42000000000000004,SFFR,15.827291666666667,0.0,0.42000000000000004,SFFR,6.965,0.0,0.42000000000000004,SFFR,SFFR,15.827291666666667,19.14,85.82,104.96,SSP,EPEX
2026-05-16 04:00:00,0.0,0.42000000000000004,SFFR,15.827291666666667,0.0,0.42000000000000004,SFFR,6.965,0.0,0.42000000000000004,SFFR,SFFR,15.827291666666667,18.189999999999998,85.8,103.99,SSP,EPEX
2026-05-16 04:30:00,0.0,0.42000000000000004,SFFR,15.827291666666667,0.0,0.42000000000000004,SFFR,6.965,0.0,0.42000000000000004,SFFR,SFFR,15.827291666666667,24.260000000000005,95.74,120.0,DA_HH,SSP
2026-05-16 05:00:00,0.0,0.42000000000000004,SFFR,15.827291666666667,0.0,0.42000000000000004,SFFR,6.965,0.0,0.42000000000000004,SFFR,SFFR,15.827291666666667,23.0,97.0,120.0,DA_HH,SSP
2026-05-16 05:30:00,0.0,0.42000000000000004,SFFR,15.827291666666667,0.0,0.42000000000000004,SFFR,6.965,0.0,0.42000000000000004,SFFR,SFFR,15.827291666666667,12.27000000000001,89.63,101.9,SSP,EPEX
2026-05-16 06:00:00,0.0,0.42000000000000004,SFFR,15.827291666666667,0.0,0.42000000000000004,SFFR,6.965,0.0,0.42000000000000004,SFFR,SFFR,15.827291666666667,16.189999999999998,85.81,102.0,SSP,DA_HH
2026-05-16 06:30:00,0.0,0.42000000000000004,SFFR,15.827291666666667,0.0,0.42000000000000004,SFFR,6.965,0.0,0.42000000000000004,SFFR,SFFR,15.827291666666667,14.38000000000001,86.32,100.7,SSP,DA_HH
2026-05-16 07:00:00,0.0,0.42000000000000004,SFFR,15.827291666666667,0.0,0.42000000000000004,SFFR,21.84,0.0,0.42000000000000004,SFFR,SFFR,15.827291666666667,18.489999999999995,90.37,108.86,SSP,ISEM
2026-05-16 07:30:00,0.0,0.42000000000000004,SFFR,15.827291666666667,0.0,0.42000000000000004,SFFR,21.84,0.0,0.42000000000000004,SFFR,SFFR,15.827291666666667,25.680000000000007,85.8,111.48,SSP,ISEM
2026-05-16 08:00:00,0.0,0.42000000000000004,SFFR,15.827291666666667,0.0,0.42000000000000004,SFFR,21.84,0.0,0.42000000000000004,SFFR,SFFR,15.827291666666667,24.680000000000007,86.32,111.0,SSP,ISEM
2026-05-16 08:30:00,0.0,0.42000000000000004,SFFR,15.827291666666667,0.0,0.42000000000000004,SFFR,21.84,0.0,0.42000000000000004,SFFR,SFFR,15.827291666666667,26.55000000000001,86.32,112.87,SSP,DA_HH
2026-05-16 09:00:00,0.0,0.42000000000000004,SFFR,15.827291666666667,0.0,0.42000000000000004,SFFR,21.84,0.0,0.42000000000000004,SFFR,SFFR,15.827291666666667,22.379999999999995,86.12,108.5,SSP,DA_HH
2026-05-16 09:30:00,0.0,0.42000000000000004,SFFR,15.827291666666667,0.0,0.42000000000000004,SFFR,21.84,0.0,0.42000000000000004,SFFR,SFFR,15.827291666666667,24.340000000000003,85.8,110.14,SSP,ISEM
2026-05-16 10:00:00,0.0,0.42000000000000004,SFFR,15.827291666666667,0.0,0.42000000000000004,SFFR,21.84,0.0,0.42000000000000004,SFFR,SFFR,15.827291666666667,31.900000000000006,85.1,117.0,SSP,ISEM
2026-05-16 10:30:00,0.0,0.42000000000000004,SFFR,15.827291666666667,0.0,0.42000000000000004,SFFR,21.84,0.0,0.42000000000000004,SFFR,SFFR,15.827291666666667,25.680000000000007,86.32,112.0,SSP,ISEM
2026-05-16 11:00:00,0.0,0.42000000000000004,SFFR,15.827291666666667,0.0,0.42000000000000004,SFFR,11.094999999999999,0.0,0.42000000000000004,SFFR,SFFR,15.827291666666667,33.75,86.32,120.07,SSP,DA_HH
2026-05-16 11:30:00,0.0,0.42000000000000004,SFFR,15.827291666666667,0.0,0.42000000000000004,SFFR,11.094999999999999,0.0,0.42000000000000004,SFFR,SFFR,15.827291666666667,31.99000000000001,86.41,118.4,SSP,DA_HH
2026-05-16 12:00:00,0.0,0.42000000000000004,SFFR,15.827291666666667,0.0,0.42000000000000004,SFFR,11.094999999999999,0.0,0.42000000000000004,SFFR,SFFR,15.827291666666667,34.19,86.41,120.6,SSP,DA_HH
2026-05-16 12:30:00,0.0,0.42000000000000004,SFFR,15.827291666666667,0.0,0.42000000000000004,SFFR,11.094999999999999,0.0,0.42000000000000004,SFFR,SFFR,15.827291666666667,7.079999999999998,112.92,120.0,ISEM,SSP
2026-05-16 13:00:00,0.0,0.42000000000000004,SFFR,15.827291666666667,0.0,0.42000000000000004,SFFR,11.094999999999999,0.0,0.42000000000000004,SFFR,SFFR,15.827291666666667,22.10000000000001,92.8,114.9,SSP,DA_HH
2026-05-16 13:30:00,0.0,0.42000000000000004,SFFR,15.827291666666667,0.0,0.42000000000000004,SFFR,11.094999999999999,0.0,0.42000000000000004,SFFR,SFFR,15.827291666666667,19.200000000000003,92.8,112.0,SSP,EPEX
2026-05-16 14:00:00,0.0,0.42000000000000004,SFFR,15.827291666666667,0.0,0.42000000000000004,SFFR,11.094999999999999,0.0,0.42000000000000004,SFFR,SFFR,15.827291666666667,17.439999999999998,91.16,108.6,SSP,DA_HH
2026-05-16 14:30:00,0.0,0.42000000000000004,SFFR,15.827291666666667,0.0,0.42000000000000004,SFFR,11.094999999999999,0.0,0.42000000000000004,SFFR,SFFR,15.827291666666667,16.590000000000003,91.81,108.4,SSP,EPEX
2026-05-16 15:00:00,0.0,0.42000000000000004,SFFR,15.827291666666667,0.0,0.42000000000000004,SFFR,21.98,0.0,0.42000000000000004,SFFR,SFFR,15.827291666666667,19.28,91.52,110.8,SSP,EPEX
2026-05-16 15:30:00,0.0,0.42000000000000004,SFFR,15.827291666666667,0.0,0.42000000000000004,SFFR,21.98,0.0,0.42000000000000004,SFFR,SFFR,15.827291666666667,24.239999999999995,86.56,110.8,SSP,EPEX
2026-05-16 16:00:00,0.0,0.42000000000000004,SFFR,15.827291666666667,0.0,0.42000000000000004,SFFR,21.98,0.0,0.42000000000000004,SFFR,SFFR,15.827291666666667,16.929999999999993,98.2,115.13,SSP,EPEX
2026-05-16 16:30:00,0.0,0.42000000000000004,SFFR,15.827291666666667,0.0,0.42000000000000004,SFFR,21.98,0.0,0.42000000000000004,SFFR,SFFR,15.827291666666667,25.0,110.0,135.0,DA_HH,SSP
2026-05-16 17:00:00,0.0,0.42000000000000004,SFFR,15.827291666666667,0.0,0.42000000000000004,SFFR,21.98,0.0,0.42000000000000004,SFFR,SFFR,15.827291666666667,25.379999999999995,101.62,127.0,SSP,ISEM
2026-05-16 17:30:00,0.0,0.42000000000000004,SFFR,15.827291666666667,0.0,0.42000000000000004,SFFR,21.98,0.0,0.42000000000000004,SFFR,SFFR,15.827291666666667,15.650000000000006,119.35,135.0,EPEX,SSP
2026-05-16 18:00:00,0.0,0.42000000000000004,SFFR,15.827291666666667,0.0,0.42000000000000004,SFFR,21.98,0.0,0.42000000000000004,SFFR,SFFR,15.827291666666667,26.810000000000002,103.59,130.4,SSP,DA_HH
2026-05-16 18:30:00,0.0,0.42000000000000004,SFFR,15.827291666666667,0.0,0.42000000000000004,SFFR,21.98,0.0,0.42000000000000004,SFFR,SFFR,15.827291666666667,24.450000000000003,103.05,127.5,SSP,ISEM
2026-05-16 19:00:00,0.0,0.42000000000000004,SFFR,15.827291666666667,0.0,0.42000000000000004,SFFR,27.615,0.0,0.42000000000000004,SFFR,SFFR,15.827291666666667,24.77000000000001,103.78,128.55,SSP,EPEX
2026-05-16 19:30:00,0.0,0.42000000000000004,SFFR,15.827291666666667,0.0,0.42000000000000004,SFFR,27.615,0.0,0.42000000000000004,SFFR,SFFR,15.827291666666667,6.480000000000004,123.52,130.0,DA_HH,SSP
2026-05-16 20:00:00,0.0,0.42000000000000004,SFFR,15.827291666666667,0.0,0.42000000000000004,SFFR,27.615,0.0,0.42000000000000004,SFFR,SFFR,15.827291666666667,4.540000000000006,126.39,130.93,ISEM,EPEX
2026-05-16 20:30:00,0.0,0.42000000000000004,SFFR,15.827291666666667,0.0,0.42000000000000004,SFFR,27.615,0.0,0.42000000000000004,SFFR,SFFR,15.827291666666667,36.93000000000001,94.0,130.93,SSP,EPEX
2026-05-16 21:00:00,0.0,0.42000000000000004,SFFR,15.827291666666667,0.0,0.42000000000000004,SFFR,27.615,0.0,0.42000000000000004,SFFR,SFFR,15.827291666666667,29.819999999999993,94.0,123.82,SSP,EPEX
2026-05-16 21:30:00,0.0,0.42000000000000004,SFFR,15.827291666666667,0.0,0.42000000000000004,SFFR,27.615,0.0,0.42000000000000004,SFFR,SFFR,15.827291666666667,28.819999999999993,95.0,123.82,SSP,EPEX
2026-05-16 22:00:00,0.0,0.42000000000000004,SFFR,15.827291666666667,0.0,0.42000000000000004,SFFR,27.615,0.0,0.42000000000000004,SFFR,SFFR,15.827291666666667,16.78,96.3,113.08,SSP,DA_HH
2026-05-16 22:30:00,0.0,0.42000000000000004,SFFR,15.827291666666667,0.0,0.42000000000000004,SFFR,27.615,0.0,0.42000000000000004,SFFR,SFFR,15.827291666666667,17.700000000000003,95.0,112.7,SSP,EPEX
2026-05-16 23:00:00,0.0,0.42000000000000004,SFFR,15.827291666666667,0.0,0.42000000000000004,SFFR,5.6000000000000005,0.0,0.42000000000000004,SFFR,SFFR,15.827291666666667,22.78,110.22,133.0,ISEM,SSP
2026-05-16 23:30:00,0.0,0.42000000000000004,SFFR,15.827291666666667,0.0,0.42000000000000004,SFFR,5.6000000000000005,0.0,0.42000000000000004,SFFR,SFFR,15.827291666666667,8.460000000000008,110.46,118.92,ISEM,DA_HH
2026-05-17 00:00:00,0.0,0.42000000000000004,SFFR,16.47625,0.0,0.42000000000000004,SFFR,5.6000000000000005,-0.0,0.42000000000000004,Multi-Market,Idle,-0.0,16.060000000000002,101.08,117.14,SSP,DA_HH
2026-05-17 00:30:00,0.0,0.42000000000000004,SFFR,16.47625,0.0,0.42000000000000004,SFFR,5.6000000000000005,-0.0,0.42000000000000004,Multi-Market,Idle,-0.0,25.289999999999992,89.9,115.19,SSP,EPEX
2026-05-17 01:00:00,0.0,0.42000000000000004,SFFR,16.47625,0.0,0.42000000000000004,SFFR,5.6000000000000005,-0.0,0.42000000000000004,Multi-Market,Idle,-0.0,30.64,82.29,112.93,SSP,EPEX
2026-05-17 01:30:00,0.0,0.42000000000000004,SFFR,16.47625,0.0,0.42000000000000004,SFFR,5.6000000000000005,-0.0,0.42000000000000004,Multi-Market,Idle,-0.0,27.38000000000001,85.55,112.93,SSP,EPEX
2026-05-17 02:00:00,0.0,0.42000000000000004,SFFR,16.47625,0.0,0.42000000000000004,SFFR,5.6000000000000005,0.0,0.42000000000000004,Multi-Market,Idle,0.0,32.739999999999995,77.26,110.0,SSP,EPEX
2026-05-17 02:30:00,0.0,0.42000000000000004,SFFR,16.47625,0.0,0.42000000000000004,SFFR,5.6000000000000005,0.0,0.42000000000000004,Multi-Market,Idle,0.0,32.650000000000006,77.35,110.0,SSP,EPEX
2026-05-17 03:00:00,0.0,0.42000000000000004,SFFR,16.47625,0.0,0.42000000000000004,SFFR,6.965,0.0,0.42000000000000004,Multi-Market,Idle,0.0,26.03,81.87,107.9,SSP,EPEX
2026-05-17 03:30:00,0.0,0.42000000000000004,SFFR,16.47625,0.0,0.42000000000000004,SFFR,6.965,0.0,0.42000000000000004,Multi-Market,Idle,0.0,27.49000000000001,80.41,107.9,SSP,EPEX
2026-05-17 04:00:00,0.0,0.42000000000000004,SFFR,16.47625,0.0,0.42000000000000004,SFFR,6.965,0.0,0.42000000000000004,Multi-Market,Idle,0.0,26.0,75.0,101.0,SSP,EPEX
2026-05-17 04:30:00,0.0,0.42000000000000004,SFFR,16.47625,0.0,0.42000000000000004,SFFR,6.965,0.0,0.42000000000000004,Multi-Market,Idle,0.0,21.959999999999994,79.04,101.0,SSP,EPEX
2026-05-17 05:00:00,0.0,0.42000000000000004,SFFR,16.47625,0.0,0.42000000000000004,SFFR,6.965,0.0,0.42000000000000004,Multi-Market,Idle,0.0,9.990000000000009,90.69,100.68,ISEM,SSP
2026-05-17 05:30:00,0.0,0.42000000000000004,SFFR,16.47625,0.0,0.42000000000000004,SFFR,6.965,0.0,0.42000000000000004,Multi-Market,Idle,0.0,7.0,92.2,99.2,DA_HH,SSP
2026-05-17 06:00:00,0.0,0.42000000000000004,SFFR,16.47625,0.0,0.42000000000000004,SFFR,6.965,0.0,0.42000000000000004,Multi-Market,Idle,0.0,6.180000000000007,93.0,99.18,ISEM,SSP
2026-05-17 06:30:00,0.0,0.42000000000000004,SFFR,16.47625,0.0,0.42000000000000004,SFFR,6.965,-2.1,2.3787496011486513,Multi-Market,Buy-SSP,-75.57900000000001,57.71999999999999,35.99,93.71,SSP,EPEX
2026-05-17 07:00:00,0.0,0.42000000000000004,SFFR,16.47625,0.0,0.42000000000000004,SFFR,20.93,1.8270000000000004,0.42000000000000004,Multi-Market,Sell-SSP,204.24033000000006,26.52000000000001,85.27,111.79,ISEM,SSP
2026-05-17 07:30:00,0.0,0.42000000000000004,SFFR,16.47625,0.0,0.42000000000000004,SFFR,20.93,0.0,0.4199999999999997,Multi-Market,Idle,0.0,9.350000000000009,86.52,95.87,ISEM,DA_HH
2026-05-17 08:00:00,0.0,0.42000000000000004,SFFR,16.47625,0.0,0.42000000000000004,SFFR,20.93,0.0,0.4199999999999997,Multi-Market,Idle,0.0,8.450000000000003,87.86,96.31,ISEM,DA_HH
2026-05-17 08:30:00,0.0,0.42000000000000004,SFFR,16.47625,0.0,0.42000000000000004,SFFR,20.93,0.0,0.4199999999999997,Multi-Market,Idle,0.0,9.14,87.86,97.0,ISEM,DA_HH
2026-05-17 09:00:00,0.0,0.42000000000000004,SFFR,16.47625,0.0,0.42000000000000004,SFFR,20.93,0.0,0.4199999999999997,Multi-Market,Idle,0.0,21.53,74.47,96.0,SSP,DA_HH
2026-05-17 09:30:00,0.0,0.42000000000000004,SFFR,16.47625,0.0,0.42000000000000004,SFFR,20.93,0.0,0.4199999999999997,Multi-Market,Idle,0.0,9.719999999999999,90.4,100.12,EPEX,SSP
2026-05-17 10:00:00,0.0,0.42000000000000004,SFFR,16.47625,0.0,0.42000000000000004,SFFR,20.93,0.0,0.4199999999999997,Multi-Market,Idle,0.0,25.14,80.41,105.55,SSP,DA_HH
2026-05-17 10:30:00,0.0,0.42000000000000004,SFFR,16.47625,0.0,0.42000000000000004,SFFR,20.93,0.0,0.4199999999999997,Multi-Market,Idle,0.0,21.14,80.02,101.16,SSP,DA_HH
2026-05-17 11:00:00,0.0,0.42000000000000004,SFFR,16.47625,0.0,0.42000000000000004,SFFR,10.5,0.0,0.4199999999999997,Multi-Market,Idle,0.0,17.97,90.3,108.27,EPEX,SSP
2026-05-17 11:30:00,0.0,0.42000000000000004,SFFR,16.47625,0.0,0.42000000000000004,SFFR,10.5,0.0,0.4199999999999997,Multi-Market,Idle,0.0,15.950000000000003,90.3,106.25,EPEX,SSP
2026-05-17 12:00:00,0.0,0.42000000000000004,SFFR,16.47625,0.0,0.42000000000000004,SFFR,10.5,-0.0,0.42000000000000004,Multi-Market,Idle,-0.0,18.47,90.6,109.07,EPEX,SSP
2026-05-17 12:30:00,0.0,0.42000000000000004,SFFR,16.47625,0.0,0.42000000000000004,SFFR,10.5,0.0,0.4199999999999997,Multi-Market,Idle,0.0,19.39,85.11,104.5,SSP,DA_HH
2026-05-17 13:00:00,0.0,0.42000000000000004,SFFR,16.47625,0.0,0.42000000000000004,SFFR,10.5,-1.8051707633737288,2.103751196554046,Multi-Market,Buy-SSP,-108.59907312456352,38.84,60.16,99.0,SSP,DA_HH
2026-05-17 13:30:00,0.0,0.42000000000000004,SFFR,16.47625,0.0,0.42000000000000004,SFFR,10.5,-2.1,4.062500797702697,Multi-Market,Buy-SSP,-6.300000000000001,94.9,3.0,97.9,SSP,ISEM
2026-05-17 14:00:00,0.0,0.42000000000000004,SFFR,16.47625,0.0,0.42000000000000004,SFFR,10.5,-2.1,6.021250398851349,Multi-Market,Buy-SSP,-6.300000000000001,97.96,3.0,100.96,SSP,EPEX
2026-05-17 14:30:00,0.0,0.42000000000000004,SFFR,16.47625,0.0,0.42000000000000004,SFFR,10.5,-2.1,7.9799999999999995,Multi-Market,Buy-SSP,-6.300000000000001,97.96,3.0,100.96,SSP,EPEX
2026-05-17 15:00:00,0.0,0.42000000000000004,SFFR,16.47625,0.0,0.42000000000000004,SFFR,24.255,-0.27300000000000035,7.9799999999999995,Multi-Market,Buy-SSP,186.37541999999996,102.46,3.0,105.46,SSP,DA_HH
2026-05-17 15:30:00,0.0,0.42000000000000004,SFFR,16.47625,0.0,0.42000000000000004,SFFR,24.255,-0.27300000000000035,7.9799999999999995,Multi-Market,Buy-SSP,185.31786,102.18,5.0,107.18,SSP,DA_HH
2026-05-17 16:00:00,0.0,0.42000000000000004,SFFR,16.47625,0.0,0.42000000000000004,SFFR,24.255,-0.0,7.9799999999999995,Multi-Market,Idle,-0.0,35.290000000000006,80.41,115.7,SSP,ISEM
2026-05-17 16:30:00,0.0,0.42000000000000004,SFFR,16.47625,0.0,0.42000000000000004,SFFR,24.255,-0.0,7.9799999999999995,Multi-Market,Idle,-0.0,21.900000000000006,107.1,129.0,EPEX,SSP
2026-05-17 17:00:00,0.0,0.42000000000000004,SFFR,16.47625,0.0,0.42000000000000004,SFFR,24.255,0.0,7.9799999999999995,Multi-Market,Idle,0.0,28.0,93.0,121.0,SSP,EPEX
2026-05-17 17:30:00,0.0,0.42000000000000004,SFFR,16.47625,0.0,0.42000000000000004,SFFR,24.255,3.369000000000002,4.368052870131466,Multi-Market,Sell-SSP,530.4490500000003,36.44999999999999,121.0,157.45,EPEX,SSP
2026-05-17 18:00:00,0.0,0.42000000000000004,SFFR,16.47625,0.0,0.42000000000000004,SFFR,24.255,0.0,4.368052870131466,Multi-Market,Idle,0.0,8.099999999999994,130.0,138.1,ISEM,EPEX
2026-05-17 18:30:00,0.0,0.42000000000000004,SFFR,16.47625,0.0,0.42000000000000004,SFFR,24.255,0.0,4.368052870131466,Multi-Market,Idle,0.0,7.099999999999994,131.0,138.1,DA_HH,EPEX
2026-05-17 19:00:00,0.0,0.42000000000000004,SFFR,16.47625,0.0,0.42000000000000004,SFFR,30.59,0.0,4.368052870131466,Multi-Market,Idle,0.0,7.289999999999992,137.46,144.75,EPEX,DA_HH
2026-05-17 19:30:00,0.0,0.42000000000000004,SFFR,16.47625,0.0,0.42000000000000004,SFFR,30.59,-0.07758785731592904,4.4404220056417305,Multi-Market,Buy-SSP,-8.22431287548848,39.5,106.0,145.5,SSP,ISEM
2026-05-17 20:00:00,0.0,0.42000000000000004,SFFR,16.47625,0.0,0.42000000000000004,SFFR,30.59,0.0,4.4404220056417305,Multi-Market,Idle,0.0,7.030000000000001,137.98,145.01,SSP,ISEM
2026-05-17 20:30:00,0.0,0.42000000000000004,SFFR,16.47625,0.0,0.42000000000000004,SFFR,30.59,0.0,4.4404220056417305,Multi-Market,Idle,0.0,8.02000000000001,137.98,146.0,SSP,ISEM
2026-05-17 21:00:00,0.0,0.42000000000000004,SFFR,16.47625,0.0,0.42000000000000004,SFFR,30.59,0.0,4.4404220056417305,Multi-Market,Idle,0.0,25.98999999999998,131.46,157.45,EPEX,SSP
2026-05-17 21:30:00,0.0,0.42000000000000004,SFFR,16.47625,0.0,0.42000000000000004,SFFR,30.59,3.75,0.42000000000000004,Multi-Market,Sell-SSP,591.9375,26.389999999999986,131.46,157.85,EPEX,SSP
2026-05-17 22:00:00,0.0,0.42000000000000004,SFFR,16.47625,0.0,0.42000000000000004,SFFR,30.59,-0.0,0.42000000000000004,Multi-Market,Idle,-0.0,36.89,105.11,142.0,SSP,DA_HH
2026-05-17 22:30:00,0.0,0.42000000000000004,SFFR,16.47625,0.0,0.42000000000000004,SFFR,30.59,-0.0,0.42000000000000004,Multi-Market,Idle,-0.0,29.50999999999999,102.53,132.04,SSP,ISEM
2026-05-17 23:00:00,0.0,0.42000000000000004,SFFR,16.47625,0.0,0.42000000000000004,SFFR,5.67,-0.0,0.42000000000000004,Multi-Market,Idle,-0.0,18.659999999999997,110.0,128.66,EPEX,DA_HH
2026-05-17 23:30:00,0.0,0.42000000000000004,SFFR,16.47625,0.0,0.42000000000000004,SFFR,5.67,-0.0,0.42000000000000004,Multi-Market,Idle,-0.0,13.75,110.0,123.75,EPEX,DA_HH
2026-05-18 00:00:00,0.0,0.42000000000000004,SFFR,14.043750000000001,0.0,0.42000000000000004,SFFR,5.67,0.0,0.42000000000000004,SFFR,SFFR,14.043750000000001,32.91,106.87,139.78,EPEX,SSP
2026-05-18 00:30:00,0.0,0.42000000000000004,SFFR,14.043750000000001,0.0,0.42000000000000004,SFFR,5.67,0.0,0.42000000000000004,SFFR,SFFR,14.043750000000001,13.429999999999993,106.87,120.3,EPEX,DA_HH
2026-05-18 01:00:00,0.0,0.42000000000000004,SFFR,14.043750000000001,0.0,0.42000000000000004,SFFR,5.67,0.0,0.42000000000000004,SFFR,SFFR,14.043750000000001,12.240000000000009,105.05,117.29,EPEX,DA_HH
2026-05-18 01:30:00,0.0,0.42000000000000004,SFFR,14.043750000000001,0.0,0.42000000000000004,SFFR,5.67,0.0,0.42000000000000004,SFFR,SFFR,14.043750000000001,18.340000000000003,105.05,123.39,EPEX,DA_HH
2026-05-18 02:00:00,0.0,0.42000000000000004,SFFR,14.043750000000001,0.0,0.42000000000000004,SFFR,5.67,0.0,0.42000000000000004,SFFR,SFFR,14.043750000000001,12.97999999999999,106.65,119.63,EPEX,SSP
2026-05-18 02:30:00,0.0,0.42000000000000004,SFFR,14.043750000000001,0.0,0.42000000000000004,SFFR,5.67,0.0,0.42000000000000004,SFFR,SFFR,14.043750000000001,30.289999999999992,106.65,136.94,EPEX,SSP
2026-05-18 03:00:00,0.0,0.42000000000000004,SFFR,14.043750000000001,0.0,0.42000000000000004,SFFR,8.4,0.0,0.42000000000000004,SFFR,SFFR,14.043750000000001,9.52000000000001,106.1,115.62,EPEX,SSP
2026-05-18 03:30:00,0.0,0.42000000000000004,SFFR,14.043750000000001,0.0,0.42000000000000004,SFFR,8.4,0.0,0.42000000000000004,SFFR,SFFR,14.043750000000001,9.870000000000005,106.1,115.97,EPEX,SSP
2026-05-18 04:00:00,0.0,0.42000000000000004,SFFR,14.043750000000001,0.0,0.42000000000000004,SFFR,8.4,0.0,0.42000000000000004,SFFR,SFFR,14.043750000000001,6.909999999999997,111.98,118.89,ISEM,SSP
2026-05-18 04:30:00,0.0,0.42000000000000004,SFFR,14.043750000000001,0.0,0.42000000000000004,SFFR,8.4,0.0,0.42000000000000004,SFFR,SFFR,14.043750000000001,21.680000000000007,110.34,132.02,ISEM,SSP
2026-05-18 05:00:00,0.0,0.42000000000000004,SFFR,14.043750000000001,0.0,0.42000000000000004,SFFR,8.4,0.0,0.42000000000000004,SFFR,SFFR,14.043750000000001,23.36,102.0,125.36,SSP,EPEX
2026-05-18 05:30:00,0.0,0.42000000000000004,SFFR,14.043750000000001,0.0,0.42000000000000004,SFFR,8.4,0.0,0.42000000000000004,SFFR,SFFR,14.043750000000001,14.650000000000006,111.35,126.0,SSP,ISEM
2026-05-18 06:00:00,0.0,0.42000000000000004,SFFR,14.043750000000001,0.0,0.42000000000000004,SFFR,8.4,0.0,0.42000000000000004,SFFR,SFFR,14.043750000000001,19.349999999999994,130.65,150.0,EPEX,SSP
2026-05-18 06:30:00,0.0,0.42000000000000004,SFFR,14.043750000000001,0.0,0.42000000000000004,SFFR,8.4,0.0,0.42000000000000004,SFFR,SFFR,14.043750000000001,24.919999999999987,130.65,155.57,EPEX,SSP
2026-05-18 07:00:00,0.0,0.42000000000000004,SFFR,14.043750000000001,0.0,0.42000000000000004,SFFR,12.25,0.0,0.42000000000000004,SFFR,SFFR,14.043750000000001,32.64,109.36,142.0,SSP,ISEM
2026-05-18 07:30:00,0.0,0.42000000000000004,SFFR,14.043750000000001,0.0,0.42000000000000004,SFFR,12.25,0.0,0.42000000000000004,SFFR,SFFR,14.043750000000001,41.0,103.0,144.0,SSP,DA_HH
2026-05-18 08:00:00,0.0,0.42000000000000004,SFFR,14.043750000000001,0.0,0.42000000000000004,SFFR,12.25,0.0,0.42000000000000004,SFFR,SFFR,14.043750000000001,38.94,101.06,140.0,SSP,DA_HH
2026-05-18 08:30:00,0.0,0.42000000000000004,SFFR,14.043750000000001,0.0,0.42000000000000004,SFFR,12.25,0.0,0.42000000000000004,SFFR,SFFR,14.043750000000001,47.620000000000005,92.0,139.62,SSP,DA_HH
2026-05-18 09:00:00,0.0,0.42000000000000004,SFFR,14.043750000000001,0.0,0.42000000000000004,SFFR,12.25,0.0,0.42000000000000004,SFFR,SFFR,14.043750000000001,21.0,129.0,150.0,EPEX,SSP
2026-05-18 09:30:00,0.0,0.42000000000000004,SFFR,14.043750000000001,0.0,0.42000000000000004,SFFR,12.25,0.0,0.42000000000000004,SFFR,SFFR,14.043750000000001,26.569999999999993,129.0,155.57,EPEX,SSP
2026-05-18 10:00:00,0.0,0.42000000000000004,SFFR,14.043750000000001,0.0,0.42000000000000004,SFFR,12.25,0.0,0.42000000000000004,SFFR,SFFR,14.043750000000001,12.799999999999997,119.2,132.0,EPEX,DA_HH
2026-05-18 10:30:00,0.0,0.42000000000000004,SFFR,14.043750000000001,0.0,0.42000000000000004,SFFR,12.25,0.0,0.42000000000000004,SFFR,SFFR,14.043750000000001,16.64999999999999,119.2,135.85,EPEX,SSP
2026-05-18 11:00:00,0.0,0.42000000000000004,SFFR,14.043750000000001,0.0,0.42000000000000004,SFFR,10.674999999999999,0.0,0.42000000000000004,SFFR,SFFR,14.043750000000001,13.540000000000006,118.2,131.74,EPEX,SSP
2026-05-18 11:30:00,0.0,0.42000000000000004,SFFR,14.043750000000001,0.0,0.42000000000000004,SFFR,10.674999999999999,0.0,0.42000000000000004,SFFR,SFFR,14.043750000000001,25.249999999999986,118.2,143.45,EPEX,SSP
2026-05-18 12:00:00,0.0,0.42000000000000004,SFFR,14.043750000000001,0.0,0.42000000000000004,SFFR,10.674999999999999,0.0,0.42000000000000004,SFFR,SFFR,14.043750000000001,15.25,114.0,129.25,EPEX,SSP
2026-05-18 12:30:00,0.0,0.42000000000000004,SFFR,14.043750000000001,0.0,0.42000000000000004,SFFR,10.674999999999999,0.0,0.42000000000000004,SFFR,SFFR,14.043750000000001,26.150000000000006,90.75,116.9,SSP,ISEM
2026-05-18 13:00:00,0.0,0.42000000000000004,SFFR,14.043750000000001,0.0,0.42000000000000004,SFFR,10.674999999999999,0.0,0.42000000000000004,SFFR,SFFR,14.043750000000001,23.049999999999997,90.75,113.8,SSP,DA_HH
2026-05-18 13:30:00,0.0,0.42000000000000004,SFFR,14.043750000000001,0.0,0.42000000000000004,SFFR,10.674999999999999,0.0,0.42000000000000004,SFFR,SFFR,14.043750000000001,17.040000000000006,89.5,106.54,SSP,EPEX
2026-05-18 14:00:00,0.0,0.42000000000000004,SFFR,14.043750000000001,0.0,0.42000000000000004,SFFR,10.674999999999999,0.0,0.42000000000000004,SFFR,SFFR,14.043750000000001,15.030000000000001,90.21,105.24,SSP,DA_HH
2026-05-18 14:30:00,0.0,0.42000000000000004,SFFR,14.043750000000001,0.0,0.42000000000000004,SFFR,10.674999999999999,0.0,0.42000000000000004,SFFR,SFFR,14.043750000000001,16.159999999999997,100.84,117.0,ISEM,SSP
2026-05-18 15:00:00,0.0,0.42000000000000004,SFFR,14.043750000000001,0.0,0.42000000000000004,SFFR,21.0,0.0,0.42000000000000004,SFFR,SFFR,14.043750000000001,14.5,88.0,102.5,SSP,EPEX
2026-05-18 15:30:00,0.0,0.42000000000000004,SFFR,14.043750000000001,0.0,0.42000000000000004,SFFR,21.0,0.0,0.42000000000000004,SFFR,SFFR,14.043750000000001,12.930000000000007,90.8,103.73,SSP,DA_HH
2026-05-18 16:00:00,0.0,0.42000000000000004,SFFR,14.043750000000001,0.0,0.42000000000000004,SFFR,21.0,0.0,0.42000000000000004,SFFR,SFFR,14.043750000000001,16.200000000000003,90.8,107.0,SSP,EPEX
2026-05-18 16:30:00,0.0,0.42000000000000004,SFFR,14.043750000000001,0.0,0.42000000000000004,SFFR,21.0,0.0,0.42000000000000004,SFFR,SFFR,14.043750000000001,20.090000000000003,90.8,110.89,SSP,DA_HH
2026-05-18 17:00:00,0.0,0.42000000000000004,SFFR,14.043750000000001,0.0,0.42000000000000004,SFFR,21.0,0.0,0.42000000000000004,SFFR,SFFR,14.043750000000001,21.679999999999993,113.3,134.98,DA_HH,SSP
2026-05-18 17:30:00,0.0,0.42000000000000004,SFFR,14.043750000000001,0.0,0.42000000000000004,SFFR,21.0,0.0,0.42000000000000004,SFFR,SFFR,14.043750000000001,45.19,87.25,132.44,SSP,ISEM
2026-05-18 18:00:00,0.0,0.42000000000000004,SFFR,14.043750000000001,0.0,0.42000000000000004,SFFR,21.0,0.0,0.42000000000000004,SFFR,SFFR,14.043750000000001,12.340000000000003,130.62,142.96,DA_HH,EPEX
2026-05-18 18:30:00,0.0,0.42000000000000004,SFFR,14.043750000000001,0.0,0.42000000000000004,SFFR,21.0,0.0,0.42000000000000004,SFFR,SFFR,14.043750000000001,16.960000000000008,126.0,142.96,DA_HH,EPEX
2026-05-18 19:00:00,0.0,0.42000000000000004,SFFR,14.043750000000001,0.0,0.42000000000000004,SFFR,26.285,0.0,0.42000000000000004,SFFR,SFFR,14.043750000000001,59.170000000000016,86.44,145.61,SSP,EPEX
2026-05-18 19:30:00,0.0,0.42000000000000004,SFFR,14.043750000000001,0.0,0.42000000000000004,SFFR,26.285,0.0,0.42000000000000004,SFFR,SFFR,14.043750000000001,47.88000000000001,97.73,145.61,SSP,EPEX
2026-05-18 20:00:00,0.0,0.42000000000000004,SFFR,14.043750000000001,0.0,0.42000000000000004,SFFR,26.285,0.0,0.42000000000000004,SFFR,SFFR,14.043750000000001,12.700000000000017,126.57,139.27,SSP,EPEX
2026-05-18 20:30:00,0.0,0.42000000000000004,SFFR,14.043750000000001,0.0,0.42000000000000004,SFFR,26.285,0.0,0.42000000000000004,SFFR,SFFR,14.043750000000001,51.84,87.43,139.27,SSP,EPEX
2026-05-18 21:00:00,0.0,0.42000000000000004,SFFR,14.043750000000001,0.0,0.42000000000000004,SFFR,26.285,0.0,0.42000000000000004,SFFR,SFFR,14.043750000000001,31.590000000000003,100.41,132.0,SSP,DA_HH
2026-05-18 21:30:00,0.0,0.42000000000000004,SFFR,14.043750000000001,0.0,0.42000000000000004,SFFR,26.285,0.0,0.42000000000000004,SFFR,SFFR,14.043750000000001,28.58,112.27,140.85,ISEM,SSP
2026-05-18 22:00:00,0.0,0.42000000000000004,SFFR,14.043750000000001,0.0,0.42000000000000004,SFFR,26.285,0.0,0.42000000000000004,SFFR,SFFR,14.043750000000001,28.179999999999993,105.77,133.95,ISEM,SSP
2026-05-18 22:30:00,0.0,0.42000000000000004,SFFR,14.043750000000001,0.0,0.42000000000000004,SFFR,26.285,0.0,0.42000000000000004,SFFR,SFFR,14.043750000000001,11.439999999999998,106.56,118.0,ISEM,SSP
2026-05-18 23:00:00,0.0,0.42000000000000004,SFFR,14.043750000000001,0.0,0.42000000000000004,SFFR,5.6000000000000005,0.0,0.42000000000000004,SFFR,SFFR,14.043750000000001,26.239999999999995,90.01,116.25,SSP,ISEM
2026-05-18 23:30:00,0.0,0.42000000000000004,SFFR,14.043750000000001,0.0,0.42000000000000004,SFFR,5.6000000000000005,0.0,0.42000000000000004,SFFR,SFFR,14.043750000000001,26.980000000000004,90.02,117.0,SSP,DA_HH
2026-05-19 00:00:00,0.0,0.42000000000000004,SFFR,13.676250000000001,0.0,0.42000000000000004,SFFR,5.6000000000000005,0.0,0.42000000000000004,Multi-Market,Idle,0.0,37.91,79.09,117.0,SSP,DA_HH
2026-05-19 00:30:00,0.0,0.42000000000000004,SFFR,13.676250000000001,0.0,0.42000000000000004,SFFR,5.6000000000000005,-0.07758785731592475,0.49236913551026007,Multi-Market,Buy-SSP,-5.101401618522052,46.349999999999994,65.75,112.1,SSP,DA_HH
2026-05-19 01:00:00,0.0,0.42000000000000004,SFFR,13.676250000000001,0.0,0.42000000000000004,SFFR,5.6000000000000005,0.0,0.49236913551026007,Multi-Market,Idle,0.0,42.599999999999994,66.5,109.1,SSP,DA_HH
2026-05-19 01:30:00,0.0,0.42000000000000004,SFFR,13.676250000000001,0.0,0.42000000000000004,SFFR,5.6000000000000005,-2.1,2.4511187366589113,Multi-Market,Buy-SSP,-125.13900000000001,45.349999999999994,59.59,104.94,SSP,ISEM
2026-05-19 02:00:00,0.0,0.42000000000000004,SFFR,13.676250000000001,0.0,0.42000000000000004,SFFR,5.6000000000000005,-2.1,4.409868337807563,Multi-Market,Buy-SSP,-123.60600000000001,44.980000000000004,58.86,103.84,SSP,ISEM
2026-05-19 02:30:00,0.0,0.42000000000000004,SFFR,13.676250000000001,0.0,0.42000000000000004,SFFR,5.6000000000000005,0.0,4.409868337807563,Multi-Market,Idle,0.0,4.790000000000006,88.21,93.0,SSP,DA_HH
2026-05-19 03:00:00,0.0,0.42000000000000004,SFFR,13.676250000000001,0.0,0.42000000000000004,SFFR,5.6000000000000005,0.0,4.409868337807563,Multi-Market,Idle,0.0,24.86,67.38,92.24,SSP,ISEM
2026-05-19 03:30:00,0.0,0.42000000000000004,SFFR,13.676250000000001,0.0,0.42000000000000004,SFFR,5.6000000000000005,0.0,4.409868337807563,Multi-Market,Idle,0.0,20.64,65.87,86.51,SSP,ISEM
2026-05-19 04:00:00,0.0,0.42000000000000004,SFFR,13.676250000000001,0.0,0.42000000000000004,SFFR,5.6000000000000005,0.0,4.409868337807563,Multi-Market,Idle,0.0,12.939999999999998,76.34,89.28,SSP,ISEM
2026-05-19 04:30:00,0.0,0.42000000000000004,SFFR,13.676250000000001,0.0,0.42000000000000004,SFFR,5.6000000000000005,-2.1,6.368617938956214,Multi-Market,Buy-SSP,-27.867,76.73,13.27,90.0,SSP,ISEM
2026-05-19 05:00:00,0.0,0.42000000000000004,SFFR,13.676250000000001,0.0,0.42000000000000004,SFFR,5.6000000000000005,0.0,6.368617938956214,Multi-Market,Idle,0.0,35.95,68.0,103.95,EPEX,SSP
2026-05-19 05:30:00,0.0,0.42000000000000004,SFFR,13.676250000000001,0.0,0.42000000000000004,SFFR,5.6000000000000005,0.0,6.368617938956214,Multi-Market,Idle,0.0,35.95,68.0,103.95,EPEX,SSP
2026-05-19 06:00:00,0.0,0.42000000000000004,SFFR,13.676250000000001,0.0,0.42000000000000004,SFFR,5.6000000000000005,0.0,6.368617938956214,Multi-Market,Idle,0.0,35.28,83.85,119.13,DA_HH,SSP
2026-05-19 06:30:00,0.0,0.42000000000000004,SFFR,13.676250000000001,0.0,0.42000000000000004,SFFR,5.6000000000000005,0.0,6.368617938956214,Multi-Market,Idle,0.0,33.14,86.99,120.13,EPEX,SSP
2026-05-19 07:00:00,0.0,0.42000000000000004,SFFR,13.676250000000001,0.0,0.42000000000000004,SFFR,8.75,1.7985014358648546,4.4404220056417305,Multi-Market,Sell-SSP,238.0316650367135,38.349999999999994,94.0,132.35,DA_HH,SSP
2026-05-19 07:30:00,0.0,0.42000000000000004,SFFR,13.676250000000001,0.0,0.42000000000000004,SFFR,8.75,3.75,0.42000000000000004,Multi-Market,Sell-SSP,506.25,33.7,101.3,135.0,DA_HH,SSP
2026-05-19 08:00:00,0.0,0.42000000000000004,SFFR,13.676250000000001,0.0,0.42000000000000004,SFFR,8.75,0.0,0.41999999999999676,Multi-Market,Idle,0.0,29.959999999999994,94.76,124.72,DA_HH,SSP
2026-05-19 08:30:00,0.0,0.42000000000000004,SFFR,13.676250000000001,0.0,0.42000000000000004,SFFR,8.75,0.0,0.41999999999999676,Multi-Market,Idle,0.0,12.91000000000001,96.71,109.62,EPEX,SSP
2026-05-19 09:00:00,0.0,0.42000000000000004,SFFR,13.676250000000001,0.0,0.42000000000000004,SFFR,8.75,0.0,0.41999999999999676,Multi-Market,Idle,0.0,15.469999999999999,89.59,105.06,EPEX,SSP
2026-05-19 09:30:00,0.0,0.42000000000000004,SFFR,13.676250000000001,0.0,0.42000000000000004,SFFR,8.75,0.0,0.41999999999999676,Multi-Market,Idle,0.0,11.64,89.59,101.23,EPEX,SSP
2026-05-19 10:00:00,0.0,0.42000000000000004,SFFR,13.676250000000001,0.0,0.42000000000000004,SFFR,8.75,0.0,0.41999999999999676,Multi-Market,Idle,0.0,20.320000000000007,81.82,102.14,EPEX,SSP
2026-05-19 10:30:00,0.0,0.42000000000000004,SFFR,13.676250000000001,0.0,0.42000000000000004,SFFR,8.75,0.0,0.41999999999999676,Multi-Market,Idle,0.0,41.77000000000001,81.82,123.59,EPEX,SSP
2026-05-19 11:00:00,0.0,0.42000000000000004,SFFR,13.676250000000001,0.0,0.42000000000000004,SFFR,10.5,0.0,0.41999999999999676,Multi-Market,Idle,0.0,56.39,71.12,127.51,EPEX,SSP
2026-05-19 11:30:00,0.0,0.42000000000000004,SFFR,13.676250000000001,0.0,0.42000000000000004,SFFR,10.5,0.0,0.4199999999999968,Multi-Market,Idle,0.0,56.78,71.12,127.9,EPEX,SSP
2026-05-19 12:00:00,0.0,0.42000000000000004,SFFR,13.676250000000001,0.0,0.42000000000000004,SFFR,10.5,0.0,0.4199999999999968,Multi-Market,Idle,0.0,61.10000000000001,65.3,126.4,EPEX,SSP
2026-05-19 12:30:00,0.0,0.42000000000000004,SFFR,13.676250000000001,0.0,0.42000000000000004,SFFR,10.5,-2.1,2.378749601148648,Multi-Market,Buy-SSP,8.4,86.22,-4.0,82.22,SSP,ISEM
2026-05-19 13:00:00,0.0,0.42000000000000004,SFFR,13.676250000000001,0.0,0.42000000000000004,SFFR,10.5,-2.1,4.337499202297299,Multi-Market,Buy-SSP,8.4,82.97,-4.0,78.97,SSP,ISEM
2026-05-19 13:30:00,0.0,0.42000000000000004,SFFR,13.676250000000001,0.0,0.42000000000000004,SFFR,10.5,-1.8051707633737322,6.021250398851349,Multi-Market,Buy-EPEX,-114.95327421163927,15.21,63.68,78.89,EPEX,ISEM
2026-05-19 14:00:00,0.0,0.42000000000000004,SFFR,13.676250000000001,0.0,0.42000000000000004,SFFR,10.5,0.0,6.021250398851349,Multi-Market,Idle,0.0,14.190000000000012,66.35,80.54,EPEX,DA_HH
2026-05-19 14:30:00,0.0,0.42000000000000004,SFFR,13.676250000000001,0.0,0.42000000000000004,SFFR,10.5,0.0,6.021250398851349,Multi-Market,Idle,0.0,14.469999999999999,66.35,80.82,EPEX,ISEM
2026-05-19 15:00:00,0.0,0.42000000000000004,SFFR,13.676250000000001,0.0,0.42000000000000004,SFFR,25.2,-2.1,7.9799999999999995,Multi-Market,Buy-SSP,-132.19500000000002,16.799999999999997,62.95,79.75,SSP,ISEM
2026-05-19 15:30:00,0.0,0.42000000000000004,SFFR,13.676250000000001,0.0,0.42000000000000004,SFFR,25.2,0.0,7.9799999999999995,Multi-Market,Idle,0.0,14.460000000000008,66.24,80.7,SSP,ISEM
2026-05-19 16:00:00,0.0,0.42000000000000004,SFFR,13.676250000000001,0.0,0.42000000000000004,SFFR,25.2,0.0,7.9799999999999995,Multi-Market,Idle,0.0,43.45,84.5,127.95,DA_HH,SSP
2026-05-19 16:30:00,0.0,0.42000000000000004,SFFR,13.676250000000001,0.0,0.42000000000000004,SFFR,25.2,0.0,7.9799999999999995,Multi-Market,Idle,0.0,35.46000000000001,92.49,127.95,EPEX,SSP
2026-05-19 17:00:00,0.0,0.42000000000000004,SFFR,13.676250000000001,0.0,0.42000000000000004,SFFR,25.2,0.0,7.9799999999999995,Multi-Market,Idle,0.0,32.99000000000001,96.91,129.9,DA_HH,SSP
2026-05-19 17:30:00,0.0,0.42000000000000004,SFFR,13.676250000000001,0.0,0.42000000000000004,SFFR,25.2,0.0,7.9799999999999995,Multi-Market,Idle,0.0,21.58999999999999,105.93,127.52,EPEX,SSP
2026-05-19 18:00:00,0.0,0.42000000000000004,SFFR,13.676250000000001,0.0,0.42000000000000004,SFFR,25.2,0.0,7.9799999999999995,Multi-Market,Idle,0.0,22.769999999999996,100.0,122.77,SSP,ISEM
2026-05-19 18:30:00,0.0,0.42000000000000004,SFFR,13.676250000000001,0.0,0.42000000000000004,SFFR,25.2,3.3014985641351435,4.4404220056417305,Multi-Market,Sell-SSP,477.06654251752826,24.5,120.0,144.5,DA_HH,SSP
2026-05-19 19:00:00,0.0,0.42000000000000004,SFFR,13.676250000000001,0.0,0.42000000000000004,SFFR,26.25,0.0,4.4404220056417305,Multi-Market,Idle,0.0,19.5,125.0,144.5,DA_HH,SSP
2026-05-19 19:30:00,0.0,0.42000000000000004,SFFR,13.676250000000001,0.0,0.42000000000000004,SFFR,26.25,3.75,0.42000000000000004,Multi-Market,Sell-SSP,541.875,15.830000000000013,128.67,144.5,EPEX,SSP
2026-05-19 20:00:00,0.0,0.42000000000000004,SFFR,13.676250000000001,0.0,0.42000000000000004,SFFR,26.25,-0.0,0.42000000000000004,Multi-Market,Idle,-0.0,20.900000000000006,123.0,143.9,DA_HH,SSP
2026-05-19 20:30:00,0.0,0.42000000000000004,SFFR,13.676250000000001,0.0,0.42000000000000004,SFFR,26.25,0.0,0.42000000000000004,Multi-Market,Idle,0.0,9.91000000000001,124.99,134.9,DA_HH,SSP
2026-05-19 21:00:00,0.0,0.42000000000000004,SFFR,13.676250000000001,0.0,0.42000000000000004,SFFR,26.25,0.0,0.42000000000000004,Multi-Market,Idle,0.0,14.579999999999984,119.87,134.45,EPEX,SSP
2026-05-19 21:30:00,0.0,0.42000000000000004,SFFR,13.676250000000001,0.0,0.42000000000000004,SFFR,26.25,0.0,0.42000000000000004,Multi-Market,Idle,0.0,17.929999999999993,116.52,134.45,DA_HH,SSP
2026-05-19 22:00:00,0.0,0.42000000000000004,SFFR,13.676250000000001,0.0,0.42000000000000004,SFFR,26.25,0.0,0.42000000000000004,Multi-Market,Idle,0.0,28.44999999999999,106.0,134.45,EPEX,SSP
2026-05-19 22:30:00,0.0,0.42000000000000004,SFFR,13.676250000000001,0.0,0.42000000000000004,SFFR,26.25,0.0,0.42000000000000004,Multi-Market,Idle,0.0,31.44999999999999,103.0,134.45,ISEM,SSP
2026-05-19 23:00:00,0.0,0.42000000000000004,SFFR,13.676250000000001,0.0,0.42000000000000004,SFFR,6.23,0.0,0.42000000000000004,Multi-Market,Idle,0.0,44.67,90.33,135.0,ISEM,SSP
2026-05-19 23:30:00,0.0,0.42000000000000004,SFFR,13.676250000000001,0.0,0.42000000000000004,SFFR,6.23,-0.0,0.42000000000000004,Multi-Market,Idle,-0.0,45.25,89.75,135.0,DA_HH,SSP
2026-05-20 00:00:00,0.0,0.42000000000000004,SFFR,14.912916666666666,0.0,0.42000000000000004,SFFR,6.23,0.0,0.42000000000000004,Multi-Market,Idle,0.0,40.5,89.5,130.0,EPEX,SSP
2026-05-20 00:30:00,0.0,0.42000000000000004,SFFR,14.912916666666666,0.0,0.42000000000000004,SFFR,6.23,0.0,0.42000000000000004,Multi-Market,Idle,0.0,45.900000000000006,84.0,129.9,ISEM,SSP
2026-05-20 01:00:00,0.0,0.42000000000000004,SFFR,14.912916666666666,0.0,0.42000000000000004,SFFR,6.23,0.0,0.42000000000000004,Multi-Market,Idle,0.0,12.39,85.95,98.34,ISEM,SSP
2026-05-20 01:30:00,0.0,0.42000000000000004,SFFR,14.912916666666666,0.0,0.42000000000000004,SFFR,6.23,0.0,0.42000000000000004,Multi-Market,Idle,0.0,10.150000000000006,88.6,98.75,EPEX,SSP
2026-05-20 02:00:00,0.0,0.42000000000000004,SFFR,14.912916666666666,0.0,0.42000000000000004,SFFR,6.23,0.0,0.42000000000000004,Multi-Market,Idle,0.0,13.129999999999995,81.04,94.17,ISEM,SSP
2026-05-20 02:30:00,0.0,0.42000000000000004,SFFR,14.912916666666666,0.0,0.42000000000000004,SFFR,6.23,0.0,0.42000000000000004,Multi-Market,Idle,0.0,16.650000000000006,78.0,94.65,ISEM,SSP
2026-05-20 03:00:00,0.0,0.42000000000000004,SFFR,14.912916666666666,0.0,0.42000000000000004,SFFR,7.700000000000001,0.0,0.42000000000000004,Multi-Market,Idle,0.0,13.709999999999994,84.06,97.77,ISEM,SSP
2026-05-20 03:30:00,0.0,0.42000000000000004,SFFR,14.912916666666666,0.0,0.42000000000000004,SFFR,7.700000000000001,0.0,0.42000000000000004,Multi-Market,Idle,0.0,16.409999999999997,82.0,98.41,ISEM,SSP
2026-05-20 04:00:00,0.0,0.42000000000000004,SFFR,14.912916666666666,0.0,0.42000000000000004,SFFR,7.700000000000001,0.0,0.42000000000000004,Multi-Market,Idle,0.0,12.430000000000007,85.94,98.37,ISEM,SSP
2026-05-20 04:30:00,0.0,0.42000000000000004,SFFR,14.912916666666666,0.0,0.42000000000000004,SFFR,7.700000000000001,0.0,0.42000000000000004,Multi-Market,Idle,0.0,45.650000000000006,84.35,130.0,ISEM,SSP
2026-05-20 05:00:00,0.0,0.42000000000000004,SFFR,14.912916666666666,0.0,0.42000000000000004,SFFR,7.700000000000001,0.0,0.42000000000000004,Multi-Market,Idle,0.0,16.03,78.38,94.41,SSP,EPEX
2026-05-20 05:30:00,0.0,0.42000000000000004,SFFR,14.912916666666666,0.0,0.42000000000000004,SFFR,7.700000000000001,0.0,0.42000000000000004,Multi-Market,Idle,0.0,8.409999999999997,93.51,101.92,ISEM,SSP
2026-05-20 06:00:00,0.0,0.42000000000000004,SFFR,14.912916666666666,0.0,0.42000000000000004,SFFR,7.700000000000001,0.0,0.42000000000000004,Multi-Market,Idle,0.0,27.75,102.25,130.0,DA_HH,SSP
2026-05-20 06:30:00,0.0,0.42000000000000004,SFFR,14.912916666666666,0.0,0.42000000000000004,SFFR,7.700000000000001,0.0,0.42000000000000004,Multi-Market,Idle,0.0,10.670000000000002,110.99,121.66,EPEX,ISEM
2026-05-20 07:00:00,0.0,0.42000000000000004,SFFR,14.912916666666666,0.0,0.42000000000000004,SFFR,21.14,0.0,0.42000000000000004,Multi-Market,Idle,0.0,10.61,110.8,121.41,EPEX,SSP
2026-05-20 07:30:00,0.0,0.42000000000000004,SFFR,14.912916666666666,0.0,0.42000000000000004,SFFR,21.14,0.0,0.42000000000000004,Multi-Market,Idle,0.0,11.61,110.8,122.41,EPEX,DA_HH
2026-05-20 08:00:00,0.0,0.42000000000000004,SFFR,14.912916666666666,0.0,0.42000000000000004,SFFR,21.14,0.0,0.42000000000000004,Multi-Market,Idle,0.0,18.200000000000003,106.94,125.14,EPEX,SSP
2026-05-20 08:30:00,0.0,0.42000000000000004,SFFR,14.912916666666666,0.0,0.42000000000000004,SFFR,21.14,0.0,0.42000000000000004,Multi-Market,Idle,0.0,15.370000000000005,106.94,122.31,EPEX,SSP
2026-05-20 09:00:00,0.0,0.42000000000000004,SFFR,14.912916666666666,0.0,0.42000000000000004,SFFR,21.14,0.0,0.42000000000000004,Multi-Market,Idle,0.0,16.769999999999996,103.01,119.78,EPEX,SSP
2026-05-20 09:30:00,0.0,0.42000000000000004,SFFR,14.912916666666666,0.0,0.42000000000000004,SFFR,21.14,0.0,0.42000000000000004,Multi-Market,Idle,0.0,17.569999999999993,103.01,120.58,EPEX,SSP
2026-05-20 10:00:00,0.0,0.42000000000000004,SFFR,14.912916666666666,0.0,0.42000000000000004,SFFR,21.14,0.0,0.42000000000000004,Multi-Market,Idle,0.0,30.58,90.19,120.77,ISEM,SSP
2026-05-20 10:30:00,0.0,0.42000000000000004,SFFR,14.912916666666666,0.0,0.42000000000000004,SFFR,21.14,0.0,0.42000000000000004,Multi-Market,Idle,0.0,30.659999999999997,88.2,118.86,DA_HH,SSP
2026-05-20 11:00:00,0.0,0.42000000000000004,SFFR,14.912916666666666,0.0,0.42000000000000004,SFFR,9.66,0.0,0.42000000000000004,Multi-Market,Idle,0.0,30.319999999999993,85.59,115.91,ISEM,SSP
2026-05-20 11:30:00,0.0,0.42000000000000004,SFFR,14.912916666666666,0.0,0.42000000000000004,SFFR,9.66,0.0,0.42000000000000004,Multi-Market,Idle,0.0,36.129999999999995,78.67,114.8,DA_HH,SSP
2026-05-20 12:00:00,0.0,0.42000000000000004,SFFR,14.912916666666666,0.0,0.42000000000000004,SFFR,9.66,0.0,0.42000000000000004,Multi-Market,Idle,0.0,51.58,75.78,127.36,DA_HH,SSP
2026-05-20 12:30:00,0.0,0.42000000000000004,SFFR,14.912916666666666,0.0,0.42000000000000004,SFFR,9.66,-2.1,2.3787496011486513,Multi-Market,Buy-DA_HH,-144.9,63.25999999999999,69.0,132.26,DA_HH,SSP
2026-05-20 13:00:00,0.0,0.42000000000000004,SFFR,14.912916666666666,0.0,0.42000000000000004,SFFR,9.66,-0.34075862068965557,2.4816724044930796,Multi-Market,Buy-ISEM,77.85290482758623,66.45,72.23,138.68,ISEM,SSP
2026-05-20 13:30:00,0.0,0.42000000000000004,SFFR,14.912916666666666,0.0,0.42000000000000004,SFFR,9.66,1.65,0.42000000000000004,Multi-Market,Buy-ISEM,379.3875,71.25,68.0,139.25,ISEM,SSP
2026-05-20 14:00:00,0.0,0.42000000000000004,SFFR,14.912916666666666,0.0,0.42000000000000004,SFFR,9.66,-2.1,2.3787496011486513,Multi-Market,Buy-ISEM,-146.454,66.26,69.74,136.0,ISEM,SSP
2026-05-20 14:30:00,0.0,0.42000000000000004,SFFR,14.912916666666666,0.0,0.42000000000000004,SFFR,9.66,-2.1,4.337499202297304,Multi-Market,Buy-SSP,-130.305,10.950000000000003,62.05,73.0,SSP,EPEX
2026-05-20 15:00:00,0.0,0.42000000000000004,SFFR,14.912916666666666,0.0,0.42000000000000004,SFFR,19.564999999999998,-1.8434985641351427,6.021250398851349,Multi-Market,Buy-DA_HH,-110.0158047223794,67.0,69.0,136.0,DA_HH,SSP
2026-05-20 15:30:00,0.0,0.42000000000000004,SFFR,14.912916666666666,0.0,0.42000000000000004,SFFR,19.564999999999998,0.0,6.021250398851349,Multi-Market,Idle,0.0,63.53,72.47,136.0,EPEX,SSP
2026-05-20 16:00:00,0.0,0.42000000000000004,SFFR,14.912916666666666,0.0,0.42000000000000004,SFFR,19.564999999999998,0.0,6.021250398851349,Multi-Market,Idle,0.0,12.0,78.0,90.0,ISEM,SSP
2026-05-20 16:30:00,0.0,0.42000000000000004,SFFR,14.912916666666666,0.0,0.42000000000000004,SFFR,19.564999999999998,-2.1,7.9799999999999995,Multi-Market,Buy-SSP,-130.51500000000001,43.18,62.15,105.33,SSP,DA_HH
2026-05-20 17:00:00,0.0,0.42000000000000004,SFFR,14.912916666666666,0.0,0.42000000000000004,SFFR,19.564999999999998,0.0,7.9799999999999995,Multi-Market,Idle,0.0,22.480000000000004,87.5,109.98,SSP,ISEM
2026-05-20 17:30:00,0.0,0.42000000000000004,SFFR,14.912916666666666,0.0,0.42000000000000004,SFFR,19.564999999999998,0.0,7.9799999999999995,Multi-Market,Idle,0.0,30.560000000000002,82.5,113.06,SSP,ISEM
2026-05-20 18:00:00,0.0,0.42000000000000004,SFFR,14.912916666666666,0.0,0.42000000000000004,SFFR,19.564999999999998,0.0,7.9799999999999995,Multi-Market,Idle,0.0,34.75,87.5,122.25,SSP,EPEX
2026-05-20 18:30:00,0.0,0.42000000000000004,SFFR,14.912916666666666,0.0,0.42000000000000004,SFFR,19.564999999999998,0.0,7.9799999999999995,Multi-Market,Idle,0.0,38.519999999999996,87.5,126.02,SSP,ISEM
2026-05-20 19:00:00,0.0,0.42000000000000004,SFFR,14.912916666666666,0.0,0.42000000000000004,SFFR,25.34,0.0,7.9799999999999995,Multi-Market,Idle,0.0,57.75999999999999,80.22,137.98,SSP,ISEM
2026-05-20 19:30:00,0.0,0.42000000000000004,SFFR,14.912916666666666,0.0,0.42000000000000004,SFFR,25.34,3.3014985641351435,4.4404220056417305,Multi-Market,Sell-ISEM,471.32193501593304,55.25999999999999,87.5,142.76,SSP,ISEM
2026-05-20 20:00:00,0.0,0.42000000000000004,SFFR,14.912916666666666,0.0,0.42000000000000004,SFFR,25.34,0.0,4.4404220056417305,Multi-Market,Idle,0.0,54.19,87.5,141.69,SSP,ISEM
2026-05-20 20:30:00,0.0,0.42000000000000004,SFFR,14.912916666666666,0.0,0.42000000000000004,SFFR,25.34,0.0,4.4404220056417305,Multi-Market,Idle,0.0,2.6500000000000057,136.35,139.0,EPEX,SSP
2026-05-20 21:00:00,0.0,0.42000000000000004,SFFR,14.912916666666666,0.0,0.42000000000000004,SFFR,25.34,0.0,4.4404220056417305,Multi-Market,Idle,0.0,38.86999999999999,96.73,135.6,SSP,ISEM
2026-05-20 21:30:00,0.0,0.42000000000000004,SFFR,14.912916666666666,0.0,0.42000000000000004,SFFR,25.34,0.0,4.4404220056417305,Multi-Market,Idle,0.0,2.8300000000000125,132.0,134.83,EPEX,DA_HH
2026-05-20 22:00:00,0.0,0.42000000000000004,SFFR,14.912916666666666,0.0,0.42000000000000004,SFFR,25.34,3.75,0.42000000000000004,Multi-Market,Sell-SSP,584.625,35.900000000000006,120.0,155.9,EPEX,SSP
2026-05-20 22:30:00,0.0,0.42000000000000004,SFFR,14.912916666666666,0.0,0.42000000000000004,SFFR,25.34,-0.0,0.42000000000000004,Multi-Market,Idle,-0.0,17.05000000000001,113.47,130.52,DA_HH,SSP
2026-05-20 23:00:00,0.0,0.42000000000000004,SFFR,14.912916666666666,0.0,0.42000000000000004,SFFR,5.6000000000000005,-0.0,0.42000000000000004,Multi-Market,Idle,-0.0,27.92,88.08,116.0,SSP,DA_HH
2026-05-20 23:30:00,0.0,0.42000000000000004,SFFR,14.912916666666666,0.0,0.42000000000000004,SFFR,5.6000000000000005,-0.0,0.42000000000000004,Multi-Market,Idle,-0.0,26.620000000000005,88.08,114.7,SSP,DA_HH
2026-05-21 00:00:00,0.0,0.42000000000000004,SFFR,14.527916666666668,0.0,0.42000000000000004,SFFR,5.6000000000000005,0.0,0.41999999999999993,Multi-Market,Idle,0.0,18.689999999999998,91.01,109.7,SSP,DA_HH
2026-05-21 00:30:00,0.0,0.42000000000000004,SFFR,14.527916666666668,0.0,0.42000000000000004,SFFR,5.6000000000000005,-0.07758785731592857,0.4923691355102642,Multi-Market,Buy-SSP,-6.837817865252784,19.47,88.13,107.6,SSP,EPEX
2026-05-21 01:00:00,0.0,0.42000000000000004,SFFR,14.527916666666668,0.0,0.42000000000000004,SFFR,5.6000000000000005,0.0,0.4923691355102642,Multi-Market,Idle,0.0,15.27000000000001,88.13,103.4,SSP,EPEX
2026-05-21 01:30:00,0.0,0.42000000000000004,SFFR,14.527916666666668,0.0,0.42000000000000004,SFFR,5.6000000000000005,0.0,0.4923691355102642,Multi-Market,Idle,0.0,15.460000000000008,88.13,103.59,SSP,DA_HH
2026-05-21 02:00:00,0.0,0.42000000000000004,SFFR,14.527916666666668,0.0,0.42000000000000004,SFFR,5.6000000000000005,-2.1,2.4511187366589153,Multi-Market,Buy-SSP,-178.5,18.799999999999997,85.0,103.8,SSP,EPEX
2026-05-21 02:30:00,0.0,0.42000000000000004,SFFR,14.527916666666668,0.0,0.42000000000000004,SFFR,5.6000000000000005,0.0,2.4511187366589153,Multi-Market,Idle,0.0,15.649999999999991,88.15,103.8,SSP,EPEX
2026-05-21 03:00:00,0.0,0.42000000000000004,SFFR,14.527916666666668,0.0,0.42000000000000004,SFFR,7.0,0.0,2.4511187366589153,Multi-Market,Idle,0.0,15.689999999999998,88.15,103.84,SSP,DA_HH
2026-05-21 03:30:00,0.0,0.42000000000000004,SFFR,14.527916666666668,0.0,0.42000000000000004,SFFR,7.0,0.0,2.4511187366589153,Multi-Market,Idle,0.0,14.909999999999997,88.15,103.06,SSP,EPEX
2026-05-21 04:00:00,0.0,0.42000000000000004,SFFR,14.527916666666668,0.0,0.42000000000000004,SFFR,7.0,-2.1,4.409868337807566,Multi-Market,Buy-SSP,-178.92000000000002,23.739999999999995,85.2,108.94,SSP,EPEX
2026-05-21 04:30:00,0.0,0.42000000000000004,SFFR,14.527916666666668,0.0,0.42000000000000004,SFFR,7.0,-2.1,6.368617938956217,Multi-Market,Buy-SSP,-178.92000000000002,23.739999999999995,85.2,108.94,SSP,EPEX
2026-05-21 05:00:00,0.0,0.42000000000000004,SFFR,14.527916666666668,0.0,0.42000000000000004,SFFR,7.0,0.0,6.368617938956217,Multi-Market,Idle,0.0,27.5,88.2,115.7,SSP,DA_HH
2026-05-21 05:30:00,0.0,0.42000000000000004,SFFR,14.527916666666668,0.0,0.42000000000000004,SFFR,7.0,0.0,6.368617938956217,Multi-Market,Idle,0.0,12.900000000000006,98.1,111.0,SSP,EPEX
2026-05-21 06:00:00,0.0,0.42000000000000004,SFFR,14.527916666666668,0.0,0.42000000000000004,SFFR,7.0,0.0,6.368617938956217,Multi-Market,Idle,0.0,21.209999999999994,111.79,133.0,ISEM,SSP
2026-05-21 06:30:00,0.0,0.42000000000000004,SFFR,14.527916666666668,0.0,0.42000000000000004,SFFR,7.0,0.0,6.368617938956217,Multi-Market,Idle,0.0,21.0,119.0,140.0,EPEX,SSP
2026-05-21 07:00:00,0.0,0.42000000000000004,SFFR,14.527916666666668,0.0,0.42000000000000004,SFFR,21.63,0.0,6.368617938956217,Multi-Market,Idle,0.0,34.02999999999999,90.54,124.57,SSP,EPEX
2026-05-21 07:30:00,0.0,0.42000000000000004,SFFR,14.527916666666668,0.0,0.42000000000000004,SFFR,21.63,3.75,2.3481959333144866,Multi-Market,Sell-SSP,532.5,17.430000000000007,124.57,142.0,EPEX,SSP
2026-05-21 08:00:00,0.0,0.42000000000000004,SFFR,14.527916666666668,0.0,0.42000000000000004,SFFR,21.63,1.798501435864858,0.42000000000000004,Multi-Market,Sell-SSP,255.38720389280982,18.14,123.86,142.0,EPEX,SSP
2026-05-21 08:30:00,0.0,0.42000000000000004,SFFR,14.527916666666668,0.0,0.42000000000000004,SFFR,21.63,0.0,0.42000000000000004,Multi-Market,Idle,0.0,9.14,123.86,133.0,EPEX,SSP
2026-05-21 09:00:00,0.0,0.42000000000000004,SFFR,14.527916666666668,0.0,0.42000000000000004,SFFR,21.63,0.0,0.42000000000000004,Multi-Market,Idle,0.0,9.459999999999994,119.83,129.29,EPEX,SSP
2026-05-21 09:30:00,0.0,0.42000000000000004,SFFR,14.527916666666668,0.0,0.42000000000000004,SFFR,21.63,0.0,0.42000000000000004,Multi-Market,Idle,0.0,4.1499999999999915,119.34,123.49,ISEM,SSP
2026-05-21 10:00:00,0.0,0.42000000000000004,SFFR,14.527916666666668,0.0,0.42000000000000004,SFFR,21.63,0.0,0.42000000000000004,Multi-Market,Idle,0.0,30.840000000000003,85.22,116.06,SSP,ISEM
2026-05-21 10:30:00,0.0,0.42000000000000004,SFFR,14.527916666666668,0.0,0.42000000000000004,SFFR,21.63,-0.0,0.42000000000000004,Multi-Market,Idle,-0.0,29.83,84.5,114.33,SSP,ISEM
2026-05-21 11:00:00,0.0,0.42000000000000004,SFFR,14.527916666666668,0.0,0.42000000000000004,SFFR,9.87,-0.0,0.42000000000000004,Multi-Market,Idle,-0.0,36.39,77.61,114.0,SSP,ISEM
2026-05-21 11:30:00,0.0,0.42000000000000004,SFFR,14.527916666666668,0.0,0.42000000000000004,SFFR,9.87,0.0,0.42000000000000004,Multi-Market,Idle,0.0,41.35000000000001,68.66,110.01,SSP,DA_HH
2026-05-21 12:00:00,0.0,0.42000000000000004,SFFR,14.527916666666668,0.0,0.42000000000000004,SFFR,9.87,-1.8051707633737284,2.103751196554046,Multi-Market,Buy-SSP,-111.59565659176388,41.37,61.82,103.19,SSP,ISEM
2026-05-21 12:30:00,0.0,0.42000000000000004,SFFR,14.527916666666668,0.0,0.42000000000000004,SFFR,9.87,0.0,2.103751196554046,Multi-Market,Idle,0.0,31.480000000000004,70.5,101.98,SSP,ISEM
2026-05-21 13:00:00,0.0,0.42000000000000004,SFFR,14.527916666666668,0.0,0.42000000000000004,SFFR,9.87,0.0,2.103751196554046,Multi-Market,Idle,0.0,36.18000000000001,66.02,102.2,SSP,ISEM
2026-05-21 13:30:00,0.0,0.42000000000000004,SFFR,14.527916666666668,0.0,0.42000000000000004,SFFR,9.87,0.0,2.103751196554046,Multi-Market,Idle,0.0,35.16,63.97,99.13,SSP,ISEM
2026-05-21 14:00:00,0.0,0.42000000000000004,SFFR,14.527916666666668,0.0,0.42000000000000004,SFFR,9.87,-2.1,4.062500797702697,Multi-Market,Buy-SSP,-108.822,48.160000000000004,51.82,99.98,SSP,ISEM
2026-05-21 14:30:00,0.0,0.42000000000000004,SFFR,14.527916666666668,0.0,0.42000000000000004,SFFR,9.87,-2.1,6.021250398851349,Multi-Market,Buy-SSP,-74.613,64.44,35.53,99.97,SSP,ISEM
2026-05-21 15:00:00,0.0,0.42000000000000004,SFFR,14.527916666666668,0.0,0.42000000000000004,SFFR,16.45,-2.1,7.9799999999999995,Multi-Market,Buy-SSP,-90.3,56.58,43.0,99.58,SSP,ISEM
2026-05-21 15:30:00,0.0,0.42000000000000004,SFFR,14.527916666666668,0.0,0.42000000000000004,SFFR,16.45,0.0,7.9799999999999995,Multi-Market,Idle,0.0,33.41999999999999,68.04,101.46,SSP,ISEM
2026-05-21 16:00:00,0.0,0.42000000000000004,SFFR,14.527916666666668,0.0,0.42000000000000004,SFFR,16.45,-0.0,7.9799999999999995,Multi-Market,Idle,-0.0,51.5,98.4,149.9,DA_HH,SSP
2026-05-21 16:30:00,0.0,0.42000000000000004,SFFR,14.527916666666668,0.0,0.42000000000000004,SFFR,16.45,0.0,7.9799999999999995,Multi-Market,Idle,0.0,38.08,104.92,143.0,ISEM,SSP
2026-05-21 17:00:00,0.0,0.42000000000000004,SFFR,14.527916666666668,0.0,0.42000000000000004,SFFR,16.45,0.0,7.9799999999999995,Multi-Market,Idle,0.0,37.900000000000006,112.0,149.9,DA_HH,SSP
2026-05-21 17:30:00,0.0,0.42000000000000004,SFFR,14.527916666666668,0.0,0.42000000000000004,SFFR,16.45,0.0,7.9799999999999995,Multi-Market,Idle,0.0,39.900000000000006,110.0,149.9,DA_HH,SSP
2026-05-21 18:00:00,0.0,0.42000000000000004,SFFR,14.527916666666668,0.0,0.42000000000000004,SFFR,16.45,-0.0,7.9799999999999995,Multi-Market,Idle,-0.0,28.080000000000013,124.82,152.9,DA_HH,SSP
2026-05-21 18:30:00,0.0,0.42000000000000004,SFFR,14.527916666666668,0.0,0.42000000000000004,SFFR,16.45,-0.0,7.9799999999999995,Multi-Market,Idle,-0.0,28.659999999999997,127.34,156.0,ISEM,SSP
2026-05-21 19:00:00,0.0,0.42000000000000004,SFFR,14.527916666666668,0.0,0.42000000000000004,SFFR,26.495,-0.0,7.9799999999999995,Multi-Market,Idle,-0.0,21.080000000000013,138.92,160.0,ISEM,SSP
2026-05-21 19:30:00,0.0,0.42000000000000004,SFFR,14.527916666666668,0.0,0.42000000000000004,SFFR,26.495,0.0,7.9799999999999995,Multi-Market,Idle,0.0,37.22999999999999,138.99,176.22,ISEM,SSP
2026-05-21 20:00:00,0.0,0.42000000000000004,SFFR,14.527916666666668,0.0,0.42000000000000004,SFFR,26.495,-0.0,7.9799999999999995,Multi-Market,Idle,-0.0,51.5,137.5,189.0,ISEM,SSP
2026-05-21 20:30:00,0.0,0.42000000000000004,SFFR,14.527916666666668,0.0,0.42000000000000004,SFFR,26.495,3.75,3.959577994358269,Multi-Market,Sell-SSP,740.6624999999999,58.50999999999999,139.0,197.51,DA_HH,SSP
2026-05-21 21:00:00,0.0,0.42000000000000004,SFFR,14.527916666666668,0.0,0.42000000000000004,SFFR,26.495,3.3014985641351435,0.42000000000000004,Multi-Market,Sell-SSP,639.7643917581081,57.33000000000001,136.45,193.78,ISEM,SSP
2026-05-21 21:30:00,0.0,0.42000000000000004,SFFR,14.527916666666668,0.0,0.42000000000000004,SFFR,26.495,0.0,0.42000000000000004,Multi-Market,Idle,0.0,8.550000000000011,132.51,141.06,DA_HH,EPEX
2026-05-21 22:00:00,0.0,0.42000000000000004,SFFR,14.527916666666668,0.0,0.42000000000000004,SFFR,26.495,-0.0,0.42000000000000004,Multi-Market,Idle,-0.0,58.370000000000005,122.44,180.81,ISEM,SSP
2026-05-21 22:30:00,0.0,0.42000000000000004,SFFR,14.527916666666668,0.0,0.42000000000000004,SFFR,26.495,0.0,0.42000000000000004,Multi-Market,Idle,0.0,22.099999999999994,111.9,134.0,DA_HH,SSP
2026-05-21 23:00:00,0.0,0.42000000000000004,SFFR,14.527916666666668,0.0,0.42000000000000004,SFFR,6.09,-0.0,0.42000000000000004,Multi-Market,Idle,-0.0,41.540000000000006,114.46,156.0,ISEM,SSP
2026-05-21 23:30:00,0.0,0.42000000000000004,SFFR,14.527916666666668,0.0,0.42000000000000004,SFFR,6.09,-0.0,0.42000000000000004,Multi-Market,Idle,-0.0,17.400000000000006,99.6,117.0,SSP,EPEX
2026-05-22 00:00:00,0.0,0.42000000000000004,SFFR,11.73375,0.0,0.42000000000000004,SFFR,6.09,-0.07758785731592892,0.49236913551026396,Multi-Market,Buy-DA_HH,-8.224312875488465,11.680000000000007,106.0,117.68,DA_HH,SSP
2026-05-22 00:30:00,0.0,0.42000000000000004,SFFR,11.73375,0.0,0.42000000000000004,SFFR,6.09,-0.20549856413514211,0.42000000000000004,Multi-Market,Buy-DA_HH,95.24273691770156,61.5,103.5,165.0,DA_HH,SSP
2026-05-22 01:00:00,0.0,0.42000000000000004,SFFR,11.73375,0.0,0.42000000000000004,SFFR,6.09,0.0,0.42000000000000004,Multi-Market,Idle,0.0,30.099999999999994,102.88,132.98,ISEM,SSP
2026-05-22 01:30:00,0.0,0.42000000000000004,SFFR,11.73375,0.0,0.42000000000000004,SFFR,6.09,0.0,0.42000000000000004,Multi-Market,Idle,0.0,14.819999999999993,102.7,117.52,ISEM,SSP
2026-05-22 02:00:00,0.0,0.42000000000000004,SFFR,11.73375,0.0,0.42000000000000004,SFFR,6.09,0.0,0.42000000000000004,Multi-Market,Idle,0.0,16.549999999999997,100.0,116.55,ISEM,SSP
2026-05-22 02:30:00,0.0,0.42000000000000004,SFFR,11.73375,0.0,0.42000000000000004,SFFR,6.09,0.0,0.42000000000000004,Multi-Market,Idle,0.0,11.370000000000005,99.97,111.34,ISEM,SSP
2026-05-22 03:00:00,0.0,0.42000000000000004,SFFR,11.73375,0.0,0.42000000000000004,SFFR,5.705,0.0,0.42000000000000004,Multi-Market,Idle,0.0,16.090000000000003,99.92,116.01,ISEM,SSP
2026-05-22 03:30:00,0.0,0.42000000000000004,SFFR,11.73375,0.0,0.42000000000000004,SFFR,5.705,0.0,0.42000000000000004,Multi-Market,Idle,0.0,8.480000000000004,99.92,108.4,ISEM,SSP
2026-05-22 04:00:00,0.0,0.42000000000000004,SFFR,11.73375,0.0,0.42000000000000004,SFFR,5.705,-0.0,0.42000000000000004,Multi-Market,Idle,-0.0,38.06,101.94,140.0,ISEM,SSP
2026-05-22 04:30:00,0.0,0.42000000000000004,SFFR,11.73375,0.0,0.42000000000000004,SFFR,5.705,-0.0,0.42000000000000004,Multi-Market,Idle,-0.0,39.95,100.05,140.0,ISEM,SSP
2026-05-22 05:00:00,0.0,0.42000000000000004,SFFR,11.73375,0.0,0.42000000000000004,SFFR,5.705,0.0,0.42000000000000004,Multi-Market,Idle,0.0,18.069999999999993,90.89,108.96,SSP,DA_HH
2026-05-22 05:30:00,0.0,0.42000000000000004,SFFR,11.73375,0.0,0.42000000000000004,SFFR,5.705,0.0,0.42000000000000004,Multi-Market,Idle,0.0,24.17,86.71,110.88,SSP,DA_HH
2026-05-22 06:00:00,0.0,0.42000000000000004,SFFR,11.73375,0.0,0.42000000000000004,SFFR,5.705,0.0,0.42000000000000004,Multi-Market,Idle,0.0,29.30000000000001,86.71,116.01,SSP,EPEX
2026-05-22 06:30:00,0.0,0.42000000000000004,SFFR,11.73375,0.0,0.42000000000000004,SFFR,5.705,0.0,0.42000000000000004,Multi-Market,Idle,0.0,34.629999999999995,85.0,119.63,SSP,ISEM
2026-05-22 07:00:00,0.0,0.42000000000000004,SFFR,11.73375,0.0,0.42000000000000004,SFFR,15.924999999999999,-0.0,0.42000000000000004,Multi-Market,Idle,-0.0,17.249999999999986,112.2,129.45,DA_HH,SSP
2026-05-22 07:30:00,0.0,0.42000000000000004,SFFR,11.73375,0.0,0.42000000000000004,SFFR,15.924999999999999,0.0,0.42000000000000004,Multi-Market,Idle,0.0,30.47,88.43,118.9,SSP,DA_HH
2026-05-22 08:00:00,0.0,0.42000000000000004,SFFR,11.73375,0.0,0.42000000000000004,SFFR,15.924999999999999,0.0,0.42000000000000004,Multi-Market,Idle,0.0,30.97,86.54,117.51,SSP,ISEM
2026-05-22 08:30:00,0.0,0.42000000000000004,SFFR,11.73375,0.0,0.42000000000000004,SFFR,15.924999999999999,0.0,0.42000000000000004,Multi-Market,Idle,0.0,28.25999999999999,88.43,116.69,SSP,ISEM
2026-05-22 09:00:00,0.0,0.42000000000000004,SFFR,11.73375,0.0,0.42000000000000004,SFFR,15.924999999999999,0.0,0.42000000000000004,Multi-Market,Idle,0.0,17.900000000000006,101.1,119.0,EPEX,SSP
2026-05-22 09:30:00,0.0,0.42000000000000004,SFFR,11.73375,0.0,0.42000000000000004,SFFR,15.924999999999999,0.0,0.42000000000000004,Multi-Market,Idle,0.0,13.070000000000007,91.69,104.76,ISEM,SSP
2026-05-22 10:00:00,0.0,0.42000000000000004,SFFR,11.73375,0.0,0.42000000000000004,SFFR,15.924999999999999,0.0,0.42000000000000004,Multi-Market,Idle,0.0,20.849999999999994,84.0,104.85,ISEM,SSP
2026-05-22 10:30:00,0.0,0.42000000000000004,SFFR,11.73375,0.0,0.42000000000000004,SFFR,15.924999999999999,0.0,0.42000000000000004,Multi-Market,Idle,0.0,36.849999999999994,78.0,114.85,ISEM,SSP
2026-05-22 11:00:00,0.0,0.42000000000000004,SFFR,11.73375,0.0,0.42000000000000004,SFFR,8.015,0.0,0.42000000000000004,Multi-Market,Idle,0.0,32.60000000000001,80.3,112.9,ISEM,SSP
2026-05-22 11:30:00,0.0,0.42000000000000004,SFFR,11.73375,0.0,0.42000000000000004,SFFR,8.015,-2.1,2.3787496011486513,Multi-Market,Buy-SSP,-126.0,32.5,60.0,92.5,SSP,EPEX
2026-05-22 12:00:00,0.0,0.42000000000000004,SFFR,11.73375,0.0,0.42000000000000004,SFFR,8.015,0.0,2.3787496011486513,Multi-Market,Idle,0.0,26.939999999999998,74.3,101.24,DA_HH,SSP
2026-05-22 12:30:00,0.0,0.42000000000000004,SFFR,11.73375,0.0,0.42000000000000004,SFFR,8.015,0.0,2.3787496011486513,Multi-Market,Idle,0.0,37.93000000000001,73.38,111.31,DA_HH,SSP
2026-05-22 13:00:00,0.0,0.42000000000000004,SFFR,11.73375,0.0,0.42000000000000004,SFFR,8.015,0.0,2.3787496011486513,Multi-Market,Idle,0.0,31.75999999999999,73.4,105.16,DA_HH,SSP
2026-05-22 13:30:00,0.0,0.42000000000000004,SFFR,11.73375,0.0,0.42000000000000004,SFFR,8.015,0.0,2.3787496011486513,Multi-Market,Idle,0.0,10.820000000000007,72.6,83.42,DA_HH,SSP
2026-05-22 14:00:00,0.0,0.42000000000000004,SFFR,11.73375,0.0,0.42000000000000004,SFFR,8.015,0.0,2.3787496011486513,Multi-Market,Idle,0.0,5.450000000000003,74.47,79.92,SSP,ISEM
2026-05-22 14:30:00,0.0,0.42000000000000004,SFFR,11.73375,0.0,0.42000000000000004,SFFR,8.015,-2.1,4.337499202297303,Multi-Market,Buy-SSP,-115.521,22.490000000000002,55.01,77.5,SSP,ISEM
2026-05-22 15:00:00,0.0,0.42000000000000004,SFFR,11.73375,0.0,0.42000000000000004,SFFR,12.950000000000001,-2.1,6.296248803445954,Multi-Market,Buy-SSP,-107.73,29.5,51.3,80.8,SSP,EPEX
2026-05-22 15:30:00,0.0,0.42000000000000004,SFFR,11.73375,0.0,0.42000000000000004,SFFR,12.950000000000001,0.0,6.296248803445954,Multi-Market,Idle,0.0,35.68000000000001,77.22,112.9,ISEM,SSP
2026-05-22 16:00:00,0.0,0.42000000000000004,SFFR,11.73375,0.0,0.42000000000000004,SFFR,12.950000000000001,0.0,6.296248803445954,Multi-Market,Idle,0.0,18.72,73.84,92.56,SSP,EPEX
2026-05-22 16:30:00,0.0,0.42000000000000004,SFFR,11.73375,0.0,0.42000000000000004,SFFR,12.950000000000001,-1.8051707633737284,7.9799999999999995,Multi-Market,Buy-SSP,-128.492054936942,21.379999999999995,71.18,92.56,SSP,EPEX
2026-05-22 17:00:00,0.0,0.42000000000000004,SFFR,11.73375,0.0,0.42000000000000004,SFFR,12.950000000000001,0.0,7.9799999999999995,Multi-Market,Idle,0.0,8.549999999999997,102.0,110.55,ISEM,EPEX
2026-05-22 17:30:00,0.0,0.42000000000000004,SFFR,11.73375,0.0,0.42000000000000004,SFFR,12.950000000000001,-0.0,7.9799999999999995,Multi-Market,Idle,-0.0,24.69999999999999,105.0,129.7,ISEM,SSP
2026-05-22 18:00:00,0.0,0.42000000000000004,SFFR,11.73375,0.0,0.42000000000000004,SFFR,12.950000000000001,-0.0,7.9799999999999995,Multi-Market,Idle,-0.0,20.159999999999997,120.0,140.16,ISEM,SSP
2026-05-22 18:30:00,0.0,0.42000000000000004,SFFR,11.73375,0.0,0.42000000000000004,SFFR,12.950000000000001,-0.0,7.9799999999999995,Multi-Market,Idle,-0.0,27.36,121.33,148.69,ISEM,SSP
2026-05-22 19:00:00,0.0,0.42000000000000004,SFFR,11.73375,0.0,0.42000000000000004,SFFR,21.84,-0.0,7.9799999999999995,Multi-Market,Idle,-0.0,31.019999999999996,123.89,154.91,ISEM,SSP
2026-05-22 19:30:00,0.0,0.42000000000000004,SFFR,11.73375,0.0,0.42000000000000004,SFFR,21.84,-0.0,7.9799999999999995,Multi-Market,Idle,-0.0,31.22,126.1,157.32,ISEM,SSP
2026-05-22 20:00:00,0.0,0.42000000000000004,SFFR,11.73375,0.0,0.42000000000000004,SFFR,21.84,0.0,7.9799999999999995,Multi-Market,Idle,0.0,26.269999999999996,126.58,152.85,ISEM,SSP
2026-05-22 20:30:00,0.0,0.42000000000000004,SFFR,11.73375,0.0,0.42000000000000004,SFFR,21.84,3.75,3.959577994358269,Multi-Market,Sell-SSP,692.4,60.67999999999999,123.96,184.64,ISEM,SSP
2026-05-22 21:00:00,0.0,0.42000000000000004,SFFR,11.73375,0.0,0.42000000000000004,SFFR,21.84,1.65,1.8979055898651893,Multi-Market,Buy-ISEM,506.76,82.04999999999998,120.65,202.7,ISEM,SSP
2026-05-22 21:30:00,0.0,0.42000000000000004,SFFR,11.73375,0.0,0.42000000000000004,SFFR,21.84,1.1054985641351434,0.42000000000000004,Multi-Market,Buy-DA_HH,334.0668970644275,62.68000000000001,120.44,183.12,DA_HH,SSP
2026-05-22 22:00:00,0.0,0.42000000000000004,SFFR,11.73375,0.0,0.42000000000000004,SFFR,21.84,0.0,0.42000000000000004,Multi-Market,Idle,0.0,15.939999999999998,99.34,115.28,SSP,EPEX
2026-05-22 22:30:00,0.0,0.42000000000000004,SFFR,11.73375,0.0,0.42000000000000004,SFFR,21.84,0.0,0.42000000000000004,Multi-Market,Idle,0.0,15.930000000000007,99.35,115.28,SSP,EPEX
2026-05-22 23:00:00,0.0,0.42000000000000004,SFFR,11.73375,0.0,0.42000000000000004,SFFR,5.6000000000000005,0.0,0.42000000000000004,Multi-Market,Idle,0.0,47.14999999999999,105.7,152.85,ISEM,SSP
2026-05-22 23:30:00,0.0,0.42000000000000004,SFFR,11.73375,0.0,0.42000000000000004,SFFR,5.6000000000000005,-0.0,0.42000000000000004,Multi-Market,Idle,-0.0,46.849999999999994,106.0,152.85,ISEM,SSP
2026-05-23 00:00:00,0.0,0.42000000000000004,SFFR,15.175416666666669,0.0,0.42000000000000004,SFFR,5.6000000000000005,-0.0,0.42000000000000004,Multi-Market,Idle,-0.0,48.64,104.21,152.85,DA_HH,SSP
2026-05-23 00:30:00,0.0,0.42000000000000004,SFFR,15.175416666666669,0.0,0.42000000000000004,SFFR,5.6000000000000005,0.0,0.42000000000000004,Multi-Market,Idle,0.0,14.969999999999999,94.35,109.32,SSP,EPEX
2026-05-23 01:00:00,0.0,0.42000000000000004,SFFR,15.175416666666669,0.0,0.42000000000000004,SFFR,5.6000000000000005,0.0,0.42000000000000004,Multi-Market,Idle,0.0,10.480000000000004,96.0,106.48,DA_HH,EPEX
2026-05-23 01:30:00,0.0,0.42000000000000004,SFFR,15.175416666666669,0.0,0.42000000000000004,SFFR,5.6000000000000005,0.0,0.42000000000000004,Multi-Market,Idle,0.0,10.86,95.62,106.48,SSP,EPEX
2026-05-23 02:00:00,0.0,0.42000000000000004,SFFR,15.175416666666669,0.0,0.42000000000000004,SFFR,5.6000000000000005,0.0,0.42000000000000004,Multi-Market,Idle,0.0,7.989999999999995,96.01,104.0,DA_HH,EPEX
2026-05-23 02:30:00,0.0,0.42000000000000004,SFFR,15.175416666666669,0.0,0.42000000000000004,SFFR,5.6000000000000005,0.0,0.42000000000000004,Multi-Market,Idle,0.0,14.0,90.0,104.0,DA_HH,EPEX
2026-05-23 03:00:00,0.0,0.42000000000000004,SFFR,15.175416666666669,0.0,0.42000000000000004,SFFR,6.58,0.0,0.42000000000000004,Multi-Market,Idle,0.0,8.629999999999995,90.0,98.63,SSP,EPEX
2026-05-23 03:30:00,0.0,0.42000000000000004,SFFR,15.175416666666669,0.0,0.42000000000000004,SFFR,6.58,0.0,0.42000000000000004,Multi-Market,Idle,0.0,10.560000000000002,88.07,98.63,DA_HH,EPEX
2026-05-23 04:00:00,0.0,0.42000000000000004,SFFR,15.175416666666669,0.0,0.42000000000000004,SFFR,6.58,-0.0,0.42000000000000004,Multi-Market,Idle,-0.0,37.749999999999986,91.04,128.79,ISEM,SSP
2026-05-23 04:30:00,0.0,0.42000000000000004,SFFR,15.175416666666669,0.0,0.42000000000000004,SFFR,6.58,0.0,0.41999999999999993,Multi-Market,Idle,0.0,14.849999999999994,83.0,97.85,SSP,EPEX
2026-05-23 05:00:00,0.0,0.42000000000000004,SFFR,15.175416666666669,0.0,0.42000000000000004,SFFR,6.58,-2.1,2.378749601148651,Multi-Market,Buy-SSP,-98.7,50.8,47.0,97.8,SSP,EPEX
2026-05-23 05:30:00,0.0,0.42000000000000004,SFFR,15.175416666666669,0.0,0.42000000000000004,SFFR,6.58,-2.1,4.337499202297302,Multi-Market,Buy-SSP,-98.7,50.8,47.0,97.8,SSP,EPEX
2026-05-23 06:00:00,0.0,0.42000000000000004,SFFR,15.175416666666669,0.0,0.42000000000000004,SFFR,6.58,0.0,4.337499202297302,Multi-Market,Idle,0.0,24.799999999999997,75.0,99.8,SSP,EPEX
2026-05-23 06:30:00,0.0,0.42000000000000004,SFFR,15.175416666666669,0.0,0.42000000000000004,SFFR,6.58,0.0,4.337499202297302,Multi-Market,Idle,0.0,17.28,96.72,114.0,DA_HH,SSP
2026-05-23 07:00:00,0.0,0.42000000000000004,SFFR,15.175416666666669,0.0,0.42000000000000004,SFFR,21.07,0.0,4.337499202297302,Multi-Market,Idle,0.0,20.510000000000005,85.0,105.51,SSP,ISEM
2026-05-23 07:30:00,0.0,0.42000000000000004,SFFR,15.175416666666669,0.0,0.42000000000000004,SFFR,21.07,0.0,4.337499202297302,Multi-Market,Idle,0.0,8.879999999999995,104.23,113.11,EPEX,ISEM
2026-05-23 08:00:00,0.0,0.42000000000000004,SFFR,15.175416666666669,0.0,0.42000000000000004,SFFR,21.07,0.0,4.337499202297302,Multi-Market,Idle,0.0,24.72,87.5,112.22,SSP,ISEM
2026-05-23 08:30:00,0.0,0.42000000000000004,SFFR,15.175416666666669,0.0,0.42000000000000004,SFFR,21.07,0.0,4.337499202297302,Multi-Market,Idle,0.0,12.170000000000002,96.25,108.42,SSP,EPEX
2026-05-23 09:00:00,0.0,0.42000000000000004,SFFR,15.175416666666669,0.0,0.42000000000000004,SFFR,21.07,0.0,4.337499202297302,Multi-Market,Idle,0.0,15.010000000000005,99.99,115.0,ISEM,SSP
2026-05-23 09:30:00,0.0,0.42000000000000004,SFFR,15.175416666666669,0.0,0.42000000000000004,SFFR,21.07,0.0,4.337499202297302,Multi-Market,Idle,0.0,19.290000000000006,95.71,115.0,DA_HH,SSP
2026-05-23 10:00:00,0.0,0.42000000000000004,SFFR,15.175416666666669,0.0,0.42000000000000004,SFFR,21.07,3.6539999999999995,0.42000000000000004,Multi-Market,Sell-SSP,469.35629999999986,41.719999999999985,86.73,128.45,EPEX,SSP
2026-05-23 10:30:00,0.0,0.42000000000000004,SFFR,15.175416666666669,0.0,0.42000000000000004,SFFR,21.07,-0.0,0.42000000000000004,Multi-Market,Idle,-0.0,38.269999999999996,86.73,125.0,EPEX,SSP
2026-05-23 11:00:00,0.0,0.42000000000000004,SFFR,15.175416666666669,0.0,0.42000000000000004,SFFR,9.344999999999999,0.0,0.41999999999999993,Multi-Market,Idle,0.0,9.320000000000007,75.16,84.48,SSP,ISEM
2026-05-23 11:30:00,0.0,0.42000000000000004,SFFR,15.175416666666669,0.0,0.42000000000000004,SFFR,9.344999999999999,0.0,0.41999999999999993,Multi-Market,Idle,0.0,19.25999999999999,76.93,96.19,DA_HH,SSP
2026-05-23 12:00:00,0.0,0.42000000000000004,SFFR,15.175416666666669,0.0,0.42000000000000004,SFFR,9.344999999999999,-1.8051707633737288,2.1037511965540463,Multi-Market,Buy-EPEX,-118.23868500097925,44.83,65.5,110.33,EPEX,SSP
2026-05-23 12:30:00,0.0,0.42000000000000004,SFFR,15.175416666666669,0.0,0.42000000000000004,SFFR,9.344999999999999,0.0,2.1037511965540463,Multi-Market,Idle,0.0,11.310000000000002,65.5,76.81,EPEX,ISEM
2026-05-23 13:00:00,0.0,0.42000000000000004,SFFR,15.175416666666669,0.0,0.42000000000000004,SFFR,9.344999999999999,-2.1,4.062500797702698,Multi-Market,Buy-EPEX,-134.4,42.480000000000004,64.0,106.48,EPEX,SSP
2026-05-23 13:30:00,0.0,0.42000000000000004,SFFR,15.175416666666669,0.0,0.42000000000000004,SFFR,9.344999999999999,-2.1,6.021250398851349,Multi-Market,Buy-EPEX,-134.4,46.08,64.0,110.08,EPEX,SSP
2026-05-23 14:00:00,0.0,0.42000000000000004,SFFR,15.175416666666669,0.0,0.42000000000000004,SFFR,9.344999999999999,-2.1,7.9799999999999995,Multi-Market,Buy-EPEX,-134.358,46.02,63.98,110.0,EPEX,SSP
2026-05-23 14:30:00,0.0,0.42000000000000004,SFFR,15.175416666666669,0.0,0.42000000000000004,SFFR,9.344999999999999,-0.27300000000000035,7.9799999999999995,Multi-Market,Buy-EPEX,92.18999999999997,60.02,63.98,124.0,EPEX,SSP
2026-05-23 15:00:00,0.0,0.42000000000000004,SFFR,15.175416666666669,0.0,0.42000000000000004,SFFR,21.560000000000002,-0.010086421451070846,7.9799999999999995,Multi-Market,Buy-EPEX,3.009632985284905,54.91,69.09,124.0,EPEX,SSP
2026-05-23 15:30:00,0.0,0.42000000000000004,SFFR,15.175416666666669,0.0,0.42000000000000004,SFFR,21.560000000000002,0.0,7.9799999999999995,Multi-Market,Idle,0.0,54.91,69.09,124.0,EPEX,SSP
2026-05-23 16:00:00,0.0,0.42000000000000004,SFFR,15.175416666666669,0.0,0.42000000000000004,SFFR,21.560000000000002,0.0,7.9799999999999995,Multi-Market,Idle,0.0,38.0,86.0,124.0,ISEM,SSP
2026-05-23 16:30:00,0.0,0.42000000000000004,SFFR,15.175416666666669,0.0,0.42000000000000004,SFFR,21.560000000000002,0.0,7.9799999999999995,Multi-Market,Idle,0.0,36.8,87.2,124.0,EPEX,SSP
2026-05-23 17:00:00,0.0,0.42000000000000004,SFFR,15.175416666666669,0.0,0.42000000000000004,SFFR,21.560000000000002,0.0,7.9799999999999995,Multi-Market,Idle,0.0,24.230000000000004,100.0,124.23,ISEM,SSP
2026-05-23 17:30:00,0.0,0.42000000000000004,SFFR,15.175416666666669,0.0,0.42000000000000004,SFFR,21.560000000000002,0.0,7.9799999999999995,Multi-Market,Idle,0.0,4.200000000000003,102.0,106.2,ISEM,EPEX
2026-05-23 18:00:00,0.0,0.42000000000000004,SFFR,15.175416666666669,0.0,0.42000000000000004,SFFR,21.560000000000002,0.0,7.9799999999999995,Multi-Market,Idle,0.0,9.540000000000006,110.0,119.54,ISEM,SSP
2026-05-23 18:30:00,0.0,0.42000000000000004,SFFR,15.175416666666669,0.0,0.42000000000000004,SFFR,21.560000000000002,-0.0,7.9799999999999995,Multi-Market,Idle,-0.0,25.0,116.0,141.0,ISEM,SSP
2026-05-23 19:00:00,0.0,0.42000000000000004,SFFR,15.175416666666669,0.0,0.42000000000000004,SFFR,26.845,0.0,7.9799999999999995,Multi-Market,Idle,0.0,28.500000000000014,107.36,135.86,SSP,DA_HH
2026-05-23 19:30:00,0.0,0.42000000000000004,SFFR,15.175416666666669,0.0,0.42000000000000004,SFFR,26.845,-0.0,7.9799999999999995,Multi-Market,Idle,-0.0,9.0,132.0,141.0,EPEX,SSP
2026-05-23 20:00:00,0.0,0.42000000000000004,SFFR,15.175416666666669,0.0,0.42000000000000004,SFFR,26.845,0.0,7.9799999999999995,Multi-Market,Idle,0.0,6.0,135.0,141.0,EPEX,SSP
2026-05-23 20:30:00,0.0,0.42000000000000004,SFFR,15.175416666666669,0.0,0.42000000000000004,SFFR,26.845,0.0,7.9799999999999995,Multi-Market,Idle,0.0,6.0,135.0,141.0,EPEX,SSP
2026-05-23 21:00:00,0.0,0.42000000000000004,SFFR,15.175416666666669,0.0,0.42000000000000004,SFFR,26.845,3.75,3.959577994358269,Multi-Market,Sell-SSP,588.375,31.950000000000003,124.95,156.9,ISEM,SSP
2026-05-23 21:30:00,0.0,0.42000000000000004,SFFR,15.175416666666669,0.0,0.42000000000000004,SFFR,26.845,3.3014985641351435,0.42000000000000004,Multi-Market,Sell-SSP,483.2073298468197,22.440000000000012,123.92,146.36,ISEM,SSP
2026-05-23 22:00:00,0.0,0.42000000000000004,SFFR,15.175416666666669,0.0,0.42000000000000004,SFFR,26.845,-0.0,0.42000000000000004,Multi-Market,Idle,-0.0,30.60000000000001,113.92,144.52,ISEM,SSP
2026-05-23 22:30:00,0.0,0.42000000000000004,SFFR,15.175416666666669,0.0,0.42000000000000004,SFFR,26.845,-0.0,0.42000000000000004,Multi-Market,Idle,-0.0,31.169999999999987,106.12,137.29,DA_HH,SSP
2026-05-23 23:00:00,0.0,0.42000000000000004,SFFR,15.175416666666669,0.0,0.42000000000000004,SFFR,5.81,-0.0,0.42000000000000004,Multi-Market,Idle,-0.0,18.99000000000001,105.41,124.4,SSP,DA_HH
2026-05-23 23:30:00,0.0,0.42000000000000004,SFFR,15.175416666666669,0.0,0.42000000000000004,SFFR,5.81,-0.0,0.42000000000000004,Multi-Market,Idle,-0.0,8.980000000000004,113.41,122.39,SSP,DA_HH
2026-05-24 00:00:00,0.0,0.42000000000000004,SFFR,16.15833333333333,0.0,0.42000000000000004,SFFR,5.81,0.0,0.42000000000000004,Multi-Market,Idle,0.0,8.899999999999991,111.81,120.71,SSP,DA_HH
2026-05-24 00:30:00,0.0,0.42000000000000004,SFFR,16.15833333333333,0.0,0.42000000000000004,SFFR,5.81,-0.0,0.42000000000000004,Multi-Market,Idle,-0.0,19.11,110.49,129.6,ISEM,SSP
2026-05-24 01:00:00,0.0,0.42000000000000004,SFFR,16.15833333333333,0.0,0.42000000000000004,SFFR,5.81,0.0,0.42000000000000004,Multi-Market,Idle,0.0,25.459999999999994,86.0,111.46,SSP,EPEX
2026-05-24 01:30:00,0.0,0.42000000000000004,SFFR,16.15833333333333,0.0,0.42000000000000004,SFFR,5.81,0.0,0.42000000000000004,Multi-Market,Idle,0.0,6.469999999999999,104.99,111.46,ISEM,EPEX
2026-05-24 02:00:00,0.0,0.42000000000000004,SFFR,16.15833333333333,0.0,0.42000000000000004,SFFR,5.81,0.0,0.42000000000000004,Multi-Market,Idle,0.0,17.230000000000004,104.95,122.18,ISEM,SSP
2026-05-24 02:30:00,0.0,0.42000000000000004,SFFR,16.15833333333333,0.0,0.42000000000000004,SFFR,5.81,0.0,0.42000000000000004,Multi-Market,Idle,0.0,5.069999999999993,104.93,110.0,ISEM,EPEX
2026-05-24 03:00:00,0.0,0.42000000000000004,SFFR,16.15833333333333,0.0,0.42000000000000004,SFFR,6.93,-0.0,0.42000000000000004,Multi-Market,Idle,-0.0,24.480000000000004,102.8,127.28,ISEM,SSP
2026-05-24 03:30:00,0.0,0.42000000000000004,SFFR,16.15833333333333,0.0,0.42000000000000004,SFFR,6.93,-0.0,0.42000000000000004,Multi-Market,Idle,-0.0,23.700000000000003,101.3,125.0,ISEM,SSP
2026-05-24 04:00:00,0.0,0.42000000000000004,SFFR,16.15833333333333,0.0,0.42000000000000004,SFFR,6.93,-0.0,0.42000000000000004,Multi-Market,Idle,-0.0,19.980000000000004,99.92,119.9,ISEM,SSP
2026-05-24 04:30:00,0.0,0.42000000000000004,SFFR,16.15833333333333,0.0,0.42000000000000004,SFFR,6.93,0.0,0.42000000000000004,Multi-Market,Idle,0.0,4.789999999999992,99.9,104.69,ISEM,SSP
2026-05-24 05:00:00,0.0,0.42000000000000004,SFFR,16.15833333333333,0.0,0.42000000000000004,SFFR,6.93,0.0,0.42000000000000004,Multi-Market,Idle,0.0,24.239999999999995,78.18,102.42,SSP,DA_HH
2026-05-24 05:30:00,0.0,0.42000000000000004,SFFR,16.15833333333333,0.0,0.42000000000000004,SFFR,6.93,0.0,0.42000000000000004,Multi-Market,Idle,0.0,3.4200000000000017,98.58,102.0,ISEM,EPEX
2026-05-24 06:00:00,0.0,0.42000000000000004,SFFR,16.15833333333333,0.0,0.42000000000000004,SFFR,6.93,0.0,0.42000000000000004,Multi-Market,Idle,0.0,20.930000000000007,80.0,100.93,SSP,DA_HH
2026-05-24 06:30:00,0.0,0.42000000000000004,SFFR,16.15833333333333,0.0,0.42000000000000004,SFFR,6.93,0.0,0.42000000000000004,Multi-Market,Idle,0.0,13.030000000000001,87.17,100.2,SSP,DA_HH
2026-05-24 07:00:00,0.0,0.42000000000000004,SFFR,16.15833333333333,0.0,0.42000000000000004,SFFR,21.035,0.0,0.42000000000000004,Multi-Market,Idle,0.0,10.600000000000009,98.41,109.01,ISEM,SSP
2026-05-24 07:30:00,0.0,0.42000000000000004,SFFR,16.15833333333333,0.0,0.42000000000000004,SFFR,21.035,0.0,0.42000000000000004,Multi-Market,Idle,0.0,27.200000000000003,80.0,107.2,SSP,EPEX
2026-05-24 08:00:00,0.0,0.42000000000000004,SFFR,16.15833333333333,0.0,0.42000000000000004,SFFR,21.035,-2.1,2.3787496011486513,Multi-Market,Buy-SSP,-42.0,90.0,20.0,110.0,SSP,EPEX
2026-05-24 08:30:00,0.0,0.42000000000000004,SFFR,16.15833333333333,0.0,0.42000000000000004,SFFR,21.035,0.0,2.3787496011486513,Multi-Market,Idle,0.0,30.0,80.0,110.0,SSP,EPEX
2026-05-24 09:00:00,0.0,0.42000000000000004,SFFR,16.15833333333333,0.0,0.42000000000000004,SFFR,21.035,-2.1,4.337499202297303,Multi-Market,Buy-SSP,-42.0,84.0,20.0,104.0,SSP,EPEX
2026-05-24 09:30:00,0.0,0.42000000000000004,SFFR,16.15833333333333,0.0,0.42000000000000004,SFFR,21.035,0.0,4.337499202297303,Multi-Market,Idle,0.0,29.0,75.0,104.0,SSP,EPEX
2026-05-24 10:00:00,0.0,0.42000000000000004,SFFR,16.15833333333333,0.0,0.42000000000000004,SFFR,21.035,0.0,4.337499202297303,Multi-Market,Idle,0.0,21.61,84.3,105.91,SSP,EPEX
2026-05-24 10:30:00,0.0,0.42000000000000004,SFFR,16.15833333333333,0.0,0.42000000000000004,SFFR,21.035,0.0,4.337499202297303,Multi-Market,Idle,0.0,28.36999999999999,77.54,105.91,SSP,EPEX
2026-05-24 11:00:00,0.0,0.42000000000000004,SFFR,16.15833333333333,0.0,0.42000000000000004,SFFR,10.99,0.0,4.337499202297303,Multi-Market,Idle,0.0,14.429999999999993,82.34,96.77,SSP,EPEX
2026-05-24 11:30:00,0.0,0.42000000000000004,SFFR,16.15833333333333,0.0,0.42000000000000004,SFFR,10.99,0.0,4.337499202297303,Multi-Market,Idle,0.0,11.689999999999998,85.08,96.77,ISEM,EPEX
2026-05-24 12:00:00,0.0,0.42000000000000004,SFFR,16.15833333333333,0.0,0.42000000000000004,SFFR,10.99,0.0,4.337499202297303,Multi-Market,Idle,0.0,7.540000000000006,86.99,94.53,SSP,EPEX
2026-05-24 12:30:00,0.0,0.42000000000000004,SFFR,16.15833333333333,0.0,0.42000000000000004,SFFR,10.99,3.6540000000000004,0.42000000000000004,Multi-Market,Sell-SSP,431.172,28.040000000000006,89.96,118.0,ISEM,SSP
2026-05-24 13:00:00,0.0,0.42000000000000004,SFFR,16.15833333333333,0.0,0.42000000000000004,SFFR,10.99,0.0,0.42000000000000004,Multi-Market,Idle,0.0,16.36999999999999,88.7,105.07,ISEM,SSP
2026-05-24 13:30:00,0.0,0.42000000000000004,SFFR,16.15833333333333,0.0,0.42000000000000004,SFFR,10.99,0.0,0.42000000000000004,Multi-Market,Idle,0.0,21.340000000000003,72.08,93.42,SSP,EPEX
2026-05-24 14:00:00,0.0,0.42000000000000004,SFFR,16.15833333333333,0.0,0.42000000000000004,SFFR,10.99,-2.1,2.3787496011486513,Multi-Market,Buy-SSP,-79.002,57.38,37.62,95.0,SSP,EPEX
2026-05-24 14:30:00,0.0,0.42000000000000004,SFFR,16.15833333333333,0.0,0.42000000000000004,SFFR,10.99,0.0,2.3787496011486513,Multi-Market,Idle,0.0,32.0,63.0,95.0,SSP,EPEX
2026-05-24 15:00:00,0.0,0.42000000000000004,SFFR,16.15833333333333,0.0,0.42000000000000004,SFFR,22.189999999999998,-2.1,4.337499202297303,Multi-Market,Buy-SSP,13.020000000000001,104.57000000000001,-6.2,98.37,SSP,EPEX
2026-05-24 15:30:00,0.0,0.42000000000000004,SFFR,16.15833333333333,0.0,0.42000000000000004,SFFR,22.189999999999998,-2.1,6.296248803445954,Multi-Market,Buy-SSP,28.56,111.97,-13.6,98.37,SSP,EPEX
2026-05-24 16:00:00,0.0,0.42000000000000004,SFFR,16.15833333333333,0.0,0.42000000000000004,SFFR,22.189999999999998,1.894501435864858,4.265130066787039,Multi-Market,Sell-SSP,223.55116943205323,15.400000000000006,102.6,118.0,ISEM,SSP
2026-05-24 16:30:00,0.0,0.42000000000000004,SFFR,16.15833333333333,0.0,0.42000000000000004,SFFR,22.189999999999998,-2.1,6.22387966793569,Multi-Market,Buy-SSP,-2.562,108.78,1.22,110.0,SSP,EPEX
2026-05-24 17:00:00,0.0,0.42000000000000004,SFFR,16.15833333333333,0.0,0.42000000000000004,SFFR,22.189999999999998,0.0,6.22387966793569,Multi-Market,Idle,0.0,17.67,94.91,112.58,SSP,DA_HH
2026-05-24 17:30:00,0.0,0.42000000000000004,SFFR,16.15833333333333,0.0,0.42000000000000004,SFFR,22.189999999999998,-1.882758620689657,7.9799999999999995,Multi-Market,Buy-SSP,-103.55172413793113,59.3,55.0,114.3,SSP,DA_HH
2026-05-24 18:00:00,0.0,0.42000000000000004,SFFR,16.15833333333333,0.0,0.42000000000000004,SFFR,22.189999999999998,-0.0,7.9799999999999995,Multi-Market,Idle,-0.0,49.349999999999994,79.0,128.35,SSP,DA_HH
2026-05-24 18:30:00,0.0,0.42000000000000004,SFFR,16.15833333333333,0.0,0.42000000000000004,SFFR,22.189999999999998,-0.0,7.9799999999999995,Multi-Market,Idle,-0.0,42.540000000000006,89.2,131.74,SSP,DA_HH
2026-05-24 19:00:00,0.0,0.42000000000000004,SFFR,16.15833333333333,0.0,0.42000000000000004,SFFR,30.03,-0.0,7.9799999999999995,Multi-Market,Idle,-0.0,9.400000000000006,130.0,139.4,SSP,EPEX
2026-05-24 19:30:00,0.0,0.42000000000000004,SFFR,16.15833333333333,0.0,0.42000000000000004,SFFR,30.03,0.0,7.9799999999999995,Multi-Market,Idle,0.0,7.719999999999999,131.68,139.4,SSP,EPEX
2026-05-24 20:00:00,0.0,0.42000000000000004,SFFR,16.15833333333333,0.0,0.42000000000000004,SFFR,30.03,3.3014985641351435,4.4404220056417305,Multi-Market,Sell-EPEX,465.8744623851101,6.110000000000014,135.0,141.11,ISEM,EPEX
2026-05-24 20:30:00,0.0,0.42000000000000004,SFFR,16.15833333333333,0.0,0.42000000000000004,SFFR,30.03,0.0,4.4404220056417305,Multi-Market,Idle,0.0,49.610000000000014,91.5,141.11,SSP,EPEX
2026-05-24 21:00:00,0.0,0.42000000000000004,SFFR,16.15833333333333,0.0,0.42000000000000004,SFFR,30.03,0.0,4.4404220056417305,Multi-Market,Idle,0.0,4.810000000000002,133.19,138.0,SSP,EPEX
2026-05-24 21:30:00,0.0,0.42000000000000004,SFFR,16.15833333333333,0.0,0.42000000000000004,SFFR,30.03,0.0,4.4404220056417305,Multi-Market,Idle,0.0,8.0,130.0,138.0,SSP,EPEX
2026-05-24 22:00:00,0.0,0.42000000000000004,SFFR,16.15833333333333,0.0,0.42000000000000004,SFFR,30.03,3.75,0.42000000000000004,Multi-Market,Sell-SSP,541.8375000000001,18.790000000000006,125.7,144.49,EPEX,SSP
2026-05-24 22:30:00,0.0,0.42000000000000004,SFFR,16.15833333333333,0.0,0.42000000000000004,SFFR,30.03,-0.0,0.42000000000000004,Multi-Market,Idle,-0.0,42.400000000000006,85.0,127.4,SSP,DA_HH
2026-05-24 23:00:00,0.0,0.42000000000000004,SFFR,16.15833333333333,0.0,0.42000000000000004,SFFR,5.67,0.0,0.42000000000000004,Multi-Market,Idle,0.0,19.989999999999995,93.01,113.0,SSP,EPEX
2026-05-24 23:30:00,0.0,0.42000000000000004,SFFR,16.15833333333333,0.0,0.42000000000000004,SFFR,5.67,-0.0,0.42000000000000004,Multi-Market,Idle,-0.0,23.700000000000003,89.3,113.0,SSP,EPEX
2026-05-25 00:00:00,0.0,0.42000000000000004,SFFR,15.710625,0.0,0.42000000000000004,SFFR,5.67,-2.1,2.3787496011486513,Multi-Market,Buy-SSP,-187.53,20.700000000000003,89.3,110.0,SSP,EPEX
2026-05-25 00:30:00,0.0,0.42000000000000004,SFFR,15.710625,0.0,0.42000000000000004,SFFR,5.67,-0.07758785731592951,2.4511187366589158,Multi-Market,Buy-DA_HH,-7.758785731592951,45.0,100.0,145.0,DA_HH,SSP
2026-05-25 01:00:00,0.0,0.42000000000000004,SFFR,15.710625,0.0,0.42000000000000004,SFFR,5.67,1.8945014358648589,0.42000000000000004,Multi-Market,Sell-SSP,274.7027082004045,44.209999999999994,100.79,145.0,ISEM,SSP
2026-05-25 01:30:00,0.0,0.42000000000000004,SFFR,15.710625,0.0,0.42000000000000004,SFFR,5.67,0.0,0.42000000000000004,Multi-Market,Idle,0.0,19.700000000000003,89.3,109.0,SSP,EPEX
2026-05-25 02:00:00,0.0,0.42000000000000004,SFFR,15.710625,0.0,0.42000000000000004,SFFR,5.67,0.0,0.42000000000000004,Multi-Market,Idle,0.0,18.200000000000003,87.8,106.0,SSP,DA_HH
2026-05-25 02:30:00,0.0,0.42000000000000004,SFFR,15.710625,0.0,0.42000000000000004,SFFR,5.67,0.0,0.42000000000000004,Multi-Market,Idle,0.0,18.549999999999997,87.45,106.0,SSP,ISEM
2026-05-25 03:00:00,0.0,0.42000000000000004,SFFR,15.710625,0.0,0.42000000000000004,SFFR,6.93,0.0,0.42000000000000004,Multi-Market,Idle,0.0,17.549999999999997,87.45,105.0,SSP,DA_HH
2026-05-25 03:30:00,0.0,0.42000000000000004,SFFR,15.710625,0.0,0.42000000000000004,SFFR,6.93,0.0,0.42000000000000004,Multi-Market,Idle,0.0,26.0,75.0,101.0,SSP,DA_HH
2026-05-25 04:00:00,0.0,0.42000000000000004,SFFR,15.710625,0.0,0.42000000000000004,SFFR,6.93,0.0,0.42000000000000004,Multi-Market,Idle,0.0,20.0,85.0,105.0,SSP,DA_HH
2026-05-25 04:30:00,0.0,0.42000000000000004,SFFR,15.710625,0.0,0.42000000000000004,SFFR,6.93,0.0,0.42000000000000004,Multi-Market,Idle,0.0,24.200000000000003,80.0,104.2,SSP,DA_HH
2026-05-25 05:00:00,0.0,0.42000000000000004,SFFR,15.710625,0.0,0.42000000000000004,SFFR,6.93,0.0,0.42000000000000004,Multi-Market,Idle,0.0,20.53,80.0,100.53,SSP,DA_HH
2026-05-25 05:30:00,0.0,0.42000000000000004,SFFR,15.710625,0.0,0.42000000000000004,SFFR,6.93,0.0,0.42000000000000004,Multi-Market,Idle,0.0,24.0,80.0,104.0,SSP,DA_HH
2026-05-25 06:00:00,0.0,0.42000000000000004,SFFR,15.710625,0.0,0.42000000000000004,SFFR,6.93,0.0,0.42000000000000004,Multi-Market,Idle,0.0,27.560000000000002,75.0,102.56,SSP,DA_HH
2026-05-25 06:30:00,0.0,0.42000000000000004,SFFR,15.710625,0.0,0.42000000000000004,SFFR,6.93,0.0,0.42000000000000004,Multi-Market,Idle,0.0,31.0,75.0,106.0,SSP,DA_HH
2026-05-25 07:00:00,0.0,0.42000000000000004,SFFR,15.710625,0.0,0.42000000000000004,SFFR,20.755,0.0,0.42000000000000004,Multi-Market,Idle,0.0,26.409999999999997,81.45,107.86,SSP,DA_HH
2026-05-25 07:30:00,0.0,0.42000000000000004,SFFR,15.710625,0.0,0.42000000000000004,SFFR,20.755,0.0,0.42000000000000004,Multi-Market,Idle,0.0,15.530000000000001,94.47,110.0,SSP,ISEM
2026-05-25 08:00:00,0.0,0.42000000000000004,SFFR,15.710625,0.0,0.42000000000000004,SFFR,20.755,-2.1,2.3787496011486513,Multi-Market,Buy-SSP,-147.0,33.099999999999994,70.0,103.1,SSP,DA_HH
2026-05-25 08:30:00,0.0,0.42000000000000004,SFFR,15.710625,0.0,0.42000000000000004,SFFR,20.755,-2.1,4.337499202297303,Multi-Market,Buy-SSP,-147.0,33.099999999999994,70.0,103.1,SSP,ISEM
2026-05-25 09:00:00,0.0,0.42000000000000004,SFFR,15.710625,0.0,0.42000000000000004,SFFR,20.755,0.0,4.337499202297303,Multi-Market,Idle,0.0,16.0,87.0,103.0,SSP,ISEM
2026-05-25 09:30:00,0.0,0.42000000000000004,SFFR,15.710625,0.0,0.42000000000000004,SFFR,20.755,0.0,4.337499202297303,Multi-Market,Idle,0.0,30.42,75.5,105.92,SSP,ISEM
2026-05-25 10:00:00,0.0,0.42000000000000004,SFFR,15.710625,0.0,0.42000000000000004,SFFR,20.755,0.0,4.337499202297303,Multi-Market,Idle,0.0,26.689999999999998,76.95,103.64,SSP,EPEX
2026-05-25 10:30:00,0.0,0.42000000000000004,SFFR,15.710625,0.0,0.42000000000000004,SFFR,20.755,0.0,4.337499202297303,Multi-Market,Idle,0.0,27.64,76.0,103.64,SSP,EPEX
2026-05-25 11:00:00,0.0,0.42000000000000004,SFFR,15.710625,0.0,0.42000000000000004,SFFR,9.695,-2.1,6.296248803445954,Multi-Market,Buy-SSP,-153.51,25.66000000000001,73.1,98.76,SSP,ISEM
2026-05-25 11:30:00,0.0,0.42000000000000004,SFFR,15.710625,0.0,0.42000000000000004,SFFR,9.695,-1.8051707633737284,7.9799999999999995,Multi-Market,Buy-SSP,-132.13849987895694,22.849999999999994,73.2,96.05,SSP,ISEM
2026-05-25 12:00:00,0.0,0.42000000000000004,SFFR,15.710625,0.0,0.42000000000000004,SFFR,9.695,0.0,7.9799999999999995,Multi-Market,Idle,0.0,20.810000000000002,73.25,94.06,SSP,ISEM
2026-05-25 12:30:00,0.0,0.42000000000000004,SFFR,15.710625,0.0,0.42000000000000004,SFFR,9.695,0.0,7.9799999999999995,Multi-Market,Idle,0.0,7.719999999999999,85.28,93.0,SSP,DA_HH
2026-05-25 13:00:00,0.0,0.42000000000000004,SFFR,15.710625,0.0,0.42000000000000004,SFFR,9.695,0.0,7.9799999999999995,Multi-Market,Idle,0.0,6.670000000000002,86.23,92.9,SSP,DA_HH
2026-05-25 13:30:00,0.0,0.42000000000000004,SFFR,15.710625,0.0,0.42000000000000004,SFFR,9.695,0.0,7.9799999999999995,Multi-Market,Idle,0.0,20.299999999999997,74.7,95.0,SSP,DA_HH
2026-05-25 14:00:00,0.0,0.42000000000000004,SFFR,15.710625,0.0,0.42000000000000004,SFFR,9.695,0.0,7.9799999999999995,Multi-Market,Idle,0.0,19.900000000000006,75.1,95.0,SSP,DA_HH
2026-05-25 14:30:00,0.0,0.42000000000000004,SFFR,15.710625,0.0,0.42000000000000004,SFFR,9.695,0.0,7.9799999999999995,Multi-Market,Idle,0.0,16.900000000000006,91.0,107.9,EPEX,SSP
2026-05-25 15:00:00,0.0,0.42000000000000004,SFFR,15.710625,0.0,0.42000000000000004,SFFR,21.875,0.0,7.9799999999999995,Multi-Market,Idle,0.0,13.939999999999998,81.11,95.05,SSP,ISEM
2026-05-25 15:30:00,0.0,0.42000000000000004,SFFR,15.710625,0.0,0.42000000000000004,SFFR,21.875,0.0,7.9799999999999995,Multi-Market,Idle,0.0,7.650000000000006,92.28,99.93,EPEX,ISEM
2026-05-25 16:00:00,0.0,0.42000000000000004,SFFR,15.710625,0.0,0.42000000000000004,SFFR,21.875,0.0,7.9799999999999995,Multi-Market,Idle,0.0,17.209999999999994,90.79,108.0,SSP,ISEM
2026-05-25 16:30:00,0.0,0.42000000000000004,SFFR,15.710625,0.0,0.42000000000000004,SFFR,21.875,-0.0,7.9799999999999995,Multi-Market,Idle,-0.0,27.260000000000005,92.74,120.0,SSP,ISEM
2026-05-25 17:00:00,0.0,0.42000000000000004,SFFR,15.710625,0.0,0.42000000000000004,SFFR,21.875,1.5539999999999994,6.021250398851349,Multi-Market,Buy-SSP,320.47848,60.02000000000001,65.1,125.12,SSP,ISEM
2026-05-25 17:30:00,0.0,0.42000000000000004,SFFR,15.710625,0.0,0.42000000000000004,SFFR,21.875,-2.1,7.9799999999999995,Multi-Market,Buy-SSP,-158.27700000000002,39.629999999999995,75.37,115.0,SSP,ISEM
2026-05-25 18:00:00,0.0,0.42000000000000004,SFFR,15.710625,0.0,0.42000000000000004,SFFR,21.875,-0.0,7.9799999999999995,Multi-Market,Idle,-0.0,14.02000000000001,124.78,138.8,EPEX,SSP
2026-05-25 18:30:00,0.0,0.42000000000000004,SFFR,15.710625,0.0,0.42000000000000004,SFFR,21.875,-0.0,7.9799999999999995,Multi-Market,Idle,-0.0,26.120000000000005,124.78,150.9,EPEX,SSP
2026-05-25 19:00:00,0.0,0.42000000000000004,SFFR,15.710625,0.0,0.42000000000000004,SFFR,29.400000000000002,-0.0,7.9799999999999995,Multi-Market,Idle,-0.0,19.639999999999986,133.0,152.64,DA_HH,SSP
2026-05-25 19:30:00,0.0,0.42000000000000004,SFFR,15.710625,0.0,0.42000000000000004,SFFR,29.400000000000002,0.0,7.9799999999999995,Multi-Market,Idle,0.0,42.97,132.02,174.99,DA_HH,SSP
2026-05-25 20:00:00,0.0,0.42000000000000004,SFFR,15.710625,0.0,0.42000000000000004,SFFR,29.400000000000002,3.3014985641351435,4.4404220056417305,Multi-Market,Sell-SSP,588.6571939852961,44.10000000000002,134.2,178.3,DA_HH,SSP
2026-05-25 20:30:00,0.0,0.42000000000000004,SFFR,15.710625,0.0,0.42000000000000004,SFFR,29.400000000000002,3.75,0.42000000000000004,Multi-Market,Sell-SSP,671.2125000000001,43.29000000000002,135.7,178.99,DA_HH,SSP
2026-05-25 21:00:00,0.0,0.42000000000000004,SFFR,15.710625,0.0,0.42000000000000004,SFFR,29.400000000000002,0.0,0.42000000000000004,Multi-Market,Idle,0.0,7.700000000000017,131.1,138.8,DA_HH,SSP
2026-05-25 21:30:00,0.0,0.42000000000000004,SFFR,15.710625,0.0,0.42000000000000004,SFFR,29.400000000000002,-0.0,0.42000000000000004,Multi-Market,Idle,-0.0,11.850000000000009,126.95,138.8,ISEM,SSP
2026-05-25 22:00:00,0.0,0.42000000000000004,SFFR,15.710625,0.0,0.42000000000000004,SFFR,29.400000000000002,-0.0,0.42000000000000004,Multi-Market,Idle,-0.0,11.389999999999986,118.5,129.89,EPEX,SSP
2026-05-25 22:30:00,0.0,0.42000000000000004,SFFR,15.710625,0.0,0.42000000000000004,SFFR,29.400000000000002,0.0,0.42000000000000004,Multi-Market,Idle,0.0,13.659999999999982,115.23,128.89,ISEM,SSP
2026-05-25 23:00:00,0.0,0.42000000000000004,SFFR,15.710625,0.0,0.42000000000000004,SFFR,5.425,-0.0,0.42000000000000004,Multi-Market,Idle,-0.0,20.64999999999999,108.24,128.89,EPEX,SSP
2026-05-25 23:30:00,0.0,0.42000000000000004,SFFR,15.710625,0.0,0.42000000000000004,SFFR,5.425,-0.0,0.42000000000000004,Multi-Market,Idle,-0.0,24.30000000000001,104.19,128.49,ISEM,SSP
2026-05-26 00:00:00,0.0,0.42000000000000004,SFFR,14.699999999999998,0.0,0.42000000000000004,SFFR,5.425,0.0,0.4200000000000006,Multi-Market,Idle,0.0,26.49000000000001,102.0,128.49,ISEM,SSP
2026-05-26 00:30:00,0.0,0.42000000000000004,SFFR,14.699999999999998,0.0,0.42000000000000004,SFFR,5.425,0.0,0.4200000000000006,Multi-Market,Idle,0.0,6.739999999999995,102.4,109.14,EPEX,DA_HH
2026-05-26 01:00:00,0.0,0.42000000000000004,SFFR,14.699999999999998,0.0,0.42000000000000004,SFFR,5.425,0.0,0.4200000000000006,Multi-Market,Idle,0.0,7.959999999999994,95.51,103.47,SSP,DA_HH
2026-05-26 01:30:00,0.0,0.42000000000000004,SFFR,14.699999999999998,0.0,0.42000000000000004,SFFR,5.425,0.0,0.4200000000000006,Multi-Market,Idle,0.0,16.41000000000001,93.99,110.4,SSP,DA_HH
2026-05-26 02:00:00,0.0,0.42000000000000004,SFFR,14.699999999999998,0.0,0.42000000000000004,SFFR,5.425,0.0,0.4200000000000006,Multi-Market,Idle,0.0,19.900000000000006,97.57,117.47,EPEX,SSP
2026-05-26 02:30:00,0.0,0.42000000000000004,SFFR,14.699999999999998,0.0,0.42000000000000004,SFFR,5.425,0.0,0.4200000000000006,Multi-Market,Idle,0.0,9.470000000000013,97.57,107.04,EPEX,SSP
2026-05-26 03:00:00,0.0,0.42000000000000004,SFFR,14.699999999999998,0.0,0.42000000000000004,SFFR,6.965,-2.1,2.3787496011486517,Multi-Market,Buy-SSP,-179.655,14.450000000000003,85.55,100.0,SSP,DA_HH
2026-05-26 03:30:00,0.0,0.42000000000000004,SFFR,14.699999999999998,0.0,0.42000000000000004,SFFR,6.965,-2.1,4.337499202297303,Multi-Market,Buy-SSP,-179.67600000000002,14.219999999999999,85.56,99.78,SSP,DA_HH
2026-05-26 04:00:00,0.0,0.42000000000000004,SFFR,14.699999999999998,0.0,0.42000000000000004,SFFR,6.965,0.0,4.337499202297303,Multi-Market,Idle,0.0,16.50999999999999,87.51,104.02,SSP,EPEX
2026-05-26 04:30:00,0.0,0.42000000000000004,SFFR,14.699999999999998,0.0,0.42000000000000004,SFFR,6.965,0.0,4.337499202297303,Multi-Market,Idle,0.0,17.319999999999993,86.7,104.02,SSP,EPEX
2026-05-26 05:00:00,0.0,0.42000000000000004,SFFR,14.699999999999998,0.0,0.42000000000000004,SFFR,6.965,0.0,4.337499202297303,Multi-Market,Idle,0.0,14.529999999999987,96.68,111.21,DA_HH,SSP
2026-05-26 05:30:00,0.0,0.42000000000000004,SFFR,14.699999999999998,0.0,0.42000000000000004,SFFR,6.965,0.0,4.337499202297303,Multi-Market,Idle,0.0,11.41000000000001,96.35,107.76,SSP,EPEX
2026-05-26 06:00:00,0.0,0.42000000000000004,SFFR,14.699999999999998,0.0,0.42000000000000004,SFFR,6.965,0.0,4.337499202297303,Multi-Market,Idle,0.0,21.960000000000008,96.35,118.31,SSP,EPEX
2026-05-26 06:30:00,0.0,0.42000000000000004,SFFR,14.699999999999998,0.0,0.42000000000000004,SFFR,6.965,0.0,4.337499202297303,Multi-Market,Idle,0.0,31.010000000000005,93.99,125.0,SSP,DA_HH
2026-05-26 07:00:00,0.0,0.42000000000000004,SFFR,14.699999999999998,0.0,0.42000000000000004,SFFR,19.564999999999998,-2.1,6.296248803445954,Multi-Market,Buy-SSP,-180.07500000000002,34.760000000000005,85.75,120.51,SSP,EPEX
2026-05-26 07:30:00,0.0,0.42000000000000004,SFFR,14.699999999999998,0.0,0.42000000000000004,SFFR,19.564999999999998,0.0,6.296248803445954,Multi-Market,Idle,0.0,33.67999999999999,86.9,120.58,SSP,DA_HH
2026-05-26 08:00:00,0.0,0.42000000000000004,SFFR,14.699999999999998,0.0,0.42000000000000004,SFFR,19.564999999999998,0.0,6.296248803445954,Multi-Market,Idle,0.0,26.890000000000015,117.6,144.49,EPEX,SSP
2026-05-26 08:30:00,0.0,0.42000000000000004,SFFR,14.699999999999998,0.0,0.42000000000000004,SFFR,19.564999999999998,0.0,6.296248803445952,Multi-Market,Idle,0.0,26.890000000000015,117.6,144.49,EPEX,SSP
2026-05-26 09:00:00,0.0,0.42000000000000004,SFFR,14.699999999999998,0.0,0.42000000000000004,SFFR,19.564999999999998,3.721501435864854,2.306380465638391,Multi-Market,Sell-SSP,558.2252153797281,39.39,110.61,150.0,EPEX,SSP
2026-05-26 09:30:00,0.0,0.42000000000000004,SFFR,14.699999999999998,0.0,0.42000000000000004,SFFR,19.564999999999998,0.0,2.306380465638391,Multi-Market,Idle,0.0,33.88000000000001,110.61,144.49,EPEX,SSP
2026-05-26 10:00:00,0.0,0.42000000000000004,SFFR,14.699999999999998,0.0,0.42000000000000004,SFFR,19.564999999999998,0.0,2.306380465638391,Multi-Market,Idle,0.0,32.47000000000001,112.02,144.49,EPEX,SSP
2026-05-26 10:30:00,0.0,0.42000000000000004,SFFR,14.699999999999998,0.0,0.42000000000000004,SFFR,19.564999999999998,0.0,2.306380465638391,Multi-Market,Idle,0.0,15.420000000000002,96.6,112.02,SSP,EPEX
2026-05-26 11:00:00,0.0,0.42000000000000004,SFFR,14.699999999999998,0.0,0.42000000000000004,SFFR,9.38,-2.1,4.265130066787043,Multi-Market,Buy-SSP,-181.125,17.980000000000004,86.25,104.23,SSP,EPEX
2026-05-26 11:30:00,0.0,0.42000000000000004,SFFR,14.699999999999998,0.0,0.42000000000000004,SFFR,9.38,0.0,4.265130066787043,Multi-Market,Idle,0.0,34.31999999999999,100.0,134.32,ISEM,SSP
2026-05-26 12:00:00,0.0,0.42000000000000004,SFFR,14.699999999999998,0.0,0.42000000000000004,SFFR,9.38,-2.1,6.223879667935694,Multi-Market,Buy-SSP,-181.125,13.290000000000006,86.25,99.54,SSP,DA_HH
2026-05-26 12:30:00,0.0,0.42000000000000004,SFFR,14.699999999999998,0.0,0.42000000000000004,SFFR,9.38,-1.8827586206896532,7.9799999999999995,Multi-Market,Buy-SSP,-162.858620689655,12.599999999999994,86.5,99.1,SSP,DA_HH
2026-05-26 13:00:00,0.0,0.42000000000000004,SFFR,14.699999999999998,0.0,0.42000000000000004,SFFR,9.38,0.0,7.9799999999999995,Multi-Market,Idle,0.0,13.480000000000004,86.52,100.0,SSP,DA_HH
2026-05-26 13:30:00,0.0,0.42000000000000004,SFFR,14.699999999999998,0.0,0.42000000000000004,SFFR,9.38,0.0,7.9799999999999995,Multi-Market,Idle,0.0,31.85000000000001,96.8,128.65,DA_HH,SSP
2026-05-26 14:00:00,0.0,0.42000000000000004,SFFR,14.699999999999998,0.0,0.42000000000000004,SFFR,9.38,0.0,7.9799999999999995,Multi-Market,Idle,0.0,11.460000000000008,86.52,97.98,SSP,EPEX
2026-05-26 14:30:00,0.0,0.42000000000000004,SFFR,14.699999999999998,0.0,0.42000000000000004,SFFR,9.38,0.0,7.9799999999999995,Multi-Market,Idle,0.0,30.0,95.0,125.0,DA_HH,SSP
2026-05-26 15:00:00,0.0,0.42000000000000004,SFFR,14.699999999999998,0.0,0.42000000000000004,SFFR,21.0,0.0,7.9799999999999995,Multi-Market,Idle,0.0,51.27000000000001,94.1,145.37,ISEM,SSP
2026-05-26 15:30:00,0.0,0.42000000000000004,SFFR,14.699999999999998,0.0,0.42000000000000004,SFFR,21.0,0.0,7.9799999999999995,Multi-Market,Idle,0.0,54.41,95.59,150.0,ISEM,SSP
2026-05-26 16:00:00,0.0,0.42000000000000004,SFFR,14.699999999999998,0.0,0.42000000000000004,SFFR,21.0,1.8270000000000035,6.021250398851345,Multi-Market,Sell-SSP,290.40165000000053,64.24999999999999,94.7,158.95,ISEM,SSP
2026-05-26 16:30:00,0.0,0.42000000000000004,SFFR,14.699999999999998,0.0,0.42000000000000004,SFFR,21.0,0.0,6.021250398851349,Multi-Market,Idle,0.0,55.45,94.55,150.0,ISEM,SSP
2026-05-26 17:00:00,0.0,0.42000000000000004,SFFR,14.699999999999998,0.0,0.42000000000000004,SFFR,21.0,0.0,6.021250398851349,Multi-Market,Idle,0.0,44.0,106.0,150.0,ISEM,SSP
2026-05-26 17:30:00,0.0,0.42000000000000004,SFFR,14.699999999999998,0.0,0.42000000000000004,SFFR,21.0,-2.1,7.9799999999999995,Multi-Market,Buy-SSP,-180.705,36.95,86.05,123.0,SSP,DA_HH
2026-05-26 18:00:00,0.0,0.42000000000000004,SFFR,14.699999999999998,0.0,0.42000000000000004,SFFR,21.0,0.0,7.9799999999999995,Multi-Market,Idle,0.0,13.259999999999991,131.4,144.66,EPEX,SSP
2026-05-26 18:30:00,0.0,0.42000000000000004,SFFR,14.699999999999998,0.0,0.42000000000000004,SFFR,21.0,-0.0,7.9799999999999995,Multi-Market,Idle,-0.0,35.5,131.4,166.9,EPEX,SSP
2026-05-26 19:00:00,0.0,0.42000000000000004,SFFR,14.699999999999998,0.0,0.42000000000000004,SFFR,25.865,0.0,7.9799999999999995,Multi-Market,Idle,0.0,30.0,135.0,165.0,DA_HH,SSP
2026-05-26 19:30:00,0.0,0.42000000000000004,SFFR,14.699999999999998,0.0,0.42000000000000004,SFFR,25.865,0.0,7.9799999999999995,Multi-Market,Idle,0.0,29.0,136.0,165.0,DA_HH,SSP
2026-05-26 20:00:00,0.0,0.42000000000000004,SFFR,14.699999999999998,0.0,0.42000000000000004,SFFR,25.865,0.0,7.9799999999999995,Multi-Market,Idle,0.0,8.610000000000014,136.39,145.0,ISEM,EPEX
2026-05-26 20:30:00,0.0,0.42000000000000004,SFFR,14.699999999999998,0.0,0.42000000000000004,SFFR,25.865,0.0,7.9799999999999995,Multi-Market,Idle,0.0,27.900000000000006,117.1,145.0,SSP,EPEX
2026-05-26 21:00:00,0.0,0.42000000000000004,SFFR,14.699999999999998,0.0,0.42000000000000004,SFFR,25.865,0.0,7.9799999999999995,Multi-Market,Idle,0.0,11.0,130.0,141.0,EPEX,SSP
2026-05-26 21:30:00,0.0,0.42000000000000004,SFFR,14.699999999999998,0.0,0.42000000000000004,SFFR,25.865,0.0,7.9799999999999995,Multi-Market,Idle,0.0,16.03,124.97,141.0,ISEM,SSP
2026-05-26 22:00:00,0.0,0.42000000000000004,SFFR,14.699999999999998,0.0,0.42000000000000004,SFFR,25.865,0.0,7.9799999999999995,Multi-Market,Idle,0.0,29.0,112.0,141.0,ISEM,SSP
2026-05-26 22:30:00,0.0,0.42000000000000004,SFFR,14.699999999999998,0.0,0.42000000000000004,SFFR,25.865,0.0,7.9799999999999995,Multi-Market,Idle,0.0,27.200000000000003,113.8,141.0,EPEX,SSP
2026-05-26 23:00:00,0.0,0.42000000000000004,SFFR,14.699999999999998,0.0,0.42000000000000004,SFFR,5.425,3.3014985641351435,4.4404220056417305,Multi-Market,Sell-SSP,553.33115934905,57.61,109.99,167.6,ISEM,SSP
2026-05-26 23:30:00,0.0,0.42000000000000004,SFFR,14.699999999999998,0.0,0.42000000000000004,SFFR,5.425,3.75,0.42000000000000004,Multi-Market,Sell-SSP,628.5,57.629999999999995,109.97,167.6,ISEM,SSP
2026-05-27 00:00:00,0.0,0.42000000000000004,SFFR,14.351458333333332,0.0,0.42000000000000004,SFFR,5.425,0.0,0.42000000000000004,Multi-Market,Idle,0.0,21.570000000000007,90.94,112.51,SSP,ISEM
2026-05-27 00:30:00,0.0,0.42000000000000004,SFFR,14.351458333333332,0.0,0.42000000000000004,SFFR,5.425,-2.1,2.3787496011486513,Multi-Market,Buy-SSP,-183.225,21.849999999999994,87.25,109.1,SSP,ISEM
2026-05-27 01:00:00,0.0,0.42000000000000004,SFFR,14.351458333333332,0.0,0.42000000000000004,SFFR,5.425,0.0,2.3787496011486513,Multi-Market,Idle,0.0,10.64,91.52,102.16,SSP,EPEX
2026-05-27 01:30:00,0.0,0.42000000000000004,SFFR,14.351458333333332,0.0,0.42000000000000004,SFFR,5.425,0.0,2.3787496011486513,Multi-Market,Idle,0.0,11.620000000000005,90.58,102.2,SSP,ISEM
2026-05-27 02:00:00,0.0,0.42000000000000004,SFFR,14.351458333333332,0.0,0.42000000000000004,SFFR,5.425,0.0,2.3787496011486513,Multi-Market,Idle,0.0,8.599999999999994,99.93,108.53,EPEX,SSP
2026-05-27 02:30:00,0.0,0.42000000000000004,SFFR,14.351458333333332,0.0,0.42000000000000004,SFFR,5.425,-0.07758785731592857,2.451118736658915,Multi-Market,Buy-SSP,-6.769540550814768,12.680000000000007,87.25,99.93,SSP,EPEX
2026-05-27 03:00:00,0.0,0.42000000000000004,SFFR,14.351458333333332,0.0,0.42000000000000004,SFFR,6.895,0.0,2.451118736658915,Multi-Market,Idle,0.0,32.370000000000005,97.63,130.0,ISEM,SSP
2026-05-27 03:30:00,0.0,0.42000000000000004,SFFR,14.351458333333332,0.0,0.42000000000000004,SFFR,6.895,0.0,2.451118736658915,Multi-Market,Idle,0.0,10.540000000000006,88.0,98.54,SSP,EPEX
2026-05-27 04:00:00,0.0,0.42000000000000004,SFFR,14.351458333333332,0.0,0.42000000000000004,SFFR,6.895,-2.1,4.409868337807566,Multi-Market,Buy-SSP,-182.91,17.180000000000007,87.1,104.28,SSP,DA_HH
2026-05-27 04:30:00,0.0,0.42000000000000004,SFFR,14.351458333333332,0.0,0.42000000000000004,SFFR,6.895,0.0,4.409868337807566,Multi-Market,Idle,0.0,31.510000000000005,98.39,129.9,EPEX,SSP
2026-05-27 05:00:00,0.0,0.42000000000000004,SFFR,14.351458333333332,0.0,0.42000000000000004,SFFR,6.895,0.0,4.409868337807566,Multi-Market,Idle,0.0,26.430000000000007,103.47,129.9,ISEM,SSP
2026-05-27 05:30:00,0.0,0.42000000000000004,SFFR,14.351458333333332,0.0,0.42000000000000004,SFFR,6.895,3.721501435864858,0.42000000000000004,Multi-Market,Sell-SSP,528.4532038928098,36.0,106.0,142.0,EPEX,SSP
2026-05-27 06:00:00,0.0,0.42000000000000004,SFFR,14.351458333333332,0.0,0.42000000000000004,SFFR,6.895,-0.0,0.42000000000000004,Multi-Market,Idle,-0.0,32.52000000000001,106.97,139.49,ISEM,SSP
2026-05-27 06:30:00,0.0,0.42000000000000004,SFFR,14.351458333333332,0.0,0.42000000000000004,SFFR,6.895,-0.0,0.42000000000000004,Multi-Market,Idle,-0.0,24.040000000000006,115.36,139.4,EPEX,SSP
2026-05-27 07:00:00,0.0,0.42000000000000004,SFFR,14.351458333333332,0.0,0.42000000000000004,SFFR,20.3,0.0,0.42000000000000004,Multi-Market,Idle,0.0,24.700000000000003,110.3,135.0,DA_HH,SSP
2026-05-27 07:30:00,0.0,0.42000000000000004,SFFR,14.351458333333332,0.0,0.42000000000000004,SFFR,20.3,0.0,0.42000000000000004,Multi-Market,Idle,0.0,35.5,87.1,122.6,SSP,EPEX
2026-05-27 08:00:00,0.0,0.42000000000000004,SFFR,14.351458333333332,0.0,0.42000000000000004,SFFR,20.3,0.0,0.42000000000000004,Multi-Market,Idle,0.0,33.74000000000001,87.1,120.84,SSP,EPEX
2026-05-27 08:30:00,0.0,0.42000000000000004,SFFR,14.351458333333332,0.0,0.42000000000000004,SFFR,20.3,0.0,0.42000000000000004,Multi-Market,Idle,0.0,33.74000000000001,87.1,120.84,SSP,EPEX
2026-05-27 09:00:00,0.0,0.42000000000000004,SFFR,14.351458333333332,0.0,0.42000000000000004,SFFR,20.3,0.0,0.42000000000000004,Multi-Market,Idle,0.0,24.340000000000003,87.1,111.44,SSP,EPEX
2026-05-27 09:30:00,0.0,0.42000000000000004,SFFR,14.351458333333332,0.0,0.42000000000000004,SFFR,20.3,0.0,0.42000000000000004,Multi-Market,Idle,0.0,25.939999999999998,85.5,111.44,SSP,EPEX
2026-05-27 10:00:00,0.0,0.42000000000000004,SFFR,14.351458333333332,0.0,0.42000000000000004,SFFR,20.3,0.0,0.42000000000000004,Multi-Market,Idle,0.0,17.33,85.67,103.0,SSP,ISEM
2026-05-27 10:30:00,0.0,0.42000000000000004,SFFR,14.351458333333332,0.0,0.42000000000000004,SFFR,20.3,0.0,0.42000000000000004,Multi-Market,Idle,0.0,36.0,99.0,135.0,DA_HH,SSP
2026-05-27 11:00:00,0.0,0.42000000000000004,SFFR,14.351458333333332,0.0,0.42000000000000004,SFFR,8.995,-2.1,2.3787496011486513,Multi-Market,Buy-SSP,-161.70000000000002,22.599999999999994,77.0,99.6,SSP,DA_HH
2026-05-27 11:30:00,0.0,0.42000000000000004,SFFR,14.351458333333332,0.0,0.42000000000000004,SFFR,8.995,1.8269999999999997,0.42000000000000004,Multi-Market,Sell-SSP,246.64499999999995,41.16,93.84,135.0,ISEM,SSP
2026-05-27 12:00:00,0.0,0.42000000000000004,SFFR,14.351458333333332,0.0,0.42000000000000004,SFFR,8.995,0.0,0.42000000000000004,Multi-Market,Idle,0.0,18.799999999999997,93.2,112.0,EPEX,SSP
2026-05-27 12:30:00,0.0,0.42000000000000004,SFFR,14.351458333333332,0.0,0.42000000000000004,SFFR,8.995,0.0,0.42000000000000004,Multi-Market,Idle,0.0,18.10000000000001,75.1,93.2,SSP,EPEX
2026-05-27 13:00:00,0.0,0.42000000000000004,SFFR,14.351458333333332,0.0,0.42000000000000004,SFFR,8.995,0.0,0.42000000000000004,Multi-Market,Idle,0.0,22.36,70.0,92.36,SSP,DA_HH
2026-05-27 13:30:00,0.0,0.42000000000000004,SFFR,14.351458333333332,0.0,0.42000000000000004,SFFR,8.995,0.0,0.42000000000000004,Multi-Market,Idle,0.0,22.560000000000002,70.0,92.56,SSP,ISEM
2026-05-27 14:00:00,0.0,0.42000000000000004,SFFR,14.351458333333332,0.0,0.42000000000000004,SFFR,8.995,-2.1,2.378749601148651,Multi-Market,Buy-SSP,-133.98,28.950000000000003,63.8,92.75,SSP,ISEM
2026-05-27 14:30:00,0.0,0.42000000000000004,SFFR,14.351458333333332,0.0,0.42000000000000004,SFFR,8.995,0.0,2.378749601148651,Multi-Market,Idle,0.0,27.299999999999997,64.5,91.8,SSP,DA_HH
2026-05-27 15:00:00,0.0,0.42000000000000004,SFFR,14.351458333333332,0.0,0.42000000000000004,SFFR,20.474999999999998,-1.8051707633737293,4.062500797702698,Multi-Market,Buy-SSP,-116.43351423760554,28.069999999999993,64.5,92.57,SSP,ISEM
2026-05-27 15:30:00,0.0,0.42000000000000004,SFFR,14.351458333333332,0.0,0.42000000000000004,SFFR,20.474999999999998,0.0,4.062500797702698,Multi-Market,Idle,0.0,27.349999999999994,64.5,91.85,SSP,DA_HH
2026-05-27 16:00:00,0.0,0.42000000000000004,SFFR,14.351458333333332,0.0,0.42000000000000004,SFFR,20.474999999999998,0.0,4.062500797702698,Multi-Market,Idle,0.0,28.0,65.0,93.0,SSP,EPEX
2026-05-27 16:30:00,0.0,0.42000000000000004,SFFR,14.351458333333332,0.0,0.42000000000000004,SFFR,20.474999999999998,-2.1,6.021250398851349,Multi-Market,Buy-SSP,-126.21000000000001,32.9,60.1,93.0,SSP,EPEX
2026-05-27 17:00:00,0.0,0.42000000000000004,SFFR,14.351458333333332,0.0,0.42000000000000004,SFFR,20.474999999999998,-2.1,7.9799999999999995,Multi-Market,Buy-SSP,-126.21000000000001,41.01,60.1,101.11,SSP,ISEM
2026-05-27 17:30:00,0.0,0.42000000000000004,SFFR,14.351458333333332,0.0,0.42000000000000004,SFFR,20.474999999999998,0.0,7.9799999999999995,Multi-Market,Idle,0.0,32.39,67.61,100.0,SSP,EPEX
2026-05-27 18:00:00,0.0,0.42000000000000004,SFFR,14.351458333333332,0.0,0.42000000000000004,SFFR,20.474999999999998,-0.0,7.9799999999999995,Multi-Market,Idle,-0.0,44.900000000000006,71.0,115.9,SSP,EPEX
2026-05-27 18:30:00,0.0,0.42000000000000004,SFFR,14.351458333333332,0.0,0.42000000000000004,SFFR,20.474999999999998,-0.0,7.9799999999999995,Multi-Market,Idle,-0.0,23.579999999999984,115.9,139.48,EPEX,SSP
2026-05-27 19:00:00,0.0,0.42000000000000004,SFFR,14.351458333333332,0.0,0.42000000000000004,SFFR,23.974999999999998,0.0,7.9799999999999995,Multi-Market,Idle,0.0,12.929999999999993,126.55,139.48,DA_HH,SSP
2026-05-27 19:30:00,0.0,0.42000000000000004,SFFR,14.351458333333332,0.0,0.42000000000000004,SFFR,23.974999999999998,3.3014985641351435,4.4404220056417305,Multi-Market,Sell-SSP,460.4930197255698,14.679999999999993,124.8,139.48,DA_HH,SSP
2026-05-27 20:00:00,0.0,0.42000000000000004,SFFR,14.351458333333332,0.0,0.42000000000000004,SFFR,23.974999999999998,0.0,4.4404220056417305,Multi-Market,Idle,0.0,13.079999999999984,126.4,139.48,DA_HH,SSP
2026-05-27 20:30:00,0.0,0.42000000000000004,SFFR,14.351458333333332,0.0,0.42000000000000004,SFFR,23.974999999999998,0.0,4.4404220056417305,Multi-Market,Idle,0.0,14.379999999999995,125.1,139.48,DA_HH,SSP
2026-05-27 21:00:00,0.0,0.42000000000000004,SFFR,14.351458333333332,0.0,0.42000000000000004,SFFR,23.974999999999998,0.0,4.4404220056417305,Multi-Market,Idle,0.0,21.439999999999984,110.01,131.45,SSP,ISEM
2026-05-27 21:30:00,0.0,0.42000000000000004,SFFR,14.351458333333332,0.0,0.42000000000000004,SFFR,23.974999999999998,3.75,0.42000000000000004,Multi-Market,Sell-SSP,558.3,26.310000000000002,122.57,148.88,EPEX,SSP
2026-05-27 22:00:00,0.0,0.42000000000000004,SFFR,14.351458333333332,0.0,0.42000000000000004,SFFR,23.974999999999998,-0.0,0.42000000000000004,Multi-Market,Idle,-0.0,13.700000000000003,110.7,124.4,EPEX,SSP
2026-05-27 22:30:00,0.0,0.42000000000000004,SFFR,14.351458333333332,0.0,0.42000000000000004,SFFR,23.974999999999998,-0.0,0.42000000000000004,Multi-Market,Idle,-0.0,14.11,107.79,121.9,DA_HH,SSP
2026-05-27 23:00:00,0.0,0.42000000000000004,SFFR,14.351458333333332,0.0,0.42000000000000004,SFFR,5.6000000000000005,0.0,0.42000000000000004,Multi-Market,Idle,0.0,19.17,94.02,113.19,SSP,EPEX
2026-05-27 23:30:00,0.0,0.42000000000000004,SFFR,14.351458333333332,0.0,0.42000000000000004,SFFR,5.6000000000000005,-0.0,0.42000000000000004,Multi-Market,Idle,-0.0,22.709999999999994,90.48,113.19,SSP,EPEX
2026-05-28 00:00:00,0.0,0.42000000000000004,SFFR,14.90125,0.0,0.42000000000000004,SFFR,5.6000000000000005,0.0,0.42000000000000004,Multi-Market,Idle,0.0,18.08,89.92,108.0,SSP,DA_HH
2026-05-28 00:30:00,0.0,0.42000000000000004,SFFR,14.90125,0.0,0.42000000000000004,SFFR,5.6000000000000005,0.0,0.42000000000000004,Multi-Market,Idle,0.0,16.569999999999993,89.92,106.49,SSP,EPEX
2026-05-28 01:00:00,0.0,0.42000000000000004,SFFR,14.90125,0.0,0.42000000000000004,SFFR,5.6000000000000005,0.0,0.42000000000000004,Multi-Market,Idle,0.0,2.8299999999999983,98.75,101.58,EPEX,SSP
2026-05-28 01:30:00,0.0,0.42000000000000004,SFFR,14.90125,0.0,0.42000000000000004,SFFR,5.6000000000000005,0.0,0.42000000000000004,Multi-Market,Idle,0.0,15.700000000000003,83.1,98.8,SSP,DA_HH
2026-05-28 02:00:00,0.0,0.42000000000000004,SFFR,14.90125,0.0,0.42000000000000004,SFFR,5.6000000000000005,0.0,0.42000000000000004,Multi-Market,Idle,0.0,20.450000000000003,81.6,102.05,SSP,DA_HH
2026-05-28 02:30:00,0.0,0.42000000000000004,SFFR,14.90125,0.0,0.42000000000000004,SFFR,5.6000000000000005,0.0,0.42000000000000004,Multi-Market,Idle,0.0,22.019999999999996,78.09,100.11,SSP,DA_HH
2026-05-28 03:00:00,0.0,0.42000000000000004,SFFR,14.90125,0.0,0.42000000000000004,SFFR,6.93,0.0,0.42000000000000004,Multi-Market,Idle,0.0,19.039999999999992,78.09,97.13,SSP,EPEX
2026-05-28 03:30:00,0.0,0.42000000000000004,SFFR,14.90125,0.0,0.42000000000000004,SFFR,6.93,0.0,0.42000000000000004,Multi-Market,Idle,0.0,18.929999999999993,78.2,97.13,SSP,EPEX
2026-05-28 04:00:00,0.0,0.42000000000000004,SFFR,14.90125,0.0,0.42000000000000004,SFFR,6.93,0.0,0.42000000000000004,Multi-Market,Idle,0.0,21.799999999999997,78.2,100.0,SSP,EPEX
2026-05-28 04:30:00,0.0,0.42000000000000004,SFFR,14.90125,0.0,0.42000000000000004,SFFR,6.93,0.0,0.42000000000000004,Multi-Market,Idle,0.0,21.799999999999997,78.2,100.0,SSP,EPEX
2026-05-28 05:00:00,0.0,0.42000000000000004,SFFR,14.90125,0.0,0.42000000000000004,SFFR,6.93,0.0,0.42000000000000004,Multi-Market,Idle,0.0,9.14,95.42,104.56,ISEM,SSP
2026-05-28 05:30:00,0.0,0.42000000000000004,SFFR,14.90125,0.0,0.42000000000000004,SFFR,6.93,0.0,0.42000000000000004,Multi-Market,Idle,0.0,6.960000000000008,96.58,103.54,ISEM,EPEX
2026-05-28 06:00:00,0.0,0.42000000000000004,SFFR,14.90125,0.0,0.42000000000000004,SFFR,6.93,0.0,0.42000000000000004,Multi-Market,Idle,0.0,13.200000000000003,98.3,111.5,SSP,EPEX
2026-05-28 06:30:00,0.0,0.42000000000000004,SFFR,14.90125,0.0,0.42000000000000004,SFFR,6.93,0.0,0.42000000000000004,Multi-Market,Idle,0.0,15.230000000000004,103.77,119.0,SSP,DA_HH
2026-05-28 07:00:00,0.0,0.42000000000000004,SFFR,14.90125,0.0,0.42000000000000004,SFFR,20.3,-0.0,0.42000000000000004,Multi-Market,Idle,-0.0,23.900000000000006,105.1,129.0,ISEM,SSP
2026-05-28 07:30:00,0.0,0.42000000000000004,SFFR,14.90125,0.0,0.42000000000000004,SFFR,20.3,-0.0,0.42000000000000004,Multi-Market,Idle,-0.0,36.290000000000006,78.91,115.2,SSP,EPEX
2026-05-28 08:00:00,0.0,0.42000000000000004,SFFR,14.90125,0.0,0.42000000000000004,SFFR,20.3,-0.0,0.42000000000000004,Multi-Market,Idle,-0.0,38.18000000000001,74.94,113.12,SSP,DA_HH
2026-05-28 08:30:00,0.0,0.42000000000000004,SFFR,14.90125,0.0,0.42000000000000004,SFFR,20.3,-0.0,0.42000000000000004,Multi-Market,Idle,-0.0,61.85,51.15,113.0,SSP,EPEX
2026-05-28 09:00:00,0.0,0.42000000000000004,SFFR,14.90125,0.0,0.42000000000000004,SFFR,20.3,-0.0,0.42000000000000004,Multi-Market,Idle,-0.0,56.4,51.1,107.5,SSP,DA_HH
2026-05-28 09:30:00,0.0,0.42000000000000004,SFFR,14.90125,0.0,0.42000000000000004,SFFR,20.3,-0.0,0.42000000000000004,Multi-Market,Idle,-0.0,53.71000000000001,50.83,104.54,SSP,EPEX
2026-05-28 10:00:00,0.0,0.42000000000000004,SFFR,14.90125,0.0,0.42000000000000004,SFFR,20.3,0.0,0.42000000000000004,Multi-Market,Idle,0.0,62.269999999999996,27.73,90.0,SSP,EPEX
2026-05-28 10:30:00,0.0,0.42000000000000004,SFFR,14.90125,0.0,0.42000000000000004,SFFR,20.3,0.0,0.42000000000000004,Multi-Market,Idle,0.0,80.0,10.0,90.0,SSP,EPEX
2026-05-28 11:00:00,0.0,0.42000000000000004,SFFR,14.90125,0.0,0.42000000000000004,SFFR,8.75,0.0,0.42000000000000004,Multi-Market,Idle,0.0,95.61,-14.06,81.55,SSP,EPEX
2026-05-28 11:30:00,0.0,0.42000000000000004,SFFR,14.90125,0.0,0.42000000000000004,SFFR,8.75,-0.2447586206896557,0.42000000000000004,Multi-Market,Buy-SSP,171.23407241379334,101.55,-20.0,81.55,SSP,EPEX
2026-05-28 12:00:00,0.0,0.42000000000000004,SFFR,14.90125,0.0,0.42000000000000004,SFFR,8.75,-2.1,2.378749601148651,Multi-Market,Buy-SSP,53.61300000000001,103.37,-25.53,77.84,SSP,EPEX
2026-05-28 12:30:00,0.0,0.42000000000000004,SFFR,14.90125,0.0,0.42000000000000004,SFFR,8.75,-2.1,4.337499202297302,Multi-Market,Buy-SSP,53.61300000000001,103.37,-25.53,77.84,SSP,EPEX
2026-05-28 13:00:00,0.0,0.42000000000000004,SFFR,14.90125,0.0,0.42000000000000004,SFFR,8.75,-1.8434985641351447,6.021250398851349,Multi-Market,Buy-SSP,77.77811199745872,105.51,-27.51,78.0,SSP,EPEX
2026-05-28 13:30:00,0.0,0.42000000000000004,SFFR,14.90125,0.0,0.42000000000000004,SFFR,8.75,-2.1,7.9799999999999995,Multi-Market,Buy-SSP,57.77100000000001,105.51,-27.51,78.0,SSP,EPEX
2026-05-28 14:00:00,0.0,0.42000000000000004,SFFR,14.90125,0.0,0.42000000000000004,SFFR,8.75,-0.2729999999999997,7.9799999999999995,Multi-Market,Buy-SSP,200.77218000000005,105.92,-26.58,79.34,SSP,EPEX
2026-05-28 14:30:00,0.0,0.42000000000000004,SFFR,14.90125,0.0,0.42000000000000004,SFFR,8.75,-0.27300000000000035,7.9799999999999995,Multi-Market,Buy-SSP,200.77218,105.92,-26.58,79.34,SSP,EPEX
2026-05-28 15:00:00,0.0,0.42000000000000004,SFFR,14.90125,0.0,0.42000000000000004,SFFR,21.0,-0.0,7.9799999999999995,Multi-Market,Idle,0.0,97.06,-14.06,83.0,SSP,EPEX
2026-05-28 15:30:00,0.0,0.42000000000000004,SFFR,14.90125,0.0,0.42000000000000004,SFFR,21.0,0.0,7.9799999999999995,Multi-Market,Idle,0.0,74.56,9.44,84.0,SSP,DA_HH
2026-05-28 16:00:00,0.0,0.42000000000000004,SFFR,14.90125,0.0,0.42000000000000004,SFFR,21.0,0.0,7.9799999999999995,Multi-Market,Idle,0.0,31.239999999999995,75.76,107.0,ISEM,SSP
2026-05-28 16:30:00,0.0,0.42000000000000004,SFFR,14.90125,0.0,0.42000000000000004,SFFR,21.0,0.0,7.9799999999999995,Multi-Market,Idle,0.0,14.5,79.5,94.0,SSP,EPEX
2026-05-28 17:00:00,0.0,0.42000000000000004,SFFR,14.90125,0.0,0.42000000000000004,SFFR,21.0,0.0,7.9799999999999995,Multi-Market,Idle,0.0,13.690000000000012,98.24,111.93,SSP,EPEX
2026-05-28 17:30:00,0.0,0.42000000000000004,SFFR,14.90125,0.0,0.42000000000000004,SFFR,21.0,0.0,7.9799999999999995,Multi-Market,Idle,0.0,18.260000000000005,93.74,112.0,SSP,DA_HH
2026-05-28 18:00:00,0.0,0.42000000000000004,SFFR,14.90125,0.0,0.42000000000000004,SFFR,21.0,-0.0,7.9799999999999995,Multi-Market,Idle,-0.0,21.289999999999992,101.51,122.8,SSP,EPEX
2026-05-28 18:30:00,0.0,0.42000000000000004,SFFR,14.90125,0.0,0.42000000000000004,SFFR,21.0,-0.0,7.9799999999999995,Multi-Market,Idle,-0.0,1.0499999999999972,122.8,123.85,EPEX,DA_HH
2026-05-28 19:00:00,0.0,0.42000000000000004,SFFR,14.90125,0.0,0.42000000000000004,SFFR,26.810000000000002,-0.0,7.9799999999999995,Multi-Market,Idle,-0.0,34.28,94.72,129.0,SSP,EPEX
2026-05-28 19:30:00,0.0,0.42000000000000004,SFFR,14.90125,0.0,0.42000000000000004,SFFR,26.810000000000002,-0.0,7.9799999999999995,Multi-Market,Idle,-0.0,16.480000000000004,112.52,129.0,SSP,EPEX
2026-05-28 20:00:00,0.0,0.42000000000000004,SFFR,14.90125,0.0,0.42000000000000004,SFFR,26.810000000000002,3.3014985641351435,4.4404220056417305,Multi-Market,Sell-ISEM,438.9342341017673,18.429999999999993,114.52,132.95,SSP,ISEM
2026-05-28 20:30:00,0.0,0.42000000000000004,SFFR,14.90125,0.0,0.42000000000000004,SFFR,26.810000000000002,0.0,4.4404220056417305,Multi-Market,Idle,0.0,7.570000000000007,123.23,130.8,SSP,ISEM
2026-05-28 21:00:00,0.0,0.42000000000000004,SFFR,14.90125,0.0,0.42000000000000004,SFFR,26.810000000000002,0.0,4.4404220056417305,Multi-Market,Idle,0.0,14.969999999999999,114.03,129.0,SSP,ISEM
2026-05-28 21:30:00,0.0,0.42000000000000004,SFFR,14.90125,0.0,0.42000000000000004,SFFR,26.810000000000002,3.75,0.42000000000000004,Multi-Market,Sell-SSP,505.875,10.700000000000003,124.2,134.9,DA_HH,SSP
2026-05-28 22:00:00,0.0,0.42000000000000004,SFFR,14.90125,0.0,0.42000000000000004,SFFR,26.810000000000002,-0.0,0.42000000000000004,Multi-Market,Idle,-0.0,16.720000000000013,111.77,128.49,EPEX,SSP
2026-05-28 22:30:00,0.0,0.42000000000000004,SFFR,14.90125,0.0,0.42000000000000004,SFFR,26.810000000000002,-0.0,0.42000000000000004,Multi-Market,Idle,-0.0,9.219999999999999,111.77,120.99,EPEX,ISEM
2026-05-28 23:00:00,0.0,0.42000000000000004,SFFR,14.90125,0.0,0.42000000000000004,SFFR,5.67,-0.0,0.42000000000000004,Multi-Market,Idle,-0.0,15.89,105.0,120.89,ISEM,SSP
2026-05-28 23:30:00,0.0,0.42000000000000004,SFFR,14.90125,0.0,0.42000000000000004,SFFR,5.67,-0.0,0.42000000000000004,Multi-Market,Idle,-0.0,9.370000000000005,101.71,111.08,SSP,ISEM
2026-05-29 00:00:00,0.0,0.42000000000000004,SFFR,14.333958333333333,0.0,0.42000000000000004,SFFR,5.67,0.0,0.42000000000000004,Multi-Market,Idle,0.0,18.97,101.92,120.89,EPEX,SSP
2026-05-29 00:30:00,0.0,0.42000000000000004,SFFR,14.333958333333333,0.0,0.42000000000000004,SFFR,5.67,0.0,0.42000000000000004,Multi-Market,Idle,0.0,11.129999999999995,101.92,113.05,EPEX,DA_HH
2026-05-29 01:00:00,0.0,0.42000000000000004,SFFR,14.333958333333333,0.0,0.42000000000000004,SFFR,5.67,0.0,0.42000000000000004,Multi-Market,Idle,0.0,27.14999999999999,99.7,126.85,EPEX,SSP
2026-05-29 01:30:00,0.0,0.42000000000000004,SFFR,14.333958333333333,0.0,0.42000000000000004,SFFR,5.67,0.0,0.42000000000000004,Multi-Market,Idle,0.0,27.14999999999999,99.7,126.85,EPEX,SSP
2026-05-29 02:00:00,0.0,0.42000000000000004,SFFR,14.333958333333333,0.0,0.42000000000000004,SFFR,5.67,0.0,0.42000000000000004,Multi-Market,Idle,0.0,30.429999999999993,96.42,126.85,EPEX,SSP
2026-05-29 02:30:00,0.0,0.42000000000000004,SFFR,14.333958333333333,0.0,0.42000000000000004,SFFR,5.67,-0.0,0.42000000000000004,Multi-Market,Idle,-0.0,33.58,96.42,130.0,EPEX,SSP
2026-05-29 03:00:00,0.0,0.42000000000000004,SFFR,14.333958333333333,0.0,0.42000000000000004,SFFR,6.93,-0.0,0.42000000000000004,Multi-Market,Idle,-0.0,33.8,95.2,129.0,EPEX,SSP
2026-05-29 03:30:00,0.0,0.42000000000000004,SFFR,14.333958333333333,0.0,0.42000000000000004,SFFR,6.93,-0.0,0.42000000000000004,Multi-Market,Idle,-0.0,31.64999999999999,95.2,126.85,EPEX,SSP
2026-05-29 04:00:00,0.0,0.42000000000000004,SFFR,14.333958333333333,0.0,0.42000000000000004,SFFR,6.93,0.0,0.42000000000000004,Multi-Market,Idle,0.0,28.36999999999999,97.43,125.8,EPEX,SSP
2026-05-29 04:30:00,0.0,0.42000000000000004,SFFR,14.333958333333333,0.0,0.42000000000000004,SFFR,6.93,0.0,0.42000000000000004,Multi-Market,Idle,0.0,12.599999999999994,97.43,110.03,EPEX,SSP
2026-05-29 05:00:00,0.0,0.42000000000000004,SFFR,14.333958333333333,0.0,0.42000000000000004,SFFR,6.93,0.0,0.42000000000000004,Multi-Market,Idle,0.0,23.72,101.48,125.2,EPEX,SSP
2026-05-29 05:30:00,0.0,0.42000000000000004,SFFR,14.333958333333333,0.0,0.42000000000000004,SFFR,6.93,-0.0,0.42000000000000004,Multi-Market,Idle,-0.0,25.36999999999999,101.48,126.85,EPEX,SSP
2026-05-29 06:00:00,0.0,0.42000000000000004,SFFR,14.333958333333333,0.0,0.42000000000000004,SFFR,6.93,0.0,0.41999999999999993,Multi-Market,Idle,0.0,34.41000000000001,80.96,115.37,SSP,EPEX
2026-05-29 06:30:00,0.0,0.42000000000000004,SFFR,14.333958333333333,0.0,0.42000000000000004,SFFR,6.93,0.0,0.41999999999999993,Multi-Market,Idle,0.0,31.510000000000005,87.57,119.08,SSP,ISEM
2026-05-29 07:00:00,0.0,0.42000000000000004,SFFR,14.333958333333333,0.0,0.42000000000000004,SFFR,20.3,0.0,0.41999999999999993,Multi-Market,Idle,0.0,40.44,78.0,118.44,SSP,ISEM
2026-05-29 07:30:00,0.0,0.42000000000000004,SFFR,14.333958333333333,0.0,0.42000000000000004,SFFR,20.3,0.0,0.41999999999999993,Multi-Market,Idle,0.0,41.8,78.2,120.0,SSP,DA_HH
2026-05-29 08:00:00,0.0,0.42000000000000004,SFFR,14.333958333333333,0.0,0.42000000000000004,SFFR,20.3,-0.0,0.42000000000000004,Multi-Market,Idle,-0.0,27.060000000000002,93.67,120.73,SSP,ISEM
2026-05-29 08:30:00,0.0,0.42000000000000004,SFFR,14.333958333333333,0.0,0.42000000000000004,SFFR,20.3,0.0,0.41999999999999993,Multi-Market,Idle,0.0,31.700000000000003,86.2,117.9,SSP,DA_HH
2026-05-29 09:00:00,0.0,0.42000000000000004,SFFR,14.333958333333333,0.0,0.42000000000000004,SFFR,20.3,-2.1,2.378749601148651,Multi-Market,Buy-SSP,-128.33100000000002,47.06,61.11,108.17,SSP,DA_HH
2026-05-29 09:30:00,0.0,0.42000000000000004,SFFR,14.333958333333333,0.0,0.42000000000000004,SFFR,20.3,1.8269999999999997,0.42000000000000004,Multi-Market,Sell-SSP,219.42269999999996,21.319999999999993,98.78,120.1,ISEM,SSP
2026-05-29 10:00:00,0.0,0.42000000000000004,SFFR,14.333958333333333,0.0,0.42000000000000004,SFFR,20.3,-0.0,0.42000000000000004,Multi-Market,Idle,-0.0,16.599999999999994,95.4,112.0,ISEM,SSP
2026-05-29 10:30:00,0.0,0.42000000000000004,SFFR,14.333958333333333,0.0,0.42000000000000004,SFFR,20.3,-0.0,0.42000000000000004,Multi-Market,Idle,-0.0,13.340000000000003,91.16,104.5,DA_HH,SSP
2026-05-29 11:00:00,0.0,0.42000000000000004,SFFR,14.333958333333333,0.0,0.42000000000000004,SFFR,8.75,-2.1,2.3787496011486513,Multi-Market,Buy-SSP,-111.867,33.63999999999999,53.27,86.91,SSP,EPEX
2026-05-29 11:30:00,0.0,0.42000000000000004,SFFR,14.333958333333333,0.0,0.42000000000000004,SFFR,8.75,0.0,2.3787496011486517,Multi-Market,Idle,0.0,27.049999999999997,59.86,86.91,SSP,EPEX
2026-05-29 12:00:00,0.0,0.42000000000000004,SFFR,14.333958333333333,0.0,0.42000000000000004,SFFR,8.75,-2.1,4.337499202297303,Multi-Market,Buy-SSP,-102.543,32.040000000000006,48.83,80.87,SSP,ISEM
2026-05-29 12:30:00,0.0,0.42000000000000004,SFFR,14.333958333333333,0.0,0.42000000000000004,SFFR,8.75,0.0,4.337499202297303,Multi-Market,Idle,0.0,8.900000000000006,71.32,80.22,SSP,EPEX
2026-05-29 13:00:00,0.0,0.42000000000000004,SFFR,14.333958333333333,0.0,0.42000000000000004,SFFR,8.75,0.0,4.337499202297303,Multi-Market,Idle,0.0,24.700000000000003,54.0,78.7,SSP,ISEM
2026-05-29 13:30:00,0.0,0.42000000000000004,SFFR,14.333958333333333,0.0,0.42000000000000004,SFFR,8.75,3.6539999999999995,0.4200000000000006,Multi-Market,Sell-SSP,356.26499999999993,27.67,69.83,97.5,DA_HH,SSP
2026-05-29 14:00:00,0.0,0.42000000000000004,SFFR,14.333958333333333,0.0,0.42000000000000004,SFFR,8.75,0.0,0.42000000000000004,Multi-Market,Idle,0.0,12.129999999999995,67.87,80.0,EPEX,ISEM
2026-05-29 14:30:00,0.0,0.42000000000000004,SFFR,14.333958333333333,0.0,0.42000000000000004,SFFR,8.75,-2.1,2.3787496011486513,Multi-Market,Buy-SSP,-9.954,72.85000000000001,4.74,77.59,SSP,ISEM
2026-05-29 15:00:00,0.0,0.42000000000000004,SFFR,14.333958333333333,0.0,0.42000000000000004,SFFR,20.474999999999998,-2.1,4.337499202297303,Multi-Market,Buy-SSP,-2.1,81.81,1.0,82.81,SSP,ISEM
2026-05-29 15:30:00,0.0,0.42000000000000004,SFFR,14.333958333333333,0.0,0.42000000000000004,SFFR,20.474999999999998,-2.0324985641351416,6.22387966793569,Multi-Market,Buy-SSP,-45.2267363672479,71.91,24.64,96.55,SSP,DA_HH
2026-05-29 16:00:00,0.0,0.42000000000000004,SFFR,14.333958333333333,0.0,0.42000000000000004,SFFR,20.474999999999998,-1.882758620689657,7.9799999999999995,Multi-Market,Buy-SSP,-99.78620689655182,36.599999999999994,53.0,89.6,SSP,DA_HH
2026-05-29 16:30:00,0.0,0.42000000000000004,SFFR,14.333958333333333,0.0,0.42000000000000004,SFFR,20.474999999999998,0.0,7.9799999999999995,Multi-Market,Idle,0.0,5.6299999999999955,87.65,93.28,EPEX,ISEM
2026-05-29 17:00:00,0.0,0.42000000000000004,SFFR,14.333958333333333,0.0,0.42000000000000004,SFFR,20.474999999999998,-0.0,7.9799999999999995,Multi-Market,Idle,-0.0,19.03,89.77,108.8,SSP,EPEX
2026-05-29 17:30:00,0.0,0.42000000000000004,SFFR,14.333958333333333,0.0,0.42000000000000004,SFFR,20.474999999999998,-0.0,7.9799999999999995,Multi-Market,Idle,-0.0,13.039999999999992,95.76,108.8,SSP,EPEX
2026-05-29 18:00:00,0.0,0.42000000000000004,SFFR,14.333958333333333,0.0,0.42000000000000004,SFFR,20.474999999999998,-0.0,7.9799999999999995,Multi-Market,Idle,-0.0,16.700000000000003,101.3,118.0,SSP,EPEX
2026-05-29 18:30:00,0.0,0.42000000000000004,SFFR,14.333958333333333,0.0,0.42000000000000004,SFFR,20.474999999999998,-0.0,7.9799999999999995,Multi-Market,Idle,-0.0,6.040000000000006,113.96,120.0,SSP,ISEM
2026-05-29 19:00:00,0.0,0.42000000000000004,SFFR,14.333958333333333,0.0,0.42000000000000004,SFFR,23.939999999999998,-0.0,7.9799999999999995,Multi-Market,Idle,-0.0,9.189999999999998,120.0,129.19,DA_HH,EPEX
2026-05-29 19:30:00,0.0,0.42000000000000004,SFFR,14.333958333333333,0.0,0.42000000000000004,SFFR,23.939999999999998,0.0,7.9799999999999995,Multi-Market,Idle,0.0,38.5,91.5,130.0,SSP,ISEM
2026-05-29 20:00:00,0.0,0.42000000000000004,SFFR,14.333958333333333,0.0,0.42000000000000004,SFFR,23.939999999999998,3.3014985641351435,4.4404220056417305,Multi-Market,Sell-SSP,491.92328605613636,20.539999999999992,128.46,149.0,DA_HH,SSP
2026-05-29 20:30:00,0.0,0.42000000000000004,SFFR,14.333958333333333,0.0,0.42000000000000004,SFFR,23.939999999999998,3.75,0.42000000000000004,Multi-Market,Sell-SSP,558.75,23.14,125.86,149.0,DA_HH,SSP
2026-05-29 21:00:00,0.0,0.42000000000000004,SFFR,14.333958333333333,0.0,0.42000000000000004,SFFR,23.939999999999998,-0.0,0.42000000000000004,Multi-Market,Idle,-0.0,7.339999999999989,125.08,132.42,DA_HH,ISEM
2026-05-29 21:30:00,0.0,0.42000000000000004,SFFR,14.333958333333333,0.0,0.42000000000000004,SFFR,23.939999999999998,-0.0,0.42000000000000004,Multi-Market,Idle,-0.0,3.4799999999999898,128.02,131.5,SSP,ISEM
2026-05-29 22:00:00,0.0,0.42000000000000004,SFFR,14.333958333333333,0.0,0.42000000000000004,SFFR,23.939999999999998,0.0,0.42000000000000004,Multi-Market,Idle,0.0,7.799999999999997,117.2,125.0,SSP,ISEM
2026-05-29 22:30:00,0.0,0.42000000000000004,SFFR,14.333958333333333,0.0,0.42000000000000004,SFFR,23.939999999999998,-0.0,0.42000000000000004,Multi-Market,Idle,-0.0,13.610000000000014,116.16,129.77,SSP,ISEM
2026-05-29 23:00:00,0.0,0.42000000000000004,SFFR,14.333958333333333,0.0,0.42000000000000004,SFFR,5.425,-0.0,0.42000000000000004,Multi-Market,Idle,-0.0,10.399999999999991,114.2,124.6,ISEM,SSP
2026-05-29 23:30:00,0.0,0.42000000000000004,SFFR,14.333958333333333,0.0,0.42000000000000004,SFFR,5.425,-0.0,0.42000000000000004,Multi-Market,Idle,-0.0,7.220000000000013,110.96,118.18,SSP,DA_HH
2026-05-30 00:00:00,0.0,0.42000000000000004,SFFR,14.157499999999999,0.0,0.42000000000000004,SFFR,5.425,0.0,0.42000000000000004,Multi-Market,Idle,0.0,2.0600000000000023,109.94,112.0,SSP,DA_HH
2026-05-30 00:30:00,0.0,0.42000000000000004,SFFR,14.157499999999999,0.0,0.42000000000000004,SFFR,5.425,0.0,0.42000000000000004,Multi-Market,Idle,0.0,8.459999999999994,107.54,116.0,SSP,DA_HH
2026-05-30 01:00:00,0.0,0.42000000000000004,SFFR,14.157499999999999,0.0,0.42000000000000004,SFFR,5.425,-2.1,2.3787496011486513,Multi-Market,Buy-SSP,7.602,115.14,-3.62,111.52,SSP,DA_HH
2026-05-30 01:30:00,0.0,0.42000000000000004,SFFR,14.157499999999999,0.0,0.42000000000000004,SFFR,5.425,0.0,2.3787496011486513,Multi-Market,Idle,0.0,7.549999999999997,107.47,115.02,SSP,DA_HH
2026-05-30 02:00:00,0.0,0.42000000000000004,SFFR,14.157499999999999,0.0,0.42000000000000004,SFFR,5.425,0.0,2.3787496011486513,Multi-Market,Idle,0.0,14.61999999999999,96.4,111.02,SSP,DA_HH
2026-05-30 02:30:00,0.0,0.42000000000000004,SFFR,14.157499999999999,0.0,0.42000000000000004,SFFR,5.425,0.0,2.3787496011486513,Multi-Market,Idle,0.0,12.02000000000001,106.6,118.62,DA_HH,SSP
2026-05-30 03:00:00,0.0,0.42000000000000004,SFFR,14.157499999999999,0.0,0.42000000000000004,SFFR,5.984999999999999,0.0,2.3787496011486513,Multi-Market,Idle,0.0,5.3999999999999915,104.9,110.3,EPEX,DA_HH
2026-05-30 03:30:00,0.0,0.42000000000000004,SFFR,14.157499999999999,0.0,0.42000000000000004,SFFR,5.984999999999999,0.0675014358648578,2.3063804656383877,Multi-Market,Sell-SSP,8.977690970026087,28.099999999999994,104.9,133.0,EPEX,SSP
2026-05-30 04:00:00,0.0,0.42000000000000004,SFFR,14.157499999999999,0.0,0.42000000000000004,SFFR,5.984999999999999,0.0,2.3063804656383877,Multi-Market,Idle,0.0,10.900000000000006,99.0,109.9,SSP,DA_HH
2026-05-30 04:30:00,0.0,0.42000000000000004,SFFR,14.157499999999999,0.0,0.42000000000000004,SFFR,5.984999999999999,0.0,2.3063804656383877,Multi-Market,Idle,0.0,26.939999999999998,106.06,133.0,EPEX,SSP
2026-05-30 05:00:00,0.0,0.42000000000000004,SFFR,14.157499999999999,0.0,0.42000000000000004,SFFR,5.984999999999999,0.0,2.3063804656383877,Multi-Market,Idle,0.0,29.989999999999995,103.01,133.0,EPEX,SSP
2026-05-30 05:30:00,0.0,0.42000000000000004,SFFR,14.157499999999999,0.0,0.42000000000000004,SFFR,5.984999999999999,0.0,2.3063804656383877,Multi-Market,Idle,0.0,17.760000000000005,90.5,108.26,SSP,ISEM
2026-05-30 06:00:00,0.0,0.42000000000000004,SFFR,14.157499999999999,0.0,0.42000000000000004,SFFR,5.984999999999999,0.0,2.3063804656383877,Multi-Market,Idle,0.0,32.0,101.0,133.0,EPEX,SSP
2026-05-30 06:30:00,0.0,0.42000000000000004,SFFR,14.157499999999999,0.0,0.42000000000000004,SFFR,5.984999999999999,0.0,2.3063804656383877,Multi-Market,Idle,0.0,32.0,101.0,133.0,EPEX,SSP
2026-05-30 07:00:00,0.0,0.42000000000000004,SFFR,14.157499999999999,0.0,0.42000000000000004,SFFR,20.3,0.0,2.3063804656383877,Multi-Market,Idle,0.0,31.0,102.0,133.0,DA_HH,SSP
2026-05-30 07:30:00,0.0,0.42000000000000004,SFFR,14.157499999999999,0.0,0.42000000000000004,SFFR,20.3,0.0,2.3063804656383877,Multi-Market,Idle,0.0,31.86,101.14,133.0,ISEM,SSP
2026-05-30 08:00:00,0.0,0.42000000000000004,SFFR,14.157499999999999,0.0,0.42000000000000004,SFFR,20.3,-2.1,4.265130066787039,Multi-Market,Buy-SSP,-174.279,25.53,82.99,108.52,SSP,EPEX
2026-05-30 08:30:00,0.0,0.42000000000000004,SFFR,14.157499999999999,0.0,0.42000000000000004,SFFR,20.3,-2.1,6.22387966793569,Multi-Market,Buy-SSP,-174.51,25.42,83.1,108.52,SSP,EPEX
2026-05-30 09:00:00,0.0,0.42000000000000004,SFFR,14.157499999999999,0.0,0.42000000000000004,SFFR,20.3,0.0,6.22387966793569,Multi-Market,Idle,0.0,20.11,87.0,107.11,SSP,EPEX
2026-05-30 09:30:00,0.0,0.42000000000000004,SFFR,14.157499999999999,0.0,0.42000000000000004,SFFR,20.3,0.0,6.22387966793569,Multi-Market,Idle,0.0,17.97,89.14,107.11,ISEM,EPEX
2026-05-30 10:00:00,0.0,0.42000000000000004,SFFR,14.157499999999999,0.0,0.42000000000000004,SFFR,20.3,0.0,6.22387966793569,Multi-Market,Idle,0.0,12.840000000000003,99.77,112.61,ISEM,SSP
2026-05-30 10:30:00,0.0,0.42000000000000004,SFFR,14.157499999999999,0.0,0.42000000000000004,SFFR,20.3,0.0,6.22387966793569,Multi-Market,Idle,0.0,14.150000000000006,94.72,108.87,ISEM,SSP
2026-05-30 11:00:00,0.0,0.42000000000000004,SFFR,14.157499999999999,0.0,0.42000000000000004,SFFR,8.75,0.0,6.22387966793569,Multi-Market,Idle,0.0,3.8200000000000074,94.16,97.98,SSP,DA_HH
2026-05-30 11:30:00,0.0,0.42000000000000004,SFFR,14.157499999999999,0.0,0.42000000000000004,SFFR,8.75,0.0,6.22387966793569,Multi-Market,Idle,0.0,28.790000000000006,91.21,120.0,ISEM,SSP
2026-05-30 12:00:00,0.0,0.42000000000000004,SFFR,14.157499999999999,0.0,0.42000000000000004,SFFR,8.75,0.0,6.22387966793569,Multi-Market,Idle,0.0,29.689999999999998,90.31,120.0,ISEM,SSP
2026-05-30 12:30:00,0.0,0.42000000000000004,SFFR,14.157499999999999,0.0,0.42000000000000004,SFFR,8.75,0.0,6.22387966793569,Multi-Market,Idle,0.0,17.620000000000005,88.94,106.56,ISEM,SSP
2026-05-30 13:00:00,0.0,0.42000000000000004,SFFR,14.157499999999999,0.0,0.42000000000000004,SFFR,8.75,0.0,6.22387966793569,Multi-Market,Idle,0.0,7.489999999999995,89.25,96.74,EPEX,SSP
2026-05-30 13:30:00,0.0,0.42000000000000004,SFFR,14.157499999999999,0.0,0.42000000000000004,SFFR,8.75,0.0,6.22387966793569,Multi-Market,Idle,0.0,5.269999999999996,87.0,92.27,SSP,DA_HH
2026-05-30 14:00:00,0.0,0.42000000000000004,SFFR,14.157499999999999,0.0,0.42000000000000004,SFFR,8.75,-1.882758620689657,7.9799999999999995,Multi-Market,Buy-ISEM,-162.33144827586221,33.61,86.22,119.83,ISEM,SSP
2026-05-30 14:30:00,0.0,0.42000000000000004,SFFR,14.157499999999999,0.0,0.42000000000000004,SFFR,8.75,0.0,7.9799999999999995,Multi-Market,Idle,0.0,37.59,87.45,125.04,ISEM,SSP
2026-05-30 15:00:00,0.0,0.42000000000000004,SFFR,14.157499999999999,0.0,0.42000000000000004,SFFR,21.0,1.65,5.91832759550692,Multi-Market,Buy-EPEX,332.06550000000004,49.58000000000001,88.57,138.15,EPEX,SSP
2026-05-30 15:30:00,0.0,0.42000000000000004,SFFR,14.157499999999999,0.0,0.42000000000000004,SFFR,21.0,1.65,3.8566551910138402,Multi-Market,Buy-EPEX,388.953,64.75,88.57,153.32,EPEX,SSP
2026-05-30 16:00:00,0.0,0.42000000000000004,SFFR,14.157499999999999,0.0,0.42000000000000004,SFFR,21.0,0.0,3.8566551910138402,Multi-Market,Idle,0.0,37.859999999999985,95.53,133.39,EPEX,SSP
2026-05-30 16:30:00,0.0,0.42000000000000004,SFFR,14.157499999999999,0.0,0.42000000000000004,SFFR,21.0,3.2054985641351434,0.42000000000000004,Multi-Market,Sell-SSP,436.52479446392385,40.650000000000006,95.53,136.18,EPEX,SSP
2026-05-30 17:00:00,0.0,0.42000000000000004,SFFR,14.157499999999999,0.0,0.42000000000000004,SFFR,21.0,0.0,0.42000000000000004,Multi-Market,Idle,0.0,19.989999999999995,90.01,110.0,SSP,EPEX
2026-05-30 17:30:00,0.0,0.42000000000000004,SFFR,14.157499999999999,0.0,0.42000000000000004,SFFR,21.0,-2.1,2.3787496011486513,Multi-Market,Buy-SSP,-142.8,42.0,68.0,110.0,SSP,EPEX
2026-05-30 18:00:00,0.0,0.42000000000000004,SFFR,14.157499999999999,0.0,0.42000000000000004,SFFR,21.0,0.0,2.3787496011486513,Multi-Market,Idle,0.0,12.940000000000012,114.46,127.4,DA_HH,EPEX
2026-05-30 18:30:00,0.0,0.42000000000000004,SFFR,14.157499999999999,0.0,0.42000000000000004,SFFR,21.0,0.0,2.3787496011486513,Multi-Market,Idle,0.0,26.99000000000001,100.41,127.4,SSP,EPEX
2026-05-30 19:00:00,0.0,0.42000000000000004,SFFR,14.157499999999999,0.0,0.42000000000000004,SFFR,23.485,0.0,2.3787496011486513,Multi-Market,Idle,0.0,10.379999999999995,120.69,131.07,SSP,EPEX
2026-05-30 19:30:00,0.0,0.42000000000000004,SFFR,14.157499999999999,0.0,0.42000000000000004,SFFR,23.485,0.0,2.3787496011486513,Multi-Market,Idle,0.0,9.769999999999996,121.3,131.07,SSP,EPEX
2026-05-30 20:00:00,0.0,0.42000000000000004,SFFR,14.157499999999999,0.0,0.42000000000000004,SFFR,23.485,0.0,2.3787496011486513,Multi-Market,Idle,0.0,30.599999999999994,99.4,130.0,SSP,ISEM
2026-05-30 20:30:00,0.0,0.42000000000000004,SFFR,14.157499999999999,0.0,0.42000000000000004,SFFR,23.485,0.0,2.3787496011486513,Multi-Market,Idle,0.0,3.6399999999999864,128.58,132.22,DA_HH,SSP
2026-05-30 21:00:00,0.0,0.42000000000000004,SFFR,14.157499999999999,0.0,0.42000000000000004,SFFR,23.485,1.8270000000000002,0.42000000000000004,Multi-Market,Sell-SSP,246.24306,7.480000000000004,127.3,134.78,EPEX,SSP
2026-05-30 21:30:00,0.0,0.42000000000000004,SFFR,14.157499999999999,0.0,0.42000000000000004,SFFR,23.485,0.0,0.42000000000000004,Multi-Market,Idle,0.0,14.89,115.67,130.56,SSP,DA_HH
2026-05-30 22:00:00,0.0,0.42000000000000004,SFFR,14.157499999999999,0.0,0.42000000000000004,SFFR,23.485,-0.0,0.42000000000000004,Multi-Market,Idle,-0.0,13.949999999999989,117.09,131.04,EPEX,SSP
2026-05-30 22:30:00,0.0,0.42000000000000004,SFFR,14.157499999999999,0.0,0.42000000000000004,SFFR,23.485,-0.0,0.42000000000000004,Multi-Market,Idle,-0.0,3.519999999999996,116.48,120.0,SSP,DA_HH
2026-05-30 23:00:00,0.0,0.42000000000000004,SFFR,14.157499999999999,0.0,0.42000000000000004,SFFR,5.425,0.0,0.42000000000000004,Multi-Market,Idle,0.0,25.239999999999995,90.43,115.67,SSP,EPEX
2026-05-30 23:30:00,0.0,0.42000000000000004,SFFR,14.157499999999999,0.0,0.42000000000000004,SFFR,5.425,-0.0,0.42000000000000004,Multi-Market,Idle,-0.0,28.560000000000002,87.11,115.67,SSP,EPEX
2026-05-31 00:00:00,0.0,0.42000000000000004,SFFR,12.839166666666666,0.0,0.42000000000000004,SFFR,5.425,0.0,0.42000000000000004,Multi-Market,Idle,0.0,21.769999999999996,90.26,112.03,SSP,EPEX
2026-05-31 00:30:00,0.0,0.42000000000000004,SFFR,12.839166666666666,0.0,0.42000000000000004,SFFR,5.425,0.0,0.42000000000000004,Multi-Market,Idle,0.0,13.950000000000003,98.08,112.03,ISEM,EPEX
2026-05-31 01:00:00,0.0,0.42000000000000004,SFFR,12.839166666666666,0.0,0.42000000000000004,SFFR,5.425,0.0,0.42000000000000004,Multi-Market,Idle,0.0,14.009999999999991,94.59,108.6,SSP,EPEX
2026-05-31 01:30:00,0.0,0.42000000000000004,SFFR,12.839166666666666,0.0,0.42000000000000004,SFFR,5.425,0.0,0.42000000000000004,Multi-Market,Idle,0.0,11.379999999999995,97.22,108.6,ISEM,EPEX
2026-05-31 02:00:00,0.0,0.42000000000000004,SFFR,12.839166666666666,0.0,0.42000000000000004,SFFR,5.425,0.0,0.42000000000000004,Multi-Market,Idle,0.0,6.8799999999999955,99.12,106.0,ISEM,EPEX
2026-05-31 02:30:00,0.0,0.42000000000000004,SFFR,12.839166666666666,0.0,0.42000000000000004,SFFR,5.425,0.0,0.42000000000000004,Multi-Market,Idle,0.0,9.75,96.25,106.0,ISEM,EPEX
2026-05-31 03:00:00,0.0,0.42000000000000004,SFFR,12.839166666666666,0.0,0.42000000000000004,SFFR,5.915,0.0,0.42000000000000004,Multi-Market,Idle,0.0,8.509999999999991,97.2,105.71,ISEM,EPEX
2026-05-31 03:30:00,0.0,0.42000000000000004,SFFR,12.839166666666666,0.0,0.42000000000000004,SFFR,5.915,0.0,0.42000000000000004,Multi-Market,Idle,0.0,8.929999999999993,96.78,105.71,DA_HH,EPEX
2026-05-31 04:00:00,0.0,0.42000000000000004,SFFR,12.839166666666666,0.0,0.42000000000000004,SFFR,5.915,0.0,0.42000000000000004,Multi-Market,Idle,0.0,9.349999999999994,96.89,106.24,ISEM,EPEX
2026-05-31 04:30:00,0.0,0.42000000000000004,SFFR,12.839166666666666,0.0,0.42000000000000004,SFFR,5.915,0.0,0.42000000000000004,Multi-Market,Idle,0.0,8.659999999999997,97.58,106.24,ISEM,EPEX
2026-05-31 05:00:00,0.0,0.42000000000000004,SFFR,12.839166666666666,0.0,0.42000000000000004,SFFR,5.915,0.0,0.42000000000000004,Multi-Market,Idle,0.0,9.040000000000006,95.63,104.67,DA_HH,SSP
2026-05-31 05:30:00,0.0,0.42000000000000004,SFFR,12.839166666666666,0.0,0.42000000000000004,SFFR,5.915,0.0,0.42000000000000004,Multi-Market,Idle,0.0,8.790000000000006,93.07,101.86,DA_HH,SSP
2026-05-31 06:00:00,0.0,0.42000000000000004,SFFR,12.839166666666666,0.0,0.42000000000000004,SFFR,5.915,0.0,0.42000000000000004,Multi-Market,Idle,0.0,12.719999999999999,92.62,105.34,EPEX,ISEM
2026-05-31 06:30:00,0.0,0.42000000000000004,SFFR,12.839166666666666,0.0,0.42000000000000004,SFFR,5.915,0.0,0.42000000000000004,Multi-Market,Idle,0.0,11.379999999999995,92.62,104.0,EPEX,ISEM
2026-05-31 07:00:00,0.0,0.42000000000000004,SFFR,12.839166666666666,0.0,0.42000000000000004,SFFR,16.275000000000002,0.0,0.42000000000000004,Multi-Market,Idle,0.0,26.349999999999994,85.0,111.35,SSP,ISEM
2026-05-31 07:30:00,0.0,0.42000000000000004,SFFR,12.839166666666666,0.0,0.42000000000000004,SFFR,16.275000000000002,0.0,0.42000000000000004,Multi-Market,Idle,0.0,19.939999999999998,92.06,112.0,EPEX,ISEM
2026-05-31 08:00:00,0.0,0.42000000000000004,SFFR,12.839166666666666,0.0,0.42000000000000004,SFFR,16.275000000000002,-0.11034482758620674,0.5229228033444282,Multi-Market,Buy-SSP,-9.379310344827573,20.0,85.0,105.0,SSP,ISEM
2026-05-31 08:30:00,0.0,0.42000000000000004,SFFR,12.839166666666666,0.0,0.42000000000000004,SFFR,16.275000000000002,-2.1,2.481672404493079,Multi-Market,Buy-SSP,-161.70000000000002,26.58,77.0,103.58,SSP,ISEM
2026-05-31 09:00:00,0.0,0.42000000000000004,SFFR,12.839166666666666,0.0,0.42000000000000004,SFFR,16.275000000000002,-2.1,4.4404220056417305,Multi-Market,Buy-SSP,-161.70000000000002,30.290000000000006,77.0,107.29,SSP,ISEM
2026-05-31 09:30:00,0.0,0.42000000000000004,SFFR,12.839166666666666,0.0,0.42000000000000004,SFFR,16.275000000000002,0.0,4.4404220056417305,Multi-Market,Idle,0.0,16.92,87.3,104.22,SSP,ISEM
2026-05-31 10:00:00,0.0,0.42000000000000004,SFFR,12.839166666666666,0.0,0.42000000000000004,SFFR,16.275000000000002,0.0,4.4404220056417305,Multi-Market,Idle,0.0,19.39,86.6,105.99,SSP,EPEX
2026-05-31 10:30:00,0.0,0.42000000000000004,SFFR,12.839166666666666,0.0,0.42000000000000004,SFFR,16.275000000000002,3.75,0.42000000000000004,Multi-Market,Sell-SSP,464.8125,30.33,93.62,123.95,DA_HH,SSP
2026-05-31 11:00:00,0.0,0.42000000000000004,SFFR,12.839166666666666,0.0,0.42000000000000004,SFFR,7.945,0.0,0.42000000000000004,Multi-Market,Idle,0.0,31.849999999999994,77.0,108.85,SSP,EPEX
2026-05-31 11:30:00,0.0,0.42000000000000004,SFFR,12.839166666666666,0.0,0.42000000000000004,SFFR,7.945,0.0,0.42000000000000004,Multi-Market,Idle,0.0,29.44999999999999,79.4,108.85,SSP,EPEX
2026-05-31 12:00:00,0.0,0.42000000000000004,SFFR,12.839166666666666,0.0,0.42000000000000004,SFFR,7.945,0.0,0.42000000000000004,Multi-Market,Idle,0.0,30.299999999999997,77.68,107.98,SSP,EPEX
2026-05-31 12:30:00,0.0,0.42000000000000004,SFFR,12.839166666666666,0.0,0.42000000000000004,SFFR,7.945,0.0,0.42000000000000004,Multi-Market,Idle,0.0,30.980000000000004,77.0,107.98,SSP,EPEX
2026-05-31 13:00:00,0.0,0.42000000000000004,SFFR,12.839166666666666,0.0,0.42000000000000004,SFFR,7.945,0.0,0.42000000000000004,Multi-Market,Idle,0.0,22.730000000000004,77.0,99.73,SSP,EPEX
2026-05-31 13:30:00,0.0,0.42000000000000004,SFFR,12.839166666666666,0.0,0.42000000000000004,SFFR,7.945,-1.8051707633737288,2.1037511965540463,Multi-Market,Buy-SSP,-133.58263648965593,25.730000000000004,74.0,99.73,SSP,EPEX
2026-05-31 14:00:00,0.0,0.42000000000000004,SFFR,12.839166666666666,0.0,0.42000000000000004,SFFR,7.945,-2.1,4.062500797702698,Multi-Market,Buy-SSP,-138.6,30.0,66.0,96.0,SSP,EPEX
2026-05-31 14:30:00,0.0,0.42000000000000004,SFFR,12.839166666666666,0.0,0.42000000000000004,SFFR,7.945,-2.1,6.021250398851349,Multi-Market,Buy-SSP,-126.0,36.0,60.0,96.0,SSP,EPEX
2026-05-31 15:00:00,0.0,0.42000000000000004,SFFR,12.839166666666666,0.0,0.42000000000000004,SFFR,17.675,-2.1,7.9799999999999995,Multi-Market,Buy-SSP,-153.42600000000002,25.439999999999998,73.06,98.5,SSP,EPEX
2026-05-31 15:30:00,0.0,0.42000000000000004,SFFR,12.839166666666666,0.0,0.42000000000000004,SFFR,17.675,0.0,7.9799999999999995,Multi-Market,Idle,0.0,19.700000000000003,78.8,98.5,SSP,EPEX
2026-05-31 16:00:00,0.0,0.42000000000000004,SFFR,12.839166666666666,0.0,0.42000000000000004,SFFR,17.675,0.0,7.9799999999999995,Multi-Market,Idle,0.0,20.989999999999995,82.0,102.99,SSP,EPEX
2026-05-31 16:30:00,0.0,0.42000000000000004,SFFR,12.839166666666666,0.0,0.42000000000000004,SFFR,17.675,-0.2687415938648643,7.9799999999999995,Multi-Market,Buy-ISEM,38.585091149905224,35.5,94.0,129.5,ISEM,SSP
2026-05-31 17:00:00,0.0,0.42000000000000004,SFFR,12.839166666666666,0.0,0.42000000000000004,SFFR,17.675,-0.0,7.9799999999999995,Multi-Market,Idle,-0.0,29.319999999999993,101.68,131.0,DA_HH,SSP
2026-05-31 17:30:00,0.0,0.42000000000000004,SFFR,12.839166666666666,0.0,0.42000000000000004,SFFR,17.675,0.0,7.9799999999999995,Multi-Market,Idle,0.0,33.709999999999994,97.29,131.0,ISEM,SSP
2026-05-31 18:00:00,0.0,0.42000000000000004,SFFR,12.839166666666666,0.0,0.42000000000000004,SFFR,17.675,0.0,7.9799999999999995,Multi-Market,Idle,0.0,32.41000000000001,111.08,143.49,DA_HH,SSP
2026-05-31 18:30:00,0.0,0.42000000000000004,SFFR,12.839166666666666,0.0,0.42000000000000004,SFFR,17.675,3.75,3.959577994358269,Multi-Market,Sell-SSP,580.875,33.0,121.9,154.9,EPEX,SSP
2026-05-31 19:00:00,0.0,0.42000000000000004,SFFR,12.839166666666666,0.0,0.42000000000000004,SFFR,23.8,0.0,3.959577994358269,Multi-Market,Idle,0.0,16.41000000000001,127.08,143.49,ISEM,SSP
2026-05-31 19:30:00,0.0,0.42000000000000004,SFFR,12.839166666666666,0.0,0.42000000000000004,SFFR,23.8,0.0,3.959577994358269,Multi-Market,Idle,0.0,15.030000000000001,129.97,145.0,EPEX,SSP
2026-05-31 20:00:00,0.0,0.42000000000000004,SFFR,12.839166666666666,0.0,0.42000000000000004,SFFR,23.8,0.0,3.959577994358269,Multi-Market,Idle,0.0,15.219999999999999,128.27,143.49,DA_HH,SSP
2026-05-31 20:30:00,0.0,0.42000000000000004,SFFR,12.839166666666666,0.0,0.42000000000000004,SFFR,23.8,3.3014985641351435,0.42000000000000004,Multi-Market,Sell-SSP,511.40212758453373,25.0,129.9,154.9,DA_HH,SSP
2026-05-31 21:00:00,0.0,0.42000000000000004,SFFR,12.839166666666666,0.0,0.42000000000000004,SFFR,23.8,-0.0,0.42000000000000004,Multi-Market,Idle,-0.0,13.409999999999997,130.59,144.0,EPEX,SSP
2026-05-31 21:30:00,0.0,0.42000000000000004,SFFR,12.839166666666666,0.0,0.42000000000000004,SFFR,23.8,0.0,0.42000000000000004,Multi-Market,Idle,0.0,12.900000000000006,130.59,143.49,EPEX,SSP
2026-05-31 22:00:00,0.0,0.42000000000000004,SFFR,12.839166666666666,0.0,0.42000000000000004,SFFR,23.8,0.0,0.42000000000000004,Multi-Market,Idle,0.0,24.260000000000005,119.23,143.49,EPEX,SSP
2026-05-31 22:30:00,0.0,0.42000000000000004,SFFR,12.839166666666666,0.0,0.42000000000000004,SFFR,23.8,0.0,0.42000000000000004,Multi-Market,Idle,0.0,24.260000000000005,119.23,143.49,EPEX,SSP
2026-05-31 23:00:00,0.0,0.42000000000000004,SFFR,12.839166666666666,0.0,0.42000000000000004,SFFR,5.425,-0.0,0.42000000000000004,Multi-Market,Idle,-0.0,29.810000000000002,113.68,143.49,EPEX,SSP
2026-05-31 23:30:00,0.0,0.42000000000000004,SFFR,12.839166666666666,0.0,0.42000000000000004,SFFR,5.425,-0.0,0.42000000000000004,Multi-Market,Idle,-0.0,15.61999999999999,103.68,119.3,SSP,DA_HH
